symbol,mfr,fp
CYRX,0.2757619930603237,none
CYRX,0.14271449961795923,down
CYRX,-0.032694090714845636,down
CYRX,0.024251011969496528,down
CYRX,0.3027329752098151,up
CYRX,0.022914182089257107,down
CYRX,0.10566039908691982,none
CYRX,0.03262642781226743,down
CYRX,0.28118537969316537,up
CYRX,0.2543860010388743,none
CYRX,0.3115501375262073,up
CYRX,0.1618144424898893,none
OUT,0.011582873995097165,down
OUT,0.20628639441178342,up
OUT,0.07117893707801093,none
OUT,0.08990145859960985,down
OUT,0.20097365336897188,up
OUT,0.1795312890766112,down
OUT,0.19855685994874173,up
OUT,0.07722013571509301,none
OUT,0.03400007620759937,down
OUT,0.15432501932316312,up
OUT,0.5608482918263238,up
OUT,0.036540842391219464,down
LH,0.10570149409460927,up
LH,0.12101345400410857,up
LH,0.13634874432417243,up
LH,0.11514687509889798,none
LH,0.11734500494774958,up
LH,0.13439450957021992,up
LH,0.08619881319962852,none
LH,0.0856747945182641,down
LH,0.016460970010462983,none
LH,0.0563444195206797,down
LH,0.05612888647278247,down
LH,0.050913624928488055,down
ELBM,-0.028776929829037567,down
ELBM,0.3590604579908867,up
ELBM,0.30316744901884873,none
ELBM,0.057894724183685575,none
ELBM,0.3571428337501401,up
ELBM,0.06065573706418004,down
ELBM,0.33689839231292606,none
ELBM,0.04054050135560283,none
ELBM,0.7243903008122878,down
ELBM,0.048387050256521125,none
ELBM,0.3965517439825208,up
ELBM,0.05511815236486828,none
TDS-PU,0.10370604320455579,up
TDS-PU,0.0052624725489718305,down
TDS-PU,0.19418668112329485,up
TDS-PU,0.06643534328646772,down
TDS-PU,0.0655355512695015,none
TDS-PU,0.04207582787767339,down
TDS-PU,0.05007711216344157,down
TDS-PU,0.12280426536833011,up
TDS-PU,0.08521712334758624,up
TDS-PU,0.04089220227560797,up
TDS-PU,0.0714638800251659,none
TDS-PU,0.15352941931456443,up
BIOA,0.5577341737856341,up
BIOA,1.9090909090909092,up
BIOA,0.16173122089759007,none
BIOA,0.8927444339416593,up
BIOA,1.6666666666666665,up
BIOA,0.08974360933749082,none
BIOA,0.019108312496595836,none
BIOA,0.8828125470511936,up
BIOA,0.8143461596499171,up
BIOA,0.016949136104436047,down
BIOA,0.25384608895115757,none
BIOA,0.015384547668098714,down
LOPE,0.12787284917658592,up
LOPE,0.09247760789439652,up
LOPE,0.040783901586152194,down
LOPE,0.28081820840152427,up
LOPE,0.010081228653145313,down
LOPE,0.016338277968463544,down
LOPE,0.06360404788303864,none
LOPE,0.2840026421338264,up
LOPE,0.24457178093866871,up
LOPE,0.24947694223021455,up
LOPE,0.2565777771514852,up
LOPE,0.01149522980657669,none
GDS,0.4459689745136486,up
GDS,0.19080785447779647,down
GDS,0.3112503977200609,none
GDS,0.3633260704557906,up
GDS,0.4572163412499628,up
GDS,0.2657777574327258,none
GDS,0.2524976998346098,up
GDS,0.48662151591045943,up
GDS,0.0763765221310877,down
GDS,0.45868191242018086,none
GDS,0.20669295403627652,up
GDS,1.0831674297802665,up
BCAT,0.0037199822760858314,down
BCAT,0.0648619747022039,up
BCAT,0.03168767969702735,none
BCAT,0.014799370292642777,down
BCAT,0.0779889994339753,up
BCAT,0.01230795290586828,down
BCAT,0.12977924420871267,up
BCAT,0.03299244679033886,none
BCAT,0.08142655237518714,up
BCAT,0.014547618023643683,none
BCAT,0.10020196923671776,up
BCAT,0.06753484954587541,up
CCNE,0.41123945065671585,up
CCNE,0.03430469137275827,none
CCNE,0.09868907859004539,none
CCNE,0.02265558498145226,none
CCNE,0.1156616436611757,up
CCNE,0.25816150819639305,up
CCNE,0.047991123419377946,none
CCNE,0.057306636763448715,none
CCNE,0.12989976426188954,up
CCNE,0.030540197765440036,none
CCNE,0.39802304345554007,up
CCNE,0.10856926495479091,none
ICHR,0.15028858611082074,none
ICHR,0.011088707028496403,down
ICHR,0.019073550895804203,down
ICHR,0.026951233238544203,down
ICHR,0.07343530830658529,down
ICHR,0.015265280889072752,none
ICHR,0.016129038421897057,down
ICHR,0.07042829638028758,down
ICHR,1.5393257211517608,up
ICHR,0.062041855616507435,none
ICHR,1.0396174801983928,up
ICHR,0.11168968842931104,none
SEAL-PB,0.03016874253591184,down
SEAL-PB,0.05315114168477142,up
SEAL-PB,0.02812269698741754,none
SEAL-PB,0.026798009439809478,down
SEAL-PB,0.030010420840892005,down
SEAL-PB,0.030919510821254992,none
SEAL-PB,0.021628301897872237,down
SEAL-PB,0.024341028533283904,none
SEAL-PB,0.017397085884474306,none
SEAL-PB,0.045901194878779306,up
SEAL-PB,0.0320409607010379,none
SEAL-PB,0.06384682404270858,up
BHF,0.08714824083145145,down
BHF,0.11787818900063174,none
BHF,0.0016054392215498758,down
BHF,0.011151014067083631,down
BHF,0.11217233408779737,none
BHF,0.09481610184244649,down
BHF,0.04683845950039589,down
BHF,0.33472109751474544,up
BHF,0.06792641725838089,none
BHF,0.33611170043681815,up
BHF,0.4354036603593592,up
BHF,0.07217789839954802,down
NSC,0.0709912368017993,none
NSC,0.05703034685518449,none
NSC,0.05529850629316657,down
NSC,0.14716481172070361,up
NSC,0.04421870096797598,none
NSC,0.04066349594324592,down
NSC,0.2374503085032127,up
NSC,0.0977886615000152,up
NSC,0.09552616232637146,none
NSC,0.1618273714403906,up
NSC,0.051982888693917984,down
NSC,0.04582593933293655,down
CPK,0.07956935167089751,none
CPK,0.09744283324383796,none
CPK,0.04320251570526579,none
CPK,0.04914130083987289,none
CPK,0.1236100391138375,up
CPK,0.1000169881460451,none
CPK,0.0853384672295654,none
CPK,0.0390856280035865,none
CPK,0.19004157256395704,up
CPK,0.008847617123953544,none
CPK,0.014464239102901733,none
CPK,0.11967242837658687,up
ARDC,0.019509563024023846,down
ARDC,0.0015144888913427579,down
ARDC,0.16065834676639246,up
ARDC,0.03800948287749595,none
ARDC,0.040468670149522046,none
ARDC,0.031101713960298927,none
ARDC,0.014920528796743993,none
ARDC,0.0340243784514922,none
ARDC,0.1400205374171657,up
ARDC,0.03017824750426845,down
ARDC,0.07265293254943872,up
ARDC,0.035954584855963256,none
BML-PH,0.06326362067436442,up
BML-PH,0.06873898603827011,up
BML-PH,0.021211137260573443,none
BML-PH,0.014703484096615815,none
BML-PH,0.017313047899604417,none
BML-PH,0.06179115610292585,none
BML-PH,0.004005294919114277,down
BML-PH,0.06319025502957176,up
BML-PH,0.0010320413027034014,none
BML-PH,0.0720858684712451,up
BML-PH,0.0,down
BML-PH,0.03071739453676048,up
CNH,0.10108025421197508,none
CNH,0.13156007153628502,up
CNH,0.26734706675971465,up
CNH,-0.014762954912553305,down
CNH,0.045983878950054846,down
CNH,0.02471155260900626,down
CNH,0.07404397841697041,down
CNH,0.3180660993037767,up
CNH,0.0238645735149845,down
CNH,-0.014964275238114833,down
CNH,0.0024227717105347324,down
CNH,0.0245281850186454,down
KOD,1.4760233455005816,up
KOD,0.17216118143828418,down
KOD,0.063549127490931,down
KOD,1.2374429074611513,up
KOD,1.3076923923379602,up
KOD,1.1465799009405728,up
KOD,0.15704156116584023,down
KOD,0.0,down
KOD,1.0851065081781632,up
KOD,0.36051547650209415,up
KOD,1.140127250217633,up
KOD,0.3489582764191783,down
BTDPY,0.1422763765427335,up
BTDPY,0.16766480776084447,up
BTDPY,0.06544303248103422,down
BTDPY,0.1678005245087395,none
BTDPY,0.13153138095876837,up
BTDPY,0.20329683951869693,up
BTDPY,0.03238490694296425,none
BTDPY,0.40694448633933344,up
BTDPY,0.21827414193233197,up
BTDPY,0.21468723013449909,up
BTDPY,0.18685566020565325,up
BTDPY,0.027397232252803327,down
DFIN,0.03156565626158225,down
DFIN,0.08902643371821006,down
DFIN,0.07243348608102451,none
DFIN,0.10194486780146095,none
DFIN,0.1463770631883965,up
DFIN,0.047798780525255546,down
DFIN,0.15763375257167755,up
DFIN,0.37819331442427706,up
DFIN,0.2645537468874293,up
DFIN,0.005277247958727527,down
DFIN,0.153182743376304,up
DFIN,0.0920336123710197,none
RLFTF,0.17499995231628418,down
RLFTF,0.39999993642171217,none
RLFTF,0.17647055523618382,none
RLFTF,0.11428574153355187,down
RLFTF,0.08391609032863334,none
RLFTF,0.3999999999999999,none
RLFTF,0.197044384731486,none
RLFTF,0.12994351500110857,down
RLFTF,0.16606933839042792,down
RLFTF,0.370748344004592,none
RLFTF,0.39372827857126946,up
RLFTF,-0.047244050142243865,down
FULO,0.06896562880994739,up
FULO,0.12637350650720736,down
FULO,0.16252554775395822,down
FULO,0.3804715430999812,down
FULO,0.7222223530074785,down
FULO,0.19047608344034828,up
FULO,0.6944445193373188,up
FULO,0.413793100060728,down
FULO,0.3846155149598074,up
FULO,0.33333304413687803,up
FULO,0.2500000903361843,down
FULO,-0.03142871599276753,down
ETON,0.07041379567902495,none
ETON,0.6359223199841302,up
ETON,0.565597603802964,up
ETON,0.3079268290466812,up
ETON,0.06282722872536994,down
ETON,0.023489910333813313,down
ETON,0.4281914625477068,up
ETON,0.13810734311524286,none
ETON,0.0981912469452233,none
ETON,0.009104695203380198,down
ETON,0.9829350888752022,down
ETON,0.2464985693215389,none
AGNPF,1.9180822085448246,up
AGNPF,0.13392854957100098,up
AGNPF,0.09649124182932711,none
AGNPF,0.024251833017181257,down
AGNPF,0.08875812972986052,down
AGNPF,0.04384130751722504,down
AGNPF,0.0,down
AGNPF,0.48735434051328186,up
AGNPF,0.8317199840474365,up
AGNPF,0.0036254225632785797,down
AGNPF,0.06307582268349154,down
AGNPF,1.4784988803091292,up
CBIH,1.0,none
CBIH,2.6153845533882905,up
CBIH,0.0,down
CBIH,0.3809524126300208,none
CBIH,2.9166664241347577,up
CBIH,0.2727272342428686,none
CBIH,0.12500000909494724,none
CBIH,0.16666656965390314,down
CBIH,0.2727272342428686,none
CBIH,2.6153845533882905,up
CBIH,1.857143094725155,up
CBIH,0.705882308630847,none
RGNX,0.0999139393100048,none
RGNX,0.08341324812989614,down
RGNX,0.2208883756831137,none
RGNX,0.13542603412939624,down
RGNX,0.07446362741594137,none
RGNX,0.24109591546526565,down
RGNX,0.20820902947408837,down
RGNX,0.1528301723829244,down
RGNX,0.14334177997042885,down
RGNX,0.028442118473719136,down
RGNX,0.0610421620606485,down
RGNX,0.08693437101373114,down
CMGMF,0.14845369192889413,up
KTEL,0.09890106723095893,none
KTEL,0.42168671237936084,up
KTEL,0.04347832396711104,down
KTEL,0.09428569409312004,none
KTEL,0.21875001164153196,none
KTEL,2.643750108266252,up
KTEL,0.929411693757795,up
KTEL,0.0077519152997962415,down
KTEL,0.34013604780178874,none
KTEL,1.269938644698272,up
KTEL,0.5151514549448057,none
KTEL,0.7098445947891798,up
ATRO,0.06096930381819865,down
ATRO,0.22067206570624798,up
ATRO,0.38267569987040906,down
ATRO,0.3527001908276852,up
ATRO,0.07896131338290124,none
ATRO,0.09097579249639098,down
ATRO,0.168539400553809,up
ATRO,0.1705251893387978,up
ATRO,0.3282130402822465,up
ATRO,0.09133267538481848,none
ATRO,0.09119744429581478,down
ATRO,0.47949420135365073,up
CNEY,0.06172839506172845,down
CNEY,0.6704544875740033,down
CNEY,0.2407407407407407,down
CNEY,1.2131147540983607,up
CNEY,0.026881720430107503,down
CNEY,0.054905968294571394,down
CNEY,0.3088235294117647,none
CNEY,1.109375,up
CNEY,0.03076923076923066,down
CNEY,0.510204081632653,down
CNEY,0.11570247933884303,none
CNEY,0.9642857484975638,down
FGCO,0.7071427970820545,down
FGCO,1.4999999627470975,up
FGCO,0.21999994039535764,up
FGCO,0.39999998509883894,down
FGCO,0.7500000465661298,up
FGCO,0.24999998137354873,up
FGCO,0.2797202083078034,up
FGCO,1.941176439651569,up
FGCO,1.941176439651569,up
FGCO,0.4076923464882318,up
FGCO,0.6867470593320275,up
FGCO,0.9752065611906644,down
HGV,0.15992373191008458,none
HGV,0.20176512276329595,up
HGV,0.1226088907503744,none
HGV,0.079593241769915,none
HGV,0.03651032049286762,none
HGV,0.1642461419629504,up
HGV,0.10286423138275613,none
HGV,0.1676442061905492,up
HGV,0.157262294925137,up
HGV,0.10216976604007932,none
HGV,0.22744352911518395,up
HGV,0.062214499334481754,none
PRT,0.05018365066529884,none
PRT,0.015508041066631062,down
PRT,0.04312369042672137,down
PRT,0.008333316449499861,none
PRT,0.18870731692012965,up
PRT,0.03521112291328521,none
PRT,0.03414675769707709,down
PRT,0.1237620800236856,none
PRT,0.02250560985244432,none
PRT,0.05577062598271554,none
PRT,0.08048790429901165,none
PRT,0.020382368423166763,none
NODK,0.028409063970008086,down
NODK,-0.009330727441782094,down
NODK,0.07988667863379373,down
NODK,0.16998462802650094,up
NODK,0.013465665391969361,none
NODK,0.025282775861087625,none
NODK,0.06307689960186291,none
NODK,0.106515643555112,up
NODK,0.06692916490042933,none
NODK,0.13449365214322828,none
NODK,0.15273317012009469,none
NODK,0.017391287521814514,down
FISK,0.13084110399422788,up
FISK,0.016877219023178958,down
FISK,0.2705168119075616,up
FISK,0.06367952140666855,up
FISK,0.2514971349645039,up
FISK,0.3474360143043773,up
FISK,0.1964482754186765,up
FISK,0.1549298820062459,both
FISK,0.027645405546658397,down
FISK,0.11833578757707386,up
FISK,0.08399981399619283,down
FISK,0.12158061886327087,up
NIMUD,0.7225435182969098,up
NIMUD,0.46551737556657313,down
NIMUD,0.30769236788478116,none
NIMUD,0.46551737556657313,down
NIMUD,0.30769236788478116,none
NIMUD,0.4750002145767893,none
NIMUD,0.2686567433278608,none
NIMUD,0.46551737556657313,down
NIMUD,0.46551737556657313,down
NIMUD,0.2142857532112037,none
NIMUD,0.12676062644148134,up
NIMUD,0.22650235577693123,none
MSGM,1.6156156869977818,up
MSGM,0.32352937464070664,down
MSGM,0.3944223160550786,none
MSGM,0.410071984401593,up
MSGM,0.19568455540269003,down
MSGM,0.20661156373421008,none
MSGM,0.2852459467472943,none
MSGM,0.4234234437415392,up
MSGM,0.5283843049359103,up
MSGM,0.211956505401373,down
MSGM,-0.006711402952518042,down
MSGM,11.757731582472548,up
TH,0.1685309660400911,none
TH,0.10423453139747463,down
TH,0.303904924011666,none
TH,0.11278193332185449,up
TH,0.2893322779239762,up
TH,0.22281171268904165,up
TH,0.06134255924894627,down
TH,0.08565864425014214,none
TH,0.05281286293138021,down
TH,0.40506332246486654,up
TH,0.004778397081474983,down
TH,0.09868427450637163,none
NMKBP,0.023960041317718117,down
NMKBP,0.012250412981860137,down
NMKBP,0.09616770793059315,up
NMKBP,0.05368359703280334,none
NMKBP,0.16334000293229867,up
NMKBP,0.11275775550724387,up
NMKBP,0.018980916148251037,none
NMKBP,0.3737669009546214,up
NMKBP,0.08768918384131097,up
NMKBP,0.08211176917655583,down
NMKBP,0.006115642141464317,none
NMKBP,0.048295579962023494,none
ASCBF,0.056910513949037345,up
ASCBF,0.002688148152452552,none
ASCBF,0.10027600405368609,up
ASCBF,0.017552676634683406,up
ASCBF,0.014381554567725052,up
ASCBF,0.10275237416791905,up
ASCBF,0.052208785351179454,up
ASCBF,0.018980976627262836,up
ASCBF,0.05116280844045229,up
ASCBF,0.05410446914725764,up
ASCBF,0.07264578002949462,up
ASCBF,0.010506175154899156,up
GDSRF,0.17800018378120241,down
GDSRF,0.08814363738975461,up
GDSRF,0.9607843503911702,down
GDSRF,0.17800018378120241,down
GDSRF,0.0,down
GDSRF,0.9607843503911702,down
GDSRF,0.08814363738975461,up
GDSRF,1.173913004042296,down
GDSRF,1.0,up
GDSRF,1.031281723234073,down
GDSRF,1.173913004042296,down
GDSRF,0.2238964132629313,up
BBXIA,-0.0008333062642550404,down
BBXIA,0.0006442831773574298,down
BBXIA,0.049837485223341194,up
BBXIA,9.098602538060163e-09,down
BBXIA,0.0,down
BBXIA,0.17576557778426194,up
BBXIA,2.7460727691774878e-08,down
BBXIA,0.007133567884508141,down
BBXIA,2.228603301901444e-09,down
BBXIA,0.24453848105229992,up
BBXIA,0.15357141516372153,up
BBXIA,0.4530091953084465,up
TACT,0.13532760852511472,none
TACT,0.09887642159093035,none
TACT,0.07466061493436693,none
TACT,0.2592592592592593,none
TACT,0.2437416851914862,up
TACT,0.21739133616171347,up
TACT,0.03555552164713549,down
TACT,0.058695649244384196,down
TACT,0.24634152496946204,up
TACT,0.1837837994577589,none
TACT,0.02745098503647614,down
TACT,0.32166663805643725,none
BGSF,0.09073182616194098,none
BGSF,0.3822894032779618,up
BGSF,0.045189451779920065,none
BGSF,0.05248991093203248,down
BGSF,0.071556325353066,none
BGSF,0.9395465403154366,up
BGSF,0.1553398934708723,none
BGSF,0.016987526455087387,down
BGSF,0.02676865396114758,down
BGSF,0.03763069193045432,none
BGSF,0.020000061848217454,none
BGSF,0.1756100668219056,down
TTEC,0.11406841797041434,down
TTEC,0.0236072637647049,down
TTEC,0.07062146968756933,down
TTEC,0.15463929146706046,none
TTEC,0.10844686717696961,none
TTEC,0.09935698540399995,none
TTEC,0.03075540877618721,down
TTEC,0.15762508956631116,none
TTEC,0.07258063947579707,none
TTEC,0.08724513587843696,down
TTEC,0.19052046324194372,none
TTEC,0.3238770400429356,up
RVSB,0.19402993745744967,up
RVSB,0.044709651943712236,none
RVSB,0.05298023214368719,none
RVSB,0.11111141719105988,down
RVSB,0.005229629610703945,down
RVSB,0.03119270383116368,none
RVSB,0.08494215068073552,none
RVSB,0.06170577893598783,none
RVSB,0.004629543263440006,down
RVSB,0.01858114502839836,none
RVSB,0.038112403653771,down
RVSB,0.09549557388246122,none
LTCN,0.8284739524742435,up
LTCN,0.6010781660765967,up
LTCN,1.9888711209979224,up
LTCN,-0.014409208041508248,down
LTCN,0.16612728002222155,down
LTCN,0.09536079243451168,down
LTCN,0.605405400180747,up
LTCN,0.12370068068752982,down
LTCN,0.4091615326869409,down
LTCN,0.5666666030883789,up
LTCN,0.5959183713189267,up
LTCN,0.6786570436279691,up
SACH,0.08623557190005737,down
SACH,0.0966176194017514,none
SACH,0.11881192727563494,none
SACH,0.3407572728505739,up
SACH,0.050148500566349785,none
SACH,0.15094359464014562,none
SACH,0.07747565807304513,down
SACH,0.18097274180424727,up
SACH,0.4257380179793675,up
SACH,0.1127599257360179,none
SACH,0.0023810489535813772,none
SACH,0.2235772292124354,down
THMG,0.2842105568611064,none
THMG,0.452631560785288,down
THMG,0.5827338206620576,up
THMG,1.4390243592182852,up
THMG,0.22222216703273845,none
THMG,1.0,up
THMG,0.44736845975024675,down
THMG,2.2857142477011188,up
THMG,0.35294113227535084,down
THMG,0.6704545531514263,up
THMG,0.5517241414747114,down
THMG,0.18918916741977942,down
TDACU,0.015779077119802087,none
TDACU,0.035748779895845795,up
TDACU,0.00990093307113904,up
TDACU,0.02211972328656575,up
TDACU,0.013779561557613063,none
TDACU,0.022552172710708085,up
TDACU,0.02111762217199331,up
TDACU,0.015779077119802087,up
TDACU,0.011845990543279061,none
TDACU,0.01911930325414768,up
TDACU,0.015779077119802087,none
TDACU,0.041788173641387205,up
BKT,0.025619767812643968,none
BKT,0.011294226712361022,down
BKT,0.09698768240856337,up
BKT,0.0739263879877825,up
BKT,-1.7003807728510623e-07,down
BKT,0.02538173289466883,down
BKT,0.013477189428536152,none
BKT,0.00416711989723173,down
BKT,0.01822235999486388,none
BKT,0.02785425189208146,none
BKT,0.016963131382673025,none
BKT,0.01554799064769763,none
EVTL,0.3321168184902832,down
EVTL,0.14285705302911045,down
EVTL,0.7245146156379907,up
EVTL,0.9066390056271532,down
EVTL,0.8478804710361687,down
EVTL,0.5987499952316284,up
EVTL,0.06493506654355596,down
EVTL,2.853011904497907,up
EVTL,0.17808217746407462,down
EVTL,0.8400460924317874,up
EVTL,0.6248336356473714,up
EVTL,0.07949789325758627,down
FMS,0.2222222409312007,up
FMS,0.02744276414280744,down
FMS,0.1867135692026538,up
FMS,0.10128523470107287,up
FMS,0.07918332868020994,none
FMS,-0.010215632648070017,down
FMS,0.3783101956558095,up
FMS,0.01732242775181092,down
FMS,0.11097030253144746,up
FMS,0.09449512424038198,up
FMS,0.0898455482314564,up
FMS,0.21550003997460165,up
NIPG,0.3437058571522609,up
NIPG,0.04011465807122194,down
NIPG,0.17647060499674772,none
NIPG,0.17812065072780636,none
NIPG,0.0658605964515393,down
NIPG,0.052631610968667086,down
NIPG,0.4969696661438605,none
NIPG,0.16778523203557105,down
NIPG,0.14117648554783235,none
NIPG,0.04460433118349072,down
NIPG,0.09352517985611519,down
NIPG,0.0430107806217479,down
OMTK,0.39999998509883894,up
OMTK,0.16666669771075315,none
OMTK,0.39999998509883894,up
OMTK,0.0,down
OMTK,0.0,none
OMTK,0.0,down
OMTK,0.11111108351636934,down
OMTK,0.0,none
OMTK,0.0,none
OMTK,0.11111108351636934,down
OMTK,0.25000004656612984,none
OMTK,0.3750000232830648,none
LPRO,0.05786023382095662,down
LPRO,0.06598978382454623,down
LPRO,0.014888322495247408,down
LPRO,0.2581818320534446,up
LPRO,0.07710100072566006,down
LPRO,0.8571428030796868,up
LPRO,0.4934876878020773,up
LPRO,0.0459491100039624,down
LPRO,0.7104136062247586,up
LPRO,0.01895744182953618,down
LPRO,0.17370885712661077,down
LPRO,0.057283125529369316,down
BR,0.14490046544473878,up
BR,0.006004406393362416,down
BR,0.02895242377221119,down
BR,0.09780411875604056,up
BR,0.07714898853298902,none
BR,0.057685361125910495,none
BR,0.045841089453170225,none
BR,0.02142543758335913,none
BR,0.0629570027801416,none
BR,0.031315381883672666,none
BR,0.05844393955491012,none
BR,0.02376170985248649,down
FMTOF,0.08333333333333326,down
FMTOF,0.0,down
FMTOF,0.044871794871794934,down
FMTOF,0.1755173273497881,down
FMTOF,0.504950495049505,none
FMTOF,0.45833333333333326,none
FMTOF,2.615894039735099,up
FMTOF,0.1428570849323192,down
FMTOF,0.042342342342342354,down
FMTOF,-0.03703703703703709,down
FMTOF,0.17288557213930345,up
FMTOF,0.055882298080155435,down
CBSH,0.06525717781951035,none
CBSH,0.0264658648857532,none
CBSH,0.04457779137949869,none
CBSH,0.11544191627546829,up
CBSH,0.029534662209528717,down
CBSH,0.041461938656374375,none
CBSH,0.04734384183407592,none
CBSH,0.027505797341893512,none
CBSH,0.012532114119334414,down
CBSH,0.01305716230910936,none
CBSH,0.015433599917859864,none
CBSH,0.04964104442197126,none
ACTG,0.06582278160116006,none
ACTG,0.33157894901951934,up
ACTG,0.12204009184457298,none
ACTG,0.3571428339729277,up
ACTG,0.024509781005518594,none
ACTG,0.04960837101965465,none
ACTG,0.026845719916934296,none
ACTG,0.1572053010966421,none
ACTG,0.16499996185302734,none
ACTG,0.12215911053613704,none
ACTG,0.15021465858867655,up
ACTG,0.13098230195478622,up
OCEA,0.24064167236735678,none
OCEA,0.19587621897639784,down
OCEA,3.0,down
OCEA,0.43423419181774947,none
OCEA,0.43691375992584147,none
OCEA,0.1169724166117374,none
OCEA,0.49624056039478526,up
OCEA,0.12307699361496671,none
OCEA,1.030612192532884,up
OCEA,0.7324841127051662,up
OCEA,1.0567374912151846,down
OCEA,11.019749636587337,up
COF-PK,0.04230767721285411,none
COF-PK,0.0021808498667210685,down
COF-PK,0.04276676687252068,down
COF-PK,0.016205891816631013,down
COF-PK,0.12051799614465186,up
COF-PK,0.06842110887450303,up
COF-PK,0.008220653899590369,down
COF-PK,0.07132433984006825,up
COF-PK,0.00888375363969729,down
COF-PK,0.0059035824791986435,down
COF-PK,0.016192842964799725,down
COF-PK,0.009244207047449882,none
MDBH,0.34140194615932073,up
MDBH,0.29756095858998877,up
MDBH,0.019077438280159065,down
MDBH,0.3033176003428708,down
MDBH,0.45118734969878727,up
MDBH,0.08882515069556729,down
MDBH,0.24123827995855152,down
MDBH,0.123829404429872,none
MDBH,0.3184079351774769,none
MDBH,0.24269003075739026,down
MDBH,0.24999997290698017,down
MDBH,0.0027696762093039062,down
FMHS,1.1868750941799973,none
FMHS,0.3400000333786011,down
FMHS,-0.06220693469970018,down
FMHS,0.48500001430511475,down
FMHS,0.40103155231955157,none
FMHS,0.9323670854228852,up
FMHS,0.0,down
FMHS,4.821963480874044,up
FMHS,0.724999995343387,up
FMHS,0.16317429725981536,down
FMHS,0.3799999448657043,up
FMHS,8.284584940079515,up
ABLV,0.06470581882965365,down
ABLV,0.21923084329571507,none
ABLV,0.2184873764380746,none
ABLV,0.18773947480130193,down
ABLV,0.3133333524068196,none
ABLV,0.17341640269071346,down
ABLV,0.7019231210093542,up
ABLV,0.18283581989967734,none
ABLV,0.5966385586535723,up
ABLV,-0.02262441242227664,down
ABLV,0.9791666860692207,up
ABLV,0.48120298123601035,up
PALL,0.027566419193324476,none
PALL,0.1782716350790896,up
PALL,0.05733347798956889,none
PALL,0.35788960495002753,up
PALL,0.42930022758199815,up
PALL,0.07808858767501525,none
PALL,0.0379130322000254,down
PALL,0.0730091499728629,none
PALL,0.02104939748108059,down
PALL,0.35543838416764495,up
PALL,0.20993922115369634,up
PALL,0.10906983741706422,down
MPT,0.04453424134602546,down
MPT,0.20711293640900386,down
MPT,0.011369084708600985,down
MPT,0.5236592329006455,up
MPT,0.011494309660365243,down
MPT,0.27995769596496056,up
MPT,0.05410446590342266,none
MPT,0.028559309344063033,down
MPT,0.005393064065300601,down
MPT,0.03551377660487187,down
MPT,0.1260922910104587,none
MPT,0.17248884704244993,up
ELEEF,0.04976674847829976,down
ELEEF,0.09103616105962775,down
ELEEF,0.08571690306974733,down
ELEEF,0.06642595532847095,up
ELEEF,0.006191797801128329,down
ELEEF,0.07644856477403406,none
ELEEF,0.03496098586064278,down
ELEEF,0.018310786164206228,down
ELEEF,0.17842521315404114,up
ELEEF,0.18545898940411565,up
ELEEF,0.056842134718010806,down
ELEEF,0.15934063085991168,up
JWSMF,0.0010162834071913984,none
JWSMF,0.008163257362146625,none
JWSMF,0.038690510543115675,up
JWSMF,0.0010173172898728655,down
JWSMF,0.0325443700722714,both
JWSMF,0.009090924854121551,up
JWSMF,0.038690510543115675,up
JWSMF,0.013305952372120844,up
JWSMF,0.012269927283794058,up
JWSMF,0.010558119570912794,up
JWSMF,0.01011116525015332,up
JWSMF,0.004098356651125901,none
VMC,0.05036966744291904,none
VMC,0.08696245263221036,up
VMC,0.19219881385498883,up
VMC,0.004713345550024561,down
VMC,0.023201300695575133,down
VMC,0.02984180891200605,down
VMC,0.11379048883734666,up
VMC,0.02001230722503,down
VMC,0.11072252114731862,none
VMC,0.03259303871875052,none
VMC,0.2313496200049665,up
VMC,0.03203801086670066,down
MLAB,0.2855504903112871,up
MLAB,0.07821732609079635,none
MLAB,0.09788887119054057,none
MLAB,0.271629401531577,up
MLAB,0.08166051749424863,none
MLAB,0.278969467093513,up
MLAB,0.022811814468223446,down
MLAB,0.05777411840203839,down
MLAB,0.3335814464091331,up
MLAB,0.09981842391377205,none
MLAB,0.1383947727941235,down
MLAB,0.19321023870971055,none
MLTX,0.4111277052495461,up
MLTX,0.4075259234812669,up
MLTX,0.038269263047438384,down
MLTX,0.45318596977670933,up
MLTX,0.2017167775466584,up
MLTX,0.257142927916463,none
MLTX,0.2867898479702109,down
MLTX,0.1099748308006614,down
MLTX,0.4208754280831082,none
MLTX,0.014999961853027433,none
MLTX,0.1883687453231937,none
MLTX,0.21248697703615727,up
MBLY,0.08556884377006768,down
MBLY,0.40078206890842605,up
MBLY,0.04230536828026499,down
MBLY,0.16115595692559515,none
MBLY,0.1395073240016913,none
MBLY,0.016291701516963686,down
MBLY,0.06666676965953644,none
MBLY,0.47762342300643623,up
MBLY,0.10512622647528924,none
MBLY,0.08481622671873179,down
MBLY,0.271581628903387,up
MBLY,0.25956430967558863,up
NEPH,0.22850117668643644,up
NEPH,-0.2847058913286995,down
NEPH,0.037234070547677245,none
NEPH,0.0657142911638533,down
NEPH,0.10967747195082245,none
NEPH,0.21854307615863133,up
NEPH,0.0625,down
NEPH,0.1196581118205593,none
NEPH,0.056910655555308276,none
NEPH,1.1624366330020446,up
NEPH,0.06955377177572042,down
NEPH,0.1360543704638637,none
ALYAF,0.14666668574015307,up
ALYAF,0.10857146126883377,none
ALYAF,0.04477607558580465,down
ALYAF,0.30674854028955867,up
ALYAF,0.0901639440372981,down
ALYAF,0.14285717934978304,down
ALYAF,0.33766233364111,up
ALYAF,0.29927004758712994,down
ALYAF,0.45038172454171765,up
ALYAF,0.0573769931157615,down
ALYAF,0.14606741272038137,none
ALYAF,0.1320754309573109,none
XYF,0.1328502092065058,down
XYF,-0.053462897982479496,down
XYF,0.026755776088800642,none
XYF,0.11453728768656268,down
XYF,0.15626973392460797,down
XYF,0.22193224312378868,none
XYF,0.9178083187598258,up
XYF,0.15723266219307108,down
XYF,0.05473726820423375,none
XYF,0.18852451562656802,none
XYF,1.0921986763728326,up
XYF,0.8276595808167213,up
KACLF,0.06336627380951709,up
KACLF,0.05708660752133654,up
KACLF,0.019512176211098575,none
KACLF,0.027000938868004143,up
KACLF,0.028985432464104566,up
KACLF,0.0010050481480938789,down
KACLF,0.029980605548133976,up
KACLF,0.04423917651496523,both
KACLF,0.03297761251945852,up
KACLF,0.008088970771377824,up
KACLF,0.03297761251945852,up
KACLF,0.09241494692806707,up
COIN,0.8595652372940727,up
COIN,0.23187909352234826,none
COIN,0.01206160196961914,down
COIN,0.2918298464043947,none
COIN,0.9695353409715699,up
COIN,0.8472046496652506,up
COIN,0.10779802338889688,down
COIN,0.21747652393782335,none
COIN,0.03412394457012935,down
COIN,1.0710866697583108,up
COIN,0.9607607797879092,up
COIN,1.2547498821866512,up
ADP,0.03569769814482937,down
ADP,0.07695952096214187,down
ADP,0.12737572712341927,none
ADP,0.03612296128112846,down
ADP,0.004476897344151798,down
ADP,0.04390116909302444,none
ADP,0.013816366787863243,none
ADP,0.13082663442239384,up
ADP,0.05931421506639789,down
ADP,0.037911339462393334,none
ADP,0.08741764496183446,up
ADP,0.035569204838096224,down
HBB,0.2701187142550192,up
HBB,0.26389588396116914,up
HBB,0.4388349170585195,up
HBB,0.0312944276557261,none
HBB,0.14395917672174163,none
HBB,0.04157313480989244,down
HBB,0.09644020889545724,down
HBB,0.13673471001717474,none
HBB,0.032857059049558934,down
HBB,0.024253599895529998,none
HBB,0.0625492333958586,down
HBB,0.05248114531447223,down
MSB,0.13342852552373685,none
MSB,0.08964999821477448,down
MSB,0.0446569281322895,none
MSB,0.2664694377585841,up
MSB,0.34398829474782877,up
MSB,0.04988660543793766,none
MSB,0.5480261090505709,up
MSB,0.015228453857198065,down
MSB,0.42235275766391145,up
MSB,0.03119191395422427,down
MSB,0.1144895082134656,none
MSB,0.2574888988982369,up
PREJF,0.17289351365806116,up
PREJF,0.02948374471902815,none
PREJF,0.04799540294894378,up
PREJF,0.04553515554587495,none
PREJF,0.02552201600165782,none
PREJF,0.051391878215629294,none
PREJF,0.008091141480299102,none
PREJF,0.13809002500001766,up
PREJF,0.006218201489142983,down
PREJF,0.08200112891366151,up
PREJF,0.1315795637282775,up
PREJF,0.004340515724298388,down
GMBLP,0.8139535067927512,none
GMBLP,0.050578204320057774,down
GMBLP,0.6891013849003791,up
GMBLP,0.042758837886517354,down
GMBLP,0.08108108325802199,down
GMBLP,0.2766078496484792,none
GMBLP,1.631579050562058,none
GMBLP,2.040322541880434,down
GMBLP,0.005024952829824958,down
GMBLP,0.575470054430899,none
GMBLP,0.6666666903193041,down
GMBLP,0.47540987811399904,up
BIO-B,0.016637458785362824,down
BIO-B,0.016637458785362824,down
BIO-B,-0.034146341463414664,down
BIO-B,-0.01339655931074668,down
BIO-B,0.051286106940142684,down
BIO-B,-0.0330904759226629,down
BIO-B,0.0951594204032018,up
BIO-B,0.016637458785362824,down
BIO-B,0.15855266459637551,up
BIO-B,0.0,down
BIO-B,0.15539947322212466,up
BIO-B,0.08045977011494254,up
EXOD,0.2628083252809885,none
EXOD,0.16666664459087177,up
EXOD,0.16683729335624187,down
EXOD,0.9387755353600058,up
EXOD,0.029240793271564813,down
EXOD,0.10000000000000009,down
EXOD,4.5904286702473955,up
EXOD,0.10526312157057616,down
EXOD,0.586473001016153,down
EXOD,0.06666666666666665,down
EXOD,0.18121210734049487,down
EXOD,0.6012861294603975,up
CYH,0.5840707693862526,up
CYH,0.18591551963262853,down
CYH,0.08471764626207579,down
CYH,0.5709219621308432,up
CYH,0.20918788174844893,none
CYH,0.6996196181314149,up
CYH,0.13157888866270873,none
CYH,0.21899227671637345,none
CYH,0.36688316312723446,up
CYH,0.2655936071197451,none
CYH,0.3776372415874454,up
CYH,0.09118539689809446,down
ASTE,0.36583690253223167,up
ASTE,0.2257734370014417,up
ASTE,0.18937635387380825,up
ASTE,0.24420018413631728,up
ASTE,0.027539830753111172,down
ASTE,0.061637946762783,none
ASTE,0.11770035952302838,none
ASTE,0.16325562115347325,up
ASTE,0.2277182139274474,up
ASTE,0.11961508443266755,none
ASTE,0.09833072562805967,none
ASTE,0.18358076787438726,down
PODD,0.26122191079578405,none
PODD,0.3057493387048851,up
PODD,0.2725761261957651,up
PODD,0.07961826470062028,none
PODD,0.21900759303552197,up
PODD,0.02628805083304342,none
PODD,0.06502128539698848,down
PODD,0.02643712869748649,none
PODD,0.22100983307166144,up
PODD,0.004634041987044313,down
PODD,0.2257744266830748,up
PODD,0.1642239532945382,none
TYOYF,0.039147489137656644,up
TYOYF,0.039147489137656644,up
TYOYF,0.039147489137656644,up
TYOYF,0.039147489137656644,up
TYOYF,-1.1102230246251565e-16,none
TYOYF,0.039147489137656644,up
TYOYF,0.0,down
TYOYF,0.039147489137656644,up
TYOYF,0.039147489137656644,up
TYOYF,0.039147489137656644,up
TYOYF,0.039147489137656644,up
TYOYF,-1.1102230246251565e-16,none
BKNG,0.13421724482393893,up
BKNG,0.0018137283067845011,down
BKNG,0.02770230443115218,down
BKNG,0.09423115186621422,down
BKNG,0.12986944065027917,up
BKNG,0.056293022806022996,none
BKNG,0.0855499469451344,none
BKNG,0.12338382678205084,down
BKNG,0.14524577476592304,up
BKNG,0.24331679865219802,up
BKNG,0.13668671921193032,up
BKNG,0.20227452596682305,up
GUTS,0.7189079971290933,up
GUTS,0.04705877733065722,down
GUTS,0.14315067531244274,down
GUTS,0.8120300812532284,up
GUTS,0.06666670905219174,down
GUTS,0.5564852993005955,up
GUTS,0.18368799225088872,down
GUTS,0.1661441886780326,down
GUTS,0.4820717301770385,down
GUTS,0.7489712373249682,up
GUTS,0.03543306889521092,down
GUTS,0.08168315020347028,down
CMRE,0.02812505620831729,none
CMRE,0.017976053123880842,down
CMRE,0.24604798643335934,up
CMRE,0.02941181207808996,down
CMRE,0.4298169176763409,up
CMRE,0.09794784698694015,none
CMRE,0.1515152467713421,up
CMRE,-0.002770048599314179,down
CMRE,0.13675209589600645,up
CMRE,0.14902795638341337,up
CMRE,0.029902484805203633,down
CMRE,0.2008198118917477,up
CGDXF,0.12149529391391312,down
CGDXF,0.320052827326867,down
CGDXF,0.09190172717885092,down
CGDXF,0.16315951560907216,down
CGDXF,0.6126760186491174,up
CGDXF,0.571428556223305,none
CGDXF,0.29870124158159195,none
CGDXF,0.4348370652369271,down
CGDXF,0.043478218616745945,down
CGDXF,0.2941176264343792,none
CGDXF,0.5018773785443411,down
CGDXF,0.7071339825192027,down
THSGF,0.34991422758770807,up
THSGF,0.04665094354086596,down
THSGF,0.40357147061093124,up
THSGF,0.41367034414622106,up
THSGF,0.4587704676552995,down
THSGF,0.13530332234406628,down
THSGF,0.2952854056769061,down
THSGF,0.022222086588541634,none
THSGF,0.7351598210799177,up
THSGF,-0.014647219612718532,down
THSGF,0.0726189749581474,down
THSGF,0.030177983996736657,down
PNRG,0.32417880697980883,up
PNRG,0.4437418392153092,up
PNRG,0.16453499554849027,none
PNRG,0.1327568883527448,down
PNRG,0.21069747516770465,none
PNRG,0.1547483946084105,none
PNRG,0.16379555426069836,up
PNRG,0.07621099800609188,none
PNRG,0.16460979352759986,none
PNRG,0.06803911998489043,none
PNRG,0.14136190662565484,none
PNRG,0.32289953941458904,up
TNDM,0.019562829121846592,down
TNDM,0.49298244981819694,up
TNDM,0.07007746733436293,down
TNDM,0.14227794801901839,none
TNDM,0.23990587522440876,none
TNDM,0.09737960418868341,none
TNDM,0.14558035180809048,none
TNDM,0.2713383594597649,up
TNDM,0.014461278617698747,down
TNDM,0.014148273849494686,down
TNDM,0.09233262324173475,down
TNDM,0.47626340483772833,up
AAGH,0.0,down
AAGH,1.5000001818989448,up
AAGH,0.3181817873942949,down
AAGH,0.11441304709579225,down
AAGH,0.01326895336871381,down
AAGH,0.5000000931322595,down
AAGH,0.41176464143096725,down
AAGH,0.37416673791284527,down
AAGH,0.36184216395454083,none
AAGH,1.5000001818989448,none
AAGH,1.9999998835846835,up
AAGH,0.1428571681992541,down
PRH,0.015181090571140698,none
PRH,0.019801835791483313,none
PRH,0.0007507868373239912,down
PRH,0.04977125160935292,up
PRH,0.0399568972094515,up
PRH,0.014129325411839089,down
PRH,0.0232932005573796,down
PRH,0.01636812433191337,none
PRH,0.01392757757240859,down
PRH,0.029242624680358542,none
PRH,0.030954244871297165,none
PRH,0.06963594260242867,up
HCTI,1.5125627645521873,up
HCTI,0.9813084842938304,up
HCTI,0.16216221169966527,down
HCTI,1.1649484827862309,up
HCTI,0.8660287314783046,none
HCTI,0.18999999999999995,down
HCTI,0.2853716614387749,none
HCTI,0.569620265389192,none
HCTI,0.07563025210084029,down
HCTI,0.6494845583133189,down
HCTI,0.1701031355084095,down
HCTI,1.1546961014711457,up
VIVO,0.006622499825896577,down
VIVO,0.5206971213580653,none
VIVO,0.06951871385034081,down
VIVO,0.7277227933120991,none
VIVO,0.4833332505491077,none
VIVO,0.1902655170671308,down
VIVO,0.0,none
VIVO,0.08771932026025686,down
VIVO,0.4082277606545419,none
VIVO,0.09489052619224769,none
VIVO,0.37254907198738585,down
VIVO,0.30188676359476174,down
GGZ,0.05779991483559166,down
GGZ,0.024146285738811946,down
GGZ,0.03082167305761807,none
GGZ,0.05777069147988301,none
GGZ,0.13093274620485262,up
GGZ,0.08275254161854972,up
GGZ,0.007789899797299826,down
GGZ,0.01776379934386685,down
GGZ,0.05892916857587638,down
GGZ,0.12299456922601992,up
GGZ,0.062308537730889846,up
GGZ,0.05609729705050448,none
TEM,0.17975278873840006,down
TEM,0.1579187492607288,down
TEM,0.1986224806225234,none
TEM,0.7287950990680541,up
TEM,0.1375728843789099,none
TEM,0.1115480394110957,down
TEM,0.8126857396486169,up
TEM,0.13147215690476366,none
TEM,0.1793881395453012,down
TEM,0.9240379590016321,up
TEM,0.012779011365870119,down
TEM,0.05789941185261949,down
GLGI,0.28695656500601907,up
GLGI,0.13402060968790508,none
GLGI,0.20535715901273854,up
GLGI,0.23232324935139315,down
GLGI,0.12222224135457793,none
GLGI,0.3647058048050318,up
GLGI,0.38095238433132916,up
GLGI,0.034482829494228984,down
GLGI,0.11111112449038019,none
GLGI,0.23333338190008224,none
GLGI,0.05468754220055505,down
GLGI,0.1999999682108562,up
HLI,0.061020644325284534,none
HLI,0.08888541462736455,none
HLI,0.03995640705846104,none
HLI,0.05478615141101839,none
HLI,0.0767671366381617,none
HLI,0.07445670120790182,down
HLI,0.1101123265474977,up
HLI,0.1888766408601812,up
HLI,0.21911418046377462,up
HLI,0.18246313114003265,up
HLI,0.1652944099281215,up
HLI,0.27092104509276305,up
FMCC,0.15572969115056545,down
FMCC,1.8709676737095644,up
FMCC,0.0866609570449548,down
FMCC,0.08888889085118179,down
FMCC,0.37795277660028614,none
FMCC,1.7929688496806215,up
FMCC,0.21121497842690617,none
FMCC,0.6767338338594722,up
FMCC,0.11475408394405284,none
FMCC,0.36120406644813485,down
FMCC,0.05555557027275215,down
FMCC,0.02272725117600638,none
RMR,0.05102052237641175,down
RMR,0.0056586391999384755,down
RMR,0.04122974494167009,down
RMR,0.0855823880495803,none
RMR,0.009143411733150808,down
RMR,0.04282910358897141,down
RMR,0.07159081290081137,none
RMR,0.041922166466818345,none
RMR,0.1275431001110785,up
RMR,0.05805942988747392,none
RMR,0.007533828849459079,none
RMR,0.06502492423064288,none
PATK,0.19614873821216205,up
PATK,0.18210763247291584,up
PATK,0.30247488704163006,up
PATK,0.041469825487523204,down
PATK,0.010696551621441674,down
PATK,0.2665184018564162,up
PATK,0.2691301512695068,up
PATK,0.25054131496430165,up
PATK,0.15948324733587493,none
PATK,0.029934878226848483,down
PATK,0.31346448147678974,up
PATK,0.27699536575258965,up
YPF,0.13135073850083812,none
YPF,0.016877722448569,down
YPF,0.38102901002239675,up
YPF,0.031489531674887106,none
YPF,0.1944095038703184,none
YPF,0.8307447273319482,up
YPF,0.09801635735123804,none
YPF,0.7114882399255387,up
YPF,0.03453817765167999,none
YPF,0.03964753961477019,down
YPF,0.001873152176209869,down
YPF,0.017241363363798445,down
KYOCF,0.03730143861242152,up
KYOCF,0.03936391403607509,up
KYOCF,0.03936391403607509,up
KYOCF,0.02498286461463839,up
KYOCF,0.03730143861242152,up
KYOCF,0.03524738452929976,down
KYOCF,0.07618601675804704,both
KYOCF,0.041434182185505986,down
KYOCF,0.09567282611442463,up
KYOCF,0.03320153292320116,down
KYOCF,0.06356972903940328,down
KYOCF,0.07351126151458809,up
SFBS,0.13561039286152354,none
SFBS,0.19492891383809385,up
SFBS,0.17492006293876483,up
SFBS,0.20904036295621387,up
SFBS,0.15640831074142358,up
SFBS,0.24956695046087063,up
SFBS,0.08233915368371791,none
SFBS,0.06023354337986042,none
SFBS,0.03725406998333591,down
SFBS,-0.0003665216757009482,down
SFBS,0.07926604003769522,none
SFBS,0.18146857793516769,up
SLB,0.271842539252271,up
SLB,0.09399147244368367,none
SLB,0.11127750734334785,none
SLB,0.28136143437633154,up
SLB,0.1434343804843372,up
SLB,0.15221889604588368,up
SLB,0.08249305081629532,none
SLB,0.10469302275443204,none
SLB,0.11060389158934658,down
SLB,0.02007553121417871,down
SLB,0.1773533892349375,none
SLB,0.3746560399436554,up
KBDC,0.10284918923286401,up
KBDC,0.032720920007548004,down
KBDC,0.019775836702486727,down
KBDC,0.05020437184957771,down
KBDC,0.019777591245767834,none
KBDC,0.029497771743184353,none
KBDC,0.0361281917396048,down
KBDC,0.05337559091798649,none
KBDC,0.03448286494341479,none
KBDC,0.09147173561873467,up
KBDC,0.11603379218077015,up
KBDC,0.0580049284753521,none
JXN-PA,0.044856768234335265,none
JXN-PA,0.019121318786694763,none
JXN-PA,0.024980174242205777,down
JXN-PA,0.04019516484279717,none
JXN-PA,0.025485506774910904,none
JXN-PA,0.024539821479248936,none
JXN-PA,0.042235086182549564,up
JXN-PA,0.033366951522334265,none
JXN-PA,0.02003699282238025,none
JXN-PA,0.025237957896387275,none
JXN-PA,0.06742011585396201,up
JXN-PA,0.023148254731200302,none
NIU,0.9230768676541781,up
NIU,0.3850575130010061,up
NIU,0.10290234047783864,none
NIU,0.0,down
NIU,0.0762712181179539,down
NIU,0.02312136497804751,none
NIU,0.07120743582517397,none
NIU,0.2374429074611515,none
NIU,0.45079366136600374,up
NIU,0.9021738785370093,up
NIU,0.9140625800355355,up
NIU,0.2606925151908086,none
NIO,0.919335672531556,up
NIO,0.07269202730128987,down
NIO,0.22854975029953484,down
NIO,0.18749997930394358,none
NIO,0.18622846534252036,down
NIO,0.47435128274665583,up
NIO,0.555808685974698,up
NIO,0.3727933655166227,up
NIO,0.25604293976210557,none
NIO,0.19432766164278004,none
NIO,0.6673597823639841,up
NIO,0.2510658021706367,down
KLYG,0.0,down
KLYG,-0.062499941792337754,none
KLYG,0.030303000199675578,down
KLYG,0.39999998509883894,none
KLYG,0.5555555003660719,up
KLYG,0.3333332505491078,none
KLYG,0.39999998509883894,none
KLYG,0.333333300219643,down
KLYG,0.09090907243657687,none
KLYG,0.07142860944173757,down
KLYG,0.09090907243657687,down
KLYG,0.16666669771075315,none
NTTYY,0.0973451496874036,none
NTTYY,0.033956555821641476,down
NTTYY,0.03109319796208898,none
NTTYY,0.017943017032327813,none
NTTYY,0.04518658309997825,down
NTTYY,0.07102798844657454,none
NTTYY,0.15913036379051193,up
NTTYY,0.12338566947622964,up
NTTYY,0.049312776232494526,none
NTTYY,0.023013835537159855,none
NTTYY,0.04266206655908644,none
NTTYY,0.045778156840953654,none
UE,0.17459178261062913,up
UE,-0.002191750220657984,none
UE,0.12219315011697285,up
UE,0.02361050670919007,down
UE,0.17008770309290555,none
UE,0.07633320221861117,none
UE,0.1674430746579556,up
UE,0.008120091717663813,down
UE,0.11089628382810335,up
UE,0.12468197830062833,none
UE,0.10291913610432601,none
UE,0.02604522685095856,down
BDL,0.08982411249341227,down
BDL,0.011904784861035633,down
BDL,0.03759396568928097,down
BDL,0.14045624497740206,up
BDL,0.1173740551735476,none
BDL,0.14017696469980856,up
BDL,0.0755922855893072,up
BDL,0.1206665744514781,up
BDL,0.045082033961518775,none
BDL,0.010873333776960203,down
BDL,0.08743887359996183,none
BDL,0.10074065775049701,none
FXF,0.01827353025124734,none
FXF,0.032211027709204476,up
FXF,0.047390055734428005,up
FXF,0.020051934809032,none
FXF,0.07783390536310097,up
FXF,0.06597123453671383,up
FXF,0.019876587723183903,none
FXF,0.02931865118476562,up
FXF,0.002022177742206477,down
FXF,0.011763613099209591,down
FXF,0.0871570279384497,up
FXF,0.010573541731608405,down
SABA,0.08869615494016347,up
SABA,0.053070358628285685,none
SABA,0.013828221478900282,none
SABA,0.0010884838196225655,down
SABA,0.1252297708988348,up
SABA,0.1164390515825684,up
SABA,0.011884638819856352,down
SABA,0.09909918191163136,up
SABA,0.01727114416449904,none
SABA,0.03427875474766684,none
SABA,0.028021261256956143,down
SABA,0.019664882954644858,down
FVCB,0.006249947969808822,down
FVCB,0.15175718514123937,none
FVCB,0.04236085580218374,none
FVCB,0.2449799020842558,up
FVCB,0.1926683691432589,up
FVCB,0.05180533905115636,none
FVCB,0.08108103970476654,none
FVCB,0.08099683661626589,none
FVCB,0.01684135660150954,down
FVCB,0.08536587751455404,none
FVCB,0.06351009935501595,none
FVCB,0.05230155567153938,none
ADAPY,0.18545453796702005,none
ADAPY,3.435484039594309,up
ADAPY,0.04938274239498086,none
ADAPY,0.3173077452112252,none
ADAPY,0.008492586466442242,down
ADAPY,0.035714337412192876,down
ADAPY,0.052542405928460045,down
ADAPY,1.4137931831810073,up
ADAPY,4.392157080447572,up
ADAPY,0.29629626819054034,down
ADAPY,0.2624999379118309,none
ADAPY,0.19369372126827944,down
FIVN,0.0072776821910467415,down
FIVN,0.3423870472467099,up
FIVN,0.18894448593115687,down
FIVN,0.1429159479086448,none
FIVN,0.08611207018259948,none
FIVN,0.1653201986636159,none
FIVN,0.07170836084637977,down
FIVN,0.265374901515248,none
FIVN,0.017077548320950653,down
FIVN,0.4762063805859451,up
FIVN,0.10055687904951216,down
FIVN,0.06714398607222138,down
GLXZ,0.06666668256123853,none
GLXZ,0.007653053777012531,none
GLXZ,0.07287452011022078,down
GLXZ,0.04411760452090707,none
GLXZ,0.06884060068006304,none
GLXZ,0.333333300219643,up
GLXZ,0.25435541748507107,up
GLXZ,0.010453035193241922,down
GLXZ,0.1970802773625997,none
GLXZ,0.07741936029678342,down
GLXZ,0.028673808171997717,none
GLXZ,0.0,down
CLPS,0.3219176776100783,up
CLPS,0.2242989519275751,none
CLPS,-0.007407379682632498,none
CLPS,0.041666661624684576,down
CLPS,0.08900520714380611,none
CLPS,0.10309280504365881,none
CLPS,0.15957450904834136,none
CLPS,0.2566371985577436,none
CLPS,0.051851801486336724,none
CLPS,0.05660382050702628,none
CLPS,0.06250003519902991,down
CLPS,0.018691563810226963,down
SDMHF,0.06895855555577945,down
SDMHF,0.37748445710932343,up
SDMHF,0.16752166465114215,up
SDMHF,0.0,down
SDMHF,0.14620503583375588,up
SDMHF,0.07586023158645094,up
SDMHF,0.18208740223469588,up
SDMHF,0.0,down
SDMHF,0.0661896329239513,down
SDMHF,0.047687220610720615,down
SDMHF,0.13805955275991444,up
SDMHF,0.2084980224540045,down
TSQ,0.0586033810147959,down
TSQ,0.02827222765346682,none
TSQ,0.045840477618367625,down
TSQ,0.36723609498108045,up
TSQ,0.13122744424020305,down
TSQ,0.10294111676693896,none
TSQ,0.002603950300551272,down
TSQ,0.018518501460910608,down
TSQ,0.22346362094054562,up
TSQ,0.1838695440448992,up
TSQ,0.40742393677667854,up
TSQ,0.006535940870203483,down
PAC,0.25026617996095646,up
PAC,0.0982068078511702,none
PAC,0.013445335149155024,down
PAC,0.11121625700054794,none
PAC,0.3109006779812178,up
PAC,0.17712635115835673,up
PAC,0.09580432847730691,none
PAC,0.010858334851950646,none
PAC,0.07984180479720626,down
PAC,0.318557002851688,up
PAC,0.21279405855704425,up
PAC,0.16421494363905564,up
CAPNU,0.016865087061572304,up
CAPNU,0.016865087061572304,up
CAPNU,0.0021786803065961813,none
CAPNU,0.008946242063576637,up
CAPNU,0.01585726907755025,up
CAPNU,0.016865087061572304,up
CAPNU,0.008946242063576637,up
CAPNU,0.016865087061572304,up
CAPNU,0.011964096585627138,up
CAPNU,0.01585726907755025,up
CAPNU,0.008946242063576637,up
CAPNU,0.00995019163159827,up
SVM,0.0032154271157611714,down
SVM,0.020052257993756983,down
SVM,-0.0021788182484940855,down
SVM,0.3342881141446079,up
SVM,0.170212719513392,up
SVM,0.09465033341985585,down
SVM,0.3673469044750519,up
SVM,0.251694090514049,up
SVM,0.10504778444532747,none
SVM,0.2813268481191824,up
SVM,0.39240516894198474,up
SVM,0.6375546040347837,up
LGCL,0.308300374398224,down
LGCL,0.4784052569316637,none
LGCL,0.056716463459071775,down
LGCL,0.013252970379450835,down
LGCL,0.4638157451004197,none
LGCL,1.4901960875977927,up
LGCL,0.11610484416533495,down
LGCL,0.16513763795686898,down
LGCL,0.14615389553047686,down
LGCL,0.6792451506112602,up
LGCL,0.6717171590676803,down
LGCL,0.26327428120175456,none
CVX,0.31993940659945075,up
CVX,0.30798574088648634,up
CVX,0.0615902607320058,none
CVX,0.06646399941200332,none
CVX,0.06579755060182935,down
CVX,0.020647272001540706,down
CVX,0.09313195333888435,down
CVX,0.07678237220971162,up
CVX,0.0752847555055356,none
CVX,0.06294737359272728,down
CVX,0.2710051426769098,up
CVX,-0.018957152895083484,down
UPC,0.8461538461538463,up
UPC,1.5287356876227651,up
UPC,0.935483870967742,up
UPC,0.1643059490084986,down
UPC,2.213675213675214,up
UPC,0.8090451695377734,up
UPC,0.06837606837606836,down
UPC,0.07739002917462057,none
UPC,1.203252032520325,up
UPC,2.125000016933138,up
UPC,0.5573770491803278,none
UPC,3.1493774182172203,up
CLDI,0.0686508327715043,down
CLDI,0.018200180904328178,up
CLDI,2.8277515054688926,down
CLDI,2.0712981105741504,up
CLDI,0.005676860987182009,down
CLDI,0.013636386952781576,none
CLDI,0.28921569513538214,down
CLDI,0.1398964258625277,down
CLDI,0.02615688373656755,down
CLDI,0.10687031375522382,down
CLDI,0.032388649312893536,down
CLDI,0.020000012715657656,down
REEAF,0.16836730473640404,none
REEAF,0.3585830725900905,none
REEAF,0.25242722461820466,down
REEAF,0.03617580037797041,down
REEAF,0.41984740118277464,up
REEAF,0.2231813188951819,down
REEAF,0.0188797298102934,down
REEAF,0.057777757997866,down
REEAF,0.3900709290212885,up
REEAF,0.2892562044265832,down
REEAF,0.5828572227841331,none
REEAF,0.5244122939134455,none
BHFAL,0.05251411297765651,none
BHFAL,0.029506788043430987,none
BHFAL,0.03984996715519484,down
BHFAL,0.022641411013851753,down
BHFAL,0.020289882288638372,down
BHFAL,0.1981226489678578,up
BHFAL,-0.0010084873988916998,down
BHFAL,0.022628226922687622,down
BHFAL,0.022851372319703467,none
BHFAL,0.011440925406962066,down
BHFAL,0.09075379081314838,none
BHFAL,0.014507283982797992,down
GLW,0.18652403864444556,up
GLW,0.06916248540860281,down
GLW,0.16271203611017704,none
GLW,0.24562547511271648,up
GLW,0.003997212193765698,down
GLW,0.02346755610445661,down
GLW,0.16970688243933152,up
GLW,0.18829145950426085,up
GLW,0.17852206650098656,up
GLW,0.025167229586595452,down
GLW,0.07578633562395365,none
GLW,0.12888218110158522,none
RKLB,0.1390327864667189,down
RKLB,0.035545048062815,down
RKLB,-0.004140782865927561,down
RKLB,1.6289826441067627,up
RKLB,0.04999999558484114,down
RKLB,0.04238320624120062,down
RKLB,1.05538456256573,up
RKLB,0.04516637876332008,down
RKLB,0.34166669845581055,up
RKLB,0.1536082268470731,none
RKLB,0.1768344051183992,none
RKLB,0.3487298511519197,up
FPRGF,3.0322581304161664,up
FPRGF,0.44508676395259084,up
FPRGF,0.3402060968790517,down
FPRGF,1.0,down
FPRGF,0.1467890184181091,down
FPRGF,1.0879121041070468,up
FPRGF,0.5999999403953562,none
FPRGF,0.3679245840022065,up
FPRGF,0.1711711131194118,down
FPRGF,0.021739175034982683,down
FPRGF,1.9059829691188077,up
FPRGF,0.19047622764462102,down
PBI,0.15115939597903116,none
PBI,0.1786491232228995,up
PBI,0.04761926219218737,down
PBI,0.3439024192592699,up
PBI,0.16666651825182988,none
PBI,0.0800971141903748,none
PBI,0.1733914027130461,up
PBI,0.1362126445556704,down
PBI,0.038990992209128716,down
PBI,0.3791209619829734,up
PBI,0.12875253790982888,none
PBI,0.04374059373638195,down
EAF,0.02450220868433295,down
EAF,0.01793740219796036,down
EAF,0.12226643727000108,none
EAF,1.8914284842354911,up
EAF,0.235229767843824,none
EAF,1.865232101433795,up
EAF,0.41958034729350224,up
EAF,0.09708737684291768,down
EAF,0.20253163105286665,down
EAF,0.16265052973160032,none
EAF,0.422764205579615,none
EAF,0.5909090909090908,up
FNMAT,0.10462963837818506,none
FNMAT,0.12488688602901665,down
FNMAT,0.08454548228870729,down
FNMAT,0.23508002882400847,up
FNMAT,0.265560101117174,up
FNMAT,0.2020547598471769,none
FNMAT,0.2013730291730509,up
FNMAT,1.1875,up
FNMAT,0.11111116305415769,none
FNMAT,0.007960033416748002,down
FNMAT,0.4431817652272796,down
FNMAT,0.023132810650897007,down
CWD,0.283783751129669,down
CWD,0.3571428632249638,none
CWD,0.28333330154418945,none
CWD,0.06694914822741449,down
CWD,0.0,down
CWD,0.04864862802866332,down
CWD,0.030392872821978223,down
CWD,0.11936930768937493,down
CWD,0.16923075455885672,none
CWD,0.039999961853027344,down
CWD,0.12810121454044276,none
CWD,0.25,down
SRAD,0.045326808047269074,none
SRAD,0.16307508588345399,none
SRAD,0.15235453648698072,down
SRAD,0.16632020795255342,up
SRAD,0.15131901369284528,none
SRAD,0.04450401826718453,down
SRAD,0.2737020637362313,up
SRAD,0.1159618540677918,down
SRAD,0.08344542963689361,down
SRAD,0.25729577105730117,up
SRAD,0.16800003051757817,none
SRAD,0.047780303288526005,down
RNGE,0.7857142781116524,up
RNGE,0.5,none
RNGE,0.10526313725600911,down
RNGE,0.04999995157122683,down
RNGE,0.26666660043928614,none
RNGE,0.11111108351636934,down
RNGE,2.9285714969951275,up
RNGE,0.47058821982578447,none
RNGE,0.19999999999999996,none
RNGE,0.1875000116415324,down
RNGE,0.25000004656612984,none
RNGE,0.1875000116415324,none
IVFH,0.2523481224630937,none
IVFH,0.7588234814599315,up
IVFH,0.13843347951534857,down
IVFH,0.2285714699297543,none
IVFH,0.4949999526888138,up
IVFH,0.2550425056000134,down
IVFH,0.15328469884383522,none
IVFH,0.021059357530123446,down
IVFH,0.03973333040873217,none
IVFH,0.614814835745938,up
IVFH,0.06666668256123853,down
IVFH,0.20937500989530267,none
LGHL,0.1428571428571428,down
LGHL,1.8215767634854774,up
LGHL,1.3166666202961776,up
LGHL,0.4424138391541408,down
LGHL,0.0031152647975076775,down
LGHL,0.0939226471566681,down
LGHL,0.5155797585315249,down
LGHL,0.171974533298201,down
LGHL,0.04395604395604402,down
LGHL,0.8045112781954886,up
LGHL,0.40271493212669673,none
LGHL,0.5055555467000805,down
HOG,0.09937167664724389,down
HOG,0.15642917487162178,up
HOG,0.05165694984853264,down
HOG,0.03398879266611954,down
HOG,0.016007576388636258,none
HOG,0.06791300586485738,down
HOG,0.13257501532960503,down
HOG,0.10944194724282563,down
HOG,0.19311191633392855,up
HOG,0.0458501811800065,down
HOG,0.08421309422629797,down
HOG,0.009641825442961327,down
BIRK,0.045646832420968675,down
BIRK,0.2129307013645112,up
BIRK,0.25448027866672995,up
BIRK,0.3082328999062316,up
BIRK,0.13130343072521877,none
BIRK,0.3890309587115526,up
BIRK,0.08803611184912263,none
BIRK,0.11773097239461672,none
BIRK,0.15953990992133793,none
BIRK,0.050794372958584244,down
BIRK,0.3156381496735021,up
BIRK,0.20039883174417716,up
MBGCF,-1.1102230246251565e-16,none
MBGCF,-1.1102230246251565e-16,none
MBGCF,-1.1102230246251565e-16,none
MBGCF,-1.1102230246251565e-16,none
MBGCF,-1.1102230246251565e-16,both
MBGCF,-1.1102230246251565e-16,none
MBGCF,-1.1102230246251565e-16,both
MBGCF,-1.1102230246251565e-16,both
MBGCF,-1.1102230246251565e-16,down
MBGCF,-1.1102230246251565e-16,down
MBGCF,-1.1102230246251565e-16,down
MBGCF,-1.1102230246251565e-16,none
WVVI,0.019343489685615056,down
WVVI,0.013953474446076086,none
WVVI,0.03339192536199609,down
WVVI,0.062091523128550374,none
WVVI,0.05574322963736211,none
WVVI,0.03350782077833614,down
WVVI,0.2231686487766893,both
WVVI,0.06666666666666665,down
WVVI,0.12799173151437238,none
WVVI,0.019073550895804203,none
WVVI,0.09150326033517286,none
WVVI,0.2190152786238917,both
CIMN,0.021191716785185388,none
CIMN,0.016774980037801424,none
CIMN,0.023754064427090826,none
CIMN,0.032296128172298655,up
CIMN,0.023060042149891657,none
CIMN,0.017402966855716517,none
CIMN,0.03482776136177179,up
CIMN,0.005522658285669113,none
CIMN,0.024028663158120356,none
CIMN,0.02477493015650567,none
CIMN,0.014399510542192795,none
CIMN,0.015674464840879532,none
RLBY,0.5853657517172224,up
RLBY,0.0,down
RLBY,0.09409195027511719,down
RLBY,0.015873047785303074,none
RLBY,0.1269192013490179,down
RLBY,0.7142856686699148,up
RLBY,-0.06730768404151577,down
RLBY,0.4888888668130955,up
RLBY,-0.00487805870868574,down
RLBY,0.27482875625509084,down
RLBY,0.09090907243657687,none
RLBY,0.3911916575890868,down
SPOK,0.1058467057908492,none
SPOK,0.1574518882085476,up
SPOK,0.22169800573860554,up
SPOK,0.17363994302704078,up
SPOK,0.11847124384109109,none
SPOK,0.16782673218189026,down
SPOK,0.17445920121873293,up
SPOK,0.1167831113749851,none
SPOK,0.11551604806875937,none
SPOK,0.02083334307265461,down
SPOK,0.013265317541914179,down
SPOK,0.04013750222086432,down
TPCS,0.6903408640641562,up
TPCS,0.23384622427133417,none
TPCS,0.7029972398015318,up
TPCS,0.3206348322116055,up
TPCS,0.009434066238082961,down
TPCS,0.0467289268430795,down
TPCS,0.14507777109258657,none
TPCS,0.26726065640833063,none
TPCS,0.10666664441426588,none
TPCS,0.13333334216365134,none
TPCS,0.047120437147337935,none
TPCS,0.055263231368607446,down
HYPR,0.3839285229617846,up
HYPR,0.24620059336515143,down
HYPR,0.5346534326256236,up
HYPR,0.01562498544808455,down
HYPR,0.5769231592174613,up
HYPR,0.7903225899486959,up
HYPR,0.012345607788387003,down
HYPR,0.2528735947177405,none
HYPR,0.04651167733574435,down
HYPR,0.1328671777549788,down
HYPR,0.08593751309672393,none
HYPR,0.411371250347943,none
PRLD,0.1683367116467147,down
PRLD,0.07931028856490108,down
PRLD,0.1777778077473422,down
PRLD,0.83535771410568,up
PRLD,0.1536231779896946,down
PRLD,0.12156860728485652,down
PRLD,0.4583333796271456,up
PRLD,0.17030572550254264,none
PRLD,0.6699999570846558,up
PRLD,0.3587785281471507,up
PRLD,0.05698007071997724,none
PRLD,0.04789841121394267,down
III,0.15433600574787287,up
III,0.044025098017962394,none
III,0.2368422465964568,up
III,0.09049779520069312,none
III,0.19018419329796576,none
III,0.16750241570681212,up
III,0.24607662646456907,up
III,0.1556884048623941,none
III,0.049603167774755264,down
III,0.14248368779965492,down
III,0.1460151220560666,up
III,0.09404379954324482,none
ABBV,0.027042250160888903,down
ABBV,0.09165656190024873,none
ABBV,0.226223930238872,up
ABBV,0.03714982578607895,none
ABBV,0.14801875089280458,up
ABBV,0.22940666812754018,up
ABBV,0.08618951377325845,up
ABBV,-0.0010985451325863371,down
ABBV,0.07392771873119175,none
ABBV,0.23606562971041778,up
ABBV,0.09435373746581788,up
ABBV,0.03601025533478053,none
APVO,0.1761364092519926,none
APVO,0.25175812853456025,down
APVO,0.005050513699729864,down
APVO,0.12983867515581315,down
APVO,0.22857140825890832,none
APVO,0.44385024473655466,down
APVO,0.1742244256782488,none
APVO,0.12530116370477806,none
APVO,0.13429751877941465,none
APVO,-0.01666666666666672,down
APVO,0.14613178288623607,down
APVO,0.4966741014441123,up
FCBC,0.07607865749786047,down
FCBC,0.07180755522336768,none
FCBC,0.032258078526157474,none
FCBC,0.12602649593887416,none
FCBC,0.3957342570072888,up
FCBC,0.14503798477274898,none
FCBC,0.2666850828865799,up
FCBC,0.03823756710612747,down
FCBC,0.11584411641956405,none
FCBC,0.028973379124302978,down
FCBC,0.12419506464652841,none
FCBC,0.148023306803031,up
PETV,0.22058819791231232,down
PETV,0.8226950312636938,up
PETV,0.29687500291038305,down
PETV,0.11052635816766121,none
PETV,0.5495867852561014,none
PETV,0.23728818125415718,down
PETV,0.28030302277719166,none
PETV,0.06288745657853645,down
PETV,0.7692308662205793,up
PETV,1.13043478542555,up
PETV,1.2230770853144235,up
PETV,0.048148101380169894,down
HNDAF,0.16616011776476913,none
HNDAF,0.008576384666300507,down
HNDAF,0.22137419913236633,up
HNDAF,0.07194259519622204,none
HNDAF,0.12272286580745773,none
HNDAF,0.13164463133529325,up
HNDAF,0.22137419913236633,up
HNDAF,0.07692306155089912,none
HNDAF,0.12596363633229002,none
HNDAF,0.21499978882547222,up
HNDAF,0.08509727006804857,none
HNDAF,0.05796601037583682,up
ALF,0.012218055474265244,up
ALF,0.014028413347209723,up
ALF,0.011267684838655256,up
ALF,0.013068137227587595,up
ALF,0.008457715077989203,up
ALF,0.013068137227587595,up
ALF,0.00472145325915263,none
ALF,0.014028413347209723,up
ALF,0.013068137227587595,up
ALF,0.029126231570822947,up
ALF,0.01818186961966828,up
ALF,0.00924524237991764,up
BULL,0.017559245235877707,up
BULL,0.04385212586959231,up
BULL,0.01845343023155932,up
BULL,0.036742790146185866,up
BULL,0.01587304257087707,up
BULL,0.01623687411253405,up
BULL,0.09562845214297577,down
BULL,0.07653059644721805,up
BULL,0.30763735871019127,none
BULL,0.008356471224538975,up
BULL,0.20783141852809695,none
BULL,0.06958517366101047,down
FF,0.5116853728287176,up
FF,0.23498035553996122,up
FF,0.211515877722267,up
FF,0.18750007390193302,up
FF,0.005201349773689579,down
FF,0.011428504121826943,down
FF,0.5081748148464378,up
FF,0.12303660729321542,none
FF,0.14987076688489953,up
FF,0.0143770728590491,down
FF,0.3749999722094326,up
FF,0.5246914424208897,up
NVO,0.039609317510796105,down
NVO,0.060685597972703675,none
NVO,0.21618297827756727,up
NVO,0.10678637781110512,none
NVO,0.2383071925722684,up
NVO,0.013796897594181123,down
NVO,-0.01331226606705771,down
NVO,0.11809941753297104,up
NVO,0.1545462842226255,up
NVO,0.1300237175461456,up
NVO,0.07359506130774984,down
NVO,0.07621078580928442,up
WGO,0.048535274515967286,down
WGO,0.16198824573143678,up
WGO,0.26783306079301594,up
WGO,0.0013190125421072008,down
WGO,0.04449383555642927,none
WGO,0.014285036405253582,down
WGO,0.25182726382998677,up
WGO,0.09206594051087458,down
WGO,0.09854227943607285,none
WGO,0.058864359600772964,none
WGO,0.1749492366147003,up
WGO,0.012072659878598957,down
LEEEF,0.9444445364269249,none
LEEEF,0.07224331929413608,down
LEEEF,0.3913044112053168,none
LEEEF,0.29166663432907747,none
LEEEF,0.33333333333333326,none
LEEEF,0.42777771706934575,none
LEEEF,0.05263155486885318,down
LEEEF,0.27272728504228194,down
LEEEF,0.0,down
LEEEF,0.5,down
LEEEF,0.7289157313270265,up
LEEEF,0.6260162394788567,up
AMPH,0.10013351440837681,none
AMPH,0.29542416724310727,up
AMPH,0.32478338701346154,up
AMPH,-0.01376540169025997,down
AMPH,0.05536797242342284,down
AMPH,0.28517473222374523,up
AMPH,0.12039658803423747,none
AMPH,0.2797926579269767,up
AMPH,0.09073143572554532,down
AMPH,0.3461206256563705,up
AMPH,0.43273202724925985,up
AMPH,0.04654766577304392,down
LEU,0.0982948392413101,none
LEU,1.8200541610257814,up
LEU,0.33281921470606024,none
LEU,0.004234706105050057,none
LEU,0.1792544770912594,down
LEU,0.9560357563909325,up
LEU,0.3056052391237343,up
LEU,1.344474082188973,up
LEU,0.34374175450846955,up
LEU,0.07305277723932924,none
LEU,0.32873910266234563,up
LEU,0.5038910866808857,up
MDT,0.07751923037291042,up
MDT,0.037899907748029094,none
MDT,0.0691154211376892,none
MDT,0.004419254956558261,down
MDT,0.006615281875664181,down
MDT,0.19016985557561816,up
MDT,0.10932276019697684,up
MDT,0.0627544498081849,none
MDT,-0.023091923455582197,down
MDT,0.061695745571542115,none
MDT,0.054652208622404386,none
MDT,0.07551950875672842,none
MAPS,0.010729655015467632,down
MAPS,0.06092122529719601,down
MAPS,0.6826347395152037,up
MAPS,0.6637168169600429,up
MAPS,0.00923076042762161,down
MAPS,0.07547174267346413,none
MAPS,0.649122823528526,up
MAPS,0.07964604757379035,down
MAPS,0.2745097810055186,up
MAPS,0.08571432139597945,none
MAPS,0.027272700672307915,down
MAPS,0.05517235936222864,none
LIVE,0.0604558619873552,none
LIVE,0.004450136715552944,down
LIVE,0.0222222130329488,down
LIVE,0.6042908599808325,up
LIVE,0.25381419471633193,none
LIVE,0.07299995422363281,none
LIVE,0.01650486147047503,down
LIVE,0.12090914177172118,down
LIVE,0.03267716284139377,down
LIVE,0.08611323716932606,none
LIVE,0.03672133899125907,down
LIVE,0.32469396427161223,none
PHNMF,0.045454570084564105,none
PHNMF,0.2941176264343792,down
PHNMF,0.5625000349245974,up
PHNMF,0.29999990065892934,none
PHNMF,0.34782607287224865,none
PHNMF,0.034482829494228984,down
PHNMF,0.22500000558793531,down
PHNMF,0.4444443340654771,up
PHNMF,0.8333333333333333,up
PHNMF,0.7222221670327384,up
PHNMF,0.5,down
PHNMF,0.05555550036607193,down
PC,0.9621583112680594,up
PC,0.5555555729981592,up
PC,0.31250000827842306,none
PC,0.05374073458712303,none
PC,0.28263510006523584,none
PC,0.20805379548413971,none
PC,0.1731842894149851,down
PC,0.4992504291177131,none
PC,0.23538006151478053,none
PC,0.15637320817071498,none
PC,0.1480687468698323,none
PC,0.6887816724272506,up
QCOM,0.1152842098896747,up
QCOM,0.4492310058105502,up
QCOM,0.11052537773452897,none
QCOM,0.16067978204251276,up
QCOM,0.017478861177517624,down
QCOM,0.1459293370669441,none
QCOM,0.13526698652857805,none
QCOM,0.19560436955990834,up
QCOM,0.015392642560328795,down
QCOM,0.03926492216047417,none
QCOM,0.01792245204972831,down
QCOM,0.29765085852434336,up
AGIO,0.009098211461221029,down
AGIO,0.22740108390205815,none
AGIO,0.3938761897120375,up
AGIO,0.3741765606710248,up
AGIO,0.10471530923517647,none
AGIO,0.02319659774312366,none
AGIO,0.14799102446566148,down
AGIO,0.08589814963629694,down
AGIO,0.5331631965410817,up
AGIO,0.05755088907043171,none
AGIO,0.031128334754632947,down
AGIO,0.03780964262951514,down
BTC,0.091284483858318,down
BTC,0.09109206791619906,down
BTC,0.14195415370989095,down
BTC,0.5092621387468259,up
BTC,0.047692298889160156,none
BTC,0.16958641069273606,none
BTC,0.5324459369791685,up
BTC,-0.015096613761736433,down
BTC,0.741020714887227,up
BTC,0.1193748226263045,none
BTC,0.5049999782017298,up
BTC,0.1376070210185123,up
CNOBP,0.055372966700258486,up
CNOBP,0.026332338115818477,up
CNOBP,0.16382278429761188,up
CNOBP,0.05998943999115336,none
CNOBP,0.018969974406229717,none
CNOBP,0.02668292257871463,none
CNOBP,0.04284635314441343,none
CNOBP,0.03650176791311144,none
CNOBP,0.07111110809503618,up
CNOBP,0.0490407816945313,up
CNOBP,0.1487081827753689,up
CNOBP,0.009565302692179145,down
MAGE,0.09615387260561259,down
MAGE,0.0,down
MAGE,0.12500006984919465,none
MAGE,0.0,down
MAGE,1.0031627850858311,up
MAGE,0.0,down
MAGE,1.0185922159027405,up
MAGE,0.09615387260561259,down
MAGE,1.0031627850858311,up
MAGE,0.1979999542236328,down
MAGE,3.9916665875042456,up
MAGE,0.05494500096186172,down
NASC,0.6122450143260223,down
NASC,0.7272726810914423,none
NASC,0.26666665424903213,down
NASC,0.682692369413096,up
NASC,0.0,down
NASC,6.374999694409794,up
NASC,0.30000000000000004,down
NASC,1.28571422489322,up
NASC,0.5476191179011716,up
NASC,1.117646852579095,up
NASC,0.5624999490682991,down
NASC,0.825000013969839,up
GLO,0.1232394215711341,none
GLO,0.0555669768366569,none
GLO,0.06334788631940369,up
GLO,0.08835326714931346,up
GLO,0.08040439887120532,none
GLO,0.024042591123359047,down
GLO,0.05456404996243713,none
GLO,0.028333863109012203,none
GLO,0.07806923970492274,up
GLO,0.03463217927945683,down
GLO,0.09111414875075918,up
GLO,0.004190016625499782,down
DCOM-P,0.020260501826524724,none
DCOM-P,0.15624375646741506,up
DCOM-P,0.02240502078986406,down
DCOM-P,0.03873253224886408,down
DCOM-P,0.1683620744683998,up
DCOM-P,-0.0073116370593779845,down
DCOM-P,0.09881227849283936,none
DCOM-P,0.011284072907312481,down
DCOM-P,0.0035888705859301595,down
DCOM-P,0.06635036788694992,none
DCOM-P,0.026589084997903134,none
DCOM-P,0.10455597168011743,none
AMKR,0.30088486185504304,up
AMKR,0.13507273665233233,up
AMKR,0.052861862035070484,down
AMKR,0.009397975638762768,down
AMKR,0.02590847971635135,down
AMKR,0.021520301416648735,down
AMKR,0.40037134109008954,up
AMKR,0.18392410886804633,none
AMKR,0.10120614687547813,down
AMKR,0.4677170454662489,up
AMKR,0.0569508754715653,down
AMKR,0.07637096458356285,none
MXCT,0.11363631437632704,none
MXCT,-0.01379309059654088,down
MXCT,0.2601351253389008,up
MXCT,0.5382263728280396,down
MXCT,0.10249996185302734,none
MXCT,0.2458471800270181,none
MXCT,0.1818181128541314,down
MXCT,0.04575164077686855,none
MXCT,0.4525139441573063,up
MXCT,0.047169765345890236,down
MXCT,0.17432645239423272,none
MXCT,0.1793722385408869,down
AGRO,0.0011627355241612403,down
AGRO,0.1015625563694964,none
AGRO,0.24481633535167324,up
AGRO,0.025578739176233878,none
AGRO,0.017590108054591713,down
AGRO,0.0708813349062094,none
AGRO,0.03321367929605645,down
AGRO,0.2592592724118059,up
AGRO,0.13810733223520177,none
AGRO,0.0890908425651944,none
AGRO,0.1616161628157664,down
AGRO,0.19023897460650474,up
ADMQ,0.02161387740466414,none
ADMQ,0.14772731890855773,up
ADMQ,0.18400001525878906,up
ADMQ,0.03526968821716192,down
ADMQ,0.0,down
ADMQ,0.4886363828785656,none
ADMQ,0.07959189367686692,down
ADMQ,0.7867441180483812,down
ADMQ,0.0849056928692109,none
ADMQ,0.1499999968955914,down
ADMQ,0.06007072347419973,none
ADMQ,0.07959189367686692,down
AMGN,0.1232272955295044,up
AMGN,0.005660348206175447,down
AMGN,0.19560859044912382,up
AMGN,0.06728142536960569,none
AMGN,0.08432007133351194,up
AMGN,0.07045970404708157,none
AMGN,0.0319016849226863,none
AMGN,0.04071172201844675,down
AMGN,0.07242152980016381,none
AMGN,0.014205523488861393,none
AMGN,0.06071602391436248,none
AMGN,0.17557048598414626,up
LU,0.16144966744465927,none
LU,0.32518804876971097,up
LU,0.05530305689144632,down
LU,0.056768645267754936,down
LU,0.16052324520117822,down
LU,0.33625733032544836,up
LU,0.01878924709244223,down
LU,0.004149377935899867,down
LU,0.4756096973950539,up
LU,0.21803086917777814,up
LU,0.052727290901656954,down
LU,0.23701314527094386,up
CVVUF,0.11320755777939628,none
CVVUF,0.20000004768371582,none
CVVUF,0.0,down
CVVUF,0.09677562785074034,none
CVVUF,0.28571168402054203,none
CVVUF,0.20000004768371582,none
CVVUF,0.2786884477016156,up
CVVUF,0.2000010198654334,none
CVVUF,0.30434551259669296,none
CVVUF,0.2142846736082169,none
CVVUF,0.2244898207432917,none
CVVUF,0.2000000794728618,none
CNTHP,0.04076834269895069,up
CNTHP,0.0009442922236588824,down
CNTHP,0.04533549975272422,up
CNTHP,0.021909988326718643,down
CNTHP,0.029675013837155317,down
CNTHP,0.025278221684686297,down
CNTHP,0.008348691604683323,down
CNTHP,0.0009285195284387537,down
CNTHP,0.0517931603410442,up
CNTHP,0.0939032196021452,up
CNTHP,0.03603438387864988,up
CNTHP,0.6902379211183587,both
CATO,0.15481823078279722,up
CATO,0.12202312495269396,none
CATO,0.002118692653888754,none
CATO,0.12202312495269396,up
CATO,0.09808620600164608,down
CATO,0.10785614110397379,none
CATO,0.05319152443913078,none
CATO,0.13212214749140472,down
CATO,0.052856963239109156,none
CATO,0.06779662523760033,down
CATO,0.7323944454178004,up
CATO,0.05194792321721997,none
BCSF,0.029932754218398916,none
BCSF,0.08108103973992997,none
BCSF,0.06992244389575353,none
BCSF,-0.0030350304603364853,down
BCSF,0.041056449216463786,none
BCSF,0.09572362423147274,up
BCSF,0.031821331494444216,down
BCSF,0.03276797836476786,none
BCSF,0.05613989382720819,none
BCSF,0.1589239985726305,up
BCSF,0.04137936454998359,down
BCSF,0.007662783978116927,down
RSRV,0.04347831421565829,up
RSRV,-5.5507183422842665e-05,down
RSRV,0.06672848836961864,up
RSRV,0.060606048882472674,none
RSRV,0.12087904090915558,up
RSRV,0.11590903628050753,down
RSRV,0.09862515839512187,up
RSRV,0.011363720627858509,down
RSRV,0.06222223076953948,down
RSRV,0.04291855167845249,down
RSRV,0.10329666803721849,up
RSRV,0.027416991696514348,down
ANGO,0.16957868960242073,up
ANGO,0.17499997951090362,none
ANGO,0.10505528749891146,down
ANGO,0.36518768220610576,up
ANGO,0.043193708046209034,down
ANGO,0.27963180926512754,up
ANGO,0.029720294148515958,down
ANGO,0.11945698389498705,none
ANGO,0.18049789513995118,up
ANGO,0.34685314489440455,up
ANGO,0.21246458617379393,up
ANGO,0.28205132907664465,up
FMFG,0.03431948056676615,up
FMFG,0.0,down
FMFG,0.7806562315086256,down
FMFG,0.01744153195835829,up
FMFG,0.18032791033406315,up
FMFG,0.059345252098764956,up
FMFG,0.8800709581770565,up
FMFG,0.04358200318552674,up
FMFG,1.2307226060492837e-07,down
FMFG,0.08158146197971616,up
FMFG,0.013532942263824843,up
FMFG,0.04651149968033885,none
AMRC,0.1554977463316889,down
AMRC,0.009836082660115597,none
AMRC,0.10238614700503224,down
AMRC,0.019766563066918375,down
AMRC,0.33883922493452956,up
AMRC,0.13673942659322114,none
AMRC,0.11862128918666515,none
AMRC,0.1412004094597077,none
AMRC,0.19685666514173628,none
AMRC,0.40416168363245286,down
AMRC,0.724978864122032,up
AMRC,0.4807922794747401,up
FMCCJ,1.5249999364217124,up
FMCCJ,0.2661111619737413,down
FMCCJ,0.114929629043794,down
FMCCJ,0.8606273050591593,up
FMCCJ,0.6933799049847926,up
FMCCJ,-0.0033222559783855354,down
FMCCJ,0.19047619047619047,up
FMCCJ,0.264705901031683,down
FMCCJ,0.029776644990494594,down
FMCCJ,0.11673609157817588,none
FMCCJ,0.04063932933788794,down
FMCCJ,0.22006688988812417,up
TWST,0.8799445134937307,up
TWST,0.37346830356534966,down
TWST,0.30868471436522893,up
TWST,0.07377051572416193,down
TWST,0.33531157605922157,none
TWST,0.12869485917062162,none
TWST,0.27067266787542166,none
TWST,0.15275410590806549,none
TWST,0.1319173108366405,down
TWST,0.05190312839638778,down
TWST,0.182773603331843,down
TWST,0.008051898014699299,down
CHUC,2.885480464166593,up
CHUC,0.325263178038135,none
CHUC,0.20777772700345287,none
CHUC,0.7421604053808251,up
CHUC,0.15341262704009195,down
CHUC,0.14705876939024543,down
CHUC,0.43157892351922555,down
CHUC,0.13636365945427875,none
CHUC,0.09190172717885092,none
CHUC,0.09000003386627564,none
CHUC,2.3628572167547377,up
CHUC,0.036666667287548416,none
BOSC,0.05701759476851076,none
BOSC,0.05415165935028621,none
BOSC,0.2596153757981292,up
BOSC,0.10714284193759038,none
BOSC,0.1345454129305752,up
BOSC,0.43190667795614224,up
BOSC,0.32307698176457333,up
BOSC,0.14285706800044817,none
BOSC,0.21118014307928257,none
BOSC,0.32824434010648385,up
BOSC,0.10638296433266436,none
BOSC,0.4322916986808809,up
PDSB,0.020419366156078977,down
PDSB,0.7891987573656392,up
PDSB,0.07151363566664504,down
PDSB,0.14100003242492676,down
PDSB,0.2478031341357998,none
PDSB,0.13099631515733345,down
PDSB,0.17312078633165262,down
PDSB,0.13313603373636895,down
PDSB,0.3999999510936241,up
PDSB,0.4299999872843425,up
PDSB,0.592248180071459,up
PDSB,0.11917105934380667,none
MSBB,0.04273507002136334,up
MSBB,0.20819337517245717,down
MSBB,0.09311737514241414,up
MSBB,0.0669581909958965,up
MSBB,0.0599250347716076,up
MSBB,0.2288250921608299,up
MSBB,0.24068963938745958,up
MSBB,0.07115818150407516,up
MSBB,0.012363641912287004,both
MSBB,0.02112677427918852,both
MSBB,0.0533760164072028,none
MSBB,0.03549210816181203,up
WIT,0.0957447131580258,up
WIT,0.359574433141125,up
WIT,0.05154635786268025,down
WIT,0.09999982400140395,up
WIT,0.10290839836409504,up
WIT,0.16441451879282765,up
WIT,0.386117012309245,up
WIT,0.12275450855863879,up
WIT,0.02016134483809351,down
WIT,0.023178819979567056,down
WIT,-0.003508694634977605,down
WIT,0.01707572111771727,down
UTG,0.09441728508694003,none
UTG,0.12686807800621747,up
UTG,0.0350076558392487,down
UTG,0.041917617936853224,down
UTG,0.0023799991226209904,down
UTG,0.07883551970415237,none
UTG,0.08396539887119303,down
UTG,0.11010082105671071,up
UTG,0.11137570346252557,up
UTG,0.0670527731844639,up
UTG,0.014451889051518618,none
UTG,0.0031367186301105576,down
LOMLF,0.04166668994973155,none
LOMLF,0.13636364252114097,none
LOMLF,0.2799999713897705,up
LOMLF,0.3275862122120672,up
LOMLF,0.4509804379889626,up
LOMLF,0.17142858115994208,down
LOMLF,0.5319149583753497,up
LOMLF,0.024390220854836775,down
LOMLF,0.045454500299513256,none
LOMLF,0.1692307974459868,none
LOMLF,0.36206904170629595,up
LOMLF,0.043478218616745945,none
HGBL,0.4473684392147119,up
HGBL,0.01851850012202405,down
HGBL,0.03092780464424627,down
HGBL,0.1474104085193133,none
HGBL,0.14929576859401328,none
HGBL,0.0887573793369254,none
HGBL,0.07450982775426063,down
HGBL,0.3526010915436377,up
HGBL,0.05820106621041665,down
HGBL,0.1499999761581421,none
HGBL,-0.12987011244481017,down
HGBL,0.2406014458024841,none
ESLA,0.11999998092651376,none
ESLA,0.03896108017862199,down
ESLA,0.32978723741538274,none
ESLA,0.036144616382703276,down
ESLA,0.19827588421694653,none
ESLA,0.11666674458123638,none
ESLA,0.2280702165325974,down
ESLA,0.6447368627439909,up
ESLA,0.4509804379889626,none
ESLA,0.10144926534683552,down
ESLA,0.026431693076513385,down
ESLA,0.5857143331547181,up
EIX,0.016236714348543346,down
EIX,0.1185711835851464,up
EIX,0.17331210461205693,up
EIX,0.07881163755244591,none
EIX,0.09586572126300497,none
EIX,0.07584961856297423,up
EIX,0.027272694040997525,none
EIX,0.0885379590671318,up
EIX,0.2873740902760735,up
EIX,0.06661824569226216,none
EIX,0.022734382331306424,none
EIX,0.09817773751410974,none
TAIT,0.06382998099128012,none
TAIT,0.08695647814849039,none
TAIT,1.4345592342080264,up
TAIT,0.12505804182990898,none
TAIT,0.05013069882466681,none
TAIT,0.04686948054603057,none
TAIT,-0.007159807966377163,down
TAIT,1.3358612880927656,up
TAIT,6.933939200592931e-08,down
TAIT,0.054590328947322186,down
TAIT,0.053571491253345815,none
TAIT,0.03540959896850704,down
HZO,0.06712128108101889,none
HZO,0.2228682729302618,none
HZO,0.24695774826916983,up
HZO,0.05905187374927734,down
HZO,0.23046871766241184,up
HZO,0.41764488114049536,up
HZO,0.2535844726064651,up
HZO,0.19927923528997749,down
HZO,0.29119128765620705,up
HZO,0.1818182606342429,up
HZO,0.15649975774987746,none
HZO,0.35660174869194905,up
RBGLY,0.05512824665043481,none
RBGLY,0.03591776857256446,down
RBGLY,0.0238420896920839,down
RBGLY,0.01696275041433859,none
RBGLY,0.033724390554609185,down
RBGLY,0.04047766124736363,down
RBGLY,0.08188240281108072,none
RBGLY,0.09395420989493752,up
RBGLY,0.07338768053467049,up
RBGLY,0.11843245516905765,none
RBGLY,0.013040518375992294,none
RBGLY,0.029700704341705242,none
NAGE,0.22448973964853858,up
NAGE,0.5454545819434613,up
NAGE,0.12762519459616395,down
NAGE,0.08706465330676494,none
NAGE,0.2261538138756385,down
NAGE,0.10793647742085288,down
NAGE,0.13207541794288713,none
NAGE,1.9062500162981446,up
NAGE,0.004830913423070182,down
NAGE,0.24083765810288327,none
NAGE,0.0609136466072735,none
NAGE,0.36994211527717336,none
UNBLF,0.07943277820635397,up
UNBLF,0.03390156527822086,down
UNBLF,0.25496618380050506,down
UNBLF,0.05467947190136857,up
UNBLF,0.14779817073717028,up
UNBLF,0.4141466629402877,down
UNBLF,0.052147196418605324,up
UNBLF,0.052147196418605324,up
UNBLF,0.008332467315474767,down
UNBLF,0.0,down
UNBLF,0.15113629609245116,both
UNBLF,0.15017236364355613,down
GE,0.19010531637950634,up
GE,0.38563991931926367,up
GE,0.09719291400015018,none
GE,0.1482491630429701,up
GE,0.06262912260100273,down
GE,0.0913963635831152,none
GE,0.28188003490018443,up
GE,0.08496292939474315,none
GE,0.2095968247738924,up
GE,0.15636061393479528,up
GE,0.37383736164332615,up
GE,0.1405949496121932,up
SCCF,0.03255339014670855,none
SCCF,0.09858318115278442,up
SCCF,0.04837216231134733,none
SCCF,0.05032624678378461,none
SCCF,0.04905521604805951,none
SCCF,0.01998252934567324,down
SCCF,0.006036286827656445,none
SCCF,0.06444549901848196,none
SCCF,0.20437224781424645,up
SCCF,0.025480653554727173,up
SCCF,0.04625801939129581,up
SCCF,0.02241845650917962,up
LNTO,0.2933333714803059,none
LNTO,0.344769809864683,down
LNTO,4.833333333333333,down
LNTO,0.8774194679696934,down
LNTO,4.704286163043828,up
LNTO,1.3958001136779785,down
LNTO,0.2727272234672369,down
LNTO,0.4450000524520874,down
LNTO,0.1192308432957152,none
LNTO,0.17813767292465554,none
LNTO,0.2124999875823661,down
LNTO,0.3167420975569972,none
ISOU,0.007522106202396017,down
ISOU,0.11111108435257266,none
ISOU,0.14475131915284645,none
ISOU,0.4745972823471687,up
ISOU,0.5040322541880433,up
ISOU,0.6043165769952654,up
ISOU,0.22841000144449453,down
ISOU,0.48605579013769673,up
ISOU,0.035897400785167344,down
ISOU,0.35211265713798334,up
ISOU,0.1475431013601891,none
ISOU,0.011383548073600869,down
FMCCS,0.489418030966537,down
FMCCS,0.07238097417922251,up
FMCCS,0.39999998509883894,down
FMCCS,0.26108107695708394,up
FMCCS,0.3161419435281734,up
FMCCS,0.03658533039580969,down
FMCCS,0.11384617732121405,none
FMCCS,0.13596488415088137,down
FMCCS,0.13054341803303404,down
FMCCS,0.5903955296920036,up
FMCCS,0.5664336305590607,up
FMCCS,0.008356524354025119,down
SNTW,0.0,down
SNTW,0.0,none
SNTW,0.24999998137354873,down
SNTW,0.0,none
SNTW,0.0,none
SNTW,0.0,down
SNTW,0.11235957915637584,down
SNTW,1.0,up
SNTW,0.23749999348074202,down
SNTW,-0.2940199561694643,down
SNTW,0.027199983596801758,none
SNTW,0.0,none
IMUX,0.02958579948438378,none
IMUX,0.5185184563792467,up
IMUX,0.38983045368145364,up
IMUX,0.1576626629868365,down
IMUX,0.33333329741339823,none
IMUX,0.26196691100427594,none
IMUX,0.03703703703703698,down
IMUX,0.2661290558270195,none
IMUX,0.919753019556445,up
IMUX,0.06299214194879221,down
IMUX,1.0512821570891169,up
IMUX,0.17073165814885605,none
PCOR,0.10322131817144276,none
PCOR,0.05725426296892966,down
PCOR,0.05425459428267043,none
PCOR,0.12167565007004777,none
PCOR,-0.006423205869876547,down
PCOR,0.1924372283152389,up
PCOR,0.07841032306161044,none
PCOR,0.020909819033206656,down
PCOR,0.4284478311021469,up
PCOR,0.30341880341880345,up
PCOR,0.10940543509818412,none
PCOR,0.25933275219042096,none
ATHS,0.011345970102834224,none
ATHS,0.006228241392887801,none
ATHS,0.02073367417452987,up
ATHS,0.009765643323576212,none
ATHS,0.037292737459582614,up
ATHS,0.012534379367870496,none
ATHS,0.032155654194698347,up
ATHS,0.03427900600978706,up
ATHS,0.007361446252707182,down
ATHS,0.0178151888869309,down
ATHS,0.004522252115078729,none
ATHS,0.030122843624007967,none
ARRY,0.037953798885349777,down
ARRY,0.13705971702453912,down
ARRY,0.28883296205961617,up
ARRY,0.1668567611595666,none
ARRY,0.12017806071688963,none
ARRY,0.3194297289581134,up
ARRY,0.6215722533415868,down
ARRY,0.35381631652857615,up
ARRY,0.1396946465967004,none
ARRY,1.1818181818181817,up
ARRY,0.19170246015237513,none
ARRY,0.5816216339936127,down
BH,0.12570638861089667,none
BH,0.07123595966239593,none
BH,0.2236783321432343,up
BH,0.18850964766282297,up
BH,0.2895025212570175,up
BH,0.2031067600806955,up
BH,0.03186287308897495,none
BH,0.17086225940719912,none
BH,0.19818434378975813,none
BH,0.32127959395029637,up
BH,0.03215536038367772,none
BH,0.18147780845067318,none
BORR,-0.012820599796761756,down
BORR,0.7295080701755758,up
BORR,0.015836303935193863,down
BORR,0.14354850037876066,none
BORR,0.03285963346836174,down
BORR,0.7364341672685657,up
BORR,0.4775410800667901,up
BORR,0.5023040902518667,up
BORR,0.5209424199773303,up
BORR,0.6073902490982395,up
BORR,0.17495403559024258,down
BORR,0.1610044384400875,none
BKSY,0.8769841487595706,up
BKSY,0.3277778712319763,down
BKSY,0.6678799186035917,up
BKSY,0.922680365493213,down
BKSY,0.03414637867997339,down
BKSY,0.4295774878454792,up
BKSY,1.3882450797746992,up
BKSY,0.09278341393273903,down
BKSY,0.5520000457763672,up
BKSY,0.31858408480021416,none
BKSY,0.11111111111111116,down
BKSY,0.36697244395331685,none
KREF,0.20538178350821035,up
KREF,0.05728296818555911,none
KREF,0.13614383813893638,up
KREF,0.2923406502906791,up
KREF,0.021651924483373497,none
KREF,0.058823381382417717,down
KREF,0.10981546121496799,none
KREF,0.03687040944633524,down
KREF,0.04249535921257608,down
KREF,0.06202121612845679,down
KREF,0.01486700066050406,down
KREF,0.07013812704155509,none
HPP-PC,0.27115591907137127,up
HPP-PC,0.13649649461216407,none
HPP-PC,0.015224954727575346,none
HPP-PC,0.27488161804408806,up
HPP-PC,0.016289357103050905,down
HPP-PC,0.03544317820339504,down
HPP-PC,0.20702831665452925,none
HPP-PC,0.24404264214867277,up
HPP-PC,0.08734843483347987,none
HPP-PC,0.2835093611376647,up
HPP-PC,0.19865758152106539,up
HPP-PC,0.05085145672793878,none
OWLT,0.5816558882888172,up
OWLT,0.4044944422215855,up
OWLT,0.20933159389280798,down
OWLT,0.38659794031628003,down
OWLT,0.3220779413798147,none
OWLT,1.0121456953934609,up
OWLT,0.16319442801900208,none
OWLT,1.2755101097469197,up
OWLT,0.23663101288945665,none
OWLT,0.46994530108450117,up
OWLT,0.4013452794939283,up
OWLT,0.23394493062113186,down
NICH,1.199999955296517,none
NICH,0.3125000623653531,down
NICH,0.8333333548917266,up
NICH,0.13333335028757798,down
NICH,0.2500000198682544,none
NICH,0.4473683888046205,none
NICH,3.151223032930792,down
NICH,0.3055555591486212,down
NICH,0.2500000198682544,none
NICH,0.3685340569247466,none
NICH,0.22838903959050572,down
NICH,2.420000025331974,up
AMJB,0.0042483441130511945,down
AMJB,0.03898439214977212,down
AMJB,0.1209113131305315,up
AMJB,0.029806817284109943,none
AMJB,0.07697962592552998,down
AMJB,0.04836775939118443,down
AMJB,0.018349902916228178,down
AMJB,0.1782956209998392,up
AMJB,0.07449914465216168,up
AMJB,0.09400351612173119,up
AMJB,0.028795866714391938,none
AMJB,0.12533676827417728,up
GTCH,0.10714290022444706,down
GTCH,1.0,none
GTCH,0.0,none
GTCH,0.522193165606434,none
GTCH,0.0,none
GTCH,0.0,none
GTCH,0.7999998835846838,down
GTCH,0.16666664510827345,none
GTCH,0.4333333695514332,none
GTCH,0.5899999661337243,down
GTCH,0.0,down
GTCH,0.0,none
REOS,0.19866444301873143,none
REOS,0.9340205789638625,up
REOS,1.7289719027466668,down
REOS,0.0,down
REOS,0.06007072347419973,none
REOS,0.13953481521910982,none
REOS,0.45454547507047005,none
REOS,0.11666671944161378,none
REOS,0.35523610193281363,none
REOS,0.6491227496877454,none
REOS,0.10829104036140991,none
REOS,0.229773436642426,up
PSN,0.08784121544776369,none
PSN,0.0425683935316159,none
PSN,0.03367083275162841,down
PSN,0.1572067863773572,up
PSN,0.17843036626634334,up
PSN,0.09279607243620913,none
PSN,0.06145931224670065,down
PSN,0.005661623732108989,down
PSN,0.1638402732558628,up
PSN,0.04574526063347695,none
PSN,0.013541338792440127,down
PSN,0.15276880361772371,up
TDW,0.5525254962327648,up
TDW,0.4287689998824462,up
TDW,0.1592458081851036,none
TDW,0.19239738326719746,up
TDW,0.10021752773282344,down
TDW,0.17703965593669801,none
TDW,0.42745406474870595,up
TDW,0.03270196320575813,down
TDW,0.32306988109837675,none
TDW,0.34407099967240273,up
TDW,0.517536390752932,up
TDW,0.026463167713580926,down
NYT,0.14536276795698733,none
NYT,0.08359349702205887,down
NYT,0.22037566491541272,up
NYT,0.03242431534851464,none
NYT,0.12434863465906099,up
NYT,0.06314141792376726,none
NYT,0.030800241647464865,down
NYT,0.1967817068586486,up
NYT,0.07834111449286163,none
NYT,0.06325408310733072,none
NYT,0.07846503396728677,up
NYT,0.16059351548085354,up
MS-PA,0.007746475960960897,down
MS-PA,0.055833830843957655,none
MS-PA,0.030246615150661293,none
MS-PA,0.04984950265468924,up
MS-PA,0.030806284116099425,down
MS-PA,0.05212989538998447,none
MS-PA,0.07247942143714359,up
MS-PA,0.05568446912905056,up
MS-PA,0.03418595784907641,none
MS-PA,0.015082867734736327,none
MS-PA,0.006310953950351861,down
MS-PA,0.022609019746538284,down
UNTY,0.13966128659576094,none
UNTY,0.18336644993056717,up
UNTY,0.014402799919693843,down
UNTY,0.1906082924611825,up
UNTY,0.02508488494488126,none
UNTY,0.05208695738910363,none
UNTY,0.35640932840545947,up
UNTY,0.1572748739762151,up
UNTY,0.018123693716982636,none
UNTY,0.12025851568041124,none
UNTY,0.07729468359347047,none
UNTY,0.20421899849672331,up
KAVL,0.025252500926581378,down
KAVL,1.6822559185690689,up
KAVL,1.3421588268349094,up
KAVL,-0.0012804695350059347,down
KAVL,0.06932771346695543,down
KAVL,0.02953019365104681,none
KAVL,0.008928562875609058,down
KAVL,1.9323308041544704,up
KAVL,0.08108111010696084,down
KAVL,3.506976349099787,down
KAVL,0.0,down
KAVL,0.539473610828386,down
VBIO,0.656804649416072,up
VBIO,0.20000004174771369,down
VBIO,2.4456929334708692,up
VBIO,2.3454544824017005,up
VBIO,0.40350874467360054,down
VBIO,1.6000000448787914,up
VBIO,0.35227269250093785,down
VBIO,2.081433446175965,up
VBIO,1.2244897510582695,up
VBIO,0.37096774193548376,down
VBIO,0.0535331889319024,down
VBIO,0.032418952618453956,down
AZZTF,0.5333333705862371,up
AZZTF,0.1261261116131862,none
AZZTF,0.27777771262352524,up
AZZTF,0.1000000186264518,none
AZZTF,0.17777768947460393,none
AZZTF,0.012269963327602884,down
AZZTF,0.0645161631452178,down
AZZTF,0.2649572954366659,none
AZZTF,0.10000000000000009,down
AZZTF,0.2500000570197509,up
AZZTF,0.3529411055740639,none
AZZTF,0.2578124281499219,down
VIVC,0.4324323366470293,down
VIVC,1.7209300675090495,up
VIVC,0.34523813156178873,none
VIVC,0.8928570326189611,up
VIVC,-0.01960782480441492,down
VIVC,0.324999908730389,down
VIVC,0.16228063840495888,down
VIVC,0.1294118307041061,down
VIVC,0.344569330194453,up
VIVC,0.12280707184664652,down
VIVC,0.271739136068492,down
VIVC,0.0,down
SAJ,0.011623219460461742,none
SAJ,0.021521327352703956,up
SAJ,0.022405744047208298,up
SAJ,0.024052535444028855,up
SAJ,0.05333809425133995,none
SAJ,0.011553835093890186,none
SAJ,0.027357854179203667,down
SAJ,0.016087767601995484,none
SAJ,0.012279693067311692,none
SAJ,0.011030095479926283,none
SAJ,0.012506927223244313,none
SAJ,0.037628801611978124,up
ZSL,0.10157860920899875,down
ZSL,0.3066761586029334,up
ZSL,-0.049777149136858156,down
ZSL,0.23869616132342952,up
ZSL,-0.0016051119638154088,down
ZSL,0.0030052132091811234,down
ZSL,0.031165248336781692,down
ZSL,0.05147753753118911,down
ZSL,0.03480042612161083,down
ZSL,-0.008130081300813052,down
ZSL,0.45060157347438246,up
ZSL,0.40204373154078943,up
CHRD,0.0413394929261266,down
CHRD,0.07620919313677876,none
CHRD,0.02163373399659907,none
CHRD,0.2041724969830414,up
CHRD,0.06639089002968812,none
CHRD,0.031154482602796296,down
CHRD,0.18939102865317725,up
CHRD,0.058698362897350975,down
CHRD,0.09016799308356616,down
CHRD,0.2128868772525334,none
CHRD,0.0156988313133819,down
CHRD,0.0704002708768372,down
ARDT,0.09554136000435731,down
ARDT,0.18802761776469135,up
ARDT,0.07445596864694481,none
ARDT,-0.00454248510819899,down
ARDT,0.07634110451096476,none
ARDT,0.09746835083939343,none
ARDT,0.05667277963579287,none
ARDT,0.07816095633147135,none
ARDT,0.0333730299777677,down
ARDT,0.1312216999309126,none
ARDT,0.1680545238923572,none
ARDT,0.05749720805658054,none
KMB,0.08959029777389116,up
KMB,0.037686109496143816,none
KMB,0.17946870493457712,up
KMB,0.14352396574688053,up
KMB,0.02665884003553831,down
KMB,0.08026841411989238,none
KMB,0.025414366624442408,down
KMB,0.03890359785460573,none
KMB,0.04413235953638206,none
KMB,0.08009593183388586,down
KMB,0.038125612206363124,down
KMB,0.05108232000496149,none
SBUX,0.04001561642857032,none
SBUX,0.2876528282501143,up
SBUX,0.0515346514956625,none
SBUX,0.23317652726409,up
SBUX,0.05451260188383866,none
SBUX,0.04474080116978807,down
SBUX,0.20532261972629695,up
SBUX,0.16725905865973734,up
SBUX,0.07141161572593235,down
SBUX,0.037724088455866056,down
SBUX,0.16309660754377275,up
SBUX,0.026763231877291238,none
AAON,0.10102010964087871,none
AAON,0.2359737983846204,up
AAON,0.3156091721166301,up
AAON,0.11405525336440481,down
AAON,0.3119935117454238,up
AAON,0.07971295772296538,none
AAON,0.326309114655293,up
AAON,0.0064200782002399315,down
AAON,0.2286186264037524,up
AAON,0.1420016049139643,down
AAON,0.1777732671989085,up
AAON,0.12572284670505307,none
SOAR,0.07751193654885769,down
SOAR,0.12030087147151569,none
SOAR,1.56565635821531,down
SOAR,0.991150364435665,up
SOAR,0.42195120315869494,up
SOAR,1.7770706638042402,up
SOAR,0.027397266722235525,down
SOAR,0.011133614644504464,down
SOAR,0.3371560629497248,down
SOAR,0.016634080292601494,up
SOAR,0.9908676028582213,up
SOAR,0.06888360831866924,down
BELFB,0.13614922465517343,none
BELFB,0.05952384841080005,none
BELFB,0.7128633920941971,up
BELFB,0.07323327721656936,none
BELFB,0.19462598569433776,up
BELFB,0.0997142215129494,none
BELFB,0.41144437057984984,up
BELFB,0.10012177705975578,down
BELFB,0.1579109052139147,up
BELFB,0.1059621203847172,none
BELFB,0.13125184485693953,none
BELFB,0.17709192531480844,none
BLNC,0.0,down
BLNC,0.0,down
BLNC,0.0,down
BLNC,-0.11999998092651365,down
BLNC,0.0,down
JUVF,0.07681406731821716,up
JUVF,0.3741133503226268,down
JUVF,0.12389964011412746,up
JUVF,0.05271532673230883,down
JUVF,0.5121950958189139,up
JUVF,0.14800012211163205,up
JUVF,0.011881319763560994,down
JUVF,0.06451601129639983,up
JUVF,0.07681406731821716,up
JUVF,0.04388965058464711,down
JUVF,0.052805281591514985,up
JUVF,-0.0012121939707396834,down
ADC-PA,0.014381126460858429,none
ADC-PA,0.037829490589259995,down
ADC-PA,0.09819712953872162,up
ADC-PA,0.05700519974642515,down
ADC-PA,0.026330586756873053,down
ADC-PA,0.016942215688111606,none
ADC-PA,0.10667843743325633,up
ADC-PA,0.1049024182897369,up
ADC-PA,0.034705045738428586,none
ADC-PA,0.15516027932279997,up
ADC-PA,0.01821960051154603,none
ADC-PA,0.0028430816624887,down
ARTNB,0.0416668394797175,down
ARTNB,0.013333202087603357,up
ARTNB,0.02258078609622305,up
ARTNB,0.10144938164180695,down
ARTNB,0.04456831785429172,down
ARTNB,0.013333202087603357,up
ARTNB,0.013333202087603357,up
ARTNB,0.11764687225722881,up
ARTNB,0.11764687225722881,up
ARTNB,0.02258078609622305,up
ARTNB,0.019779104260413183,up
ARTNB,0.0416668394797175,down
IMMR,0.08014583681595688,none
IMMR,0.05782793821442156,down
IMMR,0.007394772810371819,down
IMMR,0.2789317215102456,up
IMMR,0.22967180593188563,up
IMMR,0.04136713999037611,down
IMMR,0.080691695596675,none
IMMR,0.1767289055935417,none
IMMR,0.31428594598102566,up
IMMR,0.1449702945615685,down
IMMR,-0.011464866777470384,down
IMMR,0.06060603754166416,down
DRIO,0.24999996733992158,down
DRIO,0.048104944210401124,down
DRIO,1.2302158885438739,up
DRIO,0.05874126862824358,down
DRIO,0.3681591780143627,none
DRIO,0.014285677955264031,down
DRIO,0.6782178339356588,up
DRIO,0.2527686686868409,down
DRIO,0.19587635150155047,none
DRIO,0.2202797573559132,none
DRIO,0.48788928534569753,up
DRIO,0.24149661474807393,down
SGHT,0.11206687433295492,none
SGHT,2.7854888678833185,up
SGHT,0.3381295204656194,none
SGHT,0.0202381052397822,down
SGHT,0.2343490251288567,none
SGHT,0.16528925098736824,none
SGHT,0.06351797260640368,down
SGHT,0.11815978270081029,down
SGHT,0.3815261221065056,up
SGHT,0.5869415444361832,up
SGHT,0.09059241785690442,down
SGHT,0.16631582159745073,down
KFY,-0.004771822402184656,down
KFY,0.06741131910074527,none
KFY,0.022833409479241285,none
KFY,0.12651335083806425,none
KFY,0.01307830138478594,down
KFY,0.03096764554248299,down
KFY,0.051062731792852034,none
KFY,0.1493710721472976,up
KFY,0.25839648232139734,up
KFY,0.06588818874753044,down
KFY,0.15604122561161127,up
KFY,0.02272064110898575,down
APD,0.050843212207247745,down
APD,0.10714689494668139,up
APD,0.0520320531871723,none
APD,-0.011865907989577651,down
APD,0.051253412517322294,down
APD,0.023348273939982844,none
APD,0.002658632554132012,down
APD,0.03889352999089324,down
APD,0.03456103367175367,down
APD,0.0653252651880154,none
APD,0.044259178595117854,none
APD,0.1436564791638255,up
JBLU,0.26591224780154143,up
JBLU,0.00990093307113904,down
JBLU,0.25,up
JBLU,0.36855035300593086,none
JBLU,0.410926366602824,up
JBLU,0.034106412360451976,down
JBLU,0.07048986387751688,down
JBLU,0.0782360878354369,down
JBLU,0.11096262011053071,down
JBLU,0.05955328998098919,down
JBLU,0.010835939821674634,down
JBLU,0.25382927873948047,up
ZTO,0.19413106509310052,down
ZTO,0.1196030714742955,none
ZTO,0.05730228234919843,none
ZTO,0.15044238631619566,up
ZTO,0.03851963590238161,down
ZTO,0.02980771590942144,down
ZTO,0.25097725454495246,up
ZTO,0.00932036304892514,none
ZTO,0.07220130795192525,down
ZTO,0.07630205014782998,none
ZTO,0.19636273695960682,up
ZTO,0.23391796605265958,down
DGX,0.06843149407932403,none
DGX,0.07327584925626818,none
DGX,0.019575010008007432,down
DGX,0.07161998135608849,none
DGX,0.06652684905744577,none
DGX,0.09606215337605861,up
DGX,0.22679160852666036,up
DGX,0.1781897758109119,up
DGX,0.019801385460059606,none
DGX,0.015569873296541248,down
DGX,0.12397573385834915,up
DGX,0.09694937060540565,up
MOB,2.773584769857703,up
MOB,0.012987000923330161,down
MOB,0.5928571836072578,up
MOB,0.5527950172590617,none
MOB,0.16393436375756276,none
MOB,1.310053762201341,up
MOB,0.5379309970615322,up
MOB,0.19871799574331117,none
MOB,0.32450331962347545,none
MOB,0.11627914713420862,none
MOB,-0.004739332208735791,down
MOB,0.7198335401859715,up
LICN,1.2999999523162842,up
LICN,0.29323306248923875,down
LICN,0.7438423703176147,up
LICN,0.5107913138450442,none
LICN,0.5000001259253097,up
LICN,0.6542055085607306,up
LICN,0.11947626892335239,none
LICN,-0.021276576317181495,down
LICN,0.30508472749833704,up
LICN,0.20020046038502892,down
LICN,1.509090864428475,up
LICN,0.12205123602913015,down
BGC,0.024553792388035234,down
BGC,0.06361601032929376,none
BGC,0.1993896070326564,up
BGC,0.192567169167424,up
BGC,0.1827676044190878,up
BGC,0.16188438378117342,none
BGC,0.11136861516048868,none
BGC,0.12989921794657522,none
BGC,0.12333530925892688,none
BGC,0.06349207701985393,down
BGC,0.1269696337591899,none
BGC,0.13116606569927014,none
CGC,0.28286853679537627,none
CGC,0.9958159633591139,up
CGC,0.0130434450895891,down
CGC,0.3355704676508393,none
CGC,0.07407409042651403,down
CGC,0.77064209949207,up
CGC,0.17453797219853273,none
CGC,0.4767802442610949,down
CGC,1.3564357791224166,up
CGC,0.9401820501008893,down
CGC,0.5740740556775794,up
CGC,1.1061948004283515,up
FNUC,0.22020723734273884,down
FNUC,0.3791946668484407,none
FNUC,0.19999994783319974,none
FNUC,0.03999997652493992,none
FNUC,0.14141416574008536,down
FNUC,4.340908958285921,down
FNUC,0.1339869782456764,down
FNUC,0.4103773470648595,down
FNUC,0.024896287537342632,down
FNUC,0.24736844289793058,none
FNUC,0.6065672008049581,up
FNUC,0.91626413411971,up
IPTNF,-0.03325420026329873,down
IPTNF,0.0,down
IPTNF,0.03305784334424655,down
IPTNF,0.0,down
IPTNF,0.0,down
IPTNF,0.3072727854652517,down
IPTNF,0.03305784334424655,down
IPTNF,0.00035103070358233346,down
IPTNF,0.0,none
IPTNF,0.4380000432332356,down
IPTNF,0.08695652549493671,down
IPTNF,0.03636365948301368,down
VECO,0.04911091474159979,down
VECO,0.13210648759276933,down
VECO,0.16287386838761275,none
VECO,0.08401860704900699,down
VECO,0.008906497443341044,down
VECO,0.01287107124756326,down
VECO,0.08837019005667912,down
VECO,0.03163259794989215,none
VECO,0.3230088593601499,up
VECO,0.2833562795279394,up
VECO,0.02605071122437863,down
VECO,0.14270392736466908,none
BLW,0.03052846803743181,down
BLW,0.1215899702407306,up
BLW,0.052647243928493515,up
BLW,0.09777138073120484,up
BLW,0.007033966122808044,down
BLW,0.015104196189122732,down
BLW,0.027660839927391878,down
BLW,0.02101289117618621,none
BLW,0.019825241896310075,none
BLW,0.02695019636584317,none
BLW,0.022063692129136392,none
BLW,0.01615161691671063,down
IXQUF,0.05508071589878383,none
IXQUF,0.011651446043725144,up
IXQUF,0.06213128669126511,up
IXQUF,0.09748746589176549,up
IXQUF,0.09748746589176549,up
IXQUF,0.009640719703998268,down
IXQUF,0.059296498884201077,up
IXQUF,0.09200000762939453,down
IXQUF,0.0060852354671296904,none
IXQUF,0.055070682626899625,up
IXQUF,0.09748746589176549,up
IXQUF,0.09850317795512598,up
VYX,0.10397910729138315,up
VYX,0.15686273663672878,up
VYX,0.1309227424082331,none
VYX,0.026158964327253065,down
VYX,0.2721163794465997,down
VYX,0.15908497281361322,none
VYX,0.006550229555103204,none
VYX,0.15332769270186852,none
VYX,0.0036443286998339985,down
VYX,0.07158513703060354,none
VYX,0.020960136606914537,down
VYX,0.09559370426823732,none
BIDU,0.140818558484463,none
BIDU,0.03502666387483777,down
BIDU,0.12316218210646146,down
BIDU,0.031549428467875895,none
BIDU,0.029532454833147037,down
BIDU,0.010631218737859882,down
BIDU,0.13988271763072602,none
BIDU,0.1729603241265456,up
BIDU,0.07452345089665702,down
BIDU,0.14442249315130407,down
BIDU,0.1890949143006173,up
BIDU,0.12635189130396074,down
BSIN,0.2743690117227233,none
BSIN,0.1521738461990445,down
BSIN,0.24537026417354135,down
BSIN,0.045092805030918726,down
BSIN,0.23503333010868155,none
BSIN,0.19634711141807992,none
BSIN,0.176470656983444,up
BSIN,0.01739128812274293,down
BSIN,0.02973969867940518,none
BSIN,0.14166662527455398,down
BSIN,0.045871514481795606,down
BSIN,0.028037355064628677,none
ABPO,0.06380749266763153,down
ABPO,0.012974031328333968,up
ABPO,0.16487459444343067,up
ABPO,0.04280159684912932,up
ABPO,0.006616276445803981,up
ABPO,0.003005991699503996,down
ABPO,0.1934959412629671,down
ABPO,0.21122115872846892,none
ABPO,0.14597542217832693,up
ABPO,0.0040080568854190535,up
ABPO,0.013320686234181034,up
ABPO,0.009072518931716678,up
HYSR,0.0,down
HYSR,1.1904762242656721,up
HYSR,0.09756098890644926,down
HYSR,0.04761905606641803,down
HYSR,0.7241380063376182,up
HYSR,0.6363635747885898,up
HYSR,0.14814809960184228,down
HYSR,0.4999999223897862,up
HYSR,0.06451614066167655,down
HYSR,1.2777779387471186,up
HYSR,0.7692307361660631,up
HYSR,0.5862069452772825,up
CWBHF,0.7708334225850821,none
CWBHF,0.34146337031183593,none
CWBHF,0.6828193942487557,up
CWBHF,0.4885495948760934,none
CWBHF,0.054999961629510485,down
CWBHF,0.058823552327814665,down
CWBHF,3.645161300659841,up
CWBHF,0.0208333760189523,none
CWBHF,0.05820109866500567,down
CWBHF,0.3911620652238701,none
CWBHF,0.9357798215305653,up
CWBHF,1.0288460684289964,up
AMEGF,0.2591196573528909,up
AMEGF,1.6591666637174782,up
AMEGF,0.24572155876424273,up
AMEGF,0.03200792990588863,down
AMEGF,0.22641506383706722,down
AMEGF,0.7289293512543722,down
AMEGF,0.8290855713188154,up
AMEGF,0.3015745202001201,up
AMEGF,0.4051078503529726,none
AMEGF,0.061951251105139216,down
AMEGF,0.14795445699179344,none
AMEGF,0.4092140868879066,none
LMB,0.45019606047985605,up
LMB,0.19616784772327223,none
LMB,0.05088761122861807,down
LMB,0.01754591224098867,down
LMB,0.3223796406252515,up
LMB,0.032806861820347644,none
LMB,0.5909089554439946,up
LMB,0.4081403329940039,up
LMB,0.27448272705078125,none
LMB,0.2129596114924459,none
LMB,0.2703418848580237,up
LMB,0.33333338284913316,up
IRT,0.00594242790219468,down
IRT,0.14329637883737467,none
IRT,0.019819874642848623,down
IRT,0.04968972898495316,none
IRT,0.15318081015320217,up
IRT,0.1834034247383156,up
IRT,0.10873617338772457,none
IRT,0.05944055341943821,none
IRT,0.152709391004066,up
IRT,0.04965355712766484,none
IRT,-0.005606907530602556,down
IRT,0.2027927146550499,up
GTBIF,0.2573426085606474,up
GTBIF,0.19264446537368918,none
GTBIF,0.1367291553449801,none
GTBIF,0.10471939836775723,none
GTBIF,0.13477968065495105,down
GTBIF,0.3470919195335047,up
GTBIF,0.7539326006739209,up
GTBIF,0.006097555213709249,down
GTBIF,0.3216266722794192,up
GTBIF,0.053240743040302574,none
GTBIF,0.27678575305914466,up
GTBIF,0.09406776599451216,none
CHCI,0.10108302285840298,down
CHCI,0.13780027479324186,down
CHCI,0.0624999931013146,none
CHCI,0.09734514581353326,none
CHCI,0.01890749399646019,down
CHCI,0.07777775658501529,none
CHCI,0.262019277059822,up
CHCI,0.41025635974768937,up
CHCI,0.2587665382339197,none
CHCI,0.12268511849789232,none
CHCI,0.056337971413949806,none
CHCI,0.12107622359514258,none
NEXCF,1.259259226043366,up
NEXCF,2.3333332298530483,up
NEXCF,1.1789474196050973,up
NEXCF,0.08749998975545181,down
NEXCF,0.17567566696791181,down
NEXCF,0.06829267654441629,none
NEXCF,0.0469313399704645,down
NEXCF,0.11650487333072634,down
NEXCF,0.16770183461062205,down
NEXCF,0.5673077452112252,up
NEXCF,0.11032035376736893,down
NEXCF,0.04999995032946458,down
INCR,0.8717949893582779,up
INCR,0.10420174491952028,down
INCR,0.22042559442826914,none
INCR,0.37444930034124324,up
INCR,0.1500000397364305,down
INCR,0.025316430864913864,none
INCR,0.11320751180453104,none
INCR,0.031446510230593416,down
INCR,0.1484716848260419,down
INCR,0.7590362259085022,up
INCR,0.3657143622677377,up
INCR,0.14393934125852303,down
CIEN,0.02999998393811687,down
CIEN,0.22698585706200913,up
CIEN,0.08574211199884951,none
CIEN,0.2084822431619031,up
CIEN,0.43250426374094997,up
CIEN,0.07645526472125952,down
CIEN,0.09952805939623821,none
CIEN,0.3333969722523158,up
CIEN,0.5551307169647204,up
CIEN,0.21981719545818024,up
CIEN,0.007893365658449447,down
CIEN,0.37463969251248286,up
NAMS,0.005040341769185108,none
NAMS,0.3980530395596902,up
NAMS,0.11165927191282776,none
NAMS,0.8700000762939453,up
NAMS,0.5031374414915661,up
NAMS,0.08157094068971871,down
NAMS,0.052895478632148496,none
NAMS,0.007556655700132975,up
NAMS,0.05034763616638527,none
NAMS,0.04869566101958789,none
NAMS,0.18640258746752525,none
NAMS,0.28012050766785035,up
NXDR,0.041284363033615934,down
NXDR,0.04700853626818691,down
NXDR,0.1818182651813245,none
NXDR,0.7074999809265137,up
NXDR,0.3118280056892313,none
NXDR,0.0721831578592127,down
NXDR,0.03886019115611572,down
NXDR,0.3068292503084613,up
NXDR,0.1132701866817567,none
NXDR,0.17154804578075455,up
NXDR,0.16828478814579695,none
NXDR,0.47035575916104544,up
YTRA,0.3361344175835097,up
YTRA,0.10666664441426588,down
YTRA,0.031088115865008925,down
YTRA,0.3953487753158935,up
YTRA,0.19999999999999996,down
YTRA,0.007751930820906638,down
YTRA,0.14285711146562607,down
YTRA,0.4379562202580438,up
YTRA,0.017142840794154512,none
YTRA,0.05139315430140323,none
YTRA,0.15789474509759627,none
YTRA,0.016129016752173708,none
PAX,0.11891129372415898,none
PAX,0.12992119064584773,up
PAX,0.010745862902309389,down
PAX,0.01250303791067009,down
PAX,0.0945945976566347,none
PAX,0.10174766969957316,down
PAX,0.18685400632817006,up
PAX,0.2164486332852562,up
PAX,0.006206352834553952,down
PAX,0.08282219785089229,down
PAX,0.011118462819384334,down
PAX,0.03240447432537086,none
ENGN,0.6005747531990908,up
ENGN,0.1636364098751184,down
ENGN,0.3197529724614192,down
ENGN,0.06666670905219174,down
ENGN,0.23583815627955418,down
ENGN,1.152061890511801,up
ENGN,1.2441858582525094,up
ENGN,0.1864406587885088,down
ENGN,0.03498516094083248,down
ENGN,0.04225354855837682,down
ENGN,0.030617034034179813,down
ENGN,0.012433451711667542,down
VRME,0.1888889786637884,none
VRME,0.7042838059721879,up
VRME,0.10122697075810749,none
VRME,0.12368421960735598,none
VRME,0.25087110011155,none
VRME,0.04605266666478447,down
VRME,0.1693811049621896,none
VRME,0.10802466160566815,down
VRME,0.007462679264300887,down
VRME,0.3955637398399423,up
VRME,0.043515148213634225,down
VRME,0.4521511324720846,down
AUC,0.8072289664219179,down
AUC,0.3245032963868164,down
AUC,0.06785710447229332,down
AUC,0.11111116925312126,down
AUC,0.8425925224133699,up
AUC,0.4054878399419215,up
AUC,0.11702124901349387,down
AUC,0.993055543802239,up
AUC,0.466275657090226,up
AUC,0.309523835954693,none
AUC,0.41758244829285873,none
AUC,0.19740259311328834,down
PRCH,0.4290221138115504,up
PRCH,0.10287614038718962,down
PRCH,0.03414630969318089,down
PRCH,0.06769231649545526,down
PRCH,0.007364987775877907,down
PRCH,0.32044204474453863,none
PRCH,0.10338340153209935,down
PRCH,0.9284089710840535,up
PRCH,1.1156069627044438,up
PRCH,0.015837034754739632,down
PRCH,0.3614626727811585,down
PRCH,0.11764708239432364,down
OPAD,2.752381177283749,up
OPAD,0.08000001040371973,down
OPAD,0.16885383201849202,none
OPAD,0.3407820957865475,none
OPAD,-0.00905797068064329,down
OPAD,0.09422495298942923,down
OPAD,0.10830861184916318,down
OPAD,1.20661156373421,up
OPAD,0.17660543047224442,none
OPAD,0.13219620829386236,down
OPAD,0.9071429441169832,up
OPAD,1.2144444113097292,up
PCG-PG,0.01859902848583883,down
PCG-PG,0.1876715990886364,up
PCG-PG,0.08544296702881482,up
PCG-PG,0.20469132705658732,up
PCG-PG,0.11178892838906962,up
PCG-PG,0.1773515290496639,down
PCG-PG,0.14705878302692832,down
PCG-PG,0.07310352496506134,up
PCG-PG,0.1639866869170148,up
PCG-PG,0.02243324865127172,none
PCG-PG,0.09852220883058171,up
PCG-PG,0.09269793766344714,none
MITT-PC,0.26654919909799046,up
MITT-PC,0.025183836130503012,down
MITT-PC,0.04419598411904935,down
MITT-PC,0.020675833036785107,none
MITT-PC,0.11962287920037395,up
MITT-PC,0.03028059325881416,up
MITT-PC,0.18268417656866331,up
MITT-PC,0.046445521604892015,down
MITT-PC,0.05019989789623591,down
MITT-PC,0.2480916045846877,up
MITT-PC,0.02226952147346206,none
MITT-PC,0.03166221398960145,none
HXL,0.11436260257684183,none
HXL,0.038980762210309994,down
HXL,0.004763246629605922,down
HXL,0.07283058282348254,down
HXL,0.008444146240180306,down
HXL,0.060713716089676684,none
HXL,0.0727345200361944,down
HXL,0.11963725085712462,up
HXL,0.05979526845538419,down
HXL,0.11139502352804564,none
HXL,0.059854963326457566,none
HXL,0.09471628340755034,none
SRGZ,1.3840398285858644,down
SRGZ,0.0205010608591063,down
SRGZ,0.8489983217252375,down
SRGZ,1.607272714957718,down
SRGZ,0.5555555003660719,down
SRGZ,1.607272714957718,down
SRGZ,1.6025407425727112,up
SRGZ,2.585000043772162,up
SRGZ,1.0,up
SRGZ,0.0205010608591063,down
SRGZ,2.331666762592894,up
SRGZ,0.0,down
ALTX,0.39999990065892943,up
ALTX,0.25000004656612984,none
ALTX,-0.0033333896266066754,none
ALTX,0.15384624201870856,down
ALTX,0.2962962227103181,none
ALTX,0.25000007761021625,up
ALTX,0.3750000232830648,up
ALTX,0.14285711244661004,none
ALTX,0.21212118201785746,none
ALTX,0.3750000232830648,none
ALTX,0.20689656589884575,none
ALTX,0.17056856153955402,none
ADIL,0.06666666666666665,down
ADIL,0.050000000000000044,none
ADIL,0.22857142857142865,none
ADIL,0.02941176470588225,down
ADIL,0.33333333333333326,down
ADIL,0.5182481751824817,up
ADIL,0.935483870967742,up
ADIL,0.10256410256410264,down
ADIL,1.2799999999999998,up
ADIL,0.11965811965811968,none
ADIL,0.14035087719298245,none
ADIL,0.18502202643171817,down
DUO,1.2708334464717823,up
DUO,0.11594200519873432,down
DUO,0.7584098588683796,up
DUO,1.4837208910333994,down
DUO,1.0185184705513626,down
DUO,0.535211358413745,down
DUO,0.43396232356461883,down
DUO,1.2343095892048064,up
DUO,0.10810808416175743,down
DUO,0.3054186863062509,none
DUO,1.0292683423050053,up
DUO,1.297155008893926,up
BKPKF,0.26047022416720855,up
BKPKF,0.125867792980916,up
BKPKF,0.125867792980916,up
BKPKF,0.1419527118459376,down
BKPKF,0.125867792980916,up
BKPKF,0.125867792980916,up
BKPKF,0.1419527118459376,down
BKPKF,0.26047022416720855,up
BKPKF,0.1419527118459376,down
BKPKF,0.26047022416720855,up
BKPKF,0.11955438464929458,down
BKPKF,0.125867792980916,up
EBRZF,2.220446049250313e-16,none
EBRZF,0.023528778594903654,up
EBRZF,2.220446049250313e-16,none
EBRZF,0.0,none
EBRZF,0.023528778594903654,up
EBRZF,2.220446049250313e-16,none
EBRZF,0.023528778594903654,up
EBRZF,0.023528778594903654,up
EBRZF,0.023528778594903654,up
EBRZF,0.023528778594903654,up
EBRZF,0.023528778594903654,up
EBRZF,2.220446049250313e-16,none
DKNG,0.11880735060691316,none
DKNG,0.18718252647607247,none
DKNG,0.03612060475754375,down
DKNG,0.3024294219780457,up
DKNG,0.14248522044385026,down
DKNG,0.18760435959311317,up
DKNG,0.1910111560811174,up
DKNG,0.190727802618057,none
DKNG,0.0019886276507674605,down
DKNG,0.00018691944698945306,down
DKNG,0.3931847909572177,down
DKNG,0.06657737865687019,down
UNIB,0.2911857912011513,up
UNIB,0.031250025764081535,up
UNIB,0.08055009314028849,up
UNIB,0.2911857912011513,up
UNIB,0.05341223623662095,up
UNIB,0.29936644363060827,up
UNIB,0.3072331847332481,up
UNIB,0.05970141328515366,up
UNIB,0.0,down
UNIB,0.14186842955179357,up
UNIB,0.031250025764081535,up
UNIB,0.05970141328515366,down
KR,0.08080821959409024,none
KR,0.010552996902790435,down
KR,0.03565878643346054,none
KR,0.013082286013494704,none
KR,0.008374600575244084,down
KR,0.026182475530311278,none
KR,0.05993461039333048,none
KR,0.10961997068266816,up
KR,0.008603980322627214,down
KR,0.04620879543549661,none
KR,0.08887412203947065,none
KR,0.042562816745012944,none
PCTTU,0.6450216178560195,up
PCTTU,0.3199999809265137,up
PCTTU,0.0,down
PCTTU,0.5215215372886666,up
PCTTU,1.3359451804466689,up
PCTTU,0.09907404406734677,down
PCTTU,0.29012337248421316,none
PCTTU,0.0,down
PCTTU,0.5135135135135136,up
PCTTU,0.21542802795853677,down
PCTTU,0.1925042821927232,down
PCTTU,0.01772438364775142,none
MDWD,0.6021362305340296,up
MDWD,0.21298545669774516,up
MDWD,0.03126533065291981,down
MDWD,0.07886092639692133,none
MDWD,0.31179773675589306,up
MDWD,0.30989264855807064,down
MDWD,0.12739200694779607,none
MDWD,0.26892652836311237,none
MDWD,0.1766594851792478,down
MDWD,0.20863317391060598,none
MDWD,0.023529381765514223,down
MDWD,0.15542167857936073,none
CPIVF,0.15384610424909462,down
CPIVF,0.5,both
CPIVF,0.7041420600944461,down
CPIVF,0.14285711244661004,down
CPIVF,3.2857140576352952,up
CPIVF,2.63636357478859,up
CPIVF,0.9333333209156986,up
CPIVF,0.4076246532940033,up
CPIVF,4.128205152697504,up
CPIVF,1.1874999054125555,up
CPIVF,0.33333333333333326,down
CPIVF,0.8749998690327692,up
SKY,0.0793892663853768,none
SKY,0.23693435557567288,up
SKY,0.04793267968741355,down
SKY,0.2670464550182463,up
SKY,0.11741005145102679,down
SKY,0.01704944432380362,down
SKY,0.086490676441769,down
SKY,0.06666660352249743,down
SKY,0.02959341388494985,down
SKY,0.11027449386907029,down
SKY,0.05908630220758759,none
SKY,0.17180670432953504,none
GRAB,-0.0018050094067749711,none
GRAB,0.1784036880777733,none
GRAB,0.11526476048662948,none
GRAB,0.11111116305415769,none
GRAB,0.1930379362427994,up
GRAB,0.049888314301506975,down
GRAB,0.35655732178553623,up
GRAB,0.039548030209026086,none
GRAB,0.011267595039523348,down
GRAB,0.055369114361391025,none
GRAB,0.03150685110466189,down
GRAB,0.046647184926552177,none
HCWB,1.4939466313399232,down
HCWB,0.06912442558334098,none
HCWB,3.581818089340672,down
HCWB,0.07454015756706256,none
HCWB,0.06818181818181812,none
HCWB,0.07610613275010847,down
HCWB,0.09549550684784003,down
HCWB,0.012289773214690047,down
HCWB,0.32682924348164377,none
HCWB,0.4550264201709129,up
HCWB,0.09842520079225547,none
HCWB,0.230769151102741,none
DAC,0.009321002989109095,down
DAC,0.06385856567410109,none
DAC,0.0804303580292649,none
DAC,0.27867814567415694,up
DAC,0.16563615968505463,up
DAC,0.08973821117110181,none
DAC,0.02454852097946536,down
DAC,0.1797938078246677,up
DAC,0.04073562207297621,down
DAC,0.20820697538199973,up
DAC,0.1457778567829371,up
DAC,0.07132184152841958,none
PKG,0.1137456785115829,up
PKG,0.13839841490663352,up
PKG,-0.004371894709180424,down
PKG,0.06306690596660247,down
PKG,0.09556925544323591,up
PKG,0.018094956917355187,down
PKG,0.08913538976651614,none
PKG,0.14871492238103468,up
PKG,0.1320918734418033,up
PKG,0.16679446928838493,up
PKG,0.050756848038371105,none
PKG,0.11370695664125874,up
OST,0.3789473684210527,down
OST,0.5765247410817032,up
OST,3.3712574850299397,up
OST,0.35036496350364965,none
OST,0.2065217391304348,none
OST,0.1852861035422344,none
OST,0.05128205128205132,down
OST,0.35365853658536595,none
OST,0.20833333333333326,none
OST,0.21839080459770122,none
OST,0.0185185185185186,down
OST,0.48611111111111116,none
OCCIN,0.011807842933455825,none
OCCIN,0.022491933843358458,up
OCCIN,0.02432698812157419,down
OCCIN,0.023232536626392353,up
OCCIN,0.01991354469905171,up
OCCIN,-0.0015657951260261704,down
OCCIN,0.0490056764314768,up
OCCIN,0.01966865814736729,none
OCCIN,0.013525393419583143,none
OCCIN,0.07748063369995273,none
OCCIN,0.012653008124972276,none
OCCIN,0.021672520627198155,up
PAYC,0.07574650002579664,none
PAYC,0.020994475086314246,none
PAYC,0.12139627286415489,up
PAYC,0.30047660444787017,up
PAYC,0.15492067999647174,up
PAYC,0.015487966488911376,down
PAYC,0.16773534662384004,up
PAYC,0.034394849348043044,down
PAYC,0.1985340654497254,down
PAYC,0.029011545211038214,none
PAYC,0.029136096652807142,none
PAYC,0.04418948530345812,none
ZION,0.17080444803219286,up
ZION,-0.009318226951967934,down
ZION,0.06675729004016007,none
ZION,0.08656232978643685,down
ZION,0.21264502959645037,up
ZION,0.038268839255501286,down
ZION,0.2877681859147374,up
ZION,0.10101640573489701,down
ZION,0.02929157530783555,down
ZION,0.2794566883837448,up
ZION,0.39362526862931957,up
ZION,0.03428885019750472,down
MTRN,0.15347912255581164,up
MTRN,0.13636377191889815,up
MTRN,0.06306204867054976,down
MTRN,0.09746565233482807,none
MTRN,0.31121878796118496,up
MTRN,-0.00262735751960097,down
MTRN,0.036405687317282,down
MTRN,0.2067484527142267,up
MTRN,0.0574252343011421,down
MTRN,0.057994228684902005,down
MTRN,0.11686787055176073,up
MTRN,0.09588187650135005,down
ADSK,0.20682711825033606,up
ADSK,0.038455318313251,none
ADSK,0.031579655610515234,down
ADSK,0.09748763093616719,down
ADSK,0.20778296128758855,up
ADSK,0.0861860973372568,down
ADSK,0.033857272381840886,down
ADSK,0.18126674558177336,up
ADSK,0.14722476961530062,up
ADSK,0.14956711882848195,none
ADSK,0.0760534863693898,none
ADSK,0.27197446143104753,up
CNA,0.023600444316935976,none
CNA,0.14838974105496283,up
CNA,0.02914896620428098,down
CNA,0.09361615783785049,up
CNA,0.045342954626762744,down
CNA,0.11597895194840246,up
CNA,0.04692592680504637,none
CNA,0.14246061800521836,up
CNA,0.04043055389443406,none
CNA,0.1118097996809524,up
CNA,0.1437628368165853,up
CNA,0.06394834142373895,none
HWCPZ,0.02262320167748677,none
HWCPZ,0.14415971310808717,none
HWCPZ,0.03139582962046972,none
HWCPZ,0.0301929014686646,none
HWCPZ,-0.0007997238072586788,down
HWCPZ,0.005314806869163968,none
HWCPZ,0.06452993001423524,none
HWCPZ,0.02315499229647866,down
HWCPZ,0.029125653287158215,down
HWCPZ,0.08496114703862556,up
HWCPZ,0.010699515900880252,down
HWCPZ,0.0196781395280774,none
BHE,0.17781943752694995,up
BHE,0.15704035406550498,down
BHE,0.17424694190707402,up
BHE,0.1870237491398512,up
BHE,0.0366055120782931,none
BHE,0.06434426201488708,none
BHE,0.10419781485334867,up
BHE,0.08160957565998772,down
BHE,0.04784137443395764,none
BHE,0.10743615685562635,none
BHE,0.033092788206713575,down
BHE,0.10900278343507352,down
LARAX,0.006709376987564131,down
LARAX,0.015555750768760479,up
LARAX,0.0010591035232301316,down
LARAX,0.0011000264654015268,down
LARAX,0.04271980497221439,up
LARAX,0.024864483381489277,up
LARAX,0.034934255031963346,up
LARAX,0.005936163824233898,down
LARAX,0.0009561388881067501,down
LARAX,0.000980516732764558,down
LARAX,0.016314666690953494,up
LARAX,0.023638992200499365,up
SLSR,0.3440134942507349,up
SLSR,0.09156549069784115,none
SLSR,-0.03255821793320157,down
SLSR,0.4448051686672154,up
SLSR,0.23694153535627183,down
SLSR,0.3791303858669892,up
SLSR,0.3635308059523015,up
SLSR,0.18130585520880782,down
SLSR,0.19148938976407104,none
SLSR,0.11856828516442186,none
SLSR,0.06261976153267956,none
SLSR,0.13442176930020677,none
KRNGF,0.032786840667773376,down
KRNGF,0.049207813414241075,up
KRNGF,0.032786840667773376,down
KRNGF,0.0,down
KRNGF,0.0,down
KRNGF,0.006410355106571508,down
KRNGF,0.04437915378946333,down
KRNGF,0.1361927264863545,up
KRNGF,0.032786840667773376,down
KRNGF,0.006410355106571508,down
KRNGF,0.049207813414241075,down
KRNGF,0.1361927264863545,up
LSTR,0.01616067025616208,down
LSTR,0.004006423315170871,down
LSTR,0.07146351693634734,none
LSTR,0.1110400131578333,up
LSTR,0.27388521530386045,up
LSTR,0.07329931523552813,none
LSTR,0.07804654841568492,none
LSTR,0.01657845281037451,down
LSTR,0.12999008045063265,none
LSTR,0.12116686875878746,none
LSTR,0.03739015237368304,down
LSTR,0.03747458131379555,none
EFC,0.028294301854662196,none
EFC,0.1138201344191232,up
EFC,0.019786716817348005,none
EFC,0.0894573575136659,none
EFC,0.21436933412829817,up
EFC,-0.026579169148891357,down
EFC,0.020463134569635333,down
EFC,0.05043130577077837,none
EFC,0.08020798416890051,up
EFC,0.04667250133286083,down
EFC,0.11768219594576257,up
EFC,0.004476750771748694,down
AUB-PA,0.04294937825826772,none
AUB-PA,0.10408135853396883,up
AUB-PA,0.05130880731042042,none
AUB-PA,0.034332738310684174,none
AUB-PA,0.05452068531546117,none
AUB-PA,0.07842184070555991,up
AUB-PA,0.0702997575565718,none
AUB-PA,0.01904379384487731,down
AUB-PA,0.017531455172101085,down
AUB-PA,0.032126609053914956,none
AUB-PA,0.05673108216610401,none
AUB-PA,0.1783795777577828,up
AHG,0.37383173509335266,none
AHG,1.4383419580947834,up
AHG,0.38524591605594716,down
AHG,0.1401424819996806,down
AHG,1.0686273868154523,up
AHG,0.3363636334080342,none
AHG,0.06590258408165917,none
AHG,0.47200002670288077,down
AHG,0.018987323148685453,down
AHG,0.8896104921516936,up
AHG,0.11510789084030981,down
AHG,1.1064301053938306,up
UCAR,0.11314986778632896,down
UCAR,0.07616703724840934,none
UCAR,0.07692307692307687,down
UCAR,0.05054945054945059,down
UCAR,0.7048544281894722,up
UCAR,0.6259259824399594,up
UCAR,0.17070063694267512,down
UCAR,0.5690909645774147,up
UCAR,0.1805336899147012,none
UCAR,0.22405528894858495,down
UCAR,0.30584190728044147,none
UCAR,0.33333333333333326,down
ABXXF,0.1577829116406375,none
ABXXF,0.018867996956399402,down
ABXXF,0.01785717326767622,down
ABXXF,0.23463202998528265,up
ABXXF,0.14096386137436423,down
ABXXF,0.8781780010965234,up
ABXXF,0.38340492030475004,up
ABXXF,0.5170043860738704,up
ABXXF,0.02727277390556293,down
ABXXF,0.3169399490887286,up
ABXXF,0.030303033475979513,down
ABXXF,0.1946565119362469,none
IMNM,0.46982751238029574,up
IMNM,0.15424155527851058,down
IMNM,0.33614860565406435,none
IMNM,0.24524523177150304,none
IMNM,0.17642276769463194,down
IMNM,0.14840905994915832,down
IMNM,1.2137406275104476,up
IMNM,0.20814481004836116,down
IMNM,0.1327433605912578,down
IMNM,0.019366221274442985,down
IMNM,0.12286560506032185,down
IMNM,0.7045454637817115,down
NEOG,0.02730379403550587,down
NEOG,0.026206286887438868,down
NEOG,0.04822832465326998,down
NEOG,0.08365446782249708,down
NEOG,0.06680645508925509,down
NEOG,0.2256729130031816,none
NEOG,0.1611342234601374,down
NEOG,0.32048039144292484,up
NEOG,0.041416905345097677,down
NEOG,0.002231363877015058,down
NEOG,0.3339051017159922,up
NEOG,0.24912898296112895,up
GFF,0.23799590051012864,up
GFF,0.16740554420614395,up
GFF,0.09043741774729952,down
GFF,0.08734561912302508,none
GFF,0.06259333676748713,down
GFF,0.22518688648047913,up
GFF,0.26886067018241566,up
GFF,0.1649980537425948,up
GFF,0.20516730906545422,up
GFF,0.36965964700504683,up
GFF,0.1823398632566422,up
GFF,0.14934838574853604,up
CPSH,0.16249999161809692,none
CPSH,0.0,none
CPSH,0.31097555065968296,up
CPSH,0.2098361032491607,none
CPSH,0.039604001686713186,none
CPSH,0.014705867915830284,none
CPSH,0.4175084166975527,up
CPSH,0.0755813913193184,none
CPSH,-0.006960494981316456,none
CPSH,0.11805552106212813,none
CPSH,0.063122942798155,none
CPSH,0.566878952841338,up
IBKR,0.13416453653434712,up
IBKR,0.06558734648865516,down
IBKR,-0.001368336127367975,down
IBKR,0.0412301942549993,down
IBKR,0.1470722090579588,down
IBKR,0.1783132573858781,up
IBKR,0.1600629978312167,up
IBKR,0.13823873919904606,up
IBKR,0.2855561322677078,up
IBKR,0.2941065480367837,up
IBKR,0.16721614691661402,up
IBKR,0.025378400458894834,down
ISCO,0.28571433133008517,none
ISCO,0.541666720993818,down
ISCO,0.19999995529651704,down
ISCO,0.2619047331837021,none
ISCO,0.38461549042245013,none
ISCO,0.8499999962747098,up
ISCO,0.2926828683238163,up
ISCO,0.11111108351636934,down
ISCO,0.15384624201870856,none
ISCO,0.14814811135515904,down
ISCO,0.15384624201870856,none
ISCO,0.12765951645541573,down
V,0.13449553802852932,up
V,0.0531751710444095,none
V,0.042791044240591214,down
V,0.02438003252785248,none
V,0.06042636869890927,up
V,0.030898023224414706,none
V,0.10030328174566794,down
V,0.022310960293441262,none
V,0.03977128518801276,down
V,0.01588613753883683,down
V,0.06656888186254584,none
V,0.05167223314761338,up
IGI,0.04371149607411828,up
IGI,0.021804967013369758,down
IGI,0.09876350345532847,up
IGI,0.02903182660478354,none
IGI,0.037626661679936335,none
IGI,0.022075598711123856,none
IGI,0.07703739614593541,up
IGI,0.11976995214493558,up
IGI,-0.002788875171323757,down
IGI,0.033371172616797784,none
IGI,0.04398001822179798,up
IGI,0.011845147762469033,none
SAY,0.008120959985732146,none
SAY,0.0172985472221987,up
SAY,0.0227559073826622,down
SAY,0.017247422067601548,none
SAY,0.029170820512379514,up
SAY,0.01668863556061817,none
SAY,0.022536783825172435,none
SAY,0.011226926935964388,none
SAY,0.01912329692061343,none
SAY,0.017770383326851213,up
SAY,0.016367326328653453,none
SAY,0.0227559073826622,down
MDGL,0.15972045974907734,down
MDGL,0.3275213938390875,down
MDGL,0.1890001789672513,up
MDGL,0.11281224276898438,none
MDGL,0.1799552217584106,down
MDGL,0.07967098821179674,none
MDGL,0.1276268725368208,down
MDGL,0.3749947413194057,up
MDGL,0.08719900165049266,down
MDGL,0.2856770131756432,up
MDGL,0.42545643875084505,up
MDGL,0.49145141480999865,up
DHX,0.3382352057271747,up
DHX,0.05474456016253537,down
DHX,0.11936334523655479,down
DHX,0.20772950754813668,none
DHX,0.15207369221371092,none
DHX,0.05474456016253537,down
DHX,0.014062449126505117,down
DHX,0.12032086805782005,none
DHX,0.2760736076671517,up
DHX,0.031249968955915364,down
DHX,0.3100436899450658,up
DHX,0.6800000326974052,up
JMIA,0.03442030034003163,down
JMIA,0.9425818241988699,up
JMIA,0.4617676974304774,up
JMIA,0.10513035861281383,down
JMIA,0.18611762102912444,down
JMIA,0.07984417315233272,down
JMIA,0.1677631568628004,down
JMIA,0.08793967410935988,down
JMIA,0.7426273369335177,up
JMIA,0.8469386811754911,up
JMIA,0.8035777287197563,up
JMIA,0.5709876967919087,up
ZEPP,0.11904765114762705,down
ZEPP,0.12615725037281544,none
ZEPP,0.09999997195075627,down
ZEPP,0.4912281307157065,up
ZEPP,0.04157315301994147,down
ZEPP,-0.0040360280000729665,down
ZEPP,0.0,down
ZEPP,0.03896108017862199,down
ZEPP,0.1842105620895842,none
ZEPP,0.07361107109873544,down
ZEPP,0.08808296190358633,none
ZEPP,0.06666660145816805,none
NCNO,0.012937025417821157,down
NCNO,0.24592225452279348,up
NCNO,0.07722903274159587,none
NCNO,0.23258812528705564,up
NCNO,0.17181208443162332,none
NCNO,0.09870752147087702,down
NCNO,0.005790409891087922,down
NCNO,0.034179447241864835,down
NCNO,0.050359720456794044,down
NCNO,0.0047190805499472965,down
NCNO,0.17686843409578268,up
NCNO,0.008396768708622826,down
AMPL,0.081687595993438,down
AMPL,0.02782606041949731,down
AMPL,0.12423867227162311,none
AMPL,0.362540300215765,up
AMPL,0.08003368310229697,none
AMPL,0.0744379951808849,down
AMPL,0.03979672283277913,down
AMPL,0.14455683416879594,none
AMPL,0.1061259297707331,none
AMPL,0.29654511803870376,up
AMPL,0.21501013786784529,up
AMPL,0.020972380536606883,down
SFRX,0.15384613547687187,down
SFRX,0.4545455315142628,none
SFRX,0.3181818085607171,up
SFRX,0.3157894220873929,none
SFRX,1.7777777634055156,up
SFRX,0.07894735552184828,none
SFRX,0.13960120952536048,down
SFRX,0.40000007450580766,none
SFRX,1.2432432075278048,up
SFRX,0.3749999272404274,none
SFRX,0.3333333850734759,none
SFRX,0.23333332298530474,none
SNWV,0.16698904670323222,none
SNWV,0.3975903614457832,none
SNWV,0.31782181316291824,none
SNWV,0.20604025324982134,none
SNWV,0.26914658712730843,none
SNWV,0.22955864487021094,none
SNWV,0.4107142857142858,up
SNWV,0.26238143637223477,none
SNWV,0.29262316426722745,none
SNWV,0.5202290332523656,up
SNWV,0.19383588153553877,down
SNWV,0.07880149224346589,down
VAUCF,0.06250000727595717,down
VAUCF,0.3199999731779102,none
VAUCF,0.4631578980390385,none
VAUCF,0.38461543499970086,up
VAUCF,0.30973455295163976,down
VAUCF,0.033333339542150675,none
VAUCF,0.23199999332427979,none
VAUCF,0.2333333767950545,none
VAUCF,0.7777776673988104,up
VAUCF,0.552941151721255,up
VAUCF,0.1653543085356899,none
VAUCF,0.14925369648870834,none
APH,0.1164887614883705,up
APH,0.013304087852329394,down
APH,0.061491501584967745,none
APH,0.0456968156197326,none
APH,0.2413437814207664,up
APH,0.048155421545009736,down
APH,0.13091193752747143,up
APH,0.1159598903562995,none
APH,0.20093342055876828,up
APH,0.01771426470685422,down
APH,0.24123609948011304,up
APH,0.08623466100791854,down
GRDN,0.2720803753061818,up
GRDN,0.14413262430568707,none
GRDN,0.3256527639219111,up
GRDN,0.2866214356423691,up
GRDN,0.12732524637096043,none
GRDN,0.26575726988256165,up
GRDN,0.2020084443607424,none
GRDN,0.2574766507991302,up
GRDN,0.4838867221151304,up
GRDN,0.08248381338918098,none
GRDN,0.471883596381933,up
GRDN,0.09131493732687557,down
KMI,0.16305040688744432,up
KMI,0.020337015224982435,none
KMI,0.0627178335973182,none
KMI,0.10217312528485722,up
KMI,0.18389203033488255,up
KMI,0.0112929321953541,none
KMI,0.08605333193852904,up
KMI,0.23437027096658802,up
KMI,0.11397745948231575,up
KMI,0.08100273568982974,none
KMI,0.0982294830517283,up
KMI,-0.004027928868908237,down
GSKRF,0.4776253732155875,up
GSKRF,-0.07142860944173757,down
GSKRF,0.8750001164153245,up
GSKRF,0.05263160784158716,none
GSKRF,1.4554854547631635,up
GSKRF,0.1312674234946598,down
GSKRF,0.006922616550248728,none
GSKRF,0.07858238303995391,down
GSKRF,0.11884616407417026,none
GSKRF,1.1645569515197711,up
GSKRF,0.6026344860038351,up
GSKRF,0.03697852292377002,none
KSPI,0.023873998978081845,down
KSPI,0.052716027725839165,down
KSPI,0.13427721994342967,none
KSPI,0.10236822002840529,none
KSPI,0.19558472235215363,up
KSPI,0.09982665302700156,none
KSPI,0.04295279203808633,down
KSPI,0.2885124002471646,up
KSPI,0.10164667330652866,down
KSPI,0.08604556185513901,down
KSPI,0.21803268882918747,up
KSPI,0.14509992980351627,up
PLCKF,2.6277601580557226,down
PLCKF,0.39047628995242745,up
PLCKF,0.07382545100263305,none
PLCKF,-0.008888880411783817,down
PLCKF,-0.05904760814848398,down
PLCKF,0.07547174267346413,down
PLCKF,0.036496315432303694,down
PLCKF,0.15415024083575046,down
PLCKF,0.18784536117781414,none
PLCKF,0.40384624201870856,down
PLCKF,0.017667828149905418,down
PLCKF,4.476190533632596,up
APLM,5.760834478801297,down
APLM,0.39062491967342905,none
APLM,0.4378108990074101,none
APLM,3.6800382043935054,down
APLM,2.7767777120725814,down
APLM,0.02329697482691251,up
APLM,1.3866666666666667,up
APLM,0.08202443280977323,none
APLM,0.3125,down
APLM,0.11645813264333449,down
APLM,0.007049345417925457,up
APLM,1.482663020641375,up
AGNCO,0.024234919275728517,none
AGNCO,0.02786884301340442,none
AGNCO,0.02470226049790991,down
AGNCO,0.024264697393219903,none
AGNCO,0.0320302629524849,up
AGNCO,0.008695911758227703,down
AGNCO,0.0314935574887929,up
AGNCO,0.051631809091356784,down
AGNCO,0.01826048426151816,none
AGNCO,0.06454585229460053,none
AGNCO,0.0152792628135201,none
AGNCO,0.10138976913976827,up
PFFL,0.13172438206375703,up
PFFL,0.15957475873951577,down
PFFL,0.0069738909145302674,down
PFFL,0.012357632284142106,down
PFFL,0.01240152553108187,down
PFFL,0.230966904074422,up
PFFL,0.08371137749557311,down
PFFL,0.12028582419826028,up
PFFL,0.0472914189893614,down
PFFL,0.023416085324969638,down
PFFL,0.037067154312223405,down
PFFL,0.08395302864621157,none
WALD,0.19533522589951402,none
WALD,0.285266404730105,none
WALD,0.09600990774806828,none
WALD,0.02832865265202167,none
WALD,0.05357145011222353,down
WALD,0.25142860412597656,none
WALD,0.016025702746429227,down
WALD,-0.00956936889347082,down
WALD,0.098335893617846,up
WALD,0.14583324365042238,both
WALD,0.05288468151403136,none
WALD,0.03278685320900654,down
RDN,0.26061596606765525,up
RDN,0.1889922145524323,down
RDN,0.12192908268941482,up
RDN,0.04511939625635408,none
RDN,0.09490064600544224,none
RDN,0.12579701839373825,up
RDN,0.021599706577000388,down
RDN,0.04603078053006637,down
RDN,0.21932381347355778,up
RDN,0.026611479125766335,none
RDN,0.2567829404063233,up
RDN,0.05416266909066714,none
BUDZ,0.09523814930126684,down
BUDZ,0.25000004656612984,none
BUDZ,0.48484845474513016,up
BUDZ,0.8750001164153245,none
BUDZ,0.09999997764825852,none
BUDZ,0.09999997764825852,none
BUDZ,0.3750000232830648,none
BUDZ,0.33333333333333326,none
BUDZ,1.0,up
BUDZ,0.07142860944173757,down
BUDZ,0.0,none
BUDZ,0.428571443776695,none
GMAB,0.053010064337702945,down
GMAB,0.027052495207848137,down
GMAB,0.22841885930931638,down
GMAB,0.01606923510370173,down
GMAB,0.38420412443947605,up
GMAB,0.034390855058684444,down
GMAB,0.2755101465923353,up
GMAB,0.004233117138657816,down
GMAB,0.019725849401464934,none
GMAB,0.06978693504686806,none
GMAB,0.022824515106255827,down
GMAB,0.31375694432276524,up
ELS,0.08391112908414367,none
ELS,0.02682874529623236,none
ELS,0.009260589198234914,down
ELS,0.009140642797631715,down
ELS,0.14735325102017804,up
ELS,0.08806838226614366,none
ELS,0.07600496562602466,none
ELS,0.038753776893151404,none
ELS,0.05985152910085345,down
ELS,0.11128592889040845,up
ELS,0.05480591911605015,down
ELS,0.02986388998747458,down
REGCP,0.013445433404318585,down
REGCP,0.020515939458916055,down
REGCP,0.05728700340892612,up
REGCP,0.032235855569161975,none
REGCP,0.0202274665811617,none
REGCP,0.027293885399745754,down
REGCP,0.04641778669362728,none
REGCP,0.010102429232295762,down
REGCP,0.014352089924678513,down
REGCP,0.001687775483063314,none
REGCP,0.006952952351540365,down
REGCP,0.00807274944186065,down
VIOT,0.10989008426881619,none
VIOT,0.008620722252352664,down
VIOT,0.45454548310376097,up
VIOT,0.19101123615467142,none
VIOT,0.25144505786385163,none
VIOT,1.8713648479670568,up
VIOT,0.1607717177942236,down
VIOT,0.12903219913928132,none
VIOT,0.31081083550081057,none
VIOT,0.06829272192497982,down
VIOT,0.07761190802358464,down
VIOT,0.008546944047373328,down
OPY,0.020264807167598597,none
OPY,0.26956296651784895,up
OPY,0.0616076806995538,none
OPY,0.07288707280705653,down
OPY,0.24647667701683873,up
OPY,0.11809960525120022,down
OPY,0.07147598042000536,down
OPY,0.0761229736817246,none
OPY,0.12752493876154114,none
OPY,0.009692401780657,down
OPY,0.0206856835021203,down
OPY,0.023873512691795495,down
ATH-PE,0.018909374851119543,none
ATH-PE,0.09639039465863641,up
ATH-PE,0.047633232975589745,none
ATH-PE,0.038075066191681106,none
ATH-PE,0.027816604061971617,none
ATH-PE,0.059771173878272243,none
ATH-PE,0.0346226223081636,none
ATH-PE,0.03828250987738957,none
ATH-PE,0.053852832854331734,none
ATH-PE,0.01172020920598027,none
ATH-PE,0.06381613134024544,none
ATH-PE,0.042403400951141146,none
GNRC,0.1953181623489817,none
GNRC,0.10050475887044774,down
GNRC,0.061845533413093845,none
GNRC,0.13193662896303704,down
GNRC,0.027952878629133426,down
GNRC,0.14946365608054024,none
GNRC,0.08426578055005374,down
GNRC,0.30463633582022953,up
GNRC,0.01844682416322163,down
GNRC,0.0807647996833174,none
GNRC,0.017094324984591402,down
GNRC,0.017274533700862182,down
AWP,0.03845149670839021,down
AWP,0.016759580961018372,down
AWP,0.17514090023142526,up
AWP,0.035971077506727456,down
AWP,0.05048642629013278,down
AWP,0.11231786573307745,up
AWP,0.01763236811705937,down
AWP,0.18358698484275338,up
AWP,0.1315821746427046,none
AWP,0.029799566068913874,none
AWP,0.07992023537161486,none
AWP,0.04174502829676796,none
TFIN-P,0.0,down
TFIN-P,0.04466058256846117,none
TFIN-P,0.013876395859584889,down
TFIN-P,0.016616061246760738,none
TFIN-P,0.02592130487196842,down
TFIN-P,0.03803947950190345,none
TFIN-P,0.029220922050261278,down
TFIN-P,0.008264517993911591,down
TFIN-P,0.019739680024525752,none
TFIN-P,0.00967927175505845,none
TFIN-P,0.010769457935640325,down
TFIN-P,0.027593934859405644,down
CNBX,5.2999997089617095,up
CNBX,1.0,none
CNBX,0.46666666666666656,none
CNBX,0.16822432509488316,down
CNBX,0.33333323632056966,down
CNBX,0.09489048564257474,down
CNBX,1.3333333954215063,none
CNBX,0.28571419068137294,none
CNBX,1.3333331393078063,up
CNBX,0.0,down
CNBX,0.7499999818101055,down
CNBX,0.7142858568350929,none
OTLY,0.176151754233435,none
OTLY,0.14754100154721939,none
OTLY,0.008363256907519157,down
OTLY,0.22770200808992036,up
OTLY,0.1940298017200519,none
OTLY,0.4619085125793616,up
OTLY,0.9800569310964191,up
OTLY,0.13821136446369198,none
OTLY,0.05491331072996597,down
OTLY,0.05017105677296252,down
OTLY,0.01545968925736707,none
OTLY,0.209048390715467,none
AOS,0.20425657226403304,up
AOS,0.06999684226469594,none
AOS,0.026471971428336127,down
AOS,0.06314759635198985,none
AOS,0.222679214994429,up
AOS,0.060876834436513816,none
AOS,0.2772791496546101,up
AOS,0.16877688694485293,up
AOS,0.07246057805304629,down
AOS,0.025925990155347023,down
AOS,0.20796884429603413,up
AOS,0.15912884793146476,up
YIBO,0.18483418212988245,none
YIBO,2.9149999618530273,up
YIBO,0.20143883041106192,none
YIBO,0.13309357114586295,none
YIBO,0.4844804707109933,up
YIBO,0.17379675275171058,none
YIBO,0.24407583518534604,none
YIBO,4.2415240333871855,down
YIBO,0.25,up
YIBO,2.7285715615668327,up
YIBO,0.9047619932289122,up
YIBO,0.08809528720261772,down
MFON,0.2643678365665314,up
MFON,0.16666660043928627,down
MFON,0.49999994678156745,down
MFON,0.36000001430511475,up
MFON,-0.013422805905036084,down
MFON,0.09154929518344934,down
MFON,0.0,down
MFON,0.0,down
MFON,0.13513508506549265,none
MFON,0.03125006402842834,down
MFON,0.12000000476837158,up
MFON,0.7066666285196941,up
FTHY,0.10479842358908464,none
FTHY,0.05328396682484238,up
FTHY,0.06765353212714165,none
FTHY,0.039406599843203605,none
FTHY,0.0804255735219146,up
FTHY,0.042706191703188345,down
FTHY,0.07429147517359214,none
FTHY,0.021100368711836737,down
FTHY,0.032313461022621004,none
FTHY,0.039406599843203605,none
FTHY,0.011834643826579061,down
FTHY,0.015747514113758854,none
COF,0.09131369833995162,down
COF,0.0393911871391186,none
COF,0.023273719324733433,down
COF,0.20073739846327965,up
COF,0.03816202841402938,down
COF,0.20526473061494754,up
COF,0.08543790927417039,none
COF,0.0033472088508015307,down
COF,0.2938797722477422,up
COF,0.015174688569936645,down
COF,0.15969557829915493,none
COF,0.29541151681804534,up
PLD,0.1040532024122538,down
PLD,0.047565948033377436,none
PLD,0.06962874742317315,none
PLD,0.16371301321016407,up
PLD,0.006113630016801874,down
PLD,0.08373221872318615,none
PLD,0.17273397638615418,up
PLD,0.1299709227172725,none
PLD,0.0436391352499188,none
PLD,0.14996951524030977,up
PLD,0.06723402047375004,none
PLD,0.04168305697626473,none
HOOD,0.5696555729895141,up
HOOD,0.024324278811745925,none
HOOD,0.1830554607426178,none
HOOD,0.030303050736824266,none
HOOD,0.3398937399367139,up
HOOD,0.4203273263349572,none
HOOD,0.09555262720277358,down
HOOD,0.6257520513464652,up
HOOD,0.02081364932645502,down
HOOD,0.4048781372832819,up
HOOD,0.04727647068740226,down
HOOD,0.6617466222275556,up
CNTM,0.791505716867815,none
CNTM,0.3048781241284184,none
CNTM,0.981481499877976,up
CNTM,0.0762712181179539,down
CNTM,0.30769233120498884,none
CNTM,16.50000009313226,down
CNTM,0.16379315748934942,down
CNTM,0.014285700905079413,down
CNTM,0.00710656772723639,none
CNTM,0.25217383642503277,down
CNTM,0.49025078031861247,none
CNTM,0.014605609721943136,up
ELCPF,0.06540100213621769,down
ELCPF,0.02481389682380808,none
ELCPF,0.08836214942280174,up
ELCPF,0.19867538779603122,up
ELCPF,0.06540100213621769,down
ELCPF,0.030612243781156012,down
ELCPF,0.03909468698826335,down
ELCPF,0.12472162098745598,up
ELCPF,0.09071286581448845,up
ELCPF,0.030612243781156012,down
ELCPF,0.004854390731886538,down
ELCPF,0.1652359704396016,up
SEPN,1.0214041090297932,up
SEPN,0.11243286129015373,down
SEPN,0.3405659930907199,up
SEPN,1.1262798215457317,up
SEPN,0.09045408468914551,none
SEPN,0.25988698317048753,down
SEPN,0.32034629854233154,up
SEPN,0.010185621544387624,down
SEPN,0.2241378743356548,none
SEPN,0.06051389182367095,none
SEPN,0.5650000321237665,up
SEPN,0.40942702681358534,up
NONOF,0.12637096555709237,none
NONOF,0.11446827189274567,none
NONOF,0.07286913024036501,none
NONOF,0.057415840555994135,down
NONOF,0.0718678667169621,down
NONOF,0.2457592802592956,none
NONOF,0.021892901393943953,down
NONOF,0.20944871033929835,up
NONOF,0.05679786028987355,none
NONOF,0.21916060736420695,up
NONOF,0.23218059307543615,up
NONOF,0.03728581010430165,down
GLATF,0.6978724133865848,up
GLATF,0.8749999720603232,up
GLATF,0.07387868407034248,down
GLATF,0.10769239233796024,down
GLATF,0.013157882353605599,down
GLATF,0.23015870162539032,none
GLATF,0.07105269019293403,down
GLATF,0.10810808416175743,down
GLATF,0.09523812226968142,down
GLATF,0.6170212604061625,up
GLATF,0.038461579608730645,down
GLATF,0.2696629363980927,none
PTLO,0.03656721930908713,down
PTLO,0.16550886651340613,up
PTLO,0.14904086069928302,up
PTLO,0.11299435352948595,none
PTLO,0.07914818025839532,down
PTLO,0.018934046266177784,down
PTLO,0.4404232827383241,up
PTLO,0.1974337950285463,none
PTLO,0.7931817489714676,up
PTLO,0.37843339734496295,up
PTLO,0.25478344966943123,up
PTLO,0.013622263187241579,down
ELMD,0.1411870243688662,none
ELMD,0.018656698160751883,none
ELMD,0.2054439412571245,none
ELMD,0.2566371324579535,up
ELMD,0.019762846445765092,down
ELMD,0.3513513513513513,up
ELMD,0.06756764344951383,none
ELMD,0.07680000305175771,none
ELMD,0.18495931571155144,none
ELMD,0.1499548232316792,none
ELMD,0.03434813161360273,none
ELMD,0.0723443183455672,down
MGM,0.2509335895077873,up
MGM,0.03925200370539983,down
MGM,0.19006285740010798,none
MGM,0.051517101755966355,down
MGM,0.1340448970431738,none
MGM,0.056635469186887555,none
MGM,0.13190530906305642,up
MGM,0.024654369981673696,down
MGM,0.004176451100929901,down
MGM,0.25700433790971977,up
MGM,0.0452729906119842,down
MGM,0.17884754656161994,up
PEPG,0.13822278154375245,down
PEPG,0.5982607965884001,up
PEPG,0.1688596470589343,down
PEPG,0.44453126440639634,up
PEPG,0.11695599881535568,down
PEPG,0.11695599881535568,down
PEPG,0.13437290514929812,down
PEPG,0.5094339079430812,up
PEPG,4.465517530188983,up
PEPG,0.6614745389262024,down
PEPG,0.456664287458703,up
PEPG,4.327730964481243,up
PAYS,0.5476190971769537,down
PAYS,0.3016759627715375,none
PAYS,0.320224686744101,up
PAYS,0.05555557027275215,none
PAYS,0.03982297103942156,down
PAYS,0.7309941357396414,up
PAYS,0.2870968168657615,none
PAYS,0.8579545446848573,up
PAYS,0.5209301562229354,up
PAYS,0.22727268211769514,up
PAYS,0.06382983040626322,none
PAYS,0.48484845474513016,up
INEOF,0.36311571835201706,up
INEOF,-0.07356113742815817,down
INEOF,0.5529955008792029,none
INEOF,-0.006547570433001471,down
INEOF,0.2839867071740625,none
INEOF,0.3780431497097798,up
INEOF,0.17540688525296955,up
INEOF,0.6690000295639038,up
INEOF,0.19350257454814268,none
INEOF,1.074364046042625,up
INEOF,0.0,down
INEOF,0.1843663675625733,none
MCFT,0.08776840121710561,none
MCFT,0.04772156023166585,down
MCFT,0.12226974493060494,none
MCFT,0.33398157224873537,up
MCFT,0.001737659293720828,down
MCFT,0.2085616436119173,up
MCFT,0.054624372476759664,down
MCFT,0.02257119778036265,down
MCFT,0.04316758593456327,down
MCFT,0.3545783817177919,up
MCFT,0.0709459579191214,down
MCFT,0.0,down
THFF,0.049439377536294904,none
THFF,0.05375570622792036,none
THFF,0.04942168851742079,none
THFF,0.10644335324397636,up
THFF,0.08628869517553373,up
THFF,0.03266812733475222,none
THFF,0.0208674368035926,down
THFF,0.07210887212851613,down
THFF,0.15081068218777394,up
THFF,0.06253152246343485,down
THFF,0.07326778708543347,none
THFF,0.05157398973386251,none
OXLCN,0.026320621197148064,none
OXLCN,0.020371913142383402,down
OXLCN,0.0019286710252222061,down
OXLCN,0.07051159334770607,none
OXLCN,0.030777779642224168,none
OXLCN,0.022856069478595753,none
OXLCN,0.013520439480753987,none
OXLCN,0.02276672006599867,up
OXLCN,0.02789686509108935,up
OXLCN,0.041957151611147214,up
OXLCN,0.02453344104990185,up
OXLCN,0.03799782146681063,none
CLB,0.5893355712026127,up
CLB,0.1225632058781676,none
CLB,0.47217541806581775,up
CLB,0.12069566901742479,down
CLB,0.36512889233257817,down
CLB,0.07129148729728052,none
CLB,0.07440111634224822,down
CLB,0.2334524081300442,up
CLB,0.19849016462866098,down
CLB,0.15469877105258245,none
CLB,0.1311010105932422,none
CLB,0.20538388700443733,up
MGIH,6.844261860982038,up
MGIH,0.9790576112292906,up
MGIH,1.9069070651517088,up
MGIH,0.4330709289651544,up
MGIH,1.0213903538775564,up
MGIH,0.2359550030038955,down
MGIH,0.3286713607340759,up
MGIH,0.07692307149707389,none
MGIH,0.27222223473183926,none
MGIH,0.6761467577863076,up
MGIH,0.0794451762027586,none
MGIH,0.13772456585867277,none
IPWR,0.397179422692044,none
IPWR,0.15066222734427437,down
IPWR,0.0748101358195179,none
IPWR,0.21397378603296047,none
IPWR,0.0,down
IPWR,0.3380435516117666,up
IPWR,0.012374661435240242,down
IPWR,0.10413081325850237,none
IPWR,0.1706444254948778,none
IPWR,0.14866583142406609,down
IPWR,0.6776557356642889,up
IPWR,0.023809500639594416,down
LOB,0.10528359996146386,down
LOB,0.029172230521295583,down
LOB,-0.012151184245694835,down
LOB,0.4976012568596502,up
LOB,0.5354141738897908,up
LOB,0.06825956222933671,none
LOB,0.034221121535048526,down
LOB,0.20171804483220868,none
LOB,0.08253111778921829,down
LOB,0.003441351906008805,down
LOB,0.04904994294546561,down
LOB,0.0272096866508984,down
REFR,0.11574073614161717,none
REFR,0.19047616730626094,none
REFR,0.09375000582076631,none
REFR,0.7197451958468093,up
REFR,0.10138249809924371,none
REFR,0.12804880486507653,none
REFR,0.33333342163651314,down
REFR,0.3858267849573269,down
REFR,0.13145537856614853,none
REFR,0.059999942779541016,none
REFR,0.24479174912752155,none
REFR,0.05752217477411148,none
WCUFD,0.11285713932952102,down
WCUFD,0.7766000747680664,down
WCUFD,0.42857149344723533,none
WCUFD,-0.005385382838958508,down
WCUFD,0.48444068134775686,up
WCUFD,1.7309237837039646,up
WCUFD,0.18526320491801496,none
WCUFD,-0.017256092272611157,down
WCUFD,0.19850185627164074,none
WCUFD,0.9622641848940678,up
WCUFD,3.666666666666667,up
WCUFD,0.006190491610232662,down
TARA,0.18971066639528344,none
TARA,0.3269840323135125,up
TARA,0.12030072290124205,none
TARA,0.06572763331627463,none
TARA,0.1282798280578068,none
TARA,0.19220786137290702,none
TARA,0.08677687253157962,down
TARA,0.11914903028565393,down
TARA,0.07142858967489163,none
TARA,0.016877722448569,down
TARA,0.17033771764448047,none
TARA,0.26190486462478924,none
UFPT,0.13652266145104486,none
UFPT,0.04822411363816426,down
UFPT,0.1316765888259097,none
UFPT,0.02153387215181346,none
UFPT,0.17312227810499903,none
UFPT,0.13668310175320908,none
UFPT,0.3350191225925392,up
UFPT,0.08380790947499395,down
UFPT,0.23513039009349979,up
UFPT,0.33751788538430927,up
UFPT,0.06901941064620654,down
UFPT,0.18163061348438347,up
SNEJF,0.06311825584220454,up
SNEJF,0.07458860639196252,up
SNEJF,0.009121288799664562,down
SNEJF,0.2666968529323024,up
SNEJF,0.09250616772462372,down
SNEJF,0.0,down
SNEJF,0.16345215976826144,up
SNEJF,0.1185603933181385,up
SNEJF,0.23193741527167355,up
SNEJF,0.10160764191225247,up
SNEJF,0.38040344068874243,up
SNEJF,0.07924181708848477,up
BOH,0.11390578171037657,none
BOH,0.25248941113447776,up
BOH,0.04033902307734771,none
BOH,0.026330481761529523,none
BOH,0.014604660252434787,down
BOH,0.03886605173510316,none
BOH,0.06652406620429607,down
BOH,0.5680921694041019,up
BOH,0.2502664021372858,up
BOH,0.023454868580413235,down
BOH,0.01895735194697923,down
BOH,0.03432544329206766,none
BEOB,0.062271059834700715,down
BEOB,0.030690343137719456,down
BEOB,0.0185185185185186,down
BEOB,0.03126130656422821,none
BEOB,0.06956521136072391,up
BEOB,0.13939388451274226,down
BEOB,0.03126130656422821,none
BEOB,0.017529326857625538,down
BEOB,0.030690343137719456,down
BEOB,0.030690343137719456,down
BEOB,0.16755677942502256,up
BEOB,0.0,down
BRGX,0.7274436119182963,up
BRGX,1.483333284180198,down
BRGX,0.0,down
BRGX,-0.029933451734516114,down
BRGX,2.3333334023201937,up
BRGX,0.25000004656612984,up
BRGX,0.5999999403953562,up
BRGX,1.0047170611183973,up
BRGX,0.12640810384487278,down
BRGX,0.7857142572044118,up
BRGX,-0.10456144576465443,down
BRGX,0.21621624887033097,down
VCRDX,0.016924124962845122,up
VCRDX,0.014955790819302983,up
VCRDX,0.018980479799923344,up
VCRDX,0.01589710099093522,up
VCRDX,0.013917698255852873,up
VCRDX,0.014955790819302983,up
VCRDX,0.014866220769696792,up
VCRDX,0.01377954834626327,up
VCRDX,0.014935188593383053,up
VCRDX,0.013792897160614048,up
VCRDX,0.014969967528367434,up
VCRDX,0.01496073192688252,up
HG,0.08315564944576415,none
HG,0.045323157053988705,down
HG,0.17675277045588778,up
HG,0.20564902854831346,up
HG,0.09518769412077366,none
HG,0.2503644830171139,up
HG,0.11838001195251802,none
HG,0.23580033728189043,up
HG,0.03906248540144297,none
HG,0.19773131642021613,up
HG,0.05351345319500611,none
HG,0.06752576196169091,none
MFG,0.1282052261171187,up
MFG,0.1176470908427556,up
MFG,0.09746591376981595,up
MFG,0.2362637006348287,up
MFG,0.05739133546163511,down
MFG,0.0945625959898928,up
MFG,0.03896116951687523,none
MFG,0.10387598389251429,up
MFG,0.15682281157958777,up
MFG,0.1282052261171187,up
MFG,0.14588854985038635,up
MFG,0.1696034245775544,up
UNFI,0.5246211876622364,up
UNFI,0.12458471941244609,none
UNFI,0.337988844674155,up
UNFI,0.23044241846135227,up
UNFI,0.05285546097351257,none
UNFI,0.025274234811633267,down
UNFI,0.31474601930574075,up
UNFI,0.5515873473908208,up
UNFI,0.15472705488460625,down
UNFI,0.5505014612189638,up
UNFI,0.24263574888941286,up
UNFI,0.05072815810401399,down
RMMZ,0.02838297469056017,none
RMMZ,0.055248781282367876,down
RMMZ,0.02271845365485725,down
RMMZ,0.033297187592333355,none
RMMZ,0.05922701251667917,none
RMMZ,0.06877621678441859,none
RMMZ,0.034903484567220255,up
RMMZ,0.006548804241488515,down
RMMZ,0.04179643767033614,down
RMMZ,0.03495520244768158,none
RMMZ,0.11377595759723591,up
RMMZ,0.01590209396395692,none
MSCI,0.17370089858643234,up
MSCI,0.10349613110354139,up
MSCI,0.1474586581996571,up
MSCI,0.05655566015453051,down
MSCI,0.06595432383513589,none
MSCI,0.04311504980316405,down
MSCI,0.0538357292965812,none
MSCI,0.01966546000148428,down
MSCI,0.16139990722733,none
MSCI,0.034216420196025554,down
MSCI,0.04655205726457501,down
MSCI,0.13429047101080216,down
KBGGY,0.2883907869882598,down
KBGGY,0.455283157084716,up
KBGGY,0.1599295257281761,up
KBGGY,0.1257551105626744,none
KBGGY,0.21287673216905056,up
KBGGY,0.6669166260025232,up
KBGGY,0.12304807967365661,up
KBGGY,0.43673335055793383,down
KBGGY,0.2394254145458945,up
KBGGY,5.010663569244297,up
KBGGY,4.230702436661217,up
KBGGY,0.06219361289465475,up
AEG,0.07975453441821023,down
AEG,0.08082414550885564,down
AEG,0.1247739987781944,up
AEG,0.07740920016316655,down
AEG,-0.01984107011830094,down
AEG,0.1422682101983217,up
AEG,0.32906011898078136,up
AEG,0.034793741034935044,down
AEG,0.08306711674377265,none
AEG,0.15231798453846435,up
AEG,0.04734858682502896,none
AEG,0.04461543906846188,down
CGNX,0.14814340981257623,up
CGNX,0.11360295427902556,down
CGNX,0.14222917701821247,up
CGNX,0.12251808833641098,none
CGNX,0.16021197439967771,up
CGNX,0.41637934422189526,up
CGNX,0.022035291029221193,down
CGNX,0.14910835889720353,up
CGNX,0.12401165027873096,up
CGNX,0.03216507064122953,none
CGNX,0.386900775536112,up
CGNX,0.11034494526949468,down
STLD,0.07584106646171951,none
STLD,0.041811166979756065,none
STLD,0.32072395137690135,up
STLD,0.4006550791745316,up
STLD,0.30936113700373125,up
STLD,0.3306306452581209,up
STLD,0.03258918133433464,down
STLD,0.17636185520345582,up
STLD,0.05185176155311311,none
STLD,0.09554279052284209,down
STLD,0.032306013379199694,down
STLD,0.22797190458641303,up
SBRA,0.036222166243826015,none
SBRA,0.05369487739955603,none
SBRA,0.08636966169733884,none
SBRA,0.3159213598404995,up
SBRA,0.020408296985575447,down
SBRA,0.10801595551980747,none
SBRA,0.07464744697305892,none
SBRA,0.09875554800991204,up
SBRA,0.05067195160543547,none
SBRA,0.009815089808199229,none
SBRA,0.050322650120562695,none
SBRA,0.10102620384882877,none
CIB,0.0240335576716193,down
CIB,0.028647354393734448,none
CIB,0.19577704810951047,up
CIB,0.1705179352604107,up
CIB,0.04137340721620242,down
CIB,0.025920431303775526,down
CIB,0.16223916242568603,up
CIB,0.2702737810358171,up
CIB,0.09785198494388614,none
CIB,0.24951941131428157,up
CIB,0.2091825058216441,up
CIB,0.03537465467781975,down
DEA,-0.0008587205219430238,down
DEA,0.12238659495622906,up
DEA,0.09375008070475777,up
DEA,0.003617690301321419,down
DEA,0.009374765360009363,down
DEA,0.09360509410276885,none
DEA,0.05919225211126422,none
DEA,0.10170590545677682,down
DEA,-0.00132349725971459,down
DEA,0.06681605547081149,none
DEA,0.06005017032205595,down
DEA,0.07256197182627622,down
RCKY,0.14199428462457653,down
RCKY,0.025305038660752288,down
RCKY,0.17557411421719826,none
RCKY,0.31990424601170986,up
RCKY,0.032725476949621246,down
RCKY,0.01956902635100355,down
RCKY,0.17069757257361684,none
RCKY,0.1748153362714513,up
RCKY,0.4828222404126714,up
RCKY,0.06766137354052848,down
RCKY,0.19734145180036844,none
RCKY,0.22360637140244655,none
EDGM,2.66666672875484,down
EDGM,0.24843947077623696,up
EDGM,0.15000002793967782,down
EDGM,0.19047622426567212,down
EDGM,2.562499832652983,down
EDGM,0.33333333333333326,up
EDGM,0.18679053930017986,down
EDGM,19.0,up
EDGM,3.9549550305431858,up
EDGM,0.5384614723321262,down
EDGM,1.3722943869550979,none
EDGM,0.17948715744404198,down
SENEB,0.47598376232892603,up
SENEB,0.0717000504676959,up
SENEB,0.11307748994626876,up
SENEB,0.029846023464354277,down
SENEB,0.3581267292900554,up
SENEB,0.37449666477689814,up
SENEB,0.09651796676635227,up
SENEB,0.3581267292900554,up
SENEB,0.3416317631171919,up
SENEB,0.0,down
SENEB,0.05454545454545445,down
SENEB,0.16628484313976943,up
GOLD,0.1696534888788046,none
GOLD,0.224296489983572,none
GOLD,0.1565122509117245,none
GOLD,0.12392642880908378,down
GOLD,0.3483002985724737,up
GOLD,0.28478840028306807,up
GOLD,0.12552291683813532,none
GOLD,0.18072392958109718,up
GOLD,0.14957262284278294,none
GOLD,0.027739976343627237,down
GOLD,0.5298199796948428,up
GOLD,0.1144686956463703,down
CTRN,0.1140151618323928,down
CTRN,0.12854951842373663,down
CTRN,0.01043477265731152,down
CTRN,0.09930971052385029,none
CTRN,0.438720461453173,up
CTRN,0.03221920277993928,none
CTRN,0.07511589730940771,none
CTRN,0.027226587471650632,down
CTRN,0.2054506984048048,none
CTRN,0.13748578996288385,none
CTRN,0.03209143903717093,none
CTRN,0.39554548340719675,up
SNTL,0.020583171034211478,down
SNTL,0.006825931901308424,down
SNTL,0.05294817885392522,down
SNTL,0.06872723319313745,up
SNTL,0.14552233461601927,up
SNTL,0.03697483598003348,down
SNTL,0.13211014536271914,none
SNTL,0.05169339660449457,down
SNTL,0.045762707891905396,none
SNTL,0.12181819568980834,none
SNTL,0.1391465711647628,up
SNTL,0.10771990774528195,none
BHVN,0.6097826876802588,up
BHVN,0.1612902689386453,down
BHVN,-0.0163524284798392,down
BHVN,0.38335293788158853,none
BHVN,0.3824444240993923,up
BHVN,0.3341300798543263,up
BHVN,0.3032467657125588,none
BHVN,0.21377816427940943,none
BHVN,0.2366784997941045,up
BHVN,0.33528260269426924,down
BHVN,0.18143007791122323,down
BHVN,0.19788692788664575,none
SNNUF,0.0,down
SNNUF,0.04794014621899234,up
SNNUF,0.0416058724111692,none
SNNUF,0.2048904158033258,up
SNNUF,0.10986952177463882,up
SNNUF,0.03364494791956685,both
SNNUF,0.03050100415115775,up
SNNUF,0.055018535899080456,up
SNNUF,0.12166404800556396,up
SNNUF,0.21397376632335874,up
SNNUF,0.0,down
SNNUF,0.17515639362650304,up
RMNI,0.04810991833549427,down
RMNI,0.47990548478838746,up
RMNI,0.06194694933404743,down
RMNI,0.4285713645492557,up
RMNI,0.3670886776319098,up
RMNI,0.19378247804720705,up
RMNI,0.31818180026907794,up
RMNI,0.41509428869663845,up
RMNI,0.694915272501663,up
RMNI,0.08843545506052908,down
RMNI,0.07343746612314184,none
RMNI,0.35169499958428285,up
SEI,0.07785881823821672,down
SEI,0.2283076890674809,up
SEI,0.043788632271477335,down
SEI,0.24760249232666998,down
SEI,0.0687574438465488,down
SEI,0.12919564518904503,down
SEI,0.2010178895707282,none
SEI,0.11371340743500191,down
SEI,0.18662351333772387,none
SEI,0.6085408447803575,up
SEI,0.19999998900886617,up
SEI,0.24647816592185867,up
IDA,0.0397155324472398,none
IDA,0.09582587987343216,none
IDA,0.02144566606548426,down
IDA,0.10312939675663202,up
IDA,0.1348619640801174,up
IDA,0.126780104667928,up
IDA,0.023776806290376706,none
IDA,0.02638988670322462,down
IDA,0.021699084220330844,down
IDA,0.07842362965228267,up
IDA,0.022162224308771128,none
IDA,0.04133149865725727,down
FREVS,0.02510457738084626,up
FREVS,0.20969668655869267,up
FREVS,-0.006409790804073001,down
FREVS,0.05961101016168269,up
FREVS,0.09608533816479259,none
FREVS,0.36034049450924366,up
FREVS,0.1768866647779248,up
FREVS,0.009615365311608448,down
FREVS,0.01015008599408973,down
FREVS,0.05923488487076822,up
FREVS,0.03879847519349777,down
FREVS,0.14638318867318478,up
LPX,0.1423810937563661,up
LPX,0.12387286698540811,up
LPX,0.0933024962309339,down
LPX,0.2452649303309724,up
LPX,0.013923695066707209,down
LPX,0.18845447545445193,up
LPX,0.14788641592865304,up
LPX,0.02355949640239774,down
LPX,0.11828585310318518,none
LPX,0.1707049060015824,down
LPX,0.20212327518354978,up
LPX,0.0503732174621665,down
IVDN,0.139523834088763,down
IVDN,0.04166668994973155,none
IVDN,0.1857143130837664,none
IVDN,0.4812766275032445,up
IVDN,0.060606000399351156,down
IVDN,0.06255811828873781,down
IVDN,0.08571429057997104,down
IVDN,0.3543689987562595,none
IVDN,0.025641078544558438,down
IVDN,0.333333300219643,down
IVDN,0.5160975065123528,down
IVDN,0.0,down
WU,0.11305387362542318,none
WU,0.011241759025745424,down
WU,0.17175910287171225,up
WU,-0.0027822435449318395,down
WU,0.014514949025717483,down
WU,0.07321050149783037,up
WU,0.10603189432801385,none
WU,0.1477183302959817,none
WU,0.11992242910658168,up
WU,0.06640552431429225,none
WU,0.03848856345902574,down
WU,0.09814810732747725,up
ESE,0.003392312502301653,down
ESE,-0.002780522979320521,down
ESE,0.3678997337349854,up
ESE,0.17309915140344678,up
ESE,0.036187083294416666,down
ESE,0.28656211206423143,up
ESE,0.10176736303003842,none
ESE,0.07198324129261047,none
ESE,0.1650570700634324,up
ESE,0.023850551454064783,down
ESE,0.08405952937957561,none
ESE,0.06357414868308142,none
PRAA,0.1984334840786186,none
PRAA,0.0979934835074423,none
PRAA,0.027616877987294508,none
PRAA,0.159649092475733,down
PRAA,0.06409638186535194,down
PRAA,0.11595052029979169,down
PRAA,0.17951196943080916,up
PRAA,0.11329400722818916,none
PRAA,0.08729423712865514,none
PRAA,0.0972151937364023,none
PRAA,0.1435506022102757,none
PRAA,0.14344901783395714,down
DOCU,0.03322170336617036,down
DOCU,0.026939080021465056,down
DOCU,0.5153978793721663,up
DOCU,0.13513091686151335,up
DOCU,0.11053309949563506,none
DOCU,0.08158869338969921,none
DOCU,0.1113589470499603,none
DOCU,0.14238993326822924,none
DOCU,0.10308827765776396,down
DOCU,0.12069303580857293,none
DOCU,0.041109365723061675,down
DOCU,-0.009338957667753944,down
MLP,-0.0010000228881835715,down
MLP,0.1541935090095765,none
MLP,0.16742075980655513,none
MLP,0.08281575604260305,none
MLP,0.04798586573236707,none
MLP,0.10858581419101077,none
MLP,0.19870002773359174,up
MLP,0.024771845545047855,none
MLP,0.10281014285897316,none
MLP,0.1706161855036752,none
MLP,0.22139033265994756,none
MLP,0.17008194759051642,none
HHH,0.2713085829530375,up
HHH,0.02034708654001527,down
HHH,0.09649539307732113,down
HHH,0.03179529924515956,none
HHH,0.18910620927883692,up
HHH,0.02160977082350568,down
HHH,0.08302663888410433,none
HHH,0.021711466726877182,down
HHH,0.16160711635653602,up
HHH,0.1248237602991451,up
HHH,-0.017341066111705272,down
HHH,0.19583502716089218,up
HUM,0.2001871735208891,up
HUM,0.11635157675986951,up
HUM,0.08928350355457004,none
HUM,0.0527878037972076,down
HUM,0.06523501017572908,none
HUM,0.12048355225508,down
HUM,0.18813711241722708,up
HUM,0.07396073250041968,none
HUM,-0.02440853551795774,down
HUM,0.06816263377147291,none
HUM,0.14719822234015578,up
HUM,0.12488444634467522,down
WHG,0.002321041911565347,down
WHG,0.04408270650175505,none
WHG,0.040263445632140904,down
WHG,0.06167650585713025,none
WHG,0.08619579886448747,none
WHG,0.0275905544849524,none
WHG,0.35901303138812923,up
WHG,0.04809604582691862,none
WHG,0.11052642600499873,none
WHG,0.16798409243162116,none
WHG,0.185789945765094,none
WHG,0.19914583271691222,down
MNOV,0.16756759891551765,up
MNOV,0.06944437545758975,none
MNOV,0.1811023799431024,none
MNOV,0.246575318604509,up
MNOV,0.4260089863489862,up
MNOV,0.0084033529263976,down
MNOV,0.025477681857751344,down
MNOV,0.054474750404963634,none
MNOV,0.19213976617904338,up
MNOV,0.8534484114077128,up
MNOV,0.6198346912026305,up
MNOV,0.036585403970846864,down
SWISF,0.030927820006267703,none
SWISF,0.02397256145150073,none
SWISF,0.08426108643336794,none
SWISF,0.2298387586178885,none
SWISF,0.41700400400823123,none
SWISF,0.2704899643249634,none
SWISF,0.4720000107288358,none
SWISF,0.278826030910444,none
SWISF,0.24275479943890743,down
SWISF,0.04740402353206119,down
SWISF,1.60465115473166,up
SWISF,0.3886792924956697,none
NMZ,0.020498123703392546,down
NMZ,0.04369470075336457,none
NMZ,0.044156965254408265,up
NMZ,0.003302519189376074,down
NMZ,0.03533777286940443,none
NMZ,0.029110999813660943,none
NMZ,0.0035994062695556828,down
NMZ,0.03533777286940443,none
NMZ,0.012666295080758783,down
NMZ,0.011010818923490762,down
NMZ,0.006351485596504336,down
NMZ,0.009137026498693412,down
FNMFO,0.5019762845849802,up
FNMFO,0.22186495176848875,up
FNMFO,0.23529411764705888,up
FNMFO,0.37362637362637363,up
FNMFO,0.20458891013384317,up
FNMFO,0.18503118503118499,down
FNMFO,0.5019762845849802,up
FNMFO,0.40740740740740744,up
FNMFO,0.1454545454545455,down
FNMFO,0.1515151515151516,none
FNMFO,0.5019762845849802,up
FNMFO,0.0,down
ORI,0.07138804646834629,up
ORI,0.1262073793119569,up
ORI,0.08002574827825915,up
ORI,0.02940398306408487,none
ORI,0.0926247258384425,up
ORI,0.10948280613320893,up
ORI,0.10869567124803337,up
ORI,0.11721185285890479,up
ORI,0.021847201575908137,none
ORI,0.03447123232709104,down
ORI,0.04080258738631093,down
ORI,0.06889626476135269,none
AORT,0.13143699781258245,down
AORT,0.2522715901477639,up
AORT,0.2647058265456226,up
AORT,0.07042253521126751,none
AORT,0.12112403458954679,up
AORT,0.07480621559102296,none
AORT,0.2554134159450594,up
AORT,0.10149446589782851,down
AORT,0.4581041707315838,up
AORT,0.12242342638676806,none
AORT,0.15675420966965614,up
AORT,0.09841067499619927,none
OZSC,0.07037037037037042,down
OZSC,0.05454545454545445,down
OZSC,0.0,down
OZSC,0.6842105263157894,none
OZSC,0.31465517241379315,none
OZSC,0.0,down
OZSC,0.25,none
OZSC,0.2655601659751037,none
OZSC,0.6966068381001316,up
OZSC,0.2857142857142858,down
OZSC,1.0,none
OZSC,0.04477614914555761,down
SPRU,0.6315789176486533,up
SPRU,0.07394367763859488,down
SPRU,0.007645289147784062,down
SPRU,0.21184925396277277,none
SPRU,0.10071941520553107,none
SPRU,0.06382978993230615,down
SPRU,0.02071003871974031,down
SPRU,0.23076929425347004,none
SPRU,0.11863352984108366,none
SPRU,0.05472631622772939,none
SPRU,0.15631069691604393,none
SPRU,0.05714291877487354,down
PFH,0.1136608339212708,up
PFH,0.009147944246739259,none
PFH,0.0948510185152811,up
PFH,0.07593634242356395,up
PFH,0.003116816960270441,down
PFH,0.014730019882739143,down
PFH,0.002044968300312089,down
PFH,0.016946723897662386,none
PFH,0.021416942826090857,down
PFH,0.013041388002079435,down
PFH,0.016097128769609448,down
PFH,0.015283964356011648,down
BDRX,0.689981076506095,up
BDRX,0.16782841823056294,down
BDRX,0.06060606060606055,down
BDRX,0.35915492957746475,down
BDRX,0.0,down
BDRX,0.7563850460873873,up
BDRX,0.08762886597938135,down
BDRX,0.6338983050847458,none
BDRX,0.10169491525423724,down
BDRX,0.03868190301138097,down
BDRX,0.2650602409638554,down
BDRX,1.2493887530562349,up
FUFU,0.36682234062192265,none
FUFU,0.5154930103395088,up
FUFU,1.0109769906957604,down
FUFU,0.16835016672843883,none
FUFU,0.033932054229611985,none
FUFU,0.008179951522529372,up
FUFU,0.013725524111832366,up
FUFU,0.00913697415513659,up
FUFU,0.045454500299513256,down
FUFU,0.5199999809265137,up
FUFU,0.027100244737636725,down
FUFU,0.05418628479980425,none
AQN,0.0029226263457797774,down
AQN,0.010906069195025347,down
AQN,0.07768378625417749,up
AQN,0.10176115068144487,none
AQN,0.02075032122218934,down
AQN,0.0913623916204418,none
AQN,0.10098527646914701,none
AQN,0.09002991295568319,none
AQN,0.10763891297536632,down
AQN,0.10979763603105663,none
AQN,0.032846805906465715,down
AQN,0.022658784097648654,down
MMYT,0.0590203798681781,none
MMYT,0.009088248016120515,down
MMYT,0.07439451814979448,down
MMYT,0.10707090297962907,none
MMYT,0.029212779777804343,none
MMYT,0.07903331188656271,none
MMYT,0.18606495217753816,none
MMYT,0.36114042291821846,up
MMYT,0.10678148689965039,none
MMYT,0.04251872731610562,down
MMYT,0.05551580043668758,down
MMYT,0.17993404508673994,up
INSP,0.06653917761753259,down
INSP,0.19133572528473053,down
INSP,0.04127796629188296,down
INSP,0.13447400975147206,none
INSP,0.11251722406716325,down
INSP,0.22787763154600071,up
INSP,0.09677673358251959,none
INSP,0.024059041320460883,down
INSP,0.20562058031140218,up
INSP,0.1713513554753483,down
INSP,0.5462855370352564,up
INSP,0.23971437526989203,none
INPAP,0.0,down
INPAP,0.0,down
INPAP,0.24856770718322396,up
INPAP,0.0,down
INPAP,0.2671835771636679,up
INPAP,0.0,down
INPAP,0.0,down
INPAP,0.2671835771636679,up
INPAP,0.0,down
INPAP,0.2671835771636679,up
INPAP,0.24856770718322396,up
INPAP,0.2671835771636679,up
MYSE,0.29780570598597156,down
MYSE,1.8124999883584674,up
MYSE,0.3749999893563132,up
MYSE,0.002994009197675007,down
MYSE,0.12984822988472833,down
MYSE,0.1802324614310835,none
MYSE,0.13636365278364893,down
MYSE,0.08843536918467487,none
MYSE,1.2346369191310802,up
MYSE,0.07509883769527814,down
MYSE,0.18079092468424363,down
MYSE,0.5525114185077697,up
GLDM,0.04368111492697668,none
GLDM,0.06624876289593651,up
GLDM,0.10045528857740238,up
GLDM,0.04644868868749796,none
GLDM,0.04849209379371344,none
GLDM,0.07634508207331936,up
GLDM,0.11094140713746836,up
GLDM,0.06630313901188178,up
GLDM,0.0906680291162929,up
GLDM,0.020591390078950944,none
GLDM,0.08873942588516659,up
GLDM,0.12032961791994112,up
SPB,0.025625586214237828,down
SPB,0.08730382172226614,up
SPB,0.08063067440802074,down
SPB,0.10016152151408608,none
SPB,0.04323338772497998,down
SPB,0.03784738567072932,down
SPB,0.014170299265698239,down
SPB,0.05078270226002091,none
SPB,0.14607257186974176,up
SPB,0.20132077925496805,up
SPB,0.14485857589292084,up
SPB,0.08230057315780304,none
BCDA,0.3507109167537228,down
BCDA,0.6408450662841447,up
BCDA,3.0789475049118415,up
BCDA,0.2465116036653916,none
BCDA,0.19402983879612856,down
BCDA,0.045454545454545414,none
BCDA,0.21111113936812798,none
BCDA,0.6823104258121424,up
BCDA,0.014234838728361954,down
BCDA,0.024096401231396447,none
BCDA,0.1631206063907813,none
BCDA,0.14285718610767972,down
SAT,0.006069517601229757,none
SAT,-0.0032417666958114433,down
SAT,0.016958127470199758,none
SAT,0.008401108085066333,down
SAT,0.03171782663930234,none
SAT,0.015037688639127245,none
SAT,0.03261761560971044,up
SAT,0.01855481229572198,none
SAT,0.03449485496249838,up
SAT,0.03665211539148849,none
SAT,0.01938648784203667,none
SAT,0.011915160407578673,none
PLAB,0.7704626355655704,up
PLAB,0.30309134680923844,up
PLAB,0.7041296343065133,up
PLAB,0.0177268064222158,down
PLAB,0.019650688665309834,down
PLAB,0.04698787719110986,down
PLAB,0.356992578588879,up
PLAB,0.06034849276905763,down
PLAB,0.06971344561131043,down
PLAB,0.10945108254885705,down
PLAB,0.06550213300585161,down
PLAB,0.18994923146339016,down
PPBT,0.06666663840964993,none
PPBT,0.4162252059835472,up
PPBT,0.41916167664670656,up
PPBT,0.0662576671323094,none
PPBT,0.07407407407407418,down
PPBT,0.10874196819177007,none
PPBT,0.7173913043478262,up
PPBT,0.0980392156862746,none
PPBT,0.4350453833747878,none
PPBT,0.6458333333333333,up
PPBT,1.3500000635782876,up
PPBT,0.02857142857142847,none
PONY,1.504672836805499,up
PONY,0.7860882098106339,up
PONY,0.21834485284213367,none
PONY,0.3162530692813479,none
PONY,0.21587536693115794,none
PONY,0.02446272642351044,down
PONY,2.344773953889176,down
PONY,0.029900319173561618,down
PONY,2.098265938970908,down
PONY,0.5835543290173879,up
PONY,0.03189249417127882,down
PONY,0.039712738953433746,down
GLPGF,0.06910167610185991,down
GLPGF,0.06910167610185991,down
GLPGF,0.09615384318382336,up
GLPGF,0.013096365817543809,down
GLPGF,0.09615384318382336,up
GLPGF,0.06910167610185991,down
NVMI,0.23887924419224849,up
NVMI,0.05014749685007014,none
NVMI,0.061450899973685136,down
NVMI,0.12761170729821703,none
NVMI,0.5851791263407047,up
NVMI,-0.00454349569107626,down
NVMI,0.28488565168915403,up
NVMI,0.038742273685214546,down
NVMI,0.12049403294809435,none
NVMI,0.14221032775699816,none
NVMI,0.2671829178461067,up
NVMI,0.20362645928801193,up
NTGR,0.09661140329085716,down
NTGR,0.027535247680230412,down
NTGR,0.07780788856438003,down
NTGR,0.04334363183465162,down
NTGR,0.19597209627220447,up
NTGR,0.3462322482552227,up
NTGR,0.29440789215700125,up
NTGR,0.07233703123457769,down
NTGR,0.07735189039511092,down
NTGR,0.050471871148077385,down
NTGR,-0.009266123211330468,down
NTGR,0.02316152912146885,down
CRWD,0.18635424824900992,down
CRWD,0.20257862472323462,up
CRWD,0.038961069990085306,down
CRWD,0.19147074597278024,up
CRWD,0.2914728512174032,up
CRWD,0.23604865169682032,up
CRWD,0.21553217491609145,up
CRWD,0.34191665424215345,up
CRWD,0.2528369905986203,up
CRWD,0.25521661616091085,none
CRWD,0.27616245472798484,up
CRWD,0.05712769447187083,down
OPP,0.052593295920510874,none
OPP,0.008542143068261066,down
OPP,0.04262519403059706,none
OPP,0.003496583986040802,down
OPP,0.01630401843216478,none
OPP,0.11988480765090759,up
OPP,0.06785953577897397,up
OPP,-0.0034483727152864185,none
OPP,0.04320535154299954,none
OPP,0.04747944629163481,up
OPP,0.0189726798166181,down
OPP,0.11988480765090759,up
VCNX,0.0999999552855999,none
VCNX,0.1818181128541314,none
VCNX,0.7056737789523229,down
VCNX,0.32203390665451304,down
VCNX,0.01801800445417845,down
VCNX,0.31851846200448497,down
VCNX,0.1297709229276418,none
VCNX,0.519408594985612,up
VCNX,0.30662988083022347,down
VCNX,-0.019607829169376867,down
VCNX,0.9285714954746025,down
VCNX,0.3541666256687641,none
AIJTY,0.25714280153502633,up
AIJTY,0.16504862234565465,none
AIJTY,1.3299999105930365,up
AIJTY,0.270909065096832,down
AIJTY,0.5199999809265137,up
AIJTY,0.12500006984919465,down
AIJTY,1.3103449516149004,up
AIJTY,0.10000002384185791,none
AIJTY,0.020618536429497514,down
AIJTY,0.07954544684857368,none
AIJTY,0.33185840848002135,up
AIJTY,0.37168137951944313,none
ILLMF,0.27593358430267956,up
ILLMF,0.3401253977068468,up
ILLMF,0.14043360048124143,down
ILLMF,0.2338709351795647,up
ILLMF,0.008821637590091358,down
ILLMF,0.051779976684102946,down
ILLMF,0.08370701614197107,down
ILLMF,0.210573372085608,down
ILLMF,0.05586593629775094,down
ILLMF,-0.015037668789816938,down
ILLMF,0.06234413609240885,down
ILLMF,0.15384616560249453,none
TRGP,0.020022552685521777,none
TRGP,0.1547376577502111,none
TRGP,0.30650042703571767,up
TRGP,0.02493137027887471,down
TRGP,0.12107617268468984,none
TRGP,0.08439229222847255,down
TRGP,0.11080200980727883,up
TRGP,0.06069311491194407,none
TRGP,0.050364096943340764,none
TRGP,0.055157776209362686,none
TRGP,0.011785843641540117,down
TRGP,0.11881466477478186,up
CARE,0.16412214507675094,none
CARE,0.09336601096894293,none
CARE,0.013287031504667146,down
CARE,0.1480584121770756,up
CARE,0.07312513345223515,down
CARE,0.1533051764894391,up
CARE,0.006180431028999456,down
CARE,0.007777055410398193,down
CARE,0.026287007796232054,down
CARE,0.160441425104628,up
CARE,0.14929561031948846,up
CARE,0.013450206212358262,none
ADMG,3.13888917633414,up
ADMG,0.282588049594638,down
ADMG,2.3243900927633603,down
ADMG,0.3479999997019767,down
ADMG,0.7426900656139068,up
ADMG,2.7861112065429348,up
ADMG,0.282588049594638,down
ADMG,3.13888917633414,up
ADMG,0.282588049594638,down
ADMG,3.5433333538224305,up
ADMG,3.5433333538224305,up
ADMG,0.22545457008456404,down
PRRUF,0.0,down
PRRUF,0.37837864336887717,up
PRRUF,0.0,down
PRRUF,0.055556360604333,up
PRRUF,0.0,down
PRRUF,0.2750003897550779,up
PRRUF,0.0,down
PRRUF,0.0,down
PRRUF,0.37837864336887717,up
PRRUF,0.0,down
PRRUF,0.058824431958568235,down
PRRUF,0.058824431958568235,down
PTXKY,0.4468085406672755,none
PTXKY,0.0918337721468907,none
PTXKY,0.19281052885677985,none
PTXKY,0.027607293398131283,down
PTXKY,0.18215413445704098,down
PTXKY,0.1967213350871997,none
PTXKY,0.0526316104865836,down
PTXKY,0.011173172986454372,down
PTXKY,0.19001310596984822,none
PTXKY,0.0033333663607899577,down
PTXKY,0.300191219424341,none
PTXKY,0.18491917497989374,none
MFA-PC,0.028720698627342278,up
MFA-PC,0.035353557526113244,none
MFA-PC,0.02045763991716143,none
MFA-PC,0.08543192903739172,none
MFA-PC,0.03972063672990389,up
MFA-PC,0.09762229073472861,up
MFA-PC,0.07291653452612312,none
MFA-PC,0.031345361551953,up
MFA-PC,0.1268816135488522,up
MFA-PC,0.11950631025590597,up
MFA-PC,0.06204901771025706,none
MFA-PC,0.008020273266120537,down
BOH-PB,0.040540513596816874,down
BOH-PB,0.028584583506268135,none
BOH-PB,0.0427353703615434,up
BOH-PB,0.02164353824445664,none
BOH-PB,0.033569326176322356,up
BOH-PB,0.04181584137970584,none
BOH-PB,0.007351843622854792,down
BOH-PB,0.04842517419094161,up
BOH-PB,0.03092779344905683,none
BOH-PB,0.03695232714619956,none
BOH-PB,0.016005396948860273,none
BOH-PB,0.03033185740157629,none
RBKB,0.02145919106596561,none
RBKB,0.02332154239385531,none
RBKB,0.14559475873384464,none
RBKB,0.11392411147262638,none
RBKB,0.08184670078224432,up
RBKB,0.05554967471683403,none
RBKB,0.12294041765634556,up
RBKB,0.13181813997788905,down
RBKB,0.0968229082527674,none
RBKB,0.052631625079049504,down
RBKB,0.16867465528179992,up
RBKB,0.0858633267478206,down
CBOE,0.024657308129339084,down
CBOE,0.06901557136741565,none
CBOE,0.13269391209019155,up
CBOE,0.14420411386655174,up
CBOE,0.12138122919631678,up
CBOE,0.09327731570304132,up
CBOE,0.16281886555628566,up
CBOE,0.11923530192600151,up
CBOE,0.09465870822171629,none
CBOE,0.03261092441221969,none
CBOE,0.014550375322355924,none
CBOE,0.07185220528972791,none
EBS,0.1571675049063168,down
EBS,0.22624433998618243,down
EBS,1.3892405017926284,up
EBS,0.08361203986709476,down
EBS,0.049180350483132074,down
EBS,0.1596638057774229,down
EBS,0.4188875693140539,up
EBS,0.11548911538221573,down
EBS,0.32604156629079317,up
EBS,0.6954545173763249,down
EBS,1.9047619932289122,up
EBS,0.14347355534294204,none
RDNT,0.35078608181906423,up
RDNT,0.09160690503122226,down
RDNT,0.10790481373211347,none
RDNT,0.027024797039294723,down
RDNT,0.2890000343322754,up
RDNT,0.11239121373853855,none
RDNT,0.12132646021246551,none
RDNT,0.045834027563094626,none
RDNT,0.15101261934235866,none
RDNT,0.3924369193873276,up
RDNT,0.1439512680232824,up
RDNT,0.034016104608095565,down
PDYN,0.6331658213190539,none
PDYN,0.502145971933323,up
PDYN,0.22604425291115726,down
PDYN,0.21068251105568914,down
PDYN,0.3306666480170355,none
PDYN,0.11749992301067014,down
PDYN,0.23064255761114882,none
PDYN,0.15249999364217115,down
PDYN,0.06707315418471116,down
PDYN,0.3753845416488515,up
PDYN,5.578947530355687,up
PDYN,0.020202000741265103,down
AMXOF,0.0776699356559647,none
AMXOF,0.05769233940680607,down
AMXOF,0.15384631089149825,down
AMXOF,0.17391312350509813,down
AMXOF,0.19148924331613926,none
AMXOF,0.42857159669178224,up
AMXOF,1.4182072808727466,up
AMXOF,2.1044554813419345,up
AMXOF,0.2644117151356491,none
AMXOF,1.4182072808727466,up
AMXOF,0.08433741651161508,none
AMXOF,0.23170727597997942,none
GTHP,0.6947368470585578,up
GTHP,0.20000004768371582,down
GTHP,0.12195116041578125,up
GTHP,0.15447149192264997,none
GTHP,0.14999998403447012,down
GTHP,0.2827586880195174,none
GTHP,0.3011152494609546,down
GTHP,0.0,down
GTHP,0.23333330021964316,none
GTHP,0.030478908174417896,none
GTHP,0.03703700024404788,down
GTHP,0.027777750183035854,none
BF-A,0.11955557821899965,up
BF-A,0.019701617975589114,down
BF-A,0.10710535823608369,none
BF-A,0.030496691642015294,down
BF-A,0.07977781390883965,down
BF-A,0.035155664655406316,down
BF-A,0.08383212258944583,up
BF-A,0.022397962249858017,down
BF-A,0.008425655235836826,down
BF-A,0.038070170299773665,down
BF-A,0.02818635150308868,none
BF-A,0.05162057953555865,down
CRDO,0.1690235800945763,none
CRDO,0.0,down
CRDO,0.09311930081146302,down
CRDO,0.13918017826527995,none
CRDO,0.40973228200688383,up
CRDO,0.17889177176990767,down
CRDO,0.7780103877599749,up
CRDO,0.06364042496102318,none
CRDO,0.030842371697594295,down
CRDO,0.010416606648103066,down
CRDO,0.6452083587646484,up
CRDO,0.016569207846155454,down
FNMAM,0.46840948737617816,up
FNMAM,1.6188975449644305,up
FNMAM,0.07951805207774032,down
FNMAM,0.07692307692307687,none
FNMAM,0.05633804235778106,none
FNMAM,0.28409090909090917,up
FNMAM,0.17517001920485953,up
FNMAM,0.41894732023540304,up
FNMAM,0.04819272401665553,down
FNMAM,0.5374331511598649,up
FNMAM,0.012280715139288745,down
FNMAM,0.011231638999030569,down
NPK,0.36496915900077376,up
NPK,0.13778172493824603,up
NPK,0.1724932357213751,up
NPK,0.11350449433014331,none
NPK,0.4076149270953797,up
NPK,0.06285874732182029,none
NPK,0.12558589492326022,up
NPK,0.13093666154044126,none
NPK,0.2113522933922365,up
NPK,0.04856373396921576,down
NPK,0.19047627541517187,up
NPK,0.0745661240642903,none
MOLN,0.2576255344838736,up
MOLN,0.15463914611740281,none
MOLN,0.32311980879227975,up
MOLN,0.09241714756223773,none
MOLN,0.12077295075481365,none
MOLN,0.4960629958214797,up
MOLN,0.21047437406580616,up
MOLN,-0.002096776103874265,none
MOLN,0.25000001568543295,up
MOLN,0.009999990463256836,down
MOLN,0.1464174526557156,none
MOLN,0.10142628720907365,none
CNOB,0.10579022879209887,none
CNOB,0.017657608713401496,down
CNOB,0.18386373760359365,up
CNOB,0.2725659833449299,up
CNOB,0.4007055467170688,up
CNOB,0.17896757731694568,up
CNOB,0.1892524410507539,up
CNOB,0.09369659481301218,down
CNOB,0.030354328779927497,down
CNOB,0.1903649644284282,up
CNOB,0.040581219435433136,none
CNOB,0.04487790332064101,down
EPR-PE,0.05473686228696395,none
EPR-PE,0.08697387293769143,up
EPR-PE,0.02990152926770695,down
EPR-PE,0.039451397492380025,none
EPR-PE,0.1262374567612543,up
EPR-PE,0.023739902358605347,none
EPR-PE,0.06054269786591848,up
EPR-PE,0.05720291142866385,up
EPR-PE,0.012585534016031463,down
EPR-PE,0.04877542692169179,none
EPR-PE,0.08615169467072636,up
EPR-PE,0.0036670160782039662,none
SMR,1.0011834590659836,up
SMR,2.2593123120105374,up
SMR,1.17352177267212,up
SMR,0.021620461639230815,down
SMR,0.5576520099168798,up
SMR,0.6629018302593332,up
SMR,0.03357664558767959,down
SMR,0.5471179666302997,up
SMR,0.7765681871847991,none
SMR,0.657142731323122,up
SMR,0.0462754872430986,none
SMR,0.042060149428081894,none
NVG,0.023942763702297754,down
NVG,0.01990913282899487,down
NVG,0.049258397556043665,up
NVG,0.06072475748580741,up
NVG,0.06251918269637402,up
NVG,0.06566199327672817,up
NVG,0.016323201947238575,none
NVG,0.019560003316483998,down
NVG,0.0669714271632964,up
NVG,0.06305328201615046,up
NVG,0.11342792620142372,up
NVG,0.06823837572125457,up
CODI,0.034651251575379405,none
CODI,0.15329293791621756,up
CODI,0.08905294376163742,none
CODI,0.07357021027155053,none
CODI,0.05974694844431827,down
CODI,0.18512894718409934,none
CODI,0.04094941867068358,none
CODI,0.1051773329089205,none
CODI,0.11361301860196837,none
CODI,0.070372703925341,down
CODI,-0.001796225118941841,down
CODI,0.127442890232214,up
PRI,0.04159071819376137,down
PRI,0.14694639240195606,up
PRI,0.32791764296466996,up
PRI,0.06766298261362214,none
PRI,0.05688915393097105,down
PRI,0.0711608717426877,none
PRI,0.11027004964553333,up
PRI,0.16476648994756515,up
PRI,0.07489905274453235,none
PRI,0.11495550232025331,none
PRI,-0.009876200722015893,down
PRI,0.05628842084176133,none
EHSI,0.607843153296137,down
EHSI,0.21739130885479363,none
EHSI,0.16249999161809692,up
EHSI,0.8000000170298989,up
EHSI,0.0,down
EHSI,0.3274336339200856,up
EHSI,0.04166662527455389,down
EHSI,0.02272725117600638,down
EHSI,1.5999999046325684,down
EHSI,0.01123594452133525,down
EHSI,0.5,up
EHSI,0.5625000349245974,up
ESCA,0.18333313883062763,none
ESCA,0.23243650812908312,up
ESCA,0.13057921518981863,none
ESCA,0.0783930262016006,none
ESCA,0.03916411638118844,none
ESCA,0.13158881097134345,none
ESCA,0.21138999826098837,up
ESCA,0.10019666179252629,none
ESCA,0.29394473632147733,up
ESCA,0.011588263263803356,none
ESCA,0.044083466728358944,none
ESCA,0.31831838828755354,up
LLOBF,2.220446049250313e-16,none
LLOBF,2.220446049250313e-16,down
LLOBF,2.220446049250313e-16,down
LLOBF,2.220446049250313e-16,none
LLOBF,0.0,down
LLOBF,2.220446049250313e-16,down
LLOBF,2.220446049250313e-16,down
LLOBF,2.220446049250313e-16,down
LLOBF,2.220446049250313e-16,down
LLOBF,0.0,down
LLOBF,2.220446049250313e-16,down
LLOBF,2.220446049250313e-16,none
BLND,0.49197086267361145,up
BLND,0.2541899069288436,none
BLND,0.16559143019360278,down
BLND,0.14882940863660532,down
BLND,0.10109621435438987,none
BLND,0.29508197201864905,none
BLND,0.18181815464023088,up
BLND,0.7868852587163975,up
BLND,0.5220385457807006,up
BLND,0.22126436112248005,none
BLND,0.28787880648813546,none
BLND,0.1600000381469726,none
CPWR,0.1704545743178485,none
CPWR,2.6999998913457004,up
CPWR,3.827778166403758,up
CPWR,0.05102041592105433,down
CPWR,0.19999995529651704,down
CPWR,0.5,down
CPWR,0.00632922136713443,down
CPWR,0.6272726810914424,down
CPWR,0.28517104287943695,down
CPWR,1.0740739463206377,none
CPWR,0.789999979510903,down
CPWR,2.8608694778948967,up
SVRA,0.0735694755622911,none
SVRA,0.10483870502565207,none
SVRA,0.304761968556448,up
SVRA,0.12499997516473238,none
SVRA,0.06870231855708342,none
SVRA,0.18333325054910787,none
SVRA,0.9387754075943939,up
SVRA,0.11363634105884768,none
SVRA,0.19325846525292834,none
SVRA,0.3473054238443569,up
SVRA,0.027687309444723196,down
SVRA,0.24405602036528218,down
GOVB,0.2574849299514086,up
GOVB,0.016666664523526498,down
GOVB,0.3333332640542688,up
GOVB,0.13298660798602757,down
GOVB,0.0731706296771828,up
GOVB,0.04553889503837838,up
GOVB,0.03286375976591582,down
GOVB,0.0362694543399813,down
GOVB,0.12022885985518883,up
GOVB,0.20603022701607832,up
GOVB,0.036866401371093316,up
GOVB,0.20361073231684546,up
DXR,0.1598694944172716,none
DXR,0.08459866706951313,down
DXR,0.02464791451908055,none
DXR,0.15298189321089373,down
DXR,0.13538463299091053,none
DXR,0.09529023818773052,none
DXR,0.0,down
DXR,0.03170919085345947,down
DXR,0.2644836132869892,up
DXR,0.057291584917243954,none
DXR,0.3824755912764135,up
DXR,0.08679242404002063,none
UAA,0.011600972482291416,down
UAA,0.10510952949676411,down
UAA,0.09551379722482145,down
UAA,0.35937496585150686,up
UAA,0.48497262713751854,up
UAA,0.27339635806729223,up
UAA,0.08656722642605974,none
UAA,0.05967077240455132,none
UAA,0.05675368628662936,down
UAA,0.14829927753655148,up
UAA,0.0075853279313489175,down
UAA,0.5856030798115028,up
DK,0.15105721618265,none
DK,0.043847263225000876,none
DK,0.04087831424247579,down
DK,0.2726282524639829,up
DK,0.13663480150072416,none
DK,0.5273876266743194,up
DK,0.2909399028584636,up
DK,0.09410610137297759,down
DK,0.675675623632868,up
DK,0.7184065500373928,up
DK,0.03392979358611492,down
DK,0.10472596979659188,down
G,0.018712782502015246,down
G,0.11498763091577446,none
G,-0.011807727458754691,down
G,0.012813433893934967,down
G,0.03145077021028442,down
G,0.029418448113223583,none
G,0.06405379415880508,none
G,0.06257649925499464,none
G,0.24688147986723252,up
G,0.11311315081200957,none
G,0.0415786759530663,none
G,0.0007277200333788425,down
RHP,0.057520685430860086,none
RHP,0.0628679415861999,down
RHP,0.0559225089516624,none
RHP,0.014749793593290983,down
RHP,0.11516417289959535,none
RHP,0.04341916398185908,none
RHP,0.030526331806669305,down
RHP,0.17743342455457967,none
RHP,0.09308776291506637,none
RHP,0.2362306112197743,up
RHP,0.18038227940986484,up
RHP,0.1300842040329162,none
SMRT,0.055363266991097504,down
SMRT,0.20821107972360497,none
SMRT,0.19200000762939462,none
SMRT,0.3141763236091131,up
SMRT,0.13210439730275714,down
SMRT,0.1369047775323975,down
SMRT,0.03886019115611572,down
SMRT,0.09852935009761832,down
SMRT,0.25000004656612984,none
SMRT,0.7085953896744261,up
SMRT,0.2638036495741267,none
SMRT,0.1866666475931804,none
HII,0.008857808403276879,down
HII,0.11055679006231744,down
HII,0.016025654213334573,down
HII,0.09252293630345831,down
HII,0.11965542871186408,up
HII,0.09948086322431271,none
HII,0.17150122413012103,up
HII,0.26011169520252864,up
HII,0.041368695957341384,down
HII,0.09635819052262007,down
HII,0.24437059424954288,up
HII,0.1461914835379583,up
NSARP,0.0,down
NSARP,0.07895612305384514,up
NSARP,0.001688929424017882,down
NSARP,0.08164076214423788,up
NSARP,0.05436895811909981,up
NSARP,0.0446036102629781,down
NSARP,0.10143466384018573,up
NSARP,0.006328219091094489,down
NSARP,0.04049570586944573,up
NSARP,0.03424665642501279,down
NSARP,0.04049570586944573,up
NSARP,0.02919710119964769,up
FHI,0.22753203514805853,up
FHI,0.08858689093840044,none
FHI,0.031276076545900144,none
FHI,0.019065787036424364,down
FHI,0.07832456839897106,none
FHI,0.2682134291349596,up
FHI,0.12736034947768204,none
FHI,0.1699624139639262,up
FHI,0.1119580226068293,up
FHI,0.09493835394511319,up
FHI,0.04651668258155328,none
FHI,0.06653690046231509,none
ECF,0.01976727924032029,down
ECF,0.03535323577465377,down
ECF,0.07021993879143285,none
ECF,0.02885817865340945,down
ECF,0.09611467520909622,up
ECF,0.10518801040777404,up
ECF,0.03942661398755054,none
ECF,0.14828343929853816,up
ECF,-2.0870013051066394e-08,down
ECF,0.05615327167078821,none
ECF,0.08129038994286919,up
ECF,0.12489551351622441,up
TTC,0.030927935155714126,down
TTC,0.03948902785046671,down
TTC,0.018970729925841923,down
TTC,0.0013474653950262816,down
TTC,0.06767927849527067,down
TTC,0.060987029038694685,none
TTC,0.14378728644986993,up
TTC,0.031323971247333215,down
TTC,0.00011825855011116104,down
TTC,0.09081496396419331,none
TTC,0.2535009861977444,up
TTC,0.036939164651413,none
MCHP,0.2817162448690229,up
MCHP,0.07443156665126849,down
MCHP,0.06584358476488816,none
MCHP,0.25533142511244433,up
MCHP,0.02476068763955208,none
MCHP,0.04244449095390612,down
MCHP,0.23655879402494695,up
MCHP,0.06019564766553742,down
MCHP,0.09846660370526483,none
MCHP,0.10346623013176592,none
MCHP,0.09385244523714165,none
MCHP,0.013820436068461728,down
ALOT,0.23693090227322666,up
ALOT,0.018099529937821268,none
ALOT,0.0877192253695589,down
ALOT,0.10530136245911392,down
ALOT,0.0,down
ALOT,0.35181238277965154,up
ALOT,0.05814845039229799,none
ALOT,0.024444438793041146,down
ALOT,0.02110282018187859,none
ALOT,0.11752577427702482,none
ALOT,0.08835345954304707,none
ALOT,0.11288480267315881,down
BSAC,0.10766728007447246,down
BSAC,0.28199280305873353,up
BSAC,0.1844661202134339,up
BSAC,0.036079642131149114,none
BSAC,0.05715724123909016,none
BSAC,0.13292545415456636,down
BSAC,0.10134231505317937,none
BSAC,0.01594646056301441,none
BSAC,0.16037733945705246,up
BSAC,0.023506372515109897,none
BSAC,0.05320593700178455,none
BSAC,0.1138963766965635,none
PHCI,0.0,down
PHCI,-0.0804597499553582,down
PHCI,0.005747148486326958,down
PHCI,0.2562814010146568,up
PHCI,0.0,down
PHCI,0.7563636086203835,up
PHCI,0.0,down
PHCI,0.3020832815931924,up
PHCI,0.6099999745686848,down
PHCI,0.0,down
PHCI,0.1882128760531665,up
PHCI,0.25250506747007195,up
ETHA,0.6131655863530903,up
ETHA,0.12559429893186214,down
ETHA,0.10330096494804297,down
ETHA,0.09202714517875576,down
ETHA,0.05441780555133313,down
ETHA,0.03771959085970833,down
ETHA,0.367013340741668,up
ETHA,0.03247523543858288,down
ETHA,0.783748979802195,up
ETHA,0.4121852574411107,down
ETHA,0.13930133568545244,none
ETHA,0.05828685480039919,none
PACS,0.015536742189232067,down
PACS,0.11237815323668321,down
PACS,0.012185183868169469,down
PACS,0.026885709294008242,down
PACS,0.05248019771705037,down
PACS,0.29971835712982164,up
PACS,2.042673162913833,up
PACS,0.5364582722799669,up
PACS,0.017780938302903282,down
PACS,0.19572192931539534,down
PACS,0.20825017764801834,none
PACS,0.0008381621920983129,down
ARCB,0.09317000424963928,none
ARCB,0.014720231007544271,down
ARCB,0.29585362227220946,up
ARCB,0.05578217567431887,down
ARCB,0.2747890989322779,up
ARCB,0.10576832599455788,none
ARCB,0.1976621658863178,down
ARCB,0.40325589680150054,up
ARCB,0.11647191310728178,none
ARCB,0.0743405774049486,down
ARCB,0.045380790059220466,none
ARCB,0.3226369895919532,up
VRNS,0.07374631489730477,down
VRNS,0.18348624495361898,none
VRNS,0.13512489343357337,none
VRNS,0.17475289081988654,up
VRNS,0.22358219057782236,none
VRNS,0.061689456239854445,none
VRNS,0.19007931996665461,none
VRNS,-0.005645136563595665,down
VRNS,0.0061728854697897795,down
VRNS,0.18727638422511173,up
VRNS,0.4073863591413853,up
VRNS,0.1760737081498469,up
SERA,4.634285518101284,up
SERA,0.05477030938813199,down
SERA,0.1488095284555777,none
SERA,0.8811320581568571,up
SERA,0.07964600960805734,down
SERA,0.02285394845076838,down
SERA,0.2506849145057126,down
SERA,-0.004739294365366686,down
SERA,0.029299365249768616,down
SERA,2.4,up
SERA,0.1488095284555777,none
SERA,0.05234154622916409,none
ADUS,0.1801068195404687,up
ADUS,0.25472862367001126,up
ADUS,0.11983950623116812,up
ADUS,0.30630736853284146,down
ADUS,0.3119956549889502,up
ADUS,0.08215929383955056,down
ADUS,0.00999840180862921,down
ADUS,0.021840402268065606,down
ADUS,0.06854998477751972,none
ADUS,0.11425284224714405,down
ADUS,0.04313007764403354,down
ADUS,0.11190632920204768,none
RQI,0.041019683080229186,none
RQI,0.22340841869296235,up
RQI,0.011364100888613171,none
RQI,-0.011294905304180092,down
RQI,0.20010821748986118,up
RQI,0.04232516277680909,down
RQI,0.01903923859958656,down
RQI,0.1250023534387643,up
RQI,0.04733737750931999,none
RQI,0.04248383134386935,down
RQI,0.15909364507237211,up
RQI,0.08410721569586377,up
LVRLF,0.25000007761021625,down
LVRLF,0.0,down
LVRLF,0.38235281871883764,none
LVRLF,0.1594203111379744,none
LVRLF,-0.02395205573569803,down
LVRLF,0.0,none
LVRLF,0.09411766149593448,down
LVRLF,0.8857142674679659,up
LVRLF,0.09428569409312004,down
LVRLF,0.20740737797301612,down
LVRLF,0.15384624201870856,down
LVRLF,0.5066665805710722,none
NTRP,0.07981224525029873,down
NTRP,0.007248072875505551,down
NTRP,1.0635454880619841,up
NTRP,0.18601716517533684,down
NTRP,0.07567566696791173,down
NTRP,0.811932576915247,up
NTRP,0.3081760840308252,down
NTRP,0.09243700980938208,none
NTRP,0.08080812337848275,none
NTRP,0.5159010874583398,none
NTRP,0.5639096946442439,up
NTRP,0.19508197964343066,down
MGRX,0.9833333757188585,up
MGRX,0.5830618744101017,none
MGRX,0.4687499813735492,none
MGRX,0.07042246426743715,none
MGRX,0.11867707185982557,down
MGRX,-0.18320603115311973,down
MGRX,0.23036652133812985,none
MGRX,0.9400630748745633,up
MGRX,0.14583328780200921,down
MGRX,0.21145375467253147,down
MGRX,0.27066113666940694,down
MGRX,0.4909638279511175,none
FUNC,0.2676976082731093,down
FUNC,0.020588111429209466,none
FUNC,0.2686973933088881,up
FUNC,0.10817906417353251,none
FUNC,0.06286496004178899,none
FUNC,0.004086443576326593,down
FUNC,0.08957784700054128,none
FUNC,0.10660578627452111,up
FUNC,0.059850442605246634,down
FUNC,0.15923704912974435,none
FUNC,0.013329769293304539,down
FUNC,0.287486864864791,up
RA,0.05157042563374392,none
RA,0.0678299980789474,none
RA,0.012050037934794311,none
RA,0.024013553728131187,none
RA,0.06068098899827379,up
RA,0.00917982957939767,down
RA,0.014019726836481006,down
RA,0.06011103116373917,down
RA,0.01860769648023264,down
RA,0.013131010884151806,down
RA,0.01919367549137907,none
RA,0.06889888079620032,up
GIL,0.1269375998777742,up
GIL,0.10146245540769239,up
GIL,0.20178485746656905,up
GIL,0.05091377476286496,down
GIL,0.07324162939425927,down
GIL,0.15358791938987149,up
GIL,0.044880284630395284,none
GIL,0.1331970007085721,up
GIL,0.17995510544401183,up
GIL,0.036732254652808605,down
GIL,0.1638271596609715,up
GIL,0.06256672619303161,down
CAAS,0.03218388353435264,down
CAAS,0.17378046491059007,none
CAAS,0.20113304570698443,up
CAAS,0.12121211784391361,none
CAAS,0.02018350726545859,none
CAAS,0.2430554796700155,up
CAAS,0.8156027920904734,up
CAAS,0.19436611829116113,up
CAAS,3.815569638021543e-09,none
CAAS,0.32920790501592556,up
CAAS,0.19774007252035553,up
CAAS,0.14093959697827496,none
APGH,20.6666663562258,up
APGH,1.357142863224964,down
APGH,-0.0026454686474436384,down
APGH,1.2297296687753825,down
APGH,0.3035714570813033,down
APGH,0.1724137874335654,up
APGH,1.1153846624099777,down
APGH,0.333333300219643,up
APGH,0.8867925032257149,up
APGH,4.1612902915688625,up
APGH,106.59999992549419,up
APGH,17.055555670533657,up
DIOD,0.27605423809983964,up
DIOD,0.0005226366344275313,down
DIOD,0.26821969797763456,up
DIOD,0.18222415964351457,none
DIOD,0.1472840767700272,none
DIOD,0.11233959769257784,none
DIOD,0.07011128218217655,down
DIOD,0.04327982946108855,none
DIOD,0.06098264034812351,none
DIOD,0.20891983085393084,up
DIOD,0.27938049211095395,up
DIOD,0.016282279801064004,none
CSTM,0.13941023039459877,none
CSTM,-0.14601475288785093,down
CSTM,0.11697394826028695,down
CSTM,0.03128208258213139,none
CSTM,0.07656878868433914,down
CSTM,0.17807270941010178,up
CSTM,0.4898827752510657,up
CSTM,0.2007781982190857,up
CSTM,0.14886284034046238,none
CSTM,0.04288599367091295,down
CSTM,0.024449814659194047,down
CSTM,0.2601727126602682,up
LNT,0.06390598669130343,none
LNT,1.0568116404208183e-07,down
LNT,0.05274001700552611,none
LNT,0.08631021126667049,none
LNT,0.08189455509424581,none
LNT,0.04627358261517278,none
LNT,0.03695722840246707,none
LNT,0.07889073940546587,none
LNT,0.1262970998903692,up
LNT,0.15453899249975467,up
LNT,0.03722708367915706,none
LNT,0.02162741330691187,none
MVST,0.0430107754301452,down
MVST,0.36187844867216645,down
MVST,0.14117647223819074,none
MVST,0.15416661285692013,down
MVST,1.1953486422450648,up
MVST,0.08465610654833156,none
MVST,0.3729977460033347,none
MVST,0.45205475077493285,up
MVST,0.23239440344269724,none
MVST,0.09923673291548818,down
MVST,8.905213076016404,down
MVST,0.21878718025828348,down
PAR,0.004518925796632489,down
PAR,0.3811400809368193,up
PAR,0.10100443405336801,none
PAR,0.4479679631195814,up
PAR,0.2538364818261105,up
PAR,0.0289245943761951,down
PAR,0.1377788643604938,down
PAR,0.3053471070387608,up
PAR,0.6816987561648531,up
PAR,0.05892293252112801,none
PAR,0.04684126802017019,down
PAR,0.20428082180595863,none
DGNOF,0.12000000476837158,down
DGNOF,0.03703700024404788,down
DGNOF,0.0,down
DGNOF,0.6111110007321436,up
DGNOF,0.40909092756342313,up
DGNOF,0.12000000476837158,none
DGNOF,0.1739130688299524,none
DGNOF,0.5333333002196432,up
DGNOF,0.18181814487315395,none
DGNOF,0.13043472063789419,none
DGNOF,0.3333333806386085,none
DGNOF,0.40909092756342313,up
RNXT,1.111111003185007,up
RNXT,0.4507575328830995,up
RNXT,0.3541666472641125,up
RNXT,0.2374582306490478,none
RNXT,0.569264078758634,up
RNXT,0.10249311211346712,none
RNXT,0.21338910798236332,down
RNXT,1.2169811617823094,down
RNXT,1.2815533688430425,up
RNXT,0.4646464987027863,up
RNXT,0.029411736347271455,down
RNXT,0.12068964631322143,none
SLNHP,1.465233914695883,up
SLNHP,0.019300412812433665,down
SLNHP,0.03274021690491269,down
SLNHP,0.0066889568102752595,down
SLNHP,0.8812056574193792,up
SLNHP,-0.022222088891078906,down
SLNHP,-0.0012101183648571823,down
SLNHP,0.06963922362950536,none
SLNHP,0.0469908656769602,down
SLNHP,0.012707203997083694,down
SLNHP,0.02602761374128648,down
SLNHP,0.18584065419018736,none
KKRS,0.05543824706142031,none
KKRS,0.003916562666858914,none
KKRS,0.04762143025870924,none
KKRS,0.038082606941007624,none
KKRS,0.13613053692483224,up
KKRS,0.0016779178121131277,down
KKRS,0.0020725238921630584,down
KKRS,0.005632116882640981,down
KKRS,0.008719366620040248,down
KKRS,0.006666747479745272,down
KKRS,0.059261336503472206,none
KKRS,0.026981410667705097,none
AILIH,0.01342640972395115,up
AILIH,0.01342640972395115,up
AILIH,0.012986976076021506,up
AILIH,0.0,down
AILIH,0.07618896537758668,up
AILIH,0.0,down
AILIH,0.0,down
AILIH,0.012986976076021506,up
AILIH,0.012986976076021506,up
AILIH,0.012986976076021506,up
AILIH,0.012986976076021506,up
AILIH,0.012986976076021506,up
UBER,0.4470544021820597,up
UBER,0.16228275129787506,none
UBER,0.1556854597602133,up
UBER,-0.007936526419642598,down
UBER,0.3077830130808785,down
UBER,0.03393892933360032,down
UBER,0.026199464206746903,down
UBER,0.025269206071026895,down
UBER,0.112596149036297,down
UBER,0.171875033720301,up
UBER,0.010054900491261343,down
UBER,0.5330882472176246,up
ALLR,0.29032255418177466,down
ALLR,0.29629626916335905,none
ALLR,0.004385964912280604,down
ALLR,0.4453584056661253,none
ALLR,0.18652849740932642,down
ALLR,0.098901098901099,down
ALLR,-0.0969697045593918,down
ALLR,0.06406247361252815,down
ALLR,0.7422680412371134,down
ALLR,0.11961722488038284,down
ALLR,0.2295081967213115,down
ALLR,0.5340136534370308,up
ABBNY,0.1677588776857173,up
ABBNY,-0.0016260433446991795,down
ABBNY,0.24789919540627747,up
ABBNY,0.012803166648465814,down
ABBNY,0.15314726957214253,up
ABBNY,0.013245039307324458,down
ABBNY,0.11907855776630183,up
ABBNY,0.07263575398528821,up
ABBNY,0.030469908063242013,down
ABBNY,0.002820393504697538,down
ABBNY,0.09984176128893107,up
ABBNY,0.060728758987906195,down
RSCF,0.5,none
RSCF,0.5555555003660719,none
RSCF,0.38461549042245013,none
RSCF,0.19999999999999996,none
RSCF,0.0,down
RSCF,0.25000007761021625,none
RSCF,0.38461549042245013,none
RSCF,0.19999995529651704,none
RSCF,1.0,up
RSCF,0.08333331781129005,none
RSCF,0.19999995529651704,none
RSCF,0.5000000931322595,none
ORANY,0.06159111749933954,up
ORANY,0.05104606017073432,down
ORANY,0.0957676962713856,down
ORANY,0.029783689568054328,down
ORANY,0.15865383865607097,up
ORANY,0.06140359340507828,none
ORANY,0.053228681741670725,up
ORANY,0.06359830398645316,none
ORANY,0.1933174829045743,up
ORANY,0.03427599321760599,down
ORANY,0.019660537650064702,down
ORANY,0.0007734152845302322,down
PASG,1.2650056820845097,up
PASG,0.2650602118926402,up
PASG,0.08508021741893845,down
PASG,0.20192312100935417,none
PASG,0.019999980926513672,down
PASG,0.42222227873625573,up
PASG,0.29963895337379665,none
PASG,0.07185621561490296,down
PASG,0.35199996948242185,none
PASG,0.09572648750576596,down
PASG,0.009562401058222925,down
PASG,-0.021739110153428554,down
VRDR,1.0454545023520128,up
VRDR,6.71428598798051,up
VRDR,0.12359550279614417,none
VRDR,0.11731847916029592,down
VRDR,0.24555361062487835,down
VRDR,0.0,down
VRDR,0.034482829494228984,down
VRDR,1.0,none
VRDR,0.2981394245791662,none
VRDR,0.31428572239519004,up
VRDR,2.8125001746229867,up
VRDR,0.2565217077929267,up
XEL,0.08962827881166446,none
XEL,0.0800661207566622,up
XEL,0.07595701278951705,none
XEL,0.07434992133729601,none
XEL,0.06370428477091505,none
XEL,0.10420075143834251,up
XEL,0.0665729408274538,none
XEL,0.029262362999012304,none
XEL,0.06514044867035484,none
XEL,0.06986824943684877,none
XEL,0.04557047011986892,none
XEL,0.14711988913786755,up
GPI,0.08987369046204785,none
GPI,0.12971228599174456,none
GPI,0.14257045422093606,none
GPI,0.06033876375595981,none
GPI,0.02679675891601474,none
GPI,0.06312094627883424,none
GPI,0.09087545533471442,none
GPI,0.12451269850947666,none
GPI,0.09918452264625977,none
GPI,0.04450688474110431,down
GPI,0.045993886678500795,down
GPI,0.18467648286192606,up
MRSH,0.14009738211774225,up
MRSH,0.039472589891286214,down
MRSH,0.05680188807010356,none
MRSH,0.09349377095666811,up
MRSH,0.07112207136037374,up
MRSH,0.07523271866695191,up
MRSH,0.036335512884662524,down
MRSH,0.02243290128093145,none
MRSH,0.01008625847847422,down
MRSH,0.07375055514513873,none
MRSH,0.21016054967751385,up
MRSH,0.04722140583750667,down
RYLPF,0.2213131876481247,up
RYLPF,0.1299434537976556,up
RYLPF,0.04670836008117729,down
RYLPF,0.4136585312843146,down
RYLPF,0.3901760717821856,up
RYLPF,0.03335511314544504,down
RYLPF,0.009433983435388704,none
RYLPF,0.010570119830417113,down
RYLPF,0.05209424694402953,none
RYLPF,0.0924779604526389,down
RYLPF,0.03868926711667631,up
RYLPF,0.017085702664831004,down
VIST,0.18278305122715843,down
VIST,0.09455935522896342,none
VIST,0.1725631280737061,none
VIST,0.05575024001361095,down
VIST,0.0917721373342284,none
VIST,0.2815198834507857,up
VIST,0.11486921333084599,down
VIST,0.28180039522427536,none
VIST,-0.014922313359769013,down
VIST,0.16750538815710625,none
VIST,0.2963525580357207,up
VIST,0.15894040467054116,down
DERM,0.0494880612033235,down
DERM,0.3756677489125424,none
DERM,0.24289547793464816,none
DERM,0.4330434384553328,up
DERM,0.1028680888813518,none
DERM,0.2666666507720947,none
DERM,0.4115044560538117,none
DERM,0.29376862954732164,none
DERM,0.07421877401066057,down
DERM,0.11224491037164586,down
DERM,0.2111111802819352,none
DERM,0.14843754802132136,down
IHG,0.20084636632668307,up
IHG,0.10067412431872724,up
IHG,0.22575186095031796,up
IHG,0.1644852294857364,up
IHG,0.2532370903394785,up
IHG,0.20552738713142227,up
IHG,0.05362929473139122,down
IHG,0.05953173794271538,none
IHG,0.23755584007837904,up
IHG,0.018730073326848506,down
IHG,0.15421154398751935,up
IHG,0.06872474587886845,none
HBT,0.20813679053245582,up
HBT,0.06784193382431503,none
HBT,0.08591029192170563,none
HBT,0.08640379065985271,none
HBT,0.061160994118655276,none
HBT,0.17908554118185704,up
HBT,0.13081698447432566,up
HBT,0.27542364084166526,up
HBT,0.1689466864120115,up
HBT,0.011320872691660488,none
HBT,0.20473623664395757,up
HBT,0.04122054889603044,none
GOTU,0.1764705785296734,down
GOTU,0.21134012129852087,down
GOTU,0.08609016757329968,none
GOTU,1.0,up
GOTU,0.5396225573117757,up
GOTU,0.026315763527856362,none
GOTU,0.1476191196002976,down
GOTU,0.03448272554637244,none
GOTU,0.12977525298153814,none
GOTU,1.2770564325437448,up
GOTU,0.19534875313742206,down
GOTU,0.033333368654605344,down
WSBC,0.12223852475599095,up
WSBC,0.07878984202855421,none
WSBC,0.05104431800195686,none
WSBC,0.05325777670734211,down
WSBC,0.13319108941345714,up
WSBC,0.23973602260955418,up
WSBC,0.13063140729269218,up
WSBC,0.08840721635878923,none
WSBC,0.0580561205276906,none
WSBC,0.051648525768898335,none
WSBC,0.1234107747428499,up
WSBC,0.02154593058803078,down
ANDE,0.01356154293659273,down
ANDE,0.09866404424967312,none
ANDE,0.4612140498026083,up
ANDE,0.014077198119823109,down
ANDE,0.2720098473652437,up
ANDE,0.4677975455798884,up
ANDE,0.09417628837178738,down
ANDE,0.052631724547573144,down
ANDE,0.0724142529284888,down
ANDE,0.11450603193030218,none
ANDE,0.1614507877878122,up
ANDE,0.011721378269866856,down
CPAY,0.12729504490213306,up
CPAY,0.028070644671727596,down
CPAY,0.1836024284290394,up
CPAY,0.18733888930374154,up
CPAY,0.09344198287916705,down
CPAY,0.03584800888110129,down
CPAY,0.03770888676010653,down
CPAY,0.0667653085122244,down
CPAY,0.04116132711000575,none
CPAY,0.009176505838800031,down
CPAY,0.00571788361819503,down
CPAY,0.12355125909758646,none
CDLX,0.03951302759005393,none
CDLX,2.3311688641428976,up
CDLX,0.07339830581073659,down
CDLX,1.0,up
CDLX,0.01746358362569289,down
CDLX,0.2603911323681247,down
CDLX,0.25992059677606627,none
CDLX,0.5510203763873609,up
CDLX,-0.002040785186144811,none
CDLX,0.08530447825139875,down
CDLX,0.2923323242463505,down
CDLX,1.797577838799735,up
BYD,0.04384894828853381,none
BYD,0.07149826982352692,none
BYD,0.054050393410011166,none
BYD,0.022183285708153866,down
BYD,0.12065949975484291,down
BYD,0.000786315008908467,down
BYD,0.26031182183863777,up
BYD,0.18948084913021734,up
BYD,0.15465061663770152,none
BYD,0.12154693412974926,none
BYD,0.17931172087621805,none
BYD,0.07649117280523421,none
GSL-PB,0.018376808548356216,none
GSL-PB,0.04807322694571625,none
GSL-PB,0.0076883526038580285,down
GSL-PB,0.03263026593194063,none
GSL-PB,0.05210988200973765,up
GSL-PB,0.036940485202412665,up
GSL-PB,0.028436509576754032,none
GSL-PB,0.009891249532900881,none
GSL-PB,0.04903299444070264,up
GSL-PB,0.02233984852278481,none
GSL-PB,0.031539225028181406,none
GSL-PB,0.026600429533994108,none
DSGR,0.04980305042677591,none
DSGR,0.0186859230314127,down
DSGR,0.19957412797259444,none
DSGR,0.02453995208030202,down
DSGR,0.01569003452771356,down
DSGR,0.0817735757932645,down
DSGR,0.16933034352031662,up
DSGR,0.09322223381835215,none
DSGR,0.0950184535391112,none
DSGR,0.01334779395377339,down
DSGR,0.07089882689285831,down
DSGR,0.21413123947614876,up
GGLXF,0.3712047099928997,up
GGLXF,0.3712047099928997,up
BAC-PL,0.01319696001766224,none
BAC-PL,0.18104956387218185,up
BAC-PL,0.06957605380957799,up
BAC-PL,0.01447361223291277,none
BAC-PL,0.04899745178030823,up
BAC-PL,0.016913985107285257,down
BAC-PL,0.05519990496579519,up
BAC-PL,0.022164298488649647,none
BAC-PL,0.04301839972982058,up
BAC-PL,0.02836136532345468,none
BAC-PL,0.04915658758533503,up
BAC-PL,0.010068918855890008,down
OVID,0.08524589984527808,down
OVID,0.30088498656047125,none
OVID,0.19533522589951402,none
OVID,0.0594315312338205,down
OVID,0.10194176892239204,down
OVID,0.24576279148566815,none
OVID,0.2190813217993779,none
OVID,0.304918059441583,none
OVID,0.018678177899658976,down
OVID,0.4463276668734757,up
OVID,0.09734514581353326,none
OVID,0.2166172236983266,none
TNEYF,0.18334463916637178,up
TNEYF,0.09431204476790334,none
TNEYF,0.2263417923002251,up
TNEYF,0.5231418662727716,up
TNEYF,0.08581995632058592,none
TNEYF,0.0748711466087173,none
TNEYF,0.19967459481333938,up
TNEYF,0.11298084984255219,up
TNEYF,0.41188884427459116,up
TNEYF,0.3629631475270192,up
TNEYF,0.1015625371968889,none
TNEYF,0.19685812121050805,none
LDI,0.4215687007823401,up
LDI,0.11445786809692926,down
LDI,0.3488371938289734,up
LDI,0.3839285229617846,none
LDI,0.222222247817347,none
LDI,0.03608243875162076,down
LDI,0.08525334559140374,none
LDI,0.10404621130831715,down
LDI,0.06175768943683435,none
LDI,-0.035000024186651935,down
LDI,0.13533830206001718,down
LDI,0.6538460644979707,up
RM,0.0814151912355594,down
RM,0.3931689379284715,up
RM,0.03147116763333235,down
RM,0.06079597034051165,none
RM,0.3288791074991546,up
RM,0.15474559740209237,none
RM,0.08783794089658481,none
RM,0.13846142118693727,none
RM,0.12630200113639,none
RM,0.26953675852313475,down
RM,0.08640008269286081,none
RM,0.2520147637047059,up
GOGR,0.16666669771075315,down
GOGR,0.41666671323279636,down
GOGR,0.6249999767169352,down
GOGR,0.12500006984919465,down
GOGR,0.4444443340654771,down
GOGR,0.36363642521141015,down
GOGR,0.28571433133008517,down
GOGR,2.285714331330085,up
GOGR,2.5000000931322597,up
GOGR,0.33333333333333326,up
GOGR,0.31578949019519276,down
GOGR,1.0,up
MO,0.028112496128047004,down
MO,0.042969904245768964,none
MO,0.020771365959499244,none
MO,0.10213737377528598,up
MO,0.06826773321742485,up
MO,0.03314011641923642,down
MO,0.18787876801801828,up
MO,0.03754288608134737,none
MO,0.01416496014409896,down
MO,0.07247897214157772,none
MO,0.048958803301318854,none
MO,0.029605832201706983,down
GMWKF,0.14757756950947742,down
GMWKF,0.005698852054656367,none
GMWKF,0.0,down
GMWKF,0.058028316334103325,up
GMWKF,0.03772317664787961,none
GMWKF,0.14664392885409305,none
GMWKF,0.31136030493742184,up
GMWKF,0.06115709552290949,both
GMWKF,0.06148002623211757,up
GMWKF,0.0789473553354414,none
GMWKF,0.058028316334103325,up
GMWKF,0.059501460806862694,down
TBN,0.12333794589303926,none
TBN,0.25924416914004533,up
TBN,0.08421536871867419,none
TBN,0.039266043846760246,none
TBN,0.20544366597507602,down
TBN,1.0,up
TBN,0.12385325034091665,none
TBN,0.1596638057774229,down
TBN,0.1834533283725277,down
TBN,0.2118711995503415,none
TBN,0.5772558228358431,up
TBN,0.01990047815616136,none
RMVEY,0.12039129560258233,none
RMVEY,0.1302083131365408,up
RMVEY,0.022622258410723184,none
RMVEY,0.021783582964280512,none
RMVEY,0.005269113413700621,down
RMVEY,0.057624751952254805,none
RMVEY,0.06746989805505788,none
RMVEY,0.04360681932753585,down
RMVEY,0.06737587990613259,none
RMVEY,0.024708351466063982,down
RMVEY,0.11119224145085194,none
RMVEY,0.10286561699655872,none
AIP,0.6438246093411903,up
AIP,0.0897436602816335,down
AIP,0.289985058389743,none
AIP,0.1952662204336284,none
AIP,0.1775066999496413,none
AIP,0.02722316012693038,down
AIP,0.026706277639223064,down
AIP,0.15229891002973517,none
AIP,0.1111111405455043,down
AIP,0.34504132719934244,down
AIP,0.347490395827325,up
AIP,0.1540503769261481,none
NORD,0.09032259520002395,down
NORD,0.0,down
NORD,0.1288888719346788,up
NORD,0.01400003433227548,down
NORD,0.09999997275216232,down
NORD,0.026639367088582944,down
NORD,0.01400003433227548,down
NORD,0.09032259520002395,down
NORD,-0.003999996185302779,down
NORD,0.05444441901312924,down
NORD,0.0,down
NORD,0.0673684571918689,down
CAG,0.08352175397123562,none
CAG,0.05973782395763538,none
CAG,0.0057318810046111945,down
CAG,0.1333801843456408,up
CAG,0.007918965595730132,down
CAG,0.0439669130678495,down
CAG,0.0685309813252859,none
CAG,0.009772186458337773,down
CAG,0.05871237129911289,none
CAG,0.03435860785962164,down
CAG,0.03787030933651536,down
CAG,0.035814105225843385,down
KLGDF,0.4390244373363583,down
KLGDF,0.9073084020436903,up
KLGDF,0.28041234737831733,both
KLGDF,1.1659918411620733,up
KLGDF,0.07504397839541066,down
KLGDF,0.5636672998184538,down
KLGDF,0.8074324449753543,up
KLGDF,1.1971252233739853,up
KLGDF,0.6619718679358306,up
KLGDF,0.2972842235759572,down
KLGDF,0.5663265438651344,up
KLGDF,0.6930022820135504,up
FISV,0.02552622333980059,down
FISV,0.0838212863169292,down
FISV,0.13400992674947498,up
FISV,0.19831497350643779,up
FISV,-0.39248630705976306,down
FISV,0.04461478793455065,none
FISV,0.017943218755320123,down
FISV,0.07240223217821562,down
FISV,0.008319199215047979,down
FISV,0.05755177726094751,none
FISV,0.12290229303603706,up
FISV,0.07679850447504166,none
BKR,0.45649134396207036,up
BKR,0.14038364262054293,up
BKR,0.2253364800791633,up
BKR,0.017040514331282175,down
BKR,0.19294879335492698,up
BKR,0.061881907337823394,none
BKR,0.14140504149988997,up
BKR,0.1951906683152551,up
BKR,0.06324200180186335,none
BKR,0.21888869742155603,up
BKR,0.013881209166630937,down
BKR,0.44249688618209504,up
PRKS,0.10962764164914862,none
PRKS,0.17829761913242814,up
PRKS,0.08394660271372278,down
PRKS,0.08664831885881807,none
PRKS,0.1413661984413428,none
PRKS,0.23818831341596947,up
PRKS,0.05747552347572138,down
PRKS,0.14129413159072457,down
PRKS,0.256499507135467,up
PRKS,0.12436685579865103,none
PRKS,0.13877672805731867,none
PRKS,0.24879968576618383,up
BDCZ,0.0484792562951839,down
BDCZ,0.07029590705826605,up
BDCZ,0.06160606848799888,up
BDCZ,0.030920411346270438,down
BDCZ,0.03450437655923322,down
BDCZ,0.03647583630446105,down
BDCZ,0.041795835206764664,none
BDCZ,0.021948440358084964,down
BDCZ,0.03825583016684897,down
BDCZ,0.10790676693118217,down
BDCZ,0.03968555562375986,up
BDCZ,0.0842508460800464,up
MMI,0.07656291174359775,none
MMI,0.026232195626480825,down
MMI,0.09226759229128767,none
MMI,0.006334651995347329,down
MMI,0.03446143518014955,down
MMI,0.05548394999285122,none
MMI,0.027952666158871597,down
MMI,0.06236087521639555,down
MMI,0.03595996130316714,down
MMI,0.02211003266389655,down
MMI,0.07552945714609449,none
MMI,0.05789791297265623,down
LADR,0.12986995619929287,none
LADR,0.03418797700003906,none
LADR,0.0694086975814403,none
LADR,0.07892125283979068,none
LADR,0.012787870799890966,down
LADR,0.14536699004378817,up
LADR,0.017213118150009477,down
LADR,0.06238866776223695,none
LADR,0.02795473193352427,none
LADR,0.05355586863149542,down
LADR,0.020852203661339663,down
LADR,0.12078216344916792,up
AHL-PE,0.13562334667407727,up
AHL-PE,0.03669336349469532,none
AHL-PE,0.08865759463510381,none
AHL-PE,0.16603408303446954,up
AHL-PE,0.0571315890665991,down
AHL-PE,0.027943151780557063,none
AHL-PE,0.027805441612525517,down
AHL-PE,0.02364064335144689,none
AHL-PE,0.07488134428286397,up
AHL-PE,0.23701412094898955,up
AHL-PE,0.06167051457834227,none
AHL-PE,0.0056607466809706075,none
RLJ-PA,0.05487011684873333,up
RLJ-PA,0.015644316601896247,none
RLJ-PA,0.0037933398875560354,down
RLJ-PA,0.011718738024034003,none
RLJ-PA,0.060061538096821465,up
RLJ-PA,0.0710826739520154,up
RLJ-PA,0.01474105159068606,none
RLJ-PA,0.01440352180529203,none
RLJ-PA,0.010457495829770957,none
RLJ-PA,0.06015356441833419,up
RLJ-PA,0.01867562319923821,none
RLJ-PA,0.055833139952105704,none
FTAI,0.23006446325743468,up
FTAI,0.14545038162413393,none
FTAI,0.09327658188868448,down
FTAI,0.03441250076880098,down
FTAI,0.44891419581410874,up
FTAI,0.41051981418388817,up
FTAI,0.19864847822677945,down
FTAI,0.2837725733988188,up
FTAI,0.08556375929256399,down
FTAI,0.3827410444024406,up
FTAI,0.1620312687798564,none
FTAI,0.19887734260125378,up
CASY,0.14145226013665346,up
CASY,0.10601764774207512,none
CASY,0.08040074059812308,up
CASY,0.04005202220485948,down
CASY,0.024292043565596222,down
CASY,0.05260170976211609,none
CASY,0.05333396630497744,none
CASY,0.055853650334808824,none
CASY,0.010277158809626874,down
CASY,0.057047825098517135,down
CASY,0.08982174022020972,none
CASY,0.011300088125040686,none
DELL,0.10656196851503719,none
DELL,0.002728156346985644,down
DELL,-0.001275473736631394,down
DELL,0.21478039171014385,up
DELL,0.3521833595051813,up
DELL,0.0790232949709655,none
DELL,0.18484708242046222,up
DELL,0.06428020556306024,none
DELL,0.23992743665457916,up
DELL,0.15222962306865861,up
DELL,0.018477549475559574,down
DELL,0.10302909799096605,none
DDOG,0.25995515052965934,up
DDOG,0.052028811691057664,none
DDOG,0.027096085468122588,down
DDOG,0.09242253750288643,none
DDOG,0.2890010920171189,up
DDOG,0.2440386936570984,up
DDOG,0.2880133288093234,up
DDOG,0.0018412340747198108,down
DDOG,0.043506645846348,down
DDOG,0.2888030764027534,up
DDOG,0.07412883481627275,down
DDOG,0.03814264837810932,down
SHGI,0.21568630659227384,down
SHGI,1.4285714855911764,up
SHGI,0.30769235177858256,down
SHGI,0.0,down
SHGI,-0.022388126755056525,down
SHGI,0.0,down
SHGI,0.30769235177858256,down
SHGI,0.12499989813659829,down
SHGI,-0.05555546357307506,down
SHGI,0.23880591438193322,down
SHGI,0.5121951467717143,down
SHGI,0.30769235177858256,down
TTWO,0.14252439318048338,up
TTWO,0.1561577292818117,up
TTWO,0.07840431125823555,none
TTWO,0.03047761575712027,down
TTWO,0.09478793563760246,none
TTWO,0.060262684074337214,down
TTWO,0.1365366192431916,up
TTWO,0.08041768272353034,none
TTWO,0.15699807453924008,up
TTWO,0.1579569277351831,up
TTWO,0.094972435157898,down
TTWO,0.13240364900571922,up
WHR,0.03791250746843455,none
WHR,0.13934441581982648,up
WHR,0.15349558099203997,up
WHR,0.051369558668747706,down
WHR,0.1441056164292014,up
WHR,0.09753002095500718,none
WHR,0.018469192852785365,none
WHR,0.11285962368657843,none
WHR,0.014965320306554286,down
WHR,0.12041635630311065,up
WHR,0.3343735118978195,up
WHR,0.2539692473979389,up
VNT,0.09513565995618167,down
VNT,0.036764674279939236,down
VNT,0.1641577974059405,up
VNT,0.15369035656277452,none
VNT,0.21487853438030902,up
VNT,0.021641772833322026,down
VNT,0.3132728527063027,up
VNT,0.13928414282255086,none
VNT,0.010343352542765638,down
VNT,0.05775061928580305,none
VNT,0.08415840971577171,down
VNT,0.2916958180815947,up
ARCO,0.23051641149205548,up
ARCO,0.0903927029483591,down
ARCO,0.1632125129205353,up
ARCO,0.09660565794077502,none
ARCO,0.07329892900442458,none
ARCO,0.1718982849110544,up
ARCO,0.16632437121860133,up
ARCO,0.207407282626336,up
ARCO,0.10819341525207982,none
ARCO,0.020527863885032582,down
ARCO,0.14824809954343077,none
ARCO,0.13600014210652356,none
AGIG,0.4013605883508875,up
AGIG,1.5519287256092849,up
AGIG,0.010752626424140876,down
AGIG,0.3553718265699961,up
AGIG,0.39949112131620845,none
AGIG,0.08717952630458736,none
AGIG,0.007518753861753602,none
AGIG,0.03211012786410716,none
AGIG,0.2913385720341386,up
AGIG,0.01811594177859832,down
AGIG,0.07242335274684764,down
AGIG,0.19634708763970998,none
KULR,0.2923076993614966,none
KULR,0.016853916782002765,down
KULR,0.304347853128762,up
KULR,-0.024390220263873164,down
KULR,0.35135133393582363,up
KULR,0.5752212202663811,none
KULR,0.14754093715305938,down
KULR,0.02702700090373522,down
KULR,1.0,up
KULR,0.18749996740371033,none
KULR,0.15853658093362255,down
KULR,0.05660371841506828,down
USB-PA,0.012195316974735748,down
USB-PA,0.0069619894533226034,down
USB-PA,0.08547498175769896,up
USB-PA,0.014847484716781878,up
USB-PA,0.04697584091770857,up
USB-PA,0.014272707000767548,up
USB-PA,0.059591710348404936,none
USB-PA,0.011363665835864234,down
USB-PA,0.03655024063567436,none
USB-PA,0.03866908371459421,up
USB-PA,0.013629090309675407,down
USB-PA,-0.003935195885546583,down
BOH-PA,0.03934732484482306,none
BOH-PA,0.1084312366828386,up
BOH-PA,0.10389800867349774,up
BOH-PA,0.07007943226487257,none
BOH-PA,0.050788197682880565,none
BOH-PA,0.004176651366264217,none
BOH-PA,0.17130397654071028,up
BOH-PA,0.08746154919900673,none
BOH-PA,0.01792519881949306,down
BOH-PA,0.10329579672155309,none
BOH-PA,0.02008043243155533,none
BOH-PA,0.037150174587002205,none
SVC,0.06652350697329878,none
SVC,0.05484673337498669,none
SVC,0.2774568793994685,none
SVC,0.4592900077271922,up
SVC,0.1105780441820936,down
SVC,0.1283184862310942,none
SVC,0.01484603027062037,down
SVC,4.387594931820615e-08,down
SVC,0.5449915791036368,up
SVC,0.13541667867377694,none
SVC,0.16652157582386096,none
SVC,0.04625495613518882,down
BHV,0.052110035416373046,none
BHV,0.014897490950352754,down
BHV,0.04806641254445854,none
BHV,0.03965598046479624,up
BHV,0.060484397453692385,none
BHV,0.01454533312140538,down
BHV,0.011204353975990955,down
BHV,0.04279566564796933,none
BHV,0.15430077792339603,down
BHV,0.029790630913435923,none
BHV,0.06640206575670349,up
BHV,0.01958923369201493,none
QUCY,0.07831325171422598,none
QUCY,0.009615375798129211,down
QUCY,0.49532705178395586,up
QUCY,0.06685629817420202,none
QUCY,0.09480005900065103,none
QUCY,0.40277770879092323,down
QUCY,0.13326341306199807,down
QUCY,0.02422148000620128,down
QUCY,0.015151500920837613,down
QUCY,0.384489752623699,down
QUCY,0.1933702508927524,down
QUCY,0.31633405893876554,none
HBAN,0.018850951948263583,down
HBAN,0.22953300030984924,up
HBAN,0.02954896146570052,none
HBAN,0.05354750111079443,none
HBAN,0.41259973816921724,up
HBAN,0.012377872762697528,down
HBAN,0.17902254361877779,up
HBAN,0.0019567669887932126,down
HBAN,0.20288565226072275,up
HBAN,0.23230918983332738,up
HBAN,0.19327100306238765,up
HBAN,0.0883668728305591,up
SOCGM,0.01449261483001818,up
SOCGM,0.01449261483001818,up
SOCGM,0.01449261483001818,up
SOCGM,0.01449261483001818,up
SOCGM,0.01449261483001818,up
SOCGM,0.01449261483001818,up
MTNOY,0.13725487788786994,none
MTNOY,0.1715479906933266,none
MTNOY,0.1523177701870928,up
MTNOY,-0.008642984641522578,down
MTNOY,0.23052957870273594,none
MTNOY,0.2593800810845879,up
MTNOY,0.23717955607872687,none
MTNOY,0.2883722141972591,up
MTNOY,0.22602719604423038,up
MTNOY,0.03771123117398911,down
MTNOY,0.04404564458563609,down
MTNOY,0.28589423761866595,up
AQST,0.1936620448440176,none
AQST,0.17573214202524312,none
AQST,0.5433526282409422,up
AQST,0.26465669280911164,none
AQST,0.046296250305059905,none
AQST,0.13230239831878032,down
AQST,0.11002439913856854,down
AQST,0.27166668574015307,down
AQST,0.534534609786818,up
AQST,0.3654822427176134,none
AQST,0.17063494841738325,down
AQST,0.15712687942782755,none
IPGP,0.2317328027762715,up
IPGP,0.18848002855403911,up
IPGP,0.10678355698653896,none
IPGP,0.40142514428495546,up
IPGP,0.22346987967997523,up
IPGP,0.13387396345923763,none
IPGP,-0.00036245502501508486,down
IPGP,0.19788516493599717,up
IPGP,0.028399409686098442,down
IPGP,0.17788837931735801,up
IPGP,0.17780144688412225,up
IPGP,0.15572056302417225,none
ZPTA,18.414894404366198,up
ZPTA,20.987952725167712,up
ZPTA,0.3984785993525217,down
ZPTA,82.33333061697596,up
ZPTA,2.0714286094417376,none
ZPTA,1.0,down
ZPTA,0.16604941519381256,down
ZPTA,12.333332919412193,none
ZPTA,4.000000186264519,none
ZPTA,398.9999869614846,up
ZPTA,0.7857142572044118,down
ZPTA,0.32081558191956727,down
EGLXF,0.15302493790511007,none
EGLXF,0.2871286208437287,none
EGLXF,0.07881777738210993,down
EGLXF,0.8909091401691283,none
EGLXF,0.41379318318100755,none
EGLXF,0.453608231585545,none
EGLXF,0.47438015112190723,up
EGLXF,0.018675785131828437,down
EGLXF,0.24083765810288327,down
EGLXF,0.9081273357439166,up
EGLXF,0.216916839483549,none
EGLXF,0.7179487252964305,none
NVCR,0.15261351162616732,none
NVCR,0.07041405211420981,down
NVCR,0.23785537990773764,none
NVCR,0.2235722644366489,none
NVCR,0.9249860095490072,up
NVCR,0.1363428504736981,down
NVCR,0.11448595171583986,none
NVCR,0.09055423961077591,none
NVCR,0.18348074118101665,none
NVCR,0.8724451581319794,up
NVCR,0.07226515457688842,none
NVCR,0.3123466752089272,up
VZLA,0.32413785789299476,up
VZLA,0.36408234822868346,none
VZLA,0.32283462423541787,none
VZLA,0.24739585128069574,up
VZLA,0.38535645047200906,up
VZLA,0.3770491050411653,up
VZLA,0.02424247372139554,down
VZLA,0.049586728006576486,none
VZLA,0.0,none
VZLA,0.36891891674197796,up
VZLA,0.29523816768274624,up
VZLA,0.0,down
KEY-PL,0.03082532584421127,down
KEY-PL,0.059236448882204584,none
KEY-PL,0.10453482374749967,none
KEY-PL,0.04013399065214873,down
KEY-PL,0.19070210619366246,up
KEY-PL,0.03603304703873156,down
KEY-PL,0.07867692246738289,up
KEY-PL,0.026810537587329097,none
KEY-PL,-0.006302736643346463,down
KEY-PL,0.06257867446344179,down
KEY-PL,0.011554381679012016,none
KEY-PL,0.08466208878519033,up
SGU,0.07754009244538329,none
SGU,0.04587936060689257,none
SGU,0.12050766681902725,none
SGU,0.1836831284924878,up
SGU,0.040955487375179844,none
SGU,0.1459655342264774,up
SGU,0.4949962031718147,up
SGU,0.14285710361798287,up
SGU,0.03043479346463207,down
SGU,0.06803366192320204,none
SGU,0.042066371852438555,none
SGU,0.09021904120455115,none
CTKB,0.1486810249917554,none
CTKB,0.5138889230538091,up
CTKB,0.21428572615323982,up
CTKB,0.05624296745675017,down
CTKB,0.07244034730264914,down
CTKB,0.035494912716990124,down
CTKB,0.15397348248547105,none
CTKB,0.3790323312523236,up
CTKB,0.18750005794896163,none
CTKB,0.20029679930475153,down
CTKB,0.43071154460231065,up
CTKB,0.07962959467628994,down
AMBA,0.10752270638879935,down
AMBA,0.12203855602776836,down
AMBA,0.03665658890011492,down
AMBA,0.0016159712584717933,down
AMBA,0.2654183439939637,up
AMBA,0.38511716142186314,up
AMBA,0.19831339007509152,none
AMBA,0.045521137076364404,down
AMBA,0.011406030515626941,down
AMBA,0.38799766584951745,up
AMBA,0.1990114718270477,none
AMBA,0.14706712597946603,none
CODGF,0.15450988966368118,down
CODGF,0.03271293239463269,down
CODGF,0.05928075658824983,up
CODGF,0.22980429284262893,up
CODGF,0.07160232333277805,down
CODGF,0.08435010502473173,down
CODGF,0.05126012635245014,down
CODGF,0.0,down
CODGF,0.15369985612857673,up
CODGF,0.05126012635245014,down
CODGF,-0.0031878655545211076,down
CODGF,0.049646796483572064,none
WNEB,0.00914632952482397,down
WNEB,0.03379427198048712,none
WNEB,0.13851877520967015,up
WNEB,0.3451374754850649,up
WNEB,0.2298918821250311,up
WNEB,0.16998821160096278,up
WNEB,0.010714236655501086,down
WNEB,0.21093754213038807,up
WNEB,0.16262973940024072,up
WNEB,0.14444453642987987,up
WNEB,0.014227516261337225,down
WNEB,0.014405819409548215,down
GDC,1.031496062992126,up
GDC,0.0,down
GDC,0.2441860465116279,down
GDC,1.0138248847926268,up
GDC,1.0413793103448277,up
GDC,0.018274111675126825,down
GDC,1.4796747967479673,down
GDC,0.19999999999999996,none
GDC,0.6329113924050633,up
GDC,0.058375634517766395,down
GDC,1.4542079207920793,up
GDC,0.34288939051918743,none
OXM,0.06304660667981343,none
OXM,0.05268653090348141,down
OXM,0.043445561333038896,down
OXM,0.28857253267625027,up
OXM,0.02604254752330437,down
OXM,0.09406881907232512,none
OXM,0.08087659825389082,none
OXM,0.15136766661081658,none
OXM,0.052313420213297546,none
OXM,0.07271726092635733,down
OXM,0.04170552734969468,none
OXM,0.1975674825528999,up
IFBD,0.5588235294117647,up
IFBD,0.12649158132059313,none
IFBD,0.17619051252092643,down
IFBD,0.9974715935259137,up
IFBD,0.6831683168316831,down
IFBD,0.3018868582322567,none
IFBD,0.174757351220437,none
IFBD,0.6250001146243211,up
IFBD,0.21025632686477258,none
IFBD,-0.027972027972028024,down
IFBD,0.26234902228755685,none
IFBD,0.13978014349549084,down
PDD,0.1338226189534688,none
PDD,0.017508267553187018,down
PDD,0.2908626686826561,up
PDD,0.10483289796027462,down
PDD,0.1449417428716664,up
PDD,0.6015432413216812,up
PDD,0.26980954124813983,up
PDD,0.03452757292434461,down
PDD,0.02450821035380124,down
PDD,0.035700794132709435,down
PDD,0.10881716456972956,none
PDD,0.19472566396269575,up
PTGX,0.26736843711451486,up
PTGX,0.25312239000149117,none
PTGX,0.011786594037019205,none
PTGX,0.2387448865231636,up
PTGX,0.04971102013167972,down
PTGX,0.17550903031378406,none
PTGX,1.1231197209214354,up
PTGX,0.059371566049311264,none
PTGX,0.32035851959404194,up
PTGX,0.6031745951652445,up
PTGX,0.1817054452822191,none
PTGX,0.08612443739202003,none
BQ,0.08656720972772858,down
BQ,0.11742421608380704,down
BQ,0.9814815521240234,up
BQ,0.016949152542372836,down
BQ,0.053191467991454244,down
BQ,0.3359999656677246,none
BQ,0.0409982198929828,down
BQ,0.5075758153742009,down
BQ,0.2477875863462955,down
BQ,2.9090910889971333,up
BQ,0.32584277488806124,none
BQ,0.1499999999999999,down
FLWS,0.1976866529120962,up
FLWS,0.17492713288705586,down
FLWS,0.31194470007037234,up
FLWS,0.05637713748211648,down
FLWS,0.5727810960754101,up
FLWS,0.047248860524555125,down
FLWS,0.09589047115432003,none
FLWS,0.17037870430274937,none
FLWS,0.10813493659106466,none
FLWS,0.11207977610624154,down
FLWS,0.11197658882876915,none
FLWS,0.13574099487355507,down
CTVA,0.042585821612752595,none
CTVA,0.09669460163587917,none
CTVA,0.1120271769688288,none
CTVA,0.21344535287775823,up
CTVA,0.13288080270448965,up
CTVA,0.22282904072298937,up
CTVA,0.14475453144224737,up
CTVA,0.04805535037996744,down
CTVA,0.002030319211506315,down
CTVA,0.10301767575017573,none
CTVA,0.0468775939342474,none
CTVA,0.09421662801700292,none
NESR,0.03916764893953051,down
NESR,0.665632691291262,up
NESR,0.01058205116276123,down
NESR,0.05585982721677829,none
NESR,0.6493807538780665,up
NESR,0.45000002337437084,up
NESR,0.13411768744973585,none
NESR,0.43399817325627255,up
NESR,0.1169590198905226,none
NESR,0.33655396775352275,up
NESR,0.3028472979008634,up
NESR,0.12769485143201775,none
CUEN,0.1056910918229137,down
CUEN,0.48688045524847556,down
CUEN,0.5714286712375032,down
CUEN,0.024242498387905043,down
CUEN,1.3349281725641555,up
CUEN,0.3043477552631826,down
CUEN,0.9380165877018007,up
CUEN,0.24999998137354873,down
CUEN,0.05595943058249575,none
CUEN,0.1640625931322608,down
CUEN,0.013645164378685015,down
CUEN,0.5904677024573566,down
AMBIQ,0.03695653909095564,down
AMBIQ,0.39693355521831264,up
AMBIQ,0.09302316297384028,down
AMBIQ,0.27777772258829403,down
AMBIQ,0.4427349945253387,up
AMBIQ,0.13050245932363636,none
AMBIQ,0.8065659033800876,up
AMBIQ,0.27082598837908467,none
AMBIQ,0.31578949019519276,down
AMBIQ,0.1834319125937769,down
AMBIQ,0.8729422476306008,up
AMBIQ,0.755888581435004,up
GSTX,12.333333333333334,up
GSTX,0.5384615948919735,none
GSTX,0.1889189328513412,none
GSTX,0.18787117236036344,none
GSTX,0.3750000093132255,up
GSTX,0.31034484884826874,down
GSTX,0.428571443776695,up
GSTX,0.9271949059089006,up
GSTX,13.685314306391321,down
GSTX,1.0968356138982664,down
GSTX,0.5833333488553767,down
GSTX,0.2662445746813331,none
INTR,0.2720206155108942,up
INTR,0.2938549039905054,up
INTR,0.0688094878566119,down
INTR,0.08006905329267866,none
INTR,0.15918633827013573,none
INTR,0.16245478212738362,none
INTR,0.04559840013624017,none
INTR,0.28548893035363276,none
INTR,0.016811234456821644,down
INTR,0.09071508212276114,down
INTR,0.49729723882342625,up
INTR,0.1687763401177247,none
HAIN,0.07781147233625729,down
HAIN,0.2560646359830312,down
HAIN,0.0430107754301452,none
HAIN,0.1793478461570457,down
HAIN,0.04083883757421902,down
HAIN,0.11158570227804443,down
HAIN,0.04449034170090327,down
HAIN,0.034158805911803425,none
HAIN,0.020393786568134287,down
HAIN,0.10406815640764489,none
HAIN,0.02965234864734745,down
HAIN,0.14259005289571025,up
PLOW,0.14310779350120595,up
PLOW,0.30544478330349856,up
PLOW,7.86805436359117e-08,down
PLOW,0.010518422004874628,down
PLOW,0.08496034947495024,none
PLOW,0.0391824461539112,down
PLOW,0.07377867499459523,none
PLOW,0.2772606624504186,up
PLOW,0.06914161430406152,down
PLOW,0.11382106692485827,none
PLOW,0.015399124915816076,none
PLOW,0.13958887778848794,up
NRDY,0.7490039375160944,up
NRDY,0.057306603764240016,down
NRDY,0.07326480157966708,down
NRDY,0.08370365886167974,none
NRDY,0.10301503654453614,down
NRDY,1.3440860752591313,down
NRDY,0.02339179003549785,down
NRDY,0.07446807768615793,down
NRDY,0.16564416056218811,none
NRDY,0.10080645083760875,none
NRDY,0.4829932138288613,none
NRDY,0.15909090013453908,none
PSMT,0.01608965452935518,down
PSMT,0.019750586602828024,down
PSMT,0.18224093427288346,up
PSMT,0.02833651268232229,down
PSMT,0.17079387620355102,up
PSMT,0.1819040100511231,up
PSMT,0.003666136055791913,down
PSMT,0.08812665103715767,up
PSMT,0.06194582853818953,down
PSMT,0.047180356774154,none
PSMT,-0.00175790755099825,down
PSMT,0.06341679180266713,none
TISI,2.60869554701134,up
TISI,0.09195404692801223,down
TISI,0.9187500476837158,up
TISI,0.6824104476110886,up
TISI,0.03255810704084405,down
TISI,0.04477614914555761,down
TISI,2.9558821858831803,up
TISI,0.08902076949799831,down
TISI,0.2627118116683991,down
TISI,0.6497373053172437,up
TISI,0.38714392645631257,up
TISI,0.33928577510678304,none
RH,0.2888445799021866,up
RH,0.24426415668931512,none
RH,0.0499364151573678,down
RH,0.18624760699783383,none
RH,0.032731424839233414,down
RH,0.06635765729838483,down
RH,0.20900815194067124,none
RH,0.05359106426629179,down
RH,0.07770239565586623,down
RH,0.2019115908882263,none
RH,0.12673486259997757,down
RH,0.05452000747466412,down
SBEV,0.2925532302769023,none
SBEV,0.04676619483670286,down
SBEV,0.7567566696791177,up
SBEV,0.6019231210093543,up
SBEV,0.01086955488892416,down
SBEV,0.18279567466662683,down
SBEV,0.03254710386214699,down
SBEV,0.28030302277719166,down
SBEV,0.15181519554139933,none
SBEV,0.4092664927898628,down
SBEV,0.2449798766102469,down
SBEV,0.957446847365637,up
DRS,0.04357946422005976,none
DRS,0.1321838255405252,down
DRS,0.4514407647855454,up
DRS,0.08731859928569685,none
DRS,0.07536234718507662,none
DRS,0.187948313166594,up
DRS,0.18607708319576965,up
DRS,0.17028514710212717,none
DRS,0.059587019429579335,none
DRS,0.033580062481532114,down
DRS,0.04405655005352527,down
DRS,0.21242878476056393,up
ERLFF,0.31345354512464185,up
ERLFF,0.42978003264640074,up
ERLFF,0.41396103346326685,up
ERLFF,0.44078136667117884,up
ERLFF,0.05161291128886969,none
ERLFF,0.31728051855030026,up
ERLFF,0.42168671237936084,up
ERLFF,0.1457783320607715,none
ERLFF,0.5050167077403809,up
ERLFF,0.4307692942534702,up
ERLFF,0.0,down
ERLFF,0.2559681916733576,none
ADSE,0.05676520337476121,down
ADSE,0.04740555676283709,none
ADSE,0.26438574362163547,down
ADSE,0.1136319147885072,none
ADSE,0.03571432372745331,none
ADSE,0.21173112222776136,none
ADSE,0.14335670242982435,none
ADSE,0.5075470723729019,up
ADSE,0.14520314170166504,none
ADSE,0.0192735532463455,down
ADSE,-0.003846241716395693,down
ADSE,0.06666668256123853,none
MTCH,0.05880559679484598,none
MTCH,0.1510790960099082,up
MTCH,0.10373537912794561,none
MTCH,0.04675259961884404,down
MTCH,0.2147565824560589,up
MTCH,0.31571807963638276,up
MTCH,0.25759631807116246,up
MTCH,0.03250226737541717,down
MTCH,0.01571045112559899,down
MTCH,0.13425926690744383,up
MTCH,0.10390314261305478,down
MTCH,0.015645557954076406,down
GRRR,0.25517528469414374,none
GRRR,0.07878783254912403,down
GRRR,0.2017374694373153,up
GRRR,0.2825278714858299,none
GRRR,1.6,up
GRRR,0.5439093069225882,none
GRRR,0.030384001197267363,down
GRRR,0.2511277736577773,none
GRRR,-0.014048656590422315,down
GRRR,0.008403361344537785,none
GRRR,0.21665198643842154,down
GRRR,0.19665730525121217,none
GT,0.33830096738959736,up
GT,0.08672087304535525,none
GT,0.24611613585812453,up
GT,0.10376280500721391,none
GT,0.24636956662305964,up
GT,0.06434910178272202,down
GT,0.008084524961654349,down
GT,0.03438976611635658,down
GT,0.2883522363595108,up
GT,0.13199303184163602,none
GT,0.0868580507616934,down
GT,0.19529409969554234,up
PBNAF,0.1450381757876995,up
PBNAF,0.0018227854869492521,up
PBNAF,0.0,down
PBNAF,0.13828300175063268,up
PBNAF,0.15580204974451917,up
PBNAF,0.04906359190204124,none
PBNAF,0.13095536612482084,up
PBNAF,0.0,down
PBNAF,0.13347606937741885,up
PBNAF,0.12180780617783071,up
PBNAF,0.13347606937741885,up
PBNAF,0.0,down
TRNI,0.010701551845529345,down
TRNI,0.024073354252471146,up
TRNI,0.01587295759143159,none
TRNI,0.01694885807971991,none
TRNI,0.016844395467147777,none
TRNI,0.018460627395769924,none
TRNI,0.017050016696787518,none
TRNI,0.018351935564928867,up
TRNI,0.03984529112731039,up
TRNI,0.011058556001576791,none
TRNI,0.03012353692398606,up
TRNI,0.02896605208511227,up
TDG,0.12143093565883745,up
TDG,0.06650337951908702,none
TDG,0.05614873076836302,down
TDG,0.042735326143728436,down
TDG,0.07288282005310998,none
TDG,0.09732528420595354,none
TDG,0.18364706021119637,up
TDG,0.0226927411279374,down
TDG,0.232479271094308,up
TDG,0.020183709778809567,none
TDG,0.18270962525021317,up
TDG,0.02438252718599654,down
AMG,0.08534297285347159,up
AMG,0.07656293785953094,none
AMG,0.14563769733211407,up
AMG,0.023595741402349324,down
AMG,0.013940824724717249,down
AMG,0.0088017099930906,down
AMG,0.2963064378586029,up
AMG,0.2403448210698511,up
AMG,0.018041251158519067,down
AMG,0.1205840288372062,up
AMG,0.010200137344529736,down
AMG,0.0034629434328350417,down
TATT,0.4123711421292322,up
TATT,0.09191757986776872,none
TATT,0.1672793819559386,up
TATT,0.0218487594299559,down
TATT,0.1030927640782684,down
TATT,0.4911147543947081,up
TATT,0.14118626087573105,none
TATT,0.45530608555194707,up
TATT,0.34260865916376537,up
TATT,0.10797343811077442,none
TATT,0.34610720853113386,up
TATT,0.052067329988755295,none
TUTH,25.154729352310753,up
TUTH,5.059848482282858,down
TUTH,0.08287293408977447,down
TUTH,42.466667920256434,up
TUTH,0.0,down
TUTH,0.0,down
TUTH,3.5640000020861624,up
TUTH,-0.01639342660450327,down
TUTH,0.9666665010982156,up
TUTH,0.3140311191999967,none
TUTH,0.004566219366461066,down
TUTH,0.0,down
ABTS,0.8048780877841224,up
ABTS,0.6279069219427289,up
ABTS,0.06331174561418185,down
ABTS,0.0766233983380058,down
ABTS,0.009259250061012025,down
ABTS,0.13841810573159163,down
ABTS,0.11956516598370759,none
ABTS,7.551020358513416,down
ABTS,0.06591862309226681,down
ABTS,0.09552837365763112,none
ABTS,0.09438470402084831,none
ABTS,0.03401360588350877,down
TDOC,0.05152143040067059,down
TDOC,0.10883113316127235,down
TDOC,0.1308863445224886,none
TDOC,0.10490202632421664,none
TDOC,0.06972112626020688,down
TDOC,0.31502894236141343,up
TDOC,0.41554701458755594,up
TDOC,0.019909526084286755,down
TDOC,0.13121354320058476,none
TDOC,0.1087791514292451,down
TDOC,0.38111114501953125,up
TDOC,0.24223857908757362,up
LFUS,0.02883714716379404,down
LFUS,0.06734399263061341,none
LFUS,0.2633059831260298,up
LFUS,0.19544481001939817,up
LFUS,0.20240021137052921,up
LFUS,0.03500386126243171,down
LFUS,0.14078332094364732,none
LFUS,0.11573278701522605,down
LFUS,0.07094411033341763,down
LFUS,0.16741929294869728,up
LFUS,0.043290037882209864,down
LFUS,0.21754421741325314,up
LNAI,0.31007752854923964,down
LNAI,0.5267175445496941,none
LNAI,0.0196721126942887,down
LNAI,0.053836405091596706,down
LNAI,0.07723579442038497,down
LNAI,0.09504132719934244,down
LNAI,0.8666666666666667,up
LNAI,0.6773163348144027,none
LNAI,0.47453082355913034,none
LNAI,0.35911601453083497,none
LNAI,0.24567466226854529,none
LNAI,0.06635619146671323,down
OMQS,0.02218035435567689,down
OMQS,0.06666660043928618,down
OMQS,0.08908912549686043,none
OMQS,0.06576734479130986,down
OMQS,0.5885468599607562,down
OMQS,0.3257575230767049,down
OMQS,0.06073567695745741,down
OMQS,0.09346736914605702,down
OMQS,0.04932662459720194,down
OMQS,1.527627792009734,down
OMQS,0.0,none
OMQS,0.1233108124435165,none
DAR,0.11423477493723055,down
DAR,0.12520028179472864,down
DAR,0.22256572187164747,up
DAR,0.10850084395021997,none
DAR,0.09914968913247679,none
DAR,0.1892357095801218,up
DAR,0.200253053757101,up
DAR,0.1255492756864658,none
DAR,0.04654210076366749,down
DAR,0.1300793959486526,none
DAR,0.11335719471743588,down
DAR,0.015043938335766782,down
BOE,0.03813060654978839,none
BOE,0.029136190562514264,down
BOE,0.03964858445594022,down
BOE,0.03301406724208533,down
BOE,0.046597615324190045,up
BOE,0.06115675900257922,up
BOE,-0.0010100133322589189,down
BOE,0.019344102970555666,down
BOE,0.13407851644087931,up
BOE,0.08962188519931891,up
BOE,0.08354017035879169,up
BOE,0.05463361689594892,up
MLEC,0.15440118829199467,down
MLEC,0.08742004264392333,down
MLEC,0.006079027355623046,up
MLEC,0.03202846975088969,none
MLEC,1.3214285714285716,up
MLEC,0.006072874493927127,up
MLEC,0.2638297872340425,down
MLEC,0.9578313253012047,down
MLEC,0.004040404040404066,none
MLEC,0.1839572192513368,none
MLEC,0.1235954735117859,down
MLEC,0.04319761668321753,up
MMU,0.016838522558362268,none
MMU,0.02431905895614772,none
MMU,0.016838522558362268,none
MMU,0.06454834621361694,up
MMU,0.11495687618478523,up
MMU,0.01006198903324873,down
MMU,0.0515460091540052,up
MMU,0.003689939373078044,down
MMU,0.026950390381656364,none
MMU,0.021784631660200837,none
MMU,-0.003842765565917561,down
MMU,0.02373775376463061,none
NLST,0.11111109148818321,none
NLST,0.23508775393461767,down
NLST,0.15476194756191464,none
NLST,0.7589285894848254,up
NLST,1.152173941212025,up
NLST,0.08695652549493671,none
NLST,0.019108261393313564,down
NLST,0.37974684021828575,down
NLST,0.590361540956758,up
NLST,1.0999999024651288,up
NLST,0.743362864533833,up
NLST,0.11337205232511471,down
SITS,1.0172414147471143,none
SITS,0.1057692280138387,none
SITS,0.1682242673407468,none
SITS,0.010526337253750517,down
SITS,0.02702698076703114,none
SITS,0.12781956150813567,down
SITS,0.6249999767169352,none
SITS,0.17647059339140525,none
SITS,0.1450216816734584,none
SITS,-0.01235959213680804,down
SITS,0.38888888888888884,none
SITS,0.14879649480334223,down
FGNX,0.028000000000000025,down
FGNX,0.3120567375886525,none
FGNX,0.21505383474498774,down
FGNX,0.08029197080291972,down
FGNX,0.16584158415841577,down
FGNX,0.8564102564102565,up
FGNX,0.2064516129032259,none
FGNX,0.21967213114754092,none
FGNX,0.38013698630136994,up
FGNX,1.4010476872676598,up
FGNX,0.30000000000000004,down
FGNX,0.17829457364341095,none
MKZR,0.18462669740737314,none
MKZR,0.09492270964592486,down
MKZR,0.5449438058394391,none
MKZR,0.44999998013178444,none
MKZR,0.03272724151611328,down
MKZR,1.1722363962438225,up
MKZR,0.7783460220765883,none
MKZR,0.07682925063940194,down
MKZR,0.5277778758532021,up
MKZR,1.6080246248126775,up
MKZR,1.4074073596079666,up
MKZR,1.6406249010469778,up
MI,0.3347931279463199,down
MI,0.0846153987229934,down
MI,0.3190184672742342,none
MI,0.13832853025936598,down
MI,0.34453781512605053,none
MI,0.19310342748629128,none
MI,1.0248962655601659,up
MI,0.22222211756660948,down
MI,-0.007751937984496138,down
MI,0.18660285596715864,down
MI,0.11711711711711703,down
MI,0.23749995231628418,down
SMXT,0.05084751242024477,none
SMXT,0.14732139388441445,none
SMXT,1.136752215127741,down
SMXT,1.3437500523868962,up
SMXT,-0.007211474536436335,down
SMXT,0.18348616729349976,none
SMXT,0.7877094060538838,up
SMXT,0.06382976398746365,down
SMXT,0.026737942346945376,down
SMXT,2.0322580335043474,up
SMXT,0.9775841397898948,none
SMXT,0.2387096878393138,none
AREN,4.98214315744688,up
AREN,0.1940298951669932,none
AREN,0.3775609644447886,none
AREN,0.33838859054803017,none
AREN,0.47003739331885086,none
AREN,0.2920354374405998,down
AREN,0.3264129064363006,none
AREN,0.6941693465369139,up
AREN,0.014492739601511984,down
AREN,2.2679739173186166,up
AREN,0.1384851156755167,none
AREN,0.5959595035210088,down
LDOS,0.15432133545582927,up
LDOS,0.1585863190101342,up
LDOS,0.12575580059017577,up
LDOS,0.09527873104400597,up
LDOS,0.16463811952433405,up
LDOS,0.09179185049947791,none
LDOS,0.17259388623395333,up
LDOS,0.1182222655730305,up
LDOS,-0.0008581031678189799,down
LDOS,0.06685188281601939,none
LDOS,0.12573402667717093,up
LDOS,0.19877362845244284,up
FMY,0.006536007127807331,none
FMY,0.05467496646876624,none
FMY,0.02337177934494461,none
FMY,0.01784938214699716,none
FMY,0.03359178324444345,none
FMY,0.025894270304136047,none
FMY,0.030963991935470725,none
FMY,0.028130513864130346,none
FMY,0.00653506239585977,none
FMY,4.52831372399487e-09,down
FMY,0.056727797998005425,up
FMY,0.04375610563424659,none
GPOR,0.10069326467786333,none
GPOR,0.06560314128826006,down
GPOR,0.05080937843170852,none
GPOR,0.06168093772919958,down
GPOR,0.2039210154562936,none
GPOR,0.196222090564937,up
GPOR,0.0651004968860136,down
GPOR,0.09508693729924267,none
GPOR,0.2755487730160855,up
GPOR,0.06776238426357084,down
GPOR,0.20708317567783308,up
GPOR,0.05984888285566048,none
HPHTY,0.12305291454096001,up
HPHTY,0.07772798082083487,up
HPHTY,0.0,down
HPHTY,0.04277290534002254,down
HPHTY,0.1300939967258301,up
HPHTY,0.0,down
HPHTY,0.0,down
HPHTY,0.0,down
HPHTY,0.0261249215468633,down
HPHTY,0.0,down
HPHTY,0.0,down
HPHTY,0.0,down
GAIA,0.4285715212511516,up
GAIA,0.055343597587276694,none
GAIA,0.07648724734131207,none
GAIA,0.08235293045175962,down
GAIA,0.008174378955344563,none
GAIA,0.013559308883548837,down
GAIA,0.20281119441292383,down
GAIA,0.2021739835775207,none
GAIA,0.3877550490809776,up
GAIA,0.43835617034887275,up
GAIA,0.03885135407252749,down
GAIA,0.06145250106866573,none
ET-PI,0.006113538335634772,none
ET-PI,0.04230591344638657,up
ET-PI,0.004468279821661536,none
ET-PI,0.014939832959608212,none
ET-PI,0.021867060758554935,none
ET-PI,0.0331925136847242,none
ET-PI,0.04835764773315909,up
ET-PI,0.029585737505940735,none
ET-PI,0.019936170768232397,none
ET-PI,0.042300306570412616,none
ET-PI,0.08325401994573522,up
ET-PI,0.0894358061082734,up
GORO,0.4642856952791312,up
GORO,0.13095240207080727,none
GORO,0.038461579608730645,none
GORO,0.9523809963072793,up
GORO,1.85714288755339,up
GORO,0.22535215642475537,none
GORO,0.08433734247587221,none
GORO,0.2857142735500724,up
GORO,0.1688311668205551,none
GORO,0.07142857649699375,none
GORO,0.2179487473395696,none
GORO,0.4057971477708857,up
KYIV,0.05952380772170396,down
KYIV,0.05222136245347775,none
KYIV,0.21584707996724495,up
KYIV,0.07142860482052993,none
KYIV,0.17823262967756293,up
KYIV,0.3519394867012504,none
KYIV,0.23910941774166594,up
KYIV,0.22622343735222672,up
KYIV,0.09516003617860269,down
KYIV,0.16978059526164113,none
KYIV,0.008264415259734426,down
KYIV,0.21033551266220996,up
OILU,0.7820940777260468,up
OILU,0.02816907495226073,down
OILU,0.3397454640778357,up
OILU,0.3229639331876677,none
OILU,0.08095233337679231,none
OILU,0.0915212499574296,down
OILU,0.19331610149330203,none
OILU,0.15228422821606746,none
OILU,0.3372243905909673,up
OILU,0.3738855285835141,up
OILU,0.08448002938532873,down
OILU,0.2389127512126945,none
CHKGF,0.13804874637575915,up
CHKGF,0.030651529662909516,down
CHKGF,0.04144709388870238,up
CHKGF,0.024824307047777605,down
CHKGF,0.1318139470571491,up
CHKGF,0.0862068196664596,up
CHKGF,0.005814075141018282,down
CHKGF,0.1318139470571491,up
CHKGF,0.08955225022505253,up
CHKGF,0.029264586208116672,down
CHKGF,0.027722732949237994,down
CHKGF,0.17719992986394284,up
ACLS,0.5044989243178128,up
ACLS,0.07826692642022404,down
ACLS,0.11699214711265915,down
ACLS,0.2360147286165244,none
ACLS,0.1990110786539636,up
ACLS,0.026329023422803743,none
ACLS,0.5530781814925101,up
ACLS,0.0055591915211927745,none
ACLS,0.11759796040435577,none
ACLS,0.18878636044042563,none
ACLS,0.47891508680881856,up
ACLS,0.24224919198410388,up
GABC,0.018245521621995886,none
GABC,0.20721333697636313,up
GABC,0.3040105916069762,up
GABC,0.11196919245317671,up
GABC,0.13922689575379588,up
GABC,0.013880326049095393,down
GABC,0.08600722690925444,none
GABC,0.02101275188058338,down
GABC,0.2808379915659285,up
GABC,0.04981681728651122,down
GABC,0.04423501640963745,down
GABC,0.22997760233184894,up
CNCK,0.05532786364646358,up
CNCK,1.9744409198782589,up
CNCK,0.011845990543279061,up
CNCK,0.0759059368888042,up
CNCK,1.6262341944290357,up
CNCK,0.06707315418471116,up
CNCK,0.009259274703230291,up
CNCK,0.936734609472808,up
CNCK,0.004653441718316387,none
CNCK,0.028128026193020128,up
CNCK,0.013333366030738425,up
CNCK,0.051844513619905275,up
HYI,0.04472432807341553,down
HYI,0.022630039163738846,none
HYI,0.007159856181945923,down
HYI,0.012875671655017573,none
HYI,0.10109089193140841,up
HYI,0.00464742961463438,down
HYI,0.025217392600731747,none
HYI,0.024337619776808372,none
HYI,0.006711338416538037,down
HYI,0.03062582755932919,none
HYI,0.03167875056976177,none
HYI,0.02916670659009446,down
SCSC,0.005889341575296303,down
SCSC,0.09308456752698624,none
SCSC,0.2242127656710382,down
SCSC,0.09602111142039593,none
SCSC,0.07787221674270994,down
SCSC,0.08798022092786173,none
SCSC,0.20977783203125,up
SCSC,0.1618055032481882,down
SCSC,0.08618557330259335,none
SCSC,0.03593861451951508,none
SCSC,0.025556971415393814,none
SCSC,0.15083530941927936,up
TBI,0.01299543890860999,down
TBI,0.00793125476876555,down
TBI,0.016949167294367573,down
TBI,0.6819222190190597,up
TBI,0.07361960484309926,none
TBI,0.023584920160142353,down
TBI,0.06595096885219642,none
TBI,0.17034076562277223,none
TBI,0.05544000139581429,down
TBI,0.1753571374075753,up
TBI,0.05131759828037041,down
TBI,0.18455501948822262,up
OACC,0.08500003814697266,up
OACC,0.07521561867390969,up
OACC,0.008596002893267451,down
OACC,0.017682107710025097,none
OACC,0.011461306828900009,down
OACC,0.08067733293767887,up
OACC,0.07213443717053125,up
OACC,0.008490490157991415,none
OACC,0.009442816464074744,none
OACC,0.014367871478313088,none
OACC,0.019563184547758627,up
OACC,0.0,down
CNTMF,0.21052628483138247,down
CNTMF,0.4423077198616141,none
CNTMF,1.1250000698491949,up
CNTMF,0.4743589706851181,none
CNTMF,0.4237287857346892,none
CNTMF,0.17924529694394753,down
CNTMF,0.03260868068763356,none
CNTMF,-0.017647094400695895,down
CNTMF,0.6458333947747525,up
CNTMF,0.4743589706851181,none
CNTMF,0.10810808416175743,none
CNTMF,0.11627902624863751,none
AHL-PD,0.1257175838627662,none
AHL-PD,0.005224952293458207,down
AHL-PD,0.14578666082533753,up
AHL-PD,0.0611588980562221,none
AHL-PD,0.057964613732518044,down
AHL-PD,0.1327051174002587,up
AHL-PD,0.01946227850810245,down
AHL-PD,0.005489421690108909,down
AHL-PD,0.08951947409835515,none
AHL-PD,0.02486054942424465,none
AHL-PD,0.06864655519870744,none
AHL-PD,0.0064612542434037135,down
BNET,0.06451614639885639,down
BNET,0.7164178321079537,up
BNET,0.36363642521141015,none
BNET,0.5000000372529025,up
BNET,0.3043478542555027,none
BNET,0.15131580392079358,down
BNET,0.09219858036105544,down
BNET,2.750000232830649,down
BNET,0.10526313725600911,down
BNET,0.21259841337126506,down
BNET,0.25833327538437545,none
BNET,0.09090912202069457,none
ONT,0.09521593923274274,down
ONT,0.3735892266228422,up
ONT,0.04063479833125916,down
ONT,0.13844246558009887,none
ONT,0.2181818403355209,none
ONT,0.04511912931228923,down
ONT,0.1356349875630365,none
ONT,0.43304971380801693,up
ONT,0.416351522199663,up
ONT,0.052886687413604694,down
ONT,0.06472485417116758,down
ONT,0.2981755569696951,up
DNOW,0.22911386566191805,up
DNOW,0.06746989280777127,none
DNOW,0.03023258564771858,none
DNOW,0.13709118181751223,none
DNOW,0.03156565626158225,none
DNOW,0.14173736532620929,none
DNOW,0.38144328680615147,up
DNOW,0.09837796008933597,none
DNOW,0.1283653929917774,up
DNOW,0.0667634320843038,none
DNOW,0.15606935141602718,none
DNOW,0.35854193730160167,up
MCHX,0.10614528562546388,down
MCHX,0.14150944598645943,down
MCHX,0.07185629212701139,down
MCHX,0.07142850191878303,down
MCHX,0.6041665631863846,up
MCHX,0.12230212865769907,none
MCHX,0.02150535566956502,none
MCHX,0.026881694586956106,none
MCHX,0.021276660503010802,down
MCHX,0.38728327682491503,up
MCHX,0.05109492861930498,none
MCHX,0.1216930696322911,down
LFLRF,0.3657142667381128,none
LFLRF,1.5510204772781133,up
LFLRF,0.06931817027286069,down
LFLRF,0.18039262527370936,none
LFLRF,0.17792205312450893,none
LFLRF,0.2303415588185298,none
LFLRF,0.14537441695103603,none
LFLRF,0.3864381626593798,none
LFLRF,0.5889288111706623,down
LFLRF,0.0570212908425769,none
LFLRF,0.520536498436065,up
LFLRF,0.6561276885467999,none
NWBO,0.28571433133008517,none
NWBO,1.6533333460489907,up
NWBO,0.03125006402842834,none
NWBO,0.3066666920979817,up
NWBO,0.33333333333333326,none
NWBO,0.17391305098987342,none
NWBO,0.09677419664956521,none
NWBO,0.08219178194041366,down
NWBO,0.1818181128541314,none
NWBO,0.22368423529278902,none
NWBO,1.8873239637627255,up
NWBO,0.6818182126057051,up
FCNCP,0.011664318406025442,down
FCNCP,0.058910857071007516,none
FCNCP,0.025332032219353096,none
FCNCP,0.07246391218414949,up
FCNCP,0.07022926526747697,down
FCNCP,0.12676764759731607,up
FCNCP,0.0704977307251271,up
FCNCP,0.028268672426367214,none
FCNCP,0.005427318488791633,down
FCNCP,0.0801821114361605,none
FCNCP,0.08813946165214137,up
FCNCP,0.01966356616962428,none
MBRFY,0.4887217708153977,up
MBRFY,0.1019107223431277,none
MBRFY,0.3839286430200368,up
MBRFY,0.09478661381980369,none
MBRFY,0.03952575864354935,none
MBRFY,0.24064164473947058,up
MBRFY,0.1600000360021272,none
MBRFY,0.26229505633769623,up
MBRFY,0.378906269645086,up
MBRFY,0.21113219072171008,none
MBRFY,0.1836733551885943,up
MBRFY,0.1267606896325877,none
PRZO,4.346869672078654,up
PRZO,0.02462312791995358,down
PRZO,0.10958901537048615,none
PRZO,1.0549450009618617,up
PRZO,0.1788991532221278,none
PRZO,2.2428571708348337,up
PRZO,0.01604276540816718,down
PRZO,0.12222219180668392,down
PRZO,0.37878786373620144,none
PRZO,0.3321491454250578,none
PRZO,1.179310332353844,up
PRZO,0.18715083729122872,down
MRVL,0.17287999912510466,none
MRVL,0.031004233825934424,down
MRVL,0.4758606613184453,up
MRVL,0.07773946351035788,none
MRVL,0.5597614434528646,up
MRVL,0.027336752280266108,down
MRVL,0.6161160219711965,up
MRVL,0.5134973422413429,up
MRVL,0.026277367700127563,down
MRVL,0.14087041836377345,none
MRVL,0.23433255979023837,down
MRVL,-0.01592013849062268,down
ATGL,0.08820158147528279,none
ATGL,1.084201770614253,up
ATGL,0.9401896650224191,up
ATGL,1.3687701568068662,up
ATGL,0.9782006228747027,down
ATGL,1.0661156373421017,up
ATGL,0.5811282571452487,down
ATGL,0.7555241971023374,none
ATGL,0.28799997965494795,none
ATGL,9.866142045661476,up
ATGL,1.1588946601649908,up
ATGL,1.7023411029881341,down
LUMN,6.054053894411716,up
LUMN,0.028530625496064443,down
LUMN,0.23198191885069352,down
LUMN,0.36994211527717336,up
LUMN,0.1347665122056143,none
LUMN,0.21290326004345994,none
LUMN,0.6449043914954424,up
LUMN,0.03448272554637244,down
LUMN,0.12282155247092619,none
LUMN,0.10326090102009466,none
LUMN,0.4943821079546513,down
LUMN,0.10101006040405625,none
HSHP,0.08484835749583541,none
HSHP,0.2754049342426321,up
HSHP,0.31029523084811905,up
HSHP,-0.0070672191080007885,down
HSHP,0.44557824481105945,up
HSHP,0.005824918427135284,none
HSHP,0.05236508800534345,down
HSHP,0.13297265939807756,none
HSHP,0.04247094931313278,none
HSHP,0.04400965399728629,down
HSHP,0.29584755952505115,up
HSHP,0.7022726142468363,up
ORIO,0.40468224046745993,up
ORIO,0.5410958501451086,up
ORIO,0.48181816277096723,up
ORIO,0.6307692025540133,up
ORIO,2.0333334348819903,up
ORIO,0.7272726944327021,up
ORIO,0.2714286654984912,down
ORIO,-0.011194048882451457,down
ORIO,0.23275860297127093,none
ORIO,0.08235295767602646,down
ORIO,0.0736842263768589,down
ORIO,0.22695039718253485,none
HSTA,0.005633797519761785,down
HSTA,0.029999971389770508,down
HSTA,0.14077668442152125,up
HSTA,1.3208723724807578,up
HSTA,-0.04761900256640572,down
HSTA,0.0,down
HSTA,0.03142854145595009,down
HSTA,0.05102035851341635,down
HSTA,0.1298076878990646,up
HSTA,0.0,down
HSTA,0.25210084454520465,none
HSTA,0.019999980926513672,down
SAPGF,0.03208596713670575,down
SAPGF,-0.04122311003146695,down
SAPGF,0.04923405024115124,none
SAPGF,0.0658082029231446,down
SAPGF,0.03908359844248421,none
SAPGF,0.04736848129724036,none
SAPGF,0.03821057943553874,down
SAPGF,0.17957069638777834,up
SAPGF,0.13288048386143902,up
SAPGF,0.17933716174526326,up
SAPGF,0.1512631819038064,up
SAPGF,0.13714282389344823,up
DLR-PL,0.07107586485158657,none
DLR-PL,0.04759818591142895,down
DLR-PL,0.013201449883357697,none
DLR-PL,0.07809791753854545,none
DLR-PL,0.018244082438176434,down
DLR-PL,0.008432057156645634,down
DLR-PL,0.018162772873613786,none
DLR-PL,0.0057472450472939585,down
DLR-PL,0.018867378213683006,none
DLR-PL,0.002965320027459528,down
DLR-PL,0.0289252876937085,none
DLR-PL,0.021820605528681813,none
PSHG,0.23776226982498483,up
PSHG,2.036585403970847,up
PSHG,0.05274723039005269,down
PSHG,0.07142850191878303,none
PSHG,0.04347832396711104,none
PSHG,0.17241379688337033,none
PSHG,0.3602150279202896,none
PSHG,0.14285719692031318,none
PSHG,0.039800957256530545,none
PSHG,0.16441448691461447,down
PSHG,0.16607771755838163,none
PSHG,-0.02613240464430766,down
TWAV,0.22580645161290325,none
TWAV,0.29441620065113683,none
TWAV,1.6,down
TWAV,0.6749999523162842,up
TWAV,0.12781954617650992,none
TWAV,0.2777777851363761,none
TWAV,1.8260869565217392,up
TWAV,1.7746480320493676,up
TWAV,0.09183672641890284,down
TWAV,0.3750000093132255,none
TWAV,1.558441720899154,up
TWAV,0.03086416800562497,down
TRNR,0.034858387799564294,down
TRNR,-0.019230769230769273,down
TRNR,0.08916972196581052,down
TRNR,0.18028164101798283,down
TRNR,0.2191780821917808,down
TRNR,0.12394366197183104,down
TRNR,0.46715328467153294,down
TRNR,0.16388138451324052,none
TRNR,0.19999999999999996,none
TRNR,0.04705882352941182,down
TRNR,0.0,down
TRNR,0.07692307692307687,down
EFX,0.09898501713579155,none
EFX,0.13223432377253386,up
EFX,0.26295496680730257,up
EFX,0.14039683611937637,up
EFX,0.14328531914816267,up
EFX,0.014270617744084113,down
EFX,0.01467363884151851,down
EFX,0.07189465719997545,none
EFX,0.11985253957184483,up
EFX,0.15907914830143355,up
EFX,0.06430163621549645,none
EFX,0.13176239434908532,up
DTCKF,0.25925927234121127,down
DTCKF,0.7156863065922738,up
DTCKF,0.5571428026471819,none
DTCKF,0.9125683857472064,up
DTCKF,0.09487184858520781,none
DTCKF,0.33419695215809897,none
DTCKF,0.3300000190734864,none
DTCKF,7.833333312955677,up
DTCKF,0.38888886436022885,none
DTCKF,0.13829789824375793,none
DTCKF,0.2477065006818333,down
DTCKF,0.9931663476347192,up
NDMO,0.019301714322305763,none
NDMO,0.011086115838316424,down
NDMO,0.08163822218185768,up
NDMO,0.006698618899391828,down
NDMO,0.005998913564516872,down
NDMO,0.00371074028710372,down
NDMO,0.05806579579526994,none
NDMO,0.04400420345682887,up
NDMO,0.08137233606077765,up
NDMO,0.011113317332148709,none
NDMO,0.03417900444868516,none
NDMO,0.16062647145854725,up
WFRD,0.41052185347709713,up
WFRD,0.2746093784064392,up
WFRD,0.04536511716447578,down
WFRD,0.43563078582148496,up
WFRD,0.3542633826698789,none
WFRD,0.2862450728655421,up
WFRD,0.18900552851490215,up
WFRD,0.09089921387571986,none
WFRD,0.29632031672679027,up
WFRD,0.3217674291532293,up
WFRD,0.5195412708891098,up
WFRD,0.05507018835000399,down
KE,0.3694614893051309,up
KE,0.4482587093474979,up
KE,0.1549761767038409,none
KE,0.20687712083677345,up
KE,0.04738263737773307,down
KE,0.12454082962940749,down
KE,0.12444666483718825,up
KE,0.1644627858165777,up
KE,0.09395055788637108,down
KE,0.2555426618486638,up
KE,0.07886435141423576,none
KE,0.1936290029451322,down
GFR,0.06623583903425923,down
GFR,0.13876654619701356,none
GFR,0.31855493132605517,up
GFR,0.2857142622651998,up
GFR,0.12307687075052232,none
GFR,0.22698071209042547,none
GFR,0.1722627510608583,up
GFR,0.14062498447795768,none
GFR,0.05409834899430743,down
GFR,0.02217941161512793,up
GFR,0.0446175722058777,down
GFR,0.10109890524481036,none
MITT,0.23063382779605868,up
MITT,0.036893030089996115,down
MITT,0.15097042206120825,up
MITT,0.31867985200993876,up
MITT,0.20561293287738303,up
MITT,0.08338560060510125,none
MITT,0.02607562986399725,down
MITT,0.03829781232428475,down
MITT,0.08563558002735605,down
MITT,0.01780817265491552,down
MITT,0.11684786424320825,up
MITT,0.06705538869274941,down
NUV,0.02585184868960111,none
NUV,0.015044713772031315,none
NUV,0.0124976358643345,none
NUV,-5.339402231463453e-07,down
NUV,0.05026395895697,up
NUV,0.103515809126149,up
NUV,0.040650431758821215,up
NUV,0.017977679084338005,down
NUV,0.06963708831503235,none
NUV,0.031159836374746952,none
NUV,0.053775300541433424,down
NUV,0.030696633066726653,none
IMAQU,0.0,down
IMAQU,0.07316096236066127,none
IMAQU,0.023152770362920627,down
IMAQU,0.014734736152611783,down
IMAQU,0.05363029754000426,none
IMAQU,0.03984059960658093,down
IMAQU,0.023278347366651797,none
IMAQU,0.04546538781766851,none
IMAQU,0.09709370156795472,up
IMAQU,0.08694663918853252,up
IMAQU,0.023774854760171937,none
IMAQU,0.0,down
GJT,0.046764119485887656,up
GJT,0.01049887929362292,up
GJT,0.03725114981108546,up
GJT,0.02332542597410403,down
GJT,0.034389843880729076,up
GJT,0.03463198185761285,none
GJT,0.030333529185238683,up
GJT,0.007091954278745094,none
GJT,0.030800083667919642,up
GJT,0.039322545179674595,up
GJT,0.027149842816680314,none
GJT,0.009359517705501252,down
EDRVF,0.08328376486412181,down
EDRVF,0.04790087625498729,up
EDRVF,0.03524667990256525,down
EDRVF,-0.0076775911962929655,down
EDRVF,0.0,down
EDRVF,0.03106785722687766,down
EDRVF,0.0632317707000305,up
EDRVF,0.0029267768960079543,down
EDRVF,0.28103352661088876,up
EDRVF,0.0,down
EDRVF,0.14599777125353364,down
EDRVF,0.07326926897789043,up
DINO,0.12906167453886574,none
DINO,0.15818857546254317,up
DINO,0.25072348011014167,none
DINO,0.14911095702374522,none
DINO,0.13146195268335603,down
DINO,0.0765970856529421,none
DINO,0.05086191199603385,none
DINO,0.03740371048454971,down
DINO,0.09110880667513266,none
DINO,0.12752993416125458,none
DINO,0.08278021905099076,none
DINO,0.09311025170984388,none
AGTX,0.29597889673456335,none
AGTX,0.1702127996857441,none
AGTX,0.09045451928515069,down
AGTX,0.0521327218756662,down
AGTX,0.29597889673456335,none
AGTX,0.333333300219643,up
AGTX,0.12704919597088482,none
AGTX,0.7500000465661298,up
AGTX,0.10200001147389393,down
AGTX,0.0,down
AGTX,0.8092104860057756,up
AGTX,0.7460317084878787,up
HEI,0.07671134061944951,none
HEI,0.06039989662760825,down
HEI,0.03698859276627231,down
HEI,0.032820864847566966,down
HEI,0.08033150605088579,none
HEI,0.011065002157261361,down
HEI,0.1446809442176329,up
HEI,0.0463077094841553,none
HEI,0.08771130914417546,none
HEI,0.05256144058668322,down
HEI,0.06438878566876083,down
HEI,0.04665078335409767,down
AWRE,0.18644063687125856,none
AWRE,0.23312883211243762,up
AWRE,0.3636363354877703,up
AWRE,0.046428613091002324,down
AWRE,0.0024449270590736205,down
AWRE,0.4402174170081461,up
AWRE,0.3561643611917271,up
AWRE,0.2337662488458374,up
AWRE,-0.003875965410453319,down
AWRE,0.07555558946397567,down
AWRE,0.07116097879128391,down
AWRE,0.38686129163873884,up
KCCFF,0.18226601744581017,none
KCCFF,0.34427540686792013,none
KCCFF,2.46823044856281,up
KCCFF,0.0,down
KCCFF,0.3123091546713965,none
KCCFF,1.3688833842051245,up
KCCFF,0.12510865160669726,down
KCCFF,0.010697647404709798,down
KCCFF,0.5403669732295848,up
KCCFF,0.18507677640475872,none
KCCFF,0.3202247061677206,none
KCCFF,0.2082262072933525,none
KARO,0.07995726030462302,none
KARO,0.05119033911706006,none
KARO,0.16746727339427792,none
KARO,0.09417596304336806,none
KARO,0.06876715040310755,none
KARO,0.19720576196440032,none
KARO,0.10729333157699816,none
KARO,0.15116286833801107,none
KARO,0.15260320460290044,none
KARO,0.2851405051030884,up
KARO,0.19839098584275727,none
KARO,0.397590444646186,up
PDX,0.04883816996271495,none
PDX,0.2600754161533936,up
PDX,0.07023381454394562,none
PDX,0.02658201462597254,down
PDX,0.16079325558212676,up
PDX,0.044805108055898435,none
PDX,0.033633044993266914,none
PDX,0.08159293871845419,none
PDX,0.06513986467143362,none
PDX,0.005347550804887913,down
PDX,0.027574773558324273,none
PDX,0.1205006994917106,none
PRTH,0.22073862347136108,up
PRTH,0.00929678968685943,down
PRTH,0.014646078578884003,down
PRTH,0.5732087634647076,up
PRTH,0.2994350153113221,up
PRTH,0.1555977560966164,none
PRTH,0.18865834578133334,none
PRTH,0.42492924945492994,down
PRTH,0.5021880772977003,up
PRTH,0.3537518941132374,up
PRTH,0.08771930118089988,down
PRTH,0.26153843219463635,up
SRTS,0.5419615238230053,up
SRTS,0.9975489634635208,up
SRTS,0.45638946822402526,up
SRTS,1.0737912163078307,up
SRTS,0.014145823762431009,down
SRTS,0.139318899388984,none
SRTS,0.0,down
SRTS,0.15771812939664254,none
SRTS,0.3775510584730475,up
SRTS,0.4562333684067934,up
SRTS,0.24913892844891494,none
SRTS,0.08368192488977133,none
MIDD,0.10077202784184403,none
MIDD,0.2987296980216809,up
MIDD,0.15274213704214024,up
MIDD,0.1541529355988318,up
MIDD,0.08981062111422822,none
MIDD,0.04287839399847693,down
MIDD,0.28792572462142907,up
MIDD,0.025831767030821906,down
MIDD,0.07003323078814616,none
MIDD,0.032157528016137915,down
MIDD,0.04271713028509372,down
MIDD,0.1515242712164111,up
WEYS,0.10859352912850273,down
WEYS,0.11706887697335211,none
WEYS,0.09027002178351173,none
WEYS,0.11474839897743228,none
WEYS,0.05402252598568924,none
WEYS,0.10531618783775021,none
WEYS,0.05115415128041967,none
WEYS,0.06486472917565211,none
WEYS,0.03820095728017825,down
WEYS,0.17618656641989028,up
WEYS,0.21234505008253057,up
WEYS,0.10388702610903455,none
ACRG,0.3812500238418579,up
ACRG,0.1923076923076923,down
ACRG,0.2751323210525982,down
ACRG,0.2857142857142858,down
ACRG,0.0,down
ACRG,0.2751323210525982,down
ACRG,0.5306122151080499,up
ACRG,0.5799999237060547,down
ACRG,0.013513478682458668,down
ACRG,0.0,down
ACRG,0.10500001907348633,up
ACRG,0.2751323210525982,down
RYDAF,0.054421839192594135,none
RYDAF,0.15621938656749923,none
RYDAF,0.26262634874307267,up
RYDAF,0.20437943491079458,up
RYDAF,0.07416984437063756,none
RYDAF,0.08565565910497752,none
RYDAF,0.34894592859815043,up
RYDAF,0.17637932318271998,up
RYDAF,0.07636915242287201,none
RYDAF,0.09775594273534183,none
RYDAF,0.16669769144257307,none
RYDAF,0.23500387337948303,up
EIM,0.008814666666666637,down
EIM,0.014097797234557063,none
EIM,0.009048675581924126,none
EIM,0.03308302798094154,none
EIM,0.04185627259721025,none
EIM,0.04749430432759971,up
EIM,0.004296558511118098,down
EIM,0.043435200949541564,none
EIM,0.1094738194971745,up
EIM,0.06382986757310727,up
EIM,0.07551018168952739,up
EIM,0.1737657600457676,up
CLNN,0.013157882353605599,down
CLNN,0.17967327223125507,none
CLNN,0.5047847416666145,up
CLNN,0.04545450112051319,down
CLNN,0.18478259179452383,down
CLNN,0.028037432045502575,down
CLNN,0.3095238689932991,none
CLNN,0.10996559497052494,down
CLNN,0.4981818459250711,up
CLNN,0.12439020668588041,down
CLNN,0.04938266662867674,none
CLNN,0.977715898156347,up
HUBS,0.12892240467562743,down
HUBS,0.10924563697742418,none
HUBS,0.1133044938393466,down
HUBS,0.0344912389601153,down
HUBS,0.28089450457923903,up
HUBS,0.19077685537971334,up
HUBS,0.10897823404323681,none
HUBS,0.11993997655603295,none
HUBS,0.10796968857399447,none
HUBS,-5.756485425301161e-05,down
HUBS,0.13798416512985745,none
HUBS,0.2251189394715405,none
RAKR,0.10526313725600911,none
RAKR,0.0,none
RAKR,0.3996530451148219,none
RAKR,0.3333332505491078,none
RAKR,0.16720259141260674,none
RAKR,0.21608043452085357,none
RAKR,0.720588154085368,up
RAKR,1.719745332501747,up
RAKR,0.17647059339140525,down
RAKR,2.499999888241293,down
RAKR,0.270909072436577,down
RAKR,0.30107529982898584,none
CNTB,0.047757698962177964,down
CNTB,1.2719999313354493,up
CNTB,2.3647056645588127,up
CNTB,0.24166662527455385,none
CNTB,0.929411693757795,up
CNTB,0.029473681568769283,down
CNTB,0.2090909218985184,down
CNTB,0.0700933876615717,down
CNTB,1.1285714784447034,up
CNTB,0.25000003386627556,none
CNTB,0.41333325703938795,none
CNTB,0.5300545828707459,up
SFHG,0.03994289926233763,down
SFHG,2.3623189046788022,up
SFHG,0.5909091138971085,up
SFHG,0.9038461503192516,up
SFHG,0.34052390078377637,none
SFHG,1.9705506956358168,up
SFHG,0.02194357835356553,down
SFHG,0.20370364701524668,none
SFHG,0.1690141270733434,none
SFHG,1.0412370748861464,up
SFHG,0.5441176037474911,up
SFHG,0.4189189006326146,none
BTG,0.26282045014902233,up
BTG,0.1541353397809586,none
BTG,0.21487613491029767,up
BTG,0.09428584251873429,down
BTG,0.16504866875515,none
BTG,0.18650797846282852,up
BTG,0.3157894513182551,up
BTG,-0.008264610745876477,down
BTG,0.13276356193521144,none
BTG,0.2904939780118265,up
BTG,0.027918756394297972,none
BTG,0.08024698689075094,down
BELFA,0.3833988628658158,up
BELFA,0.3342575434592465,up
BELFA,0.021990956479834844,down
BELFA,0.023062561890612843,down
BELFA,0.36956118067563826,up
BELFA,0.12697003623410863,up
BELFA,0.38100680943597176,up
BELFA,0.4744497355909769,up
BELFA,0.24525294788054874,up
BELFA,0.0032926295362964986,down
BELFA,0.24306721546783217,up
BELFA,0.1654986336922577,up
LIFD,0.1340908324915533,none
LIFD,0.1422845833092845,none
LIFD,-0.014492739601511984,down
LIFD,0.6666666666666667,up
LIFD,0.2024095557704706,none
LIFD,0.03214291218592291,down
LIFD,0.04047621047956418,down
LIFD,0.08333325054910778,down
LIFD,0.8537413956439466,up
LIFD,0.08706465330676494,down
LIFD,0.10701105452799986,down
LIFD,0.0,down
LPA,0.14615377726474788,none
LPA,68.90678881486096,up
LPA,0.013636350336153846,none
LPA,0.1016900384345234,none
LPA,0.08455632703900151,none
LPA,0.03956758653795389,down
LPA,0.4936507242096575,up
LPA,0.34332615184591453,up
LPA,2.2454362184819576,up
LPA,0.03776582549021201,down
LPA,0.037924066208217644,down
LPA,1.0114213389950284,down
SMFNF,0.06284344210704873,none
SMFNF,0.24584403536471133,up
SMFNF,0.2987013308711195,up
SMFNF,0.2444443833414891,none
SMFNF,0.12211722368279498,none
SMFNF,0.08267715411202747,none
SMFNF,0.03932581245955524,none
SMFNF,0.19685393667876716,none
SMFNF,0.08267715411202747,none
SMFNF,0.0811682761609569,up
SMFNF,0.12344722677187825,up
SMFNF,0.0923334118850585,none
ATCH,0.986445759879883,down
ATCH,0.03125,down
ATCH,0.02414480682332898,up
ATCH,0.20779220779220786,none
ATCH,0.22797926901081222,none
ATCH,0.04026841771510825,down
ATCH,0.07775594867519864,up
ATCH,0.004056836567116973,none
ATCH,1.7546013568114045,up
ATCH,0.0,none
ATCH,0.05181892178100367,up
ATCH,-0.042857142857142816,down
ING,0.1004080678638124,none
ING,0.07528644658862893,up
ING,0.07325273252124087,down
ING,0.12685215384473225,up
ING,0.1136525860665838,down
ING,0.10281153366163776,up
ING,0.20906292176879293,down
ING,0.03917663538009797,down
ING,0.06096086830550984,up
ING,0.12148281368517333,up
ING,0.148491711913036,up
ING,0.021306929082212545,down
PCG-PD,0.00877206785039486,none
PCG-PD,0.08837781195867955,up
PCG-PD,0.07415250730492273,none
PCG-PD,0.016776961887933872,down
PCG-PD,0.027254846779349196,down
PCG-PD,0.05637254345307774,down
PCG-PD,0.05498478141311636,down
PCG-PD,0.05561440397729922,down
PCG-PD,0.012918461617765997,none
PCG-PD,0.007858578035594643,down
PCG-PD,0.01505426307797686,down
PCG-PD,0.01642201392276932,none
GRNT,0.025025314708055246,up
GRNT,0.12815887773318657,up
GRNT,0.005081320117837018,none
GRNT,0.009063523318812994,none
GRNT,0.15909089952115285,none
GRNT,0.08527138982534566,down
GRNT,-0.0010731827190267884,none
GRNT,0.0010021654276415326,none
GRNT,0.004073341731248625,none
GRNT,0.25330017833751595,none
GRNT,0.06433470315580858,none
GRNT,0.07461166152007426,none
BEAG,0.029411794459179852,up
BEAG,0.010338313263897447,none
BEAG,0.013513547100604484,none
BEAG,0.06811303744985753,up
BEAG,0.05115836913217575,up
BEAG,0.00467291510524781,none
BEAG,0.011505261941318734,none
BEAG,0.013195131748628075,none
BEAG,0.012476018569008929,none
BEAG,0.11720700602950496,up
BEAG,0.01860463342001273,none
BEAG,0.045845227315600035,up
AIRI,0.45413877071374853,up
AIRI,0.14772729119978623,none
AIRI,0.40957452238766323,up
AIRI,0.3811189484506501,up
AIRI,0.018181800448205276,none
AIRI,0.11428574153355187,none
AIRI,1.517333221435547,up
AIRI,1.5039786812050142,up
AIRI,0.4971098064087096,up
AIRI,0.0846023710506425,down
AIRI,0.05208333126372766,down
AIRI,0.2469135686185122,none
LYB,0.13417704567671618,none
LYB,0.07151388606563214,none
LYB,0.04570482010972454,none
LYB,0.026908272789381904,down
LYB,0.07229790491784027,none
LYB,0.14196762817279396,up
LYB,0.04764421220738613,down
LYB,0.10512368818146922,none
LYB,0.046656951844946226,none
LYB,0.10339874138662797,none
LYB,0.1808466487730711,up
LYB,0.037423443986682736,none
IBCP,0.13686052163615026,up
IBCP,0.2821856446516715,up
IBCP,0.09472201696725335,none
IBCP,0.07243523028517163,none
IBCP,0.07426643347694717,none
IBCP,0.12377965488707177,up
IBCP,0.021056938183854124,down
IBCP,0.10573267371371542,up
IBCP,0.16530535388361312,up
IBCP,0.10152294710052034,up
IBCP,0.07065105985147246,none
IBCP,0.41058816347449345,up
EQS,0.028368852488815266,none
EQS,0.05405406624492359,down
EQS,0.7428572134095808,up
EQS,0.05603453369897693,down
EQS,0.7553957426846019,up
EQS,0.1875000116415324,up
EQS,0.054421715747644095,down
EQS,0.19047616730626094,none
EQS,0.05517235936222864,none
EQS,0.02366861567970302,none
EQS,0.3000000317891438,up
EQS,0.18181822779421708,none
ULH,0.4463212570138759,up
ULH,0.1303464266880161,none
ULH,0.303749832774149,up
ULH,0.03714278976160412,none
ULH,0.03359768275869435,down
ULH,0.5001837082048655,up
ULH,0.3602387440939443,up
ULH,0.25015898966105166,up
ULH,0.06381226210839963,down
ULH,0.293846920138515,up
ULH,0.181858589810465,down
ULH,0.45381292614899804,up
BOTX,0.3809524225394345,down
BOTX,0.03773588387780502,none
BOTX,0.318181897124187,none
BOTX,9.00000020377657,down
BOTX,0.17647056708201725,none
BOTX,0.15000006113297126,down
BOTX,0.5625000059700165,down
BOTX,0.14084501948850137,none
BOTX,0.08695653040637552,none
BOTX,0.4736842274606563,up
BOTX,1.3076920906521936,down
BOTX,0.3768115736583173,none
DSM,0.034192443011981544,none
DSM,0.01701270461640192,down
DSM,0.012820396574349413,down
DSM,0.0749307495092899,up
DSM,0.041928817229760496,none
DSM,0.04460913011272427,up
DSM,0.04305263291813932,up
DSM,0.045845146798370484,none
DSM,0.014446186220058221,down
DSM,0.04495119064106001,none
DSM,0.005974255069526091,down
DSM,0.012384064614236356,down
TFII,0.0024539385677539993,down
TFII,0.10392207390119079,none
TFII,0.2057665929009027,up
TFII,0.03608246180487029,none
TFII,0.14266315289889242,none
TFII,0.10485530591561742,none
TFII,0.0766604035661611,down
TFII,0.10397824974423808,none
TFII,0.02394627461252008,down
TFII,0.17392272239334883,up
TFII,-0.0035076504271299713,down
TFII,0.1072447806620076,down
UPBD,0.0638041659924391,down
UPBD,-0.059334230144572064,down
UPBD,0.11678381449579622,none
UPBD,0.07289140499833757,none
UPBD,0.16901553479118125,up
UPBD,0.07217006107272095,down
UPBD,0.17495471142508023,up
UPBD,0.32763678766409976,up
UPBD,0.0035492101040828228,down
UPBD,0.10427621234380502,down
UPBD,0.020175941592778024,none
UPBD,0.01278021569085297,down
SSP,1.8141195107321222,up
SSP,0.4832712637198837,up
SSP,0.15151523957982183,down
SSP,0.030982923935273243,down
SSP,0.35254244393434275,up
SSP,0.3277107124658194,up
SSP,0.05641745132073672,down
SSP,1.7597505109056515,up
SSP,0.04214047702374524,down
SSP,0.21491219377832693,none
SSP,0.10777838399260964,none
SSP,0.11608960373975208,down
CYVNY,0.0623781067613276,down
CYVNY,0.3877551139567801,up
CYVNY,0.004366808135300104,down
CYVNY,0.19017340610290923,none
CYVNY,0.11320129979830407,down
CYVNY,0.2608696167255917,up
CYVNY,0.284565922931,none
CYVNY,0.00880511322993427,down
CYVNY,0.004975119657066207,none
CYVNY,0.1035856539645923,down
CYVNY,0.036231908262056356,none
CYVNY,0.7096337282390475,up
NNOX,0.02703867333665677,none
NNOX,0.2593022608512052,none
NNOX,0.4476922842172475,up
NNOX,0.10080645299120472,none
NNOX,0.3003502874133863,up
NNOX,-0.015503820570566651,down
NNOX,-0.01900830484789684,down
NNOX,0.1940463382690274,none
NNOX,0.46078427247660025,up
NNOX,0.09297008789642325,down
NNOX,1.5637341638917515,up
NNOX,0.5493933466092953,up
UMEW,0.07843141608951454,up
UMEW,0.05769236941309597,none
UMEW,0.03773592756753197,none
UMEW,0.05769236941309597,none
UMEW,0.05769236941309597,up
WBQNL,0.0,down
WBQNL,0.0032154311255849777,down
WBQNL,0.08349365455041746,up
WBQNL,0.07017545767584887,none
WBQNL,0.025236568385065494,down
WBQNL,0.0506465287234632,up
WBQNL,0.09048392974127273,down
WBQNL,0.043165512666415884,up
WBQNL,0.048387129026447706,up
WBQNL,0.028368852488815266,down
WBQNL,0.08333334053196206,up
WBQNL,0.017241362300696395,both
CMXHF,0.08783921590272703,down
CMXHF,0.031817451420455,none
CMXHF,0.08228020614629883,up
CMXHF,0.0,down
CMXHF,0.06538634502797147,down
CMXHF,0.033412027251209286,down
CMXHF,0.022546257798624403,down
CMXHF,0.09594575401801686,up
CMXHF,0.1360030593267303,up
CMXHF,0.10453893111050383,none
CMXHF,0.03082619620206062,down
CMXHF,0.20323543523093357,up
AHRT,0.06603005897040393,none
AHRT,0.08376588594368228,none
AHRT,0.0042979037636678985,down
AHRT,0.07215012843837587,none
AHRT,0.031155870332914892,down
AHRT,0.05601185362623573,none
AHRT,0.25574715272980875,up
AHRT,0.014619918190117875,down
AHRT,0.014096667490050674,down
AHRT,0.030654010025922496,none
AHRT,0.078374427812262,none
AHRT,0.005978873273035701,down
RELL,0.08703465565265023,none
RELL,0.20370369276246958,up
RELL,0.20135577811132088,none
RELL,0.11170211390246698,none
RELL,0.22556997204027818,up
RELL,0.3693805593119932,up
RELL,0.12262774610231908,none
RELL,0.42833094625750734,up
RELL,0.2616949760628917,up
RELL,0.11851404834800539,none
RELL,0.4309258592989331,up
RELL,0.12180894627550343,none
FNV,0.3718696659640788,up
FNV,0.05244377650336318,none
FNV,0.04280018935113028,none
FNV,0.020436691160304887,down
FNV,0.3191464005206377,up
FNV,0.07121500017086269,none
FNV,0.14701917547220322,up
FNV,0.023752012240929377,down
FNV,0.028573157450571207,none
FNV,0.19022268694421873,up
FNV,0.2272267945174964,up
FNV,0.09455704069199422,none
SG,0.048004894418032684,down
SG,0.02355459802389981,down
SG,0.509220885762091,none
SG,0.23851478162148987,down
SG,0.24585220004605834,none
SG,0.21345026532780453,none
SG,0.021025633200620897,down
SG,0.43214280264718186,none
SG,0.16699408234799473,none
SG,0.5517518686140213,up
SG,0.22551936340963774,none
SG,0.09078948235247619,none
PLDGP,0.02675025978223844,none
PLDGP,-0.0018802788089906652,down
PLDGP,0.032135348822643905,up
PLDGP,0.05263164300148637,up
PLDGP,0.024718494948779757,up
PLDGP,0.05184619396724588,down
PLDGP,0.009856144792507182,down
PLDGP,0.07475129331536712,none
PLDGP,0.04185952274902727,up
PLDGP,0.04885590226135572,up
PLDGP,0.06028867165362106,up
PLDGP,0.3047362149597408,up
SNBH,0.801456449048157,none
SNBH,0.24999995032946476,down
SNBH,2.188602330404097,up
SNBH,1.2614286230588991,none
SNBH,0.5,down
SNBH,0.6140350112795687,up
SNBH,0.16346161781683777,up
SNBH,0.7124243651069764,up
SNBH,0.17499992549419696,down
SNBH,0.2140991907048433,down
SNBH,0.4100000966919819,down
SNBH,-0.03243248630446405,down
PDO,0.015599702757419287,down
PDO,0.006172699679828586,down
PDO,0.08157132809245993,up
PDO,0.00465363184230827,down
PDO,0.03235282815017104,none
PDO,0.041998821364330974,up
PDO,0.16708657844124963,up
PDO,0.05212204654272368,up
PDO,0.04004661968926926,down
PDO,0.037387813277466764,down
PDO,0.046374494640662345,up
PDO,0.08722157981789413,up
AAOI,0.6666666004392863,up
AAOI,0.30102786066412013,up
AAOI,0.07191974980941884,down
AAOI,0.16494841433215157,none
AAOI,0.11914888695388459,down
AAOI,0.09121340334606409,down
AAOI,0.639784907988695,up
AAOI,0.18699188252593424,none
AAOI,0.3356718339377731,down
AAOI,0.036184254899580326,down
AAOI,0.3382352817429801,down
AAOI,0.1876675082267194,up
RDNW,0.5276836016947599,up
RDNW,0.7834646763157984,up
RDNW,0.3777174129589176,none
RDNW,0.07851235218376962,down
RDNW,0.6437699018568617,up
RDNW,0.07654013929942693,down
RDNW,0.042763196076383014,down
RDNW,0.46033053877868224,up
RDNW,0.38697020359075607,none
RDNW,0.17458874536990665,down
RDNW,0.5343511723611598,up
RDNW,0.19660193332010834,none
SRLZF,0.14285711244661004,none
SRLZF,0.13043472063789419,up
SRLZF,0.0,down
SRLZF,0.0,down
SRLZF,0.8333333643774199,up
SRLZF,0.08333331781129005,none
SRLZF,0.19999995529651704,none
SRLZF,0.09090907243657687,down
SRLZF,0.11111108351636934,down
SRLZF,0.09090907243657687,none
SRLZF,0.12500006984919465,none
SRLZF,0.33333333333333326,none
SKVI,0.4027849877758991,down
SKVI,0.07569616148361535,down
SKVI,0.28470440778465034,both
SKVI,0.4702703312246177,up
SKVI,0.6307190268158576,up
SKVI,0.9702800512313843,up
SKVI,0.2855305982658305,both
SKVI,0.18260873846836412,down
SKVI,2.643280629064597,up
SKVI,0.5542858252233407,none
SKVI,0.13914209100287045,up
SKVI,0.6414474635526899,up
NATH,0.1337248072709989,up
NATH,-0.0003591195109223788,down
NATH,0.04939012130411102,down
NATH,0.27905087601513734,up
NATH,0.08784071476016764,none
NATH,0.08152205702089077,none
NATH,0.04457448622277216,down
NATH,0.13418704699955586,none
NATH,0.013695584154071128,down
NATH,0.21796342374329658,up
NATH,0.14480268378794436,up
NATH,0.06192338979838574,none
AMAT,0.0447445658886394,none
AMAT,0.07642423169123513,none
AMAT,0.06755748001747208,down
AMAT,0.16377596892151747,none
AMAT,0.20724852949247596,up
AMAT,0.029089380681663446,down
AMAT,0.279524473870981,up
AMAT,0.03469065982563446,down
AMAT,0.0959606579936374,none
AMAT,0.1426812339183423,none
AMAT,0.2843101761729978,up
AMAT,0.07948769068585548,none
LIND,0.10834292625069741,none
LIND,0.06944447690884847,none
LIND,-0.0038729815124580735,down
LIND,0.08390031183637459,down
LIND,0.47127946243643626,up
LIND,0.20803214395717862,up
LIND,0.1941942521026181,down
LIND,0.20140986289371487,down
LIND,0.3752758787040009,up
LIND,0.536679486446993,up
LIND,0.21421425348873924,none
LIND,0.03140263863649473,down
HSCS,0.7179487269059295,up
HSCS,0.4565004453090262,none
HSCS,4.057618536713361,up
HSCS,0.7370370275526219,up
HSCS,0.042105263157894646,down
HSCS,0.6017316620500159,up
HSCS,0.2714776421140599,none
HSCS,0.06306304371247706,none
HSCS,0.05641025641025643,none
HSCS,0.14114115296649987,none
HSCS,0.23809523809523814,down
HSCS,0.07848097402838206,down
AWR,0.011130172756016465,down
AWR,0.07559925781741095,up
AWR,0.11011652423266716,up
AWR,0.02509428123684332,none
AWR,0.006319125193013253,down
AWR,0.16737224072450196,up
AWR,0.11254233247449452,up
AWR,0.020587297296965845,down
AWR,0.05230526189268536,none
AWR,0.009305909196400286,down
AWR,0.09289601963159888,up
AWR,0.15084099738108558,up
REAL,0.057553988301194625,none
REAL,0.6788990705284788,up
REAL,0.2889518692179103,none
REAL,0.1140351082662987,none
REAL,0.09160306107629057,none
REAL,0.2931034057517412,none
REAL,0.16942911701259322,none
REAL,0.5657895686223577,up
REAL,0.6994219796569694,up
REAL,0.8978328415611856,up
REAL,1.1459854357573747,up
REAL,0.6190476653874781,up
AERG,0.21463417924634842,none
AERG,0.08040205279593704,none
AERG,0.5911330367468806,up
AERG,1.1935485161057908,up
AERG,0.026200848811800848,down
AERG,0.09113297802309184,down
AERG,0.4269662936398093,up
AERG,0.04032254188043427,down
AERG,0.044811336669094315,none
AERG,0.0504201175583856,none
AERG,0.3333332333674741,up
AERG,0.021739110153428554,down
SKWD,0.08114151021231986,none
SKWD,-0.002848490814917448,down
SKWD,0.27954381736699063,up
SKWD,0.1695589993099902,up
SKWD,0.05199913606235529,none
SKWD,0.08393675159090574,none
SKWD,0.15250001634870247,up
SKWD,0.04121242254470836,none
SKWD,0.0295980173717858,down
SKWD,0.038000030517578054,none
SKWD,0.1074423084516638,none
SKWD,0.08768505186546505,none
SIF,0.057471265627790036,none
SIF,0.28214284832380243,down
SIF,0.16883119778400757,up
SIF,0.09364547508250753,none
SIF,0.22222228109100883,up
SIF,0.05803565869145877,down
SIF,0.13355051946128582,none
SIF,0.27304964509026375,down
SIF,0.09859154220139099,down
SIF,0.2535612841374142,up
SIF,0.09154931043637382,none
SIF,0.221538470341609,none
REKR,-0.003358519090301937,down
REKR,0.4715908682974408,none
REKR,0.7435897498597916,up
REKR,0.026584298879476886,down
REKR,0.03559874969898691,down
REKR,0.4178081364093902,up
REKR,0.4777778646092379,up
REKR,0.07798157461905242,down
REKR,2.1597632969140736,up
REKR,0.10166668891906738,none
REKR,0.05973153428115108,down
REKR,0.12711873053819867,none
CEIN,0.1428571529939875,none
CEIN,1.0,up
CEIN,0.24999998137354873,none
CEIN,0.10810810810810811,down
CEIN,1.788732394366197,down
CEIN,0.024691334404499887,down
CEIN,0.17647059339140525,none
CEIN,0.15909090909090917,down
CEIN,0.0,down
CEIN,0.3292682926829269,down
CEIN,0.36263733384632624,down
CEIN,0.1869158118414036,down
ONON,0.10710496444605178,none
ONON,0.1837629177400828,none
ONON,0.06373974503779123,down
ONON,0.3246121792018799,up
ONON,0.6320115813321852,up
ONON,0.0841468826909666,down
ONON,0.2745520379746966,up
ONON,0.10131436792336856,down
ONON,0.1588107024250507,none
ONON,0.29241221136200934,none
ONON,0.4503609100508432,up
ONON,0.08743296930204836,down
SHEL,0.05843013883747483,none
SHEL,0.13661924775030942,up
SHEL,0.035865083169156264,none
SHEL,0.05408460383375768,none
SHEL,0.09821981300960836,none
SHEL,0.0655211155599702,none
SHEL,0.03574550368768992,down
SHEL,0.0710631070803236,up
SHEL,0.031048634052649904,none
SHEL,0.07495130297428698,down
SHEL,0.09961460271148903,up
SHEL,0.002055679618100381,down
PTCHF,0.16326524455663627,up
PTCHF,0.009824602556215423,down
PTCHF,0.04283054450187218,down
PTCHF,0.045871514481795606,down
PTCHF,0.11868076337777067,none
PTCHF,0.08909086747602979,down
PTCHF,0.5405404691368765,up
PTCHF,0.14130438632310094,up
PTCHF,0.038541653214229976,down
PTCHF,0.12156860728485652,up
PTCHF,0.03450000286102295,down
PTCHF,0.08369570366601753,up
PEVM,1.3275862068965516,up
PEVM,0.6756032514312018,up
PEVM,0.10955060935505245,down
PEVM,0.16172837622371716,down
PEVM,1.6990291262135924,down
PEVM,2.351778877824591,up
PEVM,0.09660576596981207,none
PEVM,0.6923076923076923,up
PEVM,0.09536079243451168,down
PEVM,0.0,down
PEVM,2.288135593220339,up
PEVM,0.19999999999999996,down
NIM,0.02040858587216232,none
NIM,0.0785296691184163,up
NIM,0.05667618806906871,up
NIM,0.0650266672646238,none
NIM,0.013888901624924621,none
NIM,0.04980784256874404,up
NIM,0.02993541948058409,none
NIM,0.040078744591582005,down
NIM,0.034090892556418284,down
NIM,0.006584930968633884,down
NIM,0.0650266672646238,none
NIM,0.062071905078871836,none
KIO,0.021001063748587567,down
KIO,0.07770916576107711,none
KIO,0.10648778903158274,up
KIO,0.03316779471367215,none
KIO,0.03070906033938492,down
KIO,0.08909221713481252,up
KIO,0.040270381440004055,none
KIO,0.021824128330932613,none
KIO,0.04382444181349232,down
KIO,0.0006661558045417681,down
KIO,0.02414238909894406,down
KIO,0.10237574034836672,up
CPBI,0.0749678226970929,up
CPBI,0.07566002646093173,up
CPBI,0.0891783952049483,none
CPBI,0.09040471647984116,up
CPBI,0.07638891740345732,up
CPBI,0.1935041737012042,up
CPBI,0.11739131350043697,up
CPBI,0.014884998038128039,none
CPBI,0.11963805886625001,up
CPBI,0.010868259382449619,down
CPBI,0.035021855782254585,up
CPBI,0.058684038047928766,up
NAN,0.046695487101031885,none
NAN,0.03931635291452973,none
NAN,0.045664523620571495,none
NAN,0.010252354078082115,down
NAN,0.1101477298771194,up
NAN,0.02218294662021192,none
NAN,0.016239310231758397,down
NAN,0.05869905699119382,up
NAN,0.027665988940088315,none
NAN,0.018150464334802052,none
NAN,0.016559257230878144,none
NAN,-0.0018504982131277714,down
UEC,0.18941973231859777,down
UEC,1.0037173798631849,up
UEC,0.7944606676429085,up
UEC,0.11244025988766948,none
UEC,0.34498835250203896,up
UEC,0.02337234535430044,down
UEC,0.25952046727619327,none
UEC,0.4292452770067703,up
UEC,0.22066545422538675,down
UEC,0.6904083274879647,up
UEC,0.12195122234882305,none
UEC,0.45454547206013496,up
XSIAX,0.016803508059511918,up
XSIAX,0.02945183462517864,up
XSIAX,0.0154579999380553,up
XSIAX,-0.0010255688969305066,down
XSIAX,-0.0009288830224600808,down
XSIAX,0.015239051791767766,up
XSIAX,0.012928760638793113,down
XSIAX,0.03226281321355162,up
XSIAX,0.01449280968329214,up
XSIAX,0.0,down
XSIAX,0.015239051791767766,up
XSIAX,0.013348964625738757,up
RGEN,0.027297717378339748,none
RGEN,0.2076573231818133,none
RGEN,0.3305342075489701,up
RGEN,0.06354441065306937,none
RGEN,0.05332928402749282,down
RGEN,0.029620634725385564,none
RGEN,0.045416802757907826,down
RGEN,0.04051464789968673,none
RGEN,0.06610774360781413,none
RGEN,0.046522403376335175,down
RGEN,0.5710820558659504,up
RGEN,0.1980858436075037,up
EFC-PB,0.04389516839698704,none
EFC-PB,0.012736073587158003,down
EFC-PB,0.026665213580950642,none
EFC-PB,0.03458953803694209,down
EFC-PB,0.03827113143006544,none
EFC-PB,0.18275858902957887,none
EFC-PB,0.006051885590293127,down
EFC-PB,0.026617341010106044,up
EFC-PB,0.14656425762130665,up
EFC-PB,0.04636069623660677,none
EFC-PB,0.08016932828254353,none
EFC-PB,0.02702029337482248,none
NPPXF,0.0,none
NPPXF,0.06185560928849254,none
NPPXF,0.03339169198221725,none
NPPXF,0.11247786679246108,none
NPPXF,0.047114776102885836,none
NPPXF,0.14951787290165708,up
NPPXF,0.16298586659189418,none
NPPXF,0.21052628887953428,up
NPPXF,0.17346933131543696,none
NPPXF,0.07416087525692094,none
NPPXF,0.19166650213765024,none
NPPXF,0.07964603574961626,none
FMCB,0.12244901017363086,up
FMCB,0.038972827665294085,none
FMCB,0.04838695843380214,up
FMCB,0.1278177311340838,up
FMCB,0.044674376886736145,up
FMCB,0.005208200341614955,none
FMCB,0.02628253803053804,down
FMCB,0.019290711488971768,none
FMCB,0.007344959077490554,down
FMCB,0.0031765422807725763,none
FMCB,0.1254290577557211,up
FMCB,0.003141346543716006,down
EAD,0.10076334402654274,up
EAD,0.0022882854726409274,down
EAD,0.013724602419287857,none
EAD,0.07423104564962801,up
EAD,0.019103773435548144,none
EAD,0.014018473730877723,none
EAD,0.007132712172430278,down
EAD,0.1503163256437805,up
EAD,0.00014653364894989807,down
EAD,0.02394654557400555,down
EAD,0.0847956568378132,up
EAD,0.009070128248947373,down
IEHC,0.46881297764669827,down
IEHC,0.046153826591295966,down
IEHC,0.2666666666666666,up
IEHC,0.11847131715120107,up
IEHC,0.2068965120349584,down
IEHC,0.2666666666666666,up
IEHC,0.6239316504051609,up
IEHC,0.16666666666666674,none
IEHC,0.25,down
IEHC,0.16421570804475727,both
IEHC,0.21052631578947367,none
IEHC,0.18279567466662683,down
GO,0.011744391835151413,down
GO,0.049099815727020824,down
GO,0.0891025227986233,down
GO,0.039705856916125715,none
GO,0.11137666898703102,none
GO,0.12800000508626308,none
GO,0.0531741468263085,down
GO,0.4010378012751947,up
GO,0.03205575093509916,down
GO,0.01333330388654752,down
GO,0.0402318550373415,down
GO,0.10054154752732991,none
VIPRF,0.4841672970330755,up
VIPRF,0.1999999578020213,none
VIPRF,0.8851756156030754,up
VIPRF,0.001285330500095272,down
VIPRF,1.114107471557947,up
VIPRF,0.16411759813764237,none
VIPRF,0.3025780909820841,down
VIPRF,0.12759638353695002,none
VIPRF,-0.0012484233790104327,down
VIPRF,0.08450695712092449,down
VIPRF,0.23918507556897572,none
VIPRF,1.7966102533934998,up
IX,0.012658233241322314,down
IX,0.053104127130534584,none
IX,0.06944935367778093,none
IX,0.2590075057604586,up
IX,0.02577081322954622,none
IX,0.24128688760462458,up
IX,0.031746137019767806,down
IX,0.013648095130315063,none
IX,0.06265833989045766,down
IX,0.08137610837274312,none
IX,0.05373769377295767,none
IX,0.08295166564081558,none
INTA,0.37863495645868417,up
INTA,0.15463915015964336,none
INTA,0.1038705015724326,down
INTA,0.42196529682254025,up
INTA,0.08793176330052588,none
INTA,0.14655762347038315,down
INTA,0.015697956895377008,down
INTA,0.028734111976929322,none
INTA,0.12294726495390762,none
INTA,0.07953396935182488,none
INTA,0.1884789979625392,none
INTA,0.15578231235143836,none
BFH,0.018257967462913083,down
BFH,0.14506136762279587,down
BFH,0.027975335758064546,down
BFH,0.16751481226649778,none
BFH,0.04137611267521435,down
BFH,0.3547622121569942,up
BFH,0.15898771342007167,none
BFH,0.03489622878466747,down
BFH,0.14032366604600766,none
BFH,0.020680401276193416,down
BFH,0.2963508598862594,up
BFH,0.04919269446135699,down
PRLB,0.17750505630918534,up
PRLB,0.1771144984245554,up
PRLB,0.38085252616722975,up
PRLB,0.02410822891636144,none
PRLB,0.3954358352353302,down
PRLB,0.30709412114065815,up
PRLB,0.09415941103738534,down
PRLB,0.16612624516068952,none
PRLB,0.14298040157073055,none
PRLB,0.07912767264495324,none
PRLB,0.14430093656064957,none
PRLB,0.1130363185192429,none
DCOY,2.9292037177433015,up
DCOY,0.3894736842105264,none
DCOY,0.4114490200337946,none
DCOY,0.1876379690949228,down
DCOY,0.0323887195469863,down
DCOY,0.6549295379464464,up
DCOY,1.6248633402872588,down
DCOY,0.6785714488451173,up
DCOY,0.12289154669967028,down
DCOY,0.41065827722056825,down
DCOY,0.3238255582443972,none
DCOY,0.11616766211740526,down
UCO,0.1356507309131325,none
UCO,0.09263855991025638,down
UCO,0.11827308192537433,down
UCO,0.09764752723220527,none
UCO,0.08995179641361095,none
UCO,0.04231996144884542,down
UCO,0.06825053778581291,down
UCO,0.3064817622385998,up
UCO,0.21598765691827304,up
UCO,0.06140939498515796,none
UCO,0.24936514546656952,up
UCO,0.044863431420616884,none
SDCH,0.9047618215877979,up
SDCH,0.42857136619084835,none
SDCH,1.2307691855525404,up
SDCH,0.04166670487477364,down
SDCH,0.8,up
SDCH,0.0500000458497285,down
SDCH,0.16176464539720325,down
SDCH,0.7073171468139583,up
SDCH,0.28695653421996337,down
SDCH,0.0647481909974228,down
SDCH,0.29411757725301246,none
SDCH,0.4173227630099139,down
DPG,0.1287216458563516,up
DPG,0.06461113410028019,none
DPG,0.044206126185376116,down
DPG,0.0823425325528504,up
DPG,0.07635979333049048,down
DPG,0.1898262709573726,up
DPG,0.038598756001755996,none
DPG,-0.13679256694112818,down
DPG,0.020790055346247227,none
DPG,0.051626498601126336,none
DPG,0.08537317313895887,up
DPG,0.06167676967392666,down
CABO,0.24301871701194333,none
CABO,0.03109312165228495,down
CABO,0.01828585465373056,none
CABO,0.05173168947964579,down
CABO,0.09640529080666838,down
CABO,0.03917212156125904,down
CABO,0.10985568755997877,none
CABO,0.01988087806166794,none
CABO,0.04434286845495983,down
CABO,0.15046768633219254,up
CABO,0.1244361312646034,none
CABO,0.03867596515180849,down
PFO,0.03330603345312544,none
PFO,0.07879446867824336,up
PFO,0.08385260583472376,up
PFO,0.07742938964614976,up
PFO,0.00794724029997762,down
PFO,0.01942380284663514,none
PFO,0.05221411746820914,none
PFO,0.055651573659592835,none
PFO,0.10351959552947143,none
PFO,0.017273095476020517,none
PFO,0.018711307111728415,none
PFO,0.034939350600967645,none
AUID,0.3233215500072453,none
AUID,0.17399614609816383,none
AUID,0.3369565182180623,down
AUID,0.13049639355554254,down
AUID,0.6955922908438599,up
AUID,0.2738853657945446,down
AUID,0.31991059782901465,down
AUID,0.005341900915476483,down
AUID,0.016643534663548065,down
AUID,0.05092185304858865,down
AUID,0.2400661951031351,none
AUID,0.3307984211795465,down
DSWL,0.1339286138619431,down
DSWL,0.1339286048589856,down
DSWL,0.041825084694987025,none
DSWL,0.006600653833451986,down
DSWL,0.07296152904246322,none
DSWL,0.07096769701248795,none
DSWL,0.422222143870179,up
DSWL,0.03448273235127797,none
DSWL,0.015094336988907608,none
DSWL,0.026578079587650905,down
DSWL,0.11145031257603599,none
DSWL,0.027932986158048845,none
MTEK,0.007476538888797846,down
MTEK,0.2999999735090473,up
MTEK,0.6423077452112251,up
MTEK,0.11206896463132221,none
MTEK,0.48192776362147494,up
MTEK,0.422070521584035,none
MTEK,0.2625899376209513,up
MTEK,0.3148147228323419,up
MTEK,0.4372262591437659,up
MTEK,0.29700998546121915,up
MTEK,1.7371132918353926,up
MTEK,0.7416665259334831,up
GWAV,0.24499997225674708,none
GWAV,0.1312848661431678,down
GWAV,0.5560165975103735,up
GWAV,0.032258064516129004,down
GWAV,0.12643678160919536,down
GWAV,0.018987341772152,down
GWAV,0.05714285714285716,down
GWAV,0.5342465753424657,up
GWAV,0.049180327868852514,none
GWAV,0.18518518518518512,none
GWAV,0.045454545454545414,none
GWAV,1.3571428571428572,down
HYDTF,0.2337662488458374,none
HYDTF,1.0427352073238114,up
HYDTF,1.1833597703247056,up
HYDTF,0.17689534570022136,up
HYDTF,0.06992756480730988,down
HYDTF,1.8462428357065948,up
HYDTF,0.3081967448906311,none
HYDTF,0.800000044703483,up
HYDTF,0.06177427778506028,none
HYDTF,1.1914893527079151,up
HYDTF,0.21405744836371743,down
HYDTF,2.271484539135376,up
QGEN,0.05624432824296344,none
QGEN,0.034482678881068374,down
QGEN,0.0630498604915195,down
QGEN,0.09400752933692225,none
QGEN,0.16474339790810721,up
QGEN,0.02816328508759014,down
QGEN,0.10386931171151192,up
QGEN,0.0075024200564202115,down
QGEN,0.2857459694625766,up
QGEN,0.01648464425396967,none
QGEN,0.2349423357050906,up
QGEN,0.12517913303808847,up
SVIX,0.03625313281605225,down
SVIX,0.05627003444328138,down
SVIX,0.2467047684588164,up
SVIX,0.05184006159669652,down
SVIX,0.29449450208036,up
SVIX,0.09022345282322242,down
SVIX,0.44558524174273706,up
SVIX,0.20872383042364118,up
SVIX,0.054532236828176206,down
SVIX,0.30171519616595166,up
SVIX,0.1044427249069555,down
SVIX,0.10957174787215318,none
SOHGF,-1.1102230246251565e-16,down
SOHGF,-1.1102230246251565e-16,both
SOHGF,-1.1102230246251565e-16,down
SOHGF,-1.1102230246251565e-16,down
SOHGF,-1.1102230246251565e-16,both
SOHGF,-1.1102230246251565e-16,down
SOHGF,-1.1102230246251565e-16,down
SOHGF,-1.1102230246251565e-16,none
SOHGF,-1.1102230246251565e-16,down
SOHGF,-1.1102230246251565e-16,down
SOHGF,-1.1102230246251565e-16,none
SOHGF,-1.1102230246251565e-16,none
AMTB,0.21445336643103619,up
AMTB,0.05803229350796024,down
AMTB,0.054962984414083094,down
AMTB,0.28920812298882503,up
AMTB,-0.0009559779441780103,down
AMTB,0.009437781620384111,down
AMTB,0.04521728346465981,none
AMTB,0.02703903841259514,down
AMTB,0.007527345551153086,down
AMTB,0.2447318494526276,up
AMTB,0.24413562839105185,up
AMTB,0.030874516586206546,none
OLB,0.6108374517305137,up
OLB,0.14649682624884264,none
OLB,0.29336961027579944,none
OLB,1.56,up
OLB,0.15938670290339818,down
OLB,0.08571435879886646,none
OLB,0.17460323867804384,none
OLB,0.1502591523584218,down
OLB,0.4232538044391274,none
OLB,0.4594594664256706,none
OLB,0.04385971241490516,down
OLB,0.5087718515502784,none
MYSZ,0.21311474128360253,none
MYSZ,0.12213747543469533,down
MYSZ,0.47058821654462313,none
MYSZ,0.05932198823737078,down
MYSZ,4.417867170620785,down
MYSZ,0.2790697867835521,up
MYSZ,0.13043478260869557,down
MYSZ,0.028168985706974903,down
MYSZ,0.5289255716331553,up
MYSZ,0.2436974352172674,none
MYSZ,0.10576927132860603,down
MYSZ,0.2032520293685165,none
YALA,0.06628242569946141,none
YALA,0.15899575704728885,up
YALA,0.40453264115848997,up
YALA,0.014248722345065357,down
YALA,0.06258142600544248,none
YALA,0.27435888939982456,up
YALA,0.20512812675260572,up
YALA,0.3915858608982641,up
YALA,0.377088282131,up
YALA,0.29120870159669043,up
YALA,0.1127451094972407,none
YALA,0.01577285524066596,down
JCSE,0.8990823882677024,up
JCSE,0.13421556824261693,down
JCSE,0.4630873029355196,none
JCSE,0.14942528234311414,down
JCSE,1.0161290437220662,down
JCSE,0.5792451758767219,up
JCSE,0.3949998902780214,down
JCSE,0.1594012193302139,down
JCSE,0.527372263999663,up
JCSE,0.6142858090426382,up
JCSE,0.565905096455801,down
JCSE,0.11658450294816203,none
ALHC,0.4757462034288682,up
ALHC,0.18099547198894594,down
ALHC,0.45583038750181126,up
ALHC,0.6796115453106863,up
ALHC,0.057746525317803554,down
ALHC,0.0832744167028927,down
ALHC,0.049116961833766126,down
ALHC,0.05485709054129462,down
ALHC,0.2728813741509166,none
ALHC,0.30367996215820314,up
ALHC,0.13615734904515353,none
ALHC,0.49501661603242186,up
FCT,0.015072665611141511,down
FCT,0.062195942523414205,none
FCT,0.021548451987073003,none
FCT,0.022656769906323593,none
FCT,0.02913416761709775,down
FCT,0.022967931211355763,none
FCT,0.028359053567360792,none
FCT,0.07872629125132802,up
FCT,0.010178914975233821,none
FCT,0.01101264738795904,down
FCT,0.06208249463154547,none
FCT,0.06227236497776012,up
WTHVF,0.04853356231729289,none
WTHVF,0.050970831429622665,down
WTHVF,0.28285716742885403,up
WTHVF,0.17424241141428953,down
WTHVF,0.39571026288389954,up
WTHVF,0.19632879642743184,down
WTHVF,0.2520063228757643,none
WTHVF,0.6908494270033805,up
WTHVF,0.6181035240219572,up
WTHVF,0.2774341005725034,up
WTHVF,0.5166776549333418,up
WTHVF,0.42761913283612185,up
VIP,0.58892119626624,none
VIP,0.5197432607142529,up
VIP,0.6870415251700059,up
VIP,0.27388530775927156,none
VIP,0.734042560386859,up
VIP,0.6076695105055732,up
VIP,0.11180120866371634,down
VIP,0.7589929089166905,up
VIP,0.44370866259965625,none
VIP,0.24232082661102816,none
VIP,0.08411206519388603,down
VIP,0.108452937070455,down
LFT-PA,0.23497715850575251,up
LFT-PA,0.019603056131606067,none
LFT-PA,0.11915320284459341,up
LFT-PA,0.04251968317190946,up
LFT-PA,1.0962047225504534e-07,none
LFT-PA,0.04411758631157392,down
LFT-PA,0.01092361410514231,none
LFT-PA,0.023073440010923596,down
LFT-PA,0.03398189977505717,down
LFT-PA,0.04866298161941485,up
LFT-PA,0.035714384387181,none
LFT-PA,0.02421807113884511,none
PAM,0.12585568290966398,none
PAM,0.09571030548979653,down
PAM,0.35139243210418325,up
PAM,0.29245282735945666,up
PAM,0.4528170251712522,up
PAM,0.15498493367382093,down
PAM,0.12216729218105993,none
PAM,0.4489830664455017,up
PAM,0.00996810210368837,down
PAM,0.05640046811025101,down
PAM,0.48608271384245594,up
PAM,0.1616666884649367,up
FLGT,0.140919895401715,none
FLGT,0.21363401121168857,up
FLGT,0.23978693254964534,up
FLGT,0.2823364469205172,up
FLGT,0.11035305018494102,none
FLGT,0.1912215835512323,up
FLGT,0.03248662697105065,down
FLGT,0.05111293319947818,down
FLGT,0.15872098224021802,none
FLGT,0.19400548285294628,down
FLGT,0.23345514396765554,up
FLGT,0.015654570661219447,down
NGXXF,0.06110589811801925,down
NGXXF,0.06875653222083944,down
NGXXF,0.2451287923682557,up
NGXXF,0.06781468721432282,none
NGXXF,0.0928517429291913,down
NGXXF,0.272345027146045,up
NGXXF,0.265529288397113,up
NGXXF,0.12299460658947114,none
NGXXF,0.03652516104433445,down
NGXXF,0.2996433416748654,up
NGXXF,0.32338313355793713,up
NGXXF,0.24592227937022315,none
BALL,0.014588705831076743,down
BALL,0.11579789965386689,up
BALL,0.05255795021746201,none
BALL,0.08691783004557219,none
BALL,0.07998583533841064,none
BALL,0.13455768634533882,up
BALL,0.19847190444942897,up
BALL,0.07660716409107104,none
BALL,0.13580830520286735,down
BALL,0.10095734100807507,up
BALL,0.05974961258513356,down
BALL,0.1754101395902825,none
CET,0.03886774396736148,down
CET,0.023777978334529992,none
CET,0.05229976001544845,none
CET,0.0129587476318489,none
CET,0.034741421211657686,none
CET,0.015364781461237431,down
CET,0.004698999380783553,down
CET,0.04923946299080484,up
CET,0.08923480718724575,up
CET,0.010840195983561118,none
CET,0.06315788507035491,none
CET,0.045247799352786,none
SVUHF,0.1038961312404516,down
SVUHF,1.1610169142219267,up
SVUHF,0.40366979139379766,down
SVUHF,0.07677902328143804,up
SVUHF,0.21621624887033097,none
SVUHF,0.08126857816408184,up
SVUHF,0.1038961312404516,down
SVUHF,0.26970953929933517,down
SVUHF,0.5686274452513798,none
SVUHF,1.8651686621320342,up
SVUHF,0.7021276798114464,none
SVUHF,0.003521140239892029,down
REBN,0.8410526054915957,up
REBN,0.035714250959391514,down
REBN,0.0621243354380423,none
REBN,0.027027057760311335,down
REBN,-0.0017021058144307544,down
REBN,0.052208785351179454,down
REBN,0.25458706942344156,down
REBN,0.15062064012310428,none
REBN,0.21428570025008398,down
REBN,0.1638417881231986,down
REBN,0.036789262456513594,down
REBN,0.05882359128509962,down
NPKI,0.14611005383554865,none
NPKI,0.027368445145456333,down
NPKI,0.37499998904326404,up
NPKI,0.6007604011233776,up
NPKI,0.4982206846533266,up
NPKI,0.21919773719591462,up
NPKI,0.2004889154601559,none
NPKI,0.1428571428571428,none
NPKI,0.006896578032394851,down
NPKI,0.3027210371305302,none
NPKI,0.0044776433824467166,down
NPKI,0.5336787863464802,up
SMEGF,0.08106145510687046,down
SMEGF,0.41285704902860165,up
SMEGF,0.17456803665624965,up
SMEGF,0.11136363636363633,none
SMEGF,0.5370538671536076,up
SMEGF,0.3002901260967874,up
SMEGF,0.03838619333641291,down
SMEGF,0.4892771860805667,up
SMEGF,0.3742933270907103,up
SMEGF,0.2465245465075323,up
SMEGF,0.049177981750903266,down
SMEGF,0.43480588462500913,up
CPRI,0.0056454505176186665,none
CPRI,0.16585508280821593,down
CPRI,0.01163013539520441,none
CPRI,0.17165672327066006,none
CPRI,0.0023762164729657087,down
CPRI,-0.01694915515156914,down
CPRI,0.0548236076556925,down
CPRI,0.0029435150819030476,down
CPRI,0.10302770331569855,down
CPRI,0.09637102300493239,down
CPRI,0.03409090013453908,down
CPRI,0.3227512645014454,up
DAZSF,-0.6567999919255574,down
DAZSF,-0.10901467148968624,down
DAZSF,1.8653296823351955,up
DAZSF,0.19047624453936285,up
DAZSF,0.0,down
DAZSF,0.016866724143206335,down
DAZSF,59.60606183756154,up
DAZSF,59.60606183756154,up
DAZSF,3.0,down
DAZSF,-0.4117647033042974,down
DAZSF,0.0,down
DAZSF,0.41666666666666674,up
OKUR,0.20000004768371582,up
OKUR,0.08820166072613844,down
OKUR,0.22397470988144952,down
OKUR,0.19298252952249517,none
OKUR,0.4509493012856918,none
OKUR,0.04761906797224058,down
OKUR,0.16107380402517135,down
OKUR,0.0,none
OKUR,0.2230216296253098,none
OKUR,0.05095542678049925,none
OKUR,0.12666664123535165,down
OKUR,0.4328124523162842,none
SSII,0.06677529856103126,down
SSII,0.23711342638769684,up
SSII,0.44927534228787436,none
SSII,1.4911111195882163,down
SSII,0.7995991892047885,up
SSII,1.3600000080309416,down
SSII,1.38510648788722,up
SSII,0.05279063944303641,down
SSII,0.016173954447451955,down
SSII,0.19999999999999996,up
SSII,0.008000030517578027,down
SSII,1.361111173659197,down
PRE,0.19254660298254822,none
PRE,0.35440185835180316,up
PRE,0.0753880619286369,none
PRE,0.05927836284731369,down
PRE,0.09980770623895596,down
PRE,0.9935483624858241,up
PRE,0.11111111111111116,down
PRE,0.03333335452609587,down
PRE,0.09296481015299873,none
PRE,0.9031745092248309,up
PRE,0.005040279441706597,none
PRE,0.4523507587527491,up
FRHC,0.044672262016066666,down
FRHC,0.22192154862513092,up
FRHC,0.3065558313245542,up
FRHC,0.022114338034834313,down
FRHC,0.18656188164545373,up
FRHC,0.21541950113378694,up
FRHC,0.0208088331009868,none
FRHC,0.06356665039389608,none
FRHC,0.05100843363375063,none
FRHC,0.4164653372461744,up
FRHC,0.27479450188942667,up
FRHC,0.16792157689040232,none
BXSY,0.01577168485707059,down
BXSY,0.022508160756886664,down
BXSY,0.10898013531960782,none
BXSY,0.04842462782888757,none
BXSY,0.09372331930073252,none
BXSY,0.07861504073206205,up
BXSY,0.06143605805623631,down
BXSY,0.027464003754443134,down
BXSY,0.006074394230397795,down
BXSY,0.08835350837238387,up
BXSY,0.051043127185053994,down
BXSY,0.03579449674794133,none
BRLS,0.004040400342860462,none
BRLS,0.01771869901921508,down
BRLS,0.18487401961876437,down
BRLS,0.9196940583628621,up
BRLS,0.3525423542516941,down
BRLS,0.3650793350442705,down
BRLS,0.0,none
BRLS,0.014605609721943136,up
BRLS,0.022177446102500387,up
BRLS,0.02213282457908572,up
BRLS,-0.012875490514692167,down
BRLS,0.02213282457908572,up
CUBE,0.008089092024052613,none
CUBE,0.037530215160216596,down
CUBE,0.07234539077428481,none
CUBE,0.03673216703810622,none
CUBE,-0.0011017583565384736,down
CUBE,0.057567629150103494,none
CUBE,0.059228666527052054,none
CUBE,0.06677708669602511,none
CUBE,0.05083938200375249,none
CUBE,0.06378517533469252,down
CUBE,0.11386460765649886,none
CUBE,0.02778356182590458,none
CYTK,2.4303049811354076,up
CYTK,0.1994962764009538,none
CYTK,0.20629365535205713,none
CYTK,0.007572446232743113,down
CYTK,0.17230322503428375,none
CYTK,0.22540984546306353,up
CYTK,0.23897728697708387,up
CYTK,0.09774202500591134,none
CYTK,0.2430039466103604,none
CYTK,0.18448478250851608,none
CYTK,0.15678973010130592,none
CYTK,0.3315495223973113,up
CMRE-PB,0.0018177916618480339,none
CMRE-PB,0.07847940950804633,up
CMRE-PB,0.05387329891433512,up
CMRE-PB,0.0826605176265216,up
CMRE-PB,0.05312141199613518,down
CMRE-PB,0.02051672860410525,none
CMRE-PB,0.0432572694122868,up
CMRE-PB,0.06206113016620063,up
CMRE-PB,0.11204699701012433,up
CMRE-PB,0.054267857799325636,up
CMRE-PB,0.030662561823409762,up
CMRE-PB,0.0473342158346608,up
POSC,1.7476634701867053,up
POSC,0.30813951312431875,up
POSC,-0.00819671330225158,none
POSC,0.36000001430511475,up
POSC,0.1411043065928368,down
POSC,0.08711050347015559,none
POSC,0.18831820957966117,none
POSC,0.7841726939541593,up
POSC,0.3313609016679988,none
POSC,0.6000000635782878,down
POSC,0.08791206703858645,down
POSC,0.15942032373097237,down
MRLN,0.03817503316105042,none
MRLN,0.03057193840693695,up
MRLN,0.010156939746275073,none
MRLN,0.015221776383755437,up
MRLN,0.2738669415553978,up
MRLN,0.015221776383755437,up
MRLN,0.011100821544957729,none
MRLN,0.014155650635842232,up
MRLN,0.01952630827380908,up
MRLN,0.015182147448665528,up
MRLN,0.021586360618919276,up
MRLN,0.016949160600185476,up
STZ,0.027516611722403495,none
STZ,0.09116370716656319,none
STZ,0.02894387877885163,down
STZ,-0.009127927137428715,down
STZ,0.06669970437826245,none
STZ,0.08269030745984507,up
STZ,0.07704845324949017,none
STZ,0.10082043453104927,up
STZ,0.09424913702375126,up
STZ,0.10282903492733908,up
STZ,0.05363327686188457,none
STZ,0.08454156612122254,up
BSTZ,0.06371328887890315,down
BSTZ,0.11269046524253024,up
BSTZ,0.08696611162364731,up
BSTZ,0.056057068222585826,down
BSTZ,0.08187111083194165,down
BSTZ,0.13978485723864198,none
BSTZ,0.03938701611727402,down
BSTZ,0.04238557608587579,down
BSTZ,0.04029691946225045,down
BSTZ,0.11078097239357221,up
BSTZ,0.002426860338164083,down
BSTZ,0.060731048986035985,none
ENTG,0.1286790541603522,none
ENTG,0.07095479670659866,none
ENTG,0.012626885533427057,down
ENTG,0.055149493636288405,none
ENTG,0.07548088607623904,none
ENTG,0.07128857857621496,down
ENTG,0.34419122819190306,up
ENTG,0.08934011916340179,none
ENTG,0.08008057429185356,none
ENTG,0.5326012087323986,up
ENTG,0.008762933416794683,down
ENTG,0.21623986203968615,up
VVOS,0.08488609811354131,down
VVOS,0.19807697069010266,down
VVOS,0.22841326543359974,none
VVOS,1.4237804507957477,up
VVOS,0.1586626384313361,down
VVOS,3.847790828218871,down
VVOS,0.1776937739128428,down
VVOS,0.37254901960784315,down
VVOS,0.018726573366127264,down
VVOS,0.09968518739600762,down
VVOS,0.31195338195163247,down
VVOS,0.0743944312681748,down
FLYW,0.0043384251589078104,down
FLYW,0.07883497812215556,down
FLYW,0.24129729399809974,none
FLYW,0.164333749014685,none
FLYW,0.0033370468994904368,down
FLYW,0.1316262477560164,none
FLYW,0.0901759172490384,none
FLYW,0.021132055318580534,down
FLYW,0.047428794348271186,down
FLYW,0.11456099329160585,none
FLYW,0.014275761045072999,down
FLYW,0.08403180636127217,down
GXAI,0.08270677500430446,none
GXAI,5.400000254313151,up
GXAI,0.09593498267297851,down
GXAI,0.5774057805230384,none
GXAI,0.9517543268005597,up
GXAI,0.11111108435257266,down
GXAI,0.8604651220099413,up
GXAI,1.285714480341706,up
GXAI,1.426229482567205,up
GXAI,0.16428573070740238,down
GXAI,0.9216416898005335,down
GXAI,0.6363636363636365,up
RSMDF,0.0,down
RSMDF,0.0,down
RSMDF,0.08164057010078118,up
RSMDF,0.123144809782324,up
RSMDF,0.123144809782324,up
RSMDF,0.11978629406187147,up
RSMDF,0.02752295388793735,down
RSMDF,0.09306055454291595,up
RSMDF,0.123144809782324,up
RSMDF,0.02752295388793735,down
RSMDF,0.123144809782324,up
RSMDF,0.02752295388793735,down
ATO,0.08675332788315648,none
ATO,0.016223101461347866,down
ATO,0.08335409025274898,up
ATO,0.08949131810318933,none
ATO,0.11218130531723958,up
ATO,0.034059975526210096,none
ATO,0.009816744090171303,down
ATO,0.03059192089897289,none
ATO,0.11026387399810367,up
ATO,0.026135843973865258,none
ATO,0.06595220108621658,down
ATO,0.1219311132749068,up
LNG,0.048699622638098905,none
LNG,0.043233820011716384,none
LNG,0.11962212449156961,up
LNG,0.19683416115856023,up
LNG,0.04349216200068606,none
LNG,0.011911095825017926,down
LNG,0.014103319591195262,down
LNG,0.1549577486015974,up
LNG,0.011278706799956018,down
LNG,0.04439584117195894,none
LNG,0.30054807478852164,up
LNG,0.2467941627899355,up
BCC,0.3425371369087684,up
BCC,0.14580208818612395,none
BCC,0.16910951302268318,up
BCC,0.06940935033117346,down
BCC,0.08175332069375685,down
BCC,0.14642256423200117,none
BCC,0.03416578518938507,down
BCC,0.05270132101991809,down
BCC,0.011069464349057867,down
BCC,0.10729551717765617,down
BCC,0.24959246762912346,up
BCC,0.008774443784818953,down
SAZ,0.0327413515798507,none
SAZ,0.02086274261934773,up
SAZ,0.01743950385137838,up
SAZ,0.004594860586857985,none
SAZ,0.008251568055079428,none
SAZ,0.009090950175728363,none
SAZ,0.01347065841267825,none
SAZ,0.015590700895385279,up
SAZ,0.03690771197063958,up
SAZ,0.017130714866623986,up
SAZ,0.01546321101256698,up
SAZ,0.04045772189595187,up
EAT,0.024052702901514067,down
EAT,0.033888028104906764,down
EAT,0.23094094194617254,none
EAT,0.03019000375905545,down
EAT,0.057529490534845795,down
EAT,0.3328393296851382,up
EAT,0.09796628440887889,down
EAT,0.028803918345532642,down
EAT,0.11842801653062507,none
EAT,0.2149207300183118,none
EAT,0.32186950663137237,up
EAT,0.03482884470173664,none
SVNDF,0.04696670931222524,none
SVNDF,0.04696670931222524,none
SVNDF,0.10689653162725676,none
SVNDF,0.34603241859123934,down
SVNDF,0.07515341248293872,up
SVNDF,0.06786426886311503,none
SVNDF,0.13481475283871402,none
SVNDF,0.12520067534836854,up
SVNDF,0.0,down
SVNDF,0.14642853686657764,none
SVNDF,0.32500015383228686,up
SVNDF,0.10000002596553492,both
XAIR,0.30250474926120563,down
XAIR,0.7273684210526317,up
XAIR,0.26307922272047835,down
XAIR,0.2638297872340425,none
XAIR,0.339449623158643,none
XAIR,0.3265306122448979,up
XAIR,0.10034602076124566,down
XAIR,0.1809954751131222,down
XAIR,0.22857142857142865,down
XAIR,0.3517298187808897,down
XAIR,0.32534246575342474,none
XAIR,0.012295129061450805,down
BONXF,-0.02617798487415146,down
BONXF,0.031249945430320558,down
BONXF,0.19148936979691866,none
BONXF,0.010101030626025631,down
BONXF,0.3085714631177947,none
BONXF,0.4134077314714264,up
BONXF,0.07392993717508078,down
BONXF,0.03600001335144043,down
BONXF,0.06511627133309106,down
BONXF,0.08695659216049889,none
BONXF,0.05113638287856559,down
BONXF,0.12676050130442862,none
GRO,0.24999995032946476,none
GRO,0.09743592439710369,none
GRO,0.4266667366027832,none
GRO,0.15820902235711576,down
GRO,0.3379310299468523,none
GRO,0.2923076993614966,none
GRO,0.304347853128762,none
GRO,0.01915716197108419,none
GRO,0.8395061791987886,up
GRO,0.8563535918879723,up
GRO,1.0894039677588605,up
GRO,0.09090908387194263,down
LBRDP,0.008624460938470246,none
LBRDP,0.046946236786369555,up
LBRDP,0.03327996372582631,none
LBRDP,0.026273342883240014,none
LBRDP,0.01861389081661713,down
LBRDP,0.011902549807063512,down
LBRDP,0.06956621171252264,up
LBRDP,0.059926968400331404,none
LBRDP,0.03668945280743108,none
LBRDP,0.09115398393473129,up
LBRDP,0.03657610567037417,none
LBRDP,0.011978375425518495,down
FGFH,0.024734978556441245,down
FGFH,0.2594959426688581,up
FGFH,0.13900725242608525,up
FGFH,0.032247519662970126,up
FGFH,0.15663679773699002,up
FGFH,0.09810130400088646,up
FGFH,0.10389608135635164,up
FGFH,0.07505103243588485,up
FGFH,0.035112491868385165,up
FGFH,0.2326486063199329,up
FGFH,0.025179894411649473,none
FGFH,0.010521092848420288,down
LUCN,0.06879600028539934,up
LUCN,0.0066741291595424634,down
LUCN,0.040860226521231,down
LUCN,0.0798004180946017,up
LUCN,0.38526119510868284,both
LUCN,0.09036144370661714,down
LUCN,0.028957548327861904,down
LUCN,0.06993011501223445,down
LUCN,0.04819737909667143,down
LUCN,0.10843368648773355,up
LUCN,0.09302326753619039,down
LUCN,0.04819737909667143,down
NL,0.06995446678806982,none
NL,0.43458982745484187,up
NL,0.06015041095301488,none
NL,0.19431440914682563,up
NL,0.09999996923443932,none
NL,0.06833330584229813,none
NL,0.2039532844703742,none
NL,0.11810470907899506,none
NL,0.046588965189564124,none
NL,0.021464717328200766,down
NL,0.18542208076213917,none
NL,0.1999386660262965,none
UZF,0.04457559999462779,none
UZF,0.07932956743081654,up
UZF,0.06885492215355793,down
UZF,0.04312649816190972,none
UZF,-0.009745463537709331,down
UZF,0.031156309866321896,down
UZF,0.08480802842041357,down
UZF,0.06315214699707927,none
UZF,0.005703477242937849,down
UZF,0.005326007265735733,down
UZF,0.03768447478627568,none
UZF,0.1147426233870601,none
ONC,0.17883372027638522,up
ONC,0.593666994328552,up
ONC,0.35398754959149126,up
ONC,0.15400072442652513,none
ONC,0.014932567813166653,down
ONC,0.29772469473072904,up
ONC,0.2685525520387022,up
ONC,0.2665709669296059,up
ONC,0.1887262102982481,up
ONC,0.16699512167211106,none
ONC,0.0822121901392383,down
ONC,0.2806301912642233,none
RLYB,0.3438596673215788,none
RLYB,0.0026490514808872323,down
RLYB,0.6205674751226693,up
RLYB,0.11711711131194114,down
RLYB,0.07348484773226471,down
RLYB,0.6425532135071943,none
RLYB,0.08319189457769749,none
RLYB,0.05952381222696812,down
RLYB,0.046894850273431876,down
RLYB,0.14777615677474754,none
RLYB,-0.008064508376086854,none
RLYB,0.041666673134184595,down
DGEAF,0.02377304729565255,down
DGEAF,0.17597010916825018,up
DGEAF,-0.013904899562469542,down
DGEAF,0.0056061349580549535,down
DGEAF,0.07718886374282796,none
DGEAF,0.14305213589034738,none
DGEAF,0.1368102997011602,none
DGEAF,0.0423885928991532,none
DGEAF,0.08033909643249926,none
DGEAF,0.14546877666209812,none
DGEAF,0.07903229897930442,none
DGEAF,0.0147697584406421,none
JELD,0.035864018741944115,down
JELD,0.14169565410160478,none
JELD,0.10700513605089235,down
JELD,0.195706050084977,none
JELD,0.01456506300957372,down
JELD,0.004211774445821659,down
JELD,0.13340278242301262,up
JELD,0.1891743527216163,up
JELD,0.10769239233796024,none
JELD,0.22985635556313788,up
JELD,0.16738662553165273,none
JELD,0.4965358275404408,up
BSVN,0.015049125832753196,down
BSVN,0.12602520255906557,none
BSVN,0.09120026202526788,none
BSVN,0.20546879963769027,up
BSVN,0.08050683648847046,none
BSVN,0.3663543623045449,up
BSVN,0.13965520489488736,none
BSVN,0.20473424062530898,up
BSVN,0.19478972136174022,up
BSVN,0.198912233493042,up
BSVN,0.04646285809581974,none
BSVN,0.14670062530445072,none
HOV,0.12215991425036665,down
HOV,0.18960583308476986,none
HOV,0.5250398880304301,up
HOV,0.3321824539732401,up
HOV,0.11739161331600911,none
HOV,0.18510208787275473,none
HOV,0.42928001173116237,up
HOV,0.27772786466366295,up
HOV,0.14959959664841627,down
HOV,0.3303467421794688,up
HOV,0.08445467676836893,down
HOV,0.3301196613562165,up
AEAEU,0.0009871894144977134,down
AEAEU,0.004926127351136067,down
AEAEU,0.009960197395386228,none
AEAEU,0.014925334893879816,up
AEAEU,0.15833330154418945,none
AEAEU,0.005754054611392334,up
AEAEU,0.0029515598492964035,none
AEAEU,0.017040407224934162,none
AEAEU,0.1982757897779599,none
AEAEU,0.012987024122719681,none
AEAEU,-0.001968455156468263,down
AEAEU,-0.003921564960883028,none
UMC,0.274999768438251,up
UMC,0.12265341218089132,up
UMC,0.06725148447565177,none
UMC,0.21089376057896447,up
UMC,0.05324089755264194,down
UMC,0.08499334534066771,none
UMC,0.18930036063422162,down
UMC,0.0700779033825858,down
UMC,0.08537688217772654,down
UMC,0.33590125324761355,up
UMC,0.06798366228935215,none
UMC,0.1260403637521501,up
WIPKF,0.07612895992025881,down
WIPKF,0.06138500328660634,none
WIPKF,0.0,down
WIPKF,0.1384407839048818,down
WIPKF,0.0481247787974135,down
WIPKF,0.13262375010087823,up
WIPKF,0.06979792003572882,none
WIPKF,0.003491036031038952,down
WIPKF,0.0038302776607224143,down
WIPKF,0.25886783404067226,up
WIPKF,0.12901077551259443,down
WIPKF,0.005359555531784244,down
HLMN,0.012690354838478468,down
HLMN,0.13163840809457183,none
HLMN,0.04257777411964825,down
HLMN,0.18621871054756212,up
HLMN,0.03648913935222198,down
HLMN,0.33731347659989197,up
HLMN,0.1436464520196865,none
HLMN,0.12579276697512554,none
HLMN,0.1835205082833935,up
HLMN,0.2408451461905512,down
HLMN,0.06532415932393665,down
HLMN,0.017354636234972576,down
ABR-PD,0.041529361618871885,none
ABR-PD,0.00976612356033213,down
ABR-PD,0.20917010365123367,up
ABR-PD,0.09254895230327342,none
ABR-PD,0.0041379588490371155,down
ABR-PD,0.29313507504689684,up
ABR-PD,0.033034840999558446,down
ABR-PD,0.13156297103087167,up
ABR-PD,0.04260345477281868,none
ABR-PD,0.003178038980833131,down
ABR-PD,0.1287406712226673,up
ABR-PD,0.09560419790514318,up
STKS,0.1609388120016193,none
STKS,0.19373771922727756,none
STKS,0.17423141249640106,none
STKS,0.023985260629333593,down
STKS,0.12857144219534744,none
STKS,0.13601370484700714,none
STKS,0.6065743797054153,up
STKS,0.40248962409305733,up
STKS,0.07087226141727876,none
STKS,-0.004032254188043427,down
STKS,0.11875006304337665,none
STKS,0.06142505883432192,down
CLFD,0.3491348812736015,up
CLFD,0.33755273608577996,up
CLFD,0.07303938549860312,none
CLFD,0.45439525709021567,up
CLFD,0.15678436321624645,none
CLFD,0.12087909016868181,none
CLFD,0.03298442707041227,down
CLFD,0.19617039577297568,none
CLFD,0.024834818130459402,down
CLFD,0.027061798339672816,none
CLFD,0.6587139456829529,up
CLFD,0.0665304566338385,none
HBANL,0.030213521486736505,none
HBANL,-0.0007996701208318191,down
HBANL,0.03261767910321289,down
HBANL,0.019246013190188593,none
HBANL,0.033308210295550644,none
HBANL,0.03991681096204003,down
HBANL,0.07405849681900012,none
HBANL,0.02820281971020333,none
HBANL,0.024249490082973058,none
HBANL,0.12928698919156645,up
HBANL,0.06191797482308892,up
HBANL,0.039380387106527026,none
NCMI,0.2549019180615344,none
NCMI,0.3729728585013654,up
NCMI,0.39130450833516206,none
NCMI,0.9680849353024197,up
NCMI,0.09873420394122956,none
NCMI,0.4000002093212549,none
NCMI,4.416666037979617,up
NCMI,0.047457591637672714,down
NCMI,0.14219478706073296,none
NCMI,0.25490219353231125,none
NCMI,0.0970296925393288,none
NCMI,0.026388946691260573,none
NVA,0.949717000806036,up
NVA,5.794658309146517,up
NVA,1.4296674723964564,up
NVA,0.13377279143874832,none
NVA,0.1566455261953441,none
NVA,0.27879348428600337,down
NVA,2.457943936592409,up
NVA,7.20564564148839,up
NVA,0.8880596331111801,up
NVA,0.316239331914437,none
NVA,0.36753103392812014,none
NVA,0.3071895864060892,none
LOCL,0.6523517253561932,none
LOCL,0.08407084041042134,down
LOCL,0.11111112922458366,down
LOCL,0.5968378839216861,down
LOCL,0.4619047965051921,up
LOCL,0.09374998965197179,none
LOCL,0.7982954426152893,up
LOCL,1.6246575318604508,up
LOCL,3.1372549294600445,up
LOCL,0.48307691946537545,up
LOCL,0.07833329836527514,none
LOCL,0.4830918030192546,up
VLOSU,0.04990119764344425,up
VLOSU,-0.01984126924056795,down
VLOSU,0.24296301382559315,down
VLOSU,-0.15435047677462133,down
VLOSU,0.09126984952949235,up
VLOSU,0.03451670768688753,up
VLOSU,0.05093969938788434,up
VLOSU,0.04472911232367127,up
VLOSU,0.03451670768688753,up
VLOSU,0.028571459711814517,down
VLOSU,0.3212599164295935,up
VLOSU,0.05198414402904317,up
PHAT,0.36888885498046875,none
PHAT,0.12267249414242376,down
PHAT,0.07320868919100798,down
PHAT,2.666666690319304,down
PHAT,0.25714280153502633,none
PHAT,0.04308029927604973,down
PHAT,0.660194181049788,up
PHAT,0.3586539069929089,up
PHAT,0.21495332878104856,down
PHAT,0.5831324808378484,up
PHAT,2.064676555541862,up
PHAT,0.32283462423541787,down
HE,0.20707838922968458,none
HE,0.09630238658876089,none
HE,0.05421019301642027,none
HE,0.09748746589176549,none
HE,0.007785584559396819,down
HE,0.2043576394648332,up
HE,0.0750000076393309,none
HE,0.17061138892125793,up
HE,0.2126939641125416,up
HE,0.17631581545096342,up
HE,0.017255290239162946,down
HE,0.13505159230677788,down
LMT,0.12785862253270786,up
LMT,0.16215908390359535,down
LMT,0.1417536524634324,up
LMT,0.002785451526089444,down
LMT,0.07272811787731026,none
LMT,0.03677616830341135,none
LMT,0.028330041481313906,down
LMT,0.07966197930103225,down
LMT,0.3615861039291579,up
LMT,0.02005801418609532,none
LMT,0.07538154875887115,down
LMT,0.051031122115672733,none
NAII,0.04629632559441843,none
NAII,0.1566666762034099,none
NAII,0.23867806500066657,up
NAII,-0.004711420839974778,down
NAII,0.0307017254917461,none
NAII,0.03991587631245408,none
NAII,0.10616430675826294,none
NAII,0.2663229670412952,up
NAII,0.18088100200334178,up
NAII,0.07667724036522383,none
NAII,0.024305531410156345,down
NAII,0.05559464882000431,none
BKH,0.04568286589236825,none
BKH,0.044313392797733275,none
BKH,0.12105281855976413,up
BKH,0.031355175492532306,down
BKH,0.09530054223004081,up
BKH,0.06806190594041683,none
BKH,0.11464525478883192,none
BKH,0.049510583518345364,down
BKH,0.0734693731025895,none
BKH,0.1264849060484985,up
BKH,0.08344973837385838,none
BKH,0.04711655659128211,none
CHE,0.09783193112304156,up
CHE,0.005496775950795119,down
CHE,0.06144737102129927,none
CHE,0.09718060262535944,up
CHE,0.08690890586166544,none
CHE,0.09903350489806106,up
CHE,0.0021563566648514776,down
CHE,0.008032148700221287,down
CHE,0.10502538665879069,up
CHE,0.07534418368851892,none
CHE,0.03746491694062204,none
CHE,0.146488323264357,up
RUN,0.9716839742209469,up
RUN,0.7890625101863409,up
RUN,0.26137937348464435,none
RUN,0.008079760529851265,down
RUN,0.027938338984175193,none
RUN,0.32475331910172467,none
RUN,0.2469199941643747,none
RUN,0.7315689817516491,up
RUN,0.0870528644101547,down
RUN,0.7732048918314538,up
RUN,0.15769236542498266,down
RUN,0.44211995014823846,up
OCG,0.3446475327696825,up
OCG,5.408638205398003,up
OCG,0.2159329617713892,none
OCG,0.5,up
OCG,0.02050477693117081,down
OCG,0.33640564489302704,none
OCG,-0.020000055748480405,down
OCG,0.05105102955090346,none
OCG,0.1343283288847763,none
OCG,1.019802080229712,up
OCG,0.17678565034681681,none
OCG,0.1575000147842296,down
WDC,0.02948231695529624,down
WDC,0.04664818424665795,down
WDC,0.16350760347534887,none
WDC,0.742069541294951,up
WDC,0.4407194665961154,up
WDC,0.09381715436853377,down
WDC,0.010311327954255267,down
WDC,0.44237817949435465,up
WDC,0.7151340797832488,up
WDC,0.7532245424508177,up
WDC,0.045304645891758755,down
WDC,0.2651317414336454,up
ACEL,0.11542187506792967,none
ACEL,0.06790124319835589,none
ACEL,0.19543653590668986,up
ACEL,0.023890761654579373,down
ACEL,0.14356810676567933,none
ACEL,0.018575883691489325,down
ACEL,0.15351352176150757,up
ACEL,0.005263194879337574,down
ACEL,0.21283097938276496,up
ACEL,0.15054740992585258,up
ACEL,0.12828593943135336,down
ACEL,0.09326746189176616,down
SBFM,0.06521736276022083,none
SBFM,0.3734848047528816,none
SBFM,0.016276703967446515,down
SBFM,0.3287671232876712,none
SBFM,2.1777777777777776,up
SBFM,0.3867924528301887,down
SBFM,0.060283645730427216,down
SBFM,0.6455696202531647,up
SBFM,1.2166666666666668,up
SBFM,0.625,down
SBFM,0.13432835820895517,none
SBFM,0.23076923076923084,down
CCB,0.28341913329999513,up
CCB,0.03773984617352011,none
CCB,0.011870371165171978,down
CCB,0.13788114072437652,none
CCB,0.050649082155882263,down
CCB,0.01286430933966698,none
CCB,0.14429529970038768,none
CCB,0.1450167581823758,up
CCB,0.15023354379824672,none
CCB,0.046506166013173145,none
CCB,0.0836460856756478,none
CCB,0.29126725843222245,up
EXOZ,0.3629629347059462,up
EXOZ,0.20109190938792154,down
EXOZ,0.19053052035145268,down
EXOZ,0.27159635652919234,down
EXOZ,0.7841031000764886,up
EXOZ,0.09831750193893707,down
EXOZ,-0.029807993438808356,down
EXOZ,0.26855469350266525,none
EXOZ,0.30177508504301076,down
EXOZ,0.6422111020919397,up
EXOZ,0.5228332571934422,up
EXOZ,0.6454046568348819,none
JGH,0.08505302737470055,up
JGH,0.04078867325733038,none
JGH,0.01886540338344611,down
JGH,0.0066228819479916545,down
JGH,0.002906484448668367,down
JGH,0.020255444050589988,down
JGH,0.05094720022802646,up
JGH,0.03140029984343995,none
JGH,0.007858341747812858,down
JGH,0.09986956089236876,up
JGH,0.022336638714999024,none
JGH,0.0015230801724668286,none
KVUE,0.04368560924180653,down
KVUE,0.012124333543922505,down
KVUE,0.06384230320872986,none
KVUE,0.04812108487762434,down
KVUE,0.00887713998186146,down
KVUE,0.026548782232667545,down
KVUE,0.05050092311022425,none
KVUE,0.04620184315690157,none
KVUE,0.055430073423486936,none
KVUE,0.018955157421914004,down
KVUE,0.1861711143820075,up
KVUE,0.2789157940602358,up
BAC-PP,0.025708251733086218,down
BAC-PP,0.014195541120399557,none
BAC-PP,0.01565416899337224,down
BAC-PP,0.04237740807775636,none
BAC-PP,0.008888940726384353,down
BAC-PP,0.03123084749070748,none
BAC-PP,0.04070695073694641,none
BAC-PP,0.09133449914773695,down
BAC-PP,0.13037991751142086,up
BAC-PP,0.10483188839410995,up
BAC-PP,0.05251671499906707,up
BAC-PP,-0.001923774093769981,down
YYGH,0.08928571428571419,down
YYGH,1.023076923076923,up
YYGH,0.1981566820276497,down
YYGH,0.2648648648648648,down
YYGH,0.8449197860962567,up
YYGH,0.1273885350318471,down
YYGH,0.0,down
YYGH,0.06321839080459779,down
YYGH,0.6818181818181819,up
YYGH,0.0,down
YYGH,0.23809523809523814,down
YYGH,0.36585365853658547,none
LTRN,0.28571432994778934,none
LTRN,0.0363128819026175,down
LTRN,0.3043477730638109,none
LTRN,0.1850719951218529,none
LTRN,0.11976197196242788,none
LTRN,0.12824425952680896,down
LTRN,0.09198818745558834,none
LTRN,0.3552631372560091,up
LTRN,0.3543680442050119,up
LTRN,0.013934432700961175,down
LTRN,1.492723474792712,up
LTRN,0.21553130052589808,none
NMKCP,0.14648824490806933,up
NMKCP,0.02446159052649932,up
NMKCP,0.08323244212699965,up
NMKCP,0.15853678125710635,up
NMKCP,0.19501579877099529,up
NMKCP,0.0010590486558477163,down
NMKCP,0.15243172406151118,both
NMKCP,0.004652244685335427,down
NMKCP,0.029260245126059736,up
NMKCP,0.09936108205454608,none
NMKCP,0.11035786407064085,up
NMKCP,0.15671451718161844,up
GAUZ,0.693693667570402,down
GAUZ,0.13612009304917594,none
GAUZ,0.15802176425147785,down
GAUZ,0.02222220102945971,down
GAUZ,0.025273039492532234,down
GAUZ,0.09090911061310525,down
GAUZ,0.6009852442386971,up
GAUZ,0.04915729076659736,down
GAUZ,0.21649479637128577,none
GAUZ,0.11826347038237994,down
GAUZ,0.10739749510051966,none
GAUZ,0.1307421248852838,down
CSW,0.18241430002997672,up
CSW,0.016097470820042092,none
CSW,0.1489967695578096,none
CSW,0.12132178057460341,up
CSW,0.2582790777919186,up
CSW,0.08135645669455771,down
CSW,0.1555276490653994,up
CSW,0.06659088723638584,none
CSW,0.062254499659732954,none
CSW,0.07717206069091875,none
CSW,0.2757194743559517,up
CSW,0.08381689955122806,none
EMED,1.8181819143928286,up
EMED,0.5000001091393669,none
EMED,0.2500000909494724,down
EMED,0.29411756971716074,none
EMED,-0.12500000909494724,down
EMED,0.2500000909494724,none
EMED,1.7999997671693673,up
EMED,0.39106152983109554,down
EMED,0.037037042147174404,down
EMED,0.12500000909494724,none
EMED,0.09090914863569699,none
EMED,0.0,down
TGTX,0.42679355701534294,up
TGTX,0.003571510477134554,down
TGTX,0.7878548525775981,up
TGTX,0.5865633609816752,up
TGTX,0.800253158276556,up
TGTX,0.3616019707023155,up
TGTX,0.014056259315918584,down
TGTX,1.4020200170132924,up
TGTX,0.16647701737131104,none
TGTX,1.3923540264245182,up
TGTX,0.06046508079351387,down
TGTX,0.3238511955100096,down
HEI-A,0.04283267462326723,down
HEI-A,0.006186028996919335,down
HEI-A,0.0760132674706766,none
HEI-A,0.08742385693536914,none
HEI-A,0.24197710234160996,up
HEI-A,0.2103706507534766,up
HEI-A,0.06326317976855567,none
HEI-A,0.09731187744418146,none
HEI-A,0.17126559367429173,up
HEI-A,0.05815827330148493,none
HEI-A,0.06968955149844303,none
HEI-A,0.08262871562539931,none
TALK,0.1538461794963515,none
TALK,0.05882347166332158,down
TALK,0.4504880764109924,up
TALK,0.32978723741538274,up
TALK,0.850828735103778,up
TALK,0.33333333333333326,none
TALK,0.19620249010091362,none
TALK,0.6175114594732378,up
TALK,0.35501359478612793,none
TALK,0.13297878715073508,down
TALK,0.1277954767807734,none
TALK,0.3333332744645494,down
EEGI,0.0,down
EEGI,0.16666656965390314,down
EEGI,1.3333331393078063,none
EEGI,0.07692303559219349,down
EEGI,0.0,down
EEGI,0.0,none
EEGI,0.5999998835846838,none
EEGI,0.2500000909494724,none
EEGI,0.0,none
EEGI,0.39999988358468364,down
EEGI,1.4444444731889687,up
EEGI,0.0,none
GCUMF,0.1846154216478575,down
GCUMF,0.13513513876337013,down
GCUMF,0.4423077198616141,up
GCUMF,0.22935785836678346,up
GCUMF,0.023076970690102616,down
GCUMF,0.5789474509759633,up
GCUMF,0.37962961600259604,up
GCUMF,0.3818181276321433,up
GCUMF,0.31111106695952406,up
GCUMF,0.06194689740345938,down
GCUMF,1.4263566670513246,up
GCUMF,0.24475520832030795,none
VALE,0.25988237115524293,up
VALE,0.007057296070194452,down
VALE,0.05794378033326497,down
VALE,0.13756105195409973,up
VALE,0.24766354688863723,up
VALE,0.20695513425695222,up
VALE,0.1598898899676342,none
VALE,0.054872991358392076,none
VALE,0.06351174254345637,none
VALE,0.16022096647008044,up
VALE,0.03641210468231759,down
VALE,0.2950794154382108,up
LASE,0.26022097846461056,none
LASE,1.2242316066308825,up
LASE,2.9505493681351087,up
LASE,3.3076924840374167,up
LASE,0.45804203819882594,up
LASE,0.08561643611917269,down
LASE,1.444043331242939,up
LASE,0.23853209403797182,down
LASE,4.484764490979291,up
LASE,0.10671936125682957,down
LASE,0.07279695971538858,down
LASE,1.2447141969412496,up
BSY,0.03928721151471182,down
BSY,0.06907787088112438,down
BSY,0.12139429984918282,none
BSY,0.009781867513283471,none
BSY,0.03337861552165733,down
BSY,0.28658926159940057,up
BSY,0.089305179762738,none
BSY,0.04901581914864961,none
BSY,0.025661393391807064,none
BSY,0.042460043042058526,down
BSY,0.015933024865464995,down
BSY,0.016547616183434366,down
SIM,0.08128263721033835,none
SIM,0.11791103070831266,up
SIM,0.05882352941176472,none
SIM,0.16883114952927714,none
SIM,0.08571426006926197,up
SIM,0.12481859944549867,up
SIM,0.1891526044425318,none
SIM,0.1803500215860272,none
SIM,0.056499103612267065,down
SIM,0.02276964099129164,down
SIM,0.125,none
SIM,0.11294420436514163,down
LIDRW,0.0,down
LIDRW,0.9428572401708482,none
LIDRW,1.6666667701469517,up
LIDRW,15.266667213042588,up
LIDRW,1.2142856097495103,none
LIDRW,0.07692308794464564,down
LIDRW,0.1219511982374859,down
LIDRW,0.3720929849753849,down
LIDRW,0.5,none
LIDRW,0.01522845749681978,down
LIDRW,10.372548905027594,up
LIDRW,1.4999999223897862,none
CHNR,0.03448272554637244,down
CHNR,0.265625040745362,up
CHNR,0.5789473464064099,up
CHNR,0.4363636442452421,up
CHNR,0.0760869373671269,none
CHNR,0.37755099359724476,down
CHNR,0.04390251447869553,none
CHNR,0.3859649673173089,up
CHNR,0.10000000000000009,none
CHNR,0.09999995564305708,none
CHNR,1.0364741297721762,up
CHNR,1.0,up
ANNA,0.078870441074816,up
ANNA,0.9060692825089243,up
ANNA,0.03581799499436378,none
ANNA,0.03867922949595792,down
ANNA,1.5738395068095499,up
ANNA,0.021798343880919058,up
ANNA,0.01814519191445685,up
ANNA,1.8593748381827049,up
ANNA,0.07364343520891747,up
ANNA,0.10334081263251083,none
ANNA,0.11846153552715588,none
ANNA,0.4255707294280153,none
ANEB,0.26923079744598666,none
ANEB,0.42105267450750095,none
ANEB,0.5576924381876887,up
ANEB,0.15576323802433145,down
ANEB,0.003787875024959364,down
ANEB,2.0265487528545614,up
ANEB,0.36111114790410204,none
ANEB,0.23695655982300634,none
ANEB,0.20879118287927545,none
ANEB,0.1039755095267545,down
ANEB,0.28211383847315963,up
ANEB,0.25786160881404974,down
MKDW,0.11340203229301715,down
MKDW,0.015624959642690062,up
MKDW,0.15213352336832342,none
MKDW,0.1942857106526692,none
MKDW,0.8518518988127071,up
MKDW,2.2,down
MKDW,0.06936418681028012,down
MKDW,0.05751393325836829,none
MKDW,0.16756753087885645,down
MKDW,1.2108844302390458,up
MKDW,1.0539566963258613,up
MKDW,0.13809521574912864,none
VRCA,0.15214183348747778,none
VRCA,0.6804123108986067,up
VRCA,0.16198352151665807,none
VRCA,0.7672763333316535,up
VRCA,0.04116132182459675,none
VRCA,0.1509932928276494,down
VRCA,0.8984715807131236,up
VRCA,0.10000008141122407,none
VRCA,0.4324853059499276,up
VRCA,0.07701556646587471,down
VRCA,0.11913816659174259,none
VRCA,0.6536231662916101,up
FEED,0.7435897435897436,up
FEED,0.23106510619345988,none
FEED,1.5892857383607204,down
FEED,0.27105268033137486,down
FEED,0.501706469459692,down
FEED,1.58,up
FEED,1.4903475436991056,up
FEED,0.31797239265039035,none
FEED,0.1027190147474244,down
FEED,0.045169356717866815,down
FEED,0.2101911041876674,down
FEED,0.831325206566059,up
NROM,0.12499995343387194,down
NROM,0.333333300219643,none
NROM,0.6296295560436513,up
NROM,0.0,down
NROM,1.0,up
NROM,0.1071428609441738,down
NROM,0.14754093715305938,down
NROM,0.0,down
NROM,0.024390220854836775,none
NROM,0.15384616560249453,none
NROM,0.428571443776695,none
NROM,0.25714287173991335,none
MACIU,0.0,none
MACIU,0.0009979316118464698,none
MACIU,0.002993985189686077,up
MACIU,-0.000996038737035021,down
MACIU,0.0,none
MACIU,0.01198800028124336,up
MACIU,0.0,none
MACIU,0.0009970318193490701,down
MACIU,0.0019959584007662734,none
MACIU,0.0009979316118464698,none
MACIU,0.0009979316118464698,none
MACIU,0.013000011444091797,up
OCSL,0.050304793737034004,down
OCSL,0.03021312476437532,none
OCSL,0.11681335089092904,up
OCSL,0.15629979397738336,up
OCSL,0.025606492459665064,down
OCSL,0.015727520834268427,down
OCSL,0.003916470912283199,none
OCSL,0.06631898654530843,down
OCSL,0.01607010987689983,down
OCSL,0.05905512914674338,none
OCSL,0.01671456951288741,down
OCSL,0.056047018597940035,none
LANDP,0.025130664364884536,none
LANDP,0.04321499364680803,none
LANDP,0.06600409477756086,up
LANDP,0.06896531632267733,up
LANDP,0.13120859724200473,up
LANDP,0.0902743368315202,none
LANDP,0.05160959709342272,none
LANDP,0.05931983595159962,none
LANDP,0.06883681697506128,none
LANDP,0.04807907399812139,none
LANDP,0.033565195266590964,none
LANDP,0.04502281472964098,none
MRTN,0.053417812405463394,none
MRTN,0.08206117712670435,down
MRTN,0.04598583962375069,down
MRTN,0.1083667211511421,none
MRTN,0.06405456920174868,none
MRTN,0.20422726520997725,up
MRTN,0.34288498916901444,up
MRTN,0.24462873135965735,up
MRTN,0.11533712870328738,none
MRTN,0.11062258851882167,up
MRTN,0.04468414410561361,down
MRTN,0.012068838181719554,down
RILYZ,0.9022541462226012,up
RILYZ,0.06433710648903346,down
RILYZ,0.4482759884616383,up
RILYZ,0.0159490663706785,down
RILYZ,0.0412486903067657,none
RILYZ,0.19819201603633374,none
RILYZ,0.2110555568081791,up
RILYZ,0.030691956149432986,down
RILYZ,0.21941559360381113,down
RILYZ,0.04613739122090821,none
RILYZ,0.10421053687888837,none
RILYZ,0.08787151361158729,none
MRRDF,0.03484851050475424,down
MRRDF,0.41225339042422604,up
MRRDF,0.08536584568052041,down
MRRDF,0.8671699173317271,up
MRRDF,0.36640000343322754,none
MRRDF,0.6468530207882652,up
MRRDF,0.13853213442324175,down
MRRDF,0.11601765359890859,down
MRRDF,-0.00367489790057296,down
MRRDF,0.4486381324310844,up
MRRDF,0.16785710978568824,down
MRRDF,0.10309280504365881,none
REZI,0.21717176471239652,up
REZI,0.2337238380761686,up
REZI,0.14217726190042357,up
REZI,0.09266178169713957,none
REZI,0.20173473276193477,up
REZI,0.03043666421980129,down
REZI,0.10468757728743516,down
REZI,0.06329124537326258,down
REZI,0.18880672969733725,up
REZI,0.15881852971627408,none
REZI,0.0008699458909631197,down
REZI,0.09046852654754267,none
PEN,0.04241446979747643,down
PEN,0.06093854282503952,down
PEN,0.20517824227842896,up
PEN,0.015203114617028612,down
PEN,0.191437435570748,up
PEN,0.03246486846151586,down
PEN,0.29232928248243906,up
PEN,0.026599844730522015,down
PEN,0.2495168374686645,up
PEN,0.015748563061817045,down
PEN,0.17037090704570002,up
PEN,0.10160160429602727,down
SPHXF,0.8811883016918081,up
SPHXF,0.0,down
SPHXF,0.8811883016918081,up
SPHXF,1.407991907658976,up
SPHXF,0.19108268394869143,down
SPHXF,0.19745209041359923,down
SPHXF,0.19745209041359923,down
SPHXF,1.407991907658976,up
SPHXF,1.407991907658976,up
SPHXF,1.407991907658976,up
SPHXF,1.407991907658976,up
SPHXF,1.407991907658976,up
SPH,0.05401756437609451,none
SPH,0.013275230397673754,none
SPH,0.029709263749943204,none
SPH,0.003988741589408873,down
SPH,0.11382266406148256,none
SPH,0.04024392542767963,down
SPH,0.037356404922673336,none
SPH,0.0982195456615842,none
SPH,0.05159799562418388,none
SPH,0.0512162664450202,none
SPH,0.08254468377265489,none
SPH,0.0564385091785089,none
VLTO,0.02772081772551327,none
VLTO,0.0012504960056001213,none
VLTO,0.04248817073708233,none
VLTO,0.02389814837464277,none
VLTO,0.24255676713250796,up
VLTO,0.13679445187241557,up
VLTO,0.09063004153692722,up
VLTO,0.029172292128927024,none
VLTO,0.12441078282233975,up
VLTO,0.04683314414213968,none
VLTO,0.10569674826469355,up
VLTO,0.1935829521706265,up
CVE,0.05917511695836053,none
CVE,-0.01535508835294852,down
CVE,0.12271002919000362,none
CVE,0.14647658141943443,none
CVE,0.08040605406016277,none
CVE,0.12027693242015292,none
CVE,0.13038731530528613,down
CVE,0.07879095912709033,down
CVE,0.01552382943228392,down
CVE,0.022496614867761666,none
CVE,0.45022427945161203,up
CVE,0.0049825997906851605,down
BULLW,0.22831857346528706,none
BULLW,1.0357142515024362,up
BULLW,0.1558138534273612,down
BULLW,1.590909072436577,up
BULLW,8.285713905582623,up
BULLW,8.833333101537502,up
BULLW,8.076923556581775,down
BULLW,0.412803472174434,none
BULLW,0.25114155688597717,none
BULLW,1.2619046971415906,up
BULLW,0.818181855126846,up
BULLW,0.07692312100935417,down
YEXT,0.08077544351825394,none
YEXT,0.024328855704436547,down
YEXT,0.7672414511963621,up
YEXT,-0.01700676005899371,down
YEXT,0.13333337794967703,none
YEXT,0.14757276465457125,none
YEXT,0.6269842265290146,up
YEXT,0.2714007815491104,up
YEXT,0.19755606867076825,up
YEXT,0.07967673743825898,down
YEXT,0.003891046973934831,down
YEXT,0.07976975980268985,none
LVLU,0.0526315623716378,down
LVLU,0.1323529769255074,none
LVLU,0.035519069108276735,down
LVLU,0.29220778738231923,none
LVLU,0.0682635147266355,down
LVLU,0.18421056594214735,down
LVLU,5.275533911778461,up
LVLU,0.1611374547532003,none
LVLU,0.4437366991795135,up
LVLU,0.11428571428571432,down
LVLU,0.26618700889775826,none
LVLU,0.3719806608972389,down
PCYO,0.0832535790850184,none
PCYO,0.02147766259675521,down
PCYO,0.21018513555552976,up
PCYO,0.013648823960742185,down
PCYO,0.05412371957551665,down
PCYO,0.04415006622562556,none
PCYO,0.2375415859572667,up
PCYO,0.019175436568864557,none
PCYO,0.07948485665157334,none
PCYO,0.22316376753278977,up
PCYO,0.03788473080867827,none
PCYO,0.016129039554954483,down
UFCS,0.00137452225484469,down
UFCS,0.07089399693495868,none
UFCS,0.06712392124346822,none
UFCS,0.5990725958037288,up
UFCS,0.008542188652137739,none
UFCS,0.10272451015305317,none
UFCS,0.25430944633837704,up
UFCS,0.0689771496869851,none
UFCS,0.08108993754125882,none
UFCS,0.05821130101338379,down
UFCS,0.01561441379926487,down
UFCS,0.0033726833446421356,down
SOPAQ,2.1188812599572064,up
SOPAQ,0.6526316360093258,up
SOPAQ,1.0121443308099587,up
SOPAQ,0.20754719923523712,down
SOPAQ,0.1479592648716943,down
SOPAQ,0.89844981057347,up
SOPAQ,1.1422233733311797,up
SOPAQ,0.2283678972495211,none
SOPAQ,1.2195123327929696,up
SOPAQ,0.012345669322008979,down
SOPAQ,1.2048272219585225,up
SOPAQ,0.46082340863484905,up
SCHW-PD,0.024096411778788296,down
SCHW-PD,0.023377599314753805,none
SCHW-PD,0.015922508176718697,none
SCHW-PD,0.008630828803591895,none
SCHW-PD,0.016463682500281518,none
SCHW-PD,0.017453884683361176,none
SCHW-PD,0.09149842521383489,up
SCHW-PD,0.006630554043135506,down
SCHW-PD,0.011553634565504733,none
SCHW-PD,0.03403248018834004,none
SCHW-PD,0.019056225702648755,none
SCHW-PD,0.013157833862505797,none
DPRO,0.0,down
DPRO,0.18446597896564865,down
DPRO,2.018867856626962,up
DPRO,0.6294643134638975,up
DPRO,0.0,down
DPRO,0.19791666666666674,down
DPRO,0.06697250506199826,none
DPRO,0.16727274114435375,none
DPRO,0.07361963190184051,down
DPRO,0.016949152542372836,down
DPRO,0.36185818187244734,none
DPRO,0.11827956989247301,down
CHPT,0.25440801712904726,none
CHPT,0.04368930106136548,down
CHPT,0.2390996313555065,none
CHPT,0.3019607643675959,none
CHPT,0.0,down
CHPT,0.11979162217014538,down
CHPT,0.03012048123553912,down
CHPT,0.06818177725809571,down
CHPT,0.22491356377669036,down
CHPT,0.24096384988431252,down
CHPT,0.1800947473156329,down
CHPT,0.30622009569377995,none
DX,0.020280963127158547,none
DX,0.0561699864843026,none
DX,0.04891730445031439,none
DX,0.14649761350893487,up
DX,0.024663275584193567,down
DX,0.030722465880201,none
DX,0.05815274725570996,down
DX,0.018048636864232526,down
DX,0.008982018200215602,down
DX,0.14866942513319858,down
DX,0.06479941747963736,none
DX,0.09969990807345508,none
ISPR,0.1324042263391565,none
ISPR,1.0476191510442439,down
ISPR,1.0476191510442439,down
ISPR,0.008130034654042939,down
ISPR,1.5037975250461733,up
ISPR,0.40233721861432237,up
ISPR,0.5370121588343968,up
ISPR,0.19329065767876896,none
ISPR,0.26825126647223474,up
ISPR,0.25316462954579744,down
ISPR,0.28428090365266034,none
ISPR,0.0438311668205551,down
SFTBF,0.07519178413595418,down
SFTBF,0.06890797072377919,down
SFTBF,0.1708076113699477,none
SFTBF,0.12238813538477045,down
SFTBF,0.10053104190302786,none
SFTBF,0.002469590952728362,down
SFTBF,0.12789310110034924,none
SFTBF,0.13068965670465937,none
SFTBF,0.07222057768881118,none
SFTBF,0.17839459214369668,up
SFTBF,0.08673594358159975,down
SFTBF,0.08597283199216643,none
FWONK,0.05345711713478729,none
FWONK,0.06754593936315256,none
FWONK,0.0931927025345316,none
FWONK,0.14974211441705898,up
FWONK,0.23167703758855773,up
FWONK,0.1216704819213128,up
FWONK,0.18160963961635845,none
FWONK,0.01776580064407507,down
FWONK,0.011197523249206975,down
FWONK,0.009223013385128542,down
FWONK,0.03579525808432904,none
FWONK,0.11399976018734792,up
CBZ,0.13260690199654745,none
CBZ,0.1967001572652458,up
CBZ,0.03515703427164674,none
CBZ,0.05007388191573292,none
CBZ,0.15448226577966295,down
CBZ,0.03660062940115094,down
CBZ,0.06163961604408286,none
CBZ,0.11442271218935729,none
CBZ,0.06764049464110133,down
CBZ,0.1814396931176936,up
CBZ,0.0620920743993274,none
CBZ,0.08919341523404412,down
QDMI,0.3833333759266302,up
QDMI,0.2388060901192972,both
QDMI,1.0977777219286153,up
QDMI,0.4733728682739735,up
QDMI,0.2791327666078438,none
QDMI,0.2450000538545496,down
QDMI,0.2756756107669798,none
QDMI,0.474999919358424,none
QDMI,0.7600000718060662,up
QDMI,0.0,down
QDMI,0.2450000538545496,down
QDMI,1.0977777219286153,up
AD,1.3566727270309564,up
AD,0.15034371699229676,up
AD,0.26830855579199087,up
AD,0.15576973225290902,up
AD,0.10843932939361611,none
AD,0.05855107934631154,none
AD,0.010804480083726142,down
AD,0.07405701037338508,down
AD,1.5375543880809759,up
AD,0.05672489167165695,down
AD,0.25428156133395485,up
AD,0.23223914424064707,up
EVRG,0.07836993754100541,up
EVRG,0.16103285769492626,up
EVRG,0.06487603484606663,none
EVRG,0.018114977464021464,none
EVRG,0.07804323207922947,none
EVRG,0.010898335417107274,down
EVRG,0.09681125526549961,up
EVRG,0.09867401231088047,up
EVRG,0.13444958901451254,none
EVRG,0.06825951447318235,none
EVRG,0.056170472164117635,none
EVRG,0.1572968678009823,up
ASX,0.02676712913621704,down
ASX,0.14302015612470664,up
ASX,0.08160446720498982,none
ASX,0.0998541668708397,none
ASX,0.1425576136537865,none
ASX,0.016904983066854173,down
ASX,0.23410694227505857,up
ASX,0.0548339998082541,down
ASX,0.044117749366711534,none
ASX,0.0669344740235902,none
ASX,0.1871009041230136,up
ASX,-0.00968297440986321,down
EBC,0.2224458164063483,up
EBC,0.14829239788814874,up
EBC,0.03928195182880301,down
EBC,0.05660385656376721,none
EBC,0.13335319336700047,up
EBC,0.14307929980110923,none
EBC,0.1140016815068623,none
EBC,0.28696031678692524,up
EBC,0.08748815188747572,none
EBC,0.11537853371857199,up
EBC,-0.000762694358773075,down
EBC,0.1654520428944095,down
CDSG,0.39714287265222903,none
CDSG,-0.01146129908884097,down
CDSG,0.14285711244661004,down
CDSG,0.1839473902723059,down
CDSG,0.6521739042408077,none
CDSG,0.9423077198616141,up
CDSG,0.4117647542208942,none
CDSG,4.281818212605705,down
CDSG,0.05517245011579219,down
CDSG,0.6000000496705384,down
CDSG,0.03541664500048203,down
CDSG,0.3181818085607171,none
HLLY,0.18819187575066665,down
HLLY,0.32165603717203695,up
HLLY,0.08641971155641337,down
HLLY,0.8542713766516328,up
HLLY,0.18325790244300277,none
HLLY,0.03934430355860452,down
HLLY,0.37542666142959513,up
HLLY,0.01764704149899643,down
HLLY,0.008571420397077256,down
HLLY,-0.0030864168005625414,down
HLLY,0.2005419402826727,none
HLLY,0.21068251105568914,up
ALVO,0.09424914603495438,none
ALVO,0.3761467683502622,up
ALVO,0.16403784492473794,down
ALVO,0.08130081174740655,down
ALVO,0.14836541985011076,up
ALVO,0.09592060802995905,down
ALVO,0.2625570925388485,up
ALVO,0.037545089513865815,down
ALVO,0.034965034498667835,down
ALVO,0.22417355453322374,up
ALVO,0.08752726553724788,none
ALVO,0.07336688541751424,down
AIFA,0.09604524187901853,none
AIFA,0.05095536500517439,down
AIFA,0.2844826912908296,none
AIFA,0.1655012190470333,none
AIFA,0.17322830900900588,none
AIFA,0.006756696528056327,down
AIFA,0.06363637611557316,down
AIFA,0.058823552327814665,down
AIFA,0.031249919285380123,down
AIFA,0.3142856321096985,up
AIFA,1.2428572628773855,up
AIFA,2.907216340274919,up
SRFM,0.25000001568543295,down
SRFM,0.05593218890879115,down
SRFM,2.23497264342294,up
SRFM,0.6509434853469283,up
SRFM,0.2195122437498609,down
SRFM,0.46443508216512397,up
SRFM,0.14035083316369823,down
SRFM,0.10321491527305415,none
SRFM,1.2734694135730233,up
SRFM,0.6908213105673913,up
SRFM,0.25233650214659487,down
SRFM,0.2733643789959481,none
TUSK,0.1517510175232093,none
TUSK,0.09131410805109308,down
TUSK,0.030303105365945715,down
TUSK,0.0627614436673285,down
TUSK,0.3315363898723387,down
TUSK,0.13157901628382573,none
TUSK,0.3019802669674361,up
TUSK,0.052777795070483746,down
TUSK,0.08571429532551589,down
TUSK,1.4178081908428544,up
TUSK,0.4147207616226938,up
TUSK,0.025327549652491843,down
PUKPF,0.1653175180145674,up
PUKPF,0.0,down
PUKPF,0.06517303139909303,none
PUKPF,0.038028946939421715,down
PUKPF,0.0645755785944706,down
PUKPF,0.06775689975552868,none
PUKPF,0.29277419193704746,up
PUKPF,0.4905322727902883,up
PUKPF,0.10253593049400322,up
PUKPF,0.10243759712245049,down
PUKPF,-0.01591507532922476,down
PUKPF,0.09702118437157892,none
GMBL,-0.020000000000000018,down
GMBL,0.36296291145277815,down
GMBL,-0.039630118890356725,down
GMBL,0.08139534883720922,none
GMBL,0.5540540622175827,none
GMBL,0.25,down
GMBL,0.4571428547100145,up
GMBL,0.0490654205607477,down
GMBL,0.4548387146393045,none
GMBL,0.15241635687732336,down
GMBL,0.2709359302167591,down
GMBL,0.19677415819495603,down
KYTX,0.048598102320020375,down
KYTX,0.26149420759324804,down
KYTX,0.395348841507456,up
KYTX,0.6241134865699742,up
KYTX,1.5596026714880904,up
KYTX,0.4999999006589293,up
KYTX,1.0449735654975263,up
KYTX,0.6345061217553019,up
KYTX,0.10100374523589117,down
KYTX,0.10077528549239534,none
KYTX,0.40783325831095385,up
KYTX,0.1687243487444401,none
MGNX,0.15714285019187835,down
MGNX,0.012468828404636367,down
MGNX,0.2928993306504426,up
MGNX,0.21290326004345994,none
MGNX,0.15835775608829095,down
MGNX,0.5269461184704805,up
MGNX,0.12149528406570664,down
MGNX,0.05781061013688915,down
MGNX,0.1308576027697872,down
MGNX,0.2291666376921877,down
MGNX,-0.1419354715654927,down
MGNX,0.09090910303463828,down
NCLTF,-0.006282188068815642,down
NCLTF,0.2595201364204065,none
NCLTF,0.1825914230770227,up
NCLTF,-0.004717673561944413,down
NCLTF,0.24324317692354192,none
NCLTF,0.03317336203513643,down
NCLTF,0.20508854186484426,none
NCLTF,0.06219382266141449,none
NCLTF,0.09946282830106346,down
NCLTF,0.2585361919031248,none
NCLTF,0.06630830145366073,none
NCLTF,0.018632872272222212,down
GNTX,0.02898021156351005,down
GNTX,0.07126565319369593,none
GNTX,0.08057497195264007,up
GNTX,0.0709239679154865,none
GNTX,0.07042238195400796,none
GNTX,0.1795381429325642,up
GNTX,0.012938096406349464,down
GNTX,0.0265370780102403,none
GNTX,0.020935558105331653,down
GNTX,0.3009624222508074,up
GNTX,0.07011647377576269,none
GNTX,0.0718716000371955,none
GGT-PE,0.017946751536408678,down
GGT-PE,0.01741525311795833,down
GGT-PE,0.027033103151032023,down
GGT-PE,0.017524004580050878,down
GGT-PE,0.006881799363311458,down
GGT-PE,-0.0026954803835023133,down
GGT-PE,0.004593481024118384,down
GGT-PE,0.08207629879809963,up
GGT-PE,0.04541594555630257,up
GGT-PE,0.041825696325005435,up
GGT-PE,0.09026725324398832,down
GGT-PE,0.03075633753053686,up
NTRBW,1.849056675918757,up
NTRBW,0.129032292797713,down
NTRBW,0.8384616865914303,up
NTRBW,0.341441390646152,down
NTRBW,0.2193877848919501,down
NTRBW,2.3468633089119986,up
NTRBW,1.7454544686088895,down
NTRBW,0.1542635711925291,down
NTRBW,0.7999999523162842,both
NTRBW,0.5300000508626301,down
NTRBW,2.4059406828733074,down
NTRBW,0.20120122872203638,up
FRFHF,0.15178839149715784,up
FRFHF,0.1435166798389922,up
FRFHF,0.06930988117653358,none
FRFHF,0.06503012850666101,none
FRFHF,0.22047322513067447,none
FRFHF,0.014502638928841183,down
FRFHF,0.05041899043592535,down
FRFHF,0.1414998188895542,up
FRFHF,0.026824740181306428,none
FRFHF,0.1940298695533098,up
FRFHF,0.040380414801369335,none
FRFHF,0.019751733310675146,none
HRL,0.10946784490234718,none
HRL,0.07085639878253591,none
HRL,0.07608773901450716,none
HRL,0.03083232739586017,down
HRL,0.03302193892801819,down
HRL,0.1494251020687185,down
HRL,0.09395071245640452,none
HRL,0.035320862587663315,down
HRL,0.13605749103879972,up
HRL,0.027907524987067056,none
HRL,0.06971328367322971,none
HRL,0.048692455057393724,none
CNLHO,0.23687100089326796,up
OSTX,0.42777777851363763,up
OSTX,0.5282051006169173,none
OSTX,0.48554907798161717,up
OSTX,0.48554907798161717,up
OSTX,0.010050241623450695,none
OSTX,0.5204081434053665,none
OSTX,0.04232806535494826,down
OSTX,0.4312499548308557,none
OSTX,1.3068707667758748,down
OSTX,0.04081628681073313,none
OSTX,0.4705881645817398,down
OSTX,0.3020832815931924,down
BBSI,0.15170819095586774,up
BBSI,0.060070501710927315,down
BBSI,0.04942774725510879,down
BBSI,0.013373506813844527,down
BBSI,0.02637512222233407,down
BBSI,0.027301429451149106,down
BBSI,0.3089219572738282,up
BBSI,0.07727056381421904,none
BBSI,0.09410824419401886,up
BBSI,0.07370770832446727,down
BBSI,0.044977679452236075,none
BBSI,0.0627981769045185,down
ENLV,0.720472589947261,up
ENLV,0.18243239179620163,down
ENLV,0.5089820514300394,none
ENLV,0.19908644749977356,none
ENLV,0.027999979654947937,down
ENLV,1.0842105798554003,down
ENLV,0.18554221769892076,none
ENLV,0.22058823941900663,none
ENLV,0.07888628544083787,none
ENLV,-0.02013426198026136,none
ENLV,0.02089270728406012,down
ENLV,0.7075471867866561,down
ONCY,0.017857125751218117,none
ONCY,0.026666641235351562,none
ONCY,0.05504581737815473,down
ONCY,0.10606059100892873,none
ONCY,0.0,down
ONCY,0.10483870502565207,down
ONCY,0.20560738188448924,up
ONCY,0.5773195116106158,up
ONCY,0.08387096724574694,down
ONCY,0.262135911093478,none
ONCY,0.11224491037164586,down
ONCY,0.2285714480341705,none
EQTRF,0.30061346159911406,none
EQTRF,0.5390389713455825,up
EQTRF,0.15693898844309628,none
EQTRF,0.4081975318254718,up
EQTRF,2.9375002116642226,up
EQTRF,0.29651161229259126,none
EQTRF,0.7951174086173689,up
EQTRF,0.3921098411234656,up
EQTRF,0.11499999348074175,none
EQTRF,0.26999335772256927,none
EQTRF,0.0,down
EQTRF,0.09907119171919887,none
COOK,0.07414540202214726,down
COOK,0.6485507246376812,up
COOK,0.08529411764705874,none
COOK,0.08352941176470585,down
COOK,0.2627118644067796,none
COOK,0.01680672268907557,down
COOK,0.39298245614035077,up
COOK,0.22267206477732793,none
COOK,0.023391812865497075,down
COOK,0.0326923076923078,down
COOK,0.10294117647058831,down
COOK,0.05513784461152893,none
EZBC,0.33573634383536666,up
EZBC,0.0636712640409498,down
EZBC,0.10264139215013612,none
EZBC,0.06817412711723159,none
EZBC,0.04367524164703673,down
EZBC,0.01804558270862855,down
EZBC,-0.007170263374324026,down
EZBC,0.19106578377412764,up
EZBC,0.6049931160849968,up
EZBC,0.030521558072215793,down
EZBC,0.05248803681559888,down
EZBC,0.08430737002600996,down
DLPN,0.027522908689077363,none
DLPN,0.22883295793772396,none
DLPN,0.2376237740622773,down
DLPN,0.13333335259948131,none
DLPN,0.6206896976965373,up
DLPN,0.1119999885559082,down
DLPN,0.0943396502264302,none
DLPN,0.11538462420187079,down
DLPN,0.1034482560174792,none
DLPN,0.29655167821188044,up
DLPN,0.08653849680748338,none
DLPN,0.17241383917124886,none
HVGDF,0.07991367410612615,down
HVGDF,0.16279067551206494,down
HVGDF,0.1532125381857603,up
HVGDF,0.0,down
HVGDF,0.5369836885242087,down
HVGDF,0.333333300219643,none
HVGDF,0.494176367142791,none
HVGDF,0.4864864592747242,none
HVGDF,0.0,down
HVGDF,1.0,none
HVGDF,0.41666671323279636,up
HVGDF,2.8834951011527843,up
BARK,0.673306776945019,up
BARK,0.12254902189944805,down
BARK,0.5369127654238903,up
BARK,0.2839195842631659,none
BARK,0.4025974621115713,up
BARK,0.04230770697960495,down
BARK,0.06005220059730387,none
BARK,0.04716980962322137,down
BARK,0.12307695242074823,down
BARK,0.4487179377453647,up
BARK,0.05343509838788285,down
BARK,0.04733734689153524,down
XCUR,0.0640394676486411,down
XCUR,0.11064425442935977,down
XCUR,0.03053435114503822,down
XCUR,0.4576271597389099,none
XCUR,0.7692307504206253,up
XCUR,0.660194181049788,down
XCUR,0.2008734157900267,down
XCUR,0.309523835954693,down
XCUR,0.38418078791638943,none
XCUR,0.1685393559422521,none
XCUR,0.27826085297957714,down
XCUR,0.30188676359476174,down
FETH,0.1138706789034909,none
FETH,-0.01203905182433651,down
FETH,0.239228766795329,up
FETH,0.007096686187442858,down
FETH,0.18170523133157013,up
FETH,0.5853524866427828,up
FETH,0.06305902544382525,none
FETH,0.225870210814078,none
FETH,0.3740563758299751,up
FETH,0.2547803725056734,up
FETH,0.1396888893939796,none
FETH,0.03731178302755267,down
HTB,0.23113977788154205,up
HTB,0.010244586684296175,down
HTB,0.06019342969868413,down
HTB,0.1651873166532447,none
HTB,0.1837038036594063,up
HTB,0.2611280305310437,up
HTB,0.08271475854774657,up
HTB,0.19009213196381314,up
HTB,0.16023979079953699,up
HTB,0.18418041262977658,up
HTB,0.2978244114452486,up
HTB,0.026528576337370158,down
NGLD,0.0044052821794189345,down
NGLD,0.19877300730153236,down
NGLD,0.06725146606508958,none
NGLD,0.021568654033598422,down
NGLD,0.2615384968074834,none
NGLD,0.034798523202144827,down
NGLD,0.7773278605813108,up
NGLD,0.1538461961689801,none
NGLD,0.0700000524520874,down
NGLD,0.688461549042245,both
NGLD,0.1655405214923069,none
NGLD,0.0895522401337634,down
MRZLF,0.025974079255291826,down
MRZLF,0.38461549042245013,up
MRZLF,0.0,down
MRZLF,0.37037033357738114,up
MRZLF,0.01960782480441492,down
MRZLF,0.09090909090909083,up
MRZLF,0.0,down
MRZLF,0.2592592224662702,down
MRZLF,0.19999999999999996,up
MRZLF,0.09090909090909083,none
MRZLF,-0.026315764707210976,down
MRZLF,-0.03636370926848953,down
FLNT,0.5326632852762152,up
FLNT,0.2756756180883315,down
FLNT,0.17687073836934997,none
FLNT,0.3800904523393718,up
FLNT,0.24610590419465184,none
FLNT,0.201492524035499,none
FLNT,0.013157882353605599,down
FLNT,0.27947603299796486,none
FLNT,0.6602564161345805,up
FLNT,0.07407400139656373,down
FLNT,0.311111073827548,down
FLNT,0.04452050432386789,down
STHO,0.09685043420341732,none
STHO,0.10382123618882577,down
STHO,0.09685043420341732,none
STHO,0.21133225011707335,none
STHO,0.05960262223799195,down
STHO,0.03239656114433176,down
STHO,0.3718638556403684,up
STHO,0.07315171614615834,down
STHO,0.039933404655263516,down
STHO,0.33478640481170663,up
STHO,0.22764231424446968,up
STHO,0.039260988288526866,down
ATI,0.11952619708374201,none
ATI,0.09543457542504075,none
ATI,0.2878527495027319,up
ATI,0.015972548107780815,down
ATI,0.029299365843018066,down
ATI,0.15567763712343186,down
ATI,0.08916181275450419,none
ATI,0.011517821551498386,down
ATI,0.0066485711601278474,down
ATI,0.6263665984130247,up
ATI,0.3856073254879211,up
ATI,0.17971848920258693,up
DLTH,0.0654892847428672,none
DLTH,0.02686571795522541,down
DLTH,0.0451388440474334,down
DLTH,0.15105007013511895,down
DLTH,-0.01691089294989534,down
DLTH,0.14734298812114943,down
DLTH,0.11159731573035647,none
DLTH,0.08539943058026211,down
DLTH,0.23756910516630692,none
DLTH,0.05345914477124358,down
DLTH,1.0528633861530268,up
DLTH,0.03559874969898691,none
INSE,0.13127571891294076,none
INSE,0.024340845146982426,down
INSE,0.042986437543179656,down
INSE,0.3208333126372769,up
INSE,0.2423409386552906,up
INSE,0.1875,up
INSE,0.1915662790421111,down
INSE,0.15801361472395703,none
INSE,0.0033829628983905735,down
INSE,0.16953953069992367,none
INSE,0.018268430456615414,down
INSE,0.21065685591410466,none
HAS,0.08542625230620571,none
HAS,0.05674143978699786,none
HAS,0.13954501461454205,none
HAS,0.1383046689811278,up
HAS,0.09872955136933537,down
HAS,0.079817748522657,none
HAS,0.1752832842841643,up
HAS,0.15852241194402072,up
HAS,0.31911239629064636,up
HAS,0.10440861525506051,none
HAS,0.10283894984104824,up
HAS,0.015400822944837689,down
GLU-PB,0.012997400331192344,up
GLU-PB,0.012555364218358234,none
GLU-PB,0.0007170812587133923,down
GLU-PB,0.009514645287660217,none
GLU-PB,0.00039581770380725523,down
GLU-PB,0.010121583953058844,up
GLU-PB,0.027640032614506094,up
GLU-PB,0.02150674703803057,none
GLU-PB,0.017032883457281933,up
GLU-PB,0.02163075745020082,up
GLU-PB,0.0014196015577665477,none
GLU-PB,0.014360628919993124,up
TSBK,0.10985310137097315,none
TSBK,0.015452600360019941,down
TSBK,0.020629906900196282,none
TSBK,0.027035832427452444,none
TSBK,0.23113559465184275,up
TSBK,0.061010584709795035,none
TSBK,0.026695784167083625,down
TSBK,0.1404611653796033,up
TSBK,0.29240689474004,up
TSBK,0.08558362743026016,none
TSBK,0.06833512677868248,none
TSBK,0.05051146658713512,none
SSD,0.10188129170986993,none
SSD,0.12118214335681832,none
SSD,0.02483286741840307,down
SSD,0.028023772549979897,down
SSD,0.1955121660616128,up
SSD,0.01281755499934012,none
SSD,0.09632520984927817,none
SSD,0.10364380676723917,none
SSD,0.008297904084785035,down
SSD,0.1867495224305502,up
SSD,0.033397566008999124,down
SSD,0.016643052603729336,down
SIG,0.08313181372397271,down
SIG,0.14445964949892787,none
SIG,0.2634046250440705,up
SIG,0.024589451473445934,down
SIG,0.08202931118184797,none
SIG,0.16970241387879215,up
SIG,0.10408380375142223,none
SIG,0.018715608618294466,down
SIG,0.0999128316197222,none
SIG,-0.005761974212868171,down
SIG,0.1818403284738257,up
SIG,0.055382993881395226,down
VRT,0.5082282586642424,up
VRT,0.37100529514164626,up
VRT,0.49323073144856866,up
VRT,0.2808024589463207,up
VRT,0.008009845672736438,down
VRT,0.07932630643170668,down
VRT,0.18200576328658524,down
VRT,0.1930914230280052,up
VRT,0.21488862990009494,up
VRT,0.09898719144643131,down
VRT,0.2449310965812106,up
VRT,0.36557973639320673,up
BIIB,0.039565330258349185,none
BIIB,0.017248928736889102,none
BIIB,0.016000562485801728,none
BIIB,0.0323384143346912,down
BIIB,0.08344060255412589,none
BIIB,0.0881715127048035,none
BIIB,0.07445162375594228,down
BIIB,0.11411344920489808,up
BIIB,0.08737580620381813,none
BIIB,0.04469675953592045,down
BIIB,0.021055176428473432,down
BIIB,0.16596404798279418,up
BBVXF,0.05333004807393715,down
BBVXF,0.12765966109498095,none
BBVXF,0.15056697913498396,up
BBVXF,0.18532818165335052,up
BBVXF,0.28321441104388256,up
BBVXF,-0.01958044227621747,down
BBVXF,0.06578949921258004,none
BBVXF,0.11644416558132864,down
BBVXF,0.28563772543857535,up
BBVXF,0.02792687260649207,down
BBVXF,0.358139436572662,up
BBVXF,0.1404493706987262,up
FBIN,0.016762598106509374,down
FBIN,0.11831392724312662,up
FBIN,0.0787301520319712,down
FBIN,0.02720542406565407,down
FBIN,0.031253470197518896,down
FBIN,0.10121999157995143,none
FBIN,0.011544355227802727,down
FBIN,0.2796106817661952,up
FBIN,0.020381229040189908,down
FBIN,0.08119152762882487,none
FBIN,0.14378365628871248,none
FBIN,0.0256338892639858,down
TKOMY,0.01886290736868168,down
TKOMY,0.025992419107579545,down
TKOMY,0.04569545980394052,down
TKOMY,0.09475964005128779,none
TKOMY,0.1168296125905881,up
TKOMY,-0.013561139096076591,down
TKOMY,0.0947193948226166,none
TKOMY,0.1428924269537355,up
TKOMY,0.24020443101710987,up
TKOMY,0.2581762806662984,up
TKOMY,0.08467752553262842,none
TKOMY,0.03210827681596218,none
TNK,0.32753845043123553,up
TNK,0.1194165659113664,down
TNK,0.11832633964713168,none
TNK,0.023840797899889132,down
TNK,0.0958903124578887,down
TNK,0.34395161009688846,up
TNK,0.0180232407159151,down
TNK,0.3051803975869678,up
TNK,0.2964064944080702,up
TNK,0.6121435737506025,up
TNK,0.02447966989319217,down
TNK,0.395883258376891,up
TRUFF,0.12903228132335287,none
TRUFF,0.0714285144088238,down
TRUFF,0.929824549937549,up
TRUFF,0.23076926383393692,down
TRUFF,0.12121214173713679,none
TRUFF,0.08187133483727593,none
TRUFF,0.14285711244661004,none
TRUFF,0.11111108351636934,none
TRUFF,0.40909089369714735,none
TRUFF,0.28888880058571487,none
TRUFF,0.15384617588929128,none
TRUFF,0.04761905606641803,none
BOC,0.04229853934081684,none
BOC,0.08251046667554629,down
BOC,0.07089558134208751,none
BOC,0.030976689683906322,down
BOC,0.15232775025994294,down
BOC,0.0372225836900395,none
BOC,0.17423011279942213,none
BOC,0.05679867708133757,down
BOC,0.21867109778979366,up
BOC,0.2564102605902885,up
BOC,0.07203183424694348,none
BOC,0.16603772145397255,up
MGA,0.015599193549321155,down
MGA,0.11071704948325745,down
MGA,0.15837483388727835,up
MGA,0.06929240110303825,down
MGA,0.1554392832636895,up
MGA,0.09500565591175847,none
MGA,0.18745669229620665,up
MGA,0.10902725816157832,none
MGA,0.10198997758112882,none
MGA,0.09759157557835585,none
MGA,0.018531213664013446,down
MGA,0.2067937357566727,up
CPRT,0.21106313364178053,up
CPRT,0.16147630982821326,up
CPRT,0.13605080878046816,up
CPRT,0.08012412506725508,none
CPRT,0.019681139201289444,down
CPRT,0.004642827170235675,down
CPRT,0.06408569641203377,down
CPRT,0.03784602128647685,none
CPRT,0.08486689976595652,up
CPRT,0.04153422513206628,down
CPRT,0.10856663349862083,up
CPRT,0.021707912594844725,down
AMLM,0.06947606721713284,down
AMLM,2.0624997744453246,up
AMLM,0.09218742633093258,none
AMLM,0.03810259321916054,down
AMLM,0.13517919647429788,none
AMLM,-0.0175438298376277,down
AMLM,0.9898990070031695,none
AMLM,1.1075267766249497,up
AMLM,0.9677790258013861,up
AMLM,0.26975473040808606,down
AMLM,0.16438359747065556,none
AMLM,0.018998234302463057,down
TPST,0.5145754133691725,up
TPST,0.6414834429764018,up
TPST,0.7751479844741642,up
TPST,0.3270440350232393,down
TPST,0.4774774250820437,none
TPST,0.0108225202741139,down
TPST,0.07441859989013122,down
TPST,0.24852076297073067,down
TPST,0.051813420789586395,down
TPST,0.08323282453475178,down
TPST,0.4344023069208396,none
TPST,0.03313253730841992,down
GLOP-PB,0.048099990075955334,up
GLOP-PB,0.04791197995238994,up
GLOP-PB,0.02404897440121001,none
GLOP-PB,0.034240379141228905,none
GLOP-PB,0.03757526174100789,up
GLOP-PB,0.039638524576785183,up
GLOP-PB,0.019246025749112494,none
GLOP-PB,0.025801566256331343,none
GLOP-PB,0.014559969640540071,none
GLOP-PB,0.01996462368051244,down
GLOP-PB,0.04253550507405546,none
GLOP-PB,0.08435093258253423,up
RNTX,0.17437723114401726,down
RNTX,0.4117647223819081,none
RNTX,0.13744086004252432,down
RNTX,0.06361316980528842,none
RNTX,0.30921054901838985,down
RNTX,0.48953965963205537,none
RNTX,0.18181812708480782,down
RNTX,0.37741939106047195,up
RNTX,0.1379309806188722,down
RNTX,0.37142862592424675,none
RNTX,0.11970445021790632,none
RNTX,0.09090911061310525,down
BTE,0.3382624807983119,up
BTE,0.05223876858308185,down
BTE,0.12396701195483772,none
BTE,0.052461994739964934,down
BTE,0.24761910887998773,up
BTE,0.20627114716319972,up
BTE,0.07390292201734017,none
BTE,0.12312722689674671,none
BTE,0.31159410470502436,down
BTE,0.1115372902552032,none
BTE,0.09872596914295095,none
BTE,0.10261563540268304,none
UGP,0.3969071949563412,up
UGP,0.01874998183921006,none
UGP,0.1221373556169163,none
UGP,0.15609731936827487,none
UGP,0.1482821452133658,up
UGP,0.16438350384108813,up
UGP,0.12996214572388776,none
UGP,0.01644727159414061,down
UGP,0.14208632546417732,up
UGP,0.3678757011756364,up
UGP,0.15233411779095762,up
UGP,0.1336033077767167,none
DMC,0.007076665036984675,none
DMC,0.01862207095973556,down
DMC,0.10186923806836745,up
DMC,0.04868985517289559,none
DMC,0.04930954489928974,none
DMC,0.144210676096431,up
DMC,0.22883387835547175,up
DMC,0.14248799886237706,up
DMC,0.14929353137502632,up
DMC,0.07532944751597781,none
DMC,0.013458962306756472,down
DMC,-0.005621309548589082,down
PBF,0.05972892330181412,down
PBF,0.03636967431145055,down
PBF,0.16487607115028502,none
PBF,0.5304301276141761,up
PBF,0.11544345679896262,none
PBF,0.28930932603101844,down
PBF,0.27412946770225344,up
PBF,0.04279418187219641,down
PBF,0.5032366613957293,up
PBF,0.3697118265894921,up
PBF,0.3386873743616583,up
PBF,-0.007083495823441255,down
VPLM,1.7460734756004204,up
VPLM,0.5977444067075954,up
VPLM,3.0424027542926897,up
VPLM,0.987368520531301,up
VPLM,0.6455697336653086,up
VPLM,0.03225813041616665,down
VPLM,0.683098607253009,up
VPLM,0.0666667411724744,down
VPLM,0.9702382556061464,down
VPLM,0.30000005587935563,down
VPLM,0.5625000045474737,up
VPLM,0.13599999046325695,down
ALM,0.008823513370529668,down
ALM,0.05863190018139841,down
ALM,0.04729726948082913,none
ALM,0.055803546878401944,none
ALM,0.400000026490954,up
ALM,0.06194698667739429,down
ALM,0.04166666360058402,down
ALM,0.057851207100801494,down
ALM,0.33064510701970695,down
ALM,0.3212435759437986,up
ALM,0.126760557074163,down
ALM,0.36093424540207586,up
BMTM,1.0600000856816787,down
BMTM,0.818181855126846,up
BMTM,1.2888890314617334,up
BMTM,0.6690509708529171,down
BMTM,0.818181855126846,up
BMTM,1.0011435299650517,up
BMTM,1.3529411867828105,up
BMTM,0.8230088262179329,down
BMTM,0.818181855126846,up
BMTM,1.0,up
BMTM,0.818181855126846,up
BMTM,1.1538461961689799,up
COO,0.07688328178913095,none
COO,0.09928788594378446,none
COO,0.05432030316590897,none
COO,0.05398996282602675,none
COO,0.12490177507781364,up
COO,0.04542252620849685,down
COO,0.12096083369135502,up
COO,0.058371104827737774,none
COO,0.07914452049072418,none
COO,0.027083387321259034,down
COO,0.07571543521445223,none
COO,0.05994252704524605,down
BLK,0.09781788025528892,up
BLK,0.017763351700610386,down
BLK,0.13003867939532587,up
BLK,0.1427685271863357,up
BLK,0.0050027417486369075,down
BLK,0.03233943058228861,down
BLK,0.1841885942361572,up
BLK,0.15889635553491366,up
BLK,0.06208776600781696,none
BLK,0.12379374467651805,up
BLK,0.03270999880685821,down
BLK,0.039805974780634745,none
SPFX,0.10050253604283865,down
SPFX,0.33883334103778573,up
SPFX,0.33883334103778573,down
SPFX,0.08571427209036697,down
SPFX,0.08571427209036697,down
SPFX,0.009216580748085068,down
SPFX,-0.09583333747254463,down
SPFX,0.2528735947177405,down
SPFX,0.33883334103778573,none
SPFX,0.33883334103778573,up
SPFX,0.1043257198132812,none
SPFX,0.37708568572998047,up
EURKU,0.003809520176478731,none
EURKU,0.006685739545265967,up
EURKU,0.04246575380814188,up
EURKU,0.02161093386634172,up
EURKU,0.04656188240690162,up
EURKU,0.044509851128631484,up
EURKU,0.003809520176478731,none
EURKU,0.006685739545265967,up
EURKU,0.006685739545265967,up
EURKU,0.05172755793947981,up
EURKU,0.04144679951359809,up
EURKU,0.006685739545265967,none
BLRX,1.6428570849323192,up
BLRX,0.09638556293382838,none
BLRX,0.15602828340927322,down
BLRX,0.15923573146790582,none
BLRX,0.2532467347491063,none
BLRX,0.49704140876547487,down
BLRX,0.06489669126363329,down
BLRX,0.0675675666967912,down
BLRX,0.0714285714285714,none
BLRX,0.06666663840964993,down
BLRX,0.295301995381144,none
BLRX,0.14808369605634053,down
ERH,0.06551567419267634,up
ERH,0.092942698443925,up
ERH,0.07792286357132605,down
ERH,0.17145292839638993,up
ERH,0.05702082168328837,down
ERH,0.09425959818698182,up
ERH,0.04670861395486625,none
ERH,0.006971220956638158,down
ERH,0.06270369070585624,down
ERH,0.11101430197098461,up
ERH,0.09315495309719557,up
ERH,0.02430196846341426,none
BPOPO,0.00529543815923228,down
BPOPO,0.034308988865534795,up
BPOPO,0.0,none
BPOPO,0.01878677201619694,up
BPOPO,0.019599940371138214,down
BPOPO,0.019599940371138214,down
BPOPO,0.0033419377155030627,none
BPOPO,0.02575440165362619,up
BPOPO,0.010266958533839965,none
BPOPO,0.014206023134396117,both
BPOPO,0.07287046736053848,none
BPOPO,0.07049194099846012,none
FOX,0.09132543629206524,none
FOX,-0.000650145758256393,down
FOX,0.10467227108041954,up
FOX,0.07092708261569136,none
FOX,0.04332700843149251,none
FOX,0.043437368598873594,none
FOX,0.021177909872135414,down
FOX,0.03597883875718377,none
FOX,0.10803256306228581,up
FOX,0.06890867305898007,none
FOX,0.04298720626827035,down
FOX,0.050355299243580065,down
TBBB,0.1657397602709525,none
TBBB,-0.01761124704202166,down
TBBB,0.26468221086713006,up
TBBB,0.155033112680232,none
TBBB,0.063405868253114,down
TBBB,0.20065890642144146,up
TBBB,0.07293234985850128,none
TBBB,0.05430828171262325,down
TBBB,0.08624784184641188,none
TBBB,0.10735524955462372,none
TBBB,0.1779264772590774,none
TBBB,0.19107208603954962,none
GWW,0.0778796048078072,none
GWW,0.1118466227042263,up
GWW,0.1665745063459203,up
GWW,0.2939391944397558,up
GWW,0.27219469489483816,up
GWW,0.1366887391766456,up
GWW,0.15036202318658543,up
GWW,0.15123841786068204,up
GWW,0.2384977547829401,up
GWW,0.09299249557757983,down
GWW,0.05915723603394407,none
GWW,0.2023192557663931,up
TCMD,0.26886786087079817,none
TCMD,0.22267214658322043,none
TCMD,0.07434639415266742,none
TCMD,0.11463985386547626,none
TCMD,0.7480263176469593,up
TCMD,0.031723182241387704,down
TCMD,0.08324869675810764,none
TCMD,0.11818825638841979,none
TCMD,0.45818935674437866,up
TCMD,0.056506834774622705,down
TCMD,0.16095378801283977,up
TCMD,-0.005663949065030094,down
FULTP,0.015409195682036803,none
FULTP,0.07871722090395994,none
FULTP,0.013455507991033233,down
FULTP,0.0502926718716834,none
FULTP,0.002525295994275867,none
FULTP,0.018375769218421878,down
FULTP,0.023923282326519857,none
FULTP,0.025054787664334555,down
FULTP,0.07241353484954338,none
FULTP,0.09854102949003418,none
FULTP,0.019116027004157043,none
FULTP,0.06846665491184822,none
XHR,0.01935722985592303,none
XHR,0.14149886922055877,up
XHR,0.10327427887021345,up
XHR,0.1025290834561765,none
XHR,0.08658754748662889,none
XHR,0.16320097315427096,none
XHR,0.17702606160974677,up
XHR,-0.0010152374314792434,down
XHR,0.013075952492665577,down
XHR,0.03888707691573812,none
XHR,0.0396505701137988,down
XHR,0.10128276558498883,none
CICB,0.020612280871084243,up
CICB,0.021516072397291586,none
CICB,0.038765623308482766,up
CICB,0.03206109595003581,none
CICB,0.03069088192099434,none
CICB,0.04333867359813537,up
CICB,0.0035335368033402315,none
CICB,0.02020750075211275,none
CICB,0.020716159604283524,none
CICB,0.017382489717800764,none
CICB,0.03174599939483169,up
CICB,0.018721727292802415,none
PSA-PH,0.026104772066091853,none
PSA-PH,0.0051348489683600285,down
PSA-PH,0.0396990213998647,down
PSA-PH,0.04831491397865095,down
PSA-PH,0.030472886238667618,none
PSA-PH,0.011019713010567367,none
PSA-PH,0.029852736990995776,down
PSA-PH,-0.0019928309017545054,down
PSA-PH,0.045703060294151276,up
PSA-PH,0.027588979554338255,down
PSA-PH,0.04677026932176909,down
PSA-PH,0.012608476964132809,down
OGC,0.6177407466274605,up
OGC,0.09965651906987283,none
OGC,0.07603093203838251,none
OGC,0.442029392642342,up
OGC,0.12500008268134355,none
OGC,0.05905747331753419,down
OGC,0.0047170954468405135,down
OGC,0.42028993952469307,up
OGC,0.009433975038937836,down
OGC,0.2830595674757703,up
OGC,0.013761551741309663,none
OGC,0.09589041738844917,none
SAIH,0.17592582345063845,none
SAIH,0.7464789716148903,up
SAIH,0.7841726658192611,up
SAIH,0.8931298465705435,up
SAIH,0.633663407471494,up
SAIH,0.21531094132429862,none
SAIH,5.11570260787633,up
SAIH,0.2093023909133318,none
SAIH,0.4409222113225053,down
SAIH,0.8219178463971721,up
SAIH,1.1939024546258437,down
SAIH,1.1255172203327048,up
TY,0.018228085753784873,none
TY,0.061438159091507405,up
TY,0.028056184215718094,down
TY,0.056615547651119646,none
TY,0.05387215928819722,none
TY,0.0160058014981046,none
TY,-0.0029026337261069957,down
TY,0.0738916422413376,up
TY,0.028939817363129006,down
TY,0.05259964812491291,up
TY,0.05538704130956229,none
TY,0.016868210871071154,down
CVBF,0.10772656373939404,down
CVBF,0.30852076539945217,up
CVBF,0.031056056115208674,none
CVBF,0.05219123525544522,none
CVBF,0.04097159602407108,none
CVBF,0.13841794613299618,up
CVBF,0.03145033366438543,down
CVBF,0.5077422605949746,up
CVBF,0.007209175843492011,down
CVBF,0.08292790717537746,none
CVBF,0.1092150451630709,none
CVBF,0.0208988911535144,down
ACHC,0.05971188755010104,down
ACHC,0.044899994758184514,down
ACHC,0.05181882919026859,down
ACHC,0.06307262045313577,down
ACHC,0.09269030395347522,none
ACHC,0.11405109449354889,down
ACHC,0.04010117767751642,down
ACHC,0.1411831491779867,up
ACHC,0.3107721925654858,up
ACHC,0.03660589369814016,none
ACHC,0.0360682732830242,down
ACHC,0.06013538655496742,down
SHLRF,0.0,down
SHLRF,-0.025528715262780888,down
SHLRF,0.0,down
SHLRF,0.0,down
SHLRF,0.05844330129735087,up
SHLRF,-0.012461378729359485,down
SHLRF,0.0,down
SHLRF,0.050992118442423795,up
SHLRF,0.05844330129735087,up
SHLRF,0.0,down
ZPHYF,0.18672206353756282,down
ZPHYF,0.08800005912780762,none
ZPHYF,-0.003322253585344437,none
ZPHYF,0.1799409711820774,none
ZPHYF,0.08000001192092876,down
ZPHYF,-0.09999998935631349,down
ZPHYF,-0.006944355336416463,none
ZPHYF,-0.0472972918549448,down
ZPHYF,0.0825982270815302,down
ZPHYF,0.050420185605019485,down
ZPHYF,0.17748920988239814,none
ZPHYF,0.18243243710945412,down
PSNL,0.2073643804850136,none
PSNL,0.5627240835582785,up
PSNL,0.05190306280415391,down
PSNL,0.08847587739279184,down
PSNL,0.051948106904829316,none
PSNL,0.18478260587879758,down
PSNL,0.23749999348074202,down
PSNL,0.07664234942191772,none
PSNL,0.2847221877287949,none
PSNL,0.06222226884629989,down
PSNL,0.5416666252745539,down
PSNL,0.2985972577753129,none
CLDT,0.06539506618230462,none
CLDT,0.101426366071242,none
CLDT,0.11464966310867997,none
CLDT,0.021159300681729,none
CLDT,0.08464864017213158,none
CLDT,0.06617646582353154,none
CLDT,0.10595257786312784,none
CLDT,0.06455026740341419,none
CLDT,0.04289582227375055,none
CLDT,0.05974401590198308,none
CLDT,0.1160041850942306,none
CLDT,0.0014245732157684987,down
KPLT,0.40918575886749853,none
KPLT,0.5206719387361571,up
KPLT,-0.007843117308772518,down
KPLT,0.08899423667334294,none
KPLT,0.29851624127133336,down
KPLT,0.058252427184465994,down
KPLT,0.13407819383670638,down
KPLT,0.24534990851399718,none
KPLT,0.39369366985377163,up
KPLT,0.41347614788318987,none
KPLT,0.06623930644236564,down
KPLT,0.3238512035010941,up
SBDS,0.1724137874335654,down
SBDS,0.18237644531949893,down
SBDS,9.996710764693095,up
SBDS,0.3486238829104882,up
SBDS,0.574522268386674,none
SBDS,0.3178571663746228,down
SBDS,0.0075377011254378345,down
SBDS,0.4050279415925082,up
SBDS,0.07432430458672656,none
SBDS,0.6729167302449544,up
SBDS,0.32760462938691437,down
SBDS,0.5110356231367224,none
RLGT,0.06118550105054621,none
RLGT,0.1510416407965962,none
RLGT,0.08166662851969408,none
RLGT,0.04723126517248888,down
RLGT,0.09918478340093606,down
RLGT,0.06972786384904572,none
RLGT,0.15257040919506482,none
RLGT,0.14333335558573412,up
RLGT,0.12549017224573933,up
RLGT,0.008650469218471457,down
RLGT,0.05485230086666992,down
RLGT,0.21562501466833028,up
WMG,0.1162221574855451,none
WMG,0.20054298585970787,none
WMG,0.21164014475661652,up
WMG,0.09109738416085911,none
WMG,0.006318180185323374,down
WMG,0.12819624140987873,none
WMG,0.0735347709784584,down
WMG,0.04803756939994863,none
WMG,0.06634805147598666,down
WMG,0.11525177344013993,none
WMG,0.13484620634547495,none
WMG,0.006925849216036006,down
CCBG,0.046886546394204975,none
CCBG,0.1472215867496025,up
CCBG,0.042394008320842724,none
CCBG,0.20254274026016916,up
CCBG,0.09352514606251905,none
CCBG,0.06772235936351523,none
CCBG,0.0927120178283598,none
CCBG,0.03632734863901299,none
CCBG,0.09580415010922616,none
CCBG,0.15783504379347169,up
CCBG,0.03273629809464418,none
CCBG,0.03360658887373935,down
UVXY,0.11572052401746724,down
UVXY,0.11563244085886759,none
UVXY,0.19884229292917865,none
UVXY,-0.07407407407407407,down
UVXY,0.03111111111111109,down
UVXY,0.1627756588863003,down
UVXY,0.018018018018018056,down
UVXY,0.3533597909485524,up
UVXY,-0.012139605462822445,down
UVXY,0.19764279238440619,none
UVXY,0.2410824108241083,down
UVXY,0.1042355447378629,down
MFAN,0.01583710151232398,none
MFAN,0.015085386288351987,none
MFAN,0.0208927741274072,down
MFAN,0.03501006274711127,up
MFAN,0.022519747179091887,down
MFAN,0.02623197186106374,up
MFAN,0.014445650860826165,none
MFAN,0.0651125695950272,up
MFAN,0.015390894446291714,none
MFAN,0.0323992320980091,up
MFAN,0.021097952134884856,up
MFAN,0.016182477083674485,none
DJCO,-0.01644632700140347,down
DJCO,0.45489240971148326,up
DJCO,0.21053094205348466,up
DJCO,0.11734378337860107,down
DJCO,0.04032258226536878,down
DJCO,0.050146127505642735,none
DJCO,0.037874458495577246,none
DJCO,-0.005031063424419169,down
DJCO,0.016005582771317473,none
DJCO,0.06804526478958084,none
DJCO,0.0808823529411764,none
DJCO,0.02920847757891476,down
GLAS,0.46208878421664856,up
GLAS,0.5909090909090908,up
GLAS,0.180327888074596,none
GLAS,0.023913072998898333,down
GLAS,0.22036260905072824,none
GLAS,0.5225564135536835,up
GLAS,0.37837833483955885,up
GLAS,1.1173708857126612,up
GLAS,0.16136364153594007,none
GLAS,0.3720000267028809,up
GLAS,0.4693877848919501,up
GLAS,0.18709683224760587,down
LNKS,1.02,up
LNKS,0.28060263653483997,none
LNKS,0.6542056074766356,up
LNKS,-0.03673469387755102,down
LNKS,3.386422976501305,up
LNKS,0.9921104536489151,up
LNKS,0.5803571428571428,up
LNKS,0.05769230769230771,down
LNKS,4.544554455445544,up
LNKS,0.4196242171189979,none
LNKS,0.23456790123456783,none
LNKS,0.061895551257253434,down
CNLTL,0.001389008051839502,both
CNLTL,0.06783165393971236,up
CNLTL,0.001389008051839502,both
CNLTL,0.001389008051839502,both
CNLTL,0.001389008051839502,both
CNLTL,0.001389008051839502,both
CNLTL,0.06783165393971236,up
CNLTL,0.024507561586863513,up
CNLTL,-0.022556257174550565,down
CNLTL,0.001389008051839502,both
CNLTL,0.001389008051839502,both
CNLTL,0.06783165393971236,up
BZYR,0.12500001940255356,none
BZYR,0.19999995529651704,down
BZYR,1.1500001210719373,up
BZYR,0.3513513540725275,none
BZYR,0.18181821260570508,down
BZYR,0.30769236941309597,none
BZYR,1.3888890728538499,up
BZYR,0.2857143363985082,up
BZYR,1.5901640245299982,up
BZYR,0.0,down
BZYR,1.0476191447638072,up
BZYR,0.18181821260570508,up
GREH,1.0000043705798785,up
GREH,0.3333480860111282,none
GREH,0.5555574849529687,none
GREH,0.3333480860111282,none
GREH,1.68372870465695,up
GREH,0.46666775563108653,down
GREH,0.49999449539902274,none
GREH,0.49999449539902274,down
GREH,1.0,none
GREH,0.3333480860111282,down
GREH,0.0,down
GREH,0.0,down
AUUD,0.6595091614753188,none
AUUD,0.4657142603072473,up
AUUD,0.6325582385270634,up
AUUD,0.6024691065512247,none
AUUD,0.007999896610299873,none
AUUD,0.8799999170036787,up
AUUD,0.9262294559197444,up
AUUD,2.8500000787353508,up
AUUD,0.2528735475536825,none
AUUD,0.05821916538502636,down
AUUD,1.447916518917277,up
AUUD,0.14864865913279623,none
AWX,0.018867905855434186,none
AWX,0.12083331263727692,none
AWX,0.10507245030981016,none
AWX,0.28030302277719166,up
AWX,0.04037263194635665,down
AWX,0.2227723029370101,up
AWX,0.11570246386874916,up
AWX,0.03272724151611328,none
AWX,0.20487809076258245,up
AWX,0.2171945750172719,none
AWX,0.020661136669406943,down
AWX,0.026470562248494645,down
RBOT,0.73722629430931,up
RBOT,0.09425289694833583,none
RBOT,0.22586208650435524,down
RBOT,0.009756072749936395,down
RBOT,0.40199629468985165,up
RBOT,0.026651237942226347,down
RBOT,0.19479839492521256,none
RBOT,0.011361264083664224,down
RBOT,0.14364639680762514,down
RBOT,0.5068492539240539,none
RBOT,1.4966665903727212,up
RBOT,0.14211432684765768,none
BBCP,0.07883819780880463,none
BBCP,0.07293128666686033,none
BBCP,0.06382984459418828,none
BBCP,0.12005855505852736,down
BBCP,0.4618706878663692,up
BBCP,0.16613417313545242,none
BBCP,0.016949164234584257,down
BBCP,0.07754442885886248,down
BBCP,0.0184396644094571,down
BBCP,0.09111354626001544,down
BBCP,0.029207237340155956,down
BBCP,0.1942674528809203,up
LUCY,0.49397582332253,up
LUCY,0.34624692220673303,down
LUCY,0.10787168465244035,down
LUCY,0.44186035680281366,up
LUCY,0.2784809658607994,up
LUCY,0.12531969278272825,down
LUCY,0.2698412883244057,none
LUCY,0.046728925107714536,down
LUCY,1.1839529463449967,up
LUCY,0.030150724870352308,down
LUCY,0.24223601380724924,down
LUCY,1.1925342854337777,up
GUT,0.038311552431593565,down
GUT,0.03660152430203212,none
GUT,0.06454742544304426,down
GUT,0.04877020293525325,none
GUT,0.07450491116924662,none
GUT,0.04903093292546834,none
GUT,0.026517879448525683,down
GUT,0.037071375189874134,none
GUT,0.11159081426643769,up
GUT,0.037312208025503946,none
GUT,0.15438653427119386,up
GUT,0.2683066488210635,up
HVT-A,2.220446049250313e-16,down
HVT-A,-0.022782928195367425,down
HVT-A,2.220446049250313e-16,down
HVT-A,0.0011112822543395406,down
HVT-A,0.09025640756514908,up
HVT-A,0.15248707027455466,up
HVT-A,0.007832055447666075,down
HVT-A,0.06115099703321092,up
HVT-A,0.0,down
HVT-A,0.05505110282309755,down
HVT-A,0.08761036225795582,up
HVT-A,0.0,down
HGLB,0.164680983007373,up
HGLB,0.05136690718234793,none
HGLB,0.09796718344924771,down
HGLB,0.021141628801125467,down
HGLB,0.05745453847526094,none
HGLB,0.008899352761824408,down
HGLB,0.09123554723192018,none
HGLB,0.03959933032249108,none
HGLB,0.054176719044690014,none
HGLB,0.020546158661444602,none
HGLB,0.11305061107199976,none
HGLB,0.25455929344202777,up
CLST,0.005788706618858663,none
CLST,0.01684985365116143,none
CLST,-0.0014815153899015998,down
CLST,0.038626676195224086,down
CLST,0.01595669863381377,none
CLST,0.004335221479832452,none
CLST,0.00042626723239957975,down
CLST,0.01815795959198141,down
CLST,0.03797466622607182,none
CLST,0.02900756867947263,up
CLST,0.018619066309217613,none
CLST,0.15545454892245214,up
NSSC,0.0045324082462467885,down
NSSC,0.31294065662162995,up
NSSC,0.004535745526223156,down
NSSC,0.31379377109131923,up
NSSC,0.26911319906104403,down
NSSC,0.07931029533086731,none
NSSC,0.188571517581416,up
NSSC,0.19020389671023508,up
NSSC,0.23566242190854458,up
NSSC,0.052617148649158674,down
NSSC,0.0649606579799551,down
NSSC,0.1396000516195972,up
PRPL,0.033783751129669026,down
PRPL,0.5348836306690115,none
PRPL,0.05555550036607193,none
PRPL,0.1736111188447791,down
PRPL,0.04895108742634546,down
PRPL,0.35199997367868385,none
PRPL,-0.004798459935837163,down
PRPL,0.05333336993901461,none
PRPL,0.19901719703816179,down
PRPL,0.42034613597828563,up
PRPL,0.02145048850847986,down
PRPL,0.1194029571909665,down
BTBT,0.0307262949325795,down
BTBT,0.042016764631988,none
BTBT,0.30477610075014305,none
BTBT,0.09999998410542799,none
BTBT,0.2101064367753558,down
BTBT,0.5664739932189897,up
BTBT,1.01428555732813,up
BTBT,0.23306236319199702,down
BTBT,0.7712551043265312,up
BTBT,0.048387129026447706,down
BTBT,0.27659570150863155,down
BTBT,0.22794113199913002,down
QNCX,0.2021276595744681,down
QNCX,0.0923076923076922,down
QNCX,1.106017099898938,up
QNCX,0.2767857142857142,none
QNCX,0.17788461538461542,none
QNCX,0.09677419354838701,none
QNCX,0.9494949494949494,up
QNCX,0.437632135306554,none
QNCX,0.24108419249278445,down
QNCX,0.24641828361365703,none
QNCX,0.05800000000000005,down
QNCX,0.4782608695652173,up
AIOS,0.028277594626552993,down
AIOS,0.134020618556701,none
AIOS,0.5517841601392515,up
AIOS,0.06694737484580582,down
AIOS,0.07942233916954455,down
AIOS,0.16963349248210058,none
AIOS,0.8938052440102291,up
AIOS,0.3786407766990292,none
AIOS,0.873180025865401,up
AIOS,0.5110169491525425,up
AIOS,0.3575526010655916,none
AIOS,0.21657251093151464,none
PSBD,0.04565201865714519,none
PSBD,0.03566638271609057,down
PSBD,0.020606141153561408,none
PSBD,0.051247714677853384,none
PSBD,0.014990599786404601,none
PSBD,0.006284497243868259,none
PSBD,0.07283138998787408,none
PSBD,0.03112848598856255,down
PSBD,0.03059981200214268,none
PSBD,0.0332155178360618,none
PSBD,0.04315308321611577,none
PSBD,0.03323289171478172,none
EML,0.16198835457657523,none
EML,0.04743327080657678,down
EML,0.06533517324464988,none
EML,0.08882921131283417,none
EML,0.10486183650524872,none
EML,0.05384584569511164,down
EML,0.09422251382294422,none
EML,0.03051537545600902,down
EML,0.054276642001134245,none
EML,0.21235809582155674,up
EML,0.22917737608395838,up
EML,0.23104182832804976,up
MKL,0.018968049951817667,none
MKL,0.09416964446523646,up
MKL,0.027674455957591215,none
MKL,0.11167021661740928,up
MKL,0.07880799401185534,none
MKL,0.039157502825935,none
MKL,0.03476768655855933,none
MKL,0.03856113622852009,down
MKL,0.1966830569096114,up
MKL,0.023470737340497427,down
MKL,0.004793185366949171,none
MKL,0.02932141938829025,down
TCRT,0.3322259136212624,down
TCRT,0.16783218065726668,none
TCRT,2.6666666666666665,up
TCRT,3.4000000000000004,up
TCRT,0.3999999999999999,none
TCRT,0.010752688172043001,down
TCRT,0.1923076923076923,none
TCRT,0.37254901960784315,none
TCRT,0.3270142180094786,down
TCRT,1.5918367346938775,up
TCRT,0.02459017995287449,down
TCRT,0.11386139665604955,none
FMCCM,0.4351852103951972,up
FMCCM,0.24000002543131504,down
FMCCM,0.2806818424423858,down
FMCCM,0.2675814688155038,down
FMCCM,0.003087980699948867,down
FMCCM,0.12236295960967758,none
FMCCM,0.5222481936954908,up
FMCCM,0.022222222222222143,down
FMCCM,0.10197366666760788,none
FMCCM,0.1975702769234784,up
FMCCM,0.30691403445980825,up
FMCCM,0.03514682359881505,down
LDP,0.012937288240685074,down
LDP,0.1430150277222486,up
LDP,0.04603265681940649,up
LDP,0.02576358073564866,down
LDP,0.0796885119343711,up
LDP,0.052958413613613864,up
LDP,0.015376049338638342,down
LDP,0.12871010606021072,up
LDP,0.037722996185904245,up
LDP,0.08130073881622502,up
LDP,0.042835455256959865,up
LDP,0.005112385781027795,none
FTLF,0.11953040546832994,none
FTLF,0.12168285680583057,up
FTLF,0.05263160381096532,down
FTLF,0.37401817639944657,up
FTLF,0.08142491801707341,none
FTLF,0.018227587574396686,down
FTLF,0.447963833448479,up
FTLF,0.19293084344277278,none
FTLF,0.11111111111111116,up
FTLF,0.13053611835876433,up
FTLF,0.057553972135968356,down
FTLF,0.07939034377642562,none
IBRX,0.09180327074337424,none
IBRX,0.36801538080040475,none
IBRX,0.5359712319679868,up
IBRX,0.11748247056597627,none
IBRX,0.004252950618390816,down
IBRX,0.4261083850875871,down
IBRX,0.1288659755805308,down
IBRX,0.12386709755843528,none
IBRX,0.13450617587983493,down
IBRX,1.1618496926605393,up
IBRX,0.08823527761809191,none
IBRX,0.1313560148211501,none
INTU,0.17317424788023295,up
INTU,0.05260572222911075,down
INTU,0.010490823814202743,none
INTU,0.29977446567643007,up
INTU,0.04728055236549311,none
INTU,0.0020693931351425388,down
INTU,0.20956159267066998,up
INTU,0.04734603026958584,none
INTU,0.17501322110396833,up
INTU,0.04310657554623676,down
INTU,0.2618306722616601,up
INTU,0.09196688515606133,none
BBD,0.13782965956354976,none
BBD,-0.001729619823971018,none
BBD,0.24132551948498704,up
BBD,0.1290925568043093,none
BBD,0.17720409914241086,up
BBD,0.13892718914638813,down
BBD,0.36151738756993956,up
BBD,0.06279917837457649,none
BBD,0.02356394900023906,down
BBD,0.034829598576954224,none
BBD,0.0153842730890974,none
BBD,0.038898502590024364,none
PRIM,0.30481275918966877,up
PRIM,-0.01564332053298989,down
PRIM,0.49808099174041875,up
PRIM,0.5587297215054039,up
PRIM,0.233023656140098,down
PRIM,0.10046685676104317,none
PRIM,0.36921192665910874,up
PRIM,0.10617435666839614,down
PRIM,0.11242611808170633,up
PRIM,0.06795267363499846,down
PRIM,0.20119821351679334,up
PRIM,0.18181783469056256,up
WES,0.09084638782202825,none
WES,0.162195866326434,up
WES,0.11596442316595379,none
WES,0.1295621589698559,none
WES,0.08464278953729121,up
WES,0.09585589103649017,none
WES,0.084925834924511,none
WES,0.09690504626058005,none
WES,0.11761210718374437,none
WES,0.043625941775389254,none
WES,0.10337718087064474,up
WES,0.012742980105414858,down
LOBO,0.11976629253548676,none
LOBO,0.3758865979756234,down
LOBO,0.10857146126883377,down
LOBO,0.18203307494086207,down
LOBO,2.795275782716943,up
LOBO,0.3143632257097939,down
LOBO,1.4329500861355604,up
LOBO,1.2477650161077176,up
LOBO,0.6183908313091504,down
LOBO,0.065306058897173,none
LOBO,0.14877588895782523,down
LOBO,0.7254902189944814,up
UNB,0.06086980300893097,none
UNB,0.11398307201798463,up
UNB,0.09996287516367364,none
UNB,0.12961990211884067,up
UNB,0.1734886835338718,up
UNB,0.0938691588895808,none
UNB,0.034661341171426274,down
UNB,0.20151827658572596,none
UNB,0.11505505007855366,down
UNB,0.012587739999308623,down
UNB,0.021161938647890954,down
UNB,0.16141621918357463,up
CHMI-PB,0.03179807216772912,down
CHMI-PB,0.02318844403145226,none
CHMI-PB,0.054295087798801545,up
CHMI-PB,0.009441857063251957,none
CHMI-PB,0.01465550570570473,down
CHMI-PB,0.01051519573268278,none
CHMI-PB,0.019012126246596983,down
CHMI-PB,0.02739890563284808,down
CHMI-PB,0.14347703130179412,up
CHMI-PB,0.08480054274441118,none
CHMI-PB,0.11736802495295162,up
CHMI-PB,0.015282574955886474,down
BEPC,0.04786178935571073,none
BEPC,0.11167352653342544,none
BEPC,0.03554409944963921,down
BEPC,0.15989479444793164,up
BEPC,0.07837743882505421,none
BEPC,0.020447277754160664,none
BEPC,0.12333039718517624,up
BEPC,0.011091395783529912,none
BEPC,0.33124979829031775,down
BEPC,0.07085796640302822,down
BEPC,0.004462743693924631,down
BEPC,0.034220408369244115,down
U,0.29382580501891375,up
U,0.5731239195435731,up
U,0.07679323359644008,down
U,0.33864953112036456,up
U,0.36882869774986404,up
U,0.20106330304653075,none
U,0.1678187397513624,down
U,0.36489032715334435,up
U,0.422764168808514,up
U,0.593663170708977,up
U,0.03164832146613161,down
U,0.01158050409150313,down
TLSI,0.0060422421045758234,none
TLSI,0.07042255412962395,none
TLSI,0.21748874033522725,none
TLSI,0.15427926440351603,none
TLSI,0.12510557819023194,down
TLSI,0.001002936302879398,none
TLSI,0.13468093606993237,down
TLSI,0.4324323488379007,up
TLSI,0.6689076678142281,up
TLSI,0.07091475503800782,none
TLSI,0.07228918315975852,up
TLSI,0.15127196541913568,none
ADXN,0.13661201806095824,none
ADXN,0.06267493916062428,down
ADXN,0.7078507709573154,up
ADXN,0.16654879785624632,none
ADXN,0.008888922797309018,down
ADXN,0.2568305455622779,none
ADXN,0.23461939147027344,none
ADXN,0.39827575689263983,none
ADXN,0.04807692484037407,down
ADXN,0.050359768500013,down
ADXN,-0.01054380648535802,down
ADXN,0.2956521811241912,none
BTAI,1.0510948416052255,up
BTAI,0.008928562875609058,down
BTAI,0.18937422801494752,none
BTAI,0.11780634510431276,down
BTAI,0.1379309806188722,none
BTAI,0.7973856545252394,up
BTAI,0.16508187795145313,down
BTAI,0.03794937932439235,down
BTAI,1.221343853404047,up
BTAI,0.35971223629083915,none
BTAI,-0.003142689579786251,down
BTAI,0.09620947381868294,down
LEVI,0.020953494265727457,none
LEVI,-0.06709155261574984,down
LEVI,0.28818457182218893,up
LEVI,0.0431300140060864,down
LEVI,0.0669455588297283,none
LEVI,0.11516798656142946,none
LEVI,0.2643630763824285,up
LEVI,0.1354670156434996,up
LEVI,0.12428308789102416,none
LEVI,0.16569323775873146,up
LEVI,0.08837351603775812,none
LEVI,0.14103189022154305,up
DAL,0.04156998864477912,down
DAL,0.17678792765040607,up
DAL,0.05578733167997285,none
DAL,0.11484303585534161,down
DAL,0.4011047952199229,up
DAL,0.018186305920016244,down
DAL,0.03420390874042356,down
DAL,0.14383790075590053,up
DAL,0.2625814796181629,up
DAL,0.24931699452994316,up
DAL,0.08354601850016175,none
DAL,0.10565121162530988,none
ENAKF,-0.019587604960740634,down
ENAKF,0.13489155609292203,up
ENAKF,0.0672170904569005,up
ENAKF,0.0,down
ENAKF,0.09871883265692794,up
ENAKF,0.08324073518925856,down
ENAKF,0.06900319743715122,down
ENAKF,0.05882059803608497,down
ENAKF,0.03858777935815816,up
ENAKF,0.0,down
ENAKF,0.038125576496972124,up
ENAKF,0.06358400255497187,up
DIBS,0.22961723544900914,none
DIBS,0.04738143878766832,none
DIBS,0.05592841425822104,down
DIBS,0.1026316078415872,down
DIBS,0.8402778265284916,up
DIBS,0.04773265072406985,down
DIBS,0.3196428557743831,none
DIBS,0.042016808069591516,none
DIBS,0.8661972081654132,up
DIBS,0.3072916909198593,up
DIBS,0.051224951179943634,down
DIBS,-0.025579587741313525,down
RGS,0.4688889185587566,none
RGS,0.4024041764713524,up
RGS,0.09487593605541056,down
RGS,0.5555555555555556,up
RGS,0.5092784155870893,none
RGS,0.6270660644069053,up
RGS,0.2727272727272727,up
RGS,0.8630137022093236,up
RGS,0.5833770122504032,up
RGS,0.32075466945019593,up
RGS,0.078500681027311,down
RGS,0.10497235240256897,none
NBTB,0.10101010411596612,none
NBTB,0.013789156989213902,down
NBTB,0.17805272573648034,up
NBTB,0.15109043799657984,up
NBTB,0.03720384070628979,down
NBTB,0.04549319772043936,none
NBTB,0.02290603786917944,down
NBTB,0.1851476345666676,up
NBTB,0.12934691684261646,up
NBTB,0.09485201050491221,none
NBTB,0.07890326006286652,none
NBTB,0.142538337592655,up
WNLV,0.6666666004392863,none
WNLV,-0.05660374838714255,down
WNLV,1.2388060033440875,up
WNLV,0.10941175546613136,down
WNLV,0.2999999523162842,down
WNLV,0.10526313725600911,down
WNLV,0.6666666004392863,none
WNLV,0.7923077604944679,down
WNLV,0.11358574373719788,down
WNLV,0.0958903986554498,down
WNLV,0.6666666666666667,none
WNLV,1.025316430864914,both
NFGC,0.43345826327190307,up
NFGC,0.07662837383998156,down
NFGC,0.2668918755648346,none
NFGC,0.055944114239958154,none
NFGC,0.7382198907131656,up
NFGC,0.04279280512879158,none
NFGC,0.14008942650916123,none
NFGC,0.21883662693309747,down
NFGC,0.16959061718342605,none
NFGC,0.08709175081334841,none
NFGC,0.018382335217044687,down
NFGC,0.7382198907131656,up
KEYS,0.033951684017440975,none
KEYS,0.03005497379133759,down
KEYS,0.04103425145128825,down
KEYS,0.2031898030454855,up
KEYS,0.10301242342416606,up
KEYS,0.19836928826516775,up
KEYS,0.00334930570757086,down
KEYS,0.03229341110087991,none
KEYS,0.05491851943595827,down
KEYS,0.12035155557561494,up
KEYS,0.27259277745641564,up
KEYS,0.04053115947917285,none
FNLC,0.03135187408241524,none
FNLC,0.09746582977548957,none
FNLC,0.19920651175616277,up
FNLC,0.04115519633305298,none
FNLC,0.04811221630768525,none
FNLC,0.03068676517411073,down
FNLC,0.08603390060648586,none
FNLC,0.0045696413834042104,down
FNLC,0.1326733658661723,up
FNLC,0.0987107826348812,none
FNLC,0.014660667149525075,down
FNLC,0.0713775900329423,none
HYFM,0.39024391189445073,down
HYFM,0.32486386342968965,none
HYFM,0.4155251388118715,up
HYFM,0.07070715049617071,none
HYFM,0.14184396779367514,down
HYFM,0.1335403922163294,down
HYFM,0.060975611174411526,none
HYFM,0.2971429007393973,none
HYFM,0.24473686274399076,none
HYFM,0.2401353034861582,none
HYFM,0.09218019790098975,none
HYFM,0.21390373458847067,none
ANNSF,0.06457086036112414,both
ANNSF,0.06050609988475264,none
ANNSF,0.013884023030524384,down
ANNSF,0.08599367128005819,up
ANNSF,0.13974840544126876,up
ANNSF,0.027249229771297845,none
ANNSF,0.07184647335694039,up
ANNSF,0.1972496173006899,down
ANNSF,0.04150467625528975,down
ANNSF,0.07434052334097463,up
ANNSF,0.11832955607471907,none
ANNSF,0.12044142660386425,up
TOYO,0.009830260453664419,up
TOYO,0.008600044250488326,down
TOYO,0.13888889256818815,down
TOYO,0.4985590104873254,up
TOYO,0.2727584491727806,up
TOYO,0.01330792619358867,up
TOYO,0.03415089610294508,up
TOYO,0.012126876045027268,down
TOYO,0.0010069763242914753,none
TOYO,0.6908664689560582,up
TOYO,0.03415089610294508,up
TOYO,0.7205479577326328,up
XXI,0.13904765295603916,down
XXI,0.009542021549400426,down
XXI,0.297569661200801,none
XXI,4.745192518424713,up
XXI,0.09610785836638769,down
XXI,0.09197529018188799,down
XXI,0.1351222641709071,none
XXI,0.06829266431854997,up
XXI,0.16169544103028644,down
XXI,0.08738829603870002,up
XXI,0.08909948468141438,down
XXI,4.594569128527434,down
TGLO,0.3714286882050237,none
TGLO,1.0,up
TGLO,0.476190533632596,none
TGLO,0.31034484884826874,down
TGLO,0.9444443340654771,up
TGLO,0.6666666903193041,none
TGLO,0.0017395776555690912,down
TGLO,0.7333332008785725,none
TGLO,1.4761904626746833,up
TGLO,1.0077219082047058,up
TGLO,0.3714286882050237,none
TGLO,0.1799999475479126,down
BVFL,0.015752652705853354,down
BVFL,0.11414634890672648,none
BVFL,0.17354842155210437,up
BVFL,0.44369581370032507,up
BVFL,0.06346161781683768,none
BVFL,0.09887796807719074,up
BVFL,0.020920525466012085,down
BVFL,0.04682485792760893,down
BVFL,0.05631067289964342,down
BVFL,0.2849462678006389,up
BVFL,0.005760280564821363,down
BVFL,0.1744262195024333,up
LEN,0.2785604401520969,up
LEN,0.27770395510494694,up
LEN,0.23583524969877834,up
LEN,0.030659028788999176,down
LEN,0.20865218134493757,up
LEN,0.04107265217342282,none
LEN,0.08260087828838802,down
LEN,0.11840698051436593,up
LEN,0.05890648258695497,down
LEN,0.06726292396431832,none
LEN,0.23858401696608666,up
LEN,0.05436146778715134,down
IPST,2.1294117647058823,up
IPST,0.39411761713962923,none
IPST,0.040000000000000036,down
IPST,0.15097157315032517,down
IPST,0.016877637130801704,down
IPST,2.2439024390243905,up
IPST,0.06075953230073172,down
IPST,0.2727272727272727,down
IPST,0.9090908115091232,up
IPST,0.26929675760543015,none
IPST,0.22611466457724916,down
IPST,0.33574003541195774,down
CYAN,0.03459116125365291,down
CYAN,0.10526313725600911,down
CYAN,0.036585403970846864,none
CYAN,0.0700000524520874,none
CYAN,0.30882349460801484,none
CYAN,0.0,down
CYAN,0.0,none
CYAN,0.18918916741977942,none
CYAN,0.47826084703037997,up
CYAN,0.727272636962663,down
CYAN,0.01123594452133525,down
CYAN,0.2417582715089801,none
BMEA,0.772009076482638,up
BMEA,0.08510641415865927,none
BMEA,0.5936507393473447,up
BMEA,0.08472224301026254,down
BMEA,0.0468085268710523,down
BMEA,0.18298969515604746,down
BMEA,0.12154698097525052,none
BMEA,0.72718980285481,up
BMEA,0.2001186996050519,none
BMEA,0.13043474505063335,down
BMEA,0.367262669389514,none
BMEA,0.35265695497606964,none
PCAR,0.16399885577864293,up
PCAR,0.013325049196869942,none
PCAR,0.005841158267001267,down
PCAR,0.08189213455486355,none
PCAR,0.10806478390358443,none
PCAR,0.05607274283350838,down
PCAR,0.10537068081830925,up
PCAR,0.18211094480478196,up
PCAR,0.10501630193131595,up
PCAR,0.24546217268370496,up
PCAR,0.07992918969472695,none
PCAR,0.05051771142695283,none
SIFY,0.23076923076923084,up
SIFY,0.2660944825232012,none
SIFY,0.3904841137333721,up
SIFY,0.2349397734563905,none
SIFY,0.06881713726049576,none
SIFY,1.3333334352216188,up
SIFY,0.9430603283264114,up
SIFY,1.2195121762110985,up
SIFY,0.39276915831385373,up
SIFY,0.5284474982050782,up
SIFY,0.21499999364217115,none
SIFY,0.022522537357972716,down
AGNC,0.23486214702121355,up
AGNC,0.1062325675215896,up
AGNC,0.17572776079857189,up
AGNC,0.22987614184969862,up
AGNC,0.08521563197041426,up
AGNC,0.094203007180935,up
AGNC,0.011356796401168046,down
AGNC,0.20081363611143432,up
AGNC,0.09346656859506641,up
AGNC,0.08466292467132752,none
AGNC,0.015317718914713119,down
AGNC,0.01677868122454429,down
POAHF,0.07397865066990805,none
POAHF,0.03592226398165255,none
POAHF,0.10000006131709593,none
POAHF,0.12114283970424111,none
POAHF,0.25769228812975764,up
POAHF,-0.019892398748741935,down
POAHF,0.18817204146965727,up
POAHF,0.14648883329249873,none
POAHF,0.04642158763161186,down
POAHF,0.051187136204098316,none
POAHF,0.10594616946922297,none
POAHF,0.0690623192971187,none
ENS,0.12880185366381292,up
ENS,-0.014128149585084238,down
ENS,0.03784187249777071,down
ENS,0.0027830375886666037,down
ENS,0.033758678465038106,down
ENS,0.013884721017856316,down
ENS,0.11994934602792107,none
ENS,0.295782316455234,up
ENS,0.08328992654708034,down
ENS,0.015962744390672023,down
ENS,0.016771394678813945,down
ENS,0.14317188931818725,up
PLRX,0.20382160672097394,none
PLRX,0.08053696601757498,none
PLRX,0.8756424315108906,up
PLRX,0.018585137653089223,down
PLRX,0.09466223941186858,down
PLRX,0.18492790813083082,none
PLRX,0.061728409597230804,down
PLRX,0.18902442969076017,down
PLRX,0.3175675828061544,up
PLRX,0.30014855401910645,none
PLRX,0.05053080987726388,down
PLRX,0.16253321916272134,down
ORKA,0.15744675555271792,none
ORKA,0.1986211234045836,none
ORKA,0.4693139647595723,up
ORKA,0.060085857648189744,none
ORKA,0.21606120656211814,down
ORKA,0.014347691525777861,down
ORKA,0.21536142426091498,none
ORKA,0.09372314203457677,down
ORKA,0.07594932890834127,none
ORKA,0.3043909370653666,none
ORKA,0.11111117581912766,down
ORKA,1.337349468451258,up
CCNEP,0.005434912372563883,down
CCNEP,0.08351789721335967,up
CCNEP,0.00039409022983338815,down
CCNEP,0.036022051201411776,up
CCNEP,0.07208009586732422,up
CCNEP,0.022329342687019915,none
CCNEP,0.11923833829127317,up
CCNEP,0.11541191656791905,up
CCNEP,0.13273485006657215,up
CCNEP,0.04320467594117505,up
CCNEP,0.02470109257599784,none
CCNEP,0.08407933319545169,down
BRQL,0.006711402952518153,down
BRQL,1.0596708342444403,down
BRQL,0.17647055523618382,down
BRQL,0.8952381903892785,up
BRQL,0.26315789473684204,up
BRQL,0.0,down
BRQL,0.07589888158914282,down
BRQL,-0.01846592544678083,down
BRQL,0.0,down
BRQL,0.971428598189841,up
BRQL,0.2767333189646404,up
BRQL,0.5624796178027414,down
QTEX,0.17056856153955402,down
QTEX,0.3882351934703605,none
QTEX,0.6564417518909482,down
QTEX,0.18584074250719507,none
QTEX,0.12385319846716536,down
QTEX,2.591760254141697,up
QTEX,0.8909090488738587,up
QTEX,0.8490567395762716,down
QTEX,0.0041840962444885665,down
QTEX,1.4583332790061818,up
QTEX,0.13281256257323681,down
QTEX,1.3271026985750924,up
ZS,0.07318224939001272,down
ZS,0.16491976651278417,up
ZS,0.16488637796160233,up
ZS,0.11390880364271516,down
ZS,0.026337029937215428,down
ZS,0.019065269277085406,down
ZS,0.16357485459138443,up
ZS,0.22506786229301312,up
ZS,0.7478242043874388,up
ZS,0.25134051635930277,up
ZS,0.25913449140873346,none
ZS,0.1675809575829632,none
RHI,-0.0024313317403062973,down
RHI,0.07620548644637037,down
RHI,0.05375651005538318,none
RHI,0.08730683317561017,down
RHI,0.0877429725450396,none
RHI,0.14336369809200833,up
RHI,0.037896743724946,down
RHI,0.20432578703665283,up
RHI,0.030832156914524678,down
RHI,0.15845175329188788,up
RHI,0.14555982443996363,up
RHI,-0.004545357206087175,down
VLTLF,0.38498792753345,none
VLTLF,427.57146088262107,up
VLTLF,1.0890908783854871,down
VLTLF,0.5878787414648856,up
VLTLF,0.3278008908081089,none
VLTLF,0.037464009616444915,down
VLTLF,2.4653463418338144,up
VLTLF,0.5714999799206857,both
VLTLF,0.6209385979183408,both
VLTLF,0.3238770495701384,none
VLTLF,0.692524770396012,up
VLTLF,0.3321688881616409,none
EXR,0.03055037429229679,none
EXR,0.04704035459031686,down
EXR,0.1566710377383147,up
EXR,0.08883525938122627,none
EXR,0.12275932372288456,up
EXR,0.14766643451553652,up
EXR,0.09676379787378919,none
EXR,0.16232200587947387,up
EXR,0.06580044673101626,down
EXR,0.025885397328717197,none
EXR,0.09605331709317366,up
EXR,0.1716120810440751,up
UMBF,0.028058078681215015,down
UMBF,0.09167960440656375,none
UMBF,0.04651354969889665,down
UMBF,0.007213512731798044,down
UMBF,0.024225471581205138,none
UMBF,0.1434324178865265,none
UMBF,0.0905162186214079,none
UMBF,0.12786049136249833,up
UMBF,0.1442608730649888,none
UMBF,0.04297899291418439,down
UMBF,0.08211010845690758,none
UMBF,0.07530171305689515,none
FC,0.1710028323315993,up
FC,0.3310973973980018,up
FC,0.0536873042154542,down
FC,0.4461373615285791,up
FC,0.3986467128000888,up
FC,0.3646795115094852,up
FC,0.04631132900249346,down
FC,0.06444443596733951,none
FC,0.04169422707487369,down
FC,0.15625000573121595,none
FC,0.04396042021194302,down
FC,0.11482258770667997,none
IMMP,0.5181817462621656,up
IMMP,0.094915243004698,none
IMMP,0.4808743030572362,down
IMMP,1.3493976950524336,up
IMMP,0.04147461336638236,none
IMMP,0.42499996088445235,up
IMMP,0.23076920053864258,up
IMMP,0.15699659647314657,down
IMMP,0.3718592994926717,up
IMMP,0.15744686765658056,down
IMMP,0.10650884109670278,none
IMMP,0.0964467281528405,none
MLCMF,0.15627821945479092,up
MLCMF,0.15627821945479092,up
MLCMF,0.15627821945479092,up
MLCMF,0.21212111538834377,up
MLCMF,0.14031180530281562,up
MLCMF,0.21212111538834377,up
MNDY,0.23949873331662253,none
MNDY,0.005063229981633999,down
MNDY,0.015027125968837485,none
MNDY,0.08673655242913236,down
MNDY,0.459341352354544,up
MNDY,0.5426750413318044,up
MNDY,0.14662318756629955,none
MNDY,0.17334678860726171,down
MNDY,0.08414607987548783,down
MNDY,0.05350770028881957,none
MNDY,0.25640148031261156,up
MNDY,0.16893166862852893,none
SNPW,0.9333333333333333,down
SNPW,0.1333333333333333,none
SNPW,0.5555555555555556,down
SNPW,0.11111111111111116,none
SNPW,0.36363636363636354,none
SNPW,0.11111111111111116,none
SNPW,0.5037593949020132,down
SNPW,0.375,none
SNPW,1.5,up
SNPW,1.0714285714285716,up
SNPW,0.1428571428571428,none
SNPW,1.0714285714285716,up
CAPN,0.08641974078714809,up
CAPN,0.021657297400105913,up
CAPN,0.007905130890387913,up
CAPN,0.012254902189944739,up
CAPN,0.04825794503425285,up
CAPN,0.04700002670288095,up
CAPN,0.013248305637001634,up
CAPN,0.01126344472952967,up
CAPN,0.008884516443350199,up
CAPN,0.04647677633873526,up
CAPN,0.02262023869543106,up
CAPN,0.030651404344863575,down
BBAI,0.07108435409995484,both
BBAI,1.2234041696492768,up
BBAI,1.595375561627343,up
BBAI,0.380281758719887,up
BBAI,1.9545453621828845,up
BBAI,2.1975307488219804,up
BBAI,1.3507852615623497,down
BBAI,0.024072193048163992,down
BBAI,0.20440246644764648,none
BBAI,1.0309477456578304,up
BBAI,0.4713804186742594,none
BBAI,-0.1678832250167568,down
CUB,0.013671908833203572,up
CUB,0.05005005119675143,up
CUB,0.008458571053529651,up
CUB,0.00856328740512935,up
CUB,0.009940300559075022,up
CUB,0.04975124283688581,down
CUB,0.047952001124973664,up
CUB,0.009407283792928656,up
CUB,0.007936500427734305,up
CUB,0.027290421708080936,up
CUB,0.05005005119675143,up
CUB,0.047952001124973664,up
ATAI,0.06694553991181706,down
ATAI,1.009009000301245,up
ATAI,0.27622385638064406,none
ATAI,0.7331081244351654,up
ATAI,0.05590064135337647,down
ATAI,0.8292682643166478,up
ATAI,0.04280574074209076,none
ATAI,0.2897527186458497,none
ATAI,0.11475405137320949,down
ATAI,0.2808349192466768,down
ATAI,0.18112245518582304,none
ATAI,0.11475408394405284,none
GEL,0.0521114434551635,none
GEL,0.0035841557077389563,down
GEL,0.00799990487865343,down
GEL,0.18088410387677079,up
GEL,0.12244897276182298,none
GEL,0.007556690620999618,down
GEL,0.03846163455526974,none
GEL,0.3390329516465094,up
GEL,0.2441634087536797,up
GEL,0.0720200314230055,down
GEL,0.12955885720423654,down
GEL,0.08631943168695444,none
AVNT,0.046852714227553216,down
AVNT,0.2922523050678101,down
AVNT,0.06865320531634866,down
AVNT,0.04809373394445382,down
AVNT,0.1454893747019017,up
AVNT,0.04749271864754756,none
AVNT,0.3043292581406556,up
AVNT,0.061055454853768065,down
AVNT,0.34572861331574933,up
AVNT,0.07878670413161526,none
AVNT,0.11745436088173666,up
AVNT,0.13892944170010213,up
INTS,0.21639339259413415,down
INTS,0.05980861353182654,down
INTS,0.0117647058823529,down
INTS,0.4797979797979799,down
INTS,0.2006369815587934,none
INTS,-0.03150689111997007,down
INTS,2.7508196721311475,down
INTS,0.1934389140271493,none
INTS,0.02020202020202011,down
INTS,0.12713472485768507,down
INTS,5.236559225055862,up
INTS,0.16300937046313346,down
ORGO,0.4032258033504348,up
ORGO,0.723443183455672,up
ORGO,0.29682996048916355,up
ORGO,0.08771930118089988,none
ORGO,0.9577464095059385,up
ORGO,0.6971223049553099,up
ORGO,0.10531923031580614,none
ORGO,0.01590455673342861,down
ORGO,0.28508776470344643,none
ORGO,0.8901408812044826,up
ORGO,0.041356365836316966,down
ORGO,-0.02896083127908844,down
OESX,0.1554054162901104,none
OESX,0.13207549885864966,none
OESX,0.011152459058122899,down
OESX,0.24193547890908285,up
OESX,0.06796114527209496,none
OESX,0.16176473761226706,none
OESX,0.2426666259765624,none
OESX,0.0,down
OESX,0.40366979139379766,up
OESX,0.189655149734262,none
OESX,0.11350057613551345,none
OESX,0.13829789824375793,none
CLBT,0.15444019637959072,none
CLBT,0.05488853788148207,none
CLBT,0.04999995032946458,none
CLBT,0.2579280729962077,none
CLBT,0.042713588509645906,none
CLBT,0.16785074167233138,up
CLBT,0.17123132159511933,up
CLBT,0.23632530699819032,up
CLBT,0.2026578048528822,up
CLBT,0.5547263755358338,up
CLBT,0.1720628662790744,up
CLBT,0.09086084057119104,none
ACGL,0.11095650511712551,none
ACGL,0.09772608205624955,up
ACGL,0.09820722567041296,none
ACGL,0.10934351699516665,none
ACGL,0.07752760385795132,none
ACGL,0.114561786726598,up
ACGL,0.10957875040524745,up
ACGL,0.143061917576073,up
ACGL,0.1283258065569537,up
ACGL,0.12508869974864067,up
ACGL,0.15486725012040115,up
ACGL,0.0014013346295691509,down
ABVX,0.39324728482189863,up
ABVX,0.20164233854515756,none
ABVX,0.20709219838968385,none
ABVX,0.23764119406059758,up
ABVX,0.01578493700745298,down
ABVX,0.176943750684468,none
ABVX,0.0626632513671408,down
ABVX,0.5056146092912519,up
ABVX,9.17655004849344,up
ABVX,0.19185518995163875,none
ABVX,0.02843800256102802,none
ABVX,0.004662000257425358,down
GGRP,0.13496934310049902,down
GGRP,0.369477940871618,up
GGRP,0.08552631372560082,none
GGRP,0.2531328665248802,none
GGRP,0.9491525903168649,down
GGRP,0.022727329024459175,down
GGRP,0.0296846620060478,down
GGRP,0.13636361173361844,none
GGRP,0.1882590723818527,down
GGRP,0.37885755950038735,down
GGRP,0.03539819647948583,down
GGRP,0.07142858967489163,down
MNRO,0.06228971181288556,down
MNRO,0.21313810147504597,up
MNRO,0.07432920455195613,down
MNRO,0.05593556290980484,down
MNRO,0.015593196254963804,down
MNRO,0.0029140420219675445,down
MNRO,0.14578951827193998,none
MNRO,0.0021848540606559386,down
MNRO,0.08566250086065619,none
MNRO,0.0590739882486957,none
MNRO,0.28778699517847306,up
MNRO,0.2388711467011666,up
TURB,8.028697490415626,up
TURB,0.4369747528761494,up
TURB,0.05555560649969826,none
TURB,0.31455843001993733,none
TURB,0.11510206504545284,none
TURB,0.11180120866371634,none
TURB,0.2577319511610616,down
TURB,0.2582782037870135,up
TURB,0.4035088104554496,up
TURB,0.09467453325685127,down
TURB,2.1679391424720333,up
TURB,0.7883116991690029,up
STME,0.05555550036607193,down
STME,0.5161302375852708,down
STME,0.6778537853499993,none
STME,0.6666681015964742,none
STME,0.5357156136440464,none
STME,0.27376215829206396,down
STME,0.20537313618726882,none
STME,0.3019641456485731,down
STME,0.5957446682029526,both
STME,129.5343075773115,up
STME,141.49995226971848,up
STME,0.3265335677968215,down
BCKIF,0.061538469592278044,none
BCKIF,0.00934574641568986,down
BCKIF,0.0825689020725704,down
BCKIF,0.15700142719108712,down
BCKIF,0.10469005198746695,down
BCKIF,0.14694935030017553,down
BCKIF,0.004703098666417382,down
BCKIF,0.5176254136322624,up
BCKIF,0.11705017132866402,down
BCKIF,0.17633681655800437,up
BCKIF,0.08120722451832463,down
BCKIF,0.0950920506116204,down
BRCNF,0.21060605006988653,none
BRCNF,0.09493674002127794,none
BRCNF,0.3522726482514211,down
BRCNF,0.1391474149933054,down
BRCNF,0.2996515516625853,none
BRCNF,0.3682410016605544,none
BRCNF,0.16279070564239584,down
BRCNF,0.05992461191992082,down
BRCNF,0.1134223258213718,down
BRCNF,3.8619072628051496,up
BRCNF,0.2045454319679385,none
BRCNF,0.5478261119103542,up
CMSA,0.011739150337551019,none
CMSA,0.0904000237731486,up
CMSA,0.02221330519042608,none
CMSA,0.02667924154244372,none
CMSA,0.018766721277990728,none
CMSA,0.014205658214378358,none
CMSA,0.04372040003339106,none
CMSA,0.0008748499463466786,down
CMSA,0.0077549638003420185,down
CMSA,0.027151187279983446,down
CMSA,0.09640677721133928,none
CMSA,0.01645459398392113,down
IMAQ,0.013227479410222287,none
IMAQ,0.022727250149756628,up
IMAQ,0.059797661365951216,up
IMAQ,0.04074070116783601,up
IMAQ,0.021532314469747016,up
IMAQ,0.013806645454467636,none
IMAQ,0.008596002893267451,none
IMAQ,0.04253396008290489,up
IMAQ,0.024760112471332585,up
IMAQ,0.04065047654426324,up
IMAQ,0.00913697415513659,none
IMAQ,0.052678585949601286,up
TOFB,0.12264162401747924,down
TOFB,0.3225806234530433,up
TOFB,0.1594203111379744,none
TOFB,0.2117117218707696,none
TOFB,0.2800000190734864,up
TOFB,0.0765957761965721,down
TOFB,0.34166662527455394,down
TOFB,0.039999961853027344,down
TOFB,0.06500005722045898,down
TOFB,0.011029401130226768,down
TOFB,0.4500000476837158,up
TOFB,-0.05027928273034299,down
EVCM,0.08771931222316454,none
EVCM,0.04875719187589844,none
EVCM,0.03190565893187314,down
EVCM,0.3815384889260316,up
EVCM,0.024459099349267488,none
EVCM,0.05181815407492896,down
EVCM,0.11784232811761863,none
EVCM,0.024328855704436547,none
EVCM,0.0116617962316381,down
EVCM,0.0942323158302727,none
EVCM,0.019961043288083236,down
EVCM,0.35802463442730836,up
DPZ,0.048073674195906246,down
DPZ,0.03218493908853404,down
DPZ,0.08049939944220275,none
DPZ,0.19484664630770698,up
DPZ,0.1428688438486232,up
DPZ,0.003521982976564253,down
DPZ,0.09429137406770138,none
DPZ,0.08166452483805542,none
DPZ,0.3635903426013709,up
DPZ,0.05807021618482566,down
DPZ,0.03665351658406446,down
DPZ,0.03519954668032654,none
ALNT,0.33114975838079874,up
ALNT,0.672093184170055,up
ALNT,0.13649008581262612,none
ALNT,0.5815434834961433,up
ALNT,0.6320242688459083,up
ALNT,0.055261440320911515,down
ALNT,0.45822789471494985,up
ALNT,0.025115330736833696,down
ALNT,0.28671548586007223,up
ALNT,0.22032372413157875,up
ALNT,0.07724797871061262,down
ALNT,0.07551657503204678,down
CISS,0.22580647278361488,none
CISS,0.5927906013386615,up
CISS,0.11382123810871825,down
CISS,0.22219374439323336,none
CISS,0.19870904955132507,down
CISS,0.04166668769123305,down
CISS,0.055555499270238284,down
CISS,0.02764985105854212,down
CISS,-0.7660818653812741,down
CISS,0.1001289556738707,down
CISS,0.03813565417110598,down
CISS,0.1907984042840003,none
AMCR,0.04602520938235055,none
AMCR,0.0446334278656062,none
AMCR,0.06839833423638386,down
AMCR,0.03150316993788649,down
AMCR,0.0985168985407272,none
AMCR,0.0989010782038886,up
AMCR,0.17706198900053516,up
AMCR,0.015052960890256095,down
AMCR,0.04212651433995207,none
AMCR,0.011896063382533573,down
AMCR,0.1902602771939641,up
AMCR,0.01132847985449903,down
TRMD,0.7792208938884484,up
TRMD,0.020249657431419044,down
TRMD,0.24466556133028017,up
TRMD,0.04883927732397342,none
TRMD,0.291040904826539,up
TRMD,0.15102385450201217,up
TRMD,0.11346524318654838,none
TRMD,0.22013483843139925,up
TRMD,0.24573868533980514,none
TRMD,0.2201639845095824,up
TRMD,0.22736422304583792,up
TRMD,0.19681782646036616,up
LBRT,0.48628588748353785,up
LBRT,0.29921268347288965,up
LBRT,0.12366160871484011,none
LBRT,0.07407409360650963,none
LBRT,0.2392282189820647,up
LBRT,0.09488769098196026,none
LBRT,0.19153133870805594,up
LBRT,0.033556474573300576,down
LBRT,0.1353211224458284,none
LBRT,0.5207126616933795,up
LBRT,0.053958592755346535,down
LBRT,0.5655738684397602,up
MCY,0.13328905055235896,up
MCY,0.09470711923226949,none
MCY,0.28845826115486917,up
MCY,0.12932799615970292,down
MCY,0.04053170869522549,none
MCY,0.013989110816463368,down
MCY,0.049965110402696356,none
MCY,0.09504639041201046,none
MCY,0.28375893107432737,up
MCY,0.12280395698572244,none
MCY,0.09703484107817895,none
MCY,0.06405553421234567,none
ACGLN,0.021327183162429764,down
ACGLN,0.006540994166811975,none
ACGLN,0.0468507413567969,none
ACGLN,0.06255168552556678,up
ACGLN,0.04200336014055739,down
ACGLN,0.06015740559595639,down
ACGLN,0.026918043800476354,none
ACGLN,-0.0016676398188870678,down
ACGLN,0.13325993060761476,up
ACGLN,0.07754548830050312,up
ACGLN,0.006728525372824201,down
ACGLN,0.05333330646539136,up
CAF,0.020578101602492183,down
CAF,0.08934423522944734,up
CAF,0.29597192167565956,up
CAF,0.07477535585158135,up
CAF,0.18312506070405976,up
CAF,0.07511379487717251,up
CAF,0.19005380300994323,up
CAF,0.10598183421922203,none
CAF,0.03644318858022788,down
CAF,0.07527667012060335,up
CAF,0.04171771662805712,down
CAF,0.0037792609188556092,down
AMLIF,0.051886858232256694,down
AMLIF,0.041840962444885665,none
AMLIF,0.36718741177901815,none
AMLIF,0.03343467330856864,down
AMLIF,0.4907406877230647,none
AMLIF,0.5906039398589937,up
AMLIF,0.8325359239205141,up
AMLIF,0.3400000333786011,up
AMLIF,1.6555023462911405,up
AMLIF,0.07400723303414103,none
AMLIF,0.26358695951464717,up
AMLIF,0.022727250149756628,down
ADI,0.04319968677470909,down
ADI,0.008467070387359499,down
ADI,0.012129497375447773,down
ADI,0.2046021017019004,up
ADI,0.2581952141116872,up
ADI,0.07197171626059418,none
ADI,0.04218698355859152,none
ADI,0.07366275659346178,none
ADI,0.1937501370833259,up
ADI,0.19776121652320167,up
ADI,0.10742513869549741,none
ADI,0.12692451778557756,up
STRRP,0.004064860476487908,down
STRRP,0.5430270687684793,down
STRRP,0.08318437393620126,up
STRRP,0.07802885465629039,up
STRRP,0.10768007041646355,up
STRRP,0.15085115590718012,none
STRRP,0.04521000742532233,none
STRRP,0.24688281699951853,down
STRRP,0.03294674875680914,none
STRRP,0.143441151843835,up
STRRP,0.02556029409678162,none
STRRP,0.03738316094205851,down
ELTK,0.37803335426004203,up
ELTK,0.05004464151367993,down
ELTK,0.28142076155036233,up
ELTK,0.13363636218891028,none
ELTK,0.07124681829222101,none
ELTK,0.016190483456566263,none
ELTK,0.2710027393151344,up
ELTK,0.02965705012626829,none
ELTK,0.16869726457462897,none
ELTK,0.43237700102445764,none
ELTK,0.05938236819078213,none
ELTK,0.08539328780413369,none
RNLXY,0.378021978021978,down
RNLXY,0.4961832061068703,none
RNLXY,0.4161490683229814,none
RNLXY,-0.019607843137254943,down
RNLXY,0.32000000000000006,none
RNLXY,0.30290262172284654,down
RNLXY,0.08650519031141868,down
RNLXY,0.75,up
RNLXY,0.03703703703703698,down
RNLXY,0.0855855855855856,down
RNLXY,0.8181818181818181,up
RNLXY,4.955334987593052,down
LCTC,0.2827586312734369,up
LCTC,0.1774194218241607,none
LCTC,0.3399999618530274,up
LCTC,0.14492753422878746,down
LCTC,0.2820512507010422,up
LCTC,0.532258111654039,up
LCTC,0.709183591547137,down
LCTC,0.24999997385761152,down
LCTC,0.2562814010146568,none
LCTC,0.46153846153846145,down
LCTC,0.33333333333333326,up
LCTC,0.16863902779396245,down
LEG,0.09489467086538372,none
LEG,0.15193323653509538,up
LEG,0.18004120425960957,none
LEG,0.19546250474269455,none
LEG,0.16802452960983505,down
LEG,0.16868828426230031,up
LEG,0.2623157843340036,up
LEG,0.013322849965978767,down
LEG,0.5472559041003726,up
LEG,0.4882695775925472,up
LEG,0.16324696430532093,up
LEG,0.460431478837001,up
RENX,0.34070799557807385,down
RENX,0.35338343923778903,down
RENX,11.238372108593317,up
RENX,0.19417475368583537,down
RENX,0.15000003004074136,down
RENX,0.2140624930325432,down
RENX,9.75351275896424,down
RENX,0.20588239419006626,down
RENX,0.16197184659355934,down
RENX,0.34070799557807385,down
RENX,0.2595419480551815,down
RENX,0.10810808720947507,down
TRLEF,0.12631573593407341,none
TRLEF,0.2978261035421621,down
TRLEF,0.1113631627120042,down
TRLEF,0.023255813953488413,down
TRLEF,0.22807016993493567,down
TRLEF,0.5,none
TRLEF,0.00680131713973986,down
TRLEF,0.41012790685409617,up
TRLEF,0.2006394229775088,none
TRLEF,0.09235358210312183,none
TRLEF,0.6622464877706515,up
TRLEF,0.46389370194784263,up
GDV-PH,0.062347115245728224,up
GDV-PH,0.018466542140183284,none
GDV-PH,-1.5887825455251914e-07,down
GDV-PH,0.019583704072976715,none
GDV-PH,0.014492799849300741,none
GDV-PH,0.030092898617228414,none
GDV-PH,0.005598355517417497,none
GDV-PH,0.05674915863781371,up
GDV-PH,0.005667941171690449,none
GDV-PH,0.07723203654419519,up
GDV-PH,0.0660793426470474,up
GDV-PH,0.00859767967606584,none
SPXC,0.19045482323059693,up
SPXC,0.13784296454240885,up
SPXC,0.03862483510393644,none
SPXC,0.27197431024489305,up
SPXC,0.23167328966464917,up
SPXC,0.06537234760820798,down
SPXC,0.23457674249685834,up
SPXC,0.2914001605167287,up
SPXC,0.007947672600640443,down
SPXC,0.08965851362289845,none
SPXC,0.15983244934845708,down
SPXC,0.2283481768309401,none
GPGCF,0.2727272234672369,down
GPGCF,1.3252032963548306,up
GPGCF,0.20385674885895289,down
GPGCF,0.03714289047280195,down
GPGCF,0.06190481686898508,down
GPGCF,0.2858926000200914,none
GPGCF,0.14492757128607558,none
GPGCF,0.04000001589457236,down
GPGCF,0.3170028345701441,up
GPGCF,0.5432692459238877,up
GPGCF,0.3363914891491746,up
GPGCF,0.10843377733528303,down
FXBY,0.03267223565776578,down
FXBY,0.0,down
FXBY,0.027278075054558037,up
FXBY,0.10701121238526601,up
FXBY,0.003582123858107966,down
FXBY,0.002415520742530264,down
FXBY,0.01142860395125278,down
FXBY,0.13043480558221043,up
FXBY,0.019134722342607935,up
FXBY,0.02153859262897062,down
FXBY,0.05358218844437457,up
FXBY,0.16374260612947733,up
INBP,0.025641078544558438,none
INBP,0.010309268214748757,down
INBP,0.0,down
INBP,0.16666669771075315,down
INBP,0.45833334109435486,up
INBP,0.3124999883584676,down
INBP,0.2142857218883476,up
INBP,0.13541672681458428,none
INBP,0.3124999883584676,none
INBP,0.043478218616745945,down
INBP,0.05660383512049805,down
INBP,0.0,none
ECPL,0.11675125943649589,none
ECPL,1.6190476401660452,down
ECPL,0.571428556223305,down
ECPL,0.2978723341014764,both
ECPL,0.8285715076388143,up
ECPL,0.2127139878732236,none
ECPL,0.6315789731668311,down
ECPL,0.45798310909590656,up
ECPL,0.7142856686699148,none
ECPL,0.5873015497577194,down
ECPL,0.16402118487886885,down
ECPL,1.3846152964428349,up
SPY,0.07708962187582769,up
SPY,0.03080954296293492,down
SPY,0.08928572024981785,up
SPY,0.09071344500094392,none
SPY,0.06089069722465856,up
SPY,0.029927676020500726,none
SPY,0.11394828353189124,none
SPY,0.079304084330029,up
SPY,0.04708829753791255,none
SPY,0.07447696953308758,up
SPY,0.0028455040428412293,down
SPY,0.0036088729662802077,down
OHI,0.06731409757545714,none
OHI,0.10911348599475867,up
OHI,0.09271345243197704,down
OHI,0.10666380124697117,up
OHI,0.027261330027198438,down
OHI,0.06284662625539394,none
OHI,0.010185954862422575,down
OHI,0.04183074296408318,down
OHI,0.11103385373453345,down
OHI,0.013539090246245777,none
OHI,0.16187436148522227,up
OHI,0.13680349856817053,up
HBIO,0.004032196454444081,down
HBIO,0.07305937942190255,down
HBIO,0.20754714434831922,none
HBIO,0.42372872589032573,up
HBIO,0.12171833623851191,down
HBIO,0.283673500528141,none
HBIO,0.005780369125999885,down
HBIO,0.09513272487787705,none
HBIO,0.2949640643157976,up
HBIO,1.0897010208877487,up
HBIO,0.5853658905347008,up
HBIO,0.08675797496008286,none
SHOP,0.40333334604899096,up
SHOP,0.200929894202015,none
SHOP,0.21281594908327195,up
SHOP,0.37378056162812223,up
SHOP,0.5218027192379149,up
SHOP,0.07558365410314405,down
SHOP,0.2033946942246212,up
SHOP,0.32539945956175265,up
SHOP,0.15402915273672746,down
SHOP,0.10086177496504178,down
SHOP,0.1784335775013226,up
SHOP,0.13960302568931127,up
COSM,0.390243897120347,none
COSM,0.04444440127400284,none
COSM,0.22884012726619107,down
COSM,0.06382981241783758,down
COSM,0.057142888769811995,down
COSM,0.23076932481995582,none
COSM,3.642857394328863,down
COSM,0.23809520205312462,down
COSM,0.07112963615630563,down
COSM,0.041198461405480113,down
COSM,0.2252041546037391,down
COSM,0.03883503123630683,down
NLOP,0.07510545146003955,none
NLOP,0.2827700122596235,up
NLOP,0.07737841338183782,none
NLOP,0.012378719795248072,none
NLOP,0.06367538945532658,none
NLOP,0.016135198200530665,down
NLOP,0.14544471803227954,up
NLOP,0.15067045952385905,up
NLOP,0.11940736918612438,none
NLOP,0.034451631913258174,none
NLOP,0.011313071246298101,down
NLOP,0.10879031010896112,none
HKD,0.025848117275132143,down
HKD,1.8882082701962255,down
HKD,0.2181817835027522,none
HKD,0.031055870727966672,none
HKD,1.9408600796356503,up
HKD,0.27575760575146546,down
HKD,0.0801887195617057,none
HKD,1.218823601217831,down
HKD,0.2685714449201311,up
HKD,1.805128028939858,up
HKD,0.11471310101098986,none
HKD,0.06451614639885639,none
VIR,0.07449496804348188,down
VIR,0.24114866807114166,up
VIR,0.17060589751857802,none
VIR,0.3845786785648069,none
VIR,0.3647058104882108,up
VIR,0.08973086701548527,none
VIR,0.035727288783566236,none
VIR,0.22910803957327674,down
VIR,0.37635342038244457,up
VIR,0.19646573449131743,down
VIR,0.838422336362503,up
VIR,0.14353023061151426,down
CURI,0.09302319447696283,down
CURI,0.2989127595332677,none
CURI,0.4146340784812734,up
CURI,0.01796407807523792,down
CURI,0.9668876777189808,up
CURI,0.03538467842210857,down
CURI,1.3380280682128212,up
CURI,0.040756945338080275,down
CURI,0.1098748212346301,down
CURI,0.1818181236367451,none
CURI,0.1206432930329373,none
CURI,0.9668876777189808,up
CAHO,0.22023810495257146,down
CAHO,0.0,down
CAHO,0.06598978382454623,down
CAHO,0.5162454289477341,down
CAHO,0.10526312157057616,up
CAHO,0.26543206560631716,down
CAHO,0.11413038865661429,down
CAHO,0.16279067833272776,down
CAHO,0.0,down
CAHO,0.309328940292263,up
CAHO,0.4383560614819446,up
CAHO,0.24999998137354873,down
BYDDF,0.0790273055785713,down
BYDDF,0.22413167807879097,up
BYDDF,0.10532518824163106,down
BYDDF,0.2725339940906246,up
BYDDF,0.06373333091532518,down
BYDDF,0.24444454829665907,up
BYDDF,-0.033613313251437016,down
BYDDF,0.12698412698412698,down
BYDDF,0.017720086066899787,down
BYDDF,0.23896336639719107,up
BYDDF,-0.024390282125894447,down
BYDDF,0.2871288021257272,up
HLF,0.020775658638484185,down
HLF,0.04642861440879331,down
HLF,0.0016454511067918176,down
HLF,0.1398705547336898,none
HLF,0.1668874433179579,none
HLF,0.032696673643195284,down
HLF,0.0858051330108014,none
HLF,0.25914989676785494,up
HLF,0.1049136073046637,none
HLF,0.0683563255266817,down
HLF,0.02090031759938671,down
HLF,0.42438264121425706,down
RLMLF,0.6666667287548398,none
RLMLF,1.0,none
RLMLF,0.7575757165257264,none
RLMLF,0.8068535594162922,up
RLMLF,0.6047297091083159,none
RLMLF,0.7307692638339369,none
RLMLF,0.7159763600561571,none
RLMLF,0.6239316217545239,none
RLMLF,0.9038076274984361,none
RLMLF,-0.013157933434455371,none
RLMLF,1.9780564050995135,up
RLMLF,1.0652173613752671,none
RVMD,0.1585678006366935,none
RVMD,0.2770093400901723,up
RVMD,0.13959802912141162,down
RVMD,0.5625706128394852,up
RVMD,0.0880417803829785,down
RVMD,0.1140305438522311,down
RVMD,0.03594687180565126,down
RVMD,0.32611129596393074,up
RVMD,0.0772030406206059,down
RVMD,0.33545128371272837,up
RVMD,0.20677960929224048,down
RVMD,0.2869520346558039,none
TEVJF,0.0,down
TEVJF,0.0,down
TEVJF,0.0,down
TEVJF,0.0,down
RMHI,0.30434789118759986,down
RMHI,0.1818181128541314,both
RMHI,0.09090904075341855,down
RMHI,1.921052768620099,both
RMHI,0.23214289515602404,none
RMHI,-0.0410959154652657,down
RMHI,0.5099999904632568,up
RMHI,0.1818181128541314,both
RMHI,0.0070921919858044635,down
RMHI,0.08695654427396815,none
RMHI,0.0,down
RMHI,0.0,down
CNTHN,0.014543590832952313,down
CNTHN,0.0114999150002002,down
CNTHN,0.0,down
CNTHN,0.21293818131566056,up
CNTHN,0.017861607110913447,down
CNTHN,0.04698659521833104,up
CNTHN,0.014543590832952313,down
CNTHN,0.019059801365849616,up
CNTHN,0.018118727820266578,up
CNTHN,0.016604929301405447,up
CNTHN,0.019059801365849616,up
CNTHN,0.05357144453753038,up
SEZL,0.10197410706439936,down
SEZL,0.2618297796358844,down
SEZL,0.8910380303105221,up
SEZL,0.035889203585460105,down
SEZL,0.5253551923635686,up
SEZL,2.2924107703551355,up
SEZL,0.5676438815508744,none
SEZL,0.10523352430719979,none
SEZL,0.5622412289471546,up
SEZL,0.38132295239501035,none
SEZL,0.6669446772857566,none
SEZL,0.4934913865191761,up
SKK,-0.00593471264263723,down
SKK,0.24401917296054965,none
SKK,0.03811660870850053,none
SKK,0.3884891851873451,up
SKK,0.26213598825159634,none
SKK,0.13636368303104174,none
SKK,1.5959597730524764,up
SKK,0.9769231356107271,down
SKK,0.3356400536268538,down
SKK,0.2272727223467237,down
SKK,0.34846471163001413,none
SKK,0.132075521318324,down
CXDO,0.16847831877515484,none
CXDO,0.11747853430095301,none
CXDO,0.12546817549607137,none
CXDO,0.4134831980794498,up
CXDO,0.010315744500411173,down
CXDO,0.15591405354948118,none
CXDO,0.10917722127831442,none
CXDO,0.3051948313327846,none
CXDO,0.0609136466072735,down
CXDO,0.1359648550921977,none
CXDO,1.858823527761809,up
CXDO,0.054421753758616465,down
MSBIP,0.09469560055498571,none
MSBIP,0.02452387296178582,none
MSBIP,0.029108073767067477,up
MSBIP,0.037354324919510296,none
MSBIP,0.023925368281814574,none
MSBIP,0.0259463998916607,none
MSBIP,0.07489871662747549,none
MSBIP,0.026226349472161514,none
MSBIP,0.10284964725314816,none
MSBIP,0.0039524628302929354,none
MSBIP,0.08591990060494914,up
MSBIP,0.06712560487228636,none
GVA,0.06685818513029762,none
GVA,0.14144818079686883,none
GVA,0.10292092317829371,none
GVA,0.13214124528205584,up
GVA,0.03271246778067827,down
GVA,0.16798281195638998,up
GVA,0.20516175537017323,up
GVA,0.13688801850418097,up
GVA,0.058058217199161044,none
GVA,0.12065451503133962,none
GVA,0.09042720739391852,none
GVA,0.21571037293387052,up
AKO-A,0.021749476432547654,none
AKO-A,0.08608197559300002,up
AKO-A,0.013736315441283287,none
AKO-A,0.027668108168072747,none
AKO-A,0.07846283638116058,down
AKO-A,0.077316231373866,up
AKO-A,-0.007993601934345507,none
AKO-A,0.16702019899467935,down
AKO-A,0.15339796739389167,up
AKO-A,0.02777787601479731,down
AKO-A,0.0887096434259722,up
AKO-A,0.0607532998102962,none
OGN,0.016546819181556094,down
OGN,0.11950116950346756,none
OGN,0.42203139874215867,up
OGN,0.07476704131696588,down
OGN,0.049665884478917954,none
OGN,0.03199276755628233,down
OGN,0.25262625976217934,up
OGN,0.016220959162022153,down
OGN,0.10083606017553381,none
OGN,0.00202226201006539,down
OGN,0.06890858475772155,down
OGN,0.04378926188953369,down
OWL,0.21551502921336274,up
OWL,0.10743128131593038,none
OWL,0.4257728651859627,up
OWL,0.12667337310843596,down
OWL,0.2937140002275975,up
OWL,0.11196175884271176,none
OWL,0.13595043924067274,none
OWL,0.19457541156586888,none
OWL,0.007343184785166823,down
OWL,0.15284536862770448,none
OWL,0.08500774970056879,down
OWL,0.1457519792159665,down
QURE,0.3308958846510821,up
QURE,0.14068243635212396,none
QURE,0.05902769154420939,down
QURE,0.03996445826980444,down
QURE,0.4850745969903214,up
QURE,0.010294072479526406,down
QURE,0.19226277379691692,down
QURE,0.0748013289913434,none
QURE,0.017777760823567634,down
QURE,0.01639351754000118,down
QURE,3.125395791451539,up
QURE,0.13535355598193677,none
NGTF,0.08666664017571457,down
NGTF,0.6666667011600969,none
NGTF,0.08162163294171476,none
NGTF,0.07024796887011941,down
NGTF,0.24242428347427358,down
NGTF,0.255813943414575,down
NGTF,0.07229245922528982,down
NGTF,0.3157895356003948,down
NGTF,1.3611112375870218,up
NGTF,0.2445095147079337,none
NGTF,0.5757576168076068,none
NGTF,0.18309859036689846,none
IKT,2.1538463184349226,up
IKT,0.01904771528006588,down
IKT,0.07317073525310214,none
IKT,0.18250000476837158,none
IKT,0.15584416589722494,none
IKT,0.01886802001456611,none
IKT,0.16355134928754622,down
IKT,0.39080469744909463,none
IKT,1.8939392283709426,up
IKT,1.1212120007987023,up
IKT,0.06632646606744141,none
IKT,0.6946565844116466,up
ENVB,-0.06870229007633588,down
ENVB,0.054913294797687806,down
ENVB,0.042857217464320696,down
ENVB,0.8226600985221675,up
ENVB,2.4352941176470586,up
ENVB,0.03649635036496357,none
ENVB,0.15667651493295964,down
ENVB,0.5875370493919896,up
ENVB,0.2561174736674101,down
ENVB,0.003875968992248069,down
ENVB,1.2194305637613172,up
ENVB,0.1509715682888868,down
MKC,0.057388936458338646,down
MKC,0.05110471527062299,down
MKC,0.02578902227970059,down
MKC,0.1558080155825876,up
MKC,0.01694016438134871,down
MKC,0.040607146106584,none
MKC,0.02935602130828685,down
MKC,0.17858809664653763,up
MKC,0.17860503061873945,up
MKC,0.003239632905949197,down
MKC,0.14651285254342872,up
MKC,0.09148835841304237,up
TRIP,0.5919408570403297,up
TRIP,0.3233155767150351,up
TRIP,0.08635098085008241,down
TRIP,0.12017642660009109,none
TRIP,0.07433693451958967,none
TRIP,0.217228429637768,up
TRIP,0.2663514756663865,up
TRIP,-0.003693774607630873,down
TRIP,0.19241007334021942,down
TRIP,0.1335877475905618,none
TRIP,0.14029180936103613,none
TRIP,0.1337461237419324,down
SHBI,0.15473804220732146,none
SHBI,0.04668682702730753,down
SHBI,0.046154090454897156,none
SHBI,0.41548608872421977,up
SHBI,0.012878781674525497,down
SHBI,0.01681845866598697,down
SHBI,0.30869114737003134,up
SHBI,0.06244883229475051,none
SHBI,0.2637602323817887,up
SHBI,0.03691699510904578,none
SHBI,-0.0006102806479990619,down
SHBI,0.1047787344819664,none
ONL,0.0752688012241407,none
ONL,0.41627896224887184,up
ONL,0.13984199261913233,none
ONL,0.2738097058276856,up
ONL,0.18326401741775888,up
ONL,0.5518753092278437,up
ONL,0.15668654056855713,none
ONL,0.01171288781227231,down
ONL,0.23904395824873692,up
ONL,0.06528678128045518,down
ONL,0.015549588908360334,down
ONL,0.013303068753249159,down
UUUFF,0.01886790634044333,down
UUUFF,1.9310344301097064,up
UUUFF,0.20000078427462165,none
UUUFF,0.23395852505277914,none
UUUFF,0.5179542662907242,none
UUUFF,8.35964940637658,up
UUUFF,0.6499999872275759,none
UUUFF,0.5999999727521623,none
UUUFF,0.724429331069782,up
UUUFF,0.24499776089780956,none
UUUFF,0.6844277175333962,down
UUUFF,0.5991881098886025,none
CRUS,0.023692780581778816,down
CRUS,0.12377678220561328,none
CRUS,0.13013497503314464,down
CRUS,0.23600124540692358,up
CRUS,0.0021563149792360736,down
CRUS,0.07675365072157647,none
CRUS,0.18827469489277848,up
CRUS,0.08903853652424232,none
CRUS,0.05185575958096722,down
CRUS,0.0704440683503662,none
CRUS,0.13679034983688876,none
CRUS,0.14423159764253457,up
SOGP,0.060975678174364445,down
SOGP,0.21212135011070687,none
SOGP,0.05191882518315416,down
SOGP,0.08809534793169171,down
SOGP,0.16541351289410078,down
SOGP,0.02511411845605127,down
SOGP,0.021621571947736618,down
SOGP,0.03539808566295499,down
SOGP,0.0810811760850303,none
SOGP,1.3263886087038954,up
SOGP,0.08223354433608243,down
SOGP,-0.013333356439859112,down
DJT,-0.00484264874528717,down
DJT,2.3592678923600645,up
DJT,1.1229003454115563,up
DJT,0.0,down
DJT,0.9323270135156168,up
DJT,0.07604367373153509,none
DJT,1.058120980720366,up
DJT,0.12051419340147285,none
DJT,0.23183828768046766,down
DJT,0.8880838386807097,up
DJT,0.24231710666563444,down
DJT,0.028174757588998123,down
BCBP,-0.003421737273533454,down
BCBP,0.0953694063113506,down
BCBP,0.026917302258914644,none
BCBP,0.12427784926435104,up
BCBP,0.010227266549745817,down
BCBP,0.11405715977878916,none
BCBP,0.12321192085933741,up
BCBP,0.02785669403248514,down
BCBP,0.05853672780290209,none
BCBP,0.14463183687915993,none
BCBP,0.07931306702802265,none
BCBP,0.14202171415813414,up
BML-PL,0.043241826430403085,none
BML-PL,0.07347907419582156,up
BML-PL,0.024128495532111494,none
BML-PL,0.018417720245984537,none
BML-PL,0.011971468871437185,none
BML-PL,0.022286968869354773,none
BML-PL,0.030712366055974938,none
BML-PL,0.03228277400771584,none
BML-PL,0.0450000744796244,up
BML-PL,0.039288830254662566,up
BML-PL,0.04319756250871798,down
BML-PL,0.03748937151033793,none
ADAMZ,0.07558608719575144,up
ADAMZ,0.08750772597956469,none
ADAMZ,0.03270522146547927,none
ADAMZ,0.20332423682064138,up
ADAMZ,0.05699183991561152,none
ADAMZ,0.05930220773234174,none
ADAMZ,0.03211643589682733,down
ADAMZ,0.06490547454820805,none
ADAMZ,0.09752842193361788,up
ADAMZ,0.04043827103935538,none
ADAMZ,0.0817241179035324,up
ADAMZ,0.00821701227620264,none
PFX,0.09947499699392903,up
PFX,0.00941186495522417,none
PFX,0.013985977920283998,none
PFX,0.012419787738992438,down
PFX,0.013960817264986769,none
PFX,0.010309232757560016,down
PFX,0.0015117159123378965,down
PFX,0.01287192091523437,none
PFX,0.08994701382063508,up
PFX,0.0053408671718147005,down
PFX,0.01896565584833443,down
PFX,0.12797311199822525,up
BHM,0.10233061508269192,down
BHM,0.1564287782202236,none
BHM,0.03248981296196729,down
BHM,0.1270071486607114,none
BHM,0.0,down
BHM,0.022993207089281986,none
BHM,0.08457135795616133,none
BHM,-0.013240511671045563,down
BHM,0.01420467453773755,down
BHM,0.17772693085250135,none
BHM,0.04009868119234872,down
BHM,0.0793054309753709,none
CVLT,0.0034517167838781226,none
CVLT,0.07779105891294136,none
CVLT,0.19245235035253927,up
CVLT,0.018391394943040096,none
CVLT,0.05844704873052575,down
CVLT,0.1309856859799292,up
CVLT,0.07840290518034632,down
CVLT,0.03609048821509031,down
CVLT,0.02546667805942482,down
CVLT,0.1963112517202188,up
CVLT,0.0614631028935988,down
CVLT,0.13843627427340532,none
EXPE,0.22035278748314657,up
EXPE,0.0560265737422001,down
EXPE,0.03253178912281607,none
EXPE,0.2416675686640819,up
EXPE,0.16661627877967566,up
EXPE,0.0741511124544052,down
EXPE,0.25894223692618024,up
EXPE,0.28290904561855656,up
EXPE,0.33285489736544704,up
EXPE,0.20726557292999037,none
EXPE,0.020767738494330557,down
EXPE,0.00436399173520674,down
RRGB,0.10644830226457125,down
RRGB,0.0332326693099676,down
RRGB,0.5023473595087817,up
RRGB,0.25697673722303804,none
RRGB,0.2379110253234653,down
RRGB,0.0009460954749822559,down
RRGB,0.5192836618780658,up
RRGB,0.2812813297294181,up
RRGB,0.08350817362523433,down
RRGB,0.03398066679891576,down
RRGB,0.21454542333429516,none
RRGB,0.34296030838453584,up
PMN,0.1758793969849246,none
PMN,0.3181818181818181,none
PMN,0.08000000000000007,none
PMN,0.17567567567567566,down
PMN,0.15384615384615374,down
PMN,0.1376811594202898,down
PMN,0.203125,none
PMN,1.2142857142857144,down
PMN,0.22535211267605626,down
PMN,0.20833333333333326,none
PMN,0.42771084337349397,up
PMN,1.3574822092171148,up
LAND,0.06024987868719278,none
LAND,0.048114106887088726,down
LAND,0.015246002663971137,down
LAND,0.10222226462396278,up
LAND,0.027938455608269797,down
LAND,-0.0008311223243249177,down
LAND,0.3272141633903636,up
LAND,0.15717016332412448,up
LAND,0.004651113220798253,down
LAND,0.029779148319969195,down
LAND,0.07929499461253497,none
LAND,0.1311267421935569,up
THW,0.015892991871310436,down
THW,0.013484958089372778,none
THW,0.01642315922918458,down
THW,0.050012419342165826,none
THW,0.01617874488703963,none
THW,0.018661929253464882,none
THW,0.018768694068791225,down
THW,0.1573243887038016,up
THW,0.043988643365548086,none
THW,0.0430178901325966,none
THW,0.13586155854872217,up
THW,0.016353819355451993,none
CBMJ,0.38461549042245013,none
CBMJ,0.4363636442452421,down
CBMJ,0.12017172789200048,down
CBMJ,0.24799994754791332,none
CBMJ,0.07367639510398916,down
CBMJ,0.2345678976006922,down
CBMJ,0.011058764988989944,down
CBMJ,0.1713836102231332,none
CBMJ,1.515723380465571,up
CBMJ,0.02564098155475092,down
CBMJ,0.7531557205279951,up
CBMJ,0.6683938330553949,none
RXRX,0.20644793866104982,down
RXRX,0.07340422602371421,none
RXRX,1.6041992669166145,up
RXRX,0.08558036562286842,down
RXRX,0.45411760666791134,up
RXRX,0.4968652068075603,up
RXRX,0.03214891068121717,down
RXRX,0.177262521005622,down
RXRX,0.29454782996925344,none
RXRX,0.061158869867246946,none
RXRX,0.1484804696880615,none
RXRX,0.1416486953519167,none
FOR,0.0933471598899227,none
FOR,-0.017107256549595884,down
FOR,0.07808858767501525,down
FOR,0.02478838118002824,down
FOR,0.16906585831356535,up
FOR,0.008691210681776695,down
FOR,0.47697365089372457,up
FOR,0.10015798150082733,down
FOR,0.14615958690896025,up
FOR,0.32512951039631655,up
FOR,0.20657104664893677,down
FOR,0.12344874536391903,none
WYY,0.1548116608028003,none
WYY,0.07526883190618316,none
WYY,0.035665326507868356,down
WYY,0.009280733731803936,none
WYY,0.18710692330801715,none
WYY,0.02189773061485889,down
WYY,0.2366862978731088,up
WYY,0.29605266666478447,none
WYY,0.21912348781115876,none
WYY,0.011494333721897787,down
WYY,0.010101000370632551,none
WYY,0.9209040293817901,up
VKTX,0.8436020371117181,up
VKTX,0.3108225189007099,up
VKTX,4.465090750051458,up
VKTX,0.37556998347751525,up
VKTX,0.016374981960422863,down
VKTX,1.3990023282970134,up
VKTX,0.91512526497152,up
VKTX,0.2125645689634159,up
VKTX,0.20812942577391547,none
VKTX,0.01631870254514567,none
VKTX,0.6928251403943293,up
VKTX,0.3697155156661194,none
AVPT,0.03213882460236728,down
AVPT,0.10399334046552644,none
AVPT,0.13068177200053444,down
AVPT,0.1563045134897545,down
AVPT,0.24694369544353556,up
AVPT,0.03326258055358866,down
AVPT,0.04140792738332699,none
AVPT,0.11045748753694173,down
AVPT,0.2846347274254091,up
AVPT,0.07655958652719574,down
AVPT,0.11581573301393755,up
AVPT,0.25449106733362004,up
FABC,0.033333368654605344,none
FABC,0.022471956014182393,down
FABC,0.06415087990847601,down
FABC,0.1403508496746788,none
FABC,0.14492757128607558,down
FABC,0.08026756146195724,down
FABC,0.4638157451004197,up
FABC,0.0700000524520874,none
FABC,0.5354839920377421,up
FABC,0.3218390458104854,up
FABC,0.17333332697550463,none
FABC,0.046692656457094195,down
PAGS,0.1815384689732411,none
PAGS,0.5376122777077712,up
PAGS,0.12012240989068923,down
PAGS,0.044420469062115275,none
PAGS,0.18192479262360672,none
PAGS,0.020095174031307783,down
PAGS,0.22591369000813377,up
PAGS,0.11474353294599182,down
PAGS,-0.007263836835194715,down
PAGS,0.22954083018690885,none
PAGS,0.09496955488872949,down
PAGS,0.07288391170700859,down
B,0.21728082520445335,up
B,0.29453928270802754,up
B,0.09058146875151385,none
B,0.1818098337256402,up
B,0.06327558413414835,down
B,0.20178555464339132,up
B,0.10768427164364436,none
B,0.19861628298580292,up
B,0.36687965332950645,up
B,0.2311572652754823,up
B,0.012597404451335281,down
B,0.026436145897372754,down
SDHY,0.015713539427337997,down
SDHY,0.024854520520594336,none
SDHY,0.009457415231903576,none
SDHY,0.02972946688195033,none
SDHY,0.015394457339172662,none
SDHY,0.040064426431047684,up
SDHY,0.034067882144453554,none
SDHY,0.047135338882762445,down
SDHY,0.030347054779164218,down
SDHY,0.08658959873388228,up
SDHY,-0.0006018015573956426,down
SDHY,0.06315434656218,up
AR,0.3109779309977163,up
AR,0.4859926617026815,up
AR,0.03851690670902652,none
AR,0.097333632347131,down
AR,0.06834790254585865,down
AR,0.2704191044341393,up
AR,0.15298509321597353,up
AR,0.3427092909645819,up
AR,0.06640956413570054,none
AR,0.11131590678893111,none
AR,0.13637509462629738,none
AR,0.24792504415605165,up
FNMAS,0.0,down
FNMAS,1.3352825097435583,up
FNMAS,0.23699426665339973,up
FNMAS,0.27341775926254663,up
FNMAS,0.017857126131349377,none
FNMAS,0.27397259558135256,up
FNMAS,0.22866897397269748,up
FNMAS,0.9773661301790917,up
FNMAS,0.12250714185912281,down
FNMAS,0.2725779648308724,up
FNMAS,0.025974001846660322,none
FNMAS,0.08991602376460306,down
ACIU,0.020833312637276835,down
ACIU,0.2125000176951286,none
ACIU,0.21630095449643227,none
ACIU,0.7364864190013161,up
ACIU,0.13702624474132374,down
ACIU,0.05645162272362336,down
ACIU,0.2797428145735852,up
ACIU,0.9275362986539486,up
ACIU,0.11620798674538513,down
ACIU,0.032459009396584415,none
ACIU,0.03636360168457031,down
ACIU,0.16055041005260184,none
HCMC,1.0,none
HCMC,0.0,none
HCMC,0.0,none
HCMC,0.5000001091393669,none
HCMC,0.0,none
HCMC,0.0,none
HCMC,0.0,none
HCMC,1.0,none
HCMC,0.0,none
HCMC,0.0,down
HCMC,0.33333323632056966,none
HCMC,0.33333323632056966,none
FBP,0.07470030685530693,none
FBP,0.24892317582015533,up
FBP,0.007407539941340691,down
FBP,0.30362338824747903,up
FBP,0.07040418488317912,none
FBP,0.025603878632530108,down
FBP,0.08634793144086861,none
FBP,0.15510823790170103,up
FBP,0.2419989996137999,up
FBP,0.02460432487465969,none
FBP,0.09207818366805043,none
FBP,0.19251994664876282,up
JUNS,0.06862750368730697,down
JUNS,0.1214953166906032,down
JUNS,0.21052635293918343,none
JUNS,0.0523255306234105,down
JUNS,1.2653060264592715,up
JUNS,0.05555550036607193,down
JUNS,4.852372390542199,up
JUNS,0.0451977648460018,none
JUNS,0.07920796403042596,down
JUNS,0.4009584541335107,none
JUNS,0.4959349632893544,none
JUNS,0.1500000037252902,none
APG,0.34036767164726167,up
APG,0.04802809499891869,down
APG,0.19289338003321066,up
APG,0.10935318182958897,none
APG,0.1488169242863966,none
APG,0.013789776448408064,down
APG,0.04385476648418729,down
APG,0.11939878271017101,up
APG,0.03471908224552278,down
APG,0.3990042581627673,up
APG,0.2864775966815505,up
APG,0.1916883194090686,up
SOAGY,0.20675846108051266,up
SOAGY,0.17766989670076327,up
SOAGY,0.06130467159300612,down
SOAGY,0.18358417224250845,up
SOAGY,0.2098416199527917,up
SOAGY,0.24617418144052028,up
SOAGY,0.22905127163445527,up
SOAGY,0.038950197772948725,down
SOAGY,0.2851852960964911,up
SOAGY,0.23308536893836984,up
SOAGY,0.19375421548546012,up
SOAGY,0.12439916535861406,up
DWSN,0.2316385121052218,down
DWSN,0.44626631982024456,up
DWSN,0.16949154628250485,none
DWSN,0.11874995073852701,none
DWSN,0.5294116925203272,up
DWSN,0.9464286370927577,up
DWSN,0.5340909444965609,up
DWSN,3.817391371050946,up
DWSN,0.4149659069547995,up
DWSN,0.03846163244738232,down
DWSN,0.04040396562127935,down
DWSN,0.17283954459375295,none
APEI,0.49885591813851504,up
APEI,0.07852698353410159,down
APEI,0.3076703040217763,up
APEI,0.007692273834049468,down
APEI,0.1936758952876898,none
APEI,-0.0038535303223112827,down
APEI,1.0484582090038201,up
APEI,0.22272374866379252,up
APEI,0.5093257926015531,up
APEI,0.5903936301934694,up
APEI,0.2017607500539984,up
APEI,1.001818223433061,up
EXPO,0.1453300631214791,up
EXPO,0.03462563102547467,down
EXPO,0.03712389191425647,none
EXPO,0.14048308624844763,up
EXPO,0.052590307391214175,none
EXPO,0.11488605644556293,none
EXPO,0.11208087253921062,up
EXPO,0.04263229331578411,none
EXPO,0.056020488890457854,none
EXPO,0.03590260848662519,down
EXPO,0.001623992873782898,down
EXPO,0.25488608328507545,up
NTES,0.17598608119203196,up
NTES,0.08490969047941666,down
NTES,0.13312676933663847,none
NTES,0.16592649756559652,none
NTES,0.25432296675845767,up
NTES,0.048209070823958866,none
NTES,0.15901497733573722,up
NTES,0.02887203312483,down
NTES,0.17267521568178212,up
NTES,0.1227282596044168,up
NTES,0.13335232908242967,up
NTES,0.15715938964154863,none
TFC-PI,0.1072465440204764,up
TFC-PI,0.04594087736513153,down
TFC-PI,0.06309335478732447,up
TFC-PI,0.046601400079259836,none
TFC-PI,0.0046146498509633815,down
TFC-PI,0.12199545176169768,up
TFC-PI,0.03304671073150223,none
TFC-PI,0.006521818226491449,down
TFC-PI,0.040079316591670855,up
TFC-PI,0.13128770780499632,up
TFC-PI,0.03282196238300217,none
TFC-PI,0.0040269725986030735,down
GNVR,0.05882347166332158,down
GNVR,0.0,down
GNVR,0.33333333333333326,up
GNVR,0.052631592156154205,down
GNVR,0.0,down
GNVR,0.2765957410831661,up
GNVR,0.0,down
GNVR,0.0,down
GNVR,0.28888893127441406,down
GNVR,0.28888893127441406,down
GNVR,0.23404264385315288,down
GNVR,0.05882347166332158,down
ENSC,0.04394181477441794,down
ENSC,0.3095238689932991,up
ENSC,0.015985732490463755,down
ENSC,-0.008849557522123908,down
ENSC,1.1604938271604937,up
ENSC,0.30952380952380953,none
ENSC,0.7602591906841196,up
ENSC,0.29234338747099775,down
ENSC,1.0,up
ENSC,2.2710280373831777,down
ENSC,0.025000015894572014,down
ENSC,0.20454545454545459,down
FMCKO,0.7836256633195116,up
FMCKO,0.05445551215498057,down
FMCKO,0.052631592156154205,none
FMCKO,0.1902439580369335,up
FMCKO,0.0,down
FMCKO,0.2902439231464089,up
FMCKO,0.3145454580133611,up
FMCKO,0.0849056525969969,down
FMCKO,0.8474576362508315,down
FMCKO,0.048648666064176505,down
FMCKO,0.5801526898166871,up
FMCKO,0.09294511705951347,none
BCPC,0.11630512764267231,up
BCPC,0.029016399417377325,down
BCPC,0.07311400896457299,none
BCPC,0.03528729550607279,down
BCPC,0.12256346741158519,up
BCPC,0.024725649700769514,down
BCPC,0.06066156090646713,none
BCPC,0.17587715858614006,up
BCPC,0.051466070773717565,none
BCPC,0.048408707932031,none
BCPC,0.08838986616155764,none
BCPC,0.032609530809627696,down
GNL-PB,0.0185114863695357,down
GNL-PB,0.07540094050876056,none
GNL-PB,0.23030799617847997,up
GNL-PB,0.07424426793284566,none
GNL-PB,0.060885127592265276,none
GNL-PB,0.017662229921730166,down
GNL-PB,0.004851889794350139,down
GNL-PB,0.027939406589788662,none
GNL-PB,0.00792527862821557,down
GNL-PB,0.20024281928742127,up
GNL-PB,0.10888754902086473,none
GNL-PB,0.21269306434139712,up
PYYX,0.0985915909161581,down
PYYX,0.4524589828187753,up
PYYX,0.05555550159250355,down
PYYX,0.06333335240681959,down
PYYX,1.1151515514944763,up
PYYX,0.0504201175583856,down
PYYX,0.6081870986272109,down
PYYX,0.01542414939883896,down
PYYX,1.043478220306857,up
PYYX,0.04384134442993459,down
PYYX,0.23360652453923159,up
PYYX,0.0872727307406338,down
FOXX,2.204545471786467,up
FOXX,0.5666667090521917,none
FOXX,2.4883723454254776,up
FOXX,0.03445064184769153,up
FOXX,0.08343748623970915,none
FOXX,0.525773170536872,up
FOXX,0.9748652892265539,down
FOXX,0.027752009751650375,down
FOXX,0.24804181359808464,up
FOXX,0.0086620977805274,none
FOXX,0.012512041399927787,up
FOXX,0.014585218187551208,down
GOOS,0.17662335680676744,down
GOOS,0.3997277268593793,up
GOOS,0.19864863494843377,up
GOOS,0.24491769135110641,up
GOOS,0.027678062626535382,down
GOOS,0.13023945028768225,down
GOOS,-0.0028449474153087184,down
GOOS,0.032662171354662206,down
GOOS,0.35776015040806164,up
GOOS,0.4346081911009305,up
GOOS,0.38854577674338997,up
GOOS,0.006704323678003554,down
SGIOF,0.17231116184976747,none
SGIOF,0.04585060703623878,down
SGIOF,0.039761868850291204,none
SGIOF,0.05072572492691707,down
SGIOF,0.022060252127500846,none
SGIOF,0.01677007690655663,none
SGIOF,0.04291617526791924,none
SGIOF,0.09747815949806848,up
SGIOF,0.02045709352746683,none
SGIOF,0.22787618676456356,up
SGIOF,0.19631415198502022,up
SGIOF,0.031097199111633778,down
NA,0.039999961853027344,none
NA,0.2551439788174419,none
NA,3.0290696006197777,up
NA,0.0185185185185186,down
NA,0.22565315930098628,down
NA,0.2133333418104384,none
NA,0.37209302325581395,none
NA,0.38053098390746354,none
NA,1.2721311267810749,down
NA,1.5,down
NA,6.170842938416207,up
NA,1.7696793618978908,down
VOYA-PB,0.09217506663217678,none
VOYA-PB,0.03346169979345559,none
VOYA-PB,0.0468024135267362,none
VOYA-PB,0.036212783428710704,none
VOYA-PB,0.08936681033455707,up
VOYA-PB,0.025084605661663373,none
VOYA-PB,0.03459116770409287,down
VOYA-PB,0.03132916547521436,down
VOYA-PB,0.11417311536896757,none
VOYA-PB,0.012572297788591147,down
VOYA-PB,0.007291058165567854,none
VOYA-PB,0.12121678954228865,up
GDXD,0.5786827551533433,up
GDXD,0.9837019790454016,up
GDXD,0.017928286852589626,down
GDXD,0.23914541695382496,down
GDXD,0.12869486130059116,down
GDXD,0.10344827586206895,down
GDXD,0.13637633907778302,down
GDXD,0.43695652173913047,up
GDXD,0.04282115869017633,down
GDXD,0.07343283582089555,down
GDXD,0.1872791519434629,down
GDXD,0.4337899543378996,down
CHGG,0.04232806535494826,none
CHGG,0.032044194004539506,down
CHGG,0.3931386027915025,up
CHGG,0.03976836686548024,down
CHGG,0.03471298221989416,down
CHGG,0.0036585041059751244,down
CHGG,0.3976743831190952,up
CHGG,0.02857151615376763,none
CHGG,0.15189879784719085,down
CHGG,0.052147264090660395,down
CHGG,1.1403509542442323,up
CHGG,0.21621616832351465,down
BCRX,-0.0023147942039266622,down
BCRX,0.748068127724264,up
BCRX,0.14173230061166575,none
BCRX,0.632804298053808,up
BCRX,0.162303700212723,none
BCRX,0.23540857384774472,none
BCRX,0.16382699623217412,none
BCRX,0.16413787315631745,up
BCRX,0.38651693050585667,up
BCRX,0.07951805207774032,down
BCRX,0.06280198967797257,down
BCRX,0.17063077616465128,none
HMMR,0.005025135787766644,down
HMMR,0.39999998509883894,none
HMMR,0.4387754481417705,none
HMMR,0.0,down
HMMR,0.8181817873942949,up
HMMR,0.5183245664834812,none
HMMR,0.0924369095493276,none
HMMR,0.10188683573993651,down
HMMR,0.08395323854019932,down
HMMR,0.27017541438038406,none
HMMR,0.2751677355666007,down
HMMR,0.2816594037062896,none
WSO,0.08285973695281368,none
WSO,0.006078527503447617,down
WSO,0.05539924678467778,down
WSO,0.16865741919383237,up
WSO,0.08426498954594663,none
WSO,0.0672387709544564,down
WSO,0.0522226564749948,down
WSO,0.09330614119100256,down
WSO,0.10549039408729977,none
WSO,0.09966993164560356,none
WSO,0.08755316434651306,down
WSO,0.08565732902169687,none
TAYD,0.3832486624657394,up
TAYD,0.07927216701644535,none
TAYD,0.08390733605858736,none
TAYD,0.21836737871468048,up
TAYD,0.251863975639975,up
TAYD,0.0,down
TAYD,0.6461808107839044,up
TAYD,0.7206882910697998,up
TAYD,0.20771923399808112,none
TAYD,0.031779682634549555,down
TAYD,0.1688482035929888,none
TAYD,0.041666697470101655,none
CTOS,0.1222056880774367,up
CTOS,0.03484848824195419,down
CTOS,0.15308638428646204,down
CTOS,0.07053288419957493,none
CTOS,0.08970099062523884,none
CTOS,0.17953674440063816,none
CTOS,0.1222056880774367,none
CTOS,0.16625299369119628,none
CTOS,0.014195532111145992,down
CTOS,0.03513177128974765,down
CTOS,0.20886070553337066,up
CTOS,0.06205924509886729,none
UTKN,0.1363635912086043,up
UTKN,0.055896339194981826,down
UTKN,0.3281249802093955,down
UTKN,0.007618613689340581,down
UTKN,0.06342047409618967,none
UTKN,0.27659579648751587,up
UTKN,0.3204747656918341,none
UTKN,0.0361501421124073,down
UTKN,0.0067114566479797855,down
UTKN,0.07913667090369447,down
UTKN,0.051401817618486056,down
UTKN,0.06595248567274581,none
WEXPF,0.288913839992742,down
WEXPF,0.6388104765738676,up
WEXPF,0.10375636486444906,none
WEXPF,0.3939737985265106,up
WEXPF,0.44138979183436877,up
WEXPF,0.03509460366643369,down
WEXPF,0.3676134855844213,up
WEXPF,0.6770331105597072,up
WEXPF,0.21999999552965166,none
WEXPF,0.015271052097500348,down
WEXPF,0.7159090893697146,up
WEXPF,0.07965546811871138,none
FMCCK,0.14000002543131518,down
FMCCK,0.6027874871278884,up
FMCCK,0.2990291132690075,up
FMCCK,0.14415500471060816,none
FMCCK,0.04791209461924795,up
FMCCK,0.0,down
FMCCK,0.054867245583538615,up
FMCCK,-0.004206451419027313,down
FMCCK,0.10823530309340534,none
FMCCK,0.1114286014011927,down
FMCCK,0.22905033216104198,none
FMCCK,0.002518889267302482,down
UHAL-B,0.1046018189079736,down
UHAL-B,0.06287004067934499,none
UHAL-B,0.15993467044148146,none
UHAL-B,0.0864540324200278,none
UHAL-B,0.03721527003132774,none
UHAL-B,0.029197075907429815,down
UHAL-B,0.27473594745672214,up
UHAL-B,0.05060369665642428,none
UHAL-B,0.03649875099504296,down
UHAL-B,0.07480322665622685,none
UHAL-B,0.12012756699691507,up
UHAL-B,0.03392689905719792,none
IBTA,0.045666395881217126,down
IBTA,0.0767880618560084,none
IBTA,0.26773084563796057,up
IBTA,0.36272807191251055,up
IBTA,0.010234861418018326,down
IBTA,0.03528124518031395,down
IBTA,0.2515459872665362,up
IBTA,0.0226692593130835,down
IBTA,0.27038523004160964,none
IBTA,0.05599553579189864,down
IBTA,0.012758145803782872,down
IBTA,0.11399943270194401,down
HUDI,0.06835436436672016,down
HUDI,0.18450911132987646,none
HUDI,0.03726539899572723,none
HUDI,0.01351350045186761,down
HUDI,0.24726468165382154,none
HUDI,0.012856112684404897,down
HUDI,0.27741940644231633,up
HUDI,0.5370704660958014,up
HUDI,0.4405010752230034,up
HUDI,0.2073170953318877,none
HUDI,0.20833330699289787,up
HUDI,0.11999998092651376,none
AESI,0.3189939329510405,up
AESI,0.16682434471285923,up
AESI,0.07295356790548135,down
AESI,0.023798586279819345,down
AESI,0.039798170983412984,down
AESI,0.013157836948407109,down
AESI,0.2458988396900057,up
AESI,0.1596523181003715,none
AESI,0.18644322032127247,up
AESI,0.31847133500027236,up
AESI,0.07367833569141435,down
AESI,0.07689037364261431,down
AGM,0.03385410322152538,down
AGM,0.3016719247942692,up
AGM,-0.001463512967790126,down
AGM,0.2178537285565676,up
AGM,0.11154930909931782,none
AGM,0.18408265813813207,up
AGM,0.20772204896427793,up
AGM,0.12433034013980304,up
AGM,0.05865171813311254,none
AGM,0.06294000854977799,down
AGM,0.015565477218885349,none
AGM,0.14245246338438355,up
OMER,0.022298476182188054,down
OMER,0.1438679637837661,down
OMER,0.47532466728222,up
OMER,0.141069371615419,none
OMER,0.5343283620330002,none
OMER,0.02535655291014627,down
OMER,0.2844036085197674,none
OMER,0.029040345962212832,down
OMER,0.4320176078397049,down
OMER,0.08185537665452092,down
OMER,0.08459213783388875,down
OMER,0.12221509344096071,down
TRX,0.08695650202114802,down
TRX,0.16666658388244104,up
TRX,0.06250003492459744,none
TRX,0.06818182126057049,down
TRX,0.052631633983975634,down
TRX,0.042553214424603025,none
TRX,0.15384616560249453,none
TRX,0.12499995343387194,none
TRX,0.3888888336994052,up
TRX,0.16129035979478323,none
TRX,0.48484845474513016,up
TRX,0.13207557779396217,down
ATMU,0.026502599612530542,down
ATMU,0.0038775916449897974,none
ATMU,0.24735126840607413,up
ATMU,0.19847569065054582,up
ATMU,0.12384933073920457,none
ATMU,0.21428583986635896,up
ATMU,0.21352547819093104,up
ATMU,0.2464994113457155,up
ATMU,0.2366482392120115,up
ATMU,0.1666654115610462,up
ATMU,0.11959384962870456,up
ATMU,0.020931040065636397,down
PIAC,0.0,none
PIAC,0.24555163199539276,none
PIAC,0.0,none
PIAC,0.24555163199539276,none
PIAC,0.34146337031183593,none
PIAC,0.34146337031183593,up
PIAC,0.40575082001615415,up
PIAC,0.0,down
PIAC,0.25714287173991335,none
PIAC,0.25714287173991335,none
PIAC,0.39682553198333537,up
PIAC,0.34146337031183593,up
ARES,0.017535074205161205,down
ARES,0.0876601168342348,none
ARES,0.010758918741775148,down
ARES,0.09493681044118518,up
ARES,0.298499943199374,up
ARES,0.003656842835787266,down
ARES,0.1975802034587133,up
ARES,0.08138077305004554,none
ARES,0.07149510311473084,none
ARES,0.10773348805515948,down
ARES,0.29993144832138174,up
ARES,0.14378915494605837,up
UTF,0.06624783567942694,none
UTF,0.04145219054721494,down
UTF,0.014441966626529634,none
UTF,0.03585706207908057,none
UTF,0.08498406529944513,up
UTF,0.04507570051491383,down
UTF,0.07882534897152582,none
UTF,0.05965369185332969,none
UTF,0.016244086637076993,none
UTF,0.03107736305137987,down
UTF,0.09149048484294986,up
UTF,0.0545919268878412,down
BTSG,0.3347418461738496,up
BTSG,0.35360962221683767,up
BTSG,0.2789565376613452,up
BTSG,0.27054427730773156,down
BTSG,0.34089677946608865,down
BTSG,0.44755606867076825,up
BTSG,0.18535681251814662,up
BTSG,0.13066669040256085,none
BTSG,0.2782036911897343,up
BTSG,0.37942776423924074,up
BTSG,0.2923197080979354,up
BTSG,0.1640953870517865,up
RWAX,0.0,down
RWAX,0.5999998835846838,down
RWAX,0.0,down
RWAX,0.3859648219862708,none
RWAX,0.22222223659448437,down
RWAX,0.1818181914392829,none
RWAX,0.17092334135844278,down
RWAX,0.0,none
RWAX,0.0,none
RWAX,0.5999998835846838,down
RWAX,0.09999997764825852,none
RWAX,0.5000001091393669,none
ASTS,0.11921572217754295,down
ASTS,0.1516129171190852,down
ASTS,0.9119374173175121,up
ASTS,4.843750043239977,up
ASTS,0.10860485895858285,down
ASTS,0.08391609032863334,down
ASTS,0.2052117681238701,none
ASTS,-0.045741317803384196,down
ASTS,0.044680860993440596,down
ASTS,4.235059917628755,up
ASTS,0.0,down
ASTS,1.1753049668042106,up
HCI,0.28453309946368077,up
HCI,0.09943984386737625,none
HCI,0.11416527404351107,none
HCI,0.30333733490424675,up
HCI,0.05042894149962307,down
HCI,0.2452116884891966,up
HCI,0.1195335880752999,none
HCI,0.08039724823021288,down
HCI,0.06847385540998041,down
HCI,0.03460932403261907,down
HCI,0.26691335081227163,up
HCI,0.2779622538667619,up
COMP,0.2834890456691155,down
COMP,0.05042665641719579,down
COMP,0.11935956118209523,none
COMP,0.007594929374080017,down
COMP,0.4338982883728433,down
COMP,0.2965838986457454,down
COMP,0.03668180310757907,down
COMP,0.9541665586708814,up
COMP,0.21677212790311384,none
COMP,0.04972973385372681,none
COMP,0.08630131796480689,down
COMP,0.09345248056377597,down
DY,0.22719052826582686,up
DY,0.08181485025226842,none
DY,0.04132706862905944,none
DY,0.02433868337751033,none
DY,0.08199957690242465,down
DY,0.14296138693962113,up
DY,0.15312745523301952,none
DY,0.29177302064776156,up
DY,0.5480075793617984,up
DY,0.04652382829745472,none
DY,0.04621582340045549,down
DY,0.11881013272598451,none
HFFG,0.18367343901372912,none
HFFG,0.14896989948408645,none
HFFG,0.21654497264567452,none
HFFG,0.013687158055804227,down
HFFG,0.3118643467811917,up
HFFG,0.12386709755843528,none
HFFG,0.12560382096292844,none
HFFG,0.04038462420187083,down
HFFG,0.1307338709562762,none
HFFG,0.05665396309679438,none
HFFG,0.16187986890588402,none
HFFG,0.2893518403540427,none
TENB,0.1680538980597357,none
TENB,0.06259202582233447,none
TENB,0.07106295318914913,down
TENB,0.1317689729551923,up
TENB,0.13592009348505796,down
TENB,0.08800196389768256,none
TENB,0.015400833728618668,none
TENB,0.0751910994721976,down
TENB,0.08208636709685702,down
TENB,0.06919271618195588,down
TENB,0.08441891034964111,none
TENB,0.2657305016733984,up
PMT-PA,0.017140519774140772,none
PMT-PA,0.029714247086200185,up
PMT-PA,0.10107233386404135,none
PMT-PA,0.12295044021887302,up
PMT-PA,0.10629715259340733,up
PMT-PA,0.036093435626617154,down
PMT-PA,0.046017240698583706,up
PMT-PA,0.06610664780301767,up
PMT-PA,0.09145808954868961,none
PMT-PA,0.029112205845620354,none
PMT-PA,0.012851990465834406,none
PMT-PA,0.14673633836959188,none
ATH-PA,0.044426780192124316,none
ATH-PA,0.05669890304645575,down
ATH-PA,0.008733163681002853,none
ATH-PA,0.014043131847528922,down
ATH-PA,0.22166254984599099,up
ATH-PA,0.07226014252672042,none
ATH-PA,0.07227686446374881,none
ATH-PA,0.061262239547648756,down
ATH-PA,0.05880829576238167,none
ATH-PA,0.03427861923070563,down
ATH-PA,0.041731883114694,down
ATH-PA,0.0022515465119563594,none
PSA-PJ,0.017300718750237642,down
PSA-PJ,0.027991175259523438,down
PSA-PJ,-0.007165333788466288,down
PSA-PJ,0.03432564313028341,none
PSA-PJ,0.08518766017615764,up
PSA-PJ,0.003369608778930111,none
PSA-PJ,2.0361673103153066e-07,down
PSA-PJ,0.008033869873360633,down
PSA-PJ,0.010309616645836517,down
PSA-PJ,0.005319155795297847,down
PSA-PJ,0.07775947984446674,up
PSA-PJ,0.009759810488778164,none
EACO,0.03797468354430378,down
EACO,0.07894736842105265,up
EACO,0.03797468354430378,down
TMGI,0.7383178236474335,down
TMGI,0.6864000558853149,none
TMGI,1.2499999068677439,up
TMGI,1.0,none
TMGI,0.0,down
TMGI,0.2857142857142858,down
TMGI,0.7566667641450984,none
TMGI,1.0,none
TMGI,1.0,none
TMGI,0.0,down
TMGI,1.25,up
TMGI,1.0,none
NMIH,0.04498269243715036,down
NMIH,0.36386389511147876,up
NMIH,0.12313869636974517,none
NMIH,0.03219173295029587,none
NMIH,0.13639132549183386,up
NMIH,0.22858429328520424,up
NMIH,0.14015281086551434,up
NMIH,0.022309720702758717,down
NMIH,0.29261533297025233,up
NMIH,0.20605267976459696,up
NMIH,0.06983801339989615,down
NMIH,0.05776629977071823,down
ES,0.1730967213429273,up
ES,0.13191586422501023,up
ES,0.16899902463108862,up
ES,0.035782516973256184,down
ES,0.07847276956310245,none
ES,0.03544512221134677,none
ES,0.013186706010545501,down
ES,-0.006783216029953465,down
ES,0.030374860863618514,down
ES,0.04624012679804168,none
ES,0.046733582261851536,none
ES,0.006635341057330546,down
NEWT,0.07360738464353744,down
NEWT,0.018276938333407156,down
NEWT,0.2616594920234947,up
NEWT,0.2890331021603909,up
NEWT,0.28966151960662834,up
NEWT,0.12071093231790764,none
NEWT,0.14737792569132124,none
NEWT,0.034726791363383525,down
NEWT,0.11330866098975045,down
NEWT,0.21695608544042666,up
NEWT,0.04549210743038845,none
NEWT,0.0875329753361509,none
SMG,0.19177481052010803,up
SMG,0.13415168196934046,none
SMG,0.26084139047243293,up
SMG,0.16890527717840342,down
SMG,0.02464826186482716,down
SMG,0.008491592978218554,down
SMG,0.029345222585985598,none
SMG,0.034306751051708106,down
SMG,0.2211480440873299,up
SMG,0.013898415442326062,down
SMG,0.13657590699631883,none
SMG,0.06772360299410018,none
ODFL,0.02250249164071394,down
ODFL,0.33006259181820874,up
ODFL,0.05183413920813651,down
ODFL,0.23438239526032167,up
ODFL,0.1003267838336892,none
ODFL,0.11923308075950811,none
ODFL,0.012660567048850657,down
ODFL,0.04914868047227006,down
ODFL,0.06492532898508596,down
ODFL,0.04692888962181585,down
ODFL,0.00509792244641849,down
ODFL,0.07599907998978628,none
ARM,0.2677187782280477,up
ARM,0.4234875557958666,up
ARM,-0.004899181023297117,down
ARM,0.12389035819379979,none
ARM,0.8462098695162237,up
ARM,0.48135604373784013,up
ARM,0.5644425827836723,up
ARM,0.3096534351343563,up
ARM,0.6788223738118302,up
ARM,0.12339280682928111,none
ARM,0.20385157920865304,up
ARM,0.1685413124370645,up
TYRA,0.014198818275611647,down
TYRA,0.03475408085056997,none
TYRA,0.5097783322710703,none
TYRA,0.49241873696616456,none
TYRA,0.06656351761556611,none
TYRA,0.20434775964138052,none
TYRA,0.48812258946031317,up
TYRA,0.48370375456633385,up
TYRA,1.1113792945598733,up
TYRA,0.15600004196166983,none
TYRA,0.3329599799966907,up
TYRA,0.07945204572724718,down
EONR,0.06463871881294758,down
EONR,0.8627451094972407,down
EONR,0.010945239262647455,up
EONR,0.0,none
EONR,0.6599999666213989,up
EONR,0.7364016924228154,up
EONR,0.13931298682436988,up
EONR,0.12594695746748186,none
EONR,0.029914527193154905,none
EONR,0.07894737254879813,none
EONR,0.6926605354083042,up
EONR,0.13282728876634087,up
QULL,0.20465945712197975,up
QULL,0.08734913067865402,up
QULL,0.11030249375482337,down
QULL,0.1942733172815132,up
QULL,0.11497448202706329,up
QULL,0.018567682766074345,down
QULL,0.22015786371540713,up
QULL,0.17403885696314014,up
QULL,0.11391456828269297,down
QULL,0.06876734269185314,down
QULL,0.08830406705853511,up
QULL,0.07340834232084914,down
CHKIF,0.21052635293918343,down
CHKIF,0.0,down
CHKIF,0.36363627332629944,up
CHKIF,0.052631633983975634,none
CHKIF,0.11764703304297397,up
CHKIF,0.11764703304297397,down
CHKIF,0.5333333002196432,up
CHKIF,0.10294116486933835,down
CHKIF,0.11764703304297397,down
CHKIF,0.1875000116415324,up
CHKIF,0.09090911061310525,up
CHKIF,0.11764703304297397,up
GBNXF,0.08377057973543445,up
GBNXF,0.03840053525087761,up
GBNXF,0.004300961068435916,down
GBNXF,0.08734170510890982,down
GBNXF,0.012956395341144678,down
GBNXF,0.08460565512135565,down
GBNXF,0.09364175463158819,down
GBNXF,0.11425204206225215,down
GBNXF,0.029807918015577917,down
GBNXF,0.0493387467381432,down
GBNXF,0.08301507904405736,up
GBNXF,0.09111877842513527,down
TLF,0.0447059351247725,none
TLF,0.3685637583606993,up
TLF,0.04408355784377549,none
TLF,0.034965084057255735,none
TLF,0.029605384164777426,none
TLF,0.0068028433621400985,none
TLF,0.09302309774683226,up
TLF,0.1454545257120039,none
TLF,0.04040410001179784,down
TLF,0.022727282784579028,down
TLF,0.7319999573665164,down
TLF,0.0444444229028087,down
DEFT,0.8274853393491033,down
DEFT,0.01351350045186761,down
DEFT,1.1336206688360702,up
DEFT,0.3023255014496957,up
DEFT,0.08093530408874994,down
DEFT,0.08108109849660972,down
DEFT,0.15434084735192455,none
DEFT,1.060439501058048,up
DEFT,0.022108862569857113,down
DEFT,0.7281105383205664,up
DEFT,0.305454514243386,none
DEFT,0.028037355064628677,down
AIG,0.3022324805883192,up
AIG,0.08069726625719498,up
AIG,0.061278929092356105,none
AIG,0.08837573427002932,none
AIG,0.06924408747739408,none
AIG,0.06341032349078257,none
AIG,0.003005008129050024,down
AIG,0.04069048692800403,none
AIG,0.0421596772558932,down
AIG,0.08535188587945441,up
AIG,0.058261635730932015,none
AIG,0.021693673583828454,down
GENC,0.15817088699717274,none
GENC,0.02950818421410739,down
GENC,0.2745900910504899,down
GENC,0.006566013425831185,down
GENC,0.08268057686590247,down
GENC,0.03299856900959286,down
GENC,0.07476637429863708,none
GENC,0.16772822833433199,none
GENC,0.16752842531309997,up
GENC,0.14271409511585964,up
GENC,0.19576724008564694,up
GENC,0.06845753591546577,none
RMM,0.027335259543490364,none
RMM,0.0754327397183332,none
RMM,0.08220925198149454,none
RMM,0.07676652910496284,none
RMM,0.0378306156848951,none
RMM,0.008789362222493713,none
RMM,0.060201289575512185,none
RMM,-0.0006508112382592746,none
RMM,0.07231354627277509,none
RMM,0.027440934755922353,none
RMM,0.02058814432185696,none
RMM,0.08779844576787843,none
MNKD,0.5743440204864809,up
MNKD,0.6474576457483059,up
MNKD,0.05615545261732091,none
MNKD,0.32313576502048447,up
MNKD,0.23317314966543456,up
MNKD,0.13114747797771287,none
MNKD,0.2905027888314613,up
MNKD,0.14150953157044532,none
MNKD,0.012178640624345594,down
MNKD,0.23575132397978926,down
MNKD,0.2983114775510789,up
MNKD,0.0,down
RKLIF,0.0,down
RKLIF,0.005649696639083324,up
RKLIF,-0.03129278922310941,down
RKLIF,0.005649696639083324,up
RKLIF,0.20518333868490513,up
RKLIF,0.0,down
RKLIF,0.20518333868490513,up
RKLIF,0.005649696639083324,up
RKLIF,0.0,down
RKLIF,0.051709029085440505,down
RKLIF,0.0,down
CLIR,0.25641025014020835,none
CLIR,0.013793090294147436,none
CLIR,0.45454546580489175,up
CLIR,0.030303050736824266,down
CLIR,0.27536232885606293,none
CLIR,0.16788322793839772,down
CLIR,0.5238095238095237,up
CLIR,0.09160303620773669,none
CLIR,0.06451606618171479,down
CLIR,0.038759691068654956,none
CLIR,0.0,down
CLIR,0.2447551748001635,none
TPR,0.2954064979927111,up
TPR,0.08699603817037871,none
TPR,0.03534707042326923,down
TPR,0.36104870601715544,up
TPR,0.0637000204769489,down
TPR,0.22220976150890026,up
TPR,0.04269519437137004,down
TPR,0.23525566700282052,up
TPR,0.032524111879778994,down
TPR,0.42482584682423874,up
TPR,0.23750653322021353,up
TPR,0.10030595260363673,none
ACNT,0.07492792933758752,none
ACNT,0.09470125855981837,down
ACNT,0.12262651858861329,up
ACNT,0.08832485805744383,none
ACNT,0.05303762746427565,none
ACNT,0.016636998687748594,down
ACNT,0.03802277577232216,none
ACNT,0.10408288883370731,none
ACNT,0.02711079671622829,down
ACNT,0.3245032963868164,up
ACNT,0.4353562300725471,up
ACNT,0.4257885219188955,up
RBGPF,0.2146496243195275,up
RBGPF,0.09493303889884808,none
RBGPF,0.017085622242104304,none
RBGPF,0.15013130581307998,up
RBGPF,0.028999659992604343,none
RBGPF,0.21390094284939187,up
RBGPF,0.004669480478032284,down
RBGPF,0.06429207849037444,none
RBGPF,0.05673974259020831,down
RBGPF,0.11097884279464765,none
RBGPF,0.11299232026869843,up
RBGPF,0.12055525723883842,none
SUNS,0.04043804019902719,none
SUNS,0.0659414672170131,none
SUNS,0.12607753880730566,none
SUNS,0.04249669030864989,none
SUNS,0.06054060299056352,none
SUNS,0.07337726892708751,none
SUNS,0.12451513500762523,none
SUNS,0.11645279623734162,none
SUNS,0.03736897377804582,none
SUNS,0.019910431478645352,down
SUNS,0.05157386253629914,none
SUNS,0.06741563061431033,none
PXLW,0.012345700008071558,down
PXLW,0.1346154140062361,none
PXLW,1.150214624480152,up
PXLW,0.03693570219425335,none
PXLW,0.3048245601804731,none
PXLW,1.4558823552327813,up
PXLW,0.3333333810647816,up
PXLW,0.3431151567122275,up
PXLW,0.4547677029771737,up
PXLW,-0.011494272473158929,down
PXLW,0.0581395735671042,down
PXLW,0.15447158884077017,none
ILLR,0.05426362663871198,down
ILLR,0.1217391695249741,down
ILLR,0.0070859188263137085,up
ILLR,0.015479881470100043,none
ILLR,0.17030573177950603,none
ILLR,0.24600637468796105,down
ILLR,0.32911388126441277,down
ILLR,1.836065493037513,down
ILLR,0.5307692942534701,down
ILLR,0.29530204294587126,none
ILLR,0.0013717735163463196,down
ILLR,0.13888888888888884,down
MATV,0.1284083803838063,down
MATV,0.056853445923509716,none
MATV,0.03605913076978817,down
MATV,0.057062225070445116,down
MATV,0.2157165314675782,none
MATV,0.09329168178250069,none
MATV,0.1135771526389402,none
MATV,0.19982304992442312,up
MATV,0.025177058018061915,down
MATV,0.01410685954014701,none
MATV,0.06292308493257415,none
MATV,0.01975634112419966,down
AFGB,0.031255377674691553,none
AFGB,0.19220229306084224,up
AFGB,0.021323674283846517,none
AFGB,0.06334120973093538,up
AFGB,0.05373678713575014,none
AFGB,0.003977746654787895,none
AFGB,0.004896598279033659,down
AFGB,0.09722223472029135,up
AFGB,0.05351970324034605,up
AFGB,0.054177080098928077,none
AFGB,0.0403567651224046,none
AFGB,0.1024538098426202,up
ATAT,0.17159748537158093,up
ATAT,0.22781912497850665,none
ATAT,0.19157290701129082,none
ATAT,0.04517744211122632,none
ATAT,0.019042662175677183,down
ATAT,0.009503856908978703,down
ATAT,0.19810992772185143,down
ATAT,0.2213889482567002,up
ATAT,0.056387282296778585,down
ATAT,0.1117350140511062,none
ATAT,0.0872138549545538,none
ATAT,0.07311259490072142,none
ENOV,0.0924461791795268,none
ENOV,0.02058618826689096,down
ENOV,0.04119128032927821,down
ENOV,0.09703510611542265,down
ENOV,0.2076393384773738,up
ENOV,0.03346399371799724,down
ENOV,0.22222225525507233,up
ENOV,0.016565390775805433,down
ENOV,0.16891535730151253,up
ENOV,0.11202358345060537,none
ENOV,0.1490122384959749,up
ENOV,0.012329201349038366,down
CSCCF,0.19369372126827944,none
CSCCF,0.0864672187698321,down
CSCCF,0.1687911245831868,down
CSCCF,0.10951728708331587,down
CSCCF,0.48373985315741796,up
CSCCF,0.0646766741580711,down
CSCCF,0.37569674305877676,up
CSCCF,0.17256641882738788,none
CSCCF,-0.011253970608584574,down
CSCCF,0.43164228684625416,up
CSCCF,0.21740182448604606,none
CSCCF,0.23021586744269906,up
LINK,0.6042831433893034,both
LINK,0.05142858123779259,none
LINK,0.5354995729445062,up
LINK,1.027624485144215,up
LINK,0.009118532443044058,down
LINK,0.6599229694359434,up
LINK,0.09171270285947797,down
LINK,0.12994353844038842,down
LINK,0.23135517023700602,up
LINK,0.34985021227030466,up
LINK,0.023613903778422873,none
LINK,0.5683454148092315,none
ALPIB,0.1439299436717385,up
ALPIB,0.16327280578555525,up
ALPIB,0.152034906961513,up
ALPIB,0.19615318455233033,up
ALPIB,0.0035841522819297644,down
ALPIB,0.2397450271804471,up
ALPIB,0.0,none
ALPIB,0.035353474444477895,none
ALPIB,0.016486341871996046,down
ALPIB,0.1257037682391675,up
ALPIB,0.10174774690390209,up
ALPIB,0.02564371652673314,down
ZM,0.12143570779952939,none
ZM,0.02251410978765689,down
ZM,0.06009966413551404,none
ZM,0.02139092107988061,down
ZM,0.12729030825550547,down
ZM,0.056322880905773864,none
ZM,0.00016691688277981065,down
ZM,0.12728903299203376,none
ZM,0.06305319354035355,none
ZM,0.12959449078413976,up
ZM,0.0847769859509786,none
ZM,0.2247157910680877,up
CPMD,0.1224489601973644,down
CPMD,0.9787233086918155,none
CPMD,2.241379292626443,up
CPMD,0.16666669771075315,down
CPMD,0.6470587848585803,none
CPMD,0.5000001091393669,down
CPMD,0.9230769120553544,up
CPMD,0.2727273189085577,down
CPMD,0.590909148635697,down
CPMD,1.4999998253770257,down
CPMD,0.5957446682029526,none
CPMD,0.2626262882825321,down
PYPD,0.14382030803467427,none
PYPD,0.05932204531353924,none
PYPD,0.15537843923060857,none
PYPD,-0.10185188237640563,down
PYPD,0.07428571156093056,none
PYPD,0.1306069173447344,none
PYPD,0.3529411764705883,up
PYPD,0.1666666905323908,none
PYPD,0.44943818940471436,up
PYPD,0.028099207181904173,down
PYPD,0.3917989937095969,up
PYPD,0.08661425679581836,down
AJG,0.04304567935025272,down
AJG,0.044544133685488596,none
AJG,0.17693359794699726,up
AJG,0.07061746817788128,up
AJG,0.18588559384621783,up
AJG,0.06167300638132067,none
AJG,0.0019277461743287816,down
AJG,0.11392299219315816,up
AJG,0.0968918896138653,up
AJG,0.06685510130964079,none
AJG,0.10860356918010217,up
AJG,0.10736984023079321,up
XTGRF,0.17948724414705297,up
XTGRF,0.1403508496746788,up
XTGRF,0.06493508202528231,down
XTGRF,0.4071856077978582,up
XTGRF,-0.01075267783478251,down
XTGRF,0.1553398934708723,down
XTGRF,0.4202898876227845,up
XTGRF,0.4000000510896964,up
XTGRF,0.27536231633670893,up
XTGRF,0.23655910463826046,up
XTGRF,0.15686275426445917,up
XTGRF,0.13907287382336087,up
BKE,0.23778912364265326,up
BKE,0.029329550799243265,down
BKE,0.26380529692508947,up
BKE,0.030382163736795142,down
BKE,0.0679553011571381,none
BKE,0.1420809083974126,up
BKE,0.24255565387333533,up
BKE,0.10119847893154899,none
BKE,0.1164233425016108,none
BKE,0.14917118568030086,up
BKE,0.06910250948431473,down
BKE,0.3029123778437097,up
DFP,-0.0027909074389773636,down
DFP,0.01996609772878033,down
DFP,0.07493948153047514,up
DFP,0.004135739766600199,down
DFP,0.01720429603028606,down
DFP,0.0044403964598973555,down
DFP,-0.00596315778711598,down
DFP,0.00575964952757646,down
DFP,0.04070781822369507,up
DFP,0.008310106274987517,down
DFP,0.013172041132180956,down
DFP,0.020763050990328935,down
ESP,0.0017007389625731673,none
ESP,-0.004684027691602144,none
ESP,0.05769219464677944,none
ESP,0.13033754814972554,none
ESP,0.2500000050505624,up
ESP,0.11133452693169965,up
ESP,0.17524167871837504,none
ESP,0.00780155697240148,none
ESP,0.0075654115079688555,none
ESP,0.08823554831720659,none
ESP,0.2375288082974889,up
ESP,0.3346967574683759,up
DVN,0.13941072463751114,none
DVN,0.2051361917073926,up
DVN,0.04664005480185329,down
DVN,0.18538415195583302,none
DVN,0.11411939449984443,none
DVN,0.3813545569008734,up
DVN,0.2064904457697696,none
DVN,0.04822131971761223,none
DVN,0.1305213190620922,none
DVN,0.024699554337880514,down
DVN,0.2809507337910693,up
DVN,0.04970116988239526,down
CIM-PB,0.03637898715176169,none
CIM-PB,0.02831609087362663,none
CIM-PB,0.06772360952407674,up
CIM-PB,0.014032270847749384,none
CIM-PB,0.09978776677823764,none
CIM-PB,0.055447782394666856,none
CIM-PB,0.010917932267227926,none
CIM-PB,0.013774000663639763,none
CIM-PB,0.04811309060215008,down
CIM-PB,0.14894246582427595,up
CIM-PB,0.03749004192301286,none
CIM-PB,0.10311858699702503,up
PGZFF,0.29591844259749456,up
PGZFF,0.3203356865301741,down
PGZFF,0.016249996041878934,down
PGZFF,0.041980640787371515,up
PGZFF,0.1578947764684624,down
PGZFF,0.17061221024236461,up
PGZFF,0.321540069857138,up
PGZFF,0.160207789943984,up
PGZFF,0.09090907243657687,down
PGZFF,0.10912341586861718,none
PGZFF,0.2293577911416127,up
PGZFF,0.24500902385632584,down
FAST,0.051819382748099274,none
FAST,0.10627011191178837,up
FAST,0.059738073926171475,none
FAST,0.1264976450382458,down
FAST,0.06350897157053637,down
FAST,0.0448693735207959,none
FAST,0.12225671913271952,up
FAST,0.15997819772139077,up
FAST,0.0771173624376067,none
FAST,0.03900105590871372,down
FAST,0.13252999297612478,up
FAST,0.05457944749802568,none
HOFT,0.06107314639955819,none
HOFT,0.015500382094221443,down
HOFT,0.17293034397938567,none
HOFT,0.059952122632523475,down
HOFT,0.33021951603065913,up
HOFT,0.27020724458529677,down
HOFT,0.21987532106497443,up
HOFT,0.035668798845655214,down
HOFT,0.04580449429066058,down
HOFT,0.03046911549658038,down
HOFT,0.00991253694704497,down
HOFT,0.03166885043265366,none
COHR,0.2783163172212655,up
COHR,0.3747471663019728,up
COHR,0.08704817238662499,none
COHR,0.33038115748322117,up
COHR,0.13372911706272572,down
COHR,0.05102882226117034,down
COHR,0.37744826155457667,up
COHR,0.21708749274025485,up
COHR,0.0396649863182057,down
COHR,0.0757079276687902,none
COHR,0.43744034753314054,up
COHR,0.026675077535864178,down
VMI,0.059854274300780386,none
VMI,0.029842503882099525,none
VMI,0.02678855295745608,down
VMI,0.23319567085859494,up
VMI,0.27253603932048187,up
VMI,0.1700900700580259,up
VMI,0.02258388139945322,down
VMI,0.09982169760135196,down
VMI,0.20531747610923312,up
VMI,0.04149770822062715,down
VMI,0.1606181705227463,up
VMI,0.05985782996409772,down
BIPI,0.04640479325921687,down
BIPI,0.11162017402166846,up
BIPI,0.07838010799046669,none
BIPI,0.1855997697741063,up
BIPI,0.08449007060236746,up
BIPI,0.11124832963753417,up
BIPI,0.124999885134915,none
BIPI,0.005036165671242987,none
BIPI,0.04719760289515884,none
BIPI,0.0210784076963606,down
BIPI,0.12025326923895907,up
BIPI,0.15062497307809486,up
ZOMDF,0.3313953160973686,up
ZOMDF,0.021505339302236415,down
ZOMDF,0.1666666518837685,none
ZOMDF,0.2009804379889626,none
ZOMDF,0.620553402053015,up
ZOMDF,0.43636371025369236,up
ZOMDF,0.12751673355354387,none
ZOMDF,0.7647057470050311,up
ZOMDF,0.15107912280829638,none
ZOMDF,0.455223790970964,up
ZOMDF,0.5725806131803897,up
ZOMDF,0.3698630542441059,none
SODI,0.04250001907348633,down
SODI,0.30515847115280437,up
SODI,0.020408143405366452,down
SODI,0.41176470588235303,up
SODI,0.1878452788327616,down
SODI,0.043715911353102266,down
SODI,0.002949807363423096,none
SODI,0.05128205128205132,down
SODI,0.10526315789473695,down
SODI,0.00526317797209086,down
SODI,0.20111734403295567,down
SODI,0.07142855057563491,down
ACBM,0.0527426185805544,down
ACBM,0.24749994277954102,both
ACBM,0.24749994277954102,up
ACBM,0.24749994277954102,none
ACBM,0.0527426185805544,none
ACBM,0.0,down
ACBM,0.24749994277954102,up
ACBM,0.0041840962444885665,down
ACBM,0.0,down
ACBM,0.0527426185805544,none
ACBM,0.0041840962444885665,down
ACBM,0.24749994277954102,both
GJP,0.0,down
GJP,0.135469098747119,up
GJP,0.023806923470440555,up
GJP,0.024793552316524137,up
GJP,0.023228352812944886,both
GJP,0.003537970894789577,none
GJP,0.023228352812944886,both
GJP,0.0795179577235452,down
GJP,0.09179509096710547,down
GJP,0.14044621171627014,up
GJP,0.05684547759002223,up
GJP,0.05704799325795107,up
RNST,0.07776362828311068,down
RNST,0.1753988095830934,none
RNST,0.026041882131415894,down
RNST,0.04091999568103688,none
RNST,0.0018726899492491622,down
RNST,0.006389020415872304,down
RNST,0.05270135492405559,none
RNST,0.09779304705789005,down
RNST,0.08450727766499821,none
RNST,0.0928073663967548,up
RNST,0.060662157986396625,none
RNST,0.0701988540402283,none
BASA,-0.028571379914575923,down
BASA,0.08333334626836897,down
BASA,0.02702698076703114,down
BASA,1.162162085969228,up
BASA,0.3888888336994052,none
BASA,0.2195121796091426,none
BASA,0.2727273189085577,none
BASA,0.03846154397232282,none
BASA,1.193548542155686,up
BASA,0.33333333333333326,none
BASA,0.041666673134184595,down
BASA,0.28000004172325066,down
SBYSF,0.5409090182448497,up
SBYSF,0.2857143168955689,down
SBYSF,0.6612903754015844,up
SBYSF,0.7095432509362107,both
SBYSF,0.7095432509362107,both
SBYSF,0.01694912172724994,up
SBYSF,0.6093751312967342,up
SBYSF,0.714801578074578,up
SBYSF,0.23636358989579387,down
SBYSF,0.1758620830723161,up
SBYSF,0.17993078246990568,up
SBYSF,0.8558555388051408,up
IBN,0.0735929812242595,up
IBN,0.05718662257078999,up
IBN,0.05837787315764409,none
IBN,0.0008649518582646287,down
IBN,0.08323800480621135,up
IBN,0.07519803503400158,up
IBN,0.029492947403297665,down
IBN,0.09732823966098847,up
IBN,0.08726298501512875,up
IBN,0.07113544274328909,none
IBN,0.03876210830825766,down
IBN,0.12894504692187847,up
NG,0.2476780883523686,up
NG,0.14614118952154675,none
NG,0.2035714081963711,none
NG,0.10590012029136853,none
NG,0.6124259244785899,up
NG,0.33757951240365025,up
NG,0.1592919896526337,none
NG,0.024999976583889083,down
NG,0.010389662665569288,down
NG,0.07819915093603025,down
NG,0.4017340610290918,up
NG,0.22254765369585794,up
OAKV,0.008046801697471961,both
OAKV,0.003311178422689798,down
OAKV,-0.0008589173020685514,down
OAKV,0.05555546042269355,up
OAKV,0.008808655601608706,down
OAKV,0.05128203515907104,up
OAKV,0.07196973317792965,up
OAKV,0.10952368308589433,down
OAKV,0.11731857505433108,up
OAKV,0.04529602847406511,up
OAKV,0.08379891621678337,up
OAKV,-0.0007252223120783885,down
MCOM,0.19771863151531854,none
MCOM,0.203703697316032,none
MCOM,0.08237021538098643,down
MCOM,1.1705424845519579,up
MCOM,0.3024911117777529,down
MCOM,0.11111111111111116,down
MCOM,-0.014814749841083663,down
MCOM,0.1999999433876971,down
MCOM,0.1666667221025362,down
MCOM,0.0408559815548728,down
MCOM,0.15294112748753497,down
MCOM,0.2249999563442564,down
AMTX,0.7977940496508438,down
AMTX,0.28571430733955294,up
AMTX,0.5368420822078228,up
AMTX,0.08457715278633637,down
AMTX,0.01466991211273605,down
AMTX,3.119170997577334,up
AMTX,-0.009515476637316334,down
AMTX,0.06060611449738351,none
AMTX,0.08478258142849837,down
AMTX,0.014240454637056477,down
AMTX,1.1900311919829565,up
AMTX,0.025553679436425503,down
CAAP,0.0837107908192134,down
CAAP,0.23007704842465082,up
CAAP,0.11806794801366194,none
CAAP,0.10815605460191402,none
CAAP,0.021810229836548345,down
CAAP,0.14400205922642906,none
CAAP,0.10378062238384644,none
CAAP,0.1818910689925317,down
CAAP,0.08133622718419109,down
CAAP,0.22916666666666674,up
CAAP,0.0661407877951905,down
CAAP,0.08209986939914327,down
DOYU,0.3325925756383825,up
DOYU,0.33619462924443066,up
DOYU,0.05145117023891932,none
DOYU,0.181904772243338,down
DOYU,0.3119267276843223,none
DOYU,0.19346734961470724,none
DOYU,0.027777856743787188,none
DOYU,0.20792077964400568,none
DOYU,0.09544471534718157,down
DOYU,0.17307700206058252,none
DOYU,0.12430315676986425,none
DOYU,0.864306577568744,up
AWCA,0.021582713452168223,down
AWCA,0.5609755884813878,down
AWCA,0.11999996503194166,down
AWCA,0.24137939539307474,down
AWCA,0.5238095373253167,down
AWCA,0.7647059205463578,both
AWCA,-0.0010626855915112365,down
AWCA,0.11999996503194166,down
AWCA,0.2376237740622773,down
AWCA,2.3181819228593974,none
AWCA,0.6590909614296987,none
AWCA,0.9488636848539855,down
MNPR,3.859550425597262,up
MNPR,0.35189877280706083,up
MNPR,0.01860463342001273,down
MNPR,0.043715911353102266,down
MNPR,3.5052082353504357,up
MNPR,0.4389312849283209,none
MNPR,0.06646063664911561,none
MNPR,0.04554630453660535,none
MNPR,1.4399999618530273,up
MNPR,0.24358968872682407,down
MNPR,1.1949557324797286,up
MNPR,0.15822994721510164,none
RNW,0.2287712197294156,none
RNW,0.07090906663374463,none
RNW,0.035658918740292256,down
RNW,0.04789717608804378,none
RNW,0.0031847102322188903,down
RNW,0.06557378715098938,down
RNW,0.05370838749835438,none
RNW,0.06441225328668265,none
RNW,0.05412942573798807,down
RNW,0.019512176967531936,down
RNW,0.19099379008458595,up
RNW,0.07994385493343215,down
TSSI,0.07142860944173757,none
TSSI,0.14285717934978304,none
TSSI,0.8564101523274605,up
TSSI,0.11475408394405284,none
TSSI,0.01851850012202405,down
TSSI,0.8235294721289357,up
TSSI,0.5456349247647461,none
TSSI,2.097046627433228,up
TSSI,0.6099999745686848,up
TSSI,0.17904232831545763,down
TSSI,0.8214285296140886,none
TSSI,0.5610949151164564,up
LTRX,0.2850466659781494,up
LTRX,0.2614678512788695,up
LTRX,0.5943775154237192,up
LTRX,0.46551732465571893,up
LTRX,0.39313991106923996,up
LTRX,0.13563829568000108,down
LTRX,0.0748663023197298,none
LTRX,0.2283687394495555,none
LTRX,0.28600819512332953,none
LTRX,0.346938802817621,up
LTRX,0.2612359110355791,none
LTRX,0.005602235658404231,down
TRUG,0.3151515613902698,down
TRUG,0.014851485148514865,down
TRUG,0.7596899224806202,up
TRUG,0.31616595135908443,down
TRUG,-0.012048192771084376,down
TRUG,0.3738317757009346,none
TRUG,0.2432432432432432,down
TRUG,0.10050505050505043,up
TRUG,0.4276729559748427,none
TRUG,0.01379310344827589,down
TRUG,0.0025597269624573205,none
TRUG,0.2407406835072008,down
SA,0.1263768292855525,down
SA,0.574113756438966,up
SA,0.11417321504267308,none
SA,0.4543828072486069,up
SA,0.00886917131762055,down
SA,0.5139798674296212,up
SA,0.2002800917477452,up
SA,0.1591027243047456,down
SA,0.41730272591505213,up
SA,0.21651962722118356,none
SA,0.2437499761581421,up
SA,0.12718604063380368,down
LAES,1.2631579607807706,up
LAES,0.5447154232007247,down
LAES,2.7619049781574514,up
LAES,0.2663934754607684,none
LAES,0.7461538955304767,up
LAES,0.17751475867385103,none
LAES,0.3043478538221409,none
LAES,0.24932619439995252,none
LAES,1.04663220468075,up
LAES,0.1944444168497026,down
LAES,0.20440246644764648,down
LAES,0.04761911790117157,down
IQST,0.08846160194895014,down
IQST,0.5294116724156228,up
IQST,1.142857199410309,up
IQST,0.11486481671147608,down
IQST,0.3661709097258097,none
IQST,0.06349209892506513,down
IQST,0.18983052296297465,down
IQST,0.4595660053359074,none
IQST,1.3863636564026196,up
IQST,0.03092789071515356,down
IQST,0.028645820836148417,down
IQST,1.4418605857620164,up
FOXF,0.13295961928189737,down
FOXF,0.108024667478271,down
FOXF,0.053457594267101394,down
FOXF,0.0724177638287542,down
FOXF,0.07387361999524988,down
FOXF,0.05371281435818376,down
FOXF,0.2592891767749339,up
FOXF,0.024842111687911173,down
FOXF,0.20116958768624627,none
FOXF,-0.0038338317830589608,down
FOXF,0.10373899752471183,none
FOXF,0.18229261816839726,up
USGO,0.06728537487311548,none
USGO,0.10841650887733345,down
USGO,0.8422130246503308,up
USGO,0.16178984106071725,down
USGO,0.14723927008517457,none
USGO,0.46374994454639196,up
USGO,0.0926505412940608,down
USGO,0.3760118097023206,up
USGO,0.13528519649390147,down
USGO,0.11428571428571432,none
USGO,0.049019639925607095,none
USGO,0.035185213442201935,down
CF,0.27896213093529276,up
CF,0.2895447218073208,up
CF,0.053730203509610774,down
CF,0.052209222007910006,none
CF,0.10572581811343462,none
CF,0.03909116387736766,none
CF,0.16641467687533784,none
CF,0.004888170710570572,down
CF,0.1442785014356187,none
CF,0.1507854090184948,up
CF,0.11523147857118521,none
CF,0.19551242040534733,none
AI,0.33723749209540355,up
AI,0.5509838711328423,none
AI,0.4890510494593743,up
AI,0.31128986767761635,down
AI,0.08964456453371428,down
AI,0.3553008676523357,up
AI,0.5456012177473937,up
AI,0.1592156902637356,none
AI,0.09263798942940693,down
AI,0.0010022780175464874,down
AI,0.15098378158067316,down
AI,0.060779224742542715,down
HAYW,0.24305559126640008,up
HAYW,0.02966379742926617,down
HAYW,0.06986297790676321,down
HAYW,0.04622109684815712,none
HAYW,0.198113247373918,up
HAYW,0.18689102425213222,up
HAYW,0.273779935828526,up
HAYW,0.010196675017510648,down
HAYW,0.165887857408757,none
HAYW,0.14645857866882017,up
HAYW,0.053158248507610084,none
HAYW,0.1193182350624864,up
HFWA,0.04846346387121048,none
HFWA,0.13526769536454153,up
HFWA,0.028002030228432506,down
HFWA,0.19242161776140065,up
HFWA,0.014879787630752261,none
HFWA,0.014138218262033098,down
HFWA,0.2727550240462817,up
HFWA,0.13125366880859302,none
HFWA,0.13072465638577757,none
HFWA,0.08232327544858564,none
HFWA,0.2284175550561771,up
HFWA,0.29585299252660935,up
UXIN,0.08647350000443432,none
UXIN,0.6600000381469726,up
UXIN,0.019417488313168585,down
UXIN,-0.003921583587048083,down
UXIN,1.1390374277006816,up
UXIN,0.29782081961031426,none
UXIN,0.0983606416414704,down
UXIN,3.6666669031930423,up
UXIN,0.2911693970240583,none
UXIN,0.12905985335626635,down
UXIN,0.03186644044759879,down
UXIN,0.33333337658386974,none
HRMY,0.4357359638579894,up
HRMY,0.3355262429469068,up
HRMY,0.24216622828831835,up
HRMY,0.28295537018241324,up
HRMY,0.1625747055443474,none
HRMY,0.07280025680599289,down
HRMY,0.23879077986132713,up
HRMY,0.039242600413482265,down
HRMY,0.41722309013489256,up
HRMY,0.11189669616480424,down
HRMY,-0.00018651664561963877,down
HRMY,0.20260122674495396,up
AHCO,0.13816309340835864,down
AHCO,0.0949590205127191,down
AHCO,0.07036483048031106,down
AHCO,0.06249998403446977,down
AHCO,0.15400411039514816,none
AHCO,0.07913670175336285,down
AHCO,0.2297387967223754,down
AHCO,0.28511704318860853,up
AHCO,0.11203318311644339,none
AHCO,0.13054192543793564,down
AHCO,0.17676768357894135,up
AHCO,0.12304685826529771,down
WRB-PE,0.029986985101874808,down
WRB-PE,0.022700106768983375,down
WRB-PE,0.007159916847488068,down
WRB-PE,0.09272094439872114,up
WRB-PE,0.05241935897361394,none
WRB-PE,0.008661791321687762,down
WRB-PE,0.051787925722685646,none
WRB-PE,0.01637426155482924,none
WRB-PE,0.031432368262336086,none
WRB-PE,0.018574742003614197,down
WRB-PE,0.024643390525482367,down
WRB-PE,0.08776602377912557,up
SMID,0.010531548588174733,down
SMID,0.04497966564830702,down
SMID,0.16676154559290635,none
SMID,0.11774648746974026,none
SMID,0.0373443819205197,down
SMID,0.5287296283445089,up
SMID,0.1630695002152056,none
SMID,0.3857926710447743,up
SMID,0.5923567072431808,up
SMID,0.17392402359201942,none
SMID,0.7439198826230164,up
SMID,0.0025480800328292474,down
DV,0.17216647377679473,up
DV,0.07065561132921383,down
DV,0.16666665548904946,none
DV,0.09308302876570163,down
DV,0.1201438936780721,down
DV,0.24327862849001014,down
DV,0.014510952664267496,down
DV,0.03729600087497942,down
DV,0.12761138912961334,none
DV,0.19982439892849202,up
DV,0.3286568782422843,up
DV,0.07950402257877842,down
APA,0.2849374901838937,up
APA,0.01863170518979862,down
APA,0.1060573557729394,none
APA,0.04257600281488361,none
APA,0.001915962087542633,down
APA,0.06491882049335063,none
APA,0.13560006627079524,none
APA,0.06266682671133061,down
APA,0.16113754219424625,up
APA,0.02215481218476545,down
APA,0.09092802663283073,down
APA,0.029002800231096026,none
CHWRF,0.16176481923541997,none
CHWRF,0.04171881107118591,down
CHWRF,0.2820511555836671,down
CHWRF,0.026490059163277735,down
CHWRF,0.11759509827001091,down
CHWRF,0.15718433589897973,down
CHWRF,0.22727269866673372,up
CHWRF,0.10320285993365608,up
CHWRF,0.1090909498594792,down
CHWRF,0.22727265207504543,both
CHWRF,0.026490059163277735,down
CHWRF,0.23443222966074373,both
INKWD,0.07692308794464564,none
INKWD,0.807780469401939,down
INKWD,0.14285716186372532,none
INKWD,0.032258033504347416,down
INKWD,0.25,none
INKWD,0.08333334626836897,down
INKWD,0.0,none
INKWD,0.0,down
INKWD,0.24999991268851285,none
INKWD,0.027210838151797923,none
INKWD,0.16666669253673794,none
INKWD,0.12121214173713679,none
CCEP,0.07526500954036708,none
CCEP,0.1351653552967842,up
CCEP,0.04520598932391695,down
CCEP,0.041157444506535246,none
CCEP,0.1293845610716664,up
CCEP,0.042718346016535236,down
CCEP,0.07357062198035424,none
CCEP,0.02273574516203536,none
CCEP,0.13976868854328117,up
CCEP,-0.00848377693463187,down
CCEP,0.015950062209072247,down
CCEP,0.00019969263672225956,down
WOPEF,0.04958324261887048,down
WOPEF,0.22324619000220292,up
WOPEF,0.16313000706048997,up
WOPEF,0.1735359265660963,up
WOPEF,0.31879686618338976,up
WOPEF,0.17549666444453282,up
WOPEF,0.1408787701336114,up
WOPEF,0.08651407217222107,down
WOPEF,0.046789471696414786,down
WOPEF,0.10543521086596996,up
WOPEF,0.012033624879169702,down
WOPEF,0.07083340388711856,down
ASRV,0.09906725696843321,none
ASRV,0.09629612645204944,none
ASRV,0.05013934385757968,down
ASRV,0.03571428860628001,none
ASRV,0.010204226074925993,down
ASRV,0.036144600462750365,none
ASRV,0.05341185979800378,none
ASRV,0.21212126626359584,up
ASRV,0.22302173721392693,down
ASRV,0.037610813014595346,down
ASRV,0.0034602713579048316,none
ASRV,0.12087909280425513,none
FGPR,0.053763475777184766,down
FGPR,0.36168108738819016,up
FGPR,0.023218923957485593,down
FGPR,0.017708301544189453,down
FGPR,0.06666666666666665,down
FGPR,0.07402983708168143,none
FGPR,0.1702279451436206,down
FGPR,0.6559524379890278,up
FGPR,0.008027301236388729,down
FGPR,0.010204023045831345,down
FGPR,0.15945950069942993,up
FGPR,0.02499997615814209,down
ALX,0.1193347562979552,none
ALX,0.10981507587664008,none
ALX,0.03533071426334922,none
ALX,0.04146480061326763,none
ALX,0.0669590731923384,down
ALX,0.14162517272998465,up
ALX,0.1882563372375856,up
ALX,0.10345896871048077,up
ALX,0.18746806811056205,up
ALX,0.11177890341149554,none
ALX,0.125096561473808,up
ALX,0.1117756717479439,down
AMS,0.24399995803833008,none
AMS,0.12893076691982763,none
AMS,0.12933748818436652,none
AMS,0.16279070135855034,none
AMS,0.18320612215258136,up
AMS,0.2767856620176108,up
AMS,0.2745900910504899,up
AMS,0.12213747543469533,none
AMS,0.09338522014431105,down
AMS,0.1797234344579659,none
AMS,0.10399999618530265,none
AMS,0.15131580392079358,none
UPWK,0.4002509587448497,up
UPWK,0.019846663623970917,down
UPWK,0.5017984879345336,none
UPWK,0.0335016830918744,down
UPWK,0.5462511593596211,up
UPWK,0.16441283902188175,none
UPWK,0.20015047818263687,up
UPWK,0.020992392809004112,down
UPWK,0.07510204704440371,none
UPWK,0.024539814126736337,down
UPWK,0.15601019992464504,up
UPWK,0.1985348767440538,none
GSIW,0.14214285714285713,down
GSIW,0.1049382716049383,down
GSIW,0.01785721178768762,none
GSIW,0.02777777777777768,down
GSIW,0.2727272727272727,down
GSIW,0.14190691224859586,none
GSIW,1.0157480918065485,up
GSIW,0.3560209424083769,down
GSIW,0.28258607734521,none
GSIW,0.13013695677307968,none
GSIW,0.10504492052522463,down
GSIW,0.7059639389736476,up
OPEN,1.181451534598477,up
OPEN,3.491735348292096,up
OPEN,0.09740266174223922,down
OPEN,0.5789773062087042,none
OPEN,3.6452992667813318,up
OPEN,0.0910904181538501,down
OPEN,0.10048308439823894,down
OPEN,0.1733871223589134,down
OPEN,0.8344827574867131,up
OPEN,0.08547007211720525,down
OPEN,0.019851096660329803,down
OPEN,7.765432163656071,up
IPSOF,0.015994081826151696,up
IPSOF,0.0,none
IPSOF,0.015994081826151696,up
IPSOF,0.0,none
IPSOF,0.0,none
IPSOF,0.0,none
IPSOF,0.0,none
IPSOF,0.0,none
IPSOF,0.0,none
IPSOF,0.0,none
IPSOF,0.015994081826151696,up
IPSOF,0.0,none
EMMA,0.19469025819310404,none
EMMA,2.3333332008785725,up
EMMA,0.6857142394902747,none
EMMA,0.22727278269026918,down
EMMA,1.797202899803588,up
EMMA,0.40909089369714735,both
EMMA,0.13333342025677553,both
EMMA,0.16249999161809692,down
EMMA,0.0982627204099713,up
EMMA,0.27176193290676154,none
EMMA,0.36000001430511475,up
EMMA,0.26086952648563977,down
BIP-PB,0.03292390210625151,none
BIP-PB,0.04082209054672825,down
BIP-PB,0.07631762278068788,up
BIP-PB,0.035910030180235086,none
BIP-PB,0.13891198657542625,up
BIP-PB,0.05707537912864136,none
BIP-PB,0.01436769256122128,down
BIP-PB,0.017233517340032867,down
BIP-PB,0.05953321982438342,down
BIP-PB,0.0686677699089242,down
BIP-PB,0.08822262612787002,up
BIP-PB,0.0029297993791947974,down
CPOP,0.168949715019042,none
CPOP,8.037383053456654,up
CPOP,0.23888884650336362,down
CPOP,0.28787878787878785,down
CPOP,0.10897428295002753,down
CPOP,0.14285711244661004,down
CPOP,0.09090909090909083,none
CPOP,0.20535716338425303,none
CPOP,0.0,down
CPOP,0.125,none
CPOP,0.6415094973368494,up
CPOP,0.4464286641806987,up
ITRN,0.1148792913180714,none
ITRN,0.1441452363389213,none
ITRN,0.3338227712874011,up
ITRN,0.19812459139245253,up
ITRN,0.5013219325104634,up
ITRN,0.22290788169048015,up
ITRN,0.0779991802426021,none
ITRN,0.18659764183305128,up
ITRN,0.07172672482939846,none
ITRN,0.038528030341340225,none
ITRN,0.00898732417277981,down
ITRN,0.14080083963536127,up
WSM,0.22293839258420123,up
WSM,0.45094660163617806,up
WSM,0.09081855661635685,down
WSM,0.039267156944073456,down
WSM,0.13393612051855452,up
WSM,0.012485256240607923,none
WSM,0.4401909376736637,up
WSM,0.018823192313887738,down
WSM,0.4143299466733643,up
WSM,0.05556277917294894,down
WSM,0.0800817389509707,down
WSM,0.15088386723696146,up
BTU,0.5613883752553006,up
BTU,0.1802301089881877,none
BTU,0.058092952407147846,down
BTU,0.0907009685228033,none
BTU,0.2062146356374861,up
BTU,-1.1989778314625e-07,down
BTU,0.3195239992354262,up
BTU,0.21520903634238198,none
BTU,0.12386386227608837,none
BTU,0.12680645071189378,down
BTU,1.0793257457060283,up
BTU,0.08365899069283178,down
IQEPF,-0.05384609300709109,down
IQEPF,0.13043472063789419,down
IQEPF,-0.032520329635483125,down
IQEPF,0.01030922212868468,down
IQEPF,0.0,down
IQEPF,0.08181821260570521,down
IQEPF,0.43925233124249785,up
IQEPF,0.0,down
IQEPF,0.14035083476893173,down
IQEPF,0.01030922212868468,down
IQEPF,0.43925233124249785,up
IQEPF,0.0,down
YSHLF,0.11956623938320754,up
YSHLF,0.0084042208304691,down
YSHLF,0.05101926741760443,none
YSHLF,0.15625098279221938,up
YSHLF,0.0729176090272543,none
YSHLF,0.05101919571069846,down
YSHLF,0.15841560581075664,down
YSHLF,0.12121192863615393,up
YSHLF,0.2806030803628754,up
YSHLF,0.13861366366262295,down
YSHLF,0.2608695266203902,down
YSHLF,0.0729176090272543,none
GSK,0.06214187132885618,down
GSK,0.21048691696419408,up
GSK,0.038278569661443385,down
GSK,0.28608577282232206,up
GSK,0.21154932813234306,up
GSK,0.10407800639948372,up
GSK,0.002179675147228499,down
GSK,0.04098342075040984,none
GSK,0.06051851602298397,up
GSK,0.14319789666593685,up
GSK,0.14079324264230664,down
GSK,0.0683156217342411,none
MAJI,0.800000044703483,down
MAJI,0.12000000476837158,down
MAJI,0.8055555670533656,none
MAJI,2.5454544346194616,down
MAJI,4.156249959982235,up
MAJI,0.25000004656612984,down
MAJI,0.3529411867828105,none
MAJI,0.0,down
MAJI,0.0,down
MAJI,3.0,down
MAJI,0.6030534186165102,down
MAJI,0.25000004656612984,none
NCI,2.5643563010203936,up
NCI,0.6629213964738963,up
NCI,0.06552263436691197,down
NCI,0.02941179008981365,none
NCI,7.035714251502435,down
NCI,0.7432273957276738,up
NCI,0.31707322462763954,none
NCI,0.2857143668090443,none
NCI,1.3285713195800781,up
NCI,0.610810800361494,none
NCI,0.7478005537044128,up
NCI,1.6865672243724048,up
TKO,0.010688098840935467,down
TKO,0.2629758811734859,up
TKO,0.3209531886591477,up
TKO,0.05741170176407784,down
TKO,0.0531696736285141,none
TKO,0.3269303099049785,up
TKO,0.13535736680414878,up
TKO,0.16095554249945687,up
TKO,0.029026539857491596,down
TKO,0.0691392856386761,none
TKO,0.3062082801565036,up
TKO,0.2342141764990513,up
NBND,1.449999990686774,down
NBND,0.22448979203947284,down
NBND,0.8571428381362747,none
NBND,3.099999825377026,up
NBND,0.49253732588089916,down
NBND,0.149999970896171,down
NBND,2.4893617695842525,up
NBND,0.2727272342428686,down
NBND,1.0545073241004967,both
NBND,2.4893617695842525,up
NBND,-0.05882356566567071,down
NBND,0.1794872376565726,down
CCEL,0.3783269217027696,up
CCEL,0.3146997939826506,up
CCEL,0.133603313160652,down
CCEL,0.03887404050293153,down
CCEL,0.011701077398397652,down
CCEL,0.38689228565858413,none
CCEL,0.6451614604876894,up
CCEL,0.03943037986624254,down
CCEL,0.04705877865062047,down
CCEL,0.0516665686517126,down
CCEL,0.3475726888171986,down
CCEL,0.24023438409494724,up
CTTH,1.1219510998419566,up
CTTH,0.5384616178168378,none
CTTH,0.5967742109925147,none
CTTH,0.4684684720967034,down
CTTH,0.29629626819054034,none
CTTH,0.3600000794728615,none
CTTH,0.9441339665965924,up
CTTH,0.43050843519371385,none
CTTH,0.08333331781129005,none
CTTH,0.2121211915961967,down
CTTH,0.095890402570185,none
CTTH,0.7857143094725154,none
YXT,0.6865078854482776,up
YXT,0.15115117752528473,down
YXT,0.022522521748499003,down
YXT,0.2473684292180629,down
YXT,0.4664981801819963,down
YXT,0.2951806931281793,down
YXT,0.33949198451039075,none
YXT,0.7346938775510203,up
YXT,0.03061226376490178,none
YXT,0.16161620637590057,down
YXT,0.4285714285714286,none
YXT,0.357466039917095,down
MWAI,0.5014492999002529,none
MWAI,0.09546164263871915,down
MWAI,0.07466672261555996,down
MWAI,0.7391304347826086,up
MWAI,0.6206896976965373,up
MWAI,0.3492063972625006,none
MWAI,0.0,down
MWAI,1.8112449549245855,up
MWAI,1.0895521511716093,down
MWAI,0.1824561403508771,down
MWAI,0.15599999999999992,down
MWAI,0.029230852465660817,down
SSM,0.02499999999999991,down
SSM,1.1739130134318114,up
SSM,1.9333332909478083,down
SSM,0.08910891089108919,down
SSM,0.549295795458079,down
SSM,0.015363859466251073,down
SSM,0.966666751437717,down
SSM,6.833333752773437,up
SSM,3.401110864030418,up
SSM,0.01747036859766138,down
SSM,0.1630094043887147,none
SSM,1.8056113511329612,up
AMH-PH,0.009042399766017173,down
AMH-PH,0.007580497078614634,none
AMH-PH,0.023457633612894657,none
AMH-PH,0.01447658794513651,down
AMH-PH,0.011200185976951271,none
AMH-PH,0.03039553442583265,none
AMH-PH,0.055921887151471505,none
AMH-PH,0.03439511886613311,none
AMH-PH,0.016146808589270423,down
AMH-PH,0.022604530510568877,none
AMH-PH,0.04153146868659441,none
AMH-PH,0.016448578581794493,none
LNTH,0.17608369506150812,none
LNTH,0.07917759409372227,none
LNTH,0.2292993149095428,none
LNTH,0.09427885445598005,down
LNTH,0.20104181039830715,none
LNTH,0.23791947429886062,none
LNTH,0.09503379492107311,none
LNTH,0.3908451292467996,up
LNTH,0.15189250199918103,none
LNTH,0.37947092541978167,up
LNTH,0.1336457470845951,none
LNTH,0.1638384559427024,down
FULC,0.623966918536512,up
FULC,0.21103264759318052,down
FULC,0.04313386792265139,down
FULC,0.5262346163907621,up
FULC,0.5429018063573925,up
FULC,0.43411759769215297,up
FULC,1.4588815784314004,up
FULC,0.46891657009938026,up
FULC,0.2646691416955209,none
FULC,0.3407155091979208,none
FULC,1.1091549127283038,up
FULC,0.2569352876559461,none
ATYR,0.045346075089674365,down
ATYR,0.1337662436852618,none
ATYR,0.0518072080351466,down
ATYR,0.3550185514467399,none
ATYR,0.026455064499479652,down
ATYR,0.20418847775414184,none
ATYR,0.15864524871732089,down
ATYR,0.10441770170228315,down
ATYR,0.3190184672742342,up
ATYR,0.07817970830250864,none
ATYR,0.20207253693990235,down
ATYR,0.0168831321637819,down
ORESF,0.078787854705195,down
ORESF,0.9733925062522515,none
ORESF,0.6296295785282551,down
ORESF,0.01947306901097945,down
ORESF,0.13665392614200367,down
ORESF,0.32243688677320437,down
ORESF,0.33333333333333326,none
ORESF,0.6152449963132474,down
ORESF,0.5625,both
ORESF,0.6296295785282551,down
ORESF,0.5355086311974693,up
ORESF,0.040312098919685235,down
REFI,0.06535958907972739,none
REFI,0.06969105616603488,up
REFI,0.035878907529944826,down
REFI,0.16115416274793537,up
REFI,0.035676705828518784,down
REFI,0.05443938952423166,none
REFI,0.011067572605660825,none
REFI,0.13793120071148124,none
REFI,0.05201968212062735,none
REFI,0.01978456880885915,none
REFI,0.06904329507629736,none
REFI,0.11574369414207841,none
EUEMF,0.6569106302507814,down
EUEMF,0.5315018837419134,down
EUEMF,0.6983333548572319,up
EUEMF,0.45654671330983,down
EUEMF,0.7062962049545514,up
EUEMF,0.7201215878379159,up
EUEMF,0.6174604144736731,both
EUEMF,0.6983333548572319,up
EUEMF,0.5315018837419134,down
EUEMF,0.7062962049545514,up
EUEMF,0.7062962049545514,up
CVU,0.17391308854793652,up
CVU,0.30188676359476174,up
CVU,0.036585403970846864,none
CVU,0.05882356034843128,down
CVU,0.0426666895548502,none
CVU,0.2462463034379816,up
CVU,0.08000000317891431,down
CVU,0.396396335442049,up
CVU,-0.002531643124693339,none
CVU,0.5116279270347948,up
CVU,0.0916667141296259,none
CVU,0.29629627340288023,down
FLNA,0.22105261176576874,down
FLNA,0.4919907507996242,none
FLNA,0.3133853745235351,none
FLNA,3.409613595469877,up
FLNA,0.1852510010614552,down
FLNA,0.29237291859813497,up
FLNA,0.15936254334215283,down
FLNA,0.5804248920471571,up
FLNA,0.2626793202485651,none
FLNA,1.2533936348929147,up
FLNA,0.29948516861813457,down
FLNA,0.0750691291434813,none
GHM,0.4314399240372857,up
GHM,0.170362554684377,up
GHM,0.12443586567986276,none
GHM,0.3588191302880104,up
GHM,0.045066039538729896,down
GHM,0.033953938889010216,down
GHM,0.3224460958576889,up
GHM,0.5176469713758869,up
GHM,0.42025318121302657,up
GHM,0.1128775339711714,none
GHM,0.07847931941171127,none
GHM,0.016451620286510815,none
XIFR,0.04621892775359626,down
XIFR,0.05195290519613338,none
XIFR,0.18394644029111196,up
XIFR,0.09607125106780634,none
XIFR,0.0014966186004621296,down
XIFR,0.019185050755244903,down
XIFR,0.19622244889361262,up
XIFR,0.008942913201199332,down
XIFR,0.08059381837869739,none
XIFR,0.2192512463553833,up
XIFR,0.11881192246340722,none
XIFR,0.1127243771957398,none
FNWB,0.11019279424415984,none
FNWB,0.018201349061009564,down
FNWB,0.15155447991301796,down
FNWB,0.19098836332967428,up
FNWB,0.03852876520744375,down
FNWB,0.04955739026452455,down
FNWB,0.17376110467825834,up
FNWB,0.06148673283053174,down
FNWB,0.08080779277998684,none
FNWB,0.03680998367138466,down
FNWB,0.0031847251176313485,down
FNWB,2.4849653224023882e-08,down
RERE,0.19431280747014346,down
RERE,0.3164793872013554,up
RERE,0.13937282403696694,none
RERE,0.1242938397898734,down
RERE,0.2663315624546454,down
RERE,0.3940148725554631,up
RERE,0.22839511654926725,down
RERE,0.04102564061909564,down
RERE,0.30044848000287283,none
RERE,0.3053278339751726,up
RERE,0.5404762575517716,up
RERE,0.12499999121735716,none
DBRG,0.3884751376016442,up
DBRG,0.08762884588010511,down
DBRG,0.12613986485500628,none
DBRG,0.29346447454902624,down
DBRG,0.06736830352972589,down
DBRG,0.07008758871839005,none
DBRG,0.24508964464512073,none
DBRG,0.07352954008043766,down
DBRG,0.3745762278499356,down
DBRG,0.20676701486087823,up
DBRG,0.2755803191155386,up
DBRG,0.18615393329821828,none
ATLX,0.3697479014045013,up
ATLX,0.4333895861817252,up
ATLX,0.10183642017076977,none
ATLX,0.038566524425617255,none
ATLX,0.8999999999999999,up
ATLX,0.1333333333333333,down
ATLX,4.6,up
ATLX,0.1630941355692983,down
ATLX,0.6019417179081423,up
ATLX,0.18993132933991852,none
ATLX,0.02727941610407103,down
ATLX,0.3978922457455685,up
INEO,0.556603835120498,up
INEO,0.2790697867835521,none
INEO,0.03252029368516429,none
INEO,1.0388349154991294,up
INEO,0.04689480565523452,down
INEO,0.8103447974649527,up
INEO,0.6153846012770066,none
INEO,0.6256157629682386,up
INEO,1.1148035912849963,up
INEO,0.6115702365348679,down
INEO,0.47601477637958167,up
INEO,1.25806439621681,up
UBS,0.0046129085377311085,down
UBS,0.15044860580523856,up
UBS,0.2547682059116436,up
UBS,0.06347686386331586,none
UBS,0.07279250041364826,none
UBS,0.025789860986218383,down
UBS,0.03194924755837292,down
UBS,0.18252068714179837,up
UBS,0.06079917400337398,down
UBS,0.09309187812314978,up
UBS,0.06300169223127661,none
UBS,0.1319466682478554,up
GIII,0.11555569960062173,down
GIII,0.36712831048056116,up
GIII,0.02328970793857943,down
GIII,0.1434135126303533,none
GIII,0.14647800226338936,up
GIII,0.11658400173089167,none
GIII,0.040314419831571024,down
GIII,0.06892772819621662,down
GIII,0.2597240994518588,up
GIII,0.0392274512934232,down
GIII,0.036724842674046965,down
GIII,0.10872626123127382,none
PNNT,0.10545060646866711,up
PNNT,0.05132436460834766,none
PNNT,0.02952516786568249,down
PNNT,0.1008706041672518,up
PNNT,0.014010479764959838,down
PNNT,0.07252604027342735,none
PNNT,0.03894090864350774,down
PNNT,0.21686694207212298,up
PNNT,0.22356183325639223,up
PNNT,0.12186397722341114,up
PNNT,0.05003407762738088,none
PNNT,0.14414443288016132,up
GSIT,0.052542362333679815,down
GSIT,0.15769234648823183,down
GSIT,0.6370106755526941,up
GSIT,0.6333333651224773,up
GSIT,0.4444443872109036,up
GSIT,0.09717318119475515,down
GSIT,-0.002409693651091449,down
GSIT,0.40569399577159126,up
GSIT,0.22222214476329638,none
GSIT,0.03883503123630683,down
GSIT,0.37820523989036414,up
GSIT,0.8092105490183898,up
OLMA,0.035796815828967654,down
OLMA,0.39408865201539456,up
OLMA,0.29094079144338125,down
OLMA,0.4819819987524909,up
OLMA,1.1065572729292712,up
OLMA,0.7725946954439045,up
OLMA,0.0640624752035368,none
OLMA,0.45996518300172196,up
OLMA,0.882783820723203,up
OLMA,0.04819275761504782,down
OLMA,0.4168799222361086,up
OLMA,0.528669669209543,up
YAMHF,0.15605072083868077,down
YAMHF,0.0,down
YAMHF,0.023967348255259147,down
YAMHF,0.08549122639674844,down
YAMHF,0.2804505105892523,up
YAMHF,0.01781463790380844,down
YAMHF,0.06581354028734454,down
YAMHF,0.03807398195410383,down
YAMHF,0.056188492129102485,up
YAMHF,0.01781463790380844,down
YAMHF,0.0550457615598241,down
YAMHF,0.03276956029237543,down
AASP,0.2121212588270267,down
AASP,0.0,down
AASP,0.3439999389648438,down
AASP,0.8823528793031377,up
AASP,0.20240486477126907,down
AASP,0.09090909090909083,none
AASP,0.5306122151080499,up
AASP,1.0080321208232585,down
AASP,0.9374999115243567,up
AASP,0.4090908352008551,none
AASP,0.1750000317891438,up
AASP,0.18333325054910787,down
BAESY,0.07484315043726375,down
BAESY,0.025755884583672728,down
BAESY,0.13684021275299352,up
BAESY,0.022273919259810038,down
BAESY,0.09050884199912512,up
BAESY,0.0795273950963129,up
BAESY,0.139136635192181,up
BAESY,0.10202186226627319,up
BAESY,0.07837487082148042,none
BAESY,0.1107636118854074,up
BAESY,0.17555650949447066,up
BAESY,0.0942290655206175,up
CRT,0.31580848151320917,up
CRT,0.019598832910147745,none
CRT,0.10892735290065336,none
CRT,0.24403333172681907,up
CRT,0.0707593711541532,down
CRT,0.2817832343850031,up
CRT,0.001157473148306165,down
CRT,0.08745166373511704,none
CRT,0.22949427245610132,up
CRT,0.10363180994943244,none
CRT,0.3261950784167451,up
CRT,0.03353830077060893,down
AGM-A,0.15045466742558244,up
AGM-A,0.026176637245564294,down
AGM-A,0.2043808377700529,down
AGM-A,0.008159086343653366,down
AGM-A,0.08311915941005821,up
AGM-A,0.17399533102755815,down
AGM-A,0.12149554246398608,up
AGM-A,0.06913792835286547,up
AGM-A,0.04080880064909387,down
AGM-A,-0.01564397124147443,down
AGM-A,0.17293233607568714,down
AGM-A,0.09927093760120775,none
FDUS,0.09249601728795898,none
FDUS,0.09334722822853658,up
FDUS,0.08637345344137537,none
FDUS,0.1188674830181844,up
FDUS,0.006871329577179619,down
FDUS,0.11534338980984171,none
FDUS,0.04021511062733696,none
FDUS,0.12036143971283075,up
FDUS,0.007903141984884732,none
FDUS,0.012048062653627234,down
FDUS,0.028880612515901793,down
FDUS,0.024701883792268786,none
MANU,0.14585077339547703,up
MANU,0.04935370916542636,down
MANU,0.08394931931119953,none
MANU,0.0995146445722852,up
MANU,0.008428698947363644,none
MANU,0.03837723529184789,down
MANU,0.24253077338544737,up
MANU,0.15849059863037973,up
MANU,0.0261682302964934,down
MANU,0.13140307861922396,none
MANU,0.169944912740301,up
MANU,0.06968645823399222,none
BLMN,-0.001107028938003296,down
BLMN,0.06224400052684276,down
BLMN,0.11796672979038192,none
BLMN,0.2622467465057332,up
BLMN,0.24822696370254227,none
BLMN,0.14836881741282504,none
BLMN,0.02069447345956621,down
BLMN,0.014354068384628604,down
BLMN,0.08191130161360305,down
BLMN,0.006493461131375167,down
BLMN,0.03474991534716976,none
BLMN,0.10704606363178559,down
VGZ,0.11688316312723446,down
VGZ,0.11764706569834438,none
VGZ,0.1886793004528604,none
VGZ,0.2686567204012904,none
VGZ,0.17948724414705297,none
VGZ,0.6249999161809696,up
VGZ,0.06912435561063712,down
VGZ,0.37096776984608737,up
VGZ,0.38764048781513605,up
VGZ,0.3283581545156966,up
VGZ,0.1315789803903853,down
VGZ,0.012987000923330161,down
EDN,0.14477616337950305,none
EDN,0.4658298629076558,up
EDN,0.08856981033351552,none
EDN,0.007874096162013844,down
EDN,0.07068193456987237,none
EDN,0.06030412359379289,down
EDN,0.21138206402255943,none
EDN,0.004125834256021976,down
EDN,0.0071942722456204145,none
EDN,0.1530303399205979,none
EDN,0.3064015076707658,up
EDN,0.4372881038132099,up
MAYS,0.09335990353367984,none
MAYS,0.038993722863767566,up
MAYS,0.18083998635920273,up
MAYS,0.01855673249234857,up
MAYS,0.32100050421987203,up
MAYS,0.024330901146618178,down
MAYS,0.04059347352680209,both
MAYS,0.09416345369536305,none
MAYS,0.1787956926647032,up
MAYS,0.3582089552238805,up
MAYS,0.04106776116360944,up
MAYS,0.03872155985397385,both
AEO,0.5990146342386926,up
AEO,0.6773398205910086,up
AEO,0.8881701303378946,up
AEO,0.08869827117969886,none
AEO,0.5969915655940308,up
AEO,0.09733497580631023,down
AEO,0.0037943201020134154,down
AEO,0.03744991630128691,none
AEO,0.01046752108787774,down
AEO,0.19658718465196112,up
AEO,0.0908280879830603,down
AEO,0.22790345411149038,none
FMCKI,0.026470562248494645,down
FMCKI,0.48484853520319016,up
FMCKI,0.09215016203919002,down
FMCKI,0.029129831414473673,none
FMCKI,0.1099848011475415,down
FMCKI,0.028985479703797834,down
FMCKI,0.1946902847807861,up
FMCKI,0.28557695922767046,up
FMCKI,0.29083248634858894,up
FMCKI,0.13157901176125142,down
FMCKI,0.352941220469404,up
FMCKI,0.0023147942039265512,down
NWBI,0.04125302898400762,none
NWBI,0.18925708218066517,up
NWBI,0.04464951299268605,none
NWBI,0.022364146516988148,none
NWBI,0.17215428696895696,up
NWBI,0.11996532291597051,none
NWBI,0.011653269352656315,none
NWBI,0.021379460449719057,none
NWBI,0.049371485311620944,none
NWBI,0.09838724369437157,up
NWBI,0.10668924983500427,up
NWBI,0.030546517937900086,down
WFC-PC,0.11127364645908999,up
WFC-PC,-1.7294652820964984e-08,down
WFC-PC,0.006915987985841143,down
WFC-PC,0.0016501132072510583,down
WFC-PC,0.0067148955212592565,down
WFC-PC,0.10855318257257829,up
WFC-PC,0.039958571713932134,none
WFC-PC,0.02659741907658697,down
WFC-PC,0.02041364360430209,none
WFC-PC,0.01880312456622213,none
WFC-PC,0.04260094761229127,up
WFC-PC,0.014270162842652923,down
KGEI,0.2608695764848099,none
KGEI,0.4395925048138343,up
KGEI,0.11926608782232262,none
KGEI,0.08259585921094992,none
KGEI,0.279202217469398,up
KGEI,0.2037846572817894,down
KGEI,0.08000001907348642,down
KGEI,0.42857145289985543,none
KGEI,0.07500004768371582,none
KGEI,0.21527772948697943,up
KGEI,0.11734694622298747,none
KGEI,0.06218905502143346,down
GURE,0.0,down
GURE,0.12149534709423015,down
GURE,0.17647055523618382,down
GURE,0.010558022866088423,down
GURE,0.5468749173451228,up
GURE,0.28776979207017717,none
GURE,0.17763156862800455,down
GURE,-0.016853890444890163,down
GURE,0.6619718801736412,up
GURE,0.1933333079020183,down
GURE,0.6499999364217122,up
GURE,0.6229507825093314,up
THM,0.02127657550770312,down
THM,0.009259250061012025,down
THM,0.41509441601165276,none
THM,0.48447210165753485,up
THM,0.09677419664956521,none
THM,0.49557527818753777,up
THM,0.40909092756342313,up
THM,0.5306122151080499,up
THM,0.7718447557054378,up
THM,0.015151500099837678,down
THM,0.2830189506792906,none
THM,0.4062499790452423,none
RYM,18.190909229822392,up
RYM,0.03448273270122537,down
RYM,0.040636752377493535,down
RYM,0.0635686451945976,down
RYM,0.8974196958529213,up
RYM,0.21706868748272545,down
RYM,0.5458515526318304,none
RYM,0.3145198026115483,down
RYM,1.0172051164703637,up
RYM,0.06730769230769229,down
RYM,0.49090911402846826,up
RYM,0.04044116787706953,down
TNMG,0.025641001008694042,down
TNMG,-0.031746031746031744,down
TNMG,0.5808382282902047,down
TNMG,0.7210683643013374,up
TNMG,0.05043227739628775,up
TNMG,0.05144229302039505,up
TNMG,0.3187659954957154,both
TNMG,0.054158591793826316,up
TNMG,1.255639065396315,up
TNMG,0.6774193162462694,up
TNMG,0.19475654159841516,none
TNMG,0.14705880290496687,down
GLV,0.09722300213502,none
GLV,0.07941706415078476,none
GLV,0.06728936721942325,none
GLV,0.09937120243322828,up
GLV,0.05932221991488529,down
GLV,0.08946674406253874,up
GLV,0.07064012029236921,down
GLV,0.05743349718556012,none
GLV,0.013973594865523298,down
GLV,0.08214311803843777,up
GLV,0.08920069335589664,none
GLV,0.055140527078263446,none
LXU,0.015068489929416673,down
LXU,0.18564922141396445,up
LXU,0.22068102329376638,up
LXU,0.10264742285138251,down
LXU,0.12469431125130459,none
LXU,0.01741804019541715,down
LXU,0.2530119734382177,up
LXU,0.21834632868645043,up
LXU,0.015640352712219974,down
LXU,0.03873742093989696,down
LXU,0.08408410128460608,none
LXU,0.252595105087869,none
KRMD,0.08778627065642275,down
KRMD,0.2786884477016156,up
KRMD,0.1195795411673688,none
KRMD,0.10714287452030424,none
KRMD,0.1640625334694057,none
KRMD,0.06666671964857551,down
KRMD,0.19877044414839729,none
KRMD,0.057971045791138875,down
KRMD,0.12000000476837158,none
KRMD,0.5441175606939628,up
KRMD,0.25270760018185223,none
KRMD,0.40572395640295555,up
TC,0.08370044052863435,down
TC,0.3170731707317074,none
TC,0.15584413493377225,down
TC,0.19047619047619047,down
TC,0.46122448979591835,down
TC,0.75,up
TC,0.14285719593734725,down
TC,0.75,up
TC,1.1058823529411765,up
TC,0.8119266055045871,up
TC,0.19784172661870514,down
TC,1.4999998891076425,up
ATR,0.002422779963133559,down
ATR,0.0995317697571283,up
ATR,0.09816925937764842,up
ATR,0.05311370246615055,down
ATR,0.08120249606925123,down
ATR,0.11833220453607951,up
ATR,0.05522806964305249,down
ATR,0.07098131608932157,down
ATR,0.003127833095857291,down
ATR,0.08032362468825016,up
ATR,0.04940357158425823,down
ATR,0.08334772120853984,none
VYCO,-0.10628019149791579,down
VYCO,0.15625004074536353,down
VYCO,0.0,down
VYCO,0.11864405495447183,down
VYCO,0.42346949675204093,down
VYCO,0.39999998509883894,none
VYCO,0.08823529669570251,down
VYCO,0.11864405495447183,down
VYCO,0.15625004074536353,down
VYCO,0.7254902189944814,none
VYCO,0.3199999731779102,none
VYCO,0.0,down
MANDF,2.220446049250313e-16,down
MANDF,0.023255781359495353,down
MANDF,-0.07563027337980843,down
MANDF,0.023255781359495353,down
MANDF,0.023255781359495353,down
MANDF,0.023255781359495353,down
MANDF,2.220446049250313e-16,down
MANDF,0.023255781359495353,down
MANDF,0.023255781359495353,down
MANDF,0.023255781359495353,down
MANDF,2.220446049250313e-16,down
MANDF,0.023255781359495353,down
LUNG,0.07982737158318165,down
LUNG,0.6319018979215969,up
LUNG,0.039764356766333275,down
LUNG,0.6419753567908271,up
LUNG,0.33000004291534424,down
LUNG,0.1490803459077401,down
LUNG,0.34343437384177333,down
LUNG,0.09831464850470706,down
LUNG,0.07809520903087797,down
LUNG,0.6900585031775202,up
LUNG,0.1260061854786163,down
LUNG,0.1374501515202291,none
CLCS,0.19620249010091362,down
CLCS,0.2690355145647729,down
CLCS,0.022494902980031206,down
CLCS,1.1195853229132968,up
CLCS,0.14545455333615154,down
CLCS,0.24999995032946476,up
CLCS,1.7766665927127585,up
CLCS,1.4999999627470975,up
CLCS,1.4747499454803772,up
CLCS,0.06779664955205078,down
CLCS,0.13157892810560856,down
CLCS,0.6000000340597975,none
LSTA,0.029885084434708498,down
LSTA,0.43497758758461447,up
LSTA,0.04594590153634992,down
LSTA,0.3023255014496957,up
LSTA,0.015267160753269282,down
LSTA,0.3672566049595074,up
LSTA,0.2318840967810123,none
LSTA,0.3114753986231522,none
LSTA,0.188461549042245,none
LSTA,0.15686278054152858,none
LSTA,0.3265306294568462,up
LSTA,0.29535868417081645,none
EPC,-0.0013101246341095107,down
EPC,0.02205317165337739,none
EPC,0.017937240607536653,down
EPC,0.16360538061156804,up
EPC,0.10314658431080792,up
EPC,0.05802745988685909,down
EPC,0.09390553659397671,none
EPC,0.10993534432873608,none
EPC,0.011132024989635614,down
EPC,0.20542421174312597,up
EPC,0.047421828622004725,none
EPC,0.04723532067648839,none
TTAN,0.15708776658554635,up
TTAN,0.12769782224261728,none
TTAN,0.06432589054419258,none
TTAN,0.11899649451993488,down
TTAN,0.17280813925394045,up
TTAN,0.2363031294282465,up
TTAN,0.27617816228579684,down
TTAN,0.08498121084625843,none
TTAN,0.1361710008810204,none
TTAN,0.1625430582107903,up
TTAN,0.03033222505693023,down
TTAN,0.054486307218195584,down
SAFE,0.10091173588179658,none
SAFE,0.14731853986164412,none
SAFE,0.06264973049484723,none
SAFE,0.25982566657870465,up
SAFE,0.00591078320693339,down
SAFE,0.10250297775707784,none
SAFE,0.12524580928906848,none
SAFE,0.20124914127893678,none
SAFE,0.15874545550592756,none
SAFE,0.024516060552197683,down
SAFE,-0.0005714892705872554,down
SAFE,0.44564166484268686,up
XYL,0.06724579074632442,none
XYL,0.025036218263636778,down
XYL,0.01637273349583679,down
XYL,0.034523128668137115,none
XYL,-0.0010757824199801869,down
XYL,9.224780030359092e-05,down
XYL,0.02031352268027864,down
XYL,0.10475089048202912,up
XYL,0.1290770883719059,up
XYL,0.03507006631713372,down
XYL,0.10174215905452577,up
XYL,0.0011090282255854511,down
XPL,0.17567566696791181,none
XPL,0.07407400048809576,none
XPL,0.0,down
XPL,0.23333330021964316,none
XPL,0.11290321340173892,none
XPL,0.12765951645541573,none
XPL,0.21538469297646357,none
XPL,0.14814811135515904,none
XPL,0.11594200519873432,down
XPL,0.05357137725365435,down
XPL,0.14925367424816982,none
XPL,0.0952380997433595,none
KEY-PI,0.0980111368762242,none
KEY-PI,0.043942523685015056,none
KEY-PI,0.014192403679808008,down
KEY-PI,0.005371535368282165,down
KEY-PI,0.051874223899253114,down
KEY-PI,0.002353019647231447,down
KEY-PI,0.04228061264337235,none
KEY-PI,0.15825664060291955,up
KEY-PI,0.07981004853489204,up
KEY-PI,0.05674496765271608,up
KEY-PI,0.09582195716053898,down
KEY-PI,0.006732640886290442,down
CCCC,0.23842193562191172,none
CCCC,0.6263269183381446,up
CCCC,0.08160629642483919,down
CCCC,0.06505104833620323,down
CCCC,0.375224346739534,down
CCCC,0.20133103414788645,none
CCCC,0.2599757556859512,none
CCCC,0.16221030762115807,down
CCCC,0.6066667238871257,up
CCCC,0.149681456843771,none
CCCC,1.4646182381248454,up
CCCC,0.8738170076528602,up
VRSK,0.10175877164199476,none
VRSK,0.11923661171171074,up
VRSK,0.09401092068428141,up
VRSK,0.09941605566037759,up
VRSK,0.06070304642245539,down
VRSK,0.19335325812207205,up
VRSK,0.19411841198891522,up
VRSK,0.048687869378176485,down
VRSK,0.0692359358136716,none
VRSK,0.1658879248888272,up
VRSK,0.029899376847218218,none
VRSK,0.1345996700830574,up
CCD,0.09193038604384984,up
CCD,0.08282688592789555,none
CCD,0.026646618725227,down
CCD,0.12646437498002605,none
CCD,0.22722932401676377,up
CCD,0.015337514548769304,down
CCD,0.0027315980851869703,down
CCD,0.04928956180743893,none
CCD,0.09461516287462635,none
CCD,0.012538524387751826,none
CCD,0.11216445139732079,up
CCD,0.17960390331410392,up
IMVT,0.08739830543189875,none
IMVT,0.2726315950092517,up
IMVT,0.09723824025680061,none
IMVT,0.031568271817777216,down
IMVT,0.13240854181931128,none
IMVT,0.067231557933072,down
IMVT,0.076269267374528,down
IMVT,0.15315315315315314,none
IMVT,0.11164839189131182,down
IMVT,0.011472264351955141,down
IMVT,0.18018575332182785,none
IMVT,0.1350583974287327,none
USFD,0.07272146792071554,none
USFD,0.005391016858159237,down
USFD,0.18812594722471232,up
USFD,0.016893738747769005,down
USFD,0.10085392607170407,none
USFD,0.07114731950480602,none
USFD,0.056900446905493895,none
USFD,0.12773204821093076,down
USFD,0.0965517766248496,none
USFD,0.03846659224701954,none
USFD,0.06362007597263664,none
USFD,0.10300078372999799,up
CLIK,0.4210525552615214,none
CLIK,0.1626984164527996,none
CLIK,0.16423358273967303,down
CLIK,0.049999973009218435,down
CLIK,0.002506243300079536,down
CLIK,0.2518089449408336,none
CLIK,0.050000031789143806,down
CLIK,0.05198489552939467,down
CLIK,3.7500002317958465,up
CLIK,-0.0015898614367377828,down
CLIK,0.08829568734886695,none
CLIK,0.5801526636051375,none
SBC,0.004789290492771103,down
SBC,0.059113340297505035,up
SBC,0.49390248113058677,up
SBC,0.3253332773844402,up
SBC,0.3035382028264635,up
SBC,0.0756676923146582,up
SBC,0.49539877738074667,up
SBC,0.4988470143690349,up
SBC,0.21515882757289195,none
SBC,0.11748247056597627,down
SBC,0.3148147692615879,up
SBC,0.25,up
SVYSF,0.2272727131370711,up
SVYSF,0.14986516569236064,up
SVYSF,0.2628487599485356,up
SVYSF,0.06858708261505986,none
SVYSF,0.012030113246148666,down
SVYSF,0.018510324899361885,down
SVYSF,0.22832592021069842,up
SVYSF,0.13809257166150468,up
SVYSF,0.23926699321547207,up
SVYSF,0.12440953289185797,up
SVYSF,0.006418438850106956,down
SVYSF,0.0,down
PEBO,0.299025917233563,up
PEBO,0.044717999913424844,none
PEBO,0.18094875123742304,up
PEBO,0.04469121929626163,down
PEBO,0.09249125477396092,none
PEBO,0.12435076423029545,up
PEBO,0.10336998233723271,none
PEBO,0.21797063251703297,up
PEBO,0.13375753046492855,up
PEBO,0.12770909072862402,none
PEBO,0.10156301613431551,up
PEBO,0.045590599915211305,down
BBLGW,3.230228374827524,up
BBLGW,19.82311454753774,up
BBLGW,0.19369372126827944,none
BBLGW,-0.04415580313932255,down
BBLGW,0.3348415645841609,down
BBLGW,0.058260037345534865,down
BBLGW,1.7209300675090495,down
BBLGW,0.4115550026866619,up
BBLGW,0.011428594783861268,down
BBLGW,1.0843749710901944,down
BBLGW,0.2592592224662702,down
BBLGW,18.840450494335496,up
BME,0.015688185922057896,down
BME,0.04977462645129327,up
BME,0.06419965421940987,up
BME,0.049320868398913476,none
BME,0.03065022298581499,down
BME,0.013369238194174793,none
BME,0.0631066408559755,up
BME,0.010598972354210812,none
BME,0.05107457451585762,up
BME,0.035353748010066965,none
BME,0.028081818862241148,none
BME,0.02872837091492353,none
FINGF,0.06102961822979869,down
FINGF,0.0,down
FINGF,0.29404733421447427,up
FINGF,0.03911486384456131,none
FINGF,0.19591838768363723,up
FINGF,0.1456215784542667,down
FINGF,0.15700562929837725,up
FINGF,0.12472249568877225,up
FINGF,0.048852434461259975,down
FINGF,0.005827566657262029,down
FINGF,0.031688953636721084,down
FINGF,0.2907489614451637,up
IVF,0.029999966091579955,down
IVF,0.44880172151347386,up
IVF,0.11363636363636354,down
IVF,0.19777156511724714,down
IVF,0.8564705244076798,up
IVF,0.06498194945848379,down
IVF,1.8925619429412373,down
IVF,0.2077295230041305,none
IVF,0.894736842105263,up
IVF,0.5431266430638702,down
IVF,0.009615401074261065,down
IVF,1.25,up
MAA-PI,0.0023765605106342846,down
MAA-PI,0.09459044908033909,up
MAA-PI,0.08807580963303652,down
MAA-PI,0.022486173828765832,up
MAA-PI,0.061016966512875026,none
MAA-PI,0.07908784493694943,up
MAA-PI,0.018891182503280035,none
MAA-PI,0.02157639825748836,none
MAA-PI,-0.000587831673822925,down
MAA-PI,0.08920184907531503,up
MAA-PI,0.07887037280081,down
MAA-PI,0.020323767075742794,down
MDXH,0.5139860428424865,up
MDXH,0.10893516952407101,none
MDXH,0.02936861788293399,down
MDXH,0.40780292598760326,up
MDXH,0.2955465630031706,none
MDXH,0.08108106714865881,down
MDXH,0.37660167978179193,up
MDXH,0.05012222886503892,none
MDXH,0.23148147228323412,none
MDXH,0.21893496132878765,none
MDXH,0.31927705513650695,down
MDXH,0.0864864673294059,down
SITM,0.3809512624085585,none
SITM,0.27442586765585397,none
SITM,0.39754605919581043,down
SITM,0.014192397714301697,down
SITM,0.026327341755805866,down
SITM,0.004136155227162597,down
SITM,0.3073518117207903,up
SITM,0.1302426073429077,down
SITM,0.06603003942489516,down
SITM,0.044770686998279796,down
SITM,0.1393320088074077,down
SITM,0.26179453888999404,up
AUDC,0.03220826298570989,down
AUDC,0.06730779414576338,down
AUDC,0.13280148235227784,none
AUDC,0.1572506376787417,none
AUDC,0.05657695534370277,none
AUDC,0.06650903752182713,none
AUDC,0.20858907314904318,up
AUDC,0.02031487577121327,down
AUDC,0.011558419723675994,down
AUDC,0.032956860901440566,down
AUDC,0.01741806973084503,down
AUDC,0.18248762172047495,up
NFLX,0.06204400618852479,down
NFLX,0.16050134200540045,up
NFLX,-0.0036205187505071734,down
NFLX,0.1383881130303526,up
NFLX,0.1252693122688353,up
NFLX,0.026159875701797786,down
NFLX,0.22144463056329022,up
NFLX,0.08974341741933034,down
NFLX,0.24809490115204813,up
NFLX,0.0423973979832466,down
NFLX,0.13201622852721706,down
NFLX,0.1303813759953445,none
ZLAB,0.14196238700502262,down
ZLAB,0.04094491957396329,down
ZLAB,0.40477690734265703,up
ZLAB,0.09345321891529346,down
ZLAB,0.4846326895531343,up
ZLAB,0.3778699659980165,none
ZLAB,0.07492266380198243,down
ZLAB,0.29751073042885934,none
ZLAB,0.26405573155655326,none
ZLAB,0.13985750024619592,none
ZLAB,0.2450957415901467,down
ZLAB,0.025441316993515484,down
SNA,0.10250077674288449,up
SNA,0.012654262645315661,down
SNA,0.2682049517311691,up
SNA,0.13013948140118248,up
SNA,0.03485766758715236,none
SNA,0.03035128954853561,none
SNA,0.07172231388818262,none
SNA,0.1273805137486319,up
SNA,0.014255863162023319,down
SNA,0.31511625771226903,up
SNA,0.013750009192905921,none
SNA,0.08973352586731753,up
CRD-B,0.07226097874848625,none
CRD-B,0.058355477026866165,none
CRD-B,0.1268219401652868,none
CRD-B,0.05795677796943233,none
CRD-B,0.10428561668600378,none
CRD-B,0.03287462124311058,down
CRD-B,0.1730084557210987,up
CRD-B,0.023255688780419392,down
CRD-B,0.11928419090764009,none
CRD-B,0.07711410917559092,down
CRD-B,0.0775859953421798,down
CRD-B,0.13126516634165486,none
SPOT,0.4302920916542594,up
SPOT,0.2700885144071279,up
SPOT,0.08641431336096783,none
SPOT,0.009245736913484848,down
SPOT,0.34129301518086597,up
SPOT,0.0017672840683915503,down
SPOT,0.06628142379571988,down
SPOT,0.15472976862161092,none
SPOT,0.13606155244709583,none
SPOT,0.06059102932412519,none
SPOT,0.11582713413797552,none
SPOT,0.22769189850239302,none
ORRF,-0.00029971171509846073,down
ORRF,0.019452393549333813,none
ORRF,0.09488833938864594,none
ORRF,0.04012015656517409,none
ORRF,0.18383950466364696,up
ORRF,0.018903785401440443,none
ORRF,0.23099171747436587,up
ORRF,0.008474483114877529,down
ORRF,0.15063250854666355,up
ORRF,0.09151485567239259,up
ORRF,0.1737203107837506,up
ORRF,0.15824113322502487,up
BBDC,0.03321890885221013,down
BBDC,0.021450348562050525,none
BBDC,0.03631649837241557,none
BBDC,0.0701031552078133,up
BBDC,0.041570379414449965,down
BBDC,0.19329907900038346,up
BBDC,0.042016662313100195,none
BBDC,0.044193485430581214,none
BBDC,0.02136964738683922,none
BBDC,0.006855882857401685,down
BBDC,0.02036190306966268,down
BBDC,0.20103793904433154,up
CHMI-PA,0.011810607119366656,down
CHMI-PA,0.060311376568559893,up
CHMI-PA,0.09310838712114267,none
CHMI-PA,0.09160289138335775,none
CHMI-PA,0.003030347983049131,down
CHMI-PA,0.054633828959957054,down
CHMI-PA,0.019698982159527922,down
CHMI-PA,0.08215611129574008,down
CHMI-PA,0.008532521710178154,none
CHMI-PA,0.03311039254837844,none
CHMI-PA,0.026647777827388808,none
CHMI-PA,0.056383489494958194,down
AGNCP,0.02089160235112053,down
AGNCP,0.0020039039447703466,none
AGNCP,-0.0016032637853288234,down
AGNCP,0.00981145116489035,none
AGNCP,0.09613077396453473,up
AGNCP,0.03408272456755168,down
AGNCP,0.03595266083593507,up
AGNCP,0.13003118065622754,up
AGNCP,0.030970273593715625,up
AGNCP,0.02947060758355824,none
AGNCP,0.10712357840884801,up
AGNCP,0.016962814470601772,up
ICR-PA,0.03188252391442736,down
ICR-PA,0.14911103914023882,up
ICR-PA,0.1131783978127332,up
ICR-PA,0.1755756599210898,up
ICR-PA,0.101327930331649,up
ICR-PA,0.039613524571263214,none
ICR-PA,0.07398578854021132,up
ICR-PA,0.21436713127667661,up
ICR-PA,0.1141625962359003,up
ICR-PA,0.0482183570056276,down
ICR-PA,0.10675830320474944,up
ICR-PA,0.1200915598313328,up
ARR-PC,0.10496826276578619,up
ARR-PC,0.09067671001698008,none
ARR-PC,0.07115858637786765,up
ARR-PC,0.12370060298910124,none
ARR-PC,0.07733732734730459,up
ARR-PC,0.0637517596932844,none
ARR-PC,0.01784528763144211,down
ARR-PC,0.0027709549717398474,down
ARR-PC,0.031750813624060514,down
ARR-PC,0.029042900726819587,none
ARR-PC,0.01975343985931799,down
ARR-PC,1.6376233658021988e-07,down
CCLD,0.05569620910238671,none
CCLD,0.48471622358290856,none
CCLD,0.0569444909875787,none
CCLD,0.3114753986231522,none
CCLD,0.2077922469991771,down
CCLD,0.5728476920528771,down
CCLD,0.4156626216177146,up
CCLD,0.039735140640910105,down
CCLD,0.16421570804475727,down
CCLD,0.018264822286715,down
CCLD,0.07624995708465576,down
CCLD,0.21397380685554412,none
PFBX,0.15027828437169966,down
PFBX,0.3767541312011151,up
PFBX,0.057376944602743896,up
PFBX,0.34865698541408086,up
PFBX,0.07028754655098313,up
PFBX,0.029411735345417744,down
PFBX,0.0028247503172595945,down
PFBX,0.07499994946322075,up
PFBX,0.17424222481425367,up
PFBX,0.3076922839062386,up
PFBX,0.18333341968155814,up
PFBX,0.07875884293999724,up
NGGTF,0.18610862528458938,none
NGGTF,-0.02007729596522212,down
NGGTF,0.09356723209769635,up
NGGTF,0.05401239374738731,up
NGGTF,0.03273807493971814,none
NGGTF,0.10687036115466642,up
NGGTF,0.08164696392713511,up
NGGTF,0.21598102112093964,up
NGGTF,0.08185320001079543,up
NGGTF,0.11638918138203058,up
NGGTF,0.16652212126234778,none
NGGTF,0.15759987508533357,up
IPSC,0.05797099812129081,down
IPSC,0.02777779076353948,down
IPSC,0.02137413555061407,down
IPSC,0.5013624289746521,none
IPSC,0.11139896117030168,none
IPSC,0.022900833518668895,down
IPSC,0.46060613372984993,up
IPSC,0.14499991556008984,down
IPSC,0.25609746716005266,none
IPSC,0.3555555634047267,down
IPSC,0.1610017375979691,down
IPSC,0.10853433258587564,down
ORKT,0.11698112302195995,down
ORKT,0.03428569920208968,down
ORKT,0.18617022591999288,down
ORKT,1.1897435264161054,up
ORKT,0.12547533572562775,down
ORKT,0.6194331796225283,down
ORKT,1.107142900224447,up
ORKT,0.6632016829873522,up
ORKT,1.5056180392321799,up
ORKT,0.445347826656292,down
ORKT,0.16032606072456312,down
ORKT,1.2356021233234475,up
SMMT,0.2931034411885083,none
SMMT,0.1105937264588257,down
SMMT,0.4859407631715542,up
SMMT,0.022177446102500387,down
SMMT,2.4461536896534457,up
SMMT,0.4707379418895674,none
SMMT,4.1287035316964795,down
SMMT,1.7620210371064013,up
SMMT,0.2123552930353143,down
SMMT,0.566228436137139,up
SMMT,0.060000038146972745,down
SMMT,0.24341462298137384,none
PFS,0.1980866860786643,up
PFS,0.058558514209477996,down
PFS,0.026912012613126812,none
PFS,0.2040689315437043,up
PFS,0.016055957219750727,none
PFS,0.18478278496861078,up
PFS,0.1948238520228991,up
PFS,0.08885175715256577,none
PFS,0.031400867529829846,down
PFS,0.21253224931158088,up
PFS,0.018078557308234267,down
PFS,0.06853722063896028,none
XYZ,0.1954788790926183,up
XYZ,0.42492876291432724,up
XYZ,0.06172839750981307,down
XYZ,0.03391546974218884,down
XYZ,0.14481895309184534,none
XYZ,0.05307262569832405,down
XYZ,0.054920513357705536,down
XYZ,0.010915350196519347,down
XYZ,0.0035164522164032874,down
XYZ,0.4123976614137783,up
XYZ,0.09329222530335435,none
XYZ,0.5434448329295343,up
ASPN,0.5824306804471642,up
ASPN,0.2173912876553541,down
ASPN,0.21584691390933308,down
ASPN,0.5069337562220271,up
ASPN,0.592219116800462,up
ASPN,0.16192989958190807,down
ASPN,0.7830929669957447,up
ASPN,0.5329152911509338,up
ASPN,0.514049513823154,up
ASPN,0.10700233301301587,down
ASPN,0.03593753704123892,down
ASPN,0.1353406963817938,down
BAC-PE,0.06072193204197518,up
BAC-PE,0.1522416350055349,up
BAC-PE,0.04190204789122087,none
BAC-PE,0.07302404436599064,up
BAC-PE,0.055410503381464915,none
BAC-PE,0.03315292494986988,none
BAC-PE,0.1084422808328751,up
BAC-PE,0.03688955585381737,none
BAC-PE,0.03644051398565762,up
BAC-PE,0.07076250735084066,none
BAC-PE,0.012432805936863023,none
BAC-PE,0.03433290589748039,down
IFNNY,0.14238399595145523,up
IFNNY,0.2488162376302827,up
IFNNY,0.07795910852582644,down
IFNNY,0.08917205037577247,down
IFNNY,0.06264414200571555,down
IFNNY,0.09350864571372774,up
IFNNY,0.02268928051044594,down
IFNNY,0.14184552588580845,up
IFNNY,0.43620042068684284,up
IFNNY,0.0046959778606794345,down
IFNNY,0.05051713575100503,down
IFNNY,0.252925277721461,up
CNLPL,0.03804381829491943,up
CNLPL,0.020151272248254415,none
CNLPL,0.02712482474357225,down
CNLPL,0.02156653432651856,up
CNLPL,0.041627224026334675,up
CNLPL,-0.007476756031825849,down
CNLPL,0.027675681877953107,none
CNLPL,0.024883782061138504,up
CNLPL,0.04781862512013757,up
CNLPL,0.007650686052738331,down
CNLPL,0.019830030672074672,up
CNLPL,0.06539871310001177,both
PREM,0.829268314844082,up
PREM,0.46341456101452927,none
PREM,0.42857145289985543,down
PREM,0.10416664403035436,down
PREM,1.5789474509759631,up
PREM,0.24999998137354873,down
PREM,1.7669902533385473,up
PREM,0.49999989043264415,none
PREM,0.19999995529651704,down
PREM,1.4500000476837158,up
PREM,0.4772726810914423,none
PREM,1.3684212229010857,none
BON,0.4470588459688074,up
BON,0.1273885350318471,down
BON,0.31081081081081074,none
BON,1.546875,up
BON,0.14449213161659524,none
BON,0.07291666084590043,none
BON,0.15492957746478875,down
BON,-0.012237762237762184,down
BON,0.07258437355524738,down
BON,0.3793103448275863,none
BON,0.0844306738962044,down
BON,0.1964285714285714,none
NMG,0.06818182126057049,down
NMG,0.05854428409957113,down
NMG,0.08223684313719959,down
NMG,0.03934430355860452,none
NMG,0.06963788467327792,none
NMG,1.8720380303641329,up
NMG,0.338905854371901,none
NMG,0.01592043034909585,none
NMG,0.4206895689901955,up
NMG,0.10105263559441813,down
NMG,0.21176469488264904,down
NMG,0.5706214696875693,up
RIV-PA,0.06063780356644943,up
RIV-PA,0.030029073177104015,none
RIV-PA,-0.0016800551243892903,down
RIV-PA,0.08794583691249147,up
RIV-PA,0.04753447973748881,none
RIV-PA,0.035069942812209876,up
RIV-PA,0.05266554273906965,up
RIV-PA,0.03405659440992026,up
RIV-PA,0.011372969399639388,down
RIV-PA,0.055667492196148416,up
RIV-PA,0.017699107590837704,none
RIV-PA,0.05596145434712585,up
QURT,0.20535715901273854,down
QURT,0.0,down
QURT,0.0,down
QURT,0.3799999952316284,none
QURT,0.5000000662273849,up
QURT,0.0,down
QURT,-0.2918476813799038,down
QURT,0.1111111405455043,down
QURT,0.3636363340803421,up
QURT,0.3636363340803421,up
QURT,0.6666667423551078,down
QURT,2.499999888241293,up
ARKO,0.02652107860296704,down
ARKO,0.025358476874036473,none
ARKO,0.2874452705845685,up
ARKO,0.1958164033517411,none
ARKO,0.04597706633990839,none
ARKO,0.2231696861525858,up
ARKO,0.1256038069680958,none
ARKO,0.09586222222921625,none
ARKO,0.09667695305442225,down
ARKO,0.03421164066571847,none
ARKO,0.04624261172692545,down
ARKO,0.08370538200711386,none
DEO,0.11538131693540987,up
DEO,0.19125901854881455,up
DEO,0.050019555318626674,down
DEO,0.16004820970121147,up
DEO,0.008385021834334427,down
DEO,0.0027876929046670718,down
DEO,0.07157885758189697,up
DEO,0.08848789796244705,up
DEO,0.10892696532058688,up
DEO,0.01758283219341239,down
DEO,0.08046298362274884,none
DEO,0.027681888561954526,down
NWL,0.01337291132854479,down
NWL,0.08533130774473063,down
NWL,0.06191591104508398,down
NWL,0.01062536870105002,down
NWL,0.06576582848086954,down
NWL,0.5776614643266405,up
NWL,0.056871906010719675,down
NWL,0.10218664201796823,down
NWL,0.10896885383220378,none
NWL,0.06412712996549441,down
NWL,0.021326703189004315,down
NWL,0.13714529957642818,up
WEA,0.008249446110000669,down
WEA,0.04544610900399926,none
WEA,0.004255173399259515,down
WEA,0.06518377033771716,none
WEA,0.004545425934527891,down
WEA,0.0923874850371511,up
WEA,0.021307281785841514,none
WEA,0.1214446371319462,up
WEA,0.03399212958120512,none
WEA,0.007765327989904591,down
WEA,0.008188755959587457,none
WEA,-0.0008629334156898816,down
CEF,0.0,down
CEF,0.05306546598365047,down
CEF,0.17134668426309552,up
CEF,0.0811913403727027,up
CEF,0.08930481327057649,up
CEF,0.032323299073625744,down
CEF,0.08555129598479527,up
CEF,0.07610754413081877,up
CEF,0.1889554994490199,up
CEF,0.03285427679859154,none
CEF,0.12940683753218996,up
CEF,0.10324015397902131,up
INCY,0.2196033109685427,up
INCY,0.012231129221123904,down
INCY,0.005317509506895579,down
INCY,0.03880726726807793,down
INCY,0.0052934192763656185,down
INCY,0.03796282181031785,none
INCY,0.012200926165691905,none
INCY,0.046773783312740846,down
INCY,0.05278452147117263,none
INCY,0.22305219140618182,up
INCY,-0.02905599731015185,down
INCY,0.011548456242015614,none
ACUT,0.7180617304567658,none
ACUT,1.5888888726999726,up
ACUT,1.6297968201392123,up
ACUT,0.17986577514119895,none
ACUT,0.17815821226037287,down
ACUT,1.8252224967205883,down
ACUT,-0.027730564061670404,down
ACUT,1.5326085667810752,up
ACUT,0.10169495406603368,down
ACUT,0.29565220906739054,down
ACUT,0.03894736941171151,none
ACUT,0.6599472432995734,down
FOXA,0.03401180178338126,none
FOXA,0.07847078802984009,none
FOXA,0.10054771449023958,up
FOXA,0.07385512544493467,none
FOXA,0.050593620841092424,none
FOXA,0.0037628235242646024,down
FOXA,0.13847065491142496,up
FOXA,0.10307904434995363,none
FOXA,0.12326206460744271,up
FOXA,0.12407260867335501,up
FOXA,0.0643723485239891,down
FOXA,0.26324927123135744,up
EDIT,-0.08115424344647748,down
EDIT,0.005813947847045586,down
EDIT,0.5884773641017362,up
EDIT,0.006172745025411208,down
EDIT,0.628691941807626,up
EDIT,0.19000005722045898,none
EDIT,0.28406909946969483,up
EDIT,0.16856059785059974,down
EDIT,0.08845436028963993,down
EDIT,0.10032897058698964,none
EDIT,0.5961251829000938,up
EDIT,0.03139607915636833,down
CHSCP,0.049645270307527634,up
CHSCP,0.07045388212523118,up
CHSCP,0.031992027285983715,none
CHSCP,0.09277973620165181,up
CHSCP,0.01112574863646043,down
CHSCP,0.11082927690546374,up
CHSCP,0.04930499153258028,none
CHSCP,0.013691502278085244,down
CHSCP,0.0136896794351411,none
CHSCP,0.040306983826972065,none
CHSCP,0.11366672829846558,up
CHSCP,0.05157877976851477,none
OPLN,0.08082796035723172,none
OPLN,0.12055834967872192,none
OPLN,0.09734519249271423,none
OPLN,0.07040326212673809,down
OPLN,0.19917013187020616,down
OPLN,0.1870823648205624,up
OPLN,0.017543827034838255,down
OPLN,0.23369566786781748,up
OPLN,0.08184876351099812,none
OPLN,0.08958690868726826,none
OPLN,0.17759570530385393,up
OPLN,0.025167829086193194,down
MLI,0.23451205315194912,up
MLI,0.03309235071345529,none
MLI,0.09161844155367227,none
MLI,0.5394190220864663,up
MLI,0.1716844300086522,up
MLI,0.05912133290487431,down
MLI,0.03880985146749505,none
MLI,0.13835597156326784,none
MLI,0.2569657227987556,up
MLI,0.09351820254073795,none
MLI,0.17272607965284337,up
MLI,0.11152125460682671,up
XCH,0.23931632552940396,none
XCH,0.587499995936047,down
XCH,0.04964542844622866,none
XCH,0.7549019562011037,up
XCH,0.12307699361496671,none
XCH,0.24686187793827186,up
XCH,0.4412463115589993,down
XCH,0.7612717142831313,none
XCH,0.15146829636386805,none
XCH,0.42915609332057225,down
XCH,0.15079369734804748,none
XCH,1.1921053542434796,up
CLGN,0.20361440259601626,none
CLGN,0.03029050710888237,down
CLGN,0.201298746537512,down
CLGN,0.2931035002497915,up
CLGN,0.03090910478071729,down
CLGN,0.982922172122652,up
CLGN,0.38750000496705383,up
CLGN,0.28882880865508653,up
CLGN,0.13314448510468102,none
CLGN,0.46819083913382475,up
CLGN,0.05235913686434279,down
CLGN,0.33269779287575263,up
BZAI,0.009821483234362605,up
BZAI,0.019981771914716395,none
BZAI,0.03519067707337009,up
BZAI,0.007056420794945284,up
BZAI,0.12230919445596111,up
BZAI,0.12450985112863155,up
BZAI,1.6019332436365494,up
BZAI,0.021818161010742188,up
BZAI,0.011461306828900009,up
BZAI,0.008097158176053387,up
BZAI,0.015178578499020379,up
BZAI,-0.002832835933799349,down
CMCO,0.09174701867104829,none
CMCO,0.1382458884915434,none
CMCO,0.2538158317354329,up
CMCO,0.255455647744548,up
CMCO,0.07817787924010977,down
CMCO,0.17845290630099497,down
CMCO,0.09659703493517902,down
CMCO,0.08934264857334395,down
CMCO,0.06384373605466287,none
CMCO,0.09510435176996812,down
CMCO,0.13606498579323412,none
CMCO,0.08643138172100873,down
BGMS,-0.015776713355815652,down
BGMS,1.6176470423367788,up
BGMS,1.7396314732033566,down
BGMS,0.13849289468306147,down
BGMS,0.21212131101041587,down
BGMS,0.42635665720138727,none
BGMS,0.23333329672997571,down
BGMS,0.0359712469001876,down
BGMS,0.04137935235916479,down
BGMS,0.2959380484318974,down
BGMS,0.31343278808745856,up
BGMS,0.19210529781933494,none
AMUB,0.029430180543716933,down
AMUB,0.036037351520240124,up
AMUB,0.20259987632666254,up
AMUB,0.10043969818413379,up
AMUB,0.06264867774166571,up
AMUB,0.19813487019860387,up
AMUB,0.05131987670283289,down
AMUB,0.07487923659854978,up
AMUB,0.05260774278448821,up
AMUB,0.027719919663062864,down
AMUB,0.033949915583996626,none
AMUB,0.01840286645678857,down
SCTSF,0.9856661381989487,up
SCTSF,0.46153843481950596,up
SCTSF,0.41891888989303916,up
SCTSF,0.09677416460405763,down
SCTSF,0.3382353284917219,none
SCTSF,0.35542172171608466,up
SCTSF,0.09714285973788939,none
SCTSF,0.20111728185060773,none
SCTSF,0.12105264313663477,none
SCTSF,0.2847222054545837,down
SCTSF,0.05189777771170423,none
SCTSF,0.18644063373206987,none
MPLX,0.15645583640595628,up
MPLX,0.023272493223262858,down
MPLX,0.0847520727218416,none
MPLX,0.055720531969859266,down
MPLX,0.04443563089086777,down
MPLX,0.11546725054065732,up
MPLX,0.08100369789054107,none
MPLX,0.08414565835276222,none
MPLX,0.05503742418044655,none
MPLX,0.05816738544281086,down
MPLX,0.2057855931494923,up
MPLX,0.06135572374259546,up
GIB,0.018684972622947216,down
GIB,0.03234409773745206,none
GIB,0.030290284189633754,down
GIB,0.09656940439603656,up
GIB,0.0023045798903691406,down
GIB,0.11545849704286804,up
GIB,0.02102913837044973,none
GIB,0.019348681822938918,down
GIB,0.043351001798813016,down
GIB,0.012581319266903535,down
GIB,0.1455676396495469,up
GIB,0.04380600304054938,down
UNF,0.08660555964693706,none
UNF,0.03046492237944931,down
UNF,0.009264504798759399,down
UNF,0.03102643242394132,down
UNF,0.028813446019686495,none
UNF,0.04807456966625279,down
UNF,0.053325864152024005,none
UNF,0.012551780583606842,down
UNF,0.05225488156802771,down
UNF,0.02328280652550241,down
UNF,0.030898125488356465,none
UNF,0.16541098690047606,up
EPOW,0.04926115490666039,down
EPOW,0.021834040676500743,down
EPOW,0.4260869736482158,none
EPOW,0.0,down
EPOW,0.118863062467641,down
EPOW,0.09000003337860107,down
EPOW,0.080353162635463,none
EPOW,0.04761911790117157,down
EPOW,1.1641791217389255,up
EPOW,0.11349030499198465,none
EPOW,0.8095238005132812,up
EPOW,0.005076137217272736,down
MED,0.07750827900836366,none
MED,0.02040517600465197,down
MED,0.054430357360473414,none
MED,0.06751473609944814,none
MED,0.0006299764775943295,down
MED,0.0722270115496273,none
MED,0.18020827848878396,none
MED,0.07453419454970422,none
MED,0.03206138333991104,down
MED,0.16108012409487515,none
MED,0.010976578872682774,down
MED,0.0067137256273104295,down
WALDW,0.18055554175818456,up
WALDW,0.3025209057020506,down
WALDW,0.5,up
WALDW,0.23076924957937472,up
WALDW,0.0,down
WALDW,0.15384624201870856,none
WALDW,0.29166657560401865,down
WALDW,0.6536081701374594,down
WALDW,0.15624999767169356,down
WALDW,0.2399999618530273,down
WALDW,0.6051363702552361,up
WALDW,1.0519481585105837,up
MNSB,0.13904573253052543,up
MNSB,0.11980620229079642,none
MNSB,0.013370144990228816,down
MNSB,0.027781592210760042,down
MNSB,0.15484733470958978,up
MNSB,0.03307148931629156,none
MNSB,0.17405033472037634,up
MNSB,0.2203751615957703,up
MNSB,0.13478265254778599,up
MNSB,0.0185262160178552,none
MNSB,0.19695416570901658,up
MNSB,0.08797280171738753,up
HMY,0.7886439907906255,up
HMY,0.33656173740632833,up
HMY,0.2182387298912145,down
HMY,0.56089755477852,up
HMY,0.25785116232344274,down
HMY,0.27065031946422247,up
HMY,0.21784339540622555,up
HMY,0.2529645404786034,up
HMY,0.15335457212231995,none
HMY,0.255903572715239,up
HMY,0.5860309356671989,up
HMY,0.156918598161647,none
LBTYK,0.1696174531182757,up
LBTYK,0.027251673693041933,down
LBTYK,0.01556423336019841,down
LBTYK,0.21594067951283957,up
LBTYK,0.021968365332681872,none
LBTYK,0.19797512367983483,up
LBTYK,0.08477516701712151,none
LBTYK,0.2192328729873374,up
LBTYK,0.18588225108744605,up
LBTYK,0.11150703051144295,none
LBTYK,0.01250864122355555,down
LBTYK,0.04609597120665021,down
GIC,0.04036004936554005,down
GIC,0.16893280657860066,up
GIC,0.0619493321523108,none
GIC,0.03555227835680763,down
GIC,0.17896787084499266,up
GIC,0.24756503546334363,up
GIC,0.05680175234620077,none
GIC,0.08640493248857184,none
GIC,0.1590459266501929,up
GIC,0.07221623961176094,none
GIC,0.04751959859209931,down
GIC,0.077135864088695,down
OSK,0.0309277766575613,down
OSK,0.16371014479400214,none
OSK,0.24039485546377515,up
OSK,0.005420020815766424,down
OSK,0.06521767224126385,none
OSK,0.045834722402559924,down
OSK,0.18620908925254676,up
OSK,0.04431580919931388,down
OSK,0.10064845176766757,down
OSK,0.04230897910899434,down
OSK,0.052450883448636354,down
OSK,0.06171616519797207,down
PM,0.07988323578186685,down
PM,0.11475827618150647,up
PM,0.11494513451732691,up
PM,0.19580419340549393,up
PM,0.017925440593822506,down
PM,0.03682350579694216,down
PM,0.24711156890255004,up
PM,0.11193660441285114,up
PM,0.23468971121818094,up
PM,0.11869480063347626,up
PM,0.05404906617076555,down
PM,0.19318822200729757,up
CAMP,1.7205882417392564,up
CAMP,0.10067112429400504,down
CAMP,0.25508320764575343,none
CAMP,0.5181517980419934,none
CAMP,0.020969835519305757,down
CAMP,0.06090371974191955,down
CAMP,0.2154741347984479,down
CAMP,0.1079545785511331,none
CAMP,0.6606497965007039,up
CAMP,0.37728198748055775,none
CAMP,1.256097609730153,up
CAMP,0.09523812226968142,down
CDIO,0.05490190774129844,down
CDIO,7.0,down
CDIO,0.018378334839558752,down
CDIO,0.9330856222305628,up
CDIO,0.07692300168250155,down
CDIO,0.3514285768781389,none
CDIO,0.0927834844326274,down
CDIO,0.1830986697451693,none
CDIO,0.0,down
CDIO,0.13513513049099446,down
CDIO,0.6255708982131887,none
CDIO,0.03299228488067385,down
CMRC,0.06367428617277748,down
CMRC,0.039246466564409,down
CMRC,0.02625301480004638,none
CMRC,0.0886363313710401,down
CMRC,0.04166668614530922,down
CMRC,-0.008378749723826018,down
CMRC,0.042547745688939376,down
CMRC,0.07942980762582086,down
CMRC,0.015837034754739632,down
CMRC,0.5181406810229616,up
CMRC,0.4346591528689816,up
CMRC,0.0052456182142794905,down
SRI,0.20418849431053387,none
SRI,0.0842794907129194,none
SRI,0.3092949320461176,up
SRI,0.0459140759518446,none
SRI,0.10308123883840437,down
SRI,0.09025476834532009,down
SRI,-0.018612463539303348,down
SRI,0.019637479862273377,down
SRI,0.08118312989181953,none
SRI,0.0027063574137822233,down
SRI,0.2813152104683576,up
SRI,0.12514288766043524,down
EARN,0.021640173058153023,down
EARN,0.09120942536899612,none
EARN,0.062124279361259305,up
EARN,0.0070299065682957185,down
EARN,0.0307263881786477,down
EARN,0.008921227258450903,down
EARN,0.010036967881777104,down
EARN,0.0027815195260343373,down
EARN,0.016829394823799193,down
EARN,0.12167096357024532,none
EARN,0.02702716876182265,none
EARN,0.12304868184308737,none
CWCO,0.044882274523806,down
CWCO,0.12222163986280665,none
CWCO,0.06345632316757999,none
CWCO,0.42421410122596526,up
CWCO,0.21343726585849332,up
CWCO,0.3520431052956263,up
CWCO,0.16525745253773994,up
CWCO,0.24023917979517462,up
CWCO,0.07362635439264231,down
CWCO,0.3133380432298114,up
CWCO,0.10265818465636367,none
CWCO,0.10383563446208255,none
TER,0.3035248833510584,up
TER,0.16370762826134655,up
TER,0.2252408489058353,up
TER,0.3381089282305658,up
TER,0.11058391052991157,none
TER,0.08733987585954739,down
TER,0.09252437323619378,none
TER,0.037618353493606094,down
TER,0.05033067453407414,down
TER,0.09362277236035044,none
TER,0.0635713614894351,none
TER,0.07023743683926509,none
NXPL,0.9420289033802847,up
NXPL,0.8741257957761832,up
NXPL,0.6837944568677594,up
NXPL,0.12307695242074823,none
NXPL,0.6666666215756836,up
NXPL,0.6543208626490058,down
NXPL,0.09740259981533406,none
NXPL,0.07770267592632862,down
NXPL,0.18007658187345044,none
NXPL,0.06586816909387228,none
NXPL,0.08333325054910778,down
NXPL,0.5636364329944958,up
VZ,0.12439590552753543,up
VZ,0.10499011554739024,up
VZ,0.043086457385321575,down
VZ,0.0678799304943547,none
VZ,0.2447841320520434,up
VZ,0.1854817524662753,up
VZ,0.12667651627621201,up
VZ,0.041459414860498534,down
VZ,0.20591694777026048,up
VZ,0.10182886159764304,up
VZ,0.10526471352863331,up
VZ,0.09444577408201837,up
VRAX,0.25130342117479154,none
VRAX,0.8823529411764706,up
VRAX,0.8604651162790697,up
VRAX,0.8214285714285714,up
VRAX,-0.014440433212996373,down
VRAX,0.14062493480742244,down
VRAX,1.143258426966292,up
VRAX,0.5571428571428572,up
VRAX,0.23893805309734506,none
VRAX,1.0,up
VRAX,0.14566287640168274,down
VRAX,0.0,down
SYF-PB,0.034095355744050204,none
SYF-PB,0.05602844747558544,up
SYF-PB,0.04127650431175467,none
SYF-PB,0.01521492730384777,none
SYF-PB,0.050565388775758,up
SYF-PB,0.04323378966976876,up
SYF-PB,0.008400176324456554,none
SYF-PB,0.00979993786075628,down
SYF-PB,0.010156307046368829,none
SYF-PB,0.02265217793901786,none
SYF-PB,0.022592104943778946,none
SYF-PB,0.06811880301227058,up
OKLO,0.010687073582599682,none
OKLO,2.5605590219625713,up
OKLO,0.004136500676053423,none
OKLO,1.4372923094958319,up
OKLO,4.030411461834262,up
OKLO,0.3903640100125372,none
OKLO,0.01853762146947746,none
OKLO,2.277389404344798,up
OKLO,0.018480524579634228,up
OKLO,0.6209453042587878,up
OKLO,0.009146356828482416,none
OKLO,0.03462323453707361,none
VASO,0.17241383917124886,none
VASO,0.16666660043928627,down
VASO,0.14285711244661004,down
VASO,0.0,none
VASO,0.16666669771075315,none
VASO,0.30769236941309597,none
VASO,0.7499999844779568,up
VASO,0.33333333333333326,none
VASO,0.17857147038591137,none
VASO,0.0,none
VASO,0.22222216703273845,none
VASO,0.13043472063789419,none
ALRTF,0.07692304018451468,down
ALRTF,1.032520422466106,up
ALRTF,7.917197827040459,up
ALRTF,1.6143790117632735,up
ALRTF,0.17411761240975698,down
ALRTF,0.3095238200830226,none
ALRTF,2.2437276969736772,down
ALRTF,0.8968134140413628,up
ALRTF,0.33333333333333326,down
ALRTF,0.186440679749732,down
ALRTF,0.17187499090505343,down
ALRTF,0.1603375112908123,down
XLO,0.3468012874923807,none
XLO,0.9249999850988386,up
XLO,0.44807527246438483,none
XLO,0.061855681686826536,down
XLO,0.025236568385065494,down
XLO,0.4912280188079394,down
XLO,0.04620464445243466,none
XLO,0.2202072783914346,down
XLO,0.055555566067838624,none
XLO,1.6805556212573252,up
XLO,0.14461537687635406,down
XLO,1.3536586703121172,up
ERRAF,0.01580233183529467,up
ERRAF,0.018408429918270075,up
ERRAF,0.018408429918270075,up
ERRAF,2.220446049250313e-16,none
ERRAF,0.01580233183529467,up
ERRAF,0.018408429918270075,up
ERRAF,2.220446049250313e-16,none
ERRAF,0.025058208882727584,up
ERRAF,0.018408429918270075,up
ERRAF,2.220446049250313e-16,none
ERRAF,0.018408429918270075,up
ERRAF,2.220446049250313e-16,none
NXGL,0.20689656589884575,none
NXGL,0.24626859364623388,none
NXGL,0.3610431619239116,none
NXGL,0.35074619230859905,none
NXGL,0.29729725158153664,none
NXGL,0.12222224135457793,none
NXGL,0.398601449901794,up
NXGL,1.0333333015441895,up
NXGL,0.29032262199420344,none
NXGL,0.6752137692644002,up
NXGL,0.14790871560381547,none
NXGL,0.5652174463895077,up
ODD,0.016717357410048095,down
ODD,0.18402584227222318,none
ODD,0.2801220237676778,none
ODD,0.06651694810095421,down
ODD,0.4614045835260423,up
ODD,0.013092592348612708,down
ODD,0.1386416408236566,none
ODD,0.11014369883653385,none
ODD,0.5671961599480062,down
ODD,0.05184276586728931,down
ODD,0.015310990462435337,down
ODD,0.21095883148463823,none
CUBB,0.0623085597737969,up
CUBB,-0.002342006901109084,down
CUBB,0.13801014368901487,none
CUBB,0.00898658364535665,down
CUBB,0.08915864839601273,none
CUBB,0.01304686211168149,none
CUBB,0.07275462071285199,up
CUBB,0.015454552390358645,down
CUBB,0.02222221953341097,down
CUBB,-0.0040125100762277155,down
CUBB,0.11264301043765834,up
CUBB,0.03426456526464383,none
FCN,0.041233916885818456,none
FCN,0.13805989376758276,up
FCN,0.017973265871729094,down
FCN,0.12513702897943402,up
FCN,0.17272096116952507,up
FCN,0.2179957317021426,up
FCN,0.039775268760427585,none
FCN,0.053945799819111295,none
FCN,0.10813972836992969,none
FCN,0.00911660487138577,down
FCN,0.09849808128676907,up
FCN,0.11931847677239626,up
ETHW,0.050387601674951155,down
ETHW,0.018817236461442066,down
ETHW,0.10920090168221952,none
ETHW,0.8842617946923303,up
ETHW,0.7230465546839795,up
ETHW,0.7542799134874323,up
ETHW,0.09454057238574087,down
ETHW,0.6649746880952396,up
ETHW,0.7842932539476872,up
ETHW,-0.020025805885624637,down
ETHW,0.5275330398789211,up
ETHW,0.08047444063290321,none
KEY,0.17605620386884713,up
KEY,0.2160196282981972,up
KEY,0.1949910230847598,up
KEY,0.10898654241386385,down
KEY,0.06898352678084652,down
KEY,0.07457344187687687,none
KEY,0.05759495382472912,down
KEY,0.15935679826745597,none
KEY,0.007861764080506095,down
KEY,0.012431906249873892,none
KEY,0.24432029821831325,up
KEY,0.18021187031958896,up
XTXXF,1.0325203374602863,up
XTXXF,1.4666666984558105,up
XTXXF,0.0,down
XTXXF,0.0,down
XTXXF,1.4443237890139282,up
XTXXF,0.9935345658135495,up
XTXXF,1.4666666984558105,up
XTXXF,-0.17777776718139648,down
XTXXF,1.0,up
XTXXF,1.0325203374602863,up
XTXXF,1.3684210823513467,up
XTXXF,1.5714285714285716,up
DYNCU,0.07526880363333355,up
DYNCU,0.039539586267624216,up
DYNCU,0.03914427537290566,up
DYNCU,0.04330713982930723,up
DYNCU,0.170673092353274,none
DYNCU,0.2988192455457521,both
DYNCU,0.039539586267624216,up
DYNCU,0.47251693599612943,down
DYNCU,0.4868548955341301,up
DYNCU,0.017128877179974245,down
DYNCU,0.039539586267624216,up
DYNCU,0.2329113237433671,up
GIGGF,0.2418603967756383,none
GIGGF,0.2727272463379671,none
GIGGF,0.38059699832795624,up
GIGGF,0.08910886706844234,none
GIGGF,0.573717905550138,up
GIGGF,0.015037624311255549,down
GIGGF,0.23280423697577368,up
GIGGF,0.2535210814353359,none
GIGGF,0.03358210117043048,none
GIGGF,0.09126984737071964,none
GIGGF,0.09890113758905583,down
GIGGF,0.13157893262647313,none
IPB,0.031001871913427292,none
IPB,0.05767919495812901,none
IPB,0.050704275357480455,up
IPB,0.015603488238487673,none
IPB,0.06827464394115856,both
IPB,0.057803123417340396,none
IPB,0.03562951461367314,none
IPB,0.028782152666382066,none
IPB,0.009055025763185398,none
IPB,0.028799970423553978,up
IPB,0.06876795159703653,up
IPB,0.059238888184907745,up
REGN,0.16315466718996485,up
REGN,0.06956292250120755,none
REGN,0.185714205794973,up
REGN,0.01268416765271807,down
REGN,0.1360127806005771,up
REGN,0.26043380109270897,up
REGN,0.18351874506889532,up
REGN,0.10322248747771501,none
REGN,0.03623994084881277,down
REGN,0.023330369496296077,down
REGN,0.16452744005149844,up
REGN,0.1519448276658717,up
ICHGF,0.07300767409721387,up
ICHGF,0.07300767409721387,up
ICHGF,0.03155137113749196,up
ICHGF,0.07300767409721387,up
ICHGF,0.22725744662379843,up
ICHGF,0.07300767409721387,up
ICHGF,0.04632762235389998,up
ICHGF,0.08450865534123642,up
ICHGF,0.03155137113749196,up
ICHGF,0.07300767409721387,up
ICHGF,0.22574495137813044,up
ICHGF,0.07300767409721387,up
EOI,0.06073600635168308,none
EOI,0.1016135409772041,up
EOI,0.09004247639688945,up
EOI,0.05855307037468638,down
EOI,0.20651442633963835,up
EOI,0.22036380985105408,up
EOI,0.13053753225167775,up
EOI,0.036559297814918734,none
EOI,0.05979540556752805,down
EOI,0.10940311914068435,up
EOI,0.0601036101062804,none
EOI,0.015624994423836247,down
VWFB,0.0,down
VWFB,0.017391287762185792,none
VWFB,0.029285113061338075,none
VWFB,0.02456146456271613,none
VWFB,0.01351350045186761,down
VWFB,0.0,down
VWFB,0.0916667141296259,up
VWFB,-0.0069686675129888576,down
VWFB,0.01243333808194258,down
VWFB,0.0499999706561749,down
VWFB,0.0033557175848972776,down
VWFB,0.09629631042480469,up
DG,0.009475337259891914,down
DG,0.029093363784386872,down
DG,0.028199572830528652,none
DG,0.07341654393171382,none
DG,0.13389460912487183,up
DG,0.2821071488972977,up
DG,0.06447445170223087,none
DG,0.2202201760913256,up
DG,0.15347438043915274,up
DG,0.011992368668566566,down
DG,0.06829960901661791,up
DG,0.08513860098594184,none
TROW,0.06637878554357846,down
TROW,0.05462184081570198,down
TROW,0.2864512268602215,up
TROW,0.06821687869587656,none
TROW,0.15543955239780427,up
TROW,0.1374465194928447,up
TROW,0.15498347590549022,up
TROW,0.048854613421203785,none
TROW,0.004114265604860501,down
TROW,-0.0032898354925892104,down
TROW,0.09744853371786921,none
TROW,0.10861922203844077,none
OGG,0.02049178325562906,none
OGG,0.21463417924634842,none
OGG,0.2968749817061638,up
OGG,0.38940809506082874,up
OGG,0.21943574768887197,none
OGG,0.09999998355733997,none
OGG,0.13483146819904634,down
OGG,0.35159815562004826,up
OGG,0.1642335934735264,none
OGG,0.039999961853027344,down
OGG,0.04430375401359932,down
OGG,0.09169054571756985,none
CIA,0.03559874969898691,down
CIA,0.0536586029624615,none
CIA,0.2264150502037534,none
CIA,0.19032263572208752,none
CIA,0.1007873820625873,down
CIA,0.18772562617584687,none
CIA,0.08564811825384444,none
CIA,0.9000000936644434,up
CIA,0.5495495392292364,up
CIA,0.08955229829111522,down
CIA,0.36144580476289945,none
CIA,0.9381107292012985,up
RSSS,0.17056855813932725,none
RSSS,0.09803921751955857,none
RSSS,0.10112358547243305,none
RSSS,0.13978498574786702,none
RSSS,0.0,none
RSSS,0.11510789084030981,none
RSSS,0.05381160741377,none
RSSS,0.02880655609866367,none
RSSS,0.07537693198421169,down
RSSS,0.06870231855708342,none
RSSS,0.022727250560256484,none
RSSS,0.2250000238418579,up
SGA,0.22504454571109167,up
SGA,0.37640936622519017,up
SGA,0.022107881091840476,down
SGA,0.09189630572603824,none
SGA,0.037154278707610455,down
SGA,0.15455684140075765,up
SGA,0.08497462854118365,down
SGA,0.09062779329504211,none
SGA,0.029771408602233373,none
SGA,0.05921324712672793,none
SGA,0.00646193251575089,none
SGA,0.00737994655234786,none
PPSI,3.537735902400634,up
PPSI,0.1031939542076643,down
PPSI,0.015789458824326585,down
PPSI,0.2376237610983969,down
PPSI,0.9891302458220161,up
PPSI,0.16819019544030112,down
PPSI,0.8095236941890507,up
PPSI,0.14664532122217788,down
PPSI,0.1372299533500203,none
PPSI,0.010985925311584488,down
PPSI,0.2562814190665661,down
PPSI,0.296146064063078,up
EGMCF,0.8645730827298701,none
EGMCF,1.3809524126300206,up
EGMCF,0.2342465635982589,down
EGMCF,0.33266325532413243,up
EGMCF,0.17992588493853612,none
EGMCF,-0.01906151348083185,down
EGMCF,0.04636716088382187,down
EGMCF,0.30199996677041097,down
EGMCF,0.12651154731659986,down
EGMCF,0.10235292940840535,down
EGMCF,0.105990795751562,down
EGMCF,1.3835126390825159,up
KAYS,0.14895946076404432,down
KAYS,0.1362499811407174,none
KAYS,0.1294117626434379,none
KAYS,0.3428570911592368,none
KAYS,0.4820593266162647,none
KAYS,-0.0037243884557901508,none
KAYS,0.4114113133146904,none
KAYS,0.19331739845650286,none
KAYS,0.5892856929033088,up
KAYS,0.3571428343349574,none
KAYS,0.4071856167207093,down
KAYS,0.8166666635622579,none
NWE,0.014770374881558856,none
NWE,0.05490345266232999,none
NWE,0.11902366875559078,up
NWE,0.089873533484091,none
NWE,0.0027938304727608276,down
NWE,0.04692601663874996,none
NWE,0.09002161087470384,none
NWE,-0.000876435092766692,down
NWE,0.06573157251560069,none
NWE,0.07344441964824244,none
NWE,0.05784948220389374,none
NWE,0.09080410212193146,up
RYES,1.3333332008785725,up
RYES,1.3750000232830648,up
RYES,0.49999994678156745,none
RYES,0.4615384968074834,down
RYES,0.0,down
RYES,0.14545451195772108,down
RYES,0.428571443776695,down
RYES,0.08333325054910778,none
RYES,0.9047619926145585,up
RYES,0.333333300219643,down
RYES,0.5833333488553767,none
RYES,1.1875000116415326,up
RGCO,0.03742371342436335,none
RGCO,0.10982409720493935,none
RGCO,0.0947167575739929,none
RGCO,0.05354743704258058,none
RGCO,0.14348681707402067,up
RGCO,0.17783322628734277,up
RGCO,0.01033073111025673,down
RGCO,0.016243477699026343,none
RGCO,0.15973357397308896,up
RGCO,0.0629107630579322,none
RGCO,0.20847674144429407,up
RGCO,0.038322942227703605,none
PINS,0.058483714341705184,none
PINS,0.20503924499501203,up
PINS,0.021256531002253665,down
PINS,0.0801175003618948,down
PINS,0.04324327073655687,down
PINS,0.21706591667127673,up
PINS,0.4013459417684806,up
PINS,0.21100523636619672,none
PINS,0.22491770810150769,up
PINS,0.14951192524412193,none
PINS,0.12402054473796964,none
PINS,0.023032097174910726,down
EVG,0.03925789476875319,up
EVG,0.09123496050635338,up
EVG,0.055750797158865995,down
EVG,0.03710652783778867,none
EVG,0.03803696694336001,none
EVG,0.03424408161807602,none
EVG,0.01879694994624459,none
EVG,0.056215770900005735,none
EVG,0.0592527520920485,none
EVG,0.012477684833482217,down
EVG,0.10936997558497574,up
EVG,0.026668636117305633,down
HSTM,0.07732146969249798,none
HSTM,0.20024728297736094,up
HSTM,0.07091275525483787,none
HSTM,0.015073180254302043,down
HSTM,0.07723591565061749,none
HSTM,0.11314983537292611,up
HSTM,0.009803931210855987,down
HSTM,0.04026830203902887,none
HSTM,0.007903633583004943,down
HSTM,0.007737528609078614,down
HSTM,0.08325991480682204,none
HSTM,0.2087628691874579,up
CITAF,0.2443392432540259,both
CITAF,-0.022006459082271612,down
CITAF,0.08492922319070861,both
CITAF,0.08492922319070861,both
CITAF,0.20225687550819216,up
CITAF,0.3585921529409539,up
CITAF,0.1599662323870028,down
CITAF,0.12935078819823942,both
CITAF,0.0,down
CITAF,0.20225687550819216,up
CITAF,0.0,down
CITAF,0.08492922319070861,both
CLDT-PA,0.08465867111995706,up
CLDT-PA,0.06966847641875251,none
CLDT-PA,0.1510845638860021,up
CLDT-PA,0.09262484565273899,up
CLDT-PA,0.02407847293380705,down
CLDT-PA,0.06588952194634845,up
CLDT-PA,0.033331434400305504,none
CLDT-PA,0.023987394107947813,down
CLDT-PA,0.08982438022961947,up
CLDT-PA,0.05949232331594567,up
CLDT-PA,0.08465867111995706,up
CLDT-PA,0.07758630564670943,up
RZLV,0.8291814843958007,up
RZLV,0.8684209134675929,up
RZLV,0.005264228022963113,up
RZLV,0.015243863435390637,up
RZLV,0.008856753903482284,none
RZLV,0.027619043986002678,up
RZLV,0.18974352641610537,down
RZLV,0.26970226822499166,up
RZLV,0.7813619563244503,up
RZLV,0.15059681707485062,up
RZLV,0.2367816626183008,none
RZLV,0.0661040480120687,down
MTRX,0.422781994336658,up
MTRX,0.3832334354773683,up
MTRX,-0.006631325064698657,down
MTRX,0.17307699361496676,none
MTRX,0.3108384503942585,none
MTRX,0.13223136225760013,down
MTRX,0.02539202316623701,down
MTRX,0.017763188233666627,down
MTRX,0.056244057717934615,none
MTRX,0.02968269685418301,down
MTRX,0.3307618460008168,up
MTRX,0.1454545454545455,down
GTX,0.09019894161871078,down
GTX,0.2688480187879292,up
GTX,0.16460884836829925,down
GTX,0.24328438279683495,up
GTX,0.0890839707792479,none
GTX,0.010341085250546334,down
GTX,0.04396189682528062,down
GTX,0.19940036139884154,none
GTX,0.06315798773608505,none
GTX,0.08673469070543316,none
GTX,0.04388697090344196,none
GTX,0.19909489414714665,none
ELDN,0.015000025431315178,none
ELDN,0.12140570675033824,down
ELDN,0.08771928234615034,down
ELDN,0.5352696746516443,up
ELDN,0.6299212317567544,up
ELDN,0.08395053326875046,none
ELDN,0.6140351082662987,up
ELDN,0.008264454667762822,down
ELDN,0.8283828429582443,up
ELDN,0.784482752419255,up
ELDN,0.4333333396407033,none
ELDN,0.1171874839928928,none
ELC,0.03899313091750667,none
ELC,0.035932497207544545,down
ELC,0.16822874872622684,up
ELC,0.0433395548540636,none
ELC,0.0456703873805997,up
ELC,0.030940605445921143,none
ELC,0.02180558563684931,none
ELC,0.06741245040147081,up
ELC,0.009926646741551082,down
ELC,0.04647253791290562,up
ELC,0.0295698392439967,down
ELC,0.03488375954827627,none
PLG,0.21118014307928257,none
PLG,-0.017045438382004785,down
PLG,0.01351350045186761,none
PLG,0.10191080336048697,none
PLG,0.13333329212518463,none
PLG,0.007812492724042164,down
PLG,0.10179645548657201,none
PLG,0.9166667430828808,up
PLG,0.30344822313215913,up
PLG,0.08620688237701679,none
PLG,0.19230774521122518,none
PLG,0.5133333206176758,up
SHEN,0.17774699075867373,up
SHEN,0.12773088692712542,none
SHEN,0.05950716126779487,down
SHEN,0.024390214657578735,down
SHEN,0.08598445063230753,down
SHEN,0.1532884897981328,up
SHEN,0.322693038822488,up
SHEN,0.016277356045880875,down
SHEN,0.04235303251355371,down
SHEN,0.09866791078672432,down
SHEN,0.10289637414042074,none
SHEN,0.013955524891808624,none
USO,0.032156850777420365,down
USO,0.4407084562770758,up
USO,0.31229170163472486,up
USO,0.04356282548943913,down
USO,0.1169473407603514,up
USO,0.009791938428616476,down
USO,0.032429789786999175,down
USO,0.04035533225915078,down
USO,0.14892616183812546,up
USO,0.16157390996100673,up
USO,0.21591729394835735,up
USO,0.0797804726789415,none
MKSI,0.24843535435706565,up
MKSI,0.04665330890074548,down
MKSI,0.5059337619170841,up
MKSI,0.3912149850505897,up
MKSI,0.31469142377813575,up
MKSI,0.005570463647480484,down
MKSI,0.13473426358871876,none
MKSI,0.31144583833684014,up
MKSI,0.1572484487645598,down
MKSI,0.09293452737168573,down
MKSI,0.03593727919029055,down
MKSI,0.1602843016729123,none
ATHE,0.027522909692437203,none
ATHE,0.06476193382626483,down
ATHE,0.07857144012743134,none
ATHE,0.07407406706588526,down
ATHE,0.5217391619835556,up
ATHE,1.2263373246041391,down
ATHE,0.02439030468732617,down
ATHE,0.6018307055640679,up
ATHE,1.0415093029126834,down
ATHE,0.07228908602498318,down
ATHE,0.0,down
ATHE,0.17567563474918524,none
SQFT,0.13636361349014048,down
SQFT,0.11475414705673814,none
SQFT,0.33734820529910103,down
SQFT,0.07428567068917413,none
SQFT,0.09374996910271682,down
SQFT,0.2772276927582724,up
SQFT,0.017441853072249547,none
SQFT,0.3038704144916273,down
SQFT,0.04602509347205275,none
SQFT,0.09629631042480469,none
SQFT,0.11559137583902612,none
SQFT,0.032171666519884345,down
PTN,0.23529411764705888,down
PTN,0.08333333333333326,none
PTN,0.5454545454545454,none
PTN,0.4367816091954022,down
PTN,0.21126760563380276,down
PTN,0.1717171717171717,down
PTN,1.099009900990099,up
PTN,0.09550561797752799,down
PTN,1.3036649214659688,up
PTN,0.40740740740740744,up
PTN,0.8225806451612903,none
PTN,0.03296703296703307,down
NOVT,0.13181145583317666,none
NOVT,0.02493245319573134,down
NOVT,0.06762543816388789,down
NOVT,0.12800620700208842,none
NOVT,0.011175945750485194,down
NOVT,0.1331905053793332,up
NOVT,0.037518577466718606,down
NOVT,0.21548677967712937,up
NOVT,0.14396226031225434,up
NOVT,0.3471034912197497,up
NOVT,0.08412078407297052,down
NOVT,0.30902618743792387,down
WHF,0.07472186943446646,none
WHF,0.19699396469068686,up
WHF,0.014825904862972639,none
WHF,0.039137226953813276,none
WHF,0.05324844146274854,none
WHF,0.05584472862860257,none
WHF,0.11074362024870954,up
WHF,0.0897199474282857,none
WHF,0.08862146818421279,none
WHF,0.08306808191294834,up
WHF,0.00645568546130626,none
WHF,0.04516154171821962,none
MET-PF,0.0857003311692317,up
MET-PF,0.00836052506187368,down
MET-PF,0.076343699402319,none
MET-PF,-0.00044057397263963516,down
MET-PF,0.0028529947551094725,down
MET-PF,0.15747648021596983,up
MET-PF,0.08233745578698004,up
MET-PF,0.017224924434166677,down
MET-PF,0.02204415043730701,none
MET-PF,0.05250840811968405,none
MET-PF,0.039900609963233746,down
MET-PF,0.012253948773329748,down
HLNE,-0.006309078550524205,down
HLNE,0.18237693963944168,up
HLNE,0.06737467111687678,none
HLNE,0.05757268881483579,down
HLNE,0.05807443568962278,down
HLNE,0.2673607354457699,up
HLNE,0.011407609165344779,down
HLNE,0.34292692710238715,up
HLNE,0.04042777675634346,down
HLNE,0.21245799327164105,up
HLNE,0.25189920588830894,up
HLNE,0.42615415414147484,up
FTAIM,0.023107562443446916,none
FTAIM,0.09188241670747521,none
FTAIM,0.03901047630439103,none
FTAIM,0.028443075223443692,down
FTAIM,0.04776505950865051,none
FTAIM,0.011610372025199656,none
FTAIM,0.069823270364336,none
FTAIM,0.09298724906114963,none
FTAIM,0.029313169459883825,none
FTAIM,0.08574207203501971,up
FTAIM,0.02814091436447219,none
FTAIM,0.0385551759221654,up
NBIS,0.3741220503204108,down
NBIS,1.2392278499521696,up
NBIS,0.41983739341177584,none
NBIS,0.11706431505667059,none
NBIS,0.8805915107823372,up
NBIS,0.17204074491635346,none
NBIS,0.9200734202168437,up
NBIS,0.47235890174256046,up
NBIS,1.1324996452891494,up
NBIS,0.4208036408445728,up
NBIS,0.6495114080988054,up
NBIS,0.03141710076025661,down
SFM,0.20337239722550993,up
SFM,0.06744663033763354,none
SFM,0.026370352285879584,none
SFM,0.08427540388710986,none
SFM,0.1250000371754545,up
SFM,0.21592492845618905,up
SFM,0.2853860358575515,up
SFM,0.08352540272320197,none
SFM,0.016260207700681262,down
SFM,0.2963713768252083,up
SFM,0.16264385856411567,up
SFM,0.15029087066148317,up
BETRF,0.4111111000732144,none
BETRF,0.49152540660596244,none
BETRF,0.6571428024038979,up
BETRF,0.061068713578177336,down
BETRF,1.042105349015002,up
BETRF,0.3027523675758381,down
BETRF,0.13095238200830228,down
BETRF,0.36231882806035576,up
BETRF,1.1555555334797623,up
BETRF,0.08968607797904449,down
BETRF,0.029197140630203844,down
BETRF,0.23809523133734167,down
FND,0.014666372375760517,down
FND,0.23826529055225598,up
FND,0.23627244956177185,none
FND,0.06707693246694713,down
FND,0.08891112555595404,down
FND,0.25237462163756597,up
FND,0.4694558230655894,up
FND,0.2665140496685312,up
FND,-0.0031333793350986072,down
FND,0.10221358617127496,none
FND,0.041802668287978406,down
FND,0.07276014428655286,down
NET,-0.008222324109823265,down
NET,0.6266317809709512,up
NET,0.15376796722640695,down
NET,0.3108737083407178,up
NET,0.18569780396782787,none
NET,0.13502597272292882,none
NET,0.2958769015191982,up
NET,0.11128111786534878,none
NET,0.2821263575328805,up
NET,0.626899975320905,up
NET,0.03245654236294193,down
NET,0.07502427703497805,down
BNAI,0.005122950899764334,up
BNAI,0.00819675270763387,up
BNAI,0.010616738181632224,up
BNAI,0.018276807586367294,down
BNAI,0.0071794558794071595,none
BNAI,0.14906832758031285,none
BNAI,0.010172939663831704,up
BNAI,0.206451662125126,down
BNAI,0.0,down
BNAI,0.11732401219149047,up
BNAI,0.6411683027575048,up
BNAI,0.1506848491855557,none
FHN,0.13799388159621184,up
FHN,0.09255543048196846,none
FHN,0.06764356080669032,up
FHN,0.0038185968477746357,down
FHN,0.04683665574947171,down
FHN,0.270918535648186,up
FHN,0.013075340969186167,down
FHN,0.0825368144427523,up
FHN,0.08316701680689609,none
FHN,0.08979829805133765,none
FHN,0.13308063256358182,none
FHN,0.06366765877685121,none
LNSR,0.03958943902207279,down
LNSR,0.48104272766235323,up
LNSR,0.14203450397312434,down
LNSR,0.007882920294018048,down
LNSR,0.1333332970028831,down
LNSR,0.20898441319877836,none
LNSR,0.06298203531377444,none
LNSR,0.491525431947782,up
LNSR,0.054726353602654765,down
LNSR,0.13670878909257356,none
LNSR,0.28054159828596914,none
LNSR,0.18435760976178917,down
SLFIF,0.014357265595335456,up
SLFIF,0.0,none
SLFIF,0.014357265595335456,up
SLFIF,2.220446049250313e-16,none
SLFIF,2.220446049250313e-16,none
SLFIF,0.0,none
SLFIF,0.0,none
SLFIF,2.220446049250313e-16,none
SLFIF,0.014357265595335456,up
SLFIF,2.220446049250313e-16,none
SLFIF,0.014357265595335456,up
SLFIF,0.014357265595335456,up
HGAS,-0.004630488193171245,down
HGAS,0.5909090724365769,down
HGAS,1.2498336152740386,up
HGAS,0.3333333717260205,down
HGAS,0.6666666903193041,up
HGAS,0.02616724867078446,down
HGAS,0.8750001164153245,up
HGAS,0.7977840198462003,up
HGAS,0.0,down
HGAS,0.12686563645526738,down
HGAS,0.7996940924196494,none
HGAS,0.1260420627142631,down
EMPD,0.004464281437804418,down
EMPD,7.225746092226176,up
EMPD,-0.01551899074436447,down
EMPD,0.8518518518518519,up
EMPD,0.11578947368421044,down
EMPD,0.05343511450381677,down
EMPD,0.34782608695652173,none
EMPD,0.003533593712264471,down
EMPD,0.1151079136690647,down
EMPD,0.23785166240409206,down
EMPD,0.13157899081837487,none
EMPD,0.371069195592975,none
BEPI,0.08602147836643326,up
BEPI,0.05884318019919199,none
BEPI,0.040917759377584906,none
BEPI,0.1384564800893966,up
BEPI,0.04123741484943455,none
BEPI,0.012441117689722114,down
BEPI,0.008335503686343504,down
BEPI,0.17049710077286506,up
BEPI,0.030881979171350604,none
BEPI,0.041435330875285725,down
BEPI,0.07366369677889195,none
BEPI,0.05574320872675598,none
SYF,0.3037683848967685,up
SYF,0.19243851312503368,up
SYF,0.04342172498056995,none
SYF,0.023742983458764577,down
SYF,-0.013730756977083591,down
SYF,0.15676809779804612,none
SYF,0.17898283853228802,up
SYF,0.03596704018715524,down
SYF,0.1549144176570325,up
SYF,0.19506276048459337,up
SYF,0.10548160293887365,down
SYF,0.11074240413819458,down
QUIK,0.5356454147054557,up
QUIK,0.05828782969078361,none
QUIK,0.35798431692545374,down
QUIK,0.06469299999905886,none
QUIK,0.2581966970168299,none
QUIK,0.6135303696704268,up
QUIK,0.6372548905027593,up
QUIK,0.07617500557211643,none
QUIK,0.03992736498239591,none
QUIK,0.4653360439587739,up
QUIK,0.15520627468967185,none
QUIK,0.20309471922684863,none
AHL-PF,0.022683574156864728,up
AHL-PF,0.05495866800182414,up
AHL-PF,0.011146486052859839,none
AHL-PF,0.015795467752022452,down
AHL-PF,0.1665894788257123,up
AHL-PF,0.007936462472985628,none
AHL-PF,0.006387228850288418,down
AHL-PF,0.05658038998594472,up
AHL-PF,0.009940377454396465,none
AHL-PF,0.03229619500723202,none
AHL-PF,0.025831633382096486,down
AHL-PF,0.02905376162871831,down
INFY,0.7162471083606483,up
INFY,0.15631241920570904,up
INFY,0.045882468882537664,none
INFY,0.165809727017874,up
INFY,-0.0014955921642058057,down
INFY,0.020459531832543343,down
INFY,0.024058023237029547,down
INFY,0.0811257576823059,none
INFY,0.029154548003681446,none
INFY,0.026953059677950142,down
INFY,0.09369476444524572,up
INFY,0.04226984202703199,down
VRTS,0.22206864064953447,up
VRTS,0.1699633939765337,up
VRTS,0.0837257130438287,none
VRTS,0.22880542026665296,up
VRTS,0.19147384927670474,up
VRTS,0.07661184479977323,none
VRTS,0.12913811106849438,none
VRTS,0.061272217728488565,down
VRTS,0.1935949018827745,up
VRTS,0.19919086502959127,up
VRTS,0.03693032398471363,none
VRTS,-0.003963973136120846,down
SPOWF,3.2999997472124516,up
SPOWF,1.1615384703557163,up
SPOWF,0.8983049456226024,up
SPOWF,0.7777778161038087,down
SPOWF,1.283105063609547,none
SPOWF,1.9888983329008103,up
SPOWF,0.8072289034955678,none
SPOWF,0.25000007761021625,down
SPOWF,0.5000000931322595,down
SPOWF,3.2999997472124516,up
SPOWF,0.33742330587284,none
SPOWF,0.8395061047043402,down
F,0.22979808229643717,up
F,0.12394377566061054,none
F,0.04939277459861935,none
F,0.08735439477262674,none
F,0.042914063936100755,none
F,0.04487659943757438,down
F,0.0584194934383242,none
F,0.38467067975777014,up
F,0.33807465193775244,up
F,0.13188050966019138,up
F,0.1638274492508105,none
F,0.19096352598593702,up
DRTTF,0.14852942633071975,none
DRTTF,0.02853264621703655,down
DRTTF,0.0,down
DRTTF,0.03921564960882984,down
DRTTF,0.0548697160153353,none
DRTTF,0.2230769248403741,up
DRTTF,0.40970879831708884,up
DRTTF,0.06976746872392536,down
DRTTF,0.08870968827347836,none
DRTTF,0.03086416800562497,down
DRTTF,1.0226844693389303,up
DRTTF,0.24418608680681708,down
GBR,0.11363634105884768,none
GBR,0.6534653196567621,up
GBR,0.00833332505491069,none
GBR,0.9560438682312951,up
GBR,0.5904762218328303,up
GBR,0.2815534845802201,up
GBR,0.19480524607584693,none
GBR,0.07766994673543626,none
GBR,0.5,up
GBR,0.9347825424995686,up
GBR,0.3017241671663695,up
GBR,0.2857142509593915,none
SBH,0.0650841807415774,none
SBH,0.18115416887698754,none
SBH,0.29732938370680584,up
SBH,0.6243386092098362,up
SBH,0.04665160928056422,none
SBH,0.1828383186475877,none
SBH,0.3388960662709388,up
SBH,0.007970989504123116,down
SBH,0.6566986782598181,up
SBH,0.1581831974689769,up
SBH,0.020127176112639367,down
SBH,0.0,none
NAC,0.010423875595617416,down
NAC,0.016087932446478437,down
NAC,0.06723552552065515,none
NAC,0.06875556621709711,up
NAC,0.03271929099717563,none
NAC,0.03660513901651896,none
NAC,0.041932520077714086,none
NAC,0.03923294335831451,none
NAC,0.01893643514296728,none
NAC,0.00488341799249814,down
NAC,0.19881344638034304,up
NAC,0.01674147438029716,none
CAMVF,0.22222222222222232,none
CAMVF,0.078125,down
CAMVF,0.2592592592592593,none
CAMVF,0.11904761904761907,none
CAMVF,0.0,down
CAMVF,0.375,none
CAMVF,0.17441860465116288,none
CAMVF,0.16666666666666674,none
CAMVF,2.166666611477183,up
CAMVF,0.6829268292682926,up
CAMVF,0.022222222222222143,down
CAMVF,0.07843137254901955,down
SWBI,0.1295379914912158,up
SWBI,0.18013121908932805,up
SWBI,0.17611689746447712,up
SWBI,0.18246105376667043,none
SWBI,0.036764826979113874,none
SWBI,0.0939909080638579,down
SWBI,0.14933141166432118,up
SWBI,0.28996967559367626,up
SWBI,0.16859315159114052,up
SWBI,-0.1695835914969267,down
SWBI,0.3575248830888593,up
SWBI,0.02047340664089803,none
SCDL,0.11718560396337718,up
SCDL,0.0953562722254957,down
SCDL,0.3140173637946304,up
SCDL,0.1224011158956575,down
SCDL,0.27709932899888123,up
SCDL,0.05908581016650816,down
SCDL,0.14648159764481838,up
SCDL,0.027226956845041617,none
SCDL,0.002975445004619104,down
SCDL,0.18932180240553964,up
SCDL,0.010298195848484237,down
SCDL,0.13249748270659567,up
TWN,0.10457523762233967,down
TWN,0.06282515043601777,down
TWN,0.03579421120095749,none
TWN,0.2240423755523142,up
TWN,0.10971862285858469,none
TWN,0.2645110146487819,up
TWN,0.11693400584701918,up
TWN,0.04505306470555781,down
TWN,0.11530830576785656,up
TWN,0.01552105718513519,down
TWN,0.05923208981087558,down
TWN,0.17159887391131035,up
COF-PN,0.214393100187513,up
COF-PN,0.007343115755027885,down
COF-PN,0.12462781076438834,up
COF-PN,0.213248891415299,up
COF-PN,0.06143395775612781,none
COF-PN,0.14336862164990016,up
COF-PN,0.07464536029986268,up
COF-PN,0.13116908078122913,up
COF-PN,0.08927258819817063,none
COF-PN,0.0077560786494630385,down
COF-PN,0.03972683651466058,none
COF-PN,-0.003847940022021157,down
MCHB,0.08180849783330313,down
MCHB,0.0029868924796321306,down
MCHB,0.052452299050047335,down
MCHB,0.03899003644779642,down
MCHB,0.06734987466215481,none
MCHB,0.11467885595712324,none
MCHB,0.015200803864902301,down
MCHB,0.4473925723855343,up
MCHB,0.23632808164305463,down
MCHB,0.21189018148660388,up
MCHB,0.1352846447921252,up
MCHB,0.08042524727665401,down
FBLG,0.12173909726350196,none
FBLG,0.012765957446808418,down
FBLG,0.224324269337697,down
FBLG,-0.029411783955364257,down
FBLG,0.390909108248624,down
FBLG,0.05180178283822756,down
FBLG,0.5579710889829106,none
FBLG,0.08986611634370756,down
FBLG,0.35069453320753663,down
FBLG,0.06666668256123853,down
FBLG,0.07317069955886746,down
FBLG,0.12219444966336002,down
INTG,0.08246226091267639,none
INTG,0.13269050957470596,none
INTG,0.06779004314531134,up
INTG,0.15686274509803932,up
INTG,0.05978470939992886,down
INTG,0.09567499311721273,none
INTG,0.17234465352994022,up
INTG,0.04615384615384621,both
INTG,0.12716759691866542,none
INTG,0.09063993523267788,down
INTG,0.01388888888888884,down
INTG,0.049000015258789054,down
TPVG,0.04093217938885485,down
TPVG,0.06647915207298216,none
TPVG,0.0211042577361209,down
TPVG,0.07421869634107336,none
TPVG,0.06918237462043986,down
TPVG,0.15460988082020966,up
TPVG,0.029816902299904413,down
TPVG,0.19811156758903903,up
TPVG,0.002696539904722295,down
TPVG,0.20698957041143706,none
TPVG,0.05252729979566606,down
TPVG,0.024652029743305937,down
POWWP,0.02507501852901295,down
POWWP,0.06792838564913062,up
POWWP,0.08655628885495248,up
POWWP,0.19561506587549982,none
POWWP,0.063063298603377,up
POWWP,0.06981186466002565,up
POWWP,0.21271361832814484,none
POWWP,0.18174485948469,up
POWWP,0.016470770357160935,down
POWWP,-0.004475601844360355,down
POWWP,0.03670774497603624,none
POWWP,0.02146409207280997,down
SLSN,0.1111111405455043,down
SLSN,0.004016060411629274,down
SLSN,0.42171718692088667,none
SLSN,0.6363635575475788,up
SLSN,0.4401294281140573,up
SLSN,0.13548389974667652,none
SLSN,0.16778523382541977,none
SLSN,0.08759124405160867,down
SLSN,0.6604938575942021,down
SLSN,0.17846151498647833,down
SLSN,0.1873351042990079,down
SLSN,0.07487921564661715,down
CGEM,0.05796014050490683,down
CGEM,0.007886390014879785,down
CGEM,1.0666667159521626,up
CGEM,0.0320124091777112,down
CGEM,0.513846177321214,up
CGEM,0.03121251275668202,down
CGEM,0.2069631874340776,none
CGEM,0.2303102958017733,none
CGEM,0.1782857622419085,none
CGEM,0.004194646846882311,none
CGEM,0.11741574394207821,none
CGEM,0.2772036020943962,none
AGM-PF,0.005656192370408597,down
AGM-PF,0.03829716755997059,down
AGM-PF,0.08591624995313629,up
AGM-PF,0.03135536410114015,none
AGM-PF,0.060060666806366125,none
AGM-PF,0.03325268416906546,none
AGM-PF,0.16401354796112466,up
AGM-PF,0.012561859913422957,down
AGM-PF,0.017709499721582533,down
AGM-PF,0.040944929216341075,none
AGM-PF,0.009237073742015767,down
AGM-PF,0.024628207283867276,down
MS-PI,0.019147773721818195,none
MS-PI,0.013119830378690134,none
MS-PI,0.014123235203410411,none
MS-PI,0.0075547361799817025,none
MS-PI,0.04409474295012239,none
MS-PI,0.023768654372050335,none
MS-PI,0.018882905137250106,none
MS-PI,0.011016016708188081,none
MS-PI,0.013949854136513729,none
MS-PI,0.015081181596689586,down
MS-PI,0.0337971932604022,up
MS-PI,0.0214298366440282,none
JUSH,0.499312291937156,none
JUSH,0.08472220428563992,none
JUSH,0.5355450611830392,up
JUSH,0.33382352309552865,down
JUSH,0.6590162966911997,up
JUSH,0.4685313541257665,none
JUSH,0.12582785325857415,none
JUSH,1.1252954428163546,up
JUSH,0.36376606383386867,none
JUSH,0.4465409577173445,none
JUSH,0.147368470585578,down
JUSH,0.055421690069412444,none
AIZ,0.09420977085250404,none
AIZ,0.021796087504723394,none
AIZ,0.17890887291586677,up
AIZ,0.021165742577575974,down
AIZ,0.09404255702236775,none
AIZ,0.03859960070379431,none
AIZ,0.03195163697067982,down
AIZ,0.06705270809068464,none
AIZ,0.12628402778075887,up
AIZ,0.004342046556810475,down
AIZ,0.008957999959237961,down
AIZ,0.15471295077342462,up
ASB-PF,0.01596652047152025,none
ASB-PF,0.10679848756845067,up
ASB-PF,0.004446243258546589,down
ASB-PF,0.08726034681903316,up
ASB-PF,0.016886547118738493,none
ASB-PF,0.07457789543135407,up
ASB-PF,0.007353152381992301,down
ASB-PF,0.2179009772791216,up
ASB-PF,0.022702717972554298,none
ASB-PF,0.011396032575707427,none
ASB-PF,0.03302096942879307,none
ASB-PF,0.022294311561626978,down
SIBN,0.26470589151936097,down
SIBN,0.13019887212926573,none
SIBN,0.340240587295082,up
SIBN,0.04695958763606356,down
SIBN,0.11949922403618118,none
SIBN,0.01700317215797953,down
SIBN,0.14748195680244214,none
SIBN,0.18262054430785257,none
SIBN,0.10348972481964247,none
SIBN,0.20665390097639036,none
SIBN,0.04120018268863723,down
SIBN,0.016331672590190305,down
SABR,0.031250028656080175,down
SABR,0.1792929371988612,none
SABR,0.12260543468321794,down
SABR,0.12536437899989727,none
SABR,0.41224488604321996,up
SABR,0.7208955315232783,up
SABR,0.49740259981533397,up
SABR,0.26920594821887,up
SABR,0.04247109542846639,down
SABR,0.21358018034098203,none
SABR,0.44029843244236244,up
SABR,0.4449541279386866,up
CHEV,0.053639889092422566,down
CHEV,0.2970270170130984,up
CHEV,0.5806451798973915,both
CHEV,0.08910886975623145,down
CHEV,0.0,down
CHEV,0.07003893830070251,down
CHEV,0.9119522991839863,up
CHEV,0.2399999618530273,down
CHEV,0.0,down
CHEV,0.06321847007796477,up
CHEV,0.2399999618530273,down
CHEV,0.06118550105054621,up
SNDA,0.04988124376345704,none
SNDA,0.04767678000710229,none
SNDA,0.04460863232785339,down
SNDA,0.06260581589663783,down
SNDA,0.09866328370281074,down
SNDA,0.3257965288213527,up
SNDA,0.03137246011944206,down
SNDA,0.0318345074065165,none
SNDA,0.2995169777645297,up
SNDA,0.1870760345697915,down
SNDA,0.11250791531707671,down
SNDA,0.01851853487095889,down
ATEK,0.051236743758150904,up
ATEK,0.009267875979913631,down
ATEK,0.05030888779015741,up
ATEK,0.07845932309351067,up
ATEK,0.09770119719930315,up
ATEK,0.010687073582599682,up
ATEK,0.05309729359892956,up
ATEK,0.06564752728627776,up
ATEK,0.021319800001432965,up
ATEK,0.05825237055190802,up
ATEK,0.05898130704521609,both
ATEK,0.017189086996212355,up
UPXI,0.482142909094186,up
UPXI,0.4728681880178489,up
UPXI,0.5176652130189117,up
UPXI,0.27564096999435006,none
UPXI,0.5714285714285714,up
UPXI,0.23655910463826046,down
UPXI,0.15697667068762344,none
UPXI,0.06308413109973898,down
UPXI,0.12105257723423168,down
UPXI,0.33705362825825613,up
UPXI,0.004629647208502563,down
UPXI,0.2831125908852419,none
PETZ,0.7685950722625017,up
PETZ,0.24081626248230714,none
PETZ,0.002463110596742979,down
PETZ,0.43999996098605143,up
PETZ,0.6403784492473794,up
PETZ,0.18803421938442977,none
PETZ,0.5606693955450841,none
PETZ,0.18821100265983404,none
PETZ,0.2471794165787473,none
PETZ,0.29558536677447367,up
PETZ,1.216748799715119,up
PETZ,0.24423960956486956,none
DKS,0.2041184821532256,up
DKS,0.35199693189414183,up
DKS,0.08926640471263525,none
DKS,0.17870983961652276,none
DKS,0.08153894106195358,down
DKS,0.04453833146799946,down
DKS,0.5714083742674034,up
DKS,0.18263880463023208,up
DKS,0.02167121594169763,down
DKS,0.04283696515610358,down
DKS,0.26939717579715494,up
DKS,0.11651985249321362,none
GPAEF,0.0,down
GPAEF,0.0,down
GPAEF,0.058766571909169896,down
GPAEF,0.07808912366858856,up
GPAEF,0.09008417436824212,down
GPAEF,0.01823567760509648,up
GPAEF,0.07808912366858856,up
GPAEF,0.1136568585180171,up
GPAEF,0.09753014622252443,up
GPAEF,0.07808912366858856,up
GPAEF,0.8829581931954018,up
GPAEF,0.09753014622252443,up
GLAD,0.15837383164279895,up
GLAD,0.0727956962202363,down
GLAD,0.059027804709048004,down
GLAD,0.11964426566176511,up
GLAD,0.1005554448960535,up
GLAD,0.003991653051476085,down
GLAD,0.07890213258839096,up
GLAD,0.04014063739392948,down
GLAD,0.11965562977579114,up
GLAD,0.13717546216497034,up
GLAD,0.12565470921258037,none
GLAD,0.08976330613034,none
VISN,0.7987552371958595,up
VISN,1.2058434351002192,up
VISN,0.5384616209357755,none
VISN,0.030679905364921156,down
VISN,0.24737940595609342,down
VISN,0.32481210576768804,up
VISN,0.07801416356164315,down
VISN,0.3267045908416828,up
VISN,0.08600985617365997,none
VISN,0.3939394600306363,up
VISN,0.02473203351492881,down
VISN,0.322000027532082,none
PNBK,0.07262569720786538,none
PNBK,0.035634817907668204,down
PNBK,0.09664152382904612,none
PNBK,0.5153374452981114,up
PNBK,0.051939510839690506,none
PNBK,0.01388894223872672,down
PNBK,-0.002659550858277293,down
PNBK,0.6453203340472267,up
PNBK,0.048387018529086445,down
PNBK,0.10711076245105122,none
PNBK,0.7543859869269236,up
PNBK,0.10362703229453851,none
CTXR,0.21396899894389554,none
CTXR,0.3097345132743363,down
CTXR,0.023952144964210387,none
CTXR,1.643923195413823,up
CTXR,0.034482743501002,down
CTXR,0.4038656736087687,up
CTXR,0.1785714767214408,down
CTXR,0.046961325966850875,down
CTXR,0.11764705882352944,down
CTXR,0.19278781997295114,none
CTXR,0.11049723756906071,down
CTXR,0.03030307408973054,down
ATOS,0.5108695719778424,up
ATOS,0.018181771943063474,down
ATOS,0.10204088252633126,down
ATOS,0.2567566963829282,down
ATOS,0.21476506286953811,none
ATOS,0.6949151811797931,up
ATOS,0.5444444727014612,up
ATOS,0.007325988558516849,down
ATOS,0.06211180222334467,down
ATOS,0.03846152278641801,down
ATOS,0.0,down
ATOS,0.2558138893026132,none
HHLKF,0.6476655081904676,up
HHLKF,0.06889885972467469,none
HHLKF,0.4044944045971388,up
HHLKF,0.06521741571708839,up
HHLKF,0.0333333002196432,down
HHLKF,0.4325581079434555,down
HHLKF,0.5852613599167322,down
HHLKF,0.0,down
HHLKF,0.11711711131194114,none
HHLKF,0.5975674861499749,up
HHLKF,0.3925925644663959,none
HHLKF,0.02097895831092944,down
USREF,1.738605904870826,down
USREF,0.06542054408814169,none
USREF,0.40643317231773657,none
USREF,0.027831378342565882,none
USREF,0.15376686949411256,down
USREF,0.2407406835072008,none
USREF,1.3710481303034867,up
USREF,0.5263158588198091,up
USREF,0.6888888676961262,up
USREF,0.6110134577300066,down
USREF,0.4940043373716232,none
USREF,-0.04220120953106887,down
RTO,0.038640197735047455,down
RTO,0.15918507199713927,none
RTO,0.012406123177699957,down
RTO,0.029695975761364624,down
RTO,-0.0516992446513409,down
RTO,0.055815777875613204,down
RTO,0.09512285697702039,up
RTO,0.22857150019818717,up
RTO,0.10181129505276743,up
RTO,0.0526811683732471,none
RTO,0.09245083553640132,down
RTO,0.0664084700991785,none
IAE,0.034932979178164736,none
IAE,0.07212778092550587,down
IAE,0.049729730430817076,up
IAE,0.1836362248216865,up
IAE,0.01617648485842138,down
IAE,0.07675220793674908,up
IAE,0.014423145037309792,none
IAE,0.006896552659121813,down
IAE,0.09097519069982041,up
IAE,0.11846673729417323,up
IAE,0.011058544305177831,down
IAE,0.08611513141150651,up
NMEX,0.11235958601560148,down
NMEX,-0.04952379790022765,down
NMEX,0.3378378133472517,none
NMEX,0.9941176934638247,none
NMEX,0.19999995529651704,up
NMEX,0.05263160784158716,down
NMEX,0.11111108351636934,down
NMEX,0.0,down
NMEX,0.09622789531928011,down
NMEX,0.23711333792145717,up
NMEX,0.8518517782658737,up
NMEX,0.4367816505383002,up
MDCE,0.09677417658881926,down
MDCE,0.5510203988539182,none
MDCE,0.0,down
MDCE,1.4074075072147858,none
MDCE,0.07758623665790076,down
MDCE,1.037036973160319,up
MDCE,0.14035088149271724,none
MDCE,0.33333323632056966,down
MDCE,0.0,down
MDCE,0.0909090498590599,down
MDCE,0.33999998882412896,none
MDCE,1.6666664726411393,none
ADYYF,0.033706589272768595,down
ADYYF,0.04326923076923084,down
ADYYF,0.10152284263959399,down
ADYYF,0.35624425245534774,up
ADYYF,0.004217949284265554,down
ADYYF,0.0345716125440485,none
ADYYF,0.1429046032062038,none
ADYYF,0.03601285494290862,down
ADYYF,0.02093095907528908,none
ADYYF,0.1138403127608909,none
ADYYF,0.08306786807966815,none
ADYYF,0.030546793543533735,down
MU,0.10732936121180603,none
MU,0.1049813358354954,none
MU,0.3900638152244995,up
MU,0.03359591700558884,down
MU,0.12894456640676477,none
MU,0.22533578497458384,up
MU,0.35007293599802525,up
MU,0.1457688909499537,up
MU,0.5209637423944378,up
MU,0.5908675817229652,up
MU,0.08644297146663948,down
MU,0.1682288020479985,up
NRRWF,0.16666666666666674,down
NRRWF,0.3683431489365545,up
NRRWF,0.0037037413797260665,down
NRRWF,0.014925373134328401,down
NRRWF,0.18867924528301883,up
NRRWF,0.36703911847675896,up
NRRWF,0.48892171344165436,up
NRRWF,0.2233009708737863,up
NRRWF,0.15473441108545027,up
NRRWF,0.2003539905958045,down
NRRWF,0.18867924528301883,up
NRRWF,0.003247904981303451,down
FRSH,0.06181092523223719,down
FRSH,0.3993939486416904,up
FRSH,0.08807827324534534,none
FRSH,0.03322882378113401,down
FRSH,0.10202422965897684,none
FRSH,0.5205173968145236,up
FRSH,0.03244164511807757,down
FRSH,0.051265848723956564,down
FRSH,0.07246382820884323,down
FRSH,0.29838086398479535,none
FRSH,0.04180270229309779,none
FRSH,0.0165263948370149,down
TKLF,0.24471297787979762,none
TKLF,0.2264957225769464,none
TKLF,0.1818928388017118,down
TKLF,0.08695651208134314,down
TKLF,0.4568964709283081,down
TKLF,0.09422490771244263,down
TKLF,2.8251119551627673,up
TKLF,0.09190673248284065,down
TKLF,0.1038461503192516,none
TKLF,0.21893483611333142,none
TKLF,0.3605109183846493,up
TKLF,0.8410595056127206,up
TFC,0.26564256644372386,up
TFC,0.008459495856235177,down
TFC,0.0070521097566222934,down
TFC,0.09888181644580718,none
TFC,0.019612913843382263,none
TFC,0.14309233398309473,up
TFC,0.013440736446789447,down
TFC,0.07045467293119057,none
TFC,0.030631667481016756,down
TFC,0.052420920692938244,none
TFC,0.14155606333021886,up
TFC,0.015033407941867694,down
UWMC,0.03561263971126172,down
UWMC,0.20618563023847125,up
UWMC,0.04157733000118191,down
UWMC,0.38927800603875506,up
UWMC,0.19120949159927214,none
UWMC,0.18542685812945758,none
UWMC,0.06421714339354567,none
UWMC,0.04176900602976974,down
UWMC,0.12038521527895085,down
UWMC,0.034810052636303546,down
UWMC,0.17886167019167942,down
UWMC,0.30563001936393275,up
TKLS,0.8181817787737895,up
TKLS,0.10857146126883377,down
TKLS,0.9047619912629805,up
TKLS,0.6000000000000001,none
TKLS,0.14792898907422214,both
TKLS,0.5748031732574699,none
TKLS,0.0,down
TKLS,0.6000000000000001,down
TKLS,0.8348623291329011,down
TKLS,0.2857142735500724,down
TKLS,0.10857146126883377,down
TKLS,0.10857146126883377,down
MANA,0.1904761994867188,none
MANA,0.178423158931303,down
MANA,0.1867145295873167,down
MANA,0.3990148121129984,down
MANA,0.04166662527455389,down
MANA,0.19607843503911693,down
MANA,0.5308107943148226,down
MANA,-0.11489364948678527,down
MANA,0.42716042793288445,none
MANA,0.010101000370632551,down
MANA,0.07017545767584887,down
MANA,0.5285252817625132,up
AAL,0.13184437381971637,none
AAL,0.07969143856066774,down
AAL,0.19335609046161584,up
AAL,0.2087378231763779,none
AAL,-0.002518889267302482,down
AAL,0.032786854124345455,down
AAL,0.08249645673037875,none
AAL,0.035600429710857195,down
AAL,0.1596843459478916,up
AAL,-0.003244658743021378,down
AAL,0.06711413977985914,down
AAL,0.061926637946584595,down
TTD,0.024396986569343415,none
TTD,0.461396066248297,up
TTD,0.14642490271177722,none
TTD,0.5316250909865183,up
TTD,0.5141487662300919,up
TTD,0.21494868545178925,up
TTD,0.30793380803668735,up
TTD,0.11596179599062317,down
TTD,0.06547621615619725,down
TTD,0.02224092900820973,down
TTD,0.10022745391736132,down
TTD,0.09406867204154179,down
FINW,0.0391304181969685,down
FINW,0.09227145365048295,down
FINW,0.06788794531993059,none
FINW,0.03714288984026237,down
FINW,0.09663169193929844,none
FINW,0.5517241719503332,up
FINW,0.0644976673083284,none
FINW,0.11210318680493181,none
FINW,-0.0010431393048244697,down
FINW,0.3694118050967945,up
FINW,0.008020042170090447,down
FINW,0.05555555555555558,none
QSR,0.044308419926176734,none
QSR,0.02797482723565059,none
QSR,0.05747665047120254,none
QSR,0.06473565776353096,none
QSR,0.11208639827328204,up
QSR,0.006266841315437421,down
QSR,0.04966308269729258,none
QSR,0.06731289584626055,none
QSR,0.026357252498963035,down
QSR,0.0074122336565556335,down
QSR,0.04524181515613046,none
QSR,0.05154961573143613,none
TD,0.09904969113522943,down
TD,0.02736307173940089,none
TD,0.04525645600138106,down
TD,0.05873371506078695,none
TD,0.07569663420233441,up
TD,0.026063482452149067,none
TD,0.09750689919971234,none
TD,0.07488382202889676,up
TD,0.008183874189696017,down
TD,0.12023356536574692,none
TD,0.08509117752215078,down
TD,0.06870724647808113,down
BSM,0.05240019531300977,none
BSM,0.14270386509276078,up
BSM,0.2188794669232681,up
BSM,0.22396726635981623,none
BSM,0.06179430037387035,none
BSM,0.04596627833812872,none
BSM,0.0075311876244130715,down
BSM,0.04164867177994713,none
BSM,0.11376870871360212,none
BSM,0.05633831716868909,none
BSM,0.04151223900345591,down
BSM,0.002231489238682327,down
CETXP,0.04356602194879189,down
CETXP,0.3881574688935323,down
CETXP,0.7441858786814901,up
CETXP,0.19349009007785978,down
CETXP,0.4384513859306889,none
CETXP,0.03448264662919431,down
CETXP,0.5072464483331194,none
CETXP,0.3473681989047419,none
CETXP,0.5407419786490864,none
CETXP,0.03448264662919431,down
CETXP,0.15834193279441577,none
CETXP,3.1333320553188564,up
SSB,0.19905866807817385,up
SSB,-0.000325881274367279,down
SSB,0.11037376727187143,up
SSB,0.21337379856543004,up
SSB,0.00034445122502413383,none
SSB,0.010419802420459146,down
SSB,0.04798087269825069,none
SSB,0.14434997934244764,up
SSB,0.03004091430965028,none
SSB,0.02083925615687776,none
SSB,0.030863146088280446,down
SSB,0.1980839170356068,up
QQQX,0.05277883099304148,none
QQQX,0.016990395634922217,down
QQQX,0.04816880580042615,none
QQQX,0.050330003666969825,none
QQQX,0.05204876837385286,up
QQQX,0.058311396866056464,none
QQQX,-0.003083991902062766,down
QQQX,0.07386958721330461,none
QQQX,0.0595078090686767,up
QQQX,0.11550679025530175,none
QQQX,0.05919822279774345,up
QQQX,0.011415189245033819,none
BN,0.08252190568586926,none
BN,0.19886379554194478,up
BN,0.013300963774824925,down
BN,0.022040475058422437,down
BN,0.09948929122366024,none
BN,0.2782094784986866,up
BN,0.06185870282421169,down
BN,0.1013185295344814,none
BN,0.010069824883534473,down
BN,0.15270580826592828,up
BN,0.042652997371122714,none
BN,0.1339424994668541,up
TCBS,0.007161410847251082,none
TCBS,0.05327477209486098,up
TCBS,0.07366060199402202,none
TCBS,0.002435872525046179,none
TCBS,0.02242999098930598,none
TCBS,0.012369873947860377,up
TCBS,0.2762223777969648,up
TCBS,0.03075945536127067,none
TCBS,0.06813810142625654,up
TCBS,0.04574886408096024,none
TCBS,0.21706403927581586,up
TCBS,0.04817000602432042,up
NCPL,0.3821138319444135,down
NCPL,0.1805555266467771,down
NCPL,0.037735843087255194,down
NCPL,0.3905930210541648,down
NCPL,0.8085106012931129,up
NCPL,1.739495786774449,up
NCPL,1.052083409003294,up
NCPL,0.31606219216748,none
NCPL,0.1363636005381561,down
NCPL,0.666666644405361,up
NCPL,0.8958333364870181,up
NCPL,1.8437502199695324,up
BYNO,0.0008748272038969773,down
BYNO,0.10707964758611954,up
BYNO,0.10769239233796024,up
BYNO,0.007968119921316186,down
BYNO,0.11079272376573646,up
BYNO,0.016490908253386394,up
BYNO,0.008973096209767384,up
BYNO,0.020161270940217024,up
BYNO,0.0008741459133427831,none
BYNO,0.06619717830594118,up
BYNO,0.11398047540709078,up
BYNO,-0.019674897390268953,none
CTGL,3.11392377506132,down
CTGL,0.6000000496705384,up
CTGL,0.09090907243657687,none
CTGL,0.04750006007030749,down
CTGL,0.3966667467604099,none
CTGL,0.29999993294477556,both
CTGL,0.10054345707944323,down
CTGL,0.29999993294477556,both
CTGL,0.37142857751067804,none
CTGL,0.13243245746725374,down
CTGL,0.20590893714782688,down
CTGL,0.05128205862976376,down
YORW,0.018941193941306,none
YORW,0.015306133113034637,none
YORW,0.0468488224299668,none
YORW,0.05162528541903355,none
YORW,0.06582043961853423,none
YORW,0.000604183502943334,none
YORW,0.08165199165812265,none
YORW,0.04023572893188265,down
YORW,0.15167833033093525,up
YORW,0.08793839346233989,up
YORW,0.12257923778878488,none
YORW,0.0039495594488716534,down
VSTM,0.5228494403989128,up
VSTM,0.292035392006198,none
VSTM,0.35340729624336187,none
VSTM,0.2820946038465937,none
VSTM,0.03413656137406473,down
VSTM,0.15313651513333326,none
VSTM,0.8461539872299337,up
VSTM,0.07042246426743715,down
VSTM,0.3678887362259766,up
VSTM,0.36111108351636934,none
VSTM,0.5964913484168921,up
VSTM,0.8,up
BDCTF,0.14102566453832233,down
BDCTF,0.118090428931795,down
BDCTF,0.2191780307409723,up
BDCTF,-0.011111100809073515,down
BDCTF,0.24824682509129836,up
BDCTF,0.27142857264499276,up
BDCTF,0.13375790568267631,up
BDCTF,0.26232181588357073,up
BDCTF,0.13375790568267631,up
BDCTF,0.17880793551772123,down
BDCTF,0.12944162398152081,down
BDCTF,0.0,down
TETEF,0.010471194167507747,down
TETEF,0.07662079661968368,up
TETEF,0.014404187075685693,none
TETEF,0.009075879349496496,up
TETEF,0.06407765390196762,up
TETEF,0.00410502757042619,down
TETEF,0.029411797704994802,up
TETEF,0.010860493863062093,up
TETEF,0.1719383535017791,both
TETEF,0.01593623984263237,up
TETEF,0.04166664639297846,up
TETEF,0.013400402571981385,up
BAC-PM,0.02245103012955796,none
BAC-PM,0.02155112463024933,none
BAC-PM,0.0181203599156865,down
BAC-PM,0.12339458138184689,up
BAC-PM,0.05457035658603293,up
BAC-PM,0.03080827543521969,none
BAC-PM,0.08739422170885924,up
BAC-PM,0.0272014409318857,none
BAC-PM,0.19750822715630023,up
BAC-PM,0.018661887852134962,down
BAC-PM,0.03264036156412842,none
BAC-PM,0.013281122568871595,none
BLFS,0.026661070270423082,down
BLFS,0.25838772116309205,up
BLFS,0.6622136588363656,up
BLFS,0.10483868841219834,none
BLFS,0.14237282409711893,none
BLFS,0.01699347880003832,down
BLFS,0.1296720676932741,none
BLFS,0.49143826929454004,up
BLFS,-0.009120176065475216,down
BLFS,0.16167186023045832,down
BLFS,0.06617329138882311,down
BLFS,0.20367051056324503,none
RAPH,0.06976737223038021,down
RAPH,0.17948712619177187,both
RAPH,0.06976737223038021,down
RAPH,0.06976737223038021,down
RAPH,0.06976737223038021,down
RAPH,0.1499999761581421,up
RAPH,0.06976737223038021,down
RAPH,0.06976737223038021,down
RAPH,0.17948712619177187,up
RAPH,0.06976737223038021,down
PENG,0.3863096412617657,up
PENG,0.35579198762523045,up
PENG,0.017512320683966465,down
PENG,0.06577738363528196,down
PENG,0.2728165653703527,up
PENG,0.3700000538545496,up
PENG,0.1578141044243182,none
PENG,0.21781773899753287,up
PENG,0.0280502220089478,down
PENG,0.08417026502750824,down
PENG,0.2652853031339928,up
PENG,0.1398707860081656,none
WORXD,0.574468085106383,up
WORXD,0.24390243902439024,none
WORXD,0.023952111766217143,down
WORXD,0.27403843038416076,none
WORXD,0.0682926333047511,down
WORXD,1.999999828166796,up
WORXD,0.22222222222222232,none
WORXD,0.1504424778761062,down
WORXD,0.03260868138011053,down
WORXD,1.0923565737620509,up
WORXD,1.289198591220281,up
WORXD,0.6734693877551021,up
MSFT,0.011510749704841006,none
MSFT,0.129452193047513,up
MSFT,0.07915684214118124,up
MSFT,0.023062532914093437,down
MSFT,0.11078395082754722,none
MSFT,0.11961200101230873,up
MSFT,0.16130549359011392,up
MSFT,0.02338506845561028,down
MSFT,0.09010060431766775,up
MSFT,0.21439458299971736,up
MSFT,0.07705366940282232,none
MSFT,0.09002042474758132,none
RMCF,0.4630872837611506,up
RMCF,0.010135125338900819,down
RMCF,0.02044987880632343,down
RMCF,0.4421487188055899,up
RMCF,0.07680945087024194,none
RMCF,0.008426958391001493,down
RMCF,0.8563829885046101,up
RMCF,0.07090906663374463,none
RMCF,0.2748538117692332,none
RMCF,0.20849429272850006,none
RMCF,0.7897435508692925,up
RMCF,0.5957447186267564,up
FIISO,0.023890889076539246,up
FIISO,0.03892509464941818,up
FIISO,0.023890889076539246,up
FIISO,0.023890889076539246,up
FIISO,0.03892509464941818,up
FIISO,0.023890889076539246,up
FIISO,0.03892509464941818,up
FIISO,0.03892509464941818,up
FIISO,0.03892509464941818,up
FIISO,0.023890889076539246,up
FIISO,0.03892509464941818,up
FIISO,0.03892509464941818,up
KEY-PJ,0.059728554654831845,down
KEY-PJ,0.047467067241446115,none
KEY-PJ,0.03249805996086885,none
KEY-PJ,0.012470025863993595,down
KEY-PJ,0.08735754825917463,up
KEY-PJ,0.07211874908551441,up
KEY-PJ,0.10959302708039509,none
KEY-PJ,0.00994568102643445,down
KEY-PJ,0.009988358619246851,down
KEY-PJ,0.04142168741383867,down
KEY-PJ,0.11565109112568228,up
KEY-PJ,0.024660990105382252,down
RKDA,0.3458903986554498,none
RKDA,0.5071428078777929,up
RKDA,0.14799446031291041,none
RKDA,0.022831050625997884,none
RKDA,0.2508039344433213,none
RKDA,1.5094339079430812,up
RKDA,0.8587258263532054,up
RKDA,0.3636363833403786,none
RKDA,0.028778196735198547,down
RKDA,2.043478384218152,up
RKDA,0.38888886436022885,none
RKDA,0.8007203046079299,up
INNI,0.5,down
INNI,0.08875747014422175,down
INNI,0.5333333540293903,up
INNI,-0.052631589266732504,down
INNI,0.2499999611948931,down
INNI,0.0,down
INNI,0.49253732588089916,none
INNI,0.3379311124436517,up
INNI,0.21249997817212818,up
INNI,0.19999997516473078,none
INNI,0.43540667425865376,down
INNI,0.09523811213283606,down
APTV,0.04420125900189387,down
APTV,0.29082263380642726,up
APTV,0.23116942242413674,up
APTV,0.45850915522476954,up
APTV,0.01944569055739942,down
APTV,0.21553330204121557,none
APTV,0.09134400756620598,none
APTV,0.04161293066445482,down
APTV,0.051072955892604854,down
APTV,0.1467439949141307,up
APTV,0.2899939431109553,up
APTV,0.034941010267671935,down
SYIN,0.2391304281806057,down
SYIN,1.258064520974623,down
SYIN,0.0,down
SYIN,0.04477618371797876,none
SYIN,0.2758620855765028,down
SYIN,0.33999998882412896,none
SYIN,0.588235314258706,none
SYIN,0.6086956169632305,none
SYIN,0.5263157443264688,none
SYIN,0.3793104278825137,down
SYIN,2.043478287277577,up
SYIN,0.3750000272848417,none
BEAM,0.049727089521276246,down
BEAM,0.4020842359006731,up
BEAM,0.5045592007363178,up
BEAM,-0.05014841891115751,down
BEAM,0.4796006422731356,up
BEAM,0.0886408681579971,down
BEAM,0.0020777589099907345,down
BEAM,0.1349072873344408,down
BEAM,0.3924340282947918,up
BEAM,0.2858150469481009,up
BEAM,0.5817452392569835,up
BEAM,0.35063393271487575,up
NWTG,0.07253885466305676,down
NWTG,0.0906769640868248,none
NWTG,0.1278458465051362,down
NWTG,0.24691356480294235,none
NWTG,0.16455695151977134,none
NWTG,0.09152540648724394,down
NWTG,3.8727273652047822,up
NWTG,0.8157182416967443,down
NWTG,3.4816053028117873,up
NWTG,0.4883720930232558,up
NWTG,0.5058823529411764,up
NWTG,0.5156461784016451,up
DBB,0.07257644336846059,none
DBB,0.042305588293855,up
DBB,0.06081088639376464,none
DBB,0.15279560597182962,up
DBB,0.02517989398496656,down
DBB,0.09490552720997103,down
DBB,0.04931898766692866,down
DBB,0.11607575013343552,up
DBB,0.008594466818959257,down
DBB,0.13057497340315538,up
DBB,0.07247745465288435,up
DBB,0.05720977876335853,up
INDP,-0.016489980434191254,down
INDP,0.13450289229416024,none
INDP,0.022576407931617748,down
INDP,0.014705915797986524,down
INDP,0.01265824181911257,down
INDP,0.12384067552040512,down
INDP,0.06707321328112825,down
INDP,0.31914892136830986,up
INDP,0.04339251698875124,down
INDP,1.161094352678539,up
INDP,0.7235294862484167,up
INDP,0.31355933181838447,up
CGABL,0.013218405213511142,down
CGABL,0.026344788856529133,none
CGABL,0.051458255647999884,up
CGABL,0.12493320113694129,up
CGABL,0.14607388882702654,up
CGABL,0.0964053311322619,up
CGABL,0.002986015181533519,down
CGABL,0.005802899548446705,none
CGABL,0.023965075176443973,none
CGABL,0.09622156479215471,none
CGABL,0.06449625958993477,none
CGABL,0.07441639024666635,none
AKBA,0.025477681857751344,none
AKBA,0.5499999888241294,up
AKBA,0.4663550736529547,up
AKBA,0.012422348291186713,down
AKBA,0.25652181079121905,down
AKBA,0.012658215432457043,down
AKBA,0.4262238272035441,up
AKBA,1.6490066747990384,up
AKBA,0.1205674328498707,none
AKBA,-0.020979001741372683,down
AKBA,0.5166666501098216,up
AKBA,0.5606937670851941,up
EEA,0.10438522270361639,up
EEA,0.012790657572669062,none
EEA,0.1449502703657981,up
EEA,0.021834122832383507,down
EEA,0.06555766030073262,up
EEA,0.023783865848749253,none
EEA,0.05323755515155848,down
EEA,0.05929317139506951,none
EEA,0.0383772581215156,none
EEA,0.28549155285006234,up
EEA,0.054504910196962575,down
EEA,0.04309386924761016,down
HNVR,0.07142853795390436,none
HNVR,0.03499209219392352,none
HNVR,0.067325088192012,down
HNVR,0.03146718202834853,down
HNVR,0.13852943016262764,up
HNVR,0.11337773681157826,none
HNVR,0.024242538465804264,none
HNVR,0.02548598143497216,none
HNVR,0.10727277967449278,none
HNVR,0.05519632730690471,down
HNVR,0.01366358073486329,none
HNVR,0.1711126216147134,down
EHC,0.05142307168411686,down
EHC,0.03845166866449046,down
EHC,0.06355020814307566,none
EHC,0.022284320663396473,down
EHC,0.10813013238040958,up
EHC,0.27983314939460535,up
EHC,0.1429827853840182,down
EHC,0.1451566412007248,up
EHC,0.04760653836352091,down
EHC,0.05545610407155532,down
EHC,0.058986781730855586,none
EHC,0.015446170760597955,down
HIG-PG,0.026653288826775645,none
HIG-PG,0.019036891681938117,none
HIG-PG,0.02027042521298683,none
HIG-PG,0.027223233239660916,none
HIG-PG,0.013025960725304708,none
HIG-PG,0.005626635422387061,down
HIG-PG,0.02369480843343963,down
HIG-PG,0.011857641754735804,none
HIG-PG,0.032044997151371435,none
HIG-PG,-0.0007333870838882595,down
HIG-PG,0.03491686506409075,none
HIG-PG,0.017596767434889804,none
ALMMF,-0.08000008675698067,down
ALMMF,0.5460993747261251,up
ALMMF,0.23076927692870108,none
ALMMF,0.5909090564270658,up
ALMMF,0.3859650563425665,up
ALMMF,0.4777778646092379,up
ALMMF,0.4920634995722657,up
ALMMF,0.014925334887453179,down
ALMMF,0.4456521943352394,up
ALMMF,0.47692309808449007,none
ALMMF,0.37704910485509613,down
ALMMF,0.014925334887453179,down
RLX,0.35936223589777594,up
RLX,0.3388576616720629,up
RLX,0.26785709914200173,up
RLX,0.17218548667207423,none
RLX,0.17073166883375746,none
RLX,0.052884691137375484,down
RLX,0.014354053886023399,none
RLX,0.38248849542663677,up
RLX,0.01595740186810235,none
RLX,0.32620321537414787,up
RLX,1.8073392238035404,up
RLX,0.20571427296773015,none
EVGO,0.26821190327658173,none
EVGO,0.490438227598176,down
EVGO,0.006693466149827021,down
EVGO,0.11893587554952867,down
EVGO,0.12834222035363263,down
EVGO,0.36467881354606835,up
EVGO,0.01262912241050329,down
EVGO,0.17832168152795314,down
EVGO,0.3529410804731774,none
EVGO,-0.0032310146593915734,down
EVGO,0.5318180965983197,up
EVGO,0.4278591892915522,up
BURL,0.18208810782855234,none
BURL,0.016474495157163815,down
BURL,0.027685853647808623,down
BURL,0.10270501268262278,none
BURL,0.13693531130327452,none
BURL,0.024962828810561888,none
BURL,0.08299212434161252,none
BURL,0.09283608779861519,none
BURL,0.17925194508568332,up
BURL,0.021092584123304503,down
BURL,0.02624233681568877,down
BURL,0.03943530169142484,down
EXEL,0.004845757678674456,down
EXEL,0.016708421453927036,down
EXEL,0.15904762631370906,up
EXEL,0.20494333298663192,up
EXEL,0.15176470139447384,up
EXEL,0.03220112658930652,down
EXEL,0.12481493449240899,up
EXEL,0.09911591860405156,none
EXEL,0.09854515845496281,down
EXEL,0.16223848757716586,up
EXEL,0.02172913726023773,down
EXEL,0.05178576659183354,none
ULE,0.04270467132428535,none
ULE,0.15834929044617874,up
ULE,0.010007707215665906,none
ULE,0.03568718787441849,none
ULE,0.013277995425687417,down
ULE,0.020942388335015272,down
ULE,0.03265665384382932,up
ULE,0.10190473284040169,up
ULE,0.0027347066764764616,down
ULE,0.14376990185686167,up
ULE,0.04437642978184142,up
ULE,0.03448270337567805,up
KTGDF,1.063491954614848,down
KTGDF,0.17777771706934575,down
KTGDF,0.08403353136850877,down
KTGDF,0.10038607239685926,none
KTGDF,0.38931297796755215,none
KTGDF,0.23948221500515166,none
KTGDF,-0.01315782379121433,down
KTGDF,0.21774189962649748,up
KTGDF,0.08510639984287205,down
KTGDF,0.7027027081450552,up
KTGDF,0.3181817873942949,down
KTGDF,0.17346943973229,up
CDZI,0.03655915544245003,down
CDZI,0.014234862159271389,down
CDZI,0.2113564106467356,none
CDZI,0.5777777718908992,up
CDZI,0.2459016431886898,none
CDZI,0.00847456828052251,down
CDZI,0.12260543468321794,none
CDZI,0.13456470554487399,down
CDZI,0.1507092065167408,none
CDZI,0.47835990170854337,up
CDZI,0.0711920250090039,down
CDZI,0.5777777718908992,up
CALY,0.2869416089109236,up
CALY,-0.0008022646417504831,down
CALY,0.058262734659203286,down
CALY,0.23970595041360943,up
CALY,0.02815018283019688,down
CALY,0.037777794731987946,down
CALY,0.5727700157624906,up
CALY,0.026114446418873394,down
CALY,0.09894263159085126,down
CALY,0.40743869196190396,up
CALY,0.005046212296879959,down
CALY,0.10562017294773351,none
CABA,0.3918129013727891,down
CABA,0.7824933220663164,up
CABA,0.39840927398973625,up
CABA,0.27430553141015634,none
CABA,0.7260273390984904,up
CABA,0.1867389196495821,down
CABA,1.06172833601125,up
CABA,0.011142117333688528,down
CABA,0.2079646153068737,down
CABA,0.3281250669388116,none
CABA,0.09799330498305192,down
CABA,0.05562704280073616,down
NEE,0.07331137327052928,down
NEE,0.15024573055109758,up
NEE,0.019675662042561992,down
NEE,0.049108583745588685,down
NEE,0.014363557450921327,none
NEE,0.10084725620376567,none
NEE,0.17412835882570854,up
NEE,0.0877893801109797,none
NEE,0.2429011321857668,up
NEE,0.058410809944551945,down
NEE,0.2364741752381685,up
NEE,0.04152794769350043,none
BTSGU,0.03128331130415374,down
BTSGU,0.2726874385272535,up
BTSGU,0.09213962733540826,down
BTSGU,0.28744392907783456,up
BTSGU,0.3225518070383835,up
BTSGU,0.15810004993324256,up
BTSGU,0.41443446953698193,up
BTSGU,0.27213114821392836,up
BTSGU,0.39409395830382454,up
BTSGU,0.14175998742969598,up
BTSGU,0.18489743401526715,up
BTSGU,0.35732822146808485,up
SVXY,0.11779605200575105,down
SVXY,0.09207925899232006,up
SVXY,0.023927047572810167,none
SVXY,0.06841387362211693,down
SVXY,0.06758320504462612,down
SVXY,0.09474542948073728,none
SVXY,0.07573341689336699,down
SVXY,0.06179070095364425,down
SVXY,0.19768856570011684,up
SVXY,0.043303470705417846,down
SVXY,0.070864630917574,none
SVXY,0.11757716890115644,none
EH,1.1778220518078557,up
EH,0.024515082801644494,down
EH,0.5076023457041434,up
EH,0.8913580463977091,up
EH,0.15819423291881063,up
EH,0.06260290393035572,down
EH,0.0979949515858789,down
EH,0.06228256540649579,down
EH,0.5122324772186306,up
EH,0.24626425295661858,none
EH,0.10828019005894784,none
EH,0.22796351526307834,up
FITB,0.003760471322943326,down
FITB,0.19266962177428337,up
FITB,0.1275167637395218,up
FITB,0.16117398466658206,up
FITB,0.16238104536082254,up
FITB,0.0010308875899627257,down
FITB,0.05543063471365417,none
FITB,0.04891897995797079,down
FITB,0.003971650440388386,down
FITB,0.017215626894946157,down
FITB,0.13138576206687946,none
FITB,0.09850003898133353,up
SABOF,0.2532578667581167,up
SABOF,0.22888886350172633,down
SABOF,0.44229640950102245,up
SABOF,0.22888886350172633,down
SABOF,0.22888886350172633,down
SABOF,0.22119050205632473,up
SABOF,0.44229640950102245,up
SABOF,0.22119050205632473,up
SABOF,0.22119050205632473,up
SABOF,0.2557480078631438,up
SABOF,0.22119050205632473,up
SABOF,0.2557480078631438,up
CDZIP,0.03674908089251461,down
CDZIP,0.05200518453513081,down
CDZIP,0.06274266412747909,none
CDZIP,0.08635016560975606,none
CDZIP,0.025980138943656916,down
CDZIP,0.028938951757257136,down
CDZIP,0.1374539799506438,up
CDZIP,0.11504073850539176,none
CDZIP,0.032258133584080584,down
CDZIP,0.06232313972689596,none
CDZIP,0.06729225607961209,down
CDZIP,0.04211185469436107,down
HIT,-0.02332366197306457,down
HIT,0.7924529044557735,up
HIT,0.8000000170298989,up
HIT,0.13239437603472815,down
HIT,1.03554112205211,up
HIT,0.07659573719766666,down
HIT,0.22188450685036742,down
HIT,0.9278996818345226,up
HIT,0.2072072291378726,down
HIT,0.9534884150745604,up
HIT,0.3103447680524376,none
HIT,0.44086022791791013,none
MDV,0.03898095329435658,none
MDV,0.09992939419446922,up
MDV,0.5393236481634738,up
MDV,0.06220847552829989,none
MDV,0.08987370678509055,none
MDV,0.15298624821917417,up
MDV,0.06775688055545803,none
MDV,0.1325598603820115,none
MDV,0.034946335080593416,none
MDV,0.039685617358125924,none
MDV,0.1639580305138486,none
MDV,0.09479489085008819,none
CXT,0.07608487645172324,down
CXT,0.143533664884417,up
CXT,0.05988715510468068,none
CXT,0.0379583903828431,none
CXT,0.17549483978506442,up
CXT,0.22992449214960997,up
CXT,0.06954728780463304,none
CXT,0.056660211151731144,none
CXT,0.12053275282869791,up
CXT,0.14969043745647914,up
CXT,0.07864383248089313,down
CXT,0.05356467814614141,none
WTER,0.42857149344723533,down
WTER,1.0,down
WTER,0.09714288536383231,none
WTER,0.18644071049952027,down
WTER,0.031183992799231675,down
WTER,0.19863010566841788,none
WTER,0.162790646096578,none
WTER,1.5000001552204325,down
WTER,0.42857149344723533,down
WTER,0.4210312285739095,none
WTER,0.15749998155981326,down
WTER,0.06730769230769229,down
LUDG,0.20652175233444092,none
LUDG,0.09195404070689062,down
LUDG,0.4084506790994116,none
LUDG,1.1944444168497026,down
LUDG,4.714285620714842,down
LUDG,0.0,down
LUDG,0.12000000476837158,down
LUDG,0.3043478542555027,none
LUDG,2.851851557507939,up
LUDG,0.11801247754760569,down
LUDG,0.029411751815604292,down
LUDG,2.466666401757145,down
DFDV,0.05515587886461071,down
DFDV,0.18687498569488525,none
DFDV,0.858585198744847,up
DFDV,0.09016366882040106,down
DFDV,0.17368425097822193,none
DFDV,0.01498114991643229,down
DFDV,0.014897565253434886,none
DFDV,0.6407766316094143,up
DFDV,0.4379073415410035,none
DFDV,81.16997515238312,up
DFDV,0.8556683803300351,up
DFDV,0.3411757877131705,up
BFRI,0.12313437456541987,down
BFRI,1.7866667247953867,up
BFRI,0.593265942062585,none
BFRI,0.008695644061371466,down
BFRI,0.04411244735013975,down
BFRI,0.4563107200634795,up
BFRI,0.14625844216654693,down
BFRI,0.9440000534057618,up
BFRI,0.1368421647026936,none
BFRI,0.0007849473360672654,down
BFRI,0.1289474085757607,down
BFRI,0.3497652332542429,none
DHR,0.09115734138363196,up
DHR,0.12669488951390795,up
DHR,0.014020365311115057,down
DHR,0.061736409728806674,down
DHR,0.10061850560850272,none
DHR,0.06749198568672066,none
DHR,0.10173416700353344,none
DHR,0.20620919165659468,up
DHR,0.023510636559177733,down
DHR,0.029207238053448714,down
DHR,0.0814592907834657,none
DHR,0.11386001676620228,up
CXXIF,0.151394499417133,down
CXXIF,0.09452732998924596,none
CXXIF,0.8072288824960845,up
CXXIF,0.0625000038805108,down
CXXIF,0.09443100653919267,down
CXXIF,0.20809257118513247,none
CXXIF,1.7840909783628365,up
CXXIF,0.024999975785613415,none
CXXIF,0.3900415476531722,up
CXXIF,0.20000004768371582,none
CXXIF,0.6333333002196431,up
CXXIF,0.4497041722722366,none
CGAU,0.18797919835161903,up
CGAU,0.19564983535884983,none
CGAU,0.3012477256800863,up
CGAU,0.09090899280116371,none
CGAU,0.3300828733684973,up
CGAU,0.0434057580995546,none
CGAU,0.05534863390870526,none
CGAU,0.2575974705769828,up
CGAU,0.023552537543818808,down
CGAU,0.3605981040166555,up
CGAU,0.313461609924812,up
CGAU,0.28349773128637623,up
STLRF,0.7096773139147812,up
STLRF,0.03921564960882984,down
STLRF,0.13138682257037337,down
STLRF,0.0,down
STLRF,0.13533830206001718,none
STLRF,0.4032258033504348,up
STLRF,0.0,down
STLRF,0.25,up
STLRF,0.10000000000000009,none
STLRF,0.27777772258829403,up
STLRF,0.43859649673173084,up
STLRF,0.1272727115095158,none
YQ,0.43157898039038534,up
YQ,1.0873786370311591,up
YQ,0.7149758776827417,up
YQ,0.01800321673871652,down
YQ,0.08242310467878133,down
YQ,0.13872832768249155,none
YQ,0.6275510179256709,up
YQ,0.17948717948717952,none
YQ,-0.002475186173044208,none
YQ,0.2626262504632906,none
YQ,0.34724856362984724,down
YQ,0.0,down
BWMN,0.2987012987012987,up
BWMN,0.12355971567553437,none
BWMN,0.4894296213452629,up
BWMN,0.39958012969837253,up
BWMN,0.03526892798235082,down
BWMN,0.044187844980852375,down
BWMN,-0.027346390822472033,down
BWMN,0.1521464535477528,none
BWMN,0.26774852284451467,up
BWMN,0.4108374613808867,up
BWMN,0.06255281283943903,none
BWMN,0.0759416751495654,down
CC,0.3382942349398954,up
CC,0.3651770177416811,up
CC,0.15379866382467244,none
CC,0.09451861871657807,down
CC,0.14627838095053458,none
CC,0.0355343862688855,down
CC,0.11117944785771816,down
CC,0.022026413546138324,down
CC,0.20895057156665375,none
CC,0.18792455902952554,up
CC,0.07995788908557988,down
CC,0.21878493187625425,up
CNL,0.2205438162214819,up
CNL,0.34626434399470885,up
CNL,0.1564625949639833,down
CNL,-0.0325203582972442,down
CNL,0.039803212978159364,up
CNL,0.2689654985307661,up
CNL,0.09809107589798205,down
CNL,0.526887171345727,up
CNL,0.038826557665286865,down
CNL,1.0519231668590825,up
CNL,0.7475083872250414,up
CNL,0.0880828817123247,none
CBNA,0.1436222657306363,none
CBNA,0.2757303508109239,up
CBNA,0.14857789381450104,up
CBNA,0.09364254009999651,down
CBNA,0.19514310946303826,up
CBNA,0.2443329106653589,up
CBNA,0.04767785668311375,none
CBNA,0.04981469900641988,none
CBNA,0.23012312463969864,up
CBNA,0.03918363610092479,down
CBNA,0.2915966130104386,up
CBNA,0.17337347062417718,up
MGHTF,0.6818180761085004,up
MGHTF,0.6818180761085004,up
MGHTF,0.0,down
MGHTF,0.6818180761085004,up
MGHTF,0.6818180761085004,up
MGHTF,2.220446049250313e-16,none
MGHTF,2.220446049250313e-16,none
MGHTF,2.220446049250313e-16,none
MGHTF,0.6818180761085004,up
MGHTF,0.6818180761085004,up
MGHTF,0.0,down
MGHTF,0.0,down
LEA,0.18411729545822264,up
LEA,0.02196684732602372,down
LEA,0.03391799990336941,down
LEA,0.10484182659012298,none
LEA,0.055040226529256664,down
LEA,0.2397573181182,up
LEA,0.23631297885538127,up
LEA,0.03374376774167631,down
LEA,0.1525424568931677,up
LEA,0.1736862522889484,up
LEA,0.0617343285244325,down
LEA,0.10237250737444725,none
CDGLF,0.08080814442635331,up
CDGLF,-1.1102230246251565e-16,down
CDGLF,-1.1102230246251565e-16,down
CDGLF,0.08080814442635331,up
CDGLF,0.08080814442635331,up
CDGLF,-1.1102230246251565e-16,down
CDGLF,0.028846242018708335,down
CDGLF,0.028846242018708335,down
CDGLF,0.08953999739357821,up
CDGLF,0.10309285272460533,up
CDGLF,-1.1102230246251565e-16,down
CDGLF,0.08953999739357821,up
LAC,0.2446043430774778,up
LAC,0.10704228719580056,none
LAC,0.015189919107293282,down
LAC,0.11232453731172742,down
LAC,0.014957302185677035,down
LAC,0.016587719227871833,none
LAC,0.8327527660709912,up
LAC,0.6945054318562001,up
LAC,0.17375887274340407,none
LAC,0.7806005020776006,up
LAC,0.21403514172855642,up
LAC,0.009868411765204144,down
TFC-PR,0.11073026224611393,up
TFC-PR,0.03582321179381509,down
TFC-PR,0.039791237794738255,down
TFC-PR,0.03221009533550134,none
TFC-PR,0.04058278320005515,none
TFC-PR,0.033427425294325186,none
TFC-PR,0.022694526563508788,down
TFC-PR,0.023597848930605014,down
TFC-PR,0.03860598328515552,none
TFC-PR,0.08593550088335977,down
TFC-PR,0.0135289761541737,none
TFC-PR,0.04570966372929153,none
CHPGF,0.43298963370796173,up
CHPGF,0.37837833483955885,up
CHPGF,0.27499995715916215,down
CHPGF,0.933333276275897,up
CHPGF,0.24230774521122522,up
CHPGF,0.24626859364623388,none
CHPGF,1.2727273290244594,up
CHPGF,0.06600661702052157,down
CHPGF,0.05901641625289322,down
CHPGF,0.23618091776775518,down
CHPGF,1.0828729834858906,up
CHPGF,0.111842156859977,none
SLAIY,0.43894388815688434,up
SLAIY,0.12802769210055942,down
SLAIY,0.12244893845338756,down
SLAIY,0.03774512992089729,none
SLAIY,0.43609029565134727,none
SLAIY,0.04453444198576517,down
SLAIY,0.30067566354700404,down
SLAIY,0.05688622632364737,down
SLAIY,0.09603652964637766,down
SLAIY,0.9669422916900487,up
SLAIY,0.29304033289074716,none
SLAIY,-0.0027472408195371445,none
BHP,0.23249954027549502,up
BHP,0.0767024420986373,none
BHP,0.027587476554565837,none
BHP,0.061621580751017424,none
BHP,0.08633152835850488,down
BHP,0.021296423485509308,down
BHP,0.06107150963511199,down
BHP,0.09562938417088906,up
BHP,0.067352123846242,none
BHP,0.05878490975074446,none
BHP,0.22308584459961955,up
BHP,0.26827436475653466,up
TLSIW,1.211111033845834,none
TLSIW,2.124999953433872,up
TLSIW,0.19236882406102085,down
TLSIW,0.17741937654695672,down
TLSIW,0.5625000349245974,down
TLSIW,0.39999998509883894,both
TLSIW,0.5517241568306444,none
TLSIW,0.17647056613767553,down
TLSIW,0.2428571708348337,down
TLSIW,0.5000000662273849,none
TLSIW,0.1692307974459868,down
TLSIW,0.3657142667381128,none
EVER,0.2391304819984592,none
EVER,0.06219811110283113,down
EVER,0.1800561832066303,none
EVER,0.1149424811366142,none
EVER,0.10631293554165833,down
EVER,0.015556938689956556,down
EVER,0.19743245039162716,none
EVER,0.022694028043889647,down
EVER,0.11141195815343563,none
EVER,0.3646179698697529,up
EVER,0.4569501634947928,up
EVER,0.07373495865994117,none
ADNT,0.07217729534188777,none
ADNT,0.11611107720269098,down
ADNT,0.05936253977980677,down
ADNT,0.0872818133035429,none
ADNT,0.2745889672514803,up
ADNT,-0.013080226300067332,down
ADNT,0.1452527516229356,up
ADNT,0.05805898897296813,down
ADNT,0.07624077564278253,down
ADNT,0.03891975894991906,down
ADNT,0.14414803848806335,up
ADNT,0.06244527447265402,down
FVR,0.12188165545866969,none
FVR,0.14799420397487983,up
FVR,0.008591005025369025,down
FVR,0.03983854804913456,down
FVR,0.040572798119696385,down
FVR,0.06694335041445831,down
FVR,0.15785910887888832,up
FVR,0.1704533800346013,up
FVR,3.944081972129254e-08,none
FVR,0.1572300223362597,none
FVR,0.15396829616405738,none
FVR,0.0013773374926524529,down
BC,0.11740656542730932,none
BC,0.1885062200836949,up
BC,0.1758265461147117,up
BC,0.059213195246164085,none
BC,0.08602124716548598,none
BC,0.0411919427873082,down
BC,0.33002507870226583,up
BC,0.07818184025836916,down
BC,0.3273252796877575,up
BC,0.09351955897879694,none
BC,0.1916788199855377,up
BC,0.19453696614261973,up
LOAR,-0.003216400660319585,down
LOAR,0.0791618540919452,down
LOAR,0.14603309653977226,none
LOAR,0.035308816368065266,down
LOAR,0.05092789980554868,none
LOAR,0.16043775616742706,none
LOAR,0.12543510698902294,none
LOAR,0.042472705732162774,down
LOAR,0.07997082318477311,none
LOAR,0.13921948894668956,none
LOAR,0.010683837727491374,down
LOAR,0.11124724805753794,none
FMBM,0.1924664950296182,up
FMBM,0.037491822953262144,down
FMBM,0.06666658368689204,none
FMBM,0.03888238103543462,down
FMBM,0.4296106698444937,up
FMBM,0.0096870280873258,none
FMBM,-0.0016181348900621284,none
FMBM,0.018099642032348928,down
FMBM,0.041666404906642196,none
FMBM,0.06428578185437472,both
FMBM,0.08983833057252189,down
FMBM,0.03199168972535871,none
ALGT,0.15261371814773295,none
ALGT,0.7771675557757134,up
ALGT,0.010415481716413266,down
ALGT,0.20167898809385498,none
ALGT,0.4032396800236113,up
ALGT,0.1767858591544218,none
ALGT,0.029355434778917777,down
ALGT,0.5652665105208607,up
ALGT,0.03224514808229495,down
ALGT,0.043621432995530895,down
ALGT,0.12190529820841456,none
ALGT,0.5792916193698481,up
TRNZ,0.017595480984717637,up
TRNZ,0.026160318066347887,up
TRNZ,0.013888773513648589,none
TRNZ,0.012682062650740233,none
TRNZ,0.01643682937692348,up
TRNZ,0.01646906332202347,none
TRNZ,0.019689290607424637,up
TRNZ,0.012282023064698944,none
TRNZ,0.009123440757310641,none
TRNZ,0.01963440374941139,up
TRNZ,0.008303635064595971,none
TRNZ,0.02371988937649161,up
SDGR,0.2803773700066332,none
SDGR,0.20460490437107204,up
SDGR,0.35607791825152124,up
SDGR,0.19082973414974513,down
SDGR,0.15491283212634088,none
SDGR,0.24768949914645266,up
SDGR,0.08716810973904865,down
SDGR,0.13193247788891527,down
SDGR,0.04478048685254965,down
SDGR,0.023312567757669322,down
SDGR,0.023502686086339653,down
SDGR,0.003573020361181456,down
LAMR,0.02035359073904619,none
LAMR,0.054949541546528646,none
LAMR,0.07128107899816594,none
LAMR,0.18726685748254002,up
LAMR,0.0056422346020190695,down
LAMR,0.0779118441892499,none
LAMR,0.05280393229225644,none
LAMR,0.14612726910864615,none
LAMR,0.06631336172766544,none
LAMR,0.03171563362128538,none
LAMR,0.058964317755178186,down
LAMR,0.08772391777684585,up
REPL,0.15136183946181014,down
REPL,0.12286438141203848,down
REPL,0.5740740462749261,up
REPL,0.05664395015483814,down
REPL,0.6085365716082078,up
REPL,0.20104438544777614,none
REPL,0.11633369500487589,none
REPL,0.09670777310283318,down
REPL,0.1169833310869508,down
REPL,0.460946810139917,up
REPL,0.07278343844773993,down
REPL,0.41755883884538014,up
GWLPF,0.01792241879105516,up
GWLPF,0.01792241879105516,up
GWLPF,0.01792241879105516,up
GWLPF,0.01792241879105516,up
GWLPF,2.220446049250313e-16,none
GWLPF,0.01792241879105516,up
GWLPF,0.01792241879105516,up
GWLPF,0.01792241879105516,up
GWLPF,0.01792241879105516,up
GWLPF,0.01792241879105516,up
GWLPF,0.0,none
GWLPF,0.0,none
HSTC,1.856818127940016,up
HSTC,0.7184375238069338,up
HSTC,0.10276971474557905,none
HSTC,0.07844680036779783,down
HSTC,0.07844680036779783,down
HSTC,1.856818127940016,up
HSTC,0.07844680036779783,down
HSTC,0.6085923093444066,up
HSTC,1.856818127940016,up
HSTC,0.07844680036779783,down
HSTC,0.4664999061226882,down
HSTC,0.0,down
AAUC,0.20326530305077828,none
AAUC,0.18560604883838483,up
AAUC,0.14633255792757516,none
AAUC,0.1473839384655864,down
AAUC,0.31152915093194955,up
AAUC,0.3150406196763684,up
AAUC,0.6172036205212026,up
AAUC,0.33206745479060773,up
AAUC,0.45080936633906576,up
AAUC,0.062130116159220705,none
AAUC,0.2802287883427337,up
AAUC,0.014545440673828125,down
EVH,0.3036978477649168,up
EVH,0.10242909721253746,down
EVH,0.1171694016578666,down
EVH,0.16507938929966515,none
EVH,0.612949662005936,up
EVH,0.17056857680724002,up
EVH,0.21327194211844325,up
EVH,0.6103895174545786,up
EVH,0.01913873778694164,down
EVH,0.032299274280389145,down
EVH,0.07224336898693373,down
EVH,0.5811001572329582,up
PAG,0.3460212365985609,up
PAG,0.06338105475438227,down
PAG,-5.9190638457828904e-05,down
PAG,0.0393598679259084,none
PAG,0.1576121104384982,up
PAG,0.054789468462388635,none
PAG,0.10186417307595863,down
PAG,0.038745142444917,down
PAG,0.14292532075204867,none
PAG,0.024545047759383376,down
PAG,0.07578894280164805,none
PAG,0.07899641034104876,none
BST,0.031023422837263226,down
BST,0.15292752819872257,up
BST,0.06506967183827883,none
BST,0.15440789046888947,none
BST,0.0381496147626641,none
BST,0.04179025455577001,none
BST,0.06201705587628936,up
BST,0.005901272782098843,down
BST,0.05559136438538714,none
BST,0.03762957310233972,down
BST,0.1283813923089534,none
BST,0.09552654605090516,up
ESRT,0.0881542603572274,none
ESRT,0.019874356802309423,down
ESRT,0.18198217971827613,up
ESRT,0.04698670165726493,none
ESRT,0.11604158295865385,down
ESRT,0.15327385238172675,none
ESRT,0.06424575486043982,down
ESRT,0.08209959278608503,none
ESRT,0.1563572358827603,none
ESRT,0.1584463246428791,none
ESRT,0.047272570057012686,down
ESRT,0.023552719917540266,down
SNPS,0.0113599816196297,down
SNPS,0.1525161318205741,none
SNPS,0.20334754934292354,up
SNPS,0.07740859224238505,down
SNPS,0.18285454789413946,up
SNPS,0.04918745777949041,none
SNPS,0.1459184435282197,up
SNPS,0.37146378023839755,up
SNPS,0.16778334660665228,down
SNPS,0.28814172006095284,up
SNPS,0.12093860918382027,none
SNPS,0.06007858832987978,down
RGLD,0.08003729534005433,none
RGLD,0.06703240039991898,none
RGLD,0.16687067219643703,up
RGLD,0.05009881864586574,down
RGLD,0.3708239060684788,up
RGLD,0.06385903928260306,none
RGLD,0.3578865235003472,up
RGLD,0.004688284067531745,down
RGLD,0.03699202271534108,none
RGLD,0.09425063825363877,none
RGLD,0.09163841033640541,none
RGLD,0.04887952614490132,none
SNOA,0.12035010740000329,down
SNOA,0.1385767322046878,none
SNOA,0.8482758094524514,down
SNOA,1.2380952489078725,up
SNOA,0.32110091743119273,up
SNOA,0.14038462420187092,down
SNOA,0.7022901652513824,down
SNOA,0.19999997756060428,none
SNOA,0.05405406624492359,down
SNOA,0.03603600043095767,down
SNOA,0.7022901652513824,down
SNOA,0.18749996740371033,none
XERI,0.24999991268851285,none
XERI,0.045454553151426325,down
XERI,0.6666666149265241,up
XERI,0.3529411055740639,down
XERI,0.08695653582340368,none
XERI,1.5476191004151127,up
XERI,1.1428570288176476,up
XERI,0.08695653582340368,none
XERI,0.17391307164680758,none
XERI,0.07065215498730115,down
XERI,0.2121211915961967,none
XERI,0.12500006984919465,down
WNFT,0.35416660522524746,down
WNFT,1.2804057892954108,down
WNFT,0.6416666775320969,none
WNFT,0.29032258994869586,down
WNFT,0.6666665711464046,down
WNFT,0.13600003719329834,none
WNFT,0.5457965300559278,none
WNFT,0.16703133752122246,down
WNFT,0.0,down
WNFT,0.25000007761021625,down
WNFT,0.04347826791170184,none
WNFT,0.06356966380139317,down
ESNT,0.1345148551415678,up
ESNT,0.04311037032399012,down
ESNT,0.12440665398414485,up
ESNT,-0.02049658927332232,down
ESNT,0.09446963315461665,none
ESNT,0.021159168551417418,down
ESNT,0.038600001531533756,down
ESNT,0.037807838870110855,down
ESNT,0.09531744787653018,up
ESNT,-0.0008105477840198994,down
ESNT,0.029045065945326298,down
ESNT,0.014121470045576068,down
KSCP,0.12820504862375115,down
KSCP,0.179245283018868,down
KSCP,0.2443095311279868,none
KSCP,0.311864406779661,up
KSCP,0.08771929824561409,down
KSCP,-0.02034717189860802,down
KSCP,0.21666666666666656,down
KSCP,0.013837602990666387,down
KSCP,2.6676507426723473,up
KSCP,0.23913041900822218,down
KSCP,0.06514965833334285,none
KSCP,0.014245014245014342,down
INDV,0.33556407419513223,up
INDV,0.030487761039255323,down
INDV,0.5390846163645255,up
INDV,0.09546263434192026,down
INDV,0.5427944429321152,up
INDV,0.07327581033128516,none
INDV,0.06742046343940822,none
INDV,0.14603169759114576,up
INDV,0.3186146572061075,up
INDV,0.6224951485595851,up
INDV,0.3344827484149,up
INDV,0.4571053918133652,up
GTBP,0.02910048834179424,down
GTBP,0.4513513564599061,down
GTBP,0.06060607876943269,down
GTBP,0.6721699375748151,up
GTBP,0.16541348926616894,down
GTBP,0.06060610147364853,down
GTBP,0.41025635974768937,none
GTBP,0.06201544351079091,down
GTBP,0.31228074901248704,none
GTBP,0.5667574026895337,up
GTBP,0.7241379063828175,up
GTBP,0.04958675688408376,down
ATXG,0.6100000323671284,up
ATXG,0.08179012905901484,none
ATXG,0.34062499999999996,down
ATXG,0.5933529153634878,down
ATXG,1.579365098887891,up
ATXG,0.26373629905327034,none
ATXG,0.38478263378443733,down
ATXG,1.0988805571811247,up
ATXG,0.13138690331774727,none
ATXG,0.38996759359279043,none
ATXG,0.25777780038339126,down
ATXG,0.5400000309598618,up
ORA,0.1835710917005111,up
ORA,0.15890793588903085,up
ORA,0.003756213978686862,down
ORA,0.02711509473417406,down
ORA,0.08920391736232203,none
ORA,0.10941450264659713,down
ORA,0.258920906718179,up
ORA,0.0072052954872299235,down
ORA,0.046358311409419706,none
ORA,0.03364001791319904,down
ORA,0.26826889113457697,up
ORA,0.02573816972955112,none
ARMK,-0.037114447814735274,down
ARMK,0.12726611478316285,up
ARMK,0.016245862611285578,down
ARMK,-0.0031907026263109373,down
ARMK,0.056731771775462736,none
ARMK,0.059041461692278974,down
ARMK,0.0888398708490572,none
ARMK,0.12215028815437545,up
ARMK,0.024218369038762733,down
ARMK,0.1263087258568043,up
ARMK,0.1033069081759368,none
ARMK,0.06185285770804172,none
NTRR,0.2500000909494724,none
NTRR,1.2500000181898945,up
NTRR,0.33333323632056966,none
NTRR,1.0,up
NTRR,1.5714286189450308,up
NTRR,0.6666666666666667,none
NTRR,0.0,none
NTRR,0.7999998835846838,none
NTRR,0.7999998835846838,none
NTRR,0.5000001091393669,none
NTRR,0.33333323632056966,none
NTRR,0.0,down
MACT,0.015624984866008385,down
MACT,0.4745762150234898,up
MACT,0.06138107526045089,down
MACT,0.04402520627256212,down
MACT,0.15151515370448654,up
MACT,1.2516975402832031e-05,down
MACT,0.03906249941792339,down
MACT,0.006060629179983401,down
MACT,0.06668001810709634,up
MACT,0.02702700090373522,down
MACT,0.6111110473365953,up
MACT,0.06451612903225801,down
XTIA,0.3899999999999999,down
XTIA,1.3550295857988166,up
XTIA,0.004629629629629539,down
XTIA,0.00967741935483879,down
XTIA,0.04230769230769238,down
XTIA,0.19323676727892636,none
XTIA,1.8910505919599503,up
XTIA,0.042154566744730726,down
XTIA,0.3218390458104854,up
XTIA,0.3798449612403101,up
XTIA,0.3372092523595469,up
XTIA,0.1160714285714286,down
THCH,0.15801879026237375,down
THCH,0.15999997456868487,none
THCH,0.05912594207818822,none
THCH,0.5147058679158303,up
THCH,0.34502920976094,up
THCH,0.14736844782243685,none
THCH,0.05671906985456432,down
THCH,0.43157898752312907,down
THCH,0.2459016431886898,none
THCH,0.16129032754253037,down
THCH,0.2218044718540153,up
THCH,0.1560606401047655,none
RWTO,0.007364362002952651,none
RWTO,0.05050505050505061,up
RWTO,0.03161737674233045,none
RWTO,0.018145192612223138,down
RWTO,0.04166670487477364,up
RWTO,0.01596167705725171,down
RWTO,0.019317686593847805,none
RWTO,0.0008044468995995757,none
RWTO,0.056953494703132046,up
RWTO,0.047964552989659515,up
RWTO,0.05908715572513912,up
RWTO,0.03669725119637257,up
BZ,0.20967729537852198,up
BZ,0.0013453223171258077,down
BZ,-0.0005003324667015585,down
BZ,0.4670392074901064,none
BZ,0.3540281056996717,up
BZ,0.0455562462236585,down
BZ,0.018533689863531544,down
BZ,0.2619770555755816,up
BZ,0.13566154289448673,none
BZ,0.5931373047183304,up
BZ,0.4098915686580211,up
BZ,0.04431950583032229,down
MOJO,0.27142857264499276,up
MOJO,1.2242266758429143,down
MOJO,0.0668563162651239,down
MOJO,1.696874984283931,up
MOJO,0.08606550293891813,down
MOJO,0.08333331781129005,down
MOJO,0.09999999148505068,down
MOJO,1.4657142582231635,up
MOJO,0.29545453621828854,down
MOJO,1.2297297895956065,down
MOJO,0.5241227905352268,down
MOJO,0.0,down
LTH,0.6371681320873421,up
LTH,0.09848489081199308,none
LTH,0.033138353725170155,down
LTH,0.2327526176863981,down
LTH,0.09843075005054058,none
LTH,0.09599838407325323,none
LTH,0.04182771862203749,down
LTH,-0.005663949065030094,down
LTH,0.06944444628409396,none
LTH,0.2732967616298225,none
LTH,0.1655212742575214,none
LTH,0.14796777339988432,up
DIN,0.050797682807842026,down
DIN,0.05140201466582339,none
DIN,0.15281714232783195,none
DIN,0.24008849218896744,up
DIN,0.0800840790080719,down
DIN,0.11725287848740806,down
DIN,0.14416226670057775,none
DIN,0.25809897968261053,up
DIN,0.38805973494670676,up
DIN,0.02526856224491536,down
DIN,0.1646739170777467,none
DIN,0.20028104853520734,up
ACCS,0.0206044303935653,down
ACCS,0.1721153872605612,none
ACCS,0.08041667938232422,none
ACCS,0.0010162834071913984,none
ACCS,0.048034951956052785,down
ACCS,0.06107223400223627,down
ACCS,0.3497397818509407,up
ACCS,0.09807209106158576,none
ACCS,0.41608745392625934,up
ACCS,0.003228768165999929,down
ACCS,0.3216783512149122,up
ACCS,0.07827793665437621,down
SN,0.06774161293548064,none
SN,0.2848697551188648,up
SN,0.04432979335835219,down
SN,0.15576932894265205,none
SN,0.16248445073471718,none
SN,0.11191463520190958,down
SN,0.1506172856448591,none
SN,0.1858070946617314,up
SN,0.1752641180690786,up
SN,0.008701719635246574,down
SN,0.14054918575222142,none
SN,0.2726697249041179,up
ALCUF,0.058048806539396036,up
ALCUF,0.058048806539396036,up
ALCUF,0.057017546305720535,up
ALCUF,0.057017546305720535,up
ALCUF,0.011787807658323102,up
ALCUF,0.058048806539396036,up
ALCUF,0.011787807658323102,up
ALCUF,0.011787807658323102,up
ALCUF,0.016699417602916267,up
ALCUF,0.011787807658323102,both
ALCUF,0.011787807658323102,down
ALCUF,0.055988294414384576,up
MTA,0.038800617039307816,down
MTA,0.40897105116804444,up
MTA,0.1706730155920373,none
MTA,0.17681156049676572,none
MTA,0.25000002191347215,up
MTA,0.13053689143458058,none
MTA,0.10207606476372355,down
MTA,0.30546631892555176,none
MTA,0.0782189633824657,none
MTA,0.3094339259369354,up
MTA,0.08849561441605913,none
MTA,0.07870366520733407,none
SLI,0.07317075770973958,down
SLI,0.11445786809692926,none
SLI,0.27388534000108944,none
SLI,0.1373307597039588,down
SLI,0.13432831571956827,none
SLI,0.2526096133159217,none
SLI,0.047516152214656326,none
SLI,0.16666674458123643,down
SLI,-0.003124996973201677,down
SLI,-0.0064935004616650804,down
SLI,0.1323400744150156,down
SLI,0.06622518177048375,none
EQ,0.1159874228596327,none
EQ,3.4520546781969808,up
EQ,0.014084577986089863,down
EQ,0.07865167862085842,down
EQ,0.0,down
EQ,0.04999995157122683,down
EQ,0.031413645569305926,none
EQ,0.6190477379865982,up
EQ,0.30000000000000004,down
EQ,0.0699088211976584,down
EQ,-0.013651863802616737,down
EQ,0.06521739271277505,none
GS-PC,0.06649548636938385,up
GS-PC,0.045865662854075895,none
GS-PC,0.03971233511380823,up
GS-PC,0.0031292237530458067,down
GS-PC,0.03919251785985933,none
GS-PC,0.0603517551072239,up
GS-PC,0.08161238372326296,up
GS-PC,-0.007346465674731073,down
GS-PC,0.014485099285073133,none
GS-PC,0.12088322636387328,up
GS-PC,0.035152458185875535,none
GS-PC,0.115590933684528,up
ARI,0.2291431924585534,up
ARI,0.1344893801972986,up
ARI,0.07834539038244648,up
ARI,0.025039129007388583,down
ARI,0.04444453564513329,down
ARI,0.02651835779020728,down
ARI,0.00870261265593597,down
ARI,0.07057080041465413,none
ARI,-0.0022587196010707133,down
ARI,0.12474651958544758,up
ARI,0.0715651106937254,none
ARI,0.05818200175479116,none
FPI,0.09248922318027764,down
FPI,0.005221686512846491,down
FPI,0.04143435466039436,none
FPI,0.09221366646155293,none
FPI,0.08287269860503743,none
FPI,0.268356490438187,up
FPI,0.12816154388175227,none
FPI,0.2102847727039452,up
FPI,0.0021477220393224528,down
FPI,0.07677918398910188,up
FPI,0.004006235435113137,down
FPI,0.2817864476692,up
MSSUF,0.12257790560688253,none
MSSUF,0.4834377423139571,up
MSSUF,0.0,down
MSSUF,0.5342592039062499,up
MSSUF,0.020220612565693408,both
MSSUF,0.3994931994323061,up
MSSUF,0.0019959584007662734,none
MSSUF,0.4968383154131004,up
MSSUF,0.3395311114083581,up
MSSUF,0.01000915492652199,down
MSSUF,0.11007456362951351,both
MSSUF,0.39243699378124175,both
BAC-PS,0.0033767119039715965,down
BAC-PS,0.05716433874406812,none
BAC-PS,0.019129623083646408,down
BAC-PS,0.061563216416401945,up
BAC-PS,0.06025320645347043,up
BAC-PS,0.05125133874798604,none
BAC-PS,0.04508978654176432,down
BAC-PS,0.15681366171926814,up
BAC-PS,0.10758912762087913,up
BAC-PS,0.11544218931387906,up
BAC-PS,0.04125853892527642,up
BAC-PS,0.017030458898963374,down
MTTAF,0.2820512747035695,none
MTTAF,0.04250194674047858,down
MTTAF,0.5890410086477356,none
MTTAF,0.019125681280281803,down
MTTAF,0.6383254734850079,none
MTTAF,0.5512465378534899,up
MTTAF,-0.022935758495097547,down
MTTAF,0.4666666004392863,none
MTTAF,0.06257218953189159,down
MTTAF,0.6279069283899599,none
MTTAF,1.8699550299002152,up
MTTAF,0.17647059339140525,down
JSM,0.04684202678862426,none
JSM,0.04611409958037749,none
JSM,0.023498644561654958,down
JSM,0.018518826267461375,none
JSM,0.06087414110999978,none
JSM,0.05822757634834974,none
JSM,0.06897569461422526,none
JSM,0.01581903381479166,down
JSM,0.07849592892544499,up
JSM,0.07119897512078399,up
JSM,0.05824505295125304,none
JSM,0.03143308879569462,down
NSYS,0.6166883305328217,up
NSYS,0.052258649652914047,none
NSYS,0.17047820819463988,none
NSYS,0.16479398849447335,none
NSYS,0.13319466517942424,none
NSYS,0.5249773448217738,up
NSYS,0.15567563031170817,none
NSYS,0.5979380480401133,up
NSYS,0.27272735287920025,none
NSYS,0.3517242150414459,up
NSYS,0.2855670631166254,up
NSYS,0.015267160753269282,down
WOLTF,0.04606137497313889,none
WOLTF,0.014497290413021391,down
WOLTF,0.11169063050188166,down
WOLTF,0.050057337568989446,down
WOLTF,-0.01136855494095812,down
WOLTF,0.008484016632872793,down
WOLTF,0.02609178730983941,down
WOLTF,0.0080828344316759,none
WOLTF,0.037932243697647916,none
WOLTF,0.003001055888373738,down
WOLTF,0.06382984704803829,down
WOLTF,0.028940124727046657,down
CRUCF,0.3044117867482572,up
CRUCF,0.16710530980141924,up
CRUCF,0.5000000372529025,up
CRUCF,0.39817151668450856,up
CRUCF,0.07611939966559134,down
CRUCF,0.13717956006879906,down
CRUCF,0.39817151668450856,up
CRUCF,0.1218310581008466,up
CRUCF,0.17328048282917075,up
CRUCF,0.30779220055399814,none
CRUCF,0.06666668256123853,down
CRUCF,0.3426666259765625,none
DGICB,0.13355727432683495,up
DGICB,0.11017705313779946,up
DGICB,0.16485231937947886,down
DGICB,0.11966802459340253,down
DGICB,0.14196879630000026,up
DGICB,0.23415619186681869,down
DGICB,0.17355837028903376,down
DGICB,0.07831308012371196,up
DGICB,0.07046797984852238,none
DGICB,0.06250026361664052,up
DGICB,-0.0006448134638408209,none
DGICB,0.36601101639946787,up
CTA-PA,0.10717294715441805,up
CTA-PA,0.08525608600996182,down
CTA-PA,0.04217342048342765,up
CTA-PA,0.025730092811331096,none
CTA-PA,0.0,down
CTA-PA,-0.001736534319613403,down
CTA-PA,0.25139556868126767,up
CTA-PA,0.030927781076044436,none
CTA-PA,0.09439409171621094,up
CTA-PA,0.007692364893589154,none
CTA-PA,0.04239731043669037,down
CTA-PA,0.021859187580325568,down
SPRB,0.04744525547445266,down
SPRB,0.10123456790123453,down
SPRB,-0.006993006993006978,down
SPRB,0.36936936936936937,up
SPRB,0.054166666666666696,none
SPRB,0.008000000000000007,none
SPRB,-0.15828677839851024,down
SPRB,0.1145374449339207,none
SPRB,0.475206611570248,up
SPRB,0.19587628865979378,down
SPRB,1.8403361344537816,up
SPRB,29.967741935483872,up
NALG,0.0,down
NALG,0.3561643961447225,none
NALG,0.9331675728350313,up
NALG,0.5283439058808521,up
NALG,0.1434015580267456,down
NALG,0.4251780772777385,none
NALG,0.20383035262547855,none
NALG,2.7959998280406024,up
NALG,1.6303694194566174,up
NALG,0.25000004656612984,none
NALG,0.061007961963067014,down
NALG,0.02063008964145996,down
CACI,0.2940294738686944,up
CACI,0.1090300676546978,up
CACI,0.1238991229599411,up
CACI,0.11372169578596458,up
CACI,0.086483837875317,none
CACI,0.14229056500835613,up
CACI,0.09846479554656118,down
CACI,0.09718448381051403,up
CACI,0.07899559519492239,up
CACI,0.21329127697974282,up
CACI,0.06324215843833314,down
CACI,0.12646353053838522,down
MUA,0.03557238341544533,down
MUA,0.04439810255263277,none
MUA,0.07572965665464082,down
MUA,0.05809148229145844,none
MUA,-0.002373355928266596,down
MUA,0.006160113499192432,down
MUA,0.0019530102638298796,down
MUA,0.037878784278116084,none
MUA,0.029980561239418613,none
MUA,0.023960783786425077,down
MUA,0.02185420829971485,none
MUA,0.07023341682387407,up
PW,0.10569107077852768,none
PW,2.6666666666666665,up
PW,1.8645832195050231,down
PW,0.31249992083758227,none
PW,0.43493218223410035,up
PW,0.08695650671590571,none
PW,0.36084452975047987,up
PW,0.11215259499533414,down
PW,0.10398231600900987,down
PW,0.18141213892516217,down
PW,0.012578664637599601,none
PW,0.053117766226008944,down
WIW,0.03281481955268073,none
WIW,0.006178402061463473,down
WIW,0.05266664901883611,none
WIW,0.009680793826878586,none
WIW,0.08491280253645117,up
WIW,0.020368787750198125,none
WIW,0.02570822882313717,down
WIW,0.05535006981095547,up
WIW,0.002435046891338999,down
WIW,0.005594579067102812,none
WIW,0.04356036628698767,up
WIW,0.047355588125644665,down
FVRR,0.16294352512483767,down
FVRR,0.008675051579639659,down
FVRR,0.1552209563743221,down
FVRR,0.22184169601900505,none
FVRR,0.34885263635817276,up
FVRR,0.049839786789794394,down
FVRR,0.02347886895486684,down
FVRR,0.09675512187788415,down
FVRR,0.17713319373884473,none
FVRR,0.43295830489374865,up
FVRR,0.06692604133439595,none
FVRR,0.08723238789996746,none
MAUTF,0.6098837252015226,up
MAUTF,0.6408840455814186,up
MAUTF,0.3907030307371293,up
MAUTF,0.7814892543733467,up
MAUTF,0.1262376201104889,none
MAUTF,0.3163635947487571,up
MAUTF,0.03124996973201677,none
MAUTF,-0.0017931984579604432,down
MAUTF,0.8343558394378119,up
MAUTF,0.2525950706424325,up
MAUTF,0.2448979641486584,up
MAUTF,0.29655167821188044,up
NOKBF,0.1721253861626375,up
NOKBF,0.02500010956837273,none
NOKBF,0.11666658424823684,up
NOKBF,0.051502330832517096,down
NOKBF,0.03619046728469333,down
NOKBF,0.16183572532827628,up
NOKBF,0.20582635918072922,up
NOKBF,0.12663174097623497,up
NOKBF,0.05128220558079866,none
NOKBF,0.07758622819822691,down
NOKBF,0.1379875217030222,up
NOKBF,0.11140713628674814,down
BRVO,0.0,down
BRVO,0.01999996572732976,none
BRVO,1.3529411867828105,up
BRVO,0.34864866606417655,down
BRVO,-0.12000001788139314,down
BRVO,1.753623163367089,up
BRVO,2.9285714969951275,up
BRVO,0.02163462296194396,down
BRVO,0.19999999999999996,down
BRVO,0.0,none
BRVO,0.5384616178168378,up
BRVO,0.6666667287548398,up
MAX,0.1793570438397587,up
MAX,0.3028570992606028,up
MAX,0.011118182546353994,down
MAX,0.3999088402129589,up
MAX,0.043361855070096045,down
MAX,0.2340425891683393,up
MAX,0.37066885076787304,up
MAX,0.3107344845852733,up
MAX,0.010335969368078679,down
MAX,0.02358800915197823,down
MAX,1.0107815750809444,up
MAX,0.051904947268289314,down
RBRK,0.11464965198343258,none
RBRK,0.13571670181533202,none
RBRK,0.04494268356387532,none
RBRK,0.559341563223896,up
RBRK,0.2561174707722933,none
RBRK,0.08023074618040171,none
RBRK,0.07814530500715722,down
RBRK,0.2898498498625923,up
RBRK,0.20694767243910528,up
RBRK,0.17352941176470593,none
RBRK,0.423697243680222,up
RBRK,0.17233297925517932,down
GM,0.151336855710553,up
GM,0.1707236770081484,up
GM,0.013843061771313003,down
GM,0.2937656365075003,up
GM,0.07930972812769643,none
GM,0.13478496901064618,down
GM,0.1096542983056139,up
GM,0.1627023238456815,up
GM,0.04283794300745014,down
GM,0.1708966644819041,none
GM,0.1882033849771807,up
GM,0.25440973472532846,up
MITT-PB,0.014699449644539841,down
MITT-PB,0.008212465886193954,down
MITT-PB,0.03851890052149898,none
MITT-PB,0.08859328818937962,none
MITT-PB,0.08806116117792806,up
MITT-PB,0.01758702332727835,none
MITT-PB,0.017745149716188235,none
MITT-PB,0.07329355534768167,none
MITT-PB,0.05424134966096039,none
MITT-PB,0.013343831939266249,none
MITT-PB,0.01925435978816048,none
MITT-PB,0.03290057259352919,none
MET-PA,0.027061637320295873,none
MET-PA,0.021690899733375124,none
MET-PA,0.04724553914165863,up
MET-PA,0.04157333999273649,none
MET-PA,0.04018036898734212,none
MET-PA,0.01776208392906997,none
MET-PA,0.021831495460997274,none
MET-PA,0.013836812763628359,none
MET-PA,0.003106423148128812,down
MET-PA,0.03669745637740607,down
MET-PA,0.10686974414242467,up
MET-PA,0.007883900233655927,none
BMRRY,0.17149377813407685,up
BMRRY,0.05203432020161558,down
BMRRY,0.02952825723897079,down
BMRRY,0.031782464556639134,down
BMRRY,0.2341784835107943,down
BMRRY,0.024459261392356657,down
BMRRY,0.012256744983944357,down
BMRRY,0.047123636499742716,down
BMRRY,0.20792423832440887,up
BMRRY,0.030302957996436453,down
BMRRY,0.018338743696115545,down
BMRRY,0.10625570726876354,up
SIGIP,0.01589167858291285,down
SIGIP,0.0792901979293148,up
SIGIP,0.07589472007590659,up
SIGIP,0.005329858751815575,down
SIGIP,0.024035609243582945,none
SIGIP,0.008394519010990864,down
SIGIP,0.09226810912100625,none
SIGIP,0.04191326599206335,none
SIGIP,0.004599542941222667,down
SIGIP,-7.757893107929181e-05,down
SIGIP,0.011521819302698466,down
SIGIP,0.06322934171088268,none
UTGN,0.07858347229960438,down
UTGN,0.19509097012606524,both
UTGN,0.06194690265486735,down
UTGN,0.10185185185185186,up
UTGN,0.06194690265486735,both
UTGN,0.2576285106561045,up
UTGN,0.10185185185185186,down
UTGN,0.2581144678957765,up
UTGN,0.24018874258365264,up
UTGN,0.07495796780626307,down
UTGN,0.2497826451840608,both
UTGN,0.2576285106561045,up
SLS,0.10316137470005282,down
SLS,0.10828022382492475,none
SLS,1.8196721119254038,up
SLS,0.16463413614733158,none
SLS,0.0743800920098645,down
SLS,0.9325843328719889,up
SLS,0.25151520427812524,down
SLS,0.18934906651370254,none
SLS,0.32203390857879577,none
SLS,0.13008127165877692,down
SLS,0.22580647394138698,none
SLS,0.45762720768289755,up
MDIA,0.11029409895615605,none
MDIA,0.0,down
MDIA,0.07226275676440919,none
MDIA,11.870544524782114,down
MDIA,0.10054347936120345,down
MDIA,-0.03551915611811052,down
MDIA,0.05820106621041665,down
MDIA,0.8743718598985344,none
MDIA,0.06196691269732679,down
MDIA,0.06201553897755763,down
MDIA,0.4159292306137474,down
MDIA,0.777777693679516,up
VIK,0.1455870099395875,up
VIK,0.22950820914774384,up
VIK,0.3301805863940932,up
VIK,0.20906323274825156,up
VIK,0.16205741228817572,up
VIK,0.12069262291329586,none
VIK,0.11725070341693611,none
VIK,0.15253713959549575,none
VIK,0.025393454479731403,none
VIK,0.027507133669884443,none
VIK,0.15987990826401277,up
VIK,0.1574934576625877,down
LNC,0.30649581673462256,up
LNC,0.08356490659918259,down
LNC,0.31637886096215406,up
LNC,0.17705252554597362,none
LNC,0.09846490371105321,none
LNC,0.04795747411211493,none
LNC,0.1985995665140441,up
LNC,0.09085453582229985,down
LNC,0.2502037387052203,up
LNC,0.20347686970940515,up
LNC,-0.027279759576843365,down
LNC,0.06511009667076317,none
PIPR,0.0044247641864174625,down
PIPR,0.028485972902659418,down
PIPR,0.09532896137549018,none
PIPR,0.03170408565913907,none
PIPR,0.3920864016455199,up
PIPR,0.11847253597690499,up
PIPR,0.12294584206664605,up
PIPR,0.20253411590176307,up
PIPR,0.12695746526849683,none
PIPR,0.2871102341121765,up
PIPR,0.05762660378248663,down
PIPR,0.19619367235206342,up
WPGCF,0.4163772380629456,none
WPGCF,0.6161616246756965,up
WPGCF,0.6593220607811825,up
WPGCF,0.10054846081081714,down
WPGCF,0.41666658388244104,up
WPGCF,0.13499997355043925,none
WPGCF,0.49122800902365493,down
WPGCF,0.2389604760221442,up
WPGCF,0.20141347258775988,up
WPGCF,0.3248283199571098,up
WPGCF,0.29166670547177476,up
WPGCF,0.7600931535457314,up
CIM-PA,0.017340634870915306,none
CIM-PA,0.03271868970278491,down
CIM-PA,0.03534384732775919,none
CIM-PA,0.021723955898308,none
CIM-PA,0.007987368204476653,down
CIM-PA,0.05176871503597913,none
CIM-PA,0.04525471009705906,none
CIM-PA,0.008696183329094831,none
CIM-PA,0.006499874903900249,down
CIM-PA,0.035938157241053315,up
CIM-PA,0.003590837621941123,down
CIM-PA,0.04373000684815631,down
WFC-PD,0.02192474244538456,none
WFC-PD,0.01332773905423168,none
WFC-PD,0.13124981769357813,up
WFC-PD,0.08070998698621734,none
WFC-PD,0.014720549249446435,down
WFC-PD,0.0005283178697601532,down
WFC-PD,0.03848586680208266,down
WFC-PD,0.022951988136711288,none
WFC-PD,0.04427512411800372,none
WFC-PD,0.04229434212181893,none
WFC-PD,0.018602395640677116,none
WFC-PD,0.003966911806076112,down
ERO,0.11208265379197968,none
ERO,0.39633450396042513,up
ERO,0.045315517117654025,down
ERO,0.2340833623681291,up
ERO,0.2130129372200127,up
ERO,0.004479848277965104,down
ERO,0.22322093311492885,up
ERO,0.18234714687203635,none
ERO,0.020928691669233723,down
ERO,0.34823529860552616,up
ERO,0.03108342990061974,down
ERO,0.079129987791557,none
RGA,0.01725076121296154,none
RGA,0.06682078336646624,none
RGA,0.09393026812419714,up
RGA,0.07615018695341136,none
RGA,0.07924574402309204,none
RGA,0.01295709797599276,none
RGA,0.13525956804977302,up
RGA,0.16158638954116,up
RGA,0.06264345001553706,down
RGA,0.09326405889354983,none
RGA,0.03611810009752614,none
RGA,0.033905429348390026,down
IRON,0.18410962248501717,none
IRON,0.6005003457407394,up
IRON,0.065000025431315,down
IRON,0.2387612576443523,none
IRON,0.23722430399217598,up
IRON,0.021200054761807863,down
IRON,0.06779661016949157,down
IRON,0.19646899604387058,none
IRON,0.2502013670960572,none
IRON,0.27777777287204586,none
IRON,0.052023061057057784,down
IRON,0.5627034945235487,up
KLC,0.2269672272489449,none
KLC,0.050295808319369195,down
KLC,0.01639342660450316,down
KLC,0.11796538740130136,none
KLC,0.2719523418080687,none
KLC,0.20677563286481848,none
KLC,0.17175570296196474,none
KLC,0.043478218616745945,down
KLC,0.0019494204208037047,down
KLC,0.03513511913864975,down
KLC,0.021917805406959978,down
KLC,0.049316418528178696,none
SARO,0.13495722497466556,up
SARO,0.05825886402579994,none
SARO,0.10433069520981397,none
SARO,0.14827330530924532,down
SARO,0.12504595629821735,down
SARO,0.00971506323064708,down
SARO,0.09859154531296288,none
SARO,0.10074353272311876,none
SARO,0.10379093437267572,none
SARO,0.34626384356220763,up
SARO,0.06744569278657964,none
SARO,0.1113610538004619,none
OIA,0.050969567515179115,up
OIA,0.034883549083477794,none
OIA,0.1062622403451643,down
OIA,0.031097743925826427,none
OIA,0.024604788227231333,none
OIA,0.02951372817021225,none
OIA,0.11076220090274158,none
OIA,0.07884812041628786,none
OIA,0.031294631022614094,down
OIA,0.06978081868493469,down
OIA,0.08890039905670832,none
OIA,0.03138520096210895,none
NXST,0.0810082650601951,none
NXST,0.07040009225607324,down
NXST,0.2113928184548075,up
NXST,0.23825498503821074,up
NXST,0.18188769177712127,up
NXST,0.27910227530227694,up
NXST,0.007334134138270665,down
NXST,0.030783679076396897,down
NXST,0.1678706898281419,up
NXST,0.2620496744448564,up
NXST,0.12983670140773662,none
NXST,0.013794425912656783,down
VS,0.05905245164198947,down
VS,6.672000122070313,up
VS,0.8232044072751479,up
VS,0.3654279964297622,none
VS,0.22988511102015874,down
VS,0.3549746393442268,up
VS,1.5115151202076627,up
VS,0.17664543932172738,down
VS,0.34123225801275736,none
VS,0.13333330021964307,down
VS,3.8752004402965667,up
VS,0.7506629975643784,up
SNY,0.03521661991793579,none
SNY,0.11326657506595361,up
SNY,0.013395492978460322,down
SNY,0.05257689677533217,none
SNY,0.029797788123964386,none
SNY,0.01713877947231901,down
SNY,0.16495463396250876,up
SNY,0.016509041828898896,down
SNY,0.03266086434253945,down
SNY,0.044467530315435155,down
SNY,0.20052620512799635,up
SNY,0.22968956493757142,up
LOW,0.08746301592484906,none
LOW,0.08871886467025325,none
LOW,0.12614056363804638,up
LOW,0.2249171061512878,up
LOW,0.10272782229416522,none
LOW,0.004607027435941546,down
LOW,0.06366994128133507,none
LOW,0.018309784517306804,none
LOW,0.16439696611552512,up
LOW,0.236488893982699,up
LOW,0.04576443562322541,none
LOW,0.05178415978381401,none
USB-PQ,0.02199877439852771,none
USB-PQ,0.05372722597021862,down
USB-PQ,0.03868669559142068,down
USB-PQ,-0.0005870749901096817,down
USB-PQ,0.025335931241797116,none
USB-PQ,0.1010765923908099,up
USB-PQ,0.05209498461642115,none
USB-PQ,0.0012149902739295726,down
USB-PQ,0.06060367752946316,down
USB-PQ,0.11177556234127661,up
USB-PQ,0.0464708502979847,up
USB-PQ,0.13162382765473457,up
CLBK,0.03648204853857906,none
CLBK,0.05668403110713505,down
CLBK,0.006525279339456125,none
CLBK,0.11658359790463724,up
CLBK,0.028227718469620466,down
CLBK,0.1350293228712922,none
CLBK,0.03168348481359318,none
CLBK,0.09116949180210154,none
CLBK,0.05892476339809094,none
CLBK,0.1009336104664258,down
CLBK,0.15176310682818483,up
CLBK,0.04875766998041886,down
APAM,0.03193566405546577,none
APAM,0.039352039116004045,none
APAM,0.03586756502581001,none
APAM,0.023672281661344163,down
APAM,0.10933208539413863,none
APAM,0.05284060584338168,down
APAM,0.2483184492042898,up
APAM,0.0627413457239887,none
APAM,0.033482590015125435,none
APAM,0.04387989166109918,down
APAM,0.050973387736882314,down
APAM,0.02769828568192856,down
AKAM,0.22611905240997787,up
AKAM,0.027024202254053442,down
AKAM,0.2862647636871938,up
AKAM,0.02892694395153872,down
AKAM,0.035311341098491766,down
AKAM,0.01932994281054712,down
AKAM,0.02350109511780829,down
AKAM,0.0954492767702857,down
AKAM,0.14633474795243995,up
AKAM,0.05449256620639131,none
AKAM,0.14539631157779542,up
AKAM,0.06885859996064148,down
LOGI,0.046104852875716196,none
LOGI,0.059581368721366434,down
LOGI,0.011587805259810624,down
LOGI,0.21464698060515164,up
LOGI,0.13181821450369058,up
LOGI,0.1135428234796847,none
LOGI,0.12906144281600418,up
LOGI,0.272249789632544,up
LOGI,0.12213489977003977,up
LOGI,0.06377298422856814,down
LOGI,0.49260605474553976,up
LOGI,0.07063338427406118,none
DRDBU,0.035257354208172886,up
DRDBU,0.04639686690218259,up
DRDBU,0.007126802023320611,none
DRDBU,0.05483551399576525,up
DRDBU,0.01608326217617484,up
DRDBU,0.05009815912758109,up
DRDBU,0.05799999237060538,up
DRDBU,0.038722131799084014,up
DRDBU,0.05064550589251415,up
DRDBU,0.04846693782712985,up
DRDBU,0.037182006312353355,up
DRDBU,0.01608326217617484,none
EQBK,0.06792687567745137,down
EQBK,0.03366240097171813,none
EQBK,0.06745946921571,none
EQBK,0.087833280615081,none
EQBK,0.09638256903171172,none
EQBK,0.08211763291179386,none
EQBK,0.05017515415190488,none
EQBK,0.09300166972802981,none
EQBK,-0.005398209233772433,down
EQBK,0.10208093279581187,none
EQBK,0.08496114181030467,none
EQBK,0.2777290989244452,up
AATC,0.018072341312832307,none
AATC,0.003236301802371999,down
AATC,0.1342591157830726,none
AATC,0.035647289050900755,none
AATC,0.05656904288053943,down
AATC,0.06019152088181068,none
AATC,0.26943196468778563,up
AATC,0.19518702937736765,up
AATC,0.04999976126969652,down
AATC,0.023287615755483104,down
AATC,0.12957329944191653,down
AATC,0.009562873810512018,none
FMCCG,1.3776223459094075,up
FMCCG,0.30560569914370217,none
FMCCG,0.9052631614170799,up
FMCCG,0.30478872379786526,down
FMCCG,0.6014235201545155,up
FMCCG,0.006637214587376983,down
FMCCG,0.05309740021417575,down
FMCCG,0.15151515370448654,up
FMCCG,0.10169486776686565,up
FMCCG,0.3033201604276583,down
FMCCG,0.06849315068493156,up
FMCCG,0.6319443133694207,up
TRST,0.0650758454505096,none
TRST,0.14748964604188464,up
TRST,0.022931120525084614,down
TRST,0.009169330587271984,down
TRST,0.02291664551487904,down
TRST,0.029355625061325386,down
TRST,0.10548263150565029,up
TRST,0.10808997590935276,none
TRST,0.14572717081970232,up
TRST,0.21835848508844657,up
TRST,0.2502521701698601,up
TRST,0.04850407482831409,none
BAC-PN,0.055918268516369496,up
BAC-PN,0.09783123470341604,up
BAC-PN,0.008330185709404914,down
BAC-PN,0.0874093774833895,up
BAC-PN,0.04093435933889422,none
BAC-PN,0.03484638185917155,none
BAC-PN,0.038496724376486435,none
BAC-PN,0.045423261029957196,up
BAC-PN,0.032007246969186776,none
BAC-PN,0.032800845792073874,none
BAC-PN,0.059672686677678444,up
BAC-PN,0.005223300768959049,down
CTRE,0.09681851276378639,up
CTRE,0.09543401829210763,up
CTRE,0.3041265724372655,up
CTRE,0.03804227254342041,none
CTRE,0.15201224754680243,up
CTRE,0.17636346758907795,up
CTRE,0.01569856534173364,down
CTRE,0.02860017542915405,none
CTRE,0.1417286896302925,down
CTRE,0.020073620724709418,none
CTRE,0.13289223025717756,up
CTRE,0.0045474203185680295,down
FSV,0.028577820151018063,down
FSV,0.07097200244016633,none
FSV,0.06261050830419368,none
FSV,0.08939896542990788,none
FSV,0.0007105771356126223,down
FSV,0.09245246433271936,none
FSV,0.0099158000427928,down
FSV,0.059968146239550046,none
FSV,0.1129859839236389,none
FSV,0.029872162415719217,none
FSV,0.05796782642591203,none
FSV,0.1703810000942294,up
CVM,0.04662377633265402,down
CVM,0.4355555781611691,none
CVM,0.03225808436366906,down
CVM,0.4572972478093327,none
CVM,0.7301588054467016,up
CVM,0.3625000317891438,down
CVM,0.14464287530808217,down
CVM,0.12408765153676615,down
CVM,0.7435897394097115,up
CVM,0.6585365286332956,up
CVM,0.912280703711243,up
CVM,1.2076922685672073,up
TRTN-PA,0.021377658775243003,down
TRTN-PA,0.020642983611112165,down
TRTN-PA,0.026080177656934822,none
TRTN-PA,0.022353864234203824,none
TRTN-PA,0.03943531932038824,none
TRTN-PA,0.010090525812218365,none
TRTN-PA,0.021782726055896484,none
TRTN-PA,0.02885849036897481,none
TRTN-PA,0.021554808609340448,up
TRTN-PA,0.04019715563026938,none
TRTN-PA,0.04040000401712729,none
TRTN-PA,0.034786822173881626,up
WH,0.07075717557305561,down
WH,0.0655902954183869,down
WH,-6.417152012394567e-05,down
WH,0.05587960669873682,none
WH,0.03602063559541513,none
WH,-0.007813351202990093,down
WH,0.09131607489069404,none
WH,0.03726488098892222,down
WH,0.027501789914286867,none
WH,0.0425717773748675,down
WH,0.12183747249821009,up
WH,0.14674184207722218,up
LXP,0.027512457102954357,down
LXP,0.09368633847381203,none
LXP,0.10059891006087063,up
LXP,0.12771970835305635,none
LXP,0.08633088731955096,none
LXP,0.11957994574014164,none
LXP,0.012752304548737214,down
LXP,0.15359844880887064,up
LXP,1.2820238204369616e-07,down
LXP,0.003474122766319754,down
LXP,0.06504050646720216,none
LXP,0.10357522985031409,none
FLYE,0.06535537256896262,down
FLYE,0.7586956853451936,down
FLYE,0.18004345610590722,none
FLYE,1.318051518304097,up
FLYE,0.24662165710575956,none
FLYE,2.730337078651685,up
FLYE,0.08529416252585009,none
FLYE,0.27020787457486617,none
FLYE,0.22586062132661633,down
FLYE,1.240997366907743,up
FLYE,0.1530815284240834,down
FLYE,0.31785719735281814,none
RECT,0.10707320485634231,none
RECT,0.037499962747098436,down
RECT,0.0706637940716992,none
RECT,0.05263157894736836,none
RECT,0.0844444698757596,none
RECT,0.17342341689260055,none
RECT,0.22133334477742506,none
RECT,0.048076993614966756,none
RECT,0.27873557036643426,down
RECT,0.11249995231628418,down
RECT,0.02071003871974031,none
RECT,0.03519670372241013,none
VHI,0.21154439818097237,none
VHI,0.0724640396567211,down
VHI,0.061628593764646356,down
VHI,0.14967463613249032,none
VHI,0.0946907636878096,none
VHI,0.22134131472596708,up
VHI,0.695303233303852,up
VHI,0.02589021695554594,down
VHI,0.018846864709023192,none
VHI,0.04227048992635574,down
VHI,0.04994824872264747,down
VHI,0.030990555671981168,none
PHG,0.0872151231018119,up
PHG,0.012363818431235352,down
PHG,0.47199997026258766,up
PHG,0.018339004081216803,down
PHG,0.222826024231223,up
PHG,0.08764374727238566,up
PHG,0.31362008792243157,up
PHG,0.11349916161662743,up
PHG,-3.6175072160027355e-08,down
PHG,0.11691349438950671,up
PHG,0.0318036784536595,down
PHG,0.021425925204169083,down
GLSI,0.03430536684727037,none
GLSI,0.7389112769487498,up
GLSI,0.12359553525446376,none
GLSI,0.1913357072593136,none
GLSI,0.060917204944354264,none
GLSI,0.07410618084311005,none
GLSI,0.2030202034953339,up
GLSI,0.0631262668675181,none
GLSI,0.594866060380995,up
GLSI,2.998785137048685,up
GLSI,0.10378156722194021,down
GLSI,0.2770069409341962,up
NKSH,0.006395179172029808,down
NKSH,0.1252138539437906,none
NKSH,0.0438518571786346,none
NKSH,0.023347717503567234,none
NKSH,0.10102033635076824,down
NKSH,0.045054990936017836,none
NKSH,0.056869227344049866,none
NKSH,0.12473928678641877,none
NKSH,0.04540071216638264,none
NKSH,0.018973979841055977,down
NKSH,0.06248249083970281,none
NKSH,0.03322024637616794,none
ELE,0.2972971508621358,down
ELE,0.03132533290206463,none
ELE,0.09411777137180044,none
ELE,0.18405653020994484,up
ELE,0.06930695169073031,none
ELE,0.0531804434968135,none
ELE,0.15342785331270115,down
ELE,0.09691151145750743,none
ELE,0.08649794492812424,none
ELE,0.0028653413504835523,down
ELE,0.2512512711621824,up
ELE,0.023227354448190463,down
BRT,0.02329520578392552,down
BRT,-0.001395447008314732,down
BRT,0.06563551243638077,none
BRT,0.14347054805545478,up
BRT,0.23739245242760076,up
BRT,0.04616884964369827,none
BRT,0.18454983857492135,up
BRT,0.03927159988239359,none
BRT,0.09306831004645577,none
BRT,0.2074000490253638,up
BRT,0.25201235548252576,up
BRT,0.02496004965150056,none
EC,0.0904563056286376,none
EC,0.0545745558362134,none
EC,0.035642158726832296,down
EC,0.05243448559117225,none
EC,0.21048645907689822,up
EC,0.015131450152820358,down
EC,0.11609489658547512,up
EC,0.14055805295584656,none
EC,0.09130055039201435,none
EC,0.07804880946785597,down
EC,0.02436449006927499,down
EC,0.16971014261452866,up
FLL,0.02431608651478423,down
FLL,0.12287336484965561,none
FLL,0.006934839177575647,down
FLL,0.05543704666791993,down
FLL,0.08910886975623145,down
FLL,0.065306058897173,down
FLL,0.1614173590505008,none
FLL,0.04275285097899295,down
FLL,0.14840992495290606,down
FLL,0.16929136740754136,none
FLL,0.05063286215429397,down
FLL,0.5102563390913661,up
AIBT,0.7179488237557836,none
AIBT,6.000000186264519,up
AIBT,0.0,none
AIBT,4.690909381214913,up
AIBT,0.6799999475479126,up
AIBT,0.4316850637216163,up
AIBT,0.3958333993020171,down
AIBT,0.17930666170714682,both
AIBT,0.23333332298530474,down
AIBT,1.0723786216780966,up
AIBT,1.1875001227817878,none
AIBT,0.14578951215479896,down
WATT,0.744604300196438,down
WATT,0.22364216888976718,down
WATT,1.0152778629535533,up
WATT,0.03518516634717406,down
WATT,0.06666666666666665,down
WATT,0.1200000000000001,none
WATT,0.8092268579405868,up
WATT,0.2074074450834298,down
WATT,5.666666875977909,up
WATT,0.32796611893648486,up
WATT,0.8367088675594467,up
WATT,0.09499994913736987,down
GTE,0.09408192279261307,none
GTE,0.4238410236323016,up
GTE,0.3086642689389134,up
GTE,0.02777779076353948,down
GTE,0.24279201680550666,up
GTE,0.07777775658501529,down
GTE,0.28571434295764386,none
GTE,0.19834706965841908,none
GTE,0.12790690453520903,none
GTE,1.1829268335232346,up
GTE,0.2329931732814845,down
GTE,0.13333334746184167,none
LFMD,0.16494841433215157,down
LFMD,0.3133858705263193,none
LFMD,0.06913573328014744,down
LFMD,0.041840962444885665,down
LFMD,0.6202531691412001,up
LFMD,0.6956522505314919,up
LFMD,0.20394741176238074,down
LFMD,0.6461865098114805,up
LFMD,0.8069766595983878,up
LFMD,0.1739130688299524,none
LFMD,0.02834650517781334,down
LFMD,0.1296625229546693,down
GGN-PB,0.04881577349985289,none
GGN-PB,0.014254879374494545,none
GGN-PB,0.014738873417454723,none
GGN-PB,0.02945106519252927,up
GGN-PB,0.03082013789649185,none
GGN-PB,0.009802894012194141,down
GGN-PB,0.012115556875871292,none
GGN-PB,0.05195852055439287,up
GGN-PB,0.16826503533758563,up
GGN-PB,0.06651705479946668,up
GGN-PB,0.0416285684850779,none
GGN-PB,0.013756469525987525,down
AMPG,6.407834151855748,up
AMPG,0.1478872309284176,none
AMPG,0.1902439580369335,none
AMPG,0.08810574861859011,none
AMPG,0.013574647453366007,down
AMPG,0.4123710972784642,up
AMPG,0.3260187909711858,none
AMPG,0.1050228370155395,down
AMPG,0.15128452830154449,down
AMPG,0.6576270465911114,up
AMPG,0.026086932184114398,down
AMPG,0.2626727710610395,none
USAQ,0.06666660043928618,down
USAQ,2.465346354980613,down
USAQ,-0.004545463781711501,down
USAQ,0.1599999205271434,down
USAQ,1.2523809750199053,up
USAQ,0.0192307515962582,down
USAQ,0.09999997764825852,down
USAQ,0.452631560785288,up
USAQ,0.02564110401662978,down
USAQ,1.245454502352013,up
USAQ,0.9957805193538731,up
USAQ,5.926829303750531,up
ISFFF,-1.1102230246251565e-16,down
ISFFF,-1.1102230246251565e-16,down
ISFFF,0.0,down
ISFFF,0.0,none
ISFFF,0.0,none
ISFFF,-1.1102230246251565e-16,down
ISFFF,0.0,none
ISFFF,-1.1102230246251565e-16,down
ISFFF,-1.1102230246251565e-16,down
ISFFF,-1.1102230246251565e-16,down
ISFFF,-0.004876802481425302,down
ISFFF,-1.1102230246251565e-16,down
ETHE,0.45304709927778,up
ETHE,0.049773734524918734,down
ETHE,0.8023897654708174,up
ETHE,0.7259277518145792,up
ETHE,0.3272207510974281,up
ETHE,0.6341692407530817,up
ETHE,0.556526306584606,up
ETHE,-0.0009345395704511983,down
ETHE,0.829875220845059,up
ETHE,0.014905188105829748,down
ETHE,0.07337281042222621,down
ETHE,0.02859395012417454,down
BCTF,0.09283015413104367,down
BCTF,0.022727287581590705,up
BCTF,0.0876470453598921,up
BCTF,0.15814692251137474,up
BCTF,0.008823520749498215,down
BCTF,0.21777778201633025,down
BCTF,0.09531007940673097,up
BCTF,0.18371207417562951,up
BCTF,0.043250555081457476,none
BCTF,-0.017730495974209393,down
BCTF,0.20467710370157333,up
BCTF,0.05314804550562835,none
YCL,0.04515049833868501,down
YCL,0.19469028592729343,down
YCL,0.22201047633283832,up
YCL,0.025068332893008805,down
YCL,-0.006875489040395255,down
YCL,-0.006113510566836511,down
YCL,0.0002108905624420565,down
YCL,0.003597844845403486,down
YCL,0.06238037323082324,down
YCL,0.016617013566555983,down
YCL,0.009780907872596556,down
YCL,0.011514624878668389,down
IVT,0.15380580515238296,up
IVT,0.09433178060540581,none
IVT,0.056280462207506377,none
IVT,0.038669278670692586,none
IVT,-0.002637056571558438,down
IVT,0.08631799093387849,none
IVT,0.016310283500950318,none
IVT,0.004515559695616567,none
IVT,0.02260920467283345,down
IVT,0.13239336377610744,none
IVT,0.11189567111366161,none
IVT,0.11296929961762969,up
NGVC,0.31716576254041473,up
NGVC,0.3372095396423993,up
NGVC,0.07466673390809797,none
NGVC,0.09503086283461615,none
NGVC,0.13835714505772456,none
NGVC,0.21476178041204985,none
NGVC,0.3373067278891724,up
NGVC,0.31916378801754663,up
NGVC,0.3545570222572487,up
NGVC,0.19776725291459374,up
NGVC,0.011063782667802391,down
NGVC,0.1836419978937609,none
NRDMF,0.17307691205535436,none
NRDMF,0.059259266617857076,down
NRDMF,0.34782606230904345,none
NRDMF,0.04901963505594664,none
NRDMF,0.5891089039525033,none
NRDMF,0.07294835616789119,none
NRDMF,0.5845824356474061,down
NRDMF,0.2941176264343792,none
NRDMF,1.1830986132265786,up
NRDMF,1.0980393188084991,up
NRDMF,0.5909089554439946,up
NRDMF,0.29629623361194213,down
DLX,0.14914626856366953,none
DLX,0.3079972210798989,up
DLX,0.0661564569985631,down
DLX,0.051057287773431215,none
DLX,0.010681042644894667,down
DLX,0.05109084641188044,none
DLX,0.049790318237523,down
DLX,0.20164992256427894,up
DLX,0.08343909341322786,down
DLX,0.14187804641875035,none
DLX,0.04013022501595098,none
DLX,0.007963849863658501,down
BILL,0.03864904724546503,down
BILL,0.0769815470457087,none
BILL,0.07396280444624548,down
BILL,0.2046834921949654,up
BILL,0.25751448409403555,up
BILL,0.06830937407674154,down
BILL,0.14091135857810055,none
BILL,0.03295288890986314,down
BILL,0.09397430717399669,down
BILL,-0.081581698113529,down
BILL,0.430218736409667,up
BILL,-0.006947592275070025,down
GWSO,67.18181855126846,up
GWSO,0.6357142863224965,down
GWSO,0.7444980882682384,down
GWSO,0.004032254188043316,down
GWSO,1.922077994460019,up
GWSO,0.07861635055087812,down
GWSO,2.0547263162277294,up
GWSO,0.26284878345256013,down
GWSO,0.6666665562876992,up
GWSO,0.43805310341342607,down
GWSO,0.006675593092494658,down
GWSO,0.04895108742634546,down
ALURD,0.11734694622298747,down
ALURD,0.314465327229118,none
ALURD,0.4921465670571339,up
ALURD,0.16279069767441867,none
ALURD,1.3511904761904763,up
ALURD,0.1558441558441559,none
ALURD,0.4107142857142858,down
ALURD,0.0331683168316832,up
ALURD,0.05311352392264057,none
ALURD,0.031126482213438722,up
ALURD,0.025886864813039256,up
ALURD,0.006079027355623046,none
MTX,0.09444635858534145,none
MTX,0.35102877298719704,up
MTX,0.1505013739895915,up
MTX,0.032849700014278005,none
MTX,0.20984587961443513,up
MTX,0.14900340993490424,up
MTX,0.2686134549741199,up
MTX,0.11748392356522364,up
MTX,0.15181524821674963,down
MTX,0.028732901674711986,none
MTX,0.22189014669006535,up
MTX,0.03768987503214127,none
AVGO,0.1766297099090246,up
AVGO,0.12004107245049322,none
AVGO,0.10539816145314074,down
AVGO,0.07009105951939909,none
AVGO,0.13298060433607373,none
AVGO,0.1792310309735381,up
AVGO,0.2595074274468201,up
AVGO,0.17627261292736818,up
AVGO,0.19038022390462928,up
AVGO,0.29571949578931944,up
AVGO,0.31033396011309855,up
AVGO,0.4979485300580624,up
YARW,-0.0027933406537894445,down
YARW,0.28167203201600644,down
YARW,0.012448028282341816,down
YARW,0.31666665538071914,down
YARW,0.2941176696637413,up
YARW,0.21538467984937038,down
YARW,0.503289560178551,up
YARW,0.3019944103037826,none
YARW,0.40569407235577426,none
YARW,0.024020187353752664,down
YARW,0.4215246536065298,up
YARW,0.4740131817897384,up
SMTI,0.1140274057456081,none
SMTI,0.20915663385965733,up
SMTI,0.0763595084898776,down
SMTI,0.2638504522391105,up
SMTI,0.2814428282423027,up
SMTI,0.2541865136287478,up
SMTI,0.002038025300745927,down
SMTI,0.03156705034766105,down
SMTI,0.1363801331339045,down
SMTI,0.6199226066556505,up
SMTI,0.1455445530842836,down
SMTI,0.09857844766815438,none
DOMH,1.5892861785715056,down
DOMH,0.1586715492459525,down
DOMH,0.11794866650900371,none
DOMH,0.304347821604384,down
DOMH,0.06346959174192723,down
DOMH,0.5533981033319106,up
DOMH,0.2404580386830819,none
DOMH,0.08602154092130432,down
DOMH,0.2995169845148369,up
DOMH,0.3797466404787593,up
DOMH,0.07211550008463163,down
DOMH,0.11290307065179017,none
MYFW,0.060938705741949484,down
MYFW,0.01574809220073603,down
MYFW,0.25071062019083024,up
MYFW,0.0,down
MYFW,0.16705883250517006,up
MYFW,0.3649045748009414,up
MYFW,0.05072462315870885,none
MYFW,0.027922670854600984,none
MYFW,0.0705161517442543,down
MYFW,0.0720461105661252,down
MYFW,0.3463939956103905,up
MYFW,0.09631945952582455,none
MYO,-0.0064935004616650804,down
MYO,0.04999995231628418,down
MYO,0.6417524994008812,up
MYO,0.0541400739477218,down
MYO,0.2050420682584,none
MYO,0.14930869601522367,down
MYO,0.0854459680845967,none
MYO,0.37356328821436624,up
MYO,1.0232557913881823,up
MYO,0.05838040416574275,down
MYO,0.7407406944088268,up
MYO,0.07619052052227748,down
GGOXF,0.4563107533519626,up
GGOXF,0.4337931626276812,up
GGOXF,0.5071590705178664,up
GGOXF,0.17864566871430498,down
GGOXF,0.8537074277958117,up
GGOXF,0.2708333915409955,down
GGOXF,0.010384237201731983,down
GGOXF,0.8864717920312521,up
GGOXF,0.11234704555064434,up
GGOXF,0.3851064351901259,none
GGOXF,1.424242364035715,up
GGOXF,0.04347832396711104,down
TRV,0.08867079101537478,none
TRV,0.14118791562777377,up
TRV,0.01478205896232132,down
TRV,0.06916641345844177,none
TRV,0.04415746654740382,none
TRV,0.06084774203157206,down
TRV,0.004656157686216522,down
TRV,0.002205321492655399,none
TRV,0.07360305040405146,none
TRV,0.07523076085946423,up
TRV,0.11902941623606145,up
TRV,0.09875920732574284,up
RMT,0.024788395449098388,none
RMT,0.019845615569150432,none
RMT,0.04513083340833757,none
RMT,0.07415041790578525,up
RMT,0.10021093075032761,up
RMT,0.019796981268494607,none
RMT,0.08030780680370175,up
RMT,-0.0010833594950757641,down
RMT,0.0901992486263794,up
RMT,0.1392691086160558,up
RMT,0.14213841863742194,up
RMT,0.10446112974575628,up
ALGM,0.2517482250098657,up
ALGM,0.10557178306726733,none
ALGM,0.6532227468968561,up
ALGM,0.23421689688441272,up
ALGM,0.02306151511691712,down
ALGM,0.1706408307626055,up
ALGM,0.21032362035355612,up
ALGM,0.030253544814584865,down
ALGM,0.02674651084630386,down
ALGM,0.20188004467669596,up
ALGM,0.03258340303392715,down
ALGM,0.21720529923796716,up
TNGX,0.3132743276195302,none
TNGX,0.6115242386913367,up
TNGX,0.10408431435718324,none
TNGX,0.034007342065004664,down
TNGX,0.19423068623100948,down
TNGX,0.3197278823298224,up
TNGX,0.10324480643119682,none
TNGX,0.20065794117397928,none
TNGX,2.415882351373719,up
TNGX,0.02800949309427292,none
TNGX,0.5229563176596128,up
TNGX,2.9457366690742632,up
GFL,0.041875414162801716,none
GFL,0.11074669764897793,none
GFL,0.023026357296878963,down
GFL,0.14261063976310773,up
GFL,0.05827112246755295,none
GFL,0.07520884336754685,none
GFL,0.02623931240189581,down
GFL,0.09122794925748012,none
GFL,0.14290395971634018,down
GFL,0.0020917475979693734,down
GFL,0.13526816669266917,up
GFL,0.07325324095024155,down
CR,0.14837462848800365,up
CR,0.0865706492284175,down
CR,0.13843289428438177,up
CR,0.2856538627471614,up
CR,0.12296778226120408,up
CR,0.09763995619976451,none
CR,0.06379421159661969,none
CR,0.1217760168023243,up
CR,0.10004381651906824,none
CR,0.11609810692226263,up
CR,0.13648142477979452,up
CR,0.07542454495930029,none
FOFA,0.6583332753843754,up
FOFA,0.6583332753843754,up
FOFA,1.5333333015441895,down
FOFA,2.2000001271565757,down
FOFA,2.1160714238197826,up
FOFA,2.2000001271565757,down
FOFA,2.799999952316284,up
FOFA,-0.013157882353605488,down
FOFA,2.0347826799057396,up
FOFA,2.423423336345784,up
FOFA,2.1160714238197826,up
FOFA,3.2105265359359025,up
MBRX,0.07826086956521738,down
MBRX,0.25855618237174127,down
MBRX,0.7706576728499157,up
MBRX,0.11029411764705888,down
MBRX,0.48091603053435117,up
MBRX,0.33870967741935476,up
MBRX,0.026717557251908497,down
MBRX,0.7209302325581395,up
MBRX,0.45382575872715125,up
MBRX,0.26639344262295084,none
MBRX,0.3913043478260869,down
MBRX,0.04166666666666674,down
CRESY,-0.004207493358382219,down
CRESY,0.5534076057746491,up
CRESY,0.07807473529594477,none
CRESY,0.2520866539529012,none
CRESY,0.05892531768069165,none
CRESY,0.14203707249981434,none
CRESY,0.2103918496749302,none
CRESY,0.2673380372740093,up
CRESY,0.21564900875336335,none
CRESY,0.7122043642131288,up
CRESY,0.13296171209254526,none
CRESY,0.18628898794933257,none
BMEZ,0.02537733658793062,none
BMEZ,0.023056598681828522,none
BMEZ,0.0964205963350886,none
BMEZ,0.0036763808275264154,down
BMEZ,0.08517288884253471,none
BMEZ,0.024787925062305538,none
BMEZ,0.0812715666259145,up
BMEZ,0.037510351865263525,down
BMEZ,0.08294905829441213,none
BMEZ,0.07309134392036198,up
BMEZ,0.05044133264901207,none
BMEZ,0.07113841695418022,up
ERC,0.01033051397730178,down
ERC,0.015640567765274005,down
ERC,0.009595126621958716,down
ERC,0.01452286073903819,down
ERC,0.04821419815385197,up
ERC,0.03285331862923346,none
ERC,0.016094501894270863,down
ERC,0.12008477368560011,up
ERC,0.029183353945349433,none
ERC,0.029017844544185323,up
ERC,0.05247474374933736,up
ERC,0.041077951247852074,none
CBKM,0.0,down
CBKM,0.06883438820619481,up
CBKM,-0.021301028669729827,down
CBKM,0.07511273099337545,down
CBKM,0.07289983552031631,down
CBKM,0.05662899759114226,up
CBKM,0.0500679000102533,none
CBKM,0.03580563833815331,up
CBKM,0.09303214246389513,up
CBKM,0.0,down
CBKM,0.004411700314449707,down
CBKM,0.2011175083378336,up
MRM,0.0,down
MRM,2.354658371237853,up
MRM,1.2798913562835832,down
MRM,0.13279998779296864,none
MRM,0.41271449853769715,up
MRM,0.16576813067240215,down
MRM,0.4482759376674068,up
MRM,0.4031095676640404,down
MRM,1.589285745510816,up
MRM,0.1404958475760516,down
MRM,0.4204545531514263,down
MRM,0.0,down
JJSF,0.10762606511932815,none
JJSF,0.07917341997529403,none
JJSF,0.0011689206183889134,down
JJSF,0.08848023561593377,up
JJSF,0.06710759000670374,down
JJSF,0.026869484731057325,none
JJSF,0.004339354325794353,down
JJSF,0.050980725774971924,none
JJSF,0.017427139676528425,down
JJSF,0.042065500854684634,down
JJSF,0.013238525617061736,down
JJSF,0.1566841615168575,up
PFSI,0.1954453267701699,up
PFSI,0.1042134547030189,none
PFSI,0.17524836019702894,up
PFSI,0.18360674314083902,up
PFSI,0.0018688826337898146,down
PFSI,0.09930500959597,down
PFSI,0.010704177067406784,down
PFSI,0.14243637027922085,none
PFSI,0.21132645722290788,up
PFSI,0.13053490844298965,none
PFSI,0.09511898329115875,none
PFSI,0.07142859046352079,down
NPRFF,1.4285714437766952,down
NPRFF,0.23076923715854614,none
NPRFF,0.4632058543022888,down
NPRFF,0.5494636425419108,up
NPRFF,0.22026316392124534,down
NPRFF,1.7914977717636882,up
NPRFF,0.9875070563152395,down
NPRFF,0.31479991503358007,up
NPRFF,0.10753852064934222,down
NPRFF,0.17146434966965662,none
NPRFF,0.4814814446884923,none
NPRFF,5.872852133375118,up
IGA,0.00878161668431754,down
IGA,0.06458785318900473,up
IGA,0.039474248468629014,none
IGA,0.11006959450571685,up
IGA,0.062012096647715564,up
IGA,0.03218634031806156,down
IGA,0.06412442507906446,down
IGA,0.022454761822203517,down
IGA,0.006396625589164762,down
IGA,0.04141451210536595,none
IGA,0.03940575496896348,none
IGA,0.03051659618000535,none
WOR,0.10467144979476317,down
WOR,0.03538410804925296,down
WOR,0.18340031814245195,up
WOR,0.06378403715074121,none
WOR,0.2589698813950092,up
WOR,0.2737200119047696,up
WOR,0.14811878883402962,none
WOR,0.028362788525501337,down
WOR,0.03906246745168662,none
WOR,0.004953311601195276,down
WOR,0.039910776550012406,none
WOR,0.12071249893427383,none
KB,0.08206269646881403,none
KB,0.13047119123537554,up
KB,0.11215920914538935,up
KB,0.05812516730067019,none
KB,0.012002008544597098,down
KB,0.1595418211760411,up
KB,0.1256884639276976,up
KB,0.06817558298070647,none
KB,0.3259708367057028,up
KB,0.07963049448631732,up
KB,0.1551710850465695,down
KB,0.03836856805416322,none
TRRFF,3.0322580087918354,up
TRRFF,0.44927542022085465,up
TRRFF,0.0,down
TRRFF,1.3809524126300206,up
TRRFF,0.5770205382562863,up
TRRFF,0.2016964852570846,down
TRRFF,0.6260162394788567,none
TRRFF,2.460207743589681,up
TRRFF,0.5465186601001177,up
TRRFF,0.3137949455975757,none
TRRFF,0.7894061206625478,up
TRRFF,0.6193547431933899,none
VLY,0.04166665565688521,none
VLY,0.0021930199604174305,down
VLY,0.023854778449886593,down
VLY,0.13636347413537853,down
VLY,0.16261518462315738,up
VLY,0.017475828475499222,down
VLY,0.2263278669531703,up
VLY,0.00891403893905296,down
VLY,0.16093229443528512,up
VLY,0.17741938374143107,up
VLY,0.022522509393092527,down
VLY,0.008729173691798042,down
TYGO,0.29411771533284936,up
TYGO,0.054545475563070545,down
TYGO,0.34848477322646154,none
TYGO,0.16489365041228976,down
TYGO,0.6464646257875941,up
TYGO,0.4634145726860701,none
TYGO,0.07249260357831488,up
TYGO,0.6352940549487491,up
TYGO,0.006030193041896226,down
TYGO,0.6082473162548621,up
TYGO,0.6263940895235196,up
TYGO,0.3157894312274012,none
RIV,0.04072615928993817,down
RIV,0.06470265110564011,none
RIV,0.05518213395189009,none
RIV,0.023476945855497533,none
RIV,0.002474409338744543,down
RIV,0.03805553941927231,down
RIV,0.040776692777361845,down
RIV,0.04439933165177967,none
RIV,0.07988897238736858,up
RIV,0.03423596437365384,none
RIV,0.02810999865206254,none
RIV,0.07410202259103804,up
FGN,0.0033482304442267186,none
FGN,0.026080580173636125,none
FGN,0.02454688926728843,down
FGN,0.009359798395098373,none
FGN,0.04183112303402958,none
FGN,0.0063433697022250435,none
FGN,0.01184157058583013,none
FGN,0.030752113741440157,none
FGN,0.01352868488730774,none
FGN,0.04774838154312122,none
FGN,0.07155190426558455,none
FGN,0.016730920075435085,down
OSUR,0.5225564135536835,up
OSUR,0.4177545526121962,up
OSUR,0.49822695200354894,up
OSUR,0.343642601548082,up
OSUR,0.09523812226968142,down
OSUR,0.11891886841388821,down
OSUR,0.008973096209767384,down
OSUR,0.28727271340110083,up
OSUR,0.33057848227072206,up
OSUR,0.12305295209732581,none
OSUR,0.0,down
OSUR,0.010849898825161297,down
REPX,0.3910125710582997,up
REPX,0.2988156117664771,none
REPX,0.1395168164722671,none
REPX,0.030089198712096366,down
REPX,0.13759992610085492,none
REPX,0.3807516674283793,up
REPX,0.13815791950744027,down
REPX,0.08834881859429533,none
REPX,0.44305643892205726,up
REPX,0.6010051781439121,up
REPX,0.10773889891245814,down
REPX,0.8702662831640937,up
HEPS,0.08490569644994705,down
HEPS,0.059259201698670605,down
HEPS,0.08270677500430446,down
HEPS,0.2560386417788376,none
HEPS,0.06049824902337475,none
HEPS,0.7016806705852796,up
HEPS,0.5594406299786032,up
HEPS,0.884057908417722,up
HEPS,0.3962263886882629,up
HEPS,0.3824885805256375,none
HEPS,0.05102035851341635,down
HEPS,0.2600896496615419,down
NGEN,0.27218936246874104,up
NGEN,0.05217396802848251,none
NGEN,0.4705881645817398,up
NGEN,0.1434689647426406,down
NGEN,0.1265822297734851,down
NGEN,0.12403107795511525,down
NGEN,0.11584156920028499,down
NGEN,0.997617329073613,up
NGEN,0.10065851079219801,down
NGEN,0.11439112118666639,none
NGEN,1.3730158985457033,up
NGEN,0.4896551826195821,up
TLRY,0.10303034926905785,down
TLRY,0.1580645653509325,down
TLRY,0.13768112987461456,down
TLRY,0.321766577837572,none
TLRY,0.0042918620061869195,down
TLRY,1.8923075749323917,up
TLRY,0.36559134933325343,up
TLRY,1.1282051250701044,up
TLRY,1.2142857142857144,up
TLRY,-0.032258034744817476,down
TLRY,0.18250373932373876,none
TLRY,0.01960782480441492,down
JBSS,0.08941157550668932,down
JBSS,0.16398344338612492,up
JBSS,0.1440642736892761,up
JBSS,0.14710313474696513,up
JBSS,0.09504582650261573,none
JBSS,0.004495093741931466,down
JBSS,0.03813923693901988,down
JBSS,0.004509626152466417,down
JBSS,0.11477406143529634,up
JBSS,0.06532314374674097,none
JBSS,0.0170686131575859,down
JBSS,0.015470509786341458,down
AVB,0.18653603554372733,up
AVB,0.02744078018080165,none
AVB,0.07968222460887064,up
AVB,0.010061767123665577,down
AVB,0.16495655594310943,up
AVB,0.06748851978112991,none
AVB,0.006963147383506119,down
AVB,0.15558356383840555,up
AVB,0.011123249832345472,down
AVB,0.06754396678439756,none
AVB,0.08366195876804272,none
AVB,0.04611203379945472,none
GLQ,0.07750891960563844,up
GLQ,0.07020568036448571,none
GLQ,0.17885212967433328,up
GLQ,0.09845200199357573,none
GLQ,0.024932805489199072,down
GLQ,0.035913874659345035,none
GLQ,0.06283082462200729,none
GLQ,0.06414507541051573,none
GLQ,0.0013717956161571898,down
GLQ,0.12969018591189996,none
GLQ,0.06142425301859267,none
GLQ,0.05103434562807729,down
EOG,0.042712378465494805,none
EOG,0.012468533573177565,down
EOG,0.03144902321071141,down
EOG,0.11553250704756479,none
EOG,0.09632807233812568,none
EOG,0.014106490420440432,down
EOG,0.0593417051836147,none
EOG,0.1629710947678571,up
EOG,0.2070029101776143,up
EOG,0.059491167133364664,none
EOG,0.00911909598855365,down
EOG,0.03543046049391485,none
BTO,0.0892459315290619,down
BTO,0.02154594030544743,down
BTO,0.01666991603148138,down
BTO,0.1601838081000877,up
BTO,0.005108503533163944,down
BTO,0.09264991677173517,none
BTO,0.07368165623202061,none
BTO,0.0156321584979362,down
BTO,0.0656378663672672,down
BTO,0.035407150031611545,none
BTO,0.07003989014912526,none
BTO,0.08277668402916216,none
AXIL,0.00478468462867454,down
AXIL,0.18575854165967476,none
AXIL,0.10928574558829096,none
AXIL,1.4543378354162844,up
AXIL,0.08348830540287522,none
AXIL,0.21217387655506958,none
AXIL,0.5044843006178141,up
AXIL,0.4008350921888497,none
AXIL,0.29746833876756673,down
AXIL,0.3865308331782462,none
AXIL,0.12972837973072116,none
AXIL,0.08383232891771164,down
BWIN,0.04635263050337479,down
BWIN,0.15922751559237103,down
BWIN,0.09676203864837052,none
BWIN,0.03282372076209894,down
BWIN,0.06602758942756948,none
BWIN,0.3005796791850657,up
BWIN,0.1883679011348749,up
BWIN,0.30053325327954417,up
BWIN,0.04527864045607477,down
BWIN,0.48956573769211453,up
BWIN,0.10307408195269718,down
BWIN,0.19220115336940125,up
WVVIP,0.0,down
WVVIP,0.4887217748936814,up
WVVIP,0.06532681294069032,down
WVVIP,0.14721733624940803,up
WVVIP,0.06679029361488076,down
WVVIP,0.010204007089033906,down
WVVIP,0.06382977718526672,down
WVVIP,0.011940346820879633,none
WVVIP,0.04374339785391479,none
WVVIP,0.08314612232092067,up
WVVIP,0.05793648250126049,down
WVVIP,0.11641544376555801,up
REXR,0.06858426848762389,down
REXR,0.04621370481125764,none
REXR,0.02259557931977474,none
REXR,0.149071586310924,up
REXR,0.0546780342691886,none
REXR,0.028869508931694154,none
REXR,0.12106965652053092,up
REXR,0.003641119808450499,down
REXR,0.06476427352166647,none
REXR,0.0828656837498909,none
REXR,0.02847598516160743,down
REXR,0.05211841891514135,down
LCFY,0.3634811585450153,none
LCFY,0.07413505709044665,down
LCFY,0.10621764170294368,down
LCFY,1.398571559361049,up
LCFY,0.46443508216512397,none
LCFY,0.11111111111111116,none
LCFY,0.6236412489790275,up
LCFY,0.39666668574015307,down
LCFY,0.0796139747224538,down
LCFY,0.5806878174223307,up
LCFY,0.09219852495670922,down
LCFY,0.42333332697550463,up
TFC-PO,0.07329130762998926,none
TFC-PO,0.0037329496188938105,down
TFC-PO,0.043931155729519,none
TFC-PO,0.04557763930636405,none
TFC-PO,0.042834733323598995,none
TFC-PO,0.040155347601321,down
TFC-PO,0.04181782806641987,none
TFC-PO,0.0017824815590319343,down
TFC-PO,0.03085845542973975,down
TFC-PO,0.11673965049024515,up
TFC-PO,0.019187314799205657,down
TFC-PO,0.008496145518744225,down
FREGP,0.10259444412705276,up
FREGP,0.5577085045816137,up
FREGP,0.10386355046178664,down
FREGP,0.32624115298004286,up
FREGP,0.2392313170210576,up
FREGP,0.3650793981179692,up
FREGP,0.09247972896846401,none
FREGP,0.1700321025963285,down
FREGP,0.10259444412705276,up
FREGP,0.20279726692269717,up
FREGP,0.017783873523737226,down
FREGP,0.25661919919324205,up
ADNH,0.07575757575757569,down
ADNH,0.6179246471292377,up
ADNH,0.16748763042161485,none
ADNH,0.10232555773831153,none
ADNH,0.07675741560271931,none
ADNH,0.09368198577464182,down
ADNH,1.4347824644726952,down
ADNH,0.6384615775866387,up
ADNH,0.2644444571601019,down
ADNH,0.015544001510593652,down
ADNH,0.14285711146562607,down
ADNH,0.03589095701688527,down
DLR-PJ,0.07240968818786264,none
DLR-PJ,0.09583447451867277,up
DLR-PJ,0.01998573994596531,none
DLR-PJ,0.041727698607020525,none
DLR-PJ,0.03519527543884471,none
DLR-PJ,0.06959220135946453,down
DLR-PJ,0.02726338706038489,none
DLR-PJ,0.07003261783013826,up
DLR-PJ,0.040853428116599755,none
DLR-PJ,0.027320254850931702,none
DLR-PJ,0.09124778707998171,up
DLR-PJ,0.08039890836215258,up
EE,0.025238430627141373,down
EE,0.05804632450110314,down
EE,0.09236736912914711,none
EE,0.09721699560540986,down
EE,0.07588531188720138,none
EE,0.00812742300071867,down
EE,0.11265517963015181,none
EE,0.1510766784552675,down
EE,0.1592610275138655,none
EE,0.23061235591662688,up
EE,0.052125536208673884,none
EE,0.2717756219777341,up
GNL-PA,0.06259375390006494,none
GNL-PA,0.05857791987351346,up
GNL-PA,0.044021995992193697,none
GNL-PA,0.02251045130394247,none
GNL-PA,0.044077405857348984,down
GNL-PA,0.028288801519814166,down
GNL-PA,0.014231224320014224,down
GNL-PA,0.062279101103371204,none
GNL-PA,0.07405540907447916,up
GNL-PA,0.05237016391765814,none
GNL-PA,0.016451793819427074,down
GNL-PA,0.01903432029751917,down
BNED,0.2690354835365525,up
BNED,0.21931812820504715,down
BNED,2.0,down
BNED,0.1414892493548323,down
BNED,0.584582415062141,up
BNED,0.003015048694646305,down
BNED,0.5135135135135136,down
BNED,5.16438366969957,up
BNED,0.30569947018356314,up
BNED,0.0490196078431373,down
BNED,0.019836945786052773,down
BNED,0.08053095864463722,none
AIRT,0.24120609228251255,none
AIRT,0.05007643247643112,down
AIRT,0.38594255992030324,up
AIRT,0.11159544055553572,down
AIRT,0.036995506825506785,down
AIRT,0.045288594465832555,none
AIRT,0.036887572079362885,down
AIRT,0.0682202829228371,down
AIRT,0.06366876061737625,down
AIRT,0.04681227029757351,down
AIRT,0.20637660941278635,up
AIRT,0.20356605221827295,down
CLNV,4.941176354575741,up
CLNV,0.5665236133845686,up
CLNV,0.11111111111111116,down
CLNV,0.5879396439315068,none
CLNV,0.10606059579809823,none
CLNV,0.6326530560526304,up
CLNV,0.0,down
CLNV,0.2553192142847447,down
CLNV,2.44186039258494,up
CLNV,0.06250003492459744,down
CLNV,0.06153845125166413,none
CLNV,0.022727318908557725,none
BWG,0.03754715829999955,none
BWG,0.08725851316350419,down
BWG,0.03582856372096521,none
BWG,0.04399511250852983,down
BWG,0.08620483597974693,none
BWG,0.21249589310878658,up
BWG,0.09003312697907706,up
BWG,0.05290418694314858,down
BWG,0.04817424381065982,none
BWG,0.1256080853956436,up
BWG,0.03980217447534229,none
BWG,0.05415150379033329,none
SD,0.6300191465684042,up
SD,0.12121209435931646,none
SD,0.05567293990157873,none
SD,0.011049981067887682,none
SD,0.06456809730741409,down
SD,0.017682336973281032,down
SD,0.26350136201102936,up
SD,0.18915499947366277,up
SD,0.09516379976838851,none
SD,0.08584688347545599,none
SD,0.0507891094586832,down
SD,0.08584688347545599,none
DHT,0.16430753467812376,none
DHT,0.1142521079337191,down
DHT,0.08798497361840263,none
DHT,0.18893539327364728,up
DHT,0.18262419021221366,none
DHT,0.014769719291092498,down
DHT,0.14260717500710318,up
DHT,0.10887456180781196,none
DHT,0.007385403286771286,down
DHT,0.2481977271828708,up
DHT,0.2028424281979755,up
DHT,0.09511840220932988,none
STLN,0.6146788408876476,up
STLN,0.02173910977784832,down
STLN,0.9841269991445314,up
STLN,0.10207094038773912,down
STLN,0.707581129557469,down
STLN,0.33333342163651314,none
STLN,0.01382487112212738,down
STLN,0.40740736489106344,none
STLN,0.014662742245680649,down
STLN,4.476190533632596,up
STLN,0.02538070967695716,down
STLN,0.07572957547577497,down
MOG-B,0.009455619729433762,down
MOG-B,0.1418593355700848,down
MOG-B,0.015107547963596701,down
MOG-B,0.028406485838548434,down
MOG-B,0.04357861695935217,up
MOG-B,0.08023343845148845,up
MOG-B,-0.0013105724823658793,down
MOG-B,0.08519994268491393,up
MOG-B,0.08519994268491393,up
MOG-B,0.028406485838548434,down
MOG-B,0.07637413332762866,up
MOG-B,0.17043335486344047,up
CPB,0.12706806756072586,up
CPB,0.0760352589775597,none
CPB,0.06029340356868107,none
CPB,0.016007060888997948,down
CPB,0.03823722309149402,none
CPB,0.042290189958180235,down
CPB,0.12422960078897716,up
CPB,0.08078465355829456,none
CPB,0.0937104658748864,none
CPB,0.12962574891535783,up
CPB,0.07298368497614316,none
CPB,0.09563572858362934,none
GRND,0.04991813775349141,down
GRND,0.18128189391251537,down
GRND,0.3777778719678353,up
GRND,5.839789828604975,down
GRND,0.3886218396928436,up
GRND,0.07811228975807327,none
GRND,0.12379816399347465,none
GRND,0.004878067388767171,none
GRND,0.007905130890387913,none
GRND,0.06666670905219174,down
GRND,0.007827780980020682,none
GRND,0.009803959150949337,none
BCX,0.042250646806184955,down
BCX,0.01776401624493107,none
BCX,0.07362020595693575,up
BCX,0.016198196561479694,down
BCX,0.18699890456539836,up
BCX,0.043178137206896006,down
BCX,0.015625397354608328,down
BCX,0.016869329451407067,down
BCX,0.04468507423328116,none
BCX,0.03218897519176833,down
BCX,0.1798570748448154,up
BCX,0.019749625336195953,down
MORN,0.1485129034692969,none
MORN,0.012362787491996485,down
MORN,0.043511035797400455,none
MORN,0.24733552278845816,up
MORN,0.11596064085790503,up
MORN,0.11571570365598527,none
MORN,0.1278009394610029,down
MORN,0.16833920188294593,up
MORN,0.04950747358484797,down
MORN,0.0821643851220295,down
MORN,0.03839330279168318,none
MORN,0.22901775299072868,up
AGM-PG,0.03394335101357315,none
AGM-PG,0.12316704094271946,up
AGM-PG,0.055571414639002725,up
AGM-PG,0.034881204251471676,none
AGM-PG,0.13158825246347172,up
AGM-PG,0.004200099101014487,down
AGM-PG,0.10405429930466714,none
AGM-PG,0.07357543390960819,none
AGM-PG,0.018231984013758362,none
AGM-PG,0.11452712813778199,up
AGM-PG,0.023092089119399528,down
AGM-PG,0.005552656194938388,none
AKAN,0.8585131024748573,up
AKAN,0.20253163862211587,none
AKAN,2.190954685400938,up
AKAN,0.5500000208125007,down
AKAN,0.2337662255389954,none
AKAN,0.2634920886621317,down
AKAN,0.4955357286318838,up
AKAN,1.32815972325373,up
AKAN,0.6153845999907543,up
AKAN,0.1862068300432913,down
AKAN,0.17647056144378692,down
AKAN,0.27586206896551735,none
GPOX,0.44578315524200884,none
GPOX,0.21999999552965166,down
GPOX,1.0769230879446456,none
GPOX,0.2999999337726196,none
GPOX,0.056910501144814996,down
GPOX,0.565217471115232,none
GPOX,0.03773585568759397,none
GPOX,0.8910255179514572,none
GPOX,0.15384610424909462,down
GPOX,0.25000005644379275,none
GPOX,0.07222220014642877,down
GPOX,0.056338035558996635,down
MP,0.32798674392694593,up
MP,0.37514274610963194,up
MP,-0.011469279328442994,down
MP,0.11156071620172558,none
MP,0.052033643140604324,down
MP,0.14334308910960458,none
MP,0.0,down
MP,0.5863331890311738,up
MP,0.3968368453138871,up
MP,0.24534163984334212,none
MP,0.04350460748607299,down
MP,0.12087908907188072,down
IBOC,0.3149257595071213,up
IBOC,0.05275773051271604,none
IBOC,0.0021691808746595598,none
IBOC,0.1976345718293424,up
IBOC,0.1022814654821369,none
IBOC,0.020103242379896358,down
IBOC,0.03125022524972243,down
IBOC,0.15168719287982402,none
IBOC,0.06818524081159416,down
IBOC,0.09230029328888611,none
IBOC,0.1190689553117017,none
IBOC,0.10687042754375398,up
VNO-PN,0.076499044836708,none
VNO-PN,0.017857179542816404,down
VNO-PN,0.06621246503940115,down
VNO-PN,0.04827951229733163,none
VNO-PN,0.27713540655033864,up
VNO-PN,0.021148114169438514,down
VNO-PN,0.06913081294620693,none
VNO-PN,0.01259293385389082,down
VNO-PN,0.027510914977059597,none
VNO-PN,0.03540419481145296,none
VNO-PN,0.02002606911087912,down
VNO-PN,0.035531616458982285,none
TNXP,0.2655367231638419,none
TNXP,0.23529411764705888,none
TNXP,0.051724137931034475,down
TNXP,0.30833333333333335,down
TNXP,0.0,down
TNXP,0.9910527279502468,down
TNXP,0.06666666666666665,down
TNXP,0.03921568627450989,down
TNXP,0.09782608695652173,down
TNXP,1.0382978723404257,up
TNXP,0.06315789473684208,down
TNXP,0.016949152542372836,down
KYN,0.21709288238672597,up
KYN,0.03371808110762142,none
KYN,0.02166040283545212,none
KYN,0.044517364902366685,none
KYN,0.0823063331369902,none
KYN,0.15911780162443678,up
KYN,0.037075328726452916,none
KYN,0.009615344833723727,down
KYN,0.05506620834089326,down
KYN,0.049586601192645574,none
KYN,0.037593718356569106,down
KYN,0.10401644093198792,up
GDYN,0.3672891761797523,up
GDYN,0.07525080398492334,down
GDYN,0.06117350276113109,down
GDYN,0.20201098015668673,down
GDYN,0.12209889573943356,none
GDYN,0.0030674817461688875,down
GDYN,0.02484469621445795,down
GDYN,0.1607396307082849,none
GDYN,0.4335499125976938,up
GDYN,0.17811405189675722,none
GDYN,0.41642505382500783,up
GDYN,0.17627866302533945,none
OOMA,0.25832714374476495,up
OOMA,0.04498522402659999,none
OOMA,0.05407464066706935,none
OOMA,0.3607954387118708,up
OOMA,0.139337987029148,down
OOMA,0.15240906382566122,none
OOMA,0.15231785662857678,up
OOMA,0.190272994149143,none
OOMA,0.2818261581553678,up
OOMA,0.13584040629600724,down
OOMA,0.36765885620463723,up
OOMA,0.22061478189960715,up
ETST,0.5806451457844315,down
ETST,0.8614719347754884,down
ETST,0.7264574384318498,up
ETST,0.2696295472133339,down
ETST,0.869565277249466,down
ETST,0.0018214565450329623,down
ETST,0.40580309503578027,none
ETST,1.0379148049042475,none
ETST,0.3763157995350641,down
ETST,0.5103961756220752,none
ETST,0.3818181276321433,none
ETST,0.9147287358974652,none
CBLL,0.1280180098267547,down
CBLL,0.24165635189520662,none
CBLL,0.8124065614788138,up
CBLL,0.1979256717593041,none
CBLL,0.11025640879339904,none
CBLL,0.11215748559200645,none
CBLL,0.26846096970975,none
CBLL,0.10178115463509574,none
CBLL,0.19482751731782066,none
CBLL,0.0061967408715415395,none
CBLL,0.5592823905595465,up
CBLL,0.22425953714648816,none
HLIO,0.27726515318458533,up
HLIO,0.14208274569048407,down
HLIO,0.4833184836608799,up
HLIO,0.10328205498411425,none
HLIO,0.29162491138489455,up
HLIO,0.03713751712513491,down
HLIO,0.05700385108840744,down
HLIO,0.06693701223679205,none
HLIO,0.026214135350980605,down
HLIO,0.16367631658327064,none
HLIO,0.10516207634180419,none
HLIO,0.14834861063128724,up
JCI,0.013240372383577226,down
JCI,0.0073699002783178535,down
JCI,0.009129808692426078,down
JCI,0.18490162738267402,up
JCI,0.15367302904450808,up
JCI,0.03787309724129817,down
JCI,0.036344865198215004,none
JCI,0.013037664657099546,down
JCI,0.24835251741470876,up
JCI,0.129585651669071,up
JCI,0.17591682872213377,up
JCI,0.03187147213644481,down
VRDN,0.05085861866766406,down
VRDN,0.03415559440359073,down
VRDN,0.18253488603158008,none
VRDN,0.1802800619966225,none
VRDN,0.05204626779888066,down
VRDN,0.5131414892263446,up
VRDN,0.13846146685326643,none
VRDN,0.16062733099616922,none
VRDN,0.14895887962537402,down
VRDN,0.4927573541709609,up
VRDN,0.007792895495319918,down
VRDN,0.6044272883019779,up
ALZN,0.17543857599082013,down
ALZN,0.6568627450980393,up
ALZN,0.20833333333333326,down
ALZN,6.455445050105146,up
ALZN,0.2228654808533661,down
ALZN,0.029702915242799888,none
ALZN,0.07608695652173902,down
ALZN,0.4333333144953222,up
ALZN,0.013513513513513598,down
ALZN,0.14678900866321265,none
ALZN,0.10107522162416482,down
ALZN,0.014234859126404986,down
WDH,0.49655177119481997,up
WDH,0.29661037762170306,none
WDH,0.030534314525923367,none
WDH,0.056122413801942495,down
WDH,0.01058202773237249,none
WDH,1.0869565077498398,up
WDH,0.030769195518740577,none
WDH,0.021428553024257058,down
WDH,0.09243685427895776,none
WDH,0.2966102660175727,up
WDH,-0.0061348423068171565,down
WDH,0.6126124598472227,up
CFNB,0.0,down
CFNB,0.03558158656928212,up
CFNB,0.010593220167754547,down
CFNB,-0.004237304231073047,down
CFNB,0.03386004572986834,up
CFNB,0.038374735715960506,up
CFNB,0.0,down
CFNB,0.11275170911961929,down
CFNB,0.03370786516853941,up
CFNB,0.11275170911961929,up
CFNB,0.0,down
CFNB,0.11275170911961929,up
MCN,0.07541919562462218,none
MCN,0.05797066602582235,none
MCN,0.0817609913793449,none
MCN,0.04463038230811178,none
MCN,0.06705107245669284,up
MCN,0.028260382721828625,down
MCN,0.17397487415501467,up
MCN,0.09667183649369027,none
MCN,0.0748201918103264,none
MCN,0.11333917007767313,up
MCN,0.01358914540343692,none
MCN,0.08195212526226192,none
SSTK,0.20260891471754117,down
SSTK,0.05253524697253331,none
SSTK,0.1737435344093774,none
SSTK,0.12943961892801115,none
SSTK,0.04941465767288489,none
SSTK,0.1679662807003166,none
SSTK,0.15386120999745634,down
SSTK,-5.063758068413193e-08,down
SSTK,0.021848027574959072,down
SSTK,0.08439639740412486,down
SSTK,0.04879606392078073,down
SSTK,0.026088446421989486,down
DSS,0.6567342167040209,up
DSS,0.26285400829729944,none
DSS,0.05263160784158716,down
DSS,0.10344824515020301,down
DSS,0.10571425301688064,none
DSS,0.3372092523595469,up
DSS,0.060869612089853975,down
DSS,0.12182743763321113,none
DSS,0.804761968556448,up
DSS,0.1363635912086043,none
DSS,1.3399999141693115,up
DSS,0.08888880223993056,down
GAU,0.029702942250534603,down
GAU,0.04458594325106491,down
GAU,0.25000007761021625,none
GAU,0.33333333333333326,up
GAU,0.5289255913371695,up
GAU,0.6268656809363444,up
GAU,0.09600000381469731,none
GAU,0.16279067833272776,down
GAU,0.4308300104725127,up
GAU,0.2582781378529917,none
GAU,0.22807016993493567,none
GAU,0.2029520090679997,none
VCUFF,0.14437873791219613,none
VCUFF,0.283783751129669,none
VCUFF,1.1301445886705954,up
VCUFF,0.45360817013745947,none
VCUFF,0.6116627213348875,none
VCUFF,0.18694366048514,down
VCUFF,0.06607933772149566,down
VCUFF,0.35312506186644765,none
VCUFF,0.7352709426572375,up
VCUFF,0.39941970211282896,none
VCUFF,0.08218317528037611,down
VCUFF,0.7013522019939418,none
CI,0.16445414111116774,up
CI,0.1562171005328099,up
CI,0.06498839268315115,none
CI,0.14567557154081445,up
CI,0.017168899762235013,down
CI,0.02931894900901999,down
CI,0.1248548321306695,up
CI,0.09501174652673106,none
CI,0.13671593418486117,up
CI,0.0317346362345472,none
CI,0.09075478762287759,none
CI,0.051748696817266016,down
SFBC,0.06422931170145474,down
SFBC,0.0854446175358512,none
SFBC,0.013064220267178683,down
SFBC,0.00951466161485448,down
SFBC,0.018355515546354617,up
SFBC,0.011695265970029123,none
SFBC,0.013450446731149146,none
SFBC,0.06376204190255153,down
SFBC,0.008522249165790585,down
SFBC,0.02704635488674323,none
SFBC,0.022448623946558,none
SFBC,0.0,down
OPP-PA,0.10338982031420163,up
OPP-PA,0.040833914166393814,none
OPP-PA,0.012940108715179921,down
OPP-PA,0.014778388110661567,none
OPP-PA,0.0131509956384539,none
OPP-PA,0.031380387401533705,none
OPP-PA,1.6489168808142551e-07,down
OPP-PA,0.035521816822258856,none
OPP-PA,0.016558267626123557,none
OPP-PA,0.021719794749191168,none
OPP-PA,0.0535175315938492,up
OPP-PA,0.004864901155892332,down
FSM,0.4781022542476576,up
FSM,0.3850492924516882,up
FSM,0.3937562665908594,up
FSM,0.3172588786411932,up
FSM,0.08093993445294201,down
FSM,0.18980165532737536,none
FSM,0.7212642926113946,up
FSM,0.4409721980768231,up
FSM,0.0698924700171013,down
FSM,0.08531742690341759,down
FSM,0.2264437368380623,up
FSM,0.23417721184719986,up
BMRPF,0.09708739929226518,none
BMRPF,0.052765048819742866,none
BMRPF,0.1057692484037418,up
BMRPF,0.07031857818184073,none
BMRPF,0.20054640301205962,none
BMRPF,0.12009235331152612,down
BMRPF,0.1164825773871705,none
BMRPF,0.04526754053612314,none
BMRPF,0.15079362085731307,none
BMRPF,0.3540480480988599,up
BMRPF,0.03381024686004053,none
BMRPF,0.016028164083116803,none
LKNCY,0.2949640643157976,both
LKNCY,0.24528301886792447,up
LKNCY,0.6666666455162047,up
LKNCY,0.26132777194139356,up
LKNCY,0.2943469236567926,none
LKNCY,0.08548172744406157,none
LKNCY,0.08566271220041521,down
LKNCY,0.07930364436396942,down
LKNCY,0.15868677610525284,down
LKNCY,-0.013962111758677231,down
LKNCY,0.08976837220031908,down
LKNCY,0.2930865765377928,none
COUR,0.08080001831054684,down
COUR,-0.004926116602785635,down
COUR,0.02359170728544724,down
COUR,-0.04792332385184006,down
COUR,0.07026348275049021,down
COUR,0.047619090869584824,down
COUR,0.11729190386864419,down
COUR,0.10000001467191266,down
COUR,0.54971433367048,up
COUR,0.02953586978952294,down
COUR,0.2423979067222024,up
COUR,0.026061821111128092,down
HBNC,0.01769916549855055,down
HBNC,0.2196722792159691,up
HBNC,0.12891984575114623,none
HBNC,-0.0031951866803769935,down
HBNC,0.09093915423423171,none
HBNC,0.007531128089623529,down
HBNC,0.1951361788287067,up
HBNC,0.017881014389451222,down
HBNC,0.08703704206670726,none
HBNC,0.19930303098859237,up
HBNC,0.12899846314556607,up
HBNC,0.09178524340836325,none
DKILF,0.09442621481877933,none
DKILF,0.05017583535410508,down
DKILF,0.10961969334662691,none
DKILF,0.024101093602744816,down
DKILF,0.047397134646593564,none
DKILF,0.15993243802825452,none
DKILF,0.22914806290665846,up
DKILF,0.2176480605474691,none
DKILF,0.28271494796864993,none
DKILF,0.09867362163129578,none
DKILF,0.13634302753426364,none
DKILF,0.1342533817008147,none
DOW,0.13874868618837932,none
DOW,0.05639009117010674,down
DOW,0.0009109325651688316,down
DOW,0.07415846486137267,none
DOW,0.028212497010341675,down
DOW,0.09661966046468362,up
DOW,0.0005986819235856977,down
DOW,-0.004641899108827063,down
DOW,0.14381933150152082,up
DOW,0.039948165746135356,down
DOW,0.1885488554692718,up
DOW,0.1562046693958825,up
EVEX,0.13157892810560856,none
EVEX,0.3680000305175781,up
EVEX,0.2403846242018708,none
EVEX,0.11951225837875601,none
EVEX,0.17265463704603867,none
EVEX,0.07322173415691147,down
EVEX,0.9842782615107626,up
EVEX,0.17428575243268685,none
EVEX,0.3812500238418579,up
EVEX,0.08764369686365847,down
EVEX,0.5339180397810452,down
EVEX,0.12499995343387194,none
DRSHF,0.24822692037390293,up
DRSHF,0.16279067833272776,none
DRSHF,0.06640620679900366,none
DRSHF,-0.10666664441426599,down
DRSHF,0.38012958796454765,none
DRSHF,0.2121212296358923,none
DRSHF,0.3385826485252661,down
DRSHF,0.1273486827529109,none
DRSHF,0.11248596625733454,none
DRSHF,0.08791209079119167,down
DRSHF,0.7000000687745926,up
DRSHF,0.18032780477866805,none
ARES-PB,0.04810272519549108,down
ARES-PB,0.030416492970236186,down
ARES-PB,0.09025217488980242,up
ARES-PB,0.011478276707514556,down
ARES-PB,0.15352352755293186,down
ARES-PB,0.0742626951970633,down
ARES-PB,0.07217067189862036,none
ARES-PB,0.02063461897309682,down
ARES-PB,0.06732116784847086,none
ARES-PB,0.1242727600079907,up
ARES-PB,0.012761296547551426,down
ARES-PB,0.13418170882384595,up
MNSBP,0.05685144748751858,down
MNSBP,0.04313729081541706,up
MNSBP,0.0297381582460281,none
MNSBP,0.0696582749136101,none
MNSBP,0.08571185242804291,up
MNSBP,0.021276576743680886,none
MNSBP,0.027249090661608744,down
MNSBP,0.07892602257635084,none
MNSBP,0.0729544059674434,none
MNSBP,0.0048030397308269634,both
MNSBP,0.04934241192809252,none
MNSBP,0.08892930855976222,none
DBMM,2.0892858984119953,up
DBMM,0.13333333850734763,none
DBMM,0.7391304787959618,none
DBMM,0.6499999126885128,none
DBMM,0.10236215853071773,none
DBMM,0.32142861894503105,down
DBMM,6.66666647264114,up
DBMM,0.0,down
DBMM,0.08333328482695146,down
DBMM,2.0892858984119953,up
DBMM,0.07692303559219349,down
DBMM,0.14285715473625782,down
LMRXF,0.18181814487315395,none
LMRXF,0.7179488237557836,up
LMRXF,0.3571428824849687,up
LMRXF,0.7037036669107146,up
LMRXF,0.05555550036607193,down
LMRXF,0.036144616382703276,down
LMRXF,0.32692312100935417,up
LMRXF,0.7352940222590036,up
LMRXF,0.12280700653653831,none
LMRXF,0.5128205010641722,down
LMRXF,0.31578949019519276,up
LMRXF,0.3200000524520874,up
CMI,0.17726615510110633,up
CMI,0.07383587068723774,down
CMI,0.0018609724004257089,none
CMI,0.22474806060821018,up
CMI,0.14119307564015937,up
CMI,0.038442573372498234,down
CMI,0.05104790541548798,none
CMI,0.20696774609393653,up
CMI,0.10849819433605501,up
CMI,0.07534554656468861,none
CMI,0.2519098074687953,up
CMI,0.05754371032726113,none
SELXF,0.35031835333252603,none
SELXF,0.6036586203545358,up
SELXF,0.3898594628056642,up
SELXF,0.1272727115095158,down
SELXF,0.03788274216629639,none
SELXF,0.6541648033504646,up
SELXF,0.18095244366566088,none
SELXF,0.32160809137541757,none
SELXF,0.4140624869032761,up
SELXF,0.6751592525957442,up
SELXF,0.09090909986546092,down
SELXF,0.09215016203919002,none
GENI,0.12092132626259788,none
GENI,0.13725496062587217,down
GENI,0.1602272519149075,none
GENI,0.23290602405317506,none
GENI,0.34213100260167595,up
GENI,0.12475239877408484,none
GENI,0.05445551215498057,down
GENI,0.059794890574919934,none
GENI,0.07349488531563009,none
GENI,0.05909513830391089,down
GENI,0.4553521580138966,up
GENI,0.09774435416307958,none
LIF,0.05563749941412843,down
LIF,0.19065929493917544,none
LIF,0.31733583651537334,up
LIF,0.023298577202907733,down
LIF,0.36974791262868867,up
LIF,0.09805837897583292,down
LIF,0.16823560630851286,none
LIF,0.3489655593345906,up
LIF,0.05962828455361291,down
LIF,0.20937424015350414,up
LIF,0.513912321185882,up
LIF,0.2719258210415554,up
WSBF,0.03336890318643637,down
WSBF,0.18293577337971856,up
WSBF,0.013756873184051832,down
WSBF,0.07837462756934022,down
WSBF,0.05106445473939436,none
WSBF,0.004691251980750044,down
WSBF,-7.909715127318862e-08,down
WSBF,0.004481102821731531,down
WSBF,0.16151379733661497,up
WSBF,0.1319115969966409,up
WSBF,0.13552636574150223,up
WSBF,0.1222366863206037,up
ELRE,0.3750000093132255,down
ELRE,0.641791039464946,up
ELRE,0.22222228109100883,up
ELRE,0.10000002384185791,down
ELRE,0.22222228109100883,up
ELRE,0.6176470768699183,up
ELRE,0.3750000093132255,up
ELRE,0.3750000093132255,none
ELRE,0.3750000093132255,up
ELRE,0.3750000093132255,none
ELRE,0.10000002384185791,down
CMRE-PD,0.07460019851775046,up
CMRE-PD,0.03302618751053332,none
CMRE-PD,0.04184315235350722,none
CMRE-PD,0.04603987579929103,up
CMRE-PD,0.045848827962707395,up
CMRE-PD,0.041861919514508905,none
CMRE-PD,0.035617836333922126,up
CMRE-PD,0.0531205275726796,up
CMRE-PD,0.0859993697176562,up
CMRE-PD,0.014089944444841684,none
CMRE-PD,0.006456560928732591,none
CMRE-PD,0.07249331734720355,up
CENN,0.08875739511407255,down
CENN,0.017587939698492372,none
CENN,0.1605414853058924,down
CENN,0.4028739939947872,down
CENN,0.25475282459541826,down
CENN,0.14503813594282278,down
CENN,0.18055555555555558,down
CENN,0.2702702609819889,none
CENN,0.7210036988517528,down
CENN,0.4186222558667676,up
CENN,-0.0004170820377291662,down
CENN,0.319767441860465,none
ARLO,0.13703482888390472,none
ARLO,0.2732181069585884,none
ARLO,0.08035721064729162,down
ARLO,0.24219591057470846,up
ARLO,0.03927486179886208,none
ARLO,0.6344085690713039,up
ARLO,0.03690884567569741,none
ARLO,0.3251633673742089,up
ARLO,0.12782806503799815,down
ARLO,0.21044774441072112,down
ARLO,0.5550723759323288,up
ARLO,0.17769793442370552,down
ROIV,0.9092665388166172,up
ROIV,0.11030082121180262,none
ROIV,0.079981721532145,none
ROIV,0.31337427034845766,up
ROIV,0.0754214191011735,none
ROIV,0.17391307781706122,none
ROIV,0.1104322555588948,none
ROIV,0.0025795126978493954,none
ROIV,0.03238863270421399,down
ROIV,0.06477369233232344,none
ROIV,1.1108312478714235,up
ROIV,0.46067412720381484,up
LPLA,0.015169359770848434,down
LPLA,0.20571256776080293,up
LPLA,0.015054644177342924,down
LPLA,0.09428291861445626,none
LPLA,0.04811746396591654,none
LPLA,0.0982891562894952,down
LPLA,0.05893541481629039,none
LPLA,0.09377726730215952,none
LPLA,0.12019163705718516,none
LPLA,0.03112314605333899,down
LPLA,0.1760072310640879,up
LPLA,0.059196968168738984,none
CLRO,0.3220338276992907,none
CLRO,1.6666668291516,up
CLRO,-0.009302361066951259,down
CLRO,2.4210525678401766,up
CLRO,2.7500000085095033,up
CLRO,0.0116279508084014,down
CLRO,0.10344834390066615,down
CLRO,0.13868617471580724,none
CLRO,0.0824743150994971,none
CLRO,0.976923038362282,down
CLRO,0.06666670905219174,down
CLRO,1.1370967166927528,up
LRRIF,0.3171889777633541,none
LRRIF,1.040816409280362,up
LRRIF,0.11199360808439085,none
LRRIF,0.08108108325802199,none
LRRIF,0.9765784703563631,up
LRRIF,0.6997168525977073,up
LRRIF,0.5097213626907007,up
LRRIF,0.3179545446848573,none
LRRIF,0.2119121778217632,none
LRRIF,0.0977491512430182,down
LRRIF,1.04315799842581,up
LRRIF,1.0270270814505515,up
VSME,0.5779220674668861,down
VSME,0.32142860828982456,none
VSME,0.8055555236682976,up
VSME,0.23246500550226146,down
VSME,0.4378698097967071,down
VSME,0.844410913779917,up
VSME,0.2732919653233745,none
VSME,0.1206896183181756,down
VSME,0.9306929963860466,up
VSME,-0.017699097866309854,down
VSME,0.0,down
VSME,0.2264150502037534,none
ADX,0.07944745773109485,up
ADX,0.04653412126713952,none
ADX,0.0844378309734164,up
ADX,0.13089384225170453,up
ADX,0.0968876889197825,none
ADX,0.04145963808278519,none
ADX,0.045333514674530395,none
ADX,0.06436235376001376,up
ADX,0.06688812043568171,up
ADX,0.07583239094264349,none
ADX,0.025041314801327097,none
ADX,0.0465269325469313,none
CLNE,0.05345217376159339,none
CLNE,0.1590106218428493,none
CLNE,0.13095235166816366,none
CLNE,0.4219409486444343,up
CLNE,0.08250825160415176,none
CLNE,0.1549462674450497,down
CLNE,0.1315789984023672,none
CLNE,0.02222220063700142,down
CLNE,0.20833331385469078,up
CLNE,0.20760234570414338,none
CLNE,0.07666662004258895,down
CLNE,0.37419366449521174,up
GAB-PH,7.457338813132708e-08,down
GAB-PH,0.033672410988447865,none
GAB-PH,0.0,down
GAB-PH,0.031528171498119484,none
GAB-PH,0.06683865688841917,none
GAB-PH,0.013804732889195925,none
GAB-PH,0.017977158029388596,none
GAB-PH,0.0086003592958106,none
GAB-PH,0.014269655702597417,none
GAB-PH,0.011923292263846808,none
GAB-PH,0.026694034947888357,none
GAB-PH,0.14700959198492347,up
TCRI,0.029411736347271455,down
TCRI,0.10000000000000009,none
TCRI,0.4251780772777385,none
TCRI,0.2758620434510446,down
TCRI,-0.007692323563367576,down
TCRI,0.11111108351636934,none
TCRI,0.2251655864410247,down
TCRI,1.1875000116415326,none
TCRI,0.06145247025033207,down
TCRI,5.034482932260861,up
TCRI,0.03125006402842834,none
TCRI,0.7499999441206464,none
WBTN,0.040554975355610035,down
WBTN,0.16242826612536976,none
WBTN,0.08749043489525876,down
WBTN,0.02253908814521388,down
WBTN,0.05355782549992383,down
WBTN,0.15669289771692618,none
WBTN,0.5337883889725823,up
WBTN,0.16336244850933745,none
WBTN,0.5453919788381374,up
WBTN,0.05716960190398801,down
WBTN,0.11584742407318016,none
WBTN,0.044922689753022604,down
KELYA,0.33484164755359935,up
KELYA,0.1653771051409132,up
KELYA,0.10180466117124065,up
KELYA,0.25402996873523054,up
KELYA,-8.650573957158514e-08,down
KELYA,0.004253194416840023,down
KELYA,0.14643383826158107,none
KELYA,0.017477645275434828,down
KELYA,0.047353685604342166,down
KELYA,0.024462528783821824,down
KELYA,0.07005781197206584,none
KELYA,0.026938969420950754,down
ASB,0.1863903065474226,up
ASB,0.31041797547229244,up
ASB,0.13423361308189752,up
ASB,0.11691251742376751,up
ASB,0.20530385933355233,up
ASB,0.15106889562700698,up
ASB,0.05336846425516306,none
ASB,0.10872796630193804,none
ASB,0.09771672312192958,none
ASB,0.1422681951297493,up
ASB,0.09274789223940427,none
ASB,0.020733738653281764,down
THG,0.002640903763882818,down
THG,0.10241256874082394,up
THG,0.1060054754654256,up
THG,0.12752796966646818,up
THG,0.042005107224651006,none
THG,0.06817641290522536,none
THG,0.021742006964016847,down
THG,0.0885905246875085,none
THG,0.056545807313745255,none
THG,0.08608045232467387,none
THG,0.03264338552718926,none
THG,0.07793941980322106,none
KNOP,0.23768852560446652,up
KNOP,0.6408422517090033,up
KNOP,0.07079127348943803,down
KNOP,0.17700730006703913,up
KNOP,0.1100725650450074,down
KNOP,-0.3333332668477368,down
KNOP,0.12280699061328337,none
KNOP,0.06194709864336789,down
KNOP,0.04639163889291886,down
KNOP,0.16385911726133529,up
KNOP,0.17021557126113085,none
KNOP,0.05068166736656643,none
BNH,0.041687649125550674,up
BNH,0.06137646513825423,none
BNH,0.01845317356457321,down
BNH,0.017254526613016408,down
BNH,0.06488261793376915,none
BNH,0.12163027691933337,none
BNH,0.005995240653194456,down
BNH,0.026288744484719073,down
BNH,0.027190276861042362,down
BNH,0.03841396556209653,none
BNH,0.0111588925130639,none
BNH,0.033772934073146965,down
ESEA,0.29978816880168324,up
ESEA,0.41470703994395186,none
ESEA,0.14764397868303725,none
ESEA,0.1791555411720147,none
ESEA,0.262354768610376,up
ESEA,0.02373972179005701,none
ESEA,0.09415276415251572,none
ESEA,0.05698585806671952,down
ESEA,0.08273127329570373,down
ESEA,0.14614960096011154,none
ESEA,0.05067271621764724,down
ESEA,0.07634412425144776,down
EQH-PC,0.03436433848099529,down
EQH-PC,0.050133549233676744,none
EQH-PC,0.027263125616172168,down
EQH-PC,0.06399522662669277,none
EQH-PC,0.01304871037743216,none
EQH-PC,0.016662443541133776,down
EQH-PC,0.06641304744199106,up
EQH-PC,0.10637077462559841,up
EQH-PC,0.04653507061047857,none
EQH-PC,0.080329035045406,none
EQH-PC,0.01830537483386374,down
EQH-PC,0.06666673159535264,none
EPR-PC,0.17472136312083042,up
EPR-PC,0.07470337549962736,up
EPR-PC,0.04268338406483907,none
EPR-PC,0.006443961711952717,down
EPR-PC,0.05871418082359914,up
EPR-PC,0.0035200170895128835,down
EPR-PC,0.10874777763878929,up
EPR-PC,0.016694687788896934,none
EPR-PC,0.020120184072705882,none
EPR-PC,0.050251201450098426,none
EPR-PC,0.043746112431050754,none
EPR-PC,0.009962231397655952,down
FFIV,0.05002218730340635,none
FFIV,0.026718725583193992,none
FFIV,0.15826148964734044,up
FFIV,0.12553652988015762,up
FFIV,0.18200687844779417,up
FFIV,0.14024741758920123,up
FFIV,0.12324074443730115,none
FFIV,0.07815527023380575,none
FFIV,0.08246750998292174,down
FFIV,0.13286101786009374,up
FFIV,0.06448493024949054,none
FFIV,0.12121005229502924,up
UBSI,0.2496335103691909,up
UBSI,0.03588386042078828,none
UBSI,0.05521474969775286,none
UBSI,0.2773511085141236,up
UBSI,0.14407905403189636,none
UBSI,0.1399135207107014,none
UBSI,0.002237459356338567,down
UBSI,0.05754864076319488,none
UBSI,0.19985609426284712,up
UBSI,0.033643377255416995,none
UBSI,0.005603752694817388,down
UBSI,0.11002454914230064,up
ASTH,0.39888700877660765,down
ASTH,0.21987777020672494,down
ASTH,0.09159348033758641,down
ASTH,0.4198675668454128,up
ASTH,0.4742838660986093,up
ASTH,0.10659148070913926,down
ASTH,0.08341681563651693,none
ASTH,0.04504504607707638,down
ASTH,0.1832898328355801,none
ASTH,0.4006969133183116,up
ASTH,0.42933332655164924,up
ASTH,0.4676113190329163,up
SXC,0.3243242088794491,up
SXC,0.16088049484100497,up
SXC,0.33210273297961335,down
SXC,0.07389160256600857,down
SXC,0.0600181658861374,none
SXC,0.07390075957760933,down
SXC,0.08352663235657509,none
SXC,0.05651671349336396,down
SXC,0.0779364265575806,down
SXC,0.1900254016947267,up
SXC,0.08826822322756955,down
SXC,0.024999760403754845,down
IMCC,0.027960525778322642,down
IMCC,0.3224637877295975,down
IMCC,0.4647887229351879,down
IMCC,0.31527087795036124,none
IMCC,0.0849056864062061,down
IMCC,0.3419688238438734,down
IMCC,3.078550160491363,up
IMCC,1.4468663094155976,up
IMCC,0.23809523133734167,down
IMCC,3.231975045024239,up
IMCC,0.06879606423828588,down
IMCC,0.03148754490259864,down
FATAQ,0.5306949080258694,up
FATAQ,0.11204839927072419,none
FATAQ,0.2484208708879716,none
FATAQ,0.21443728061944833,up
FATAQ,0.07414445808275216,down
FATAQ,0.21118014307928257,down
FATAQ,0.01890543012398216,down
FATAQ,0.1322159972426895,down
FATAQ,0.07462689183115323,none
FATAQ,0.30834514316389994,up
FATAQ,0.5753424463661634,up
FATAQ,0.2966100810822614,up
WTM,0.11146135854274086,up
WTM,0.0569349660009566,none
WTM,0.19581334398094308,up
WTM,0.0937061851723513,up
WTM,0.01595795479166351,none
WTM,0.0948998341119145,up
WTM,0.16422236556017777,up
WTM,0.07485215255664168,none
WTM,0.08930804148434857,up
WTM,0.22687831422847982,up
WTM,0.12200022858212423,up
WTM,0.1278240989280568,up
IDN,0.10125146156828113,down
IDN,0.03255810704084405,down
IDN,0.19502075181388556,none
IDN,0.5458714597986369,up
IDN,0.045161325551965836,down
IDN,0.1564356301020393,down
IDN,0.2366547955140652,down
IDN,0.07782103224857195,down
IDN,0.08000001907348642,none
IDN,0.11235957915637584,none
IDN,0.23076932481995582,none
IDN,0.5384615008412508,up
PSKY,0.016361181525279322,down
PSKY,0.04963727495402348,down
PSKY,0.274275726457315,up
PSKY,0.07436656561430977,down
PSKY,0.18239865577618897,none
PSKY,0.13695643424859205,down
PSKY,0.07841317398595238,none
PSKY,0.07552108362325605,down
PSKY,0.04562046584406643,none
PSKY,0.04600993984170021,down
PSKY,0.2926222063893973,up
PSKY,0.906623146888178,up
LSE,0.040160604116292076,down
LSE,0.22141556071028146,none
LSE,0.28190476553780686,up
LSE,0.7866506743409218,down
LSE,0.06463871881294758,down
LSE,0.2674199795849037,up
LSE,0.06870231855708342,down
LSE,0.05169339660449457,none
LSE,1.69604315204802,up
LSE,0.7625232347536623,up
LSE,0.8628570919945127,up
LSE,1.8331128490899133,up
SHW,0.010804284835714606,down
SHW,0.13104882766661108,up
SHW,0.14766895907578803,up
SHW,0.11007358213621221,up
SHW,0.07481912584214556,up
SHW,0.05109112457318643,none
SHW,0.09212083008967431,down
SHW,0.10670125173817291,none
SHW,0.08860640013315324,up
SHW,0.17309128055473488,down
SHW,0.07660906506606224,none
SHW,0.09985316916233367,up
YARIY,0.071908566581528,none
YARIY,0.049396452605764196,none
YARIY,0.06382986369055121,none
YARIY,0.025106837146794625,down
YARIY,0.16009108982901887,up
YARIY,0.025364223869579705,none
YARIY,0.026499315575290616,down
YARIY,0.09066960099202559,up
YARIY,0.018037233745962444,down
YARIY,0.06520197475340495,down
YARIY,0.04692616026009766,down
YARIY,0.054894182853840734,down
R,0.21652430109776977,up
R,0.09999078061539413,up
R,0.15201537543341725,down
R,0.1724378462834506,up
R,0.06774518941130925,none
R,0.1629573280394856,up
R,0.19569575872526568,up
R,0.0442678102358971,down
R,0.12713337145698067,down
R,0.25632371548416266,up
R,0.025040024358336854,down
R,0.06782496615349887,none
ABT,0.06850548939472367,none
ABT,0.08922604781865551,up
ABT,0.06421411594758464,none
ABT,0.08167393207009943,none
ABT,0.1601735412190708,up
ABT,0.06183961507802027,down
ABT,0.05373889841914159,down
ABT,0.1228559180374944,up
ABT,0.0005363174737762488,down
ABT,0.14556521682068868,up
ABT,0.08265595542930515,up
ABT,0.07956908266217555,up
STC,0.0490575094237915,none
STC,0.26687026793833146,up
STC,0.07407929288852788,down
STC,0.006855550738481986,down
STC,0.009890035984700507,none
STC,0.05161147960532997,none
STC,0.03940467787944835,none
STC,0.16649353739675488,up
STC,0.01976952293657641,down
STC,0.16787994562502284,up
STC,0.27021098733328386,up
STC,0.12936252799715064,none
MEC,0.07988979413508712,down
MEC,0.10858057391597575,none
MEC,0.20478727609049652,up
MEC,0.3301282844835043,none
MEC,0.05058370186681427,down
MEC,0.016191710284605643,down
MEC,0.07730150504958178,down
MEC,0.1766233704038782,none
MEC,0.08497543642638972,down
MEC,0.026653317349998318,down
MEC,0.3219985731284887,down
MEC,0.22270208601119146,none
SMX,0.1607142323774433,down
SMX,0.21301783373019134,down
SMX,1.4836602104400938,up
SMX,0.014778285786347878,up
SMX,0.008791286043755786,down
SMX,351.5179829924533,up
SMX,0.1333332562648888,down
SMX,0.0,down
SMX,0.04049771352061571,down
SMX,32.029627320307945,down
SMX,0.04166667462436635,down
SMX,0.12359551059545448,down
VNO-PL,0.11363649522440222,up
VNO-PL,0.10084598265677647,none
VNO-PL,0.09242406892859267,up
VNO-PL,0.16945884737489858,up
VNO-PL,0.025582751759820166,none
VNO-PL,0.07428584356926282,none
VNO-PL,0.04160342623826807,none
VNO-PL,0.05814346192847086,none
VNO-PL,0.045192423413807914,down
VNO-PL,0.06738722175606249,up
VNO-PL,0.09302313344122659,none
VNO-PL,0.04775295687742043,down
UNVGY,0.0547504282722584,down
UNVGY,0.015503914311937983,down
UNVGY,0.06978422324013045,up
UNVGY,0.09457300328812179,up
UNVGY,0.028273859976098104,down
UNVGY,0.19425958418252942,up
UNVGY,0.033620023343021055,down
UNVGY,0.06342098147936825,down
UNVGY,0.24005160515449853,up
UNVGY,0.08781129617508165,up
UNVGY,0.04299364344272738,down
UNVGY,0.03929120925817875,none
SLMBP,0.08956362992215872,up
SLMBP,0.13658139650877876,up
SLMBP,0.18667043052073828,up
SLMBP,0.03554344882420568,none
SLMBP,0.07546909169810001,up
SLMBP,0.02704172262061877,down
SLMBP,0.11029379876533785,up
SLMBP,0.011388307172075285,none
SLMBP,0.0742126876776954,none
SLMBP,0.06307213102120901,up
SLMBP,-1.4482554899775124e-07,down
SLMBP,0.024788123736926737,none
HUIZ,0.1467890309601192,none
HUIZ,0.06930690919075744,down
HUIZ,0.19685039665718373,none
HUIZ,0.0964912647612477,down
HUIZ,0.0,down
HUIZ,0.08181819870733786,none
HUIZ,0.666666625911355,down
HUIZ,0.48235288837789403,none
HUIZ,0.2182740644939416,down
HUIZ,0.22352936688591463,down
HUIZ,0.1890606636666181,down
HUIZ,0.031999969482421786,none
RDACU,0.027640644600984254,down
RDACU,0.028656123036804315,down
RDACU,0.025870669049492312,up
RDACU,0.0,down
RDACU,0.026627169126986372,up
RDACU,-0.05743245746725367,down
RDACU,0.026627169126986372,up
RDACU,0.025870669049492312,up
RDACU,0.023833240522920462,up
RDACU,0.02561578705945644,up
RDACU,0.026627169126986372,down
RDACU,0.0,down
TRLV,0.05033565817238661,down
TRLV,0.222736276276863,none
TRLV,0.06951870411034355,down
TRLV,0.28880004882812504,down
TRLV,0.14100422146536573,down
TRLV,0.47058823529411775,up
TRLV,0.23476842332540104,down
TRLV,0.08750004576785297,none
TRLV,1.2025783455330763,up
TRLV,0.028571459711814517,down
TRLV,0.2860310856391952,none
TRLV,1.171837684176929,up
TXN,0.20372318772172626,up
TXN,0.07891724290356517,none
TXN,0.19958316675804832,up
TXN,0.10130971200031347,none
TXN,0.00924157019388594,down
TXN,0.06859816402699392,none
TXN,0.09980136442759968,up
TXN,0.08565065604469213,none
TXN,0.2517665801994189,up
TXN,0.17727657406232789,up
TXN,0.037466523419642295,down
TXN,0.05187262931477088,down
VGI,0.023437596277916528,down
VGI,0.010126723753629774,down
VGI,0.03191489865671948,down
VGI,0.0008892031686908997,down
VGI,0.06658251364198531,none
VGI,0.010476191026056014,down
VGI,0.03827535315388264,up
VGI,0.0068551240187140206,down
VGI,0.017683645777271773,none
VGI,0.054967003701054784,up
VGI,0.15199055506532777,up
VGI,0.04761903602343032,none
AOMR,0.19393290060070334,down
AOMR,0.007797008871809119,down
AOMR,0.0479249892770377,down
AOMR,0.13924398836766194,none
AOMR,0.09717866059359381,none
AOMR,0.3918981302945277,up
AOMR,0.08671806877405097,none
AOMR,0.09677428598690163,none
AOMR,0.001088223784556197,down
AOMR,0.053740875626831386,none
AOMR,0.049151559104035014,down
AOMR,0.1012763997303403,none
TAOX,-0.007608695652173925,down
TAOX,0.03932587279618516,none
TAOX,0.12012012012012008,down
TAOX,0.3653846153846154,up
TAOX,1.021505376344086,up
TAOX,0.2681992627658767,down
TAOX,1.4010438979518716,up
TAOX,0.009514194751075511,down
TAOX,3.7420962606069734,up
TAOX,0.16039279869067102,down
TAOX,0.497409365853003,none
TAOX,0.1541425250631212,down
MG,0.08181814713911573,down
MG,0.20944303805068043,up
MG,0.24886181360776005,up
MG,0.090637435345583,down
MG,0.3914657116476281,up
MG,0.04024763939773246,down
MG,0.04013374086165111,none
MG,0.0993723606241459,none
MG,0.14475871088626335,none
MG,0.2123786466759241,up
MG,0.041558526808466834,down
MG,0.08781366570877647,none
APO,0.36230697323862104,up
APO,0.05199350269437275,none
APO,0.1709022134913214,none
APO,0.09701574467610086,down
APO,0.11011699267349884,none
APO,0.018339573025608846,down
APO,0.06552866295027271,down
APO,0.049290641734100804,down
APO,0.1790593022022875,up
APO,0.11653331273765244,up
APO,0.08658348840723407,down
APO,0.23282936287920175,up
CEV,0.06168472294139282,up
CEV,0.011293595986472837,none
CEV,0.03105022981124317,none
CEV,0.08302965412920993,up
CEV,0.08300371759341063,up
CEV,0.016374436918300095,none
CEV,0.0668674663362725,up
CEV,0.01452243176924517,none
CEV,0.045945121922577714,none
CEV,0.004528921962945409,down
CEV,0.0841570224907413,up
CEV,0.02035760691325783,none
CURR,0.06071431399608196,down
CURR,0.09444448933189409,none
CURR,1.2875000195577737,up
CURR,0.22613067614430427,none
CURR,3.169611374897359,down
CURR,0.024566484742727157,down
CURR,3.022727251176007,down
CURR,0.0903226511039319,down
CURR,1.4563758808086327,up
CURR,1.9808915108182426,up
CURR,0.30681816180629173,none
CURR,0.029197052345843133,down
MTB-PJ,0.05047301813151628,up
MTB-PJ,0.024774894275527926,none
MTB-PJ,0.022256727128005416,none
MTB-PJ,0.016189760209110116,down
MTB-PJ,0.010199132362102237,none
MTB-PJ,0.015062990194819159,down
MTB-PJ,0.0802672876057644,up
MTB-PJ,0.084921963401136,up
MTB-PJ,0.03324674909773373,none
MTB-PJ,0.09434529180503715,up
MTB-PJ,0.029395359656748,none
MTB-PJ,0.031723350277649276,none
PLNT,0.10146062422563862,down
PLNT,0.08316099892700146,down
PLNT,0.08127487939003908,down
PLNT,0.17271317587456037,up
PLNT,0.1472115399481415,up
PLNT,0.13742499627946114,none
PLNT,0.09982704849019641,none
PLNT,0.24862552050694608,up
PLNT,0.20801755961910406,up
PLNT,0.17790712373993944,none
PLNT,0.07827664388917377,none
PLNT,0.172342968376336,up
HTD,0.007996552971863746,down
HTD,0.06641016144015288,none
HTD,0.016228575800808498,down
HTD,0.011477372831298238,none
HTD,0.10639113273512191,up
HTD,0.03924717124925281,none
HTD,0.016942168026863325,down
HTD,0.005239303308507637,down
HTD,0.027232287512881648,none
HTD,0.11861051066706008,up
HTD,0.08114622204780009,up
HTD,0.0652165824097064,none
ABCP,0.6000000238418579,up
ABCP,0.045454541056327846,none
ABCP,0.17241383917124886,up
ABCP,0.2727272234672369,up
ABCP,0.22285717253782367,both
ABCP,1.5000000931322597,up
ABCP,0.1285714757077545,none
ABCP,0.029411736347271455,down
ABCP,0.333333300219643,down
ABCP,0.6249999767169352,down
ABCP,0.0,down
ABCP,0.22285717253782367,up
WFC-PA,0.005332279266063056,down
WFC-PA,0.004145067734470986,down
WFC-PA,0.01141557650555125,down
WFC-PA,0.1592224342132098,up
WFC-PA,0.1346961027886231,up
WFC-PA,0.02218583896895554,none
WFC-PA,0.05764559345833975,up
WFC-PA,0.07529230771780115,up
WFC-PA,0.0979294414578733,up
WFC-PA,0.01887801215656304,none
WFC-PA,0.07745329454404404,up
WFC-PA,0.07803721926988705,up
DBL,0.026315908514837894,none
DBL,0.022020714444902723,none
DBL,0.020625221712516684,none
DBL,0.023929808516441664,none
DBL,0.01892750665839582,down
DBL,0.03936118119205134,up
DBL,0.021386911558845423,down
DBL,0.06667590870406159,none
DBL,0.021753455314516223,down
DBL,0.017716249900227687,none
DBL,0.01783876770963655,down
DBL,0.061322698921303154,none
MHLA,0.1453989252298642,up
MHLA,-0.014545353352773738,down
MHLA,0.07263800821944044,down
MHLA,0.03712557623216517,none
MHLA,0.20541613624118238,up
MHLA,0.05624143385947211,none
MHLA,0.012574532526014037,none
MHLA,0.10396374068041059,none
MHLA,0.000555926565358078,down
MHLA,0.195937087433651,up
MHLA,0.03533326545317905,none
MHLA,0.1489449356957162,up
AVR,0.41509434528108646,up
AVR,0.2841163401647637,down
AVR,0.5668448756963755,up
AVR,0.12959715694823548,down
AVR,0.12077294240857772,down
AVR,0.7602428092379347,up
AVR,0.3493722858066035,down
AVR,0.076066852394302,none
AVR,0.07191319104995397,down
AVR,0.4793577091168746,up
AVR,1.3481781876732577,up
AVR,0.4177419729461047,up
DOMO,0.18972463023024533,down
DOMO,0.18455367722916516,down
DOMO,0.11825328037305427,down
DOMO,0.09431677022931084,down
DOMO,0.026169334335293115,down
DOMO,0.058876795875458354,none
DOMO,0.3047954385930842,up
DOMO,0.31722060691431175,up
DOMO,0.13527782567836666,down
DOMO,0.02484469719556559,down
DOMO,0.22850208452570175,down
DOMO,0.0808457240813798,none
QWTR,0.062437543178443855,up
QWTR,0.6000000238418579,up
QWTR,0.031518625865236016,down
QWTR,0.0021629783157475213,down
QWTR,0.7672727149577179,down
QWTR,0.0,down
QWTR,2.2400000322858498,up
QWTR,0.15000002793967782,none
QWTR,0.5333332339922627,down
QWTR,1.5909091063028526,down
QWTR,0.5384616178168378,down
QWTR,0.33333333333333326,down
SIGY,-0.012345725525951368,down
SIGY,0.0,down
SIGY,0.0,down
SIGY,0.0,down
SIGY,0.302325579246272,down
SIGY,-0.0782609002125968,down
SIGY,0.14379081164953655,up
SIGY,0.11999996503194166,down
SIGY,0.14379081164953655,up
SIGY,-0.06666667108182567,down
SIGY,0.302325579246272,up
SIGY,0.0,down
EFC-PD,0.2272962627263917,down
EFC-PD,0.03504584425788182,both
EFC-PD,0.008831444743468087,down
EFC-PD,0.14299875672672724,up
EFC-PD,0.008831444743468087,down
EFC-PD,0.0016353772987101056,down
EFC-PD,0.09477993167105092,up
EFC-PD,0.01499366238354849,down
EFC-PD,0.019985921227254844,down
EFC-PD,0.1613900903820369,up
EFC-PD,0.008831444743468087,down
EFC-PD,0.04504132936942851,down
VVR,0.04631454207854602,none
VVR,0.09801546898259805,up
VVR,0.04882308435955185,up
VVR,0.042821215315233196,down
VVR,0.017479035376954055,none
VVR,0.0027703034372299484,down
VVR,0.07428180202719625,up
VVR,0.043871558601979777,none
VVR,0.07949083571739757,none
VVR,0.0551356326237904,none
VVR,0.029681590542083525,none
VVR,0.08612516137107806,up
AROC,0.16920929937094242,up
AROC,0.054018684319138366,down
AROC,0.02771363403208582,none
AROC,0.020950751428449488,down
AROC,0.08653846353196548,none
AROC,0.34220271404179936,up
AROC,0.1941964273190313,up
AROC,0.26021781365265784,up
AROC,0.29239431432601126,up
AROC,0.25289916537142787,up
AROC,0.1499238831697558,none
AROC,0.09563821051924459,none
LSRCF,0.17702765343282167,down
LSRCF,0.25223848021483963,up
LSRCF,0.08221775990777647,down
LSRCF,0.22609846377000742,down
LSRCF,0.06463834730025475,up
LSRCF,0.02722506610668085,down
LSRCF,0.0,down
LSRCF,0.14641715346958284,up
LSRCF,0.020717549848671135,down
LSRCF,0.5173287758206335,up
LSRCF,-0.001131785803417884,down
LSRCF,0.16296553056181784,up
ASFH,0.05384619616898001,down
ASFH,1.2459015944926093,up
ASFH,-0.08666666348775232,down
ASFH,0.21428576902467467,up
ASFH,0.36318409081446745,down
ASFH,0.35643566109341585,none
ASFH,0.14166662527455398,none
ASFH,0.14166662527455398,none
ASFH,0.14166662527455398,none
ASFH,0.35643566109341585,none
ASFH,0.03404028426317751,none
ASFH,0.268518472527282,none
MRAM,0.023417713993196587,down
MRAM,0.17808218059586345,none
MRAM,0.028520471230697897,down
MRAM,1.2187901947796949,up
MRAM,0.13833332061767578,none
MRAM,0.5709516205299501,up
MRAM,0.11601308029797641,none
MRAM,0.23630501719737973,none
MRAM,-0.015317323639383873,down
MRAM,0.11275170122061362,down
MRAM,0.035031838750885,none
MRAM,0.7958015760378763,up
AMSF,0.01102808399576638,down
AMSF,0.07478118787360333,none
AMSF,0.1271417324263131,up
AMSF,0.1049221107235847,none
AMSF,0.10067607015620395,up
AMSF,0.014473404849771221,down
AMSF,0.09780072388813399,none
AMSF,0.02033342977442154,down
AMSF,0.08599666561421127,up
AMSF,0.04722005869231971,down
AMSF,0.10860215735430034,up
AMSF,0.055411115257397725,none
PSA,0.05149398849351172,none
PSA,0.05630749515158118,down
PSA,0.02641963720009355,down
PSA,0.14593133945613834,up
PSA,0.03992902376697294,none
PSA,0.01469344221834512,down
PSA,0.14399238744145948,up
PSA,0.11059937454540836,up
PSA,0.009331033339307737,down
PSA,0.1275177010388937,up
PSA,0.19462519313063953,up
PSA,0.13285993492543424,up
WILC,0.12658727495378974,none
WILC,0.2948531080648755,up
WILC,0.2608162932586169,up
WILC,0.1292560638130431,up
WILC,0.06172247065004166,down
WILC,-0.021808675783041687,down
WILC,0.08271721242476748,none
WILC,0.11191713112463475,none
WILC,0.1587486184094924,none
WILC,0.07846233991682183,down
WILC,0.03396240113941018,down
WILC,0.40488737191965396,up
MPU,1.0761906340549392,up
MPU,0.12947363602487671,down
MPU,0.11111107238164819,none
MPU,1.5106381926400565,up
MPU,2.417910305687306,up
MPU,0.1176470134497527,none
MPU,0.16772150537788555,none
MPU,0.18181824515251677,none
MPU,0.09829061004693895,down
MPU,0.2612612235276177,down
MPU,0.060606000399351156,down
MPU,0.6041666627861559,down
MEDP,0.01860589505898913,down
MEDP,0.18197926181228574,up
MEDP,0.06203523152348667,none
MEDP,0.06501679920992509,down
MEDP,0.027214492103807553,down
MEDP,0.012493752980530015,down
MEDP,0.07093248325055357,none
MEDP,0.198256234866804,none
MEDP,0.14700044398023215,none
MEDP,0.22194940918388517,up
MEDP,0.2342418405496407,up
MEDP,0.10040764856874462,down
AAMI,0.24364491277214406,up
AAMI,0.21219101483348735,up
AAMI,0.05065576729417831,none
AAMI,0.015097826386575308,down
AAMI,0.022639141404397822,none
AAMI,0.20412376612326266,up
AAMI,0.06492976121844407,down
AAMI,0.14594903570299222,none
AAMI,0.2572607557791826,up
AAMI,0.30285086545589457,up
AAMI,0.20844586443394308,up
AAMI,0.023309261618260857,down
GRC,0.16864093400060876,up
GRC,0.17030858491532785,up
GRC,0.18056377367178778,up
GRC,0.1760203188854057,up
GRC,0.09277964305554876,none
GRC,0.09364135420847508,none
GRC,0.14630846249239648,up
GRC,0.027552013479833493,down
GRC,0.13884735915921032,up
GRC,0.0959940846573295,none
GRC,0.05569715790591134,none
GRC,0.08077994760182161,down
ALK,0.25202698743572793,none
ALK,0.08348950590737081,none
ALK,0.0011031692216278977,down
ALK,0.4824330430176216,up
ALK,0.20365342734696412,up
ALK,0.2150730572442301,up
ALK,0.02239495874138009,down
ALK,0.027908768457852506,down
ALK,0.17790089207851145,up
ALK,0.2246935406857018,up
ALK,0.4432133585446374,up
ALK,0.21746991961789286,up
LULU,0.28422825831929943,up
LULU,0.04290817090184196,none
LULU,0.10225236500311885,none
LULU,0.16884169844164454,down
LULU,0.36083342797715456,up
LULU,0.14530483191966437,up
LULU,0.02269306715031183,down
LULU,0.24154181694503918,up
LULU,0.2047233255095322,up
LULU,0.11270823576123257,none
LULU,0.054482337069973186,none
LULU,0.007435187742022453,down
BBBXF,0.057142888769811995,down
BBBXF,0.04166668994973155,down
BBBXF,0.1866666475931804,none
BBBXF,1.2916667675599478,up
BBBXF,0.40845074679165405,none
BBBXF,0.07981212616976219,none
BBBXF,0.028571486959652947,down
BBBXF,0.1403508496746788,none
BBBXF,0.2394366504606389,none
BBBXF,0.2761905659353423,none
BBBXF,0.11999998092651376,down
BBBXF,0.12173912051945401,none
BA-PA,0.09896548648274028,none
BA-PA,0.13701263968846455,up
BA-PA,0.26147227567529496,up
BA-PA,0.1141409766678736,none
BA-PA,0.1279069636761827,up
BA-PA,0.048973307159777546,none
BA-PA,0.046597371638891216,none
BA-PA,0.13031281873714606,up
BA-PA,0.049701510094050994,none
BA-PA,0.054948783420616154,down
BA-PA,0.22187522806606808,up
BA-PA,0.02729981153446004,down
THURF,1.1897810983497616,up
THURF,1.0249999757856134,up
THURF,1.1093749878734043,up
THURF,0.0,down
THURF,0.18918916741977942,up
THURF,0.07692308459025554,up
THURF,0.10799993642171479,up
THURF,1.256267432594659,up
THURF,0.0,down
THURF,0.4742015137822193,up
THURF,0.0,down
THURF,0.015228431515425411,down
CION,0.048278800465232585,down
CION,0.15790375573313842,up
CION,0.033134815809495066,none
CION,0.12071963653467521,up
CION,0.08973098307935712,up
CION,0.027800158501231298,down
CION,0.14016168239981464,up
CION,0.1686577468842856,up
CION,0.04500789045167908,none
CION,0.036790787343645714,down
CION,0.010433368389817677,down
CION,0.12554836338377706,up
MLCO,0.11551934189570434,down
MLCO,0.05248624921899259,down
MLCO,0.15597921981672425,down
MLCO,0.22920354945759147,up
MLCO,0.24373112200784686,up
MLCO,0.031249919285380123,down
MLCO,0.29539299070064184,up
MLCO,0.8315789669929021,down
MLCO,0.037196028239675494,down
MLCO,0.038716856520647935,down
MLCO,0.0007663010525422731,down
MLCO,0.07627765264590791,none
ASML,0.06979116723553136,down
ASML,0.17796160608095013,up
ASML,0.10891825451120063,down
ASML,0.07809804275116661,none
ASML,0.13928355211891597,down
ASML,0.26824462151476847,down
ASML,0.052204625031375906,down
ASML,0.1855966779365057,up
ASML,0.07328016007285987,down
ASML,0.007233966291653182,down
ASML,0.05712433497606928,none
ASML,-0.08256973932814693,down
INGN,0.014867259337838723,down
INGN,0.210424746855153,down
INGN,0.24570619040217756,up
INGN,0.021153753043635648,down
INGN,0.17751471164849186,down
INGN,0.17691151646796777,up
INGN,0.17257683588223283,none
INGN,0.014566962393317118,down
INGN,0.3105497280575731,up
INGN,0.03258211271430578,down
INGN,0.057989664432004595,none
INGN,0.15726675698185444,none
ARBK,0.37351779097580295,down
ARBK,0.6992664437010723,up
ARBK,-0.039787828031545014,down
ARBK,0.7289156267602122,up
ARBK,0.06082799899642599,down
ARBK,2.3928571180781897,up
ARBK,0.38446217494156376,none
ARBK,0.05974389215868836,down
ARBK,0.09927360310961286,down
ARBK,0.13267002289427587,down
ARBK,0.04054458666525318,down
ARBK,1.3544974407215618,up
KMPR,0.0034863748021283225,down
KMPR,0.08816027642897906,none
KMPR,0.1374727051700586,up
KMPR,0.3734381877241997,up
KMPR,0.14450244502917764,up
KMPR,0.06496520194274646,none
KMPR,0.009500972738901936,down
KMPR,0.04694436057713269,down
KMPR,0.3298783551359792,up
KMPR,0.017801022592218718,down
KMPR,-0.00015347233286755468,down
KMPR,0.045287138017366724,none
SCM,0.0157821118411805,down
SCM,0.019880556998664645,down
SCM,0.06677382086682515,down
SCM,0.12131054091356819,none
SCM,0.03405032233447369,none
SCM,0.17338269425630481,up
SCM,0.05776754871612089,none
SCM,0.18316717753374112,up
SCM,0.07546361388504286,up
SCM,0.1075777418840369,up
SCM,0.07952903339917827,down
SCM,0.04508701865980491,none
RICK,0.1596937823654807,up
RICK,0.07674673844313618,down
RICK,0.010907554172019829,down
RICK,0.0014034114894156957,down
RICK,0.2044640623987397,up
RICK,0.060700081355139046,down
RICK,0.18090455874488254,up
RICK,0.09338283872128028,down
RICK,0.018903706140857235,down
RICK,0.052385483064092186,none
RICK,0.04319691816720783,down
RICK,0.0654930795006512,none
MFM,0.047801396857294565,none
MFM,0.03229710150922771,none
MFM,0.020754675525907818,down
MFM,0.015015072636763493,down
MFM,0.059868488264254394,none
MFM,0.02091251074707512,none
MFM,0.03533374674994061,none
MFM,0.0671251437427256,up
MFM,0.03947381679147721,none
MFM,0.048607158989934396,up
MFM,0.0463060236672288,up
MFM,0.01220376756074204,down
DBVT,0.7540453808559444,up
DBVT,0.15600215688754582,none
DBVT,0.8939394517135131,up
DBVT,0.09411762478442398,down
DBVT,0.017857197342682873,down
DBVT,0.3363636334080342,none
DBVT,0.16666670116009685,down
DBVT,0.05384619616898001,down
DBVT,0.06357760447898086,down
DBVT,0.9953050571152384,up
DBVT,0.4704684347387631,up
DBVT,0.5521191055070458,up
UAN,0.22727810150417804,none
UAN,0.28537335990202406,up
UAN,0.2405586314913173,up
UAN,0.010045584911206884,down
UAN,0.14056967767402773,none
UAN,0.07985907223937727,none
UAN,0.3339355225156022,up
UAN,0.28619703719054845,up
UAN,0.26797323057140576,none
UAN,0.5754232891452224,up
UAN,0.11948290718963772,down
UAN,0.0024981384100881687,down
TR,0.16681127749155222,up
TR,0.13497305681952176,up
TR,0.04740912192095714,none
TR,0.027210041470528745,none
TR,0.04880741630635144,none
TR,0.12909453076938338,up
TR,0.027855861465867493,none
TR,0.11391044609814238,none
TR,0.14508958820791173,up
TR,-0.0010172626859030753,down
TR,0.3337155405717027,up
TR,0.054433189958854156,none
AGMRF,0.4800000508626303,up
AGMRF,0.42258635196952343,none
AGMRF,0.3783790256566779,down
AGMRF,1.7096773780057966,up
AGMRF,0.25899314767297543,none
AGMRF,0.04197422087245384,down
AGMRF,0.14834354572596564,down
AGMRF,0.09767450063805416,none
AGMRF,0.24493391188642666,none
AGMRF,0.6466460227441158,up
AGMRF,0.8672881309871732,up
AGMRF,0.2570734055574255,down
FSEA,0.022835422643668224,none
FSEA,0.053811695246390956,none
FSEA,0.1255411069541188,up
FSEA,0.038227590932554234,down
FSEA,0.06390131053239179,up
FSEA,0.09132947938641145,up
FSEA,0.06431159788045893,none
FSEA,0.06748236255542572,none
FSEA,0.1675191705911725,up
FSEA,0.14499998092651367,up
FSEA,0.022835422643668224,none
FSEA,0.07885709490094861,up
VEEA,0.01011116525015332,up
VEEA,0.13285711833408897,down
VEEA,0.010152225778948587,up
VEEA,0.010119563738301585,up
VEEA,0.11549300844767418,up
VEEA,0.810731655213891,up
VEEA,0.015482703404495757,up
VEEA,0.25333330366346574,up
VEEA,0.03355085048554729,up
VEEA,0.058581775469182196,up
VEEA,0.013602037913093445,up
VEEA,0.7449663677793774,up
ESOA,0.057301152235142094,down
ESOA,0.1730530527633516,down
ESOA,0.3255086861963876,up
ESOA,0.19831964763902366,down
ESOA,0.2760348116139848,down
ESOA,0.12992120153901854,none
ESOA,0.4999999882575339,up
ESOA,0.1984809280238502,none
ESOA,0.10968929430377683,down
ESOA,0.3192603863151413,up
ESOA,0.0684048784408986,none
ESOA,0.05120497402255775,none
NKTX,0.18144251583145898,none
NKTX,0.41304340079736757,up
NKTX,1.4382716271957596,up
NKTX,1.170329633980987,down
NKTX,0.40168535149529294,up
NKTX,0.16108170101407926,down
NKTX,1.2611111534966364,up
NKTX,0.2057416671847614,down
NKTX,0.04125412580207599,down
NKTX,0.035947756722663815,down
NKTX,0.02313169343205157,down
NKTX,0.4963635531338779,up
ALRS,0.04139304454711579,none
ALRS,0.07809031599988958,none
ALRS,0.1213125781882205,none
ALRS,0.009717469048909244,down
ALRS,0.015728612907144335,none
ALRS,0.33981062972755693,up
ALRS,0.0923536091449404,none
ALRS,0.009379975019034426,none
ALRS,0.10724125328465872,none
ALRS,0.13429348382911943,up
ALRS,0.09253250683869041,none
ALRS,0.14400366585737134,down
SWKHL,0.030474644382420646,up
SWKHL,0.027946917556356254,up
SWKHL,0.02401927786215574,up
SWKHL,0.021078415616108348,up
SWKHL,0.019094686876001354,up
SWKHL,0.025250428935684965,up
SWKHL,0.027969013037361767,up
SWKHL,0.032117702590986896,up
SWKHL,0.019599899786461927,none
SWKHL,0.031607521272821515,up
SWKHL,0.03210127646447414,up
SWKHL,0.01603217412562552,none
CGBD,0.07312949081282061,none
CGBD,0.11429640343118752,none
CGBD,0.1297578921116891,up
CGBD,0.22709151102929703,up
CGBD,0.10394422747219378,none
CGBD,0.06410114341581385,none
CGBD,0.0832308597603475,up
CGBD,0.09775307877413542,up
CGBD,0.0050393148579261915,down
CGBD,0.016272131075187213,down
CGBD,0.08765648924233194,none
CGBD,0.0889975857084937,none
SO,0.0609459559708907,none
SO,0.03451203268333991,none
SO,0.13815199332192307,up
SO,0.03437549432319775,none
SO,0.05759724744286365,none
SO,0.09763788871950374,up
SO,0.06735239261388637,up
SO,0.042989281609966845,none
SO,0.09205984968816638,up
SO,0.10511745452330912,none
SO,-0.0005336504564392719,down
SO,0.012165910697791826,none
DAO,0.5315487953479658,up
DAO,0.23697919431530612,none
DAO,0.10983608266011569,down
DAO,0.3313008311310306,none
DAO,0.15056824223869625,none
DAO,0.1319796886737501,none
DAO,0.3472328296501186,none
DAO,0.15207369221371092,none
DAO,0.3330833127884365,none
DAO,0.6694915003102135,up
DAO,0.6694915003102135,up
DAO,0.07176146231253133,down
STFS,0.257142838977632,none
STFS,0.4285714433159298,up
STFS,0.604938196020329,up
STFS,0.7837838316764854,up
STFS,0.3735692279753078,none
STFS,2.3272728858056007,up
STFS,1.0,up
STFS,0.13725490196078427,none
STFS,1.2413792366363512,up
STFS,0.6500000409781928,none
STFS,1.4074073648910637,up
STFS,1.8383519878684162,up
KNX,0.09359868158999185,none
KNX,0.061895198426832776,none
KNX,0.13488175029417016,up
KNX,-0.002807261624538371,down
KNX,0.19892785259674395,up
KNX,0.07902883364060487,none
KNX,0.15965739099134102,up
KNX,0.09607281577989712,none
KNX,0.010833733158003511,down
KNX,0.037255130149334015,down
KNX,0.26959063831086216,up
KNX,0.05612038423345478,none
ASUR,0.1246718928520607,down
ASUR,0.22079768064231997,none
ASUR,0.050788084048268844,none
ASUR,0.0640176509043977,down
ASUR,0.11702132192657633,none
ASUR,0.09325156619073449,none
ASUR,0.01109056274895126,down
ASUR,0.4829999923706054,up
ASUR,0.13265303639956527,down
ASUR,0.3158339889675794,up
ASUR,0.3417553428430642,up
ASUR,0.5244754507895055,up
BCAB,0.09223300970873782,down
BCAB,0.06788511749347248,down
BCAB,0.7112970711297071,up
BCAB,0.5283018867924529,up
BCAB,0.881578947368421,up
BCAB,0.09966777408637872,down
BCAB,0.09946236559139776,down
BCAB,0.28342245989304815,none
BCAB,0.06875002384185791,down
BCAB,0.23170731707317072,down
BCAB,0.8976744186046512,up
BCAB,1.9775282175097613,up
PGZ,0.06591218177419678,down
PGZ,0.030729762052379872,down
PGZ,0.1095912075990908,up
PGZ,0.017790187033557503,down
PGZ,0.02270289762540023,down
PGZ,0.035422130364652915,up
PGZ,0.012249078110629918,down
PGZ,0.04425227075473659,none
PGZ,0.07460759962967156,up
PGZ,0.023704959283928906,none
PGZ,0.12529239659390767,up
PGZ,-1.440785447615056e-07,down
GCO,0.0061919742310698744,down
GCO,0.2673153665774144,up
GCO,0.003959892097294526,down
GCO,0.13957526065444803,none
GCO,0.027380245327529806,down
GCO,0.2283918676794281,up
GCO,0.4859890843178927,up
GCO,0.571295071032911,up
GCO,0.3010017005366672,up
GCO,0.20743864506282295,up
GCO,0.19387419433616948,up
GCO,0.32594622017737396,up
AMTM,0.08120441060447559,none
AMTM,0.0961300533743501,none
AMTM,0.32103062443554076,up
AMTM,0.25169413365657944,up
AMTM,0.2970939701438968,up
AMTM,0.17588182147616416,none
AMTM,0.06884785881546529,none
AMTM,0.1656079612936323,none
AMTM,0.17966328577778756,none
AMTM,0.4252566154187647,up
AMTM,0.31371190198129817,up
AMTM,0.19999999999999996,none
SDHC,0.13919412676372356,none
SDHC,0.05229589788678424,down
SDHC,0.08354755456340746,none
SDHC,0.04365692919602271,down
SDHC,0.06758129588830686,down
SDHC,0.29405287430929516,up
SDHC,0.1639425150266287,none
SDHC,0.2771739395219126,up
SDHC,0.31889283811281754,up
SDHC,0.05620708947539965,down
SDHC,0.1115619086989319,down
SDHC,0.6672443530951897,up
MACI,0.014824412810908516,up
MACI,0.01371208058762785,up
MACI,0.0038022775772321715,none
MACI,0.026670425084742266,up
MACI,0.015968047914422856,up
MACI,0.019019072913987634,up
MACI,0.018009438573296066,down
MACI,0.023832221683008914,up
MACI,0.0028490681297521636,down
MACI,0.048305958664265125,up
MACI,0.014945772294034265,up
MACI,0.01994302407144688,down
ISTR,0.01893401848958054,none
ISTR,0.15260546969398825,up
ISTR,0.013630031906877393,none
ISTR,0.05945308364903146,none
ISTR,0.01589745970048706,none
ISTR,0.1202613432898827,up
ISTR,0.060393174264878446,none
ISTR,0.045212879102233705,down
ISTR,0.0664563395419906,none
ISTR,0.011769857425933061,down
ISTR,0.17782517416134414,up
ISTR,0.5720500567495446,up
NEXN,0.35135133393582363,up
NEXN,0.16019413687382378,none
NEXN,0.11269435052337506,down
NEXN,0.5527950172590617,up
NEXN,0.12430515263607322,none
NEXN,0.3503649762064349,up
NEXN,0.009146332820563874,down
NEXN,0.05063292285300003,none
NEXN,0.08045856743123037,down
NEXN,0.12244895774590314,down
NEXN,0.10984846603388809,none
NEXN,0.2573426085606474,up
GRMN,0.21670081870646962,up
GRMN,0.02809274031157516,down
GRMN,0.16327561527985535,up
GRMN,0.10127503667261983,up
GRMN,0.029594776716926452,down
GRMN,0.17593865720107127,up
GRMN,0.010610911786952837,down
GRMN,0.03214306166064529,none
GRMN,0.2234755356774063,up
GRMN,0.09365413259678212,up
GRMN,0.2646728633473123,up
GRMN,0.08506963433903625,up
ZVRA,0.15990162022577792,none
ZVRA,0.2649841686056038,down
ZVRA,0.2963362154235245,down
ZVRA,0.02835335078720247,down
ZVRA,0.009966767935156495,down
ZVRA,0.35112937953399204,up
ZVRA,0.4227468522606994,up
ZVRA,0.4803313060678567,up
ZVRA,0.054809927046044926,down
ZVRA,0.10171018446087654,down
ZVRA,0.17090910131281078,down
ZVRA,0.17002243054898458,none
CHAR,0.015473872828915214,up
CHAR,0.015407315814737865,up
CHAR,0.02295404508271459,up
CHAR,0.02193422461474359,down
CHAR,0.01990047815616136,up
CHAR,0.07314634563069977,up
CHAR,0.010794957299441243,up
CHAR,0.02142502798775192,down
CHAR,0.01924022599116726,down
CHAR,0.014734736152611783,up
CHAR,0.020916338540325485,up
CHAR,0.015407315814737865,up
LONA,0.16842105263157903,down
LONA,0.09363868642789908,down
LONA,0.529032225249916,up
LONA,0.5540540006464365,up
LONA,0.07254902233157923,none
LONA,0.0668449196156462,down
LONA,0.3574546120383524,up
LONA,0.6109676976357736,up
LONA,0.03981619352081278,none
LONA,0.03488372093023262,down
LONA,0.04761904761904767,down
LONA,0.32654313327444884,down
NSARO,0.06515314850065601,down
NSARO,0.10891102859499258,down
NSARO,0.10891102859499258,down
NSARO,0.10891102859499258,down
NSARO,0.06515314850065601,down
NSARO,0.07185222420330306,up
NSARO,0.06515314850065601,down
NSARO,0.10891102859499258,down
NSARO,0.13513520738360296,up
NSARO,0.10891102859499258,down
NSARO,0.08897440432838488,up
NSARO,0.08192296626855922,up
FUTU,0.5376959400841752,up
FUTU,0.2608382988146343,up
FUTU,0.1032003738310392,none
FUTU,0.035226056747929,down
FUTU,0.11255764446659122,none
FUTU,0.019373227090478062,down
FUTU,0.14588247231979778,up
FUTU,0.08294584393456761,down
FUTU,0.13056828299781542,none
FUTU,0.18218625842343306,down
FUTU,0.010214111780022073,down
FUTU,0.40376031813953506,up
MANH,0.1447719153128848,none
MANH,0.31230517268822067,up
MANH,0.20181340693697591,up
MANH,0.12911515385894767,up
MANH,0.19871219546049224,up
MANH,0.133658285731034,none
MANH,0.024778901704517686,down
MANH,0.1558819455656395,up
MANH,0.17914981149987153,up
MANH,0.2758711841532451,up
MANH,0.14747542930493385,up
MANH,0.08922690445895842,down
OWPC,0.5470227820260323,none
OWPC,1.1411764422296256,none
OWPC,-0.020618597877583134,none
OWPC,0.46788991076528275,none
OWPC,1.1698113857384218,up
OWPC,0.0006671226812864361,down
OWPC,0.24999996673848046,down
OWPC,0.44578315524200884,none
OWPC,0.31723024129442856,none
OWPC,0.17398647404986067,none
OWPC,2.3333334575096796,up
OWPC,0.4242423640357147,down
CTSH,0.043301383924026604,down
CTSH,0.03369223150203182,down
CTSH,0.07494145667048824,down
CTSH,0.04855418584513105,down
CTSH,0.06264193721605205,down
CTSH,0.19702002193276646,up
CTSH,0.04739347769231772,none
CTSH,0.09198604105803776,down
CTSH,0.009823193397014096,down
CTSH,-0.01869720617783588,down
CTSH,0.022011857310049177,none
CTSH,0.05319038503825779,none
HIMX,0.13138683673401808,none
HIMX,0.48351655848407415,up
HIMX,0.11992935266108495,none
HIMX,0.1091754232281883,down
HIMX,0.08000007529712039,down
HIMX,0.06643655229270551,down
HIMX,0.16446575829786814,up
HIMX,0.3333333625982531,up
HIMX,0.0850876647133385,none
HIMX,0.1010362030779397,down
HIMX,0.014285710389450923,down
HIMX,0.1035266339291121,down
ICTSF,0.14000000272478386,down
ICTSF,0.16800003051757817,none
ICTSF,-0.024444474114312054,down
ICTSF,0.0,none
ICTSF,0.010101049022522401,down
ICTSF,0.22816906819100535,up
ICTSF,0.15957450653536398,none
ICTSF,0.012775913442256037,down
ICTSF,0.07582412653392212,down
ICTSF,0.3692307456325885,up
ICTSF,0.009259250061012025,down
ICTSF,-0.08371565063717368,down
FDCTD,5.974999800696972,up
FDCTD,0.8961937093961418,up
FDCTD,0.4379845534327471,none
FDCTD,0.36697244395331685,none
FDCTD,0.04905655522412866,down
FDCTD,0.2878787728271106,none
FDCTD,0.09163347408261813,down
FDCTD,0.5972222645341625,none
FDCTD,0.9520000457763671,none
FDCTD,0.14876028253980023,none
FDCTD,2.5483870182110135,up
FDCTD,0.6536313414681576,down
ANNX,0.5,up
ANNX,0.20428575788225456,down
ANNX,0.723926350306664,up
ANNX,0.18380562218405472,none
ANNX,0.04876026283578594,down
ANNX,0.5875706062486143,up
ANNX,0.107091210462539,down
ANNX,0.5161289847066659,none
ANNX,0.4876032194782849,up
ANNX,0.12745101705783668,none
ANNX,0.10130717273738044,down
ANNX,0.013856799962293609,down
BCLYF,0.19025521132757262,none
BCLYF,0.18032765641409254,up
BCLYF,0.3238635348601868,up
BCLYF,0.23036652420299975,up
BCLYF,0.14806383293199343,none
BCLYF,0.17613628040737228,up
BCLYF,0.006920522894737768,down
BCLYF,0.15430272187952765,none
BCLYF,0.11917087585132036,none
BCLYF,0.21645025342308433,up
BCLYF,0.13186811723557623,up
BCLYF,0.12371139082952731,none
CGNT,0.45079366136600374,up
CGNT,0.07203393140926395,down
CGNT,0.2855491764112341,up
CGNT,0.0207468674421436,down
CGNT,0.09981845572614767,down
CGNT,0.16939569954240374,none
CGNT,0.6929033246472058,up
CGNT,0.09659085829149805,none
CGNT,0.10763880955400595,none
CGNT,0.052805229282606,down
CGNT,0.21406242394199282,up
CGNT,0.11849188995899973,none
PYT,0.0,down
PYT,0.008286171113390361,down
PYT,0.028675290955874733,down
PYT,0.017316113018571055,up
PYT,0.024215493140527844,up
PYT,0.018053913766204133,up
PYT,0.009954965273381688,down
PYT,0.06565781211324206,up
PYT,0.0,down
PYT,0.017371449871691924,none
PYT,0.04587618948585659,up
PYT,0.06079153151931904,up
PLUG,0.16336630040694033,none
PLUG,0.08974356309588605,down
PLUG,0.14383555715807672,down
PLUG,0.017045462151783708,down
PLUG,0.6153846242018708,up
PLUG,0.27184463996826014,none
PLUG,0.1134284811607622,down
PLUG,0.07364975634010817,down
PLUG,0.35051536509380044,none
PLUG,0.7291666705471775,up
PLUG,0.904646955171666,up
PLUG,0.23318083888330032,down
OFSSH,0.00240476098443132,up
OFSSH,0.003197267477818677,down
OFSSH,0.0397326832214433,up
OFSSH,0.006959846308351558,none
OFSSH,0.017987197783488895,up
OFSSH,0.020550741652250792,down
OFSSH,0.011057113798534468,down
OFSSH,0.0021643688867132305,down
OFSSH,0.027842824098696095,down
OFSSH,0.07726356853527716,up
OFSSH,0.06733006269117858,down
OFSSH,0.014723555266162647,down
BNS,0.07272455118523702,down
BNS,0.10921267033679438,up
BNS,0.15535173388289203,up
BNS,0.21116241117420498,up
BNS,0.054381500537597605,none
BNS,0.00018054488200602847,down
BNS,0.05141276350773527,none
BNS,0.01559696338028771,none
BNS,0.022969689075411193,down
BNS,0.06611575924258051,down
BNS,0.014371004476040117,down
BNS,0.006724326677634895,down
ASPI,1.8709676737095644,up
ASPI,0.955511843396162,up
ASPI,0.5275311201878621,up
ASPI,0.3059210784299886,down
ASPI,0.4139650256017542,none
ASPI,0.37757722488155876,none
ASPI,0.5793872456417382,up
ASPI,0.6709586105333127,up
ASPI,0.8983050908338877,up
ASPI,0.7988827358838884,up
ASPI,0.7943037728758282,up
ASPI,0.1675127299033634,down
CTNM,0.2644836132869892,none
CTNM,0.02442670908092892,down
CTNM,0.06116048759131565,none
CTNM,0.12962962962962954,down
CTNM,1.004457612613101,up
CTNM,0.13599998072574015,none
CTNM,0.22148461942581088,down
CTNM,0.43371373410706826,down
CTNM,0.0760234101954631,none
CTNM,0.03101270372640985,down
CTNM,0.07076352375030925,down
CTNM,0.38713748273870485,up
LCGMF,0.28571433133008517,none
LCGMF,1.0,up
LCGMF,0.07692312100935417,down
LCGMF,0.39999998509883894,none
LCGMF,1.16666663562258,up
LCGMF,1.5999998658895511,up
LCGMF,0.0,down
LCGMF,0.16666669771075315,none
LCGMF,0.16666669771075315,none
LCGMF,0.18181814487315395,none
LCGMF,0.2142857218883476,down
LCGMF,0.0,none
MLR,0.08508869585627865,none
MLR,0.07234325096983274,none
MLR,0.10313673491653175,none
MLR,0.045339943808962335,down
MLR,0.07508245201583241,none
MLR,0.10661247043602251,none
MLR,0.24403811506079776,up
MLR,0.08485413549250032,none
MLR,0.03363820037560217,down
MLR,0.09449761632186293,none
MLR,0.07894715601199409,none
MLR,0.03512809847828158,none
SVRN,0.21739133344327066,none
SVRN,0.050420168067226934,down
SVRN,0.3586956521739131,down
SVRN,0.054724409448818845,none
SVRN,0.3382978723404255,up
SVRN,0.1473684210526316,down
SVRN,1.018181818181818,up
SVRN,0.2605210420841684,none
SVRN,0.1013215859030836,down
SVRN,0.056097560975609806,down
SVRN,0.179245283018868,down
SVRN,0.3673913043478261,up
COLD,0.04830011415749613,down
COLD,0.15242793256353138,up
COLD,0.17043629550969142,up
COLD,0.06780687825004583,none
COLD,0.026068875776430467,none
COLD,0.0891565312089373,none
COLD,0.008746381856612473,down
COLD,-0.004866217780861493,down
COLD,0.029606888212629023,none
COLD,0.05638297550330429,none
COLD,0.11242564097968488,none
COLD,0.15529734992066735,none
PSKRF,-1.1102230246251565e-16,none
PSKRF,-1.1102230246251565e-16,none
PSKRF,-1.1102230246251565e-16,none
PSKRF,0.769230825007414,up
PSKRF,-1.1102230246251565e-16,none
PSKRF,0.0,none
PSKRF,-1.1102230246251565e-16,none
PSKRF,-1.1102230246251565e-16,none
PSKRF,-1.1102230246251565e-16,none
PSKRF,-1.1102230246251565e-16,none
PSKRF,-1.1102230246251565e-16,none
PSKRF,-1.1102230246251565e-16,none
PBR,0.4939671471471805,up
PBR,0.205317667305974,up
PBR,0.04861108413751625,down
PBR,0.23599966142367168,up
PBR,0.023515537428915767,down
PBR,0.05270898014679637,none
PBR,0.15709598842357342,none
PBR,0.020689603096419207,down
PBR,0.23333313235232622,up
PBR,0.11556191833315177,none
PBR,0.13823933786024178,up
PBR,0.0642054659826361,none
IOR,0.22423744776313836,none
IOR,0.10877199704260576,none
IOR,0.16591932240026241,up
IOR,0.021167880721932875,none
IOR,0.2532787049915548,up
IOR,0.1028570992606026,up
IOR,0.33333328416219166,up
IOR,0.08633506281545822,up
IOR,0.08247426171621175,down
IOR,0.12149538041327546,none
IOR,-0.009960197080021604,down
IOR,0.09612901749149438,down
KTF,0.10066355010999795,up
KTF,0.0018095604657335507,down
KTF,0.03879713912491645,none
KTF,0.059779248310865674,down
KTF,0.0453049065282487,up
KTF,0.0022881597807025145,down
KTF,0.03505474269288644,up
KTF,0.0652073145188019,down
KTF,0.04800753287777981,up
KTF,0.044237864956353956,up
KTF,0.01892692057233747,down
KTF,0.008074436574287303,none
PCG,0.0024479507493533337,none
PCG,0.014132509878986621,down
PCG,-0.0028555998965642537,down
PCG,0.14038710463249582,up
PCG,0.22533922090335734,up
PCG,0.08436732632522537,none
PCG,0.20571420380126892,up
PCG,0.15486735061769652,up
PCG,0.24880002198476947,up
PCG,0.09733769043197205,none
PCG,0.17774456274177397,up
PCG,0.044738919388071396,down
LTC,0.05201568298281467,none
LTC,0.018834788339855857,none
LTC,0.17811753772791072,up
LTC,0.05421876303480033,none
LTC,0.1093018998971067,up
LTC,0.03393728726774192,none
LTC,0.12710924082620512,up
LTC,0.049434453915840004,none
LTC,0.06327240482801,none
LTC,0.1218521721804755,none
LTC,0.15716577384718122,up
LTC,0.001884289960222496,down
SMP,0.11666668930822732,down
SMP,0.25254124922900933,up
SMP,0.08404495267925793,down
SMP,0.10602201906181152,none
SMP,0.06935853042907114,down
SMP,0.07103154216210683,none
SMP,0.10657030411203716,up
SMP,0.07719367932510712,none
SMP,0.09936769362079012,down
SMP,0.027561310473897205,down
SMP,0.15343030543382197,up
SMP,0.060771799512635116,down
CNO,0.055443425942177216,down
CNO,0.049147338356069215,down
CNO,0.047631354437060125,none
CNO,0.09338496694207521,down
CNO,0.1677181550749014,up
CNO,0.054000968747362155,down
CNO,0.0818146973192655,none
CNO,0.0753491268368831,none
CNO,0.12017646005569893,up
CNO,0.14525400450486425,up
CNO,0.2671511127810602,up
CNO,-0.012267286211571249,down
BAX,0.051336175235940695,none
BAX,0.014088490224335892,down
BAX,0.13493604148684035,up
BAX,0.04147810254354756,down
BAX,0.0623348162792936,down
BAX,0.16868032212929496,up
BAX,0.04009873782959006,none
BAX,0.11975904672283555,none
BAX,0.22287015033886504,up
BAX,0.0024915679858088513,none
BAX,0.11769899892449809,up
BAX,0.23698394829787883,up
IMA,0.04705887302807965,none
IMA,0.2917547896933006,none
IMA,0.10685806942850617,down
IMA,0.5451504173999522,none
IMA,0.10000004674874186,none
IMA,0.08552628758321257,none
IMA,0.15636363173976098,none
IMA,0.3043478080590869,none
IMA,0.9345238241659182,up
IMA,0.08405795685927697,none
IMA,0.2147117122833504,down
IMA,0.12257284671559887,down
GRF,0.09001003342561198,up
GRF,0.20967730372670235,down
GRF,0.010162624168811307,down
GRF,0.058628328423092846,up
GRF,0.16589859946909868,up
GRF,0.09759019179944328,up
GRF,0.1499999287347149,up
GRF,0.02705739417416453,none
GRF,0.08752327317470066,down
GRF,0.040691687084632555,down
GRF,0.309521263474122,up
GRF,0.041751452687950996,none
BSL,0.010799234334507135,none
BSL,0.03434529882100312,none
BSL,0.004051221727644938,none
BSL,0.010108258901981415,none
BSL,0.02316048946640703,none
BSL,0.015750834880976505,none
BSL,0.05492417097610525,up
BSL,0.020613598600665917,down
BSL,0.026573552117338473,none
BSL,0.03021796614317851,down
BSL,0.047836432741914736,none
BSL,0.027300113030665818,down
TDC,0.043627052796276766,down
TDC,0.03358502787430395,none
TDC,0.05078268993932933,down
TDC,0.07230560114312556,none
TDC,0.012195168755581687,down
TDC,0.07675556793665073,down
TDC,0.44106815039426883,up
TDC,0.012764189132990156,down
TDC,0.05831996369404324,none
TDC,0.06630735849991698,down
TDC,0.07250760231168352,none
TDC,0.003959531649820436,down
RITM,0.07166835493964019,down
RITM,0.029598156320841396,down
RITM,0.3736586947369005,up
RITM,0.005499361607178788,down
RITM,0.006276091624607183,down
RITM,0.146892552870185,up
RITM,0.20502292353003204,up
RITM,0.1398680691333094,up
RITM,-0.0008961023616327335,down
RITM,0.2836786161135909,up
RITM,0.09302328228287449,down
RITM,0.020364691966155313,down
TULP,-0.021806857284670356,down
TULP,0.33143661128459856,up
TULP,0.11793611764825807,none
TULP,0.14743584492424588,down
TULP,0.19088672568720644,none
TULP,0.6363636889076767,up
TULP,0.17006802390089448,none
TULP,0.6265060855266347,up
TULP,-0.011428560529436416,down
TULP,0.27105262745120173,none
TULP,0.0,down
TULP,0.5759999593098959,up
BXC,-0.034214572594897574,down
BXC,0.6159315418083182,up
BXC,0.49892849594362354,up
BXC,0.23993561822852816,up
BXC,0.3180412401843069,up
BXC,0.18863849106166586,none
BXC,0.2694480401085706,up
BXC,0.05844491371899285,down
BXC,0.29074392308763297,up
BXC,0.10013431251581806,none
BXC,0.1618691560263945,up
BXC,0.18906545262106067,up
ZIM,0.4370829105269691,up
ZIM,0.16942679803419192,up
ZIM,0.57832594110237,up
ZIM,0.24149293208929046,up
ZIM,0.5582803234495137,up
ZIM,0.7100813241271349,up
ZIM,0.4235126888586931,up
ZIM,1.0245399050896058,up
ZIM,0.23045536923615906,none
ZIM,0.4340448939520012,up
ZIM,0.24443552429400017,none
ZIM,0.39597141013036574,up
SERV,0.6070088260829813,up
SERV,0.1957155247829696,none
SERV,0.1982183493744618,none
SERV,0.29629633990280446,down
SERV,4.342308020309596,up
SERV,0.4207316731888928,up
SERV,0.24932399499282298,down
SERV,10.637681608447805,up
SERV,0.8752515268144159,up
SERV,1.7860413065382121,up
SERV,1.912679591083601,up
SERV,0.5956749682993911,none
HBM,0.29786123037586876,up
HBM,0.15748046401110116,none
HBM,0.35972864849265473,up
HBM,0.6386321918327653,up
HBM,0.18217763536816034,none
HBM,0.33953510753689264,up
HBM,0.31350134272306796,up
HBM,0.12722826854569314,none
HBM,0.404283821413953,up
HBM,0.05399562522316259,down
HBM,0.7086091205226905,up
HBM,0.22469643914985982,up
URGN,0.17335351667222665,none
URGN,0.5076475930870905,up
URGN,0.47103277342602157,up
URGN,0.07285344076685663,down
URGN,0.542490102094983,down
URGN,0.31295247740490106,up
URGN,0.07062388068261605,none
URGN,0.061240953926387176,none
URGN,0.010765568933487568,down
URGN,0.6666666666666667,up
URGN,0.04822044482829857,down
URGN,0.05165767636853191,none
VKI,0.038795305046109396,down
VKI,0.1141680512385681,down
VKI,0.014388528503641362,down
VKI,0.09033528474612296,up
VKI,0.009912020462695015,down
VKI,0.09288313589602382,up
VKI,0.018621830631418756,down
VKI,0.000951009710665307,down
VKI,0.02888545307521362,none
VKI,0.0047225474854259986,down
VKI,0.02805501170945801,none
VKI,0.010600827252245315,down
MMEX,0.24532997998456807,down
MMEX,0.25000007761021625,none
MMEX,0.30346230151865594,down
MMEX,0.33333323632056966,down
MMEX,1.0,none
MMEX,0.03703700024404788,down
MMEX,1.0,none
MMEX,0.20080727904423856,down
MMEX,0.0,none
MMEX,0.0,down
MMEX,0.29032258994869586,down
MMEX,0.08261160483826124,down
CMT,0.24700964340450327,up
CMT,0.18234161272732363,up
CMT,0.27259466068901017,up
CMT,0.24894509480292926,up
CMT,0.011122310703610028,down
CMT,0.15266619551856642,none
CMT,0.14601542628210606,up
CMT,0.11232872531838622,none
CMT,0.1323839847090187,none
CMT,0.18979830222597904,down
CMT,0.18963619899682294,none
CMT,0.1686198674578936,up
ISBA,0.01970031579600473,down
ISBA,0.12615371136949527,none
ISBA,0.03574872376589133,none
ISBA,0.0012782197675502704,down
ISBA,0.10978987209864721,up
ISBA,0.16466916851650915,up
ISBA,0.023732075695870325,down
ISBA,0.09475283958127934,up
ISBA,0.1320611884770717,up
ISBA,0.4587699126488005,up
ISBA,0.055215946484963085,none
ISBA,0.20000017616523946,up
CEXYF,0.03665308331012551,down
CEXYF,0.002087697220026108,down
CEXYF,0.0649087591893922,down
CEXYF,0.15773288375997963,none
CEXYF,1.1656992785541793,up
CEXYF,0.23015869291521418,none
CEXYF,1.0,up
CEXYF,0.26119910050964723,none
CEXYF,1.3824016218268445,up
CEXYF,1.1279461652459086,up
CEXYF,0.0535714285714286,none
CEXYF,2.6480000813802085,up
SCKT,0.13076929425347017,none
SCKT,0.07432433303208819,down
SCKT,-0.005444683949575424,down
SCKT,0.08296945868362116,down
SCKT,0.05882347048478298,none
SCKT,0.020100483246901613,down
SCKT,0.013605428936910968,down
SCKT,0.04651167733574435,down
SCKT,0.31182797766376846,up
SCKT,0.07272720179282088,none
SCKT,0.02472957178326718,down
SCKT,0.13913040864219672,none
EDU,0.4977329505876351,none
EDU,0.1851852088342547,none
EDU,0.15605634687042325,up
EDU,0.17127589564294388,none
EDU,0.03319495708444853,none
EDU,0.08457065134421327,none
EDU,0.14093961451529036,down
EDU,0.05404126642489948,down
EDU,0.15137770172354936,down
EDU,0.432080825292807,none
EDU,0.19626178983893006,none
EDU,0.03240734280993274,down
BLNK,0.46405232119190587,up
BLNK,0.03978423166710621,down
BLNK,0.0,down
BLNK,0.47947948664636364,up
BLNK,0.6343239015771078,up
BLNK,0.14332249732516877,none
BLNK,1.8867103975175379,up
BLNK,0.0166666501098216,down
BLNK,0.03225803294049734,down
BLNK,0.10994043183316826,down
BLNK,0.0629482031750288,down
BLNK,0.948529461392275,up
OPXS,0.20348059218453018,up
OPXS,0.12335589492454724,none
OPXS,0.35119050702337873,up
OPXS,0.5835140952956448,up
OPXS,0.01886802001456611,down
OPXS,0.13773724911260699,down
OPXS,0.645083934773252,up
OPXS,0.12269444267908902,none
OPXS,-0.023255901635817477,down
OPXS,0.020224754257405886,down
OPXS,0.15974215543101478,down
OPXS,0.23310812443516538,up
FAMI,0.125,down
FAMI,0.0572916753978161,down
FAMI,0.06593406665384194,down
FAMI,0.2857142992300783,up
FAMI,0.052631633983975634,none
FAMI,0.2857142992300783,up
FAMI,0.8650794296548185,up
FAMI,0.08333333333333326,down
FAMI,0.9666666975727796,up
FAMI,0.021978000864594893,none
FAMI,0.023809501283202916,down
FAMI,0.0,down
GJH,0.010319987712694711,none
GJH,0.09662919354888766,down
GJH,0.042873764582656904,up
GJH,0.06063731559412333,up
GJH,0.0278844920250092,down
GJH,0.028360100215106376,up
GJH,0.025104658708994698,down
GJH,0.039378611070490344,up
GJH,0.07909610323969396,down
GJH,0.09090912093336656,down
GJH,-0.0069604883698330955,down
GJH,0.08440799385075182,up
HIVE,1.803921596126711,up
HIVE,0.3490565634571652,up
HIVE,0.19658114549191552,none
HIVE,0.24358982588412803,none
HIVE,0.32051283226916105,none
HIVE,0.907488969201991,up
HIVE,0.49999995742525294,up
HIVE,-0.004950513747167595,down
HIVE,0.7098765264032019,up
HIVE,0.10930227194044106,none
HIVE,0.16825395407740418,none
HIVE,0.03216371129880957,none
GTIC,1.0,none
GTIC,0.07692309808448994,down
GTIC,0.49999994581396057,down
GTIC,0.5263158588198091,down
GTIC,0.25000005676633097,none
GTIC,0.9230769936149668,up
GTIC,0.3571428632249638,down
GTIC,0.3399999618530274,none
GTIC,0.0,down
GTIC,1.0,none
GTIC,0.5833332505491078,up
GTIC,0.2727272727272727,none
T-PA,0.10898073092844407,up
T-PA,0.008771963580347819,down
T-PA,0.07420324804091805,up
T-PA,0.030300357810171263,none
T-PA,0.026355787595577107,none
T-PA,0.01935431163128598,down
T-PA,0.013468043815338948,none
T-PA,0.03120188899116405,none
T-PA,0.03998062682963077,none
T-PA,0.025550896361413056,none
T-PA,0.12206536760925157,up
T-PA,0.011899595781666328,down
SBCF,0.036652356659695684,none
SBCF,0.15479859576520538,none
SBCF,0.2862453748573046,up
SBCF,0.024520381408878578,none
SBCF,0.09310661472079707,none
SBCF,0.024494191070107307,down
SBCF,0.03997713028767613,down
SBCF,0.050633052153301605,down
SBCF,0.2661251487810079,up
SBCF,0.028269706236196734,none
SBCF,0.27320197634986854,up
SBCF,0.021908230119381367,none
BBBMF,0.04615394138020523,none
BBBMF,0.5,up
BBBMF,0.36000001430511475,down
BBBMF,1.0270270009037352,up
BBBMF,1.0270270009037352,up
BBBMF,0.06250003492459744,down
BBBMF,0.06349209803242228,down
BBBMF,0.0,down
BBBMF,0.06666660043928618,down
BBBMF,0.19298248365865445,down
BBBMF,0.36000001430511475,down
BBBMF,0.5111111670364583,both
DQJCF,-1.1102230246251565e-16,none
DQJCF,-1.1102230246251565e-16,none
DQJCF,-1.1102230246251565e-16,none
DQJCF,-1.1102230246251565e-16,none
DQJCF,-1.1102230246251565e-16,none
DQJCF,-1.1102230246251565e-16,none
DQJCF,-1.1102230246251565e-16,none
DQJCF,-1.1102230246251565e-16,none
DQJCF,-1.1102230246251565e-16,none
DQJCF,-1.1102230246251565e-16,down
DQJCF,-1.1102230246251565e-16,none
DQJCF,-1.1102230246251565e-16,down
VFF,0.08441558341027755,none
VFF,0.2755905740931739,none
VFF,0.18851438024148792,down
VFF,0.030165269389341054,down
VFF,1.0058479475088746,up
VFF,0.8719999313354492,up
VFF,0.33684210196096154,up
VFF,-0.17218542523532787,down
VFF,0.256227773406299,none
VFF,0.22554071878044102,none
VFF,0.5629984997120534,up
VFF,0.526479734003604,up
STLY,0.005617972260667514,down
STLY,0.026711240461266383,down
STLY,0.13043476458082548,down
STLY,0.042857124691917825,down
STLY,0.08245618995720672,down
STLY,-0.04782610354216199,down
STLY,0.18686873260146375,up
STLY,0.15763551148797061,up
STLY,0.10344827586206895,both
STLY,0.0,down
STLY,0.1262500286102295,up
STLY,0.005617972260667514,down
BFCH,0.11111118297242206,none
BFCH,0.9739130878437219,none
BFCH,0.19090910630285252,down
BFCH,0.13388850418883935,down
BFCH,0.2989972279358055,down
BFCH,0.9687499381543632,up
BFCH,0.26457405021173597,down
BFCH,2.399999883584684,up
BFCH,0.29655174274223506,down
BFCH,0.23749993451638463,none
BFCH,0.34782610749608733,none
BFCH,0.11874990905053417,down
HOMB,0.034249734880897,down
HOMB,0.05607073287220632,none
HOMB,0.17486348373167937,up
HOMB,0.0487942118879241,none
HOMB,0.07030665096540667,none
HOMB,0.11231739278681752,none
HOMB,0.016686649764940276,down
HOMB,0.19585998024315598,up
HOMB,0.02604404649876324,down
HOMB,0.025328472808405778,down
HOMB,0.030938753608600766,none
HOMB,0.022576961838537635,down
EWTX,0.1810698793062393,down
EWTX,1.0464887474444877,up
EWTX,0.09074241842019792,down
EWTX,0.3135830520820273,none
EWTX,0.1766549199993157,down
EWTX,0.00802748769273487,down
EWTX,0.06205123510116195,down
EWTX,0.18489989652118988,none
EWTX,0.14799995422363277,down
EWTX,0.10248444592767458,down
EWTX,0.10385758915841126,none
EWTX,0.18489989652118988,none
MTZ,0.12705050594117262,down
MTZ,0.25295873028317595,up
MTZ,0.29365301859930515,up
MTZ,0.16888580299278066,up
MTZ,0.2565858511311385,up
MTZ,0.37599766072510565,up
MTZ,0.22103740634890934,up
MTZ,0.22602408390936968,none
MTZ,0.011992288337744572,down
MTZ,0.15092550314354947,up
MTZ,0.2161278575727681,up
MTZ,0.16331687611255985,none
EFXT,0.08139565063503662,down
EFXT,0.106306071511173,down
EFXT,0.16287874644847933,up
EFXT,0.23590635788413095,up
EFXT,0.25982242822567736,up
EFXT,-0.012139493561367565,down
EFXT,0.08945538065788305,down
EFXT,0.018947371554994374,down
EFXT,0.4504854031826615,up
EFXT,0.17826806033454634,down
EFXT,0.2088607225102368,up
EFXT,0.1153285613698889,none
NAMI,0.8636363636363635,up
NAMI,0.09677419354838701,down
NAMI,0.4758620689655173,none
NAMI,0.17647058823529416,down
NAMI,0.06306306306306309,none
NAMI,1.0078354854428384,up
NAMI,0.17582417582417587,down
NAMI,0.30538240167979813,none
NAMI,0.5827586206896551,up
NAMI,0.6984126984126984,up
NAMI,0.16146542766122507,down
NAMI,0.8636363636363635,up
HELP,0.7549668599001218,down
HELP,1.0666666889748386,up
HELP,1.2990354073988115,up
HELP,0.01904757625235365,down
HELP,0.27297288732524283,down
HELP,0.33503841077727725,none
HELP,0.05751634663206184,down
HELP,0.41081080017817295,up
HELP,0.1161473340378727,down
HELP,0.24603172158212527,down
HELP,0.5499999843145669,down
HELP,0.033057861524496746,none
CANG,0.046692569097900316,down
CANG,0.4937499761581421,up
CANG,0.47368421807419314,up
CANG,0.20088305611655555,none
CANG,0.1261260874249539,none
CANG,0.11607144757801202,none
CANG,0.02083334713070517,down
CANG,0.152671751279416,none
CANG,0.15576330019028872,down
CANG,0.14814809254985217,none
CANG,0.13636363636363646,none
CANG,0.4905269373077472,none
CNVS,0.31858408480021416,up
CNVS,0.06382981241783758,down
CNVS,2.6055045379912887,up
CNVS,1.7291666045784977,up
CNVS,0.04000002543131509,down
CNVS,0.24509804379889633,none
CNVS,0.07407409042651403,down
CNVS,0.07547169952781885,down
CNVS,0.39714281899588455,up
CNVS,0.8138528835540924,up
CNVS,0.5347985450353478,up
CNVS,0.02222220102945971,down
MQY,0.004321766797567017,none
MQY,0.005067658961990018,down
MQY,0.04309286637954579,none
MQY,0.03553728563451908,none
MQY,0.05347442428760174,none
MQY,0.00976089712624284,down
MQY,0.004886061207530323,down
MQY,0.017232101047535364,none
MQY,0.026891873420342494,down
MQY,0.033226330639407164,none
MQY,0.06959275006189891,down
MQY,0.08984862001108618,up
HTOO,0.017733203164443267,down
HTOO,0.9354839163335495,up
HTOO,0.033132583516594094,down
HTOO,0.083333270259637,down
HTOO,0.5195312179857867,up
HTOO,0.07506046776658737,down
HTOO,0.01552795073103419,down
HTOO,0.11722272501731479,down
HTOO,0.6025235966697815,up
HTOO,0.36491220555844395,none
HTOO,3.6969694901296775,up
HTOO,0.46691174761705634,up
NRSN,2.412213729343577,up
NRSN,0.14953267175523188,none
NRSN,0.042553214424603025,down
NRSN,0.2279293855451905,down
NRSN,0.8896104921516936,up
NRSN,0.0888889389273575,down
NRSN,0.13761465281170415,down
NRSN,0.24712647379334518,none
NRSN,0.06896555622182587,down
NRSN,0.15577886497181814,none
NRSN,0.22754491317173464,none
NRSN,0.17647055523618382,down
CHD,0.2446479560621766,up
CHD,0.03190841294953817,down
CHD,0.040216261935115405,none
CHD,0.05194544602870299,none
CHD,0.034544446635239145,none
CHD,0.07242234578810636,none
CHD,0.17545347118470778,up
CHD,0.1461437085215811,up
CHD,0.070521096009734,none
CHD,0.048501239090421144,none
CHD,0.09385635530018832,none
CHD,0.027722411899850252,down
SDEV,0.12000001158716711,down
SDEV,0.15420562800630822,down
SDEV,0.10810815255100614,none
SDEV,0.33333334348494326,down
SDEV,0.26623382880583724,down
SDEV,0.1562499075648367,none
SDEV,6.655172364751608,up
SDEV,0.15000002033007087,down
SDEV,0.1333334066152705,none
SDEV,0.42372871838684234,up
SDEV,4.7,up
SDEV,0.032786885245901676,down
HOVNP,0.0023175170575153725,down
HOVNP,0.06887167000533712,none
HOVNP,0.046859460126299046,down
HOVNP,0.00779721654247334,down
HOVNP,0.028438898011849734,none
HOVNP,0.08892366961907427,up
HOVNP,0.06917862158902621,none
HOVNP,0.04813521896464912,none
HOVNP,0.04746654368690284,none
HOVNP,0.036176487723041495,up
HOVNP,0.028428140516321143,none
HOVNP,0.14441427420289532,up
MSS,0.11851851851851847,down
MSS,0.14114112371127963,down
MSS,1.8636363636363638,up
MSS,-0.003597158828165248,down
MSS,0.25311203319502074,none
MSS,0.4112149532710281,up
MSS,3.4344903299777103,up
MSS,0.11307423495435498,down
MSS,0.11969699281634716,down
MSS,0.05940594059405946,none
MSS,3.782608519379675,up
MSS,1.2000000000000002,up
FBIZ,0.04523119006726417,none
FBIZ,0.1775697272691199,up
FBIZ,0.059890751435466294,none
FBIZ,0.14043234568592755,none
FBIZ,0.05277956162319053,none
FBIZ,0.039961857934011746,none
FBIZ,0.04183640657397758,none
FBIZ,0.09984853290761908,none
FBIZ,0.07696725932816206,none
FBIZ,0.13733530361440338,up
FBIZ,0.19047605360651954,up
FBIZ,0.05090947239939547,none
LEAT,0.012594458196251601,none
LEAT,0.06382978723404253,none
LEAT,0.06145252326778916,up
LEAT,0.08648650710647177,up
LEAT,0.04318185286088427,down
LEAT,0.020942387986460087,down
LEAT,0.08179422291437,down
LEAT,0.06956523397694458,down
LEAT,0.17391304347826098,down
LEAT,0.5266168702934095,up
LEAT,0.08064515963636087,up
LEAT,0.013215824976990032,down
BGX,0.0652796369030344,up
BGX,0.018945125006058827,none
BGX,0.09127952159841479,up
BGX,0.084122106948751,up
BGX,0.014566319440619369,down
BGX,0.049666444000624255,up
BGX,0.02240598592035714,none
BGX,0.013146632677774273,down
BGX,0.044923244386657846,none
BGX,0.11445379559597058,up
BGX,0.025370655201314207,none
BGX,0.007288311221527177,down
ZUMZ,0.3016591199815766,up
ZUMZ,0.12405441426038832,none
ZUMZ,0.2868852261455541,up
ZUMZ,0.40888892279730893,up
ZUMZ,0.11927015518789941,none
ZUMZ,0.024269704068644593,down
ZUMZ,0.08668794590598883,down
ZUMZ,0.15131217280344478,none
ZUMZ,0.40862147258274195,up
ZUMZ,0.029575676652981775,none
ZUMZ,0.014623184411748813,down
ZUMZ,0.13875781073868754,down
GRHI,0.7933334314326468,none
GRHI,0.7933334314326468,none
GRHI,2.239130514006646,none
GRHI,2.27702712269338,up
GRHI,0.24561398430989922,down
GRHI,1.6190476014489308,up
GRHI,6.33333345750968,up
GRHI,5.111111341067312,up
GRHI,0.6694490874096135,none
GRHI,6.857142572044118,up
GRHI,4.789473839000987,up
GRHI,0.14000002767358488,down
HSIC,0.0960339291999468,none
HSIC,0.1130132805033337,up
HSIC,0.11406232462495569,down
HSIC,0.12814287458147322,up
HSIC,0.10232903450503872,up
HSIC,0.06553226866239026,none
HSIC,0.014950191676319502,down
HSIC,0.0031379440911980527,down
HSIC,0.0034885568293165914,down
HSIC,0.016272412838774564,down
HSIC,0.17535802686392787,up
HSIC,0.02266975098099122,none
NTPIF,-0.010416705989173769,down
NTPIF,0.1034482560174792,none
NTPIF,0.0067114566479797855,down
NTPIF,0.034482781300221976,down
NTPIF,0.08571424938383565,down
NTPIF,0.02298848432756806,none
NTPIF,0.1034482560174792,none
NTPIF,0.4339151301254045,up
NTPIF,0.15433949143022274,down
NTPIF,0.5151514549448057,none
NTPIF,0.125,up
NTPIF,0.11111109148818321,none
MIR,0.04242425176540543,none
MIR,0.1073825786867737,down
MIR,0.12826968068699096,up
MIR,0.21556116677184667,up
MIR,0.042168604789444286,down
MIR,0.19703702573423043,down
MIR,0.09583333747254463,none
MIR,0.08654967890176879,none
MIR,0.1692758803360852,up
MIR,0.16968911637069106,down
MIR,0.012195121951219523,none
MIR,0.0853768901763925,down
CCGWW,0.5999999403953562,up
CCGWW,0.8518518314113019,none
CCGWW,0.25000004656612984,down
CCGWW,0.09999997764825852,down
CCGWW,0.0,down
CCGWW,0.5555555003660719,none
CCGWW,0.0,down
CCGWW,0.14285716186372532,none
CCGWW,0.3461538241107087,down
CCGWW,0.4545454299154359,down
CCGWW,1.0,up
CCGWW,0.0,down
GIGM,0.07792208294861247,none
GIGM,0.2945205043238679,up
GIGM,0.0,none
GIGM,0.06818175044926988,none
GIGM,0.07236843137199545,none
GIGM,0.04487183014081664,none
GIGM,0.007407400212333881,none
GIGM,0.14893620079308834,up
GIGM,0.3055555371590597,up
GIGM,0.016574636214070848,none
GIGM,0.1244979685109382,none
GIGM,0.028571401323590928,down
LEGH,0.10396711115224044,none
LEGH,0.09463354857867312,none
LEGH,0.15784214661127427,none
LEGH,0.16799242415790383,none
LEGH,0.014347822769828378,down
LEGH,0.5568561579556797,up
LEGH,0.06624602424404236,down
LEGH,0.2000822774731219,up
LEGH,0.17238180382327073,up
LEGH,0.11636361208829005,down
LEGH,0.6057907362323618,up
LEGH,0.09429058471865659,none
ILAL,0.6249999767169352,none
ILAL,43.0,down
ILAL,0.07382551248393265,none
ILAL,0.0,down
ILAL,0.6111110007321436,down
ILAL,0.0,down
ILAL,0.5000000372529025,none
ILAL,5.403508935893048,up
ILAL,0.4088397971993061,down
ILAL,0.0,down
ILAL,0.06904229009275231,none
ILAL,0.711111033845834,none
PSQH,-0.020000018495501926,down
PSQH,0.505319135264968,up
PSQH,0.10480349344978168,none
PSQH,0.22441650885858966,none
PSQH,0.0093070721566606,up
PSQH,0.009345836843453581,up
PSQH,0.41917802645191204,none
PSQH,0.25627246546855686,none
PSQH,0.01694917317037281,up
PSQH,0.016940388373241966,down
PSQH,0.006896571768524318,none
PSQH,0.022541005391647495,up
JXG,0.40909090909090917,down
JXG,2.912568306010929,up
JXG,1.0689655172413794,up
JXG,0.0,down
JXG,3.0661159560803277,up
JXG,0.5802469135802468,up
JXG,5.808000081380208,up
JXG,0.1609907120743035,down
JXG,0.2886597938144331,none
JXG,0.3052631578947369,down
JXG,0.10729613499683954,none
JXG,0.058823566077443434,down
VTGN,0.07638881300334877,none
VTGN,0.0,down
VTGN,13.450291539905134,up
VTGN,0.1341990622340583,down
VTGN,0.150537595448615,down
VTGN,0.0866666634877522,none
VTGN,0.3991595645314916,up
VTGN,0.0793650769622718,down
VTGN,11.803108681876907,up
VTGN,0.14655179412555097,none
VTGN,1.8333333554091285,up
VTGN,0.06493504885015455,down
OILD,0.0457181631437833,down
OILD,0.33578429707316104,none
OILD,0.13172252533125484,down
OILD,0.1397059188876728,none
OILD,0.15282392026578062,none
OILD,0.1951099946038355,none
OILD,0.019683676989510124,down
OILD,0.33214493691538016,up
OILD,0.24656305587297833,up
OILD,0.008534121356858826,down
OILD,0.15371329879101903,down
OILD,0.46403508771929824,down
ENO,0.07865647874651716,up
ENO,0.04244490799781708,none
ENO,0.04135677086507772,up
ENO,0.00875455792562252,down
ENO,0.015455337782200207,none
ENO,0.059230422883791656,up
ENO,0.04345977769461906,up
ENO,0.019563318712795486,none
ENO,0.03280810904179421,none
ENO,0.007918220723218683,down
ENO,0.014254828542507925,down
ENO,0.019819049484935736,down
TELA,0.15873871544803642,none
TELA,1.0510203585134166,up
TELA,0.6327586130353133,up
TELA,0.10033440264638771,down
TELA,0.21993507988340166,up
TELA,0.5127795400608706,up
TELA,0.03861789721019249,none
TELA,0.06008731325786387,down
TELA,0.04735378282962488,down
TELA,0.046979820667626404,down
TELA,0.053585526214433576,none
TELA,0.08188152750497624,down
IAUM,0.0799556088704736,up
IAUM,0.011777439724022898,down
IAUM,0.10793593835826787,up
IAUM,0.09355742524395638,up
IAUM,0.26829274236094114,up
IAUM,0.033720312044236866,down
IAUM,0.07545599241302847,up
IAUM,0.0949229864565555,up
IAUM,0.009683925513858771,none
IAUM,0.22332890846465947,up
IAUM,-0.00014605922517751946,none
IAUM,0.0662426983107034,up
COLM,0.09524933998779872,none
COLM,0.11572784748673759,up
COLM,0.09104863337818636,none
COLM,0.04147902982428797,none
COLM,0.22869564363175154,up
COLM,0.09903843643442278,none
COLM,0.11030085827140801,up
COLM,0.08579540483757886,none
COLM,0.22184246827240295,up
COLM,0.17292127370103705,up
COLM,0.09558223447097536,none
COLM,0.07133438862174724,none
ACHR,0.2772383568408383,none
ACHR,0.18756267156213102,down
ACHR,0.1885246013768478,down
ACHR,0.07604161596132841,down
ACHR,0.08384015059934002,down
ACHR,0.06820811313378283,none
ACHR,0.7291925150902667,up
ACHR,0.30034713081463993,none
ACHR,0.06615775726380413,down
ACHR,0.49316940558145705,up
ACHR,0.42078189714269576,up
ACHR,0.49316940558145705,up
GRN,0.11768978170385047,up
GRN,-0.0037842223377650974,down
GRN,0.030191748845688426,down
GRN,0.08307973735210972,up
GRN,0.10062397854932992,up
GRN,0.024468517681622615,none
GRN,0.0711029397430718,down
GRN,0.0784522841704427,none
GRN,0.19967785977673236,up
GRN,-0.00231877446619011,down
GRN,0.04497063113508237,down
GRN,0.2507869230737414,up
GCAN,0.4705882756263693,up
GCAN,0.10000004768374615,down
GCAN,0.333333627677487,none
GCAN,0.33333364239479013,down
GCAN,0.0,none
GCAN,0.14285725638990776,none
GCAN,0.6000007947296706,none
GCAN,0.0,none
GCAN,0.4705882756263693,down
GCAN,1.2000016689323085,up
GCAN,0.6000007947296706,none
GCAN,0.8072295270815466,up
LSPD,0.09585889598594521,down
LSPD,-0.0046808770362366525,down
LSPD,0.21387276386114618,up
LSPD,0.05494906310172931,down
LSPD,0.39063138291714794,up
LSPD,0.25533364499781475,none
LSPD,0.30347485786754436,up
LSPD,0.04755433400589393,down
LSPD,0.11349200858791275,down
LSPD,0.016695920779666418,down
LSPD,0.23182146777820178,up
LSPD,0.08977663620889897,down
EOT,0.0068960534445425825,none
EOT,0.00886105317298469,none
EOT,0.030985593768131148,none
EOT,0.047691824787393866,none
EOT,0.03349919132932677,none
EOT,0.007972749073571928,down
EOT,0.05508380051501893,none
EOT,0.04782508107827388,up
EOT,0.0017208821168854804,down
EOT,0.08025353484628983,up
EOT,0.1447730747922913,up
EOT,0.02208321947454972,none
PRSO,0.5724638288348096,up
PRSO,0.43137261318454767,none
PRSO,0.44025148531273595,up
PRSO,1.662921262530872,up
PRSO,0.07534247358289559,down
PRSO,0.3151515803936984,none
PRSO,0.09374997477667968,down
PRSO,0.042553254089081616,down
PRSO,0.6000000635782878,up
PRSO,0.9638554554301233,up
PRSO,0.8571428030796868,up
PRSO,0.04999995231628418,down
PSA-PG,0.030456780590877974,none
PSA-PG,0.05631219421456768,none
PSA-PG,0.028896995516446644,down
PSA-PG,0.0643043132735539,up
PSA-PG,0.040194781263157786,none
PSA-PG,0.054458033440650144,down
PSA-PG,0.03963376732207502,none
PSA-PG,0.06514480945465206,up
PSA-PG,0.020102686534695602,none
PSA-PG,0.011489522682507136,down
PSA-PG,0.097140993476035,down
PSA-PG,0.07044722630028932,none
AEVA,0.9642856999748759,up
AEVA,0.037037001061669184,down
AEVA,0.2074809532685109,down
AEVA,4.848874967083286,up
AEVA,0.0920121148455264,down
AEVA,0.0817757023922876,down
AEVA,0.15697667068762344,down
AEVA,0.15578942549856079,down
AEVA,0.2889688013571905,up
AEVA,0.3555554352016008,none
AEVA,0.7313433898055628,up
AEVA,1.1918606112535053,up
TSAT,0.27006372893392094,none
TSAT,0.013554240120116967,down
TSAT,0.026387033177865504,down
TSAT,0.047305327669916686,down
TSAT,0.2998604735917343,none
TSAT,0.3175439438918246,none
TSAT,0.21180551071410014,none
TSAT,0.4588281132312684,up
TSAT,0.018763154333245602,down
TSAT,0.020895525787210767,down
TSAT,0.3708648558772796,none
TSAT,0.014285621463414166,none
SF-PB,0.0027965707100587878,down
SF-PB,0.0055082946925002485,none
SF-PB,0.020312627515418402,none
SF-PB,0.02785773546239012,down
SF-PB,0.014687984432433243,none
SF-PB,0.022260692759440648,none
SF-PB,0.05000100625811932,none
SF-PB,-1.4548819737836283e-07,none
SF-PB,0.03844492517195719,none
SF-PB,0.03156544508063042,none
SF-PB,0.01847141160640353,none
SF-PB,0.08078401496983822,up
CP,0.004631914596392228,down
CP,0.053672877237242345,none
CP,0.045060754813032844,none
CP,0.10659990755642412,none
CP,0.07444025937836796,none
CP,0.019715120011987386,none
CP,0.04519520065442806,down
CP,0.1729097671809685,up
CP,0.13047174466206113,up
CP,0.0013826836126606956,down
CP,0.15816937796073427,up
CP,0.008643964382874847,down
MUJ,0.01993683029298121,down
MUJ,0.014311423797127576,none
MUJ,0.015592301511151874,none
MUJ,0.07398668730028657,up
MUJ,0.0060920352232440855,none
MUJ,0.03440338908620255,none
MUJ,0.012282750560596245,none
MUJ,0.03591260353976766,none
MUJ,0.08152735382336052,up
MUJ,0.005502138774874377,down
MUJ,0.06340822377365019,up
MUJ,0.036501471135430785,none
GDRX,0.09428569248744423,down
GDRX,0.12444159472795624,none
GDRX,0.19759206688850184,none
GDRX,0.0019723376146161264,none
GDRX,0.1284552763581428,down
GDRX,0.3437858226193129,up
GDRX,0.03455286049954709,none
GDRX,0.09890109122348911,down
GDRX,0.09736309042332025,down
GDRX,0.289770288335357,down
GDRX,0.0369540775395929,down
GDRX,0.3543123530168899,up
CLS,0.44383960575106407,up
CLS,0.224145542971683,up
CLS,0.7128404338898882,up
CLS,0.04757543362950467,down
CLS,0.3738541416461385,up
CLS,0.06329582690704494,down
CLS,0.24815609345945044,up
CLS,0.09396544509212079,down
CLS,0.8725259570290889,up
CLS,0.04332755646904807,down
CLS,0.2511670934455683,up
CLS,0.0948275337604807,none
RCON,0.1764706105319911,none
RCON,0.04057967088423364,down
RCON,0.2961909772803697,none
RCON,1.19078945098161,up
RCON,0.02354622666505657,down
RCON,0.34810133628422446,down
RCON,0.2186216772654661,none
RCON,0.2987805567506996,up
RCON,0.7857143161248192,up
RCON,0.34810133628422446,down
RCON,0.30476192302324256,up
RCON,0.23749345049804105,none
FLNC,0.07110710947486187,down
FLNC,0.6140777378844586,up
FLNC,0.3242827753719868,none
FLNC,0.45385453722721003,none
FLNC,0.29934071857120004,none
FLNC,0.2846750093586805,up
FLNC,0.20995340863306655,down
FLNC,0.7353702355422524,up
FLNC,0.8896524022840384,up
FLNC,0.6687979417220857,up
FLNC,0.29016116619050103,up
FLNC,0.6712439695314154,up
HACBF,0.028260901786398396,up
HACBF,0.11144658791385531,up
HACBF,0.1428570707757164,up
HACBF,0.1428570707757164,up
HACBF,0.11144658791385531,up
HACBF,0.1428570707757164,up
HACBF,0.1428570707757164,up
HACBF,0.11144658791385531,up
HACBF,0.028260901786398396,up
HACBF,0.028260901786398396,up
HACBF,-1.1102230246251565e-16,down
HACBF,0.11144658791385531,up
ROK,-0.0050598079319352784,down
ROK,0.14543082033334742,up
ROK,0.002255992916182281,down
ROK,0.1029428191473869,none
ROK,0.05781977302747898,down
ROK,0.08706206749830736,none
ROK,0.0186710964543082,down
ROK,0.05721354512720489,none
ROK,0.026977652346107384,down
ROK,0.11274877547061268,up
ROK,0.19013759264482033,up
ROK,0.11440754297934275,up
MLPR,0.06554527214186856,down
MLPR,0.30591078185365417,up
MLPR,0.10283965474101331,none
MLPR,0.08343813820317791,none
MLPR,0.3694495173352341,up
MLPR,0.1303029371570854,down
MLPR,0.2544185635441456,up
MLPR,0.09558725931399481,up
MLPR,0.04069494109743066,none
MLPR,0.05067231786872828,none
MLPR,0.22098134502486477,up
MLPR,0.14108981948603327,up
CDR-PC,0.12952348751470266,up
CDR-PC,0.020000217768361805,down
CDR-PC,0.009390044987236612,down
CDR-PC,0.5534239984521407,up
CDR-PC,0.08622809015981336,up
CDR-PC,0.014845632318700286,down
CDR-PC,0.12528369036072418,none
CDR-PC,0.056930163285089375,up
CDR-PC,0.0232083119450337,none
CDR-PC,0.31999991938059535,up
CDR-PC,0.10903668376267883,down
CDR-PC,0.021359109143407995,down
ITRI,0.005738640700927,down
ITRI,0.026352166613099914,down
ITRI,0.28818761585320996,up
ITRI,0.05569488462012884,down
ITRI,0.04822435359600341,down
ITRI,0.03320053285306157,down
ITRI,0.01788167715425626,down
ITRI,0.272595719489223,up
ITRI,0.1759798124507157,up
ITRI,0.03469684461364331,down
ITRI,0.06784523788251451,none
ITRI,0.09530328907037755,none
SWVL,0.12996941896024472,none
SWVL,0.12412697123659044,down
SWVL,0.0,down
SWVL,0.00809716599190291,none
SWVL,1.6388888888888888,up
SWVL,0.2435897435897436,down
SWVL,0.9045801485038414,up
SWVL,-0.002427124350106835,down
SWVL,1.4787234236828186,up
SWVL,0.18769227541410016,none
SWVL,0.1607142857142858,down
SWVL,0.0060422960725075026,none
SFDL,0.11803209633938505,up
SFDL,0.05320198635044715,both
SFDL,0.15681827568675444,down
SFDL,0.11395198426276232,up
SFDL,0.15681827568675444,up
SFDL,0.07810252114070604,down
SFDL,0.06691635386191352,up
SFDL,0.09733428157747093,down
SFDL,0.10587979061514186,up
SFDL,0.07644229770982269,up
SFDL,0.0,down
SFDL,0.030588412181176805,down
FTI,0.2199392820448789,up
FTI,0.20161937779179784,none
FTI,0.2602545128744431,down
FTI,0.2354128339954178,up
FTI,0.21585889911642853,up
FTI,0.14651763134238105,up
FTI,0.15394744872173116,down
FTI,0.09351626409871128,down
FTI,0.1419272100109923,down
FTI,0.1354246159097785,none
FTI,0.22007127794087356,up
FTI,0.1371743288288676,up
GRFS,0.04901235740697896,down
GRFS,0.06137476673066544,down
GRFS,0.05412375342202158,down
GRFS,0.30042933149713846,up
GRFS,0.32917318078531954,up
GRFS,0.388148147024201,up
GRFS,-0.005555498612221044,down
GRFS,0.29738062217943395,up
GRFS,0.32408756680552275,up
GRFS,0.1894272272013131,up
GRFS,0.24324328151957064,up
GRFS,0.0661401370878274,down
WT,0.09818735829011782,none
WT,0.11475412657625639,up
WT,0.411282153165768,up
WT,0.0817065296874595,down
WT,0.005706203759708428,down
WT,0.12820507990314023,none
WT,0.03386323261453783,down
WT,0.05095551240975604,down
WT,0.2546409368626019,up
WT,0.09910260600531884,none
WT,0.16899218717718112,up
WT,0.20876882111653106,up
SSL,0.3231026073048273,down
SSL,0.0278421531626738,down
SSL,0.12854549323760422,up
SSL,0.020854011477192236,down
SSL,0.08441072666535754,none
SSL,0.0705706517962772,none
SSL,0.17210687887854692,none
SSL,0.14863856093257155,up
SSL,0.10961542164785754,down
SSL,0.05527632892897949,down
SSL,0.04153995235527197,down
SSL,0.08304487055219023,down
FMNB,0.34431615939957694,up
FMNB,-0.004641981074294366,down
FMNB,0.009204545314735135,down
FMNB,0.03094278467054057,none
FMNB,0.02031751106939339,down
FMNB,0.05055364860924905,down
FMNB,0.10482652284310312,none
FMNB,0.14713554627333703,up
FMNB,0.11358587262640163,none
FMNB,0.0388967238804101,down
FMNB,0.02655471233987239,down
FMNB,0.029069999512439937,none
HQI,0.04275509887532003,none
HQI,0.37895897304855786,up
HQI,0.15888627507625674,up
HQI,0.11469205856238962,none
HQI,0.3475729059471453,up
HQI,0.14795907282712228,none
HQI,0.09071875647063488,none
HQI,0.2541781967332244,none
HQI,0.31598922811808294,up
HQI,0.3202544743058455,up
HQI,0.21621623479119845,up
HQI,-0.005185265551574059,down
ACR-PC,0.030594431162509705,up
ACR-PC,0.028773959131304983,none
ACR-PC,0.025198486201736037,down
ACR-PC,0.04070857912806636,up
ACR-PC,0.03011286849989281,up
ACR-PC,0.04382990341454995,down
ACR-PC,0.03479445572843409,none
ACR-PC,0.048664991760585474,up
ACR-PC,0.049647769847191325,up
ACR-PC,0.0018559665401580716,down
ACR-PC,0.028936059908718947,up
ACR-PC,0.022676808442871232,none
KCRD,0.5931169080523244,up
KCRD,0.24374992360244874,up
KCRD,0.041666673134184595,down
KCRD,1.656249901774577,up
KCRD,0.5178571119714461,both
KCRD,0.4084506790994116,none
KCRD,0.900000043461721,both
KCRD,0.0,none
KCRD,0.25000004656612984,none
KCRD,0.0,down
KCRD,0.060606070868568285,none
KCRD,0.0,down
NVNO,0.1063829787234043,down
NVNO,0.29799996512276783,up
NVNO,0.2951219937527221,none
NVNO,0.027387425092503248,down
NVNO,1.0216607134566154,up
NVNO,0.15301086410325304,none
NVNO,0.29493090751726925,none
NVNO,0.0343642616832176,down
NVNO,0.015075379292629698,none
NVNO,0.359918248906119,none
NVNO,0.14583334820070526,none
NVNO,0.05338812711319019,down
TLPPF,0.10255002975463867,none
TLPPF,0.1814814818085302,up
TLPPF,0.04934386203170593,down
TLPPF,-0.005089053584423131,down
TLPPF,0.3788703398704458,up
TLPPF,0.09355129078646685,none
TLPPF,0.30681815349366115,up
TLPPF,0.5628931432494433,down
TLPPF,0.37559814261652424,up
TLPPF,0.15289250987368153,none
TLPPF,0.3805555767483182,up
TLPPF,0.308662739303869,up
PAMT,0.1738095362440535,none
PAMT,0.18232935683054108,none
PAMT,0.18795811941819673,none
PAMT,0.09433955673726957,none
PAMT,0.3628523056215347,up
PAMT,0.01625774904299071,down
PAMT,0.055597832130514835,none
PAMT,0.049463840708874995,none
PAMT,0.12280706731609636,none
PAMT,0.042844056692241894,down
PAMT,0.3427762762134816,up
PAMT,0.06239866244473857,down
MGRC,0.0657590342621821,none
MGRC,0.03055984217362906,down
MGRC,0.09651755615486057,none
MGRC,0.0461295819229961,none
MGRC,0.006070768803595472,down
MGRC,0.08517153922460241,down
MGRC,0.0569297562735418,none
MGRC,0.23211955650248606,up
MGRC,0.15073266713619704,up
MGRC,0.04557755571595545,down
MGRC,0.1794114226531487,up
MGRC,0.12152572071499446,down
EIC,0.05230432096208082,up
EIC,0.042254722858588334,none
EIC,0.008441572991322532,down
EIC,0.0087996193906692,down
EIC,0.050532320041418055,none
EIC,0.08522788039118812,up
EIC,0.033216700723177395,none
EIC,0.046963089864182184,down
EIC,0.01574815750254599,none
EIC,0.0277935541215113,none
EIC,0.051898462121910516,none
EIC,0.01900374214884404,down
ADV,0.25077399380804954,up
ADV,0.09331797235023043,down
ADV,0.33720930232558133,none
ADV,0.3202614379084967,up
ADV,0.10476190476190483,down
ADV,0.21576763485477168,up
ADV,0.4691780821917808,up
ADV,0.09625668449197855,down
ADV,0.08396946564885499,down
ADV,0.051851851851851816,down
ADV,0.07012987012987004,down
ADV,0.8553719008264462,up
MTD,0.1474463597234008,up
MTD,0.08436894815108009,none
MTD,0.10558818270592929,none
MTD,0.10000330471913887,none
MTD,0.315149514352679,up
MTD,0.1105030732212382,up
MTD,0.05702167050857687,down
MTD,0.04745742225741978,none
MTD,0.033040589643684504,none
MTD,0.08910649231677192,down
MTD,0.10290498543872917,none
MTD,0.08462757712388269,none
CEG,0.3795142994973997,up
CEG,0.059064517350151835,down
CEG,0.09942796325654801,none
CEG,0.16614890640487334,up
CEG,0.054033068737050716,down
CEG,0.05293383181851352,down
CEG,0.026369186552555934,down
CEG,0.3776122531464008,up
CEG,0.6329570731850982,up
CEG,0.10933195965158271,none
CEG,0.011559374955429913,down
CEG,0.8517750638371187,up
QNTM,0.28571426575249936,down
QNTM,0.24629077297197632,none
QNTM,0.24855489290148092,none
QNTM,0.046666630895146444,none
QNTM,0.2462907272906012,none
QNTM,0.0,down
QNTM,3.3373492979176236,down
QNTM,0.05617977676272323,none
QNTM,1.7429515800219932,up
QNTM,0.844888899061415,up
QNTM,0.9558497232502525,up
QNTM,1.5241379770913772,down
STEM,0.04199823222001964,down
STEM,0.36211026853364237,up
STEM,0.9833845872145432,up
STEM,0.6374206807081402,up
STEM,0.030797114844984153,down
STEM,0.033532970679734264,down
STEM,0.3404848503343987,none
STEM,0.026086973107379396,down
STEM,0.015861523905866814,down
STEM,0.23319637674272387,none
STEM,0.026135638008723205,down
STEM,0.07874015866287354,down
O,0.027555892285741512,none
O,0.08044942968937074,up
O,0.009977929654661821,none
O,0.07188377676797564,none
O,0.011157252452901556,down
O,0.01726962816634403,down
O,0.03385307009044003,none
O,0.0476610100915118,none
O,0.05004449382291254,none
O,0.05922353210776321,none
O,0.021408289502170996,none
O,0.037074798434473255,none
WMS,0.1016408449609647,none
WMS,0.14051885113038298,up
WMS,0.06596040090560318,none
WMS,0.0055088477714706485,down
WMS,0.1750772949811954,up
WMS,0.059757632885154566,none
WMS,0.022614205377360586,down
WMS,0.24864235760009623,up
WMS,0.09376113087151072,none
WMS,0.30580684397507185,up
WMS,0.013762084157892707,down
WMS,0.09775683110253541,down
PMT-PC,0.045490535636088625,none
PMT-PC,0.004392375948713223,down
PMT-PC,0.05498389664291303,none
PMT-PC,0.011736522461291532,down
PMT-PC,0.0356238142526637,none
PMT-PC,0.021617341693698666,none
PMT-PC,0.10129585162554844,none
PMT-PC,0.007996667056353601,down
PMT-PC,0.01730032607331511,down
PMT-PC,0.0725501072743795,up
PMT-PC,0.021651129328657204,none
PMT-PC,0.02124207105166631,down
NI,0.14609497495732549,none
NI,0.13844472044888123,up
NI,0.03837726308389877,down
NI,0.00210607700583898,none
NI,0.14419836460703483,up
NI,0.049141984410896455,none
NI,0.05541384411048078,none
NI,0.04866447300061383,none
NI,0.04542292299815287,none
NI,0.10826819381088115,up
NI,0.07905730758857255,up
NI,0.06854070943468549,none
OKTA,0.05593939629249545,none
OKTA,0.0769388566036251,none
OKTA,0.4776892266491708,up
OKTA,0.11922723531316315,none
OKTA,0.2412434938855057,up
OKTA,0.12070876483370152,none
OKTA,0.027952219930553523,down
OKTA,0.08301037088358187,none
OKTA,0.11233200055149584,none
OKTA,0.06878476758953656,down
OKTA,0.40480526539583583,up
OKTA,0.052406995378942334,down
BBDO,0.09023480099757375,down
BBDO,0.17836591187488327,up
BBDO,0.20363643780172858,up
BBDO,0.09570416600096121,none
BBDO,0.07968123692122009,none
BBDO,0.040565466606007794,none
BBDO,0.25563654153977455,up
BBDO,0.02878899177930405,none
BBDO,0.03879857090409322,down
BBDO,0.09597517588312687,none
BBDO,0.050579720717651044,none
BBDO,0.015381220748301727,none
IVA,0.16995075540520177,none
IVA,0.16793895028487382,none
IVA,0.26884426294813557,none
IVA,0.13221158916075737,none
IVA,0.06980394849590232,down
IVA,0.1307946964970943,none
IVA,0.11967213614529681,down
IVA,0.35041313406532426,up
IVA,0.5059906786029771,up
IVA,0.0,down
IVA,0.23387099927058008,none
IVA,0.11790392376602243,down
MTEX,0.1572346374827367,none
MTEX,0.09740520935968999,down
MTEX,0.2959310325282918,up
MTEX,0.0207546514563417,down
MTEX,0.6831026777824682,up
MTEX,0.09663962650180191,none
MTEX,0.1423913529104015,down
MTEX,0.0320209467889887,down
MTEX,0.09122803690886827,up
MTEX,0.09403973777620078,none
MTEX,0.06022724107769961,down
MTEX,0.11207917980544346,down
FERG,0.04202322112315593,down
FERG,0.09250855673940017,up
FERG,0.08028938577304201,none
FERG,0.08669947684924928,none
FERG,0.03738266826462322,none
FERG,0.04558518687819779,down
FERG,0.09210385064004467,up
FERG,0.0840895641480639,up
FERG,0.0708376348727846,none
FERG,0.2537867113578607,up
FERG,0.0692051035227077,none
FERG,0.05275852769135492,down
ASCIX,0.028428729679922826,up
ASCIX,-0.0014222718960583691,down
ASCIX,0.010443314060286868,up
ASCIX,0.010744948880693661,down
ASCIX,0.00599876522996956,down
ASCIX,0.014535213211970266,up
ASCIX,0.012183456023536987,up
ASCIX,0.011716853143544537,down
ASCIX,0.02467518839655969,up
ASCIX,0.011716853143544537,down
ASCIX,0.010854211244893719,up
ASCIX,0.011949225581529666,down
LOT,0.0030487533034542214,down
LOT,0.011687704868331483,up
LOT,0.010251688261361913,up
LOT,0.11650486223456546,none
LOT,0.012651821715800926,up
LOT,0.6611264910297376,down
LOT,0.008442791170371278,none
LOT,0.1057692484037418,none
LOT,0.14814809254985217,down
LOT,0.05531919987939071,down
LOT,0.061032802365112104,down
LOT,0.10746272948144742,down
BANC,0.07014355474407385,none
BANC,0.02387634891175283,down
BANC,0.13196351351712865,up
BANC,0.2795277898565598,up
BANC,0.00717116341317614,down
BANC,0.004439615916935757,down
BANC,0.037718160070449036,down
BANC,0.045822035750186174,none
BANC,0.0761540032687853,none
BANC,0.1234816639815497,down
BANC,0.2556614257120362,up
BANC,0.008966249182636776,none
CNXC,0.02893266949217055,down
CNXC,0.19218146500201905,up
CNXC,0.006251285091525949,down
CNXC,0.24329648251816627,up
CNXC,0.23347488572539543,none
CNXC,0.06262042823776959,none
CNXC,0.2696972304264891,up
CNXC,0.03371029507126111,down
CNXC,0.023823607696179527,down
CNXC,0.18362709632461027,up
CNXC,0.03224047141662645,none
CNXC,0.1261444413006807,none
KEY-PK,0.07078807263236064,up
KEY-PK,0.2260795161756377,up
KEY-PK,0.04359980202704694,none
KEY-PK,-0.0007637861943069479,down
KEY-PK,0.050541789033271334,down
KEY-PK,0.05090419585058492,down
KEY-PK,0.014291535368670338,down
KEY-PK,0.035169682750057385,down
KEY-PK,0.03527407664057303,none
KEY-PK,0.10835514569252558,none
KEY-PK,0.02549447465155308,none
KEY-PK,0.01890293444967517,down
BTDPF,0.13566421166571896,down
BTDPF,0.17573426394606906,up
BTDPF,0.17573426394606906,up
BTDPF,0.17573426394606906,up
BTDPF,0.09312189074569543,down
BTDPF,0.06825248466293488,down
BTDPF,0.17573426394606906,up
BTDPF,0.06825248466293488,down
BTDPF,0.15033433658669737,up
BTDPF,0.09312189074569543,down
BTDPF,0.13566421166571896,down
BTDPF,0.17573426394606906,up
CACC,0.11209777102443352,none
CACC,0.26624392625762194,up
CACC,0.05972405883982468,none
CACC,0.006282963864139068,down
CACC,0.061787388211292704,down
CACC,0.1280306971239653,none
CACC,0.0014060186779374373,down
CACC,0.08371176005350511,none
CACC,0.15103685994328497,none
CACC,0.04701289036804468,down
CACC,0.14173036949713436,up
CACC,0.028871129816662622,down
STEX,0.0326087170602698,down
STEX,0.05336427427540946,down
STEX,3.508320663965071,up
STEX,0.16332511479067202,none
STEX,0.11368908502028763,none
STEX,0.024531036147904306,down
STEX,0.3684210196096147,none
STEX,0.20665495979953796,down
STEX,0.7727272776532763,up
STEX,0.1866028835491409,none
STEX,0.35454541986638843,none
STEX,0.04000002543131509,down
AGPU,0.1428571428571428,down
AGPU,0.3580246913580247,up
AGPU,0.06862745098039214,none
AGPU,0.23278691859844614,none
AGPU,0.2973450967344211,up
AGPU,0.19068404093422298,down
AGPU,0.8372094157968393,up
AGPU,0.35602090720425883,down
AGPU,0.30952380952380953,none
AGPU,3.135135130490995,up
AGPU,0.10650072269960553,down
AGPU,0.08606552224448549,none
RVP,0.08695652549493671,none
RVP,0.02150535566956502,down
RVP,0.31552162556575114,down
RVP,0.012195110427418276,down
RVP,0.15740736141617107,none
RVP,0.13772456585867277,up
RVP,0.015873000254767344,down
RVP,0.012345667202249944,down
RVP,0.0410256008973342,none
RVP,0.09876541120398064,none
RVP,0.11627906460965787,down
RVP,0.034482829494228984,down
IPSI,0.49999994481051635,down
IPSI,0.2040816714420075,down
IPSI,0.4615384968074834,none
IPSI,0.11111111111111116,down
IPSI,0.3200000127156575,none
IPSI,0.14285712547969576,down
IPSI,0.6999999006589293,none
IPSI,0.33333333333333326,down
IPSI,0.34375005238689593,up
IPSI,1.6666667701469517,none
IPSI,0.176470656983444,down
IPSI,0.2857142992300783,none
SIRI,0.004237350642102733,down
SIRI,-0.032423315675272235,down
SIRI,0.090900399138514,down
SIRI,0.06666662995917605,none
SIRI,0.09569787377538397,down
SIRI,0.18279316312416372,none
SIRI,0.059911860756957536,down
SIRI,0.15825426352523508,none
SIRI,0.04445256255644736,down
SIRI,0.033536602876069965,none
SIRI,0.10737233859282491,up
SIRI,0.0033584414987455347,down
FLEX,0.033831355216997094,down
FLEX,0.23963815824269163,up
FLEX,0.30173254018927587,up
FLEX,0.11235253863239203,none
FLEX,0.11111105444456748,none
FLEX,0.11725448277833306,up
FLEX,0.30143774690371705,up
FLEX,0.19855590834321557,up
FLEX,0.38753758529768345,up
FLEX,0.07695263719707124,none
FLEX,0.2709418827966097,up
FLEX,0.3314679687763,up
ZCSH,-0.03333336186205149,down
ZCSH,3.758139110913871,up
ZCSH,0.2839505097212376,none
ZCSH,0.0,down
ZCSH,0.34999998374418806,none
ZCSH,1.272727285042282,up
ZCSH,0.02564110401662978,none
ZCSH,0.31219518038575655,none
ZCSH,0.7303921751955851,up
ZCSH,0.35238097292495785,none
ZCSH,0.3776470633114086,none
ZCSH,0.7391304708383493,up
EMF,0.05113638694061562,none
EMF,0.20352238141502577,up
EMF,0.1552000982456938,up
EMF,0.07042242302283319,none
EMF,-2.1191356114336202e-07,down
EMF,0.088687036679584,up
EMF,0.11021590170926454,up
EMF,0.012355395676544312,down
EMF,0.08573940986517647,up
EMF,0.07059855022966532,down
EMF,0.1514121787362599,up
EMF,0.0653695800182319,down
ARLSF,0.49484527372049714,none
ARLSF,0.5747187874748838,up
ARLSF,0.09576823222260167,down
ARLSF,3.384724391210085,up
ARLSF,0.1360655776149191,none
ARLSF,0.03529408299799286,down
ARLSF,1.1072203908103195,none
ARLSF,0.0,down
ARLSF,0.4443415276563232,up
ARLSF,2.876211272469707,up
ARLSF,-0.062499941792337754,down
ARLSF,0.14618259245745513,down
RWTN,0.05203842660674041,up
RWTN,0.027014137518700965,none
RWTN,0.016432830617080008,down
RWTN,0.04636632349930703,up
RWTN,0.027176602004649997,none
RWTN,0.0194212928931079,none
RWTN,0.01700265760307884,none
RWTN,0.05228210179281234,none
RWTN,0.032944094330650264,none
RWTN,0.010358622095445469,down
RWTN,0.026720606834856886,up
RWTN,0.01761003736299327,none
NRXS,0.27331195232241545,up
NRXS,0.3288590646983214,up
NRXS,0.4354243727480003,none
NRXS,0.21296286178224277,down
NRXS,0.09666665395100904,none
NRXS,0.9565217804443034,up
NRXS,1.6956521468712382,up
NRXS,0.2945205043238679,down
NRXS,0.44160887634018686,down
NRXS,0.8599033955529058,up
NRXS,0.43726228399549627,up
NRXS,0.5367965542218565,none
RCAT,0.25806448068699717,down
RCAT,0.9099097821960391,up
RCAT,0.12307699361496671,down
RCAT,0.6915995382800706,up
RCAT,0.14224145328460147,down
RCAT,0.6685714721679688,up
RCAT,0.6006389922374569,up
RCAT,0.13413300623794777,none
RCAT,0.5726681799695681,up
RCAT,0.212317679988121,down
RCAT,0.07317077992999343,none
RCAT,0.4822335197395453,up
TRSG,0.10614528562546388,none
TRSG,0.09409193397187687,none
TRSG,0.04081628681073313,none
TRSG,0.3962263828412045,none
TRSG,0.04511273747632516,down
TRSG,0.20316622392524808,none
TRSG,0.29166670547177476,down
TRSG,0.157360374760114,none
TRSG,0.1568627854302871,none
TRSG,0.08171207922250678,down
TRSG,0.08780491265564216,none
TRSG,0.18518511159920692,none
SPRS,0.04166662527455389,none
SPRS,0.11821082173512054,up
SPRS,0.07812499883584678,up
SPRS,0.09523807721703914,down
SPRS,0.07305928914686,up
SPRS,0.044117603747491074,down
SPRS,0.05490200294984571,down
SPRS,0.07812499883584678,down
SPRS,0.03555552164713549,none
SPRS,0.028985479203023967,down
SPRS,0.25915488738953085,up
SPRS,0.10759490662479965,up
CMTL,0.14605265097935138,down
CMTL,0.028148156625253273,down
CMTL,0.09401710969221488,down
CMTL,0.29001235990956653,up
CMTL,0.9555554479097805,up
CMTL,0.5636363399915456,up
CMTL,0.20454539604916033,none
CMTL,0.12052113486207716,none
CMTL,0.9236110214282001,up
CMTL,0.9507042708744078,up
CMTL,0.08091414434640276,down
CMTL,0.0420012527946072,down
AVBP,0.6140624239419927,up
AVBP,0.35623629119278233,up
AVBP,0.1379490709096851,none
AVBP,0.2158069831710101,none
AVBP,0.02063601560799677,none
AVBP,0.33164232025507423,up
AVBP,0.04496473425055236,down
AVBP,0.2479458206065368,none
AVBP,0.16644230292015139,none
AVBP,0.24725648567218794,up
AVBP,0.010940160506810903,down
AVBP,0.017299571063864372,down
ARKB,0.08419731045857182,none
ARKB,0.02015833877407336,down
ARKB,0.17161814471247938,up
ARKB,0.10529086136543264,up
ARKB,0.6582405503213167,up
ARKB,0.012928902088048755,down
ARKB,0.10584624524771336,none
ARKB,0.1463727611026271,down
ARKB,0.03769501049000423,down
ARKB,0.004907464839142062,down
ARKB,0.0018178008977565163,down
ARKB,0.2884969664121315,up
RMBS,0.2325772944184923,up
RMBS,0.16763202767793528,none
RMBS,0.09298397198341846,none
RMBS,0.08965011066305872,down
RMBS,0.10661766463647515,down
RMBS,0.048901420103486526,down
RMBS,0.12636315006432564,none
RMBS,0.3396929372805362,up
RMBS,0.20149518749257322,up
RMBS,0.36734489997101316,up
RMBS,0.5589414689475007,up
RMBS,0.24080878872566247,up
SHNY,0.5540932359581092,up
SHNY,0.014492759187345827,down
SHNY,0.18040402333128447,up
SHNY,0.050655565851979834,down
SHNY,0.2532009735352878,up
SHNY,0.17056005256001772,none
SHNY,0.03745473416971801,down
SHNY,0.1725752860685148,up
SHNY,1.064121151443683,up
SHNY,0.09918017679043944,down
SHNY,0.3272462141636432,down
SHNY,0.22659562199099037,up
GNK,0.08387573229082834,none
GNK,0.05548216334507372,down
GNK,0.26261158523821737,up
GNK,0.2756194592259531,up
GNK,0.2826114305409504,up
GNK,-0.003804267982405296,down
GNK,0.05515503742423555,down
GNK,0.17222178494030782,none
GNK,0.1285604745316118,none
GNK,0.2192915396915769,up
GNK,0.07836106894515549,none
GNK,0.13303018482371676,none
CXW,0.15534971540377263,up
CXW,0.13727562345071975,none
CXW,-0.009861970225235495,down
CXW,0.03472933134961287,none
CXW,0.10488394264393341,down
CXW,0.12693802891037897,none
CXW,0.09894732425087382,none
CXW,0.05802042116112127,down
CXW,0.6577415038611041,up
CXW,0.12518194310048814,up
CXW,0.08771930118089988,none
CXW,0.36413047750490457,up
JPOTF,0.2031250363797894,down
JPOTF,0.045081967838835446,down
JPOTF,0.2690355405941618,none
JPOTF,0.28571419068137294,none
JPOTF,1.205437933177524,up
JPOTF,0.062499970896169765,down
JPOTF,0.12412178680626074,down
JPOTF,-0.017857178494485204,down
JPOTF,0.20754724142601577,none
JPOTF,0.5,up
JPOTF,0.05924041239999123,none
JPOTF,0.3894736941171155,down
EGAN,0.31529099359121804,up
EGAN,0.6078628716325538,up
EGAN,0.18712280572147044,none
EGAN,-0.11664486631373638,down
EGAN,0.08238635324557442,down
EGAN,0.16554056847794985,none
EGAN,0.04843749033752842,down
EGAN,0.33333336544358083,up
EGAN,0.197674420753728,up
EGAN,0.3358779209462197,up
EGAN,0.09116410728394486,none
EGAN,0.922126068905031,up
RF-PC,0.006160059158058395,down
RF-PC,0.05576119529699808,up
RF-PC,0.15739820788692493,up
RF-PC,0.015152017568937692,down
RF-PC,0.015384630943427124,down
RF-PC,0.05262428705260058,up
RF-PC,0.2424653218311421,up
RF-PC,0.07163796322214,up
RF-PC,0.05032802849019791,none
RF-PC,0.0036057754763252348,none
RF-PC,0.036333577830141905,up
RF-PC,0.05263164889673333,none
ADCT,0.08962267333818863,down
ADCT,0.2809524663721932,none
ADCT,0.04024150795680059,down
ADCT,0.8668831631272345,up
ADCT,0.2264492761447785,none
ADCT,0.18777295804374328,down
ADCT,-0.0126436389757274,down
ADCT,0.8081760626701966,up
ADCT,0.17346938113512222,none
ADCT,0.010964954246114766,down
ADCT,0.4769231356107271,up
ADCT,0.39795916133103737,up
RAPP,0.09919205638971618,down
RAPP,0.2422159272946145,none
RAPP,0.1512859273526701,none
RAPP,0.32413785789299476,none
RAPP,0.39218455807297437,none
RAPP,0.2800865457363617,none
RAPP,0.09379189096542007,down
RAPP,1.780855364308299,up
RAPP,0.04894652221102813,none
RAPP,0.0739532710978279,down
RAPP,0.09831963058672621,none
RAPP,0.09733240033226642,none
KVACF,0.016775425242773645,up
KVACF,0.014605609721943136,up
KVACF,0.008628969314912638,up
KVACF,0.009416231878279557,up
KVACF,0.007590125616280252,up
KVACF,0.015784504679113853,up
KVACF,0.011235944019676314,up
KVACF,0.014219319207727121,up
KVACF,0.012183703234430743,up
KVACF,0.009689959731285613,up
KVACF,0.009416231878279557,up
KVACF,0.019626172139286746,up
RITE,0.5000001091393669,none
RITE,0.16793892912692132,down
RITE,0.30769232146926884,down
RITE,0.0,down
RITE,0.15151517717142093,down
RITE,0.12500000909494724,none
RITE,0.6999999417923419,down
RITE,0.19999999999999996,none
RITE,0.14285715473625782,down
RITE,0.30693073689195693,none
RITE,2.3333333333333335,up
RITE,0.2857143094725154,none
ECCV,0.008333504682260573,down
ECCV,0.028924707486484236,up
ECCV,0.018599496319513742,none
ECCV,0.011705661097102915,none
ECCV,0.05020740342263008,none
ECCV,0.021781644832901348,none
ECCV,0.06369750533102825,up
ECCV,0.059083269736105004,up
ECCV,0.024379664842535842,up
ECCV,0.007894926892149545,none
ECCV,0.025984472825077765,none
ECCV,0.01673998620118966,none
STAI,0.15177663224983662,down
STAI,0.008695666916704425,up
STAI,0.04846940140881051,down
STAI,0.0096432018266992,down
STAI,0.5789473684210527,none
STAI,1.0088300132451251,up
STAI,0.019474197268067428,up
STAI,1.0967742580528954,up
STAI,0.0,down
STAI,1.4234593116268712,up
STAI,0.024604545707858083,down
STAI,0.01187217398865581,up
DOGP,0.08333331781129005,down
DOGP,0.6987179349409871,none
DOGP,0.7058822859117324,down
DOGP,4.111111341067312,up
DOGP,0.4682328399958948,none
DOGP,0.06849311922723533,none
DOGP,0.9444445378641488,down
DOGP,0.0,down
DOGP,0.10497229495571014,down
DOGP,0.17982873305462532,down
DOGP,0.752021572544509,none
DOGP,0.009070279077452614,down
MRX,0.32090084479931,up
MRX,0.09990120727519947,none
MRX,0.1544218386009788,none
MRX,0.27790704796791177,none
MRX,-0.0049249978492739155,down
MRX,0.014902342531144086,down
MRX,0.2307061337096532,down
MRX,0.3028871928066392,up
MRX,0.20414028560432573,up
MRX,0.15114783135596732,up
MRX,0.05176455646465117,none
MRX,0.2731725931551494,up
UBCP,0.15286690685800264,up
UBCP,0.1421911595333678,up
UBCP,0.034696562207229054,none
UBCP,0.04173442333077437,none
UBCP,0.04517872795038036,none
UBCP,0.1785675499572863,up
UBCP,0.1865378932499009,up
UBCP,-0.0007256321316005954,none
UBCP,0.07096192084012376,none
UBCP,0.030052532797701037,down
UBCP,0.1404733414749728,up
UBCP,0.014505115436928229,down
LSEGY,0.005496713811203868,down
LSEGY,0.14760069931143116,up
LSEGY,0.11274697429866243,up
LSEGY,0.049244484252528586,down
LSEGY,0.008550929255292994,down
LSEGY,0.01346930850564143,down
LSEGY,0.14589746123924652,up
LSEGY,0.11513857424898521,up
LSEGY,0.05301454434532027,none
LSEGY,0.03391710058581365,none
LSEGY,0.07704044081326322,down
LSEGY,0.05541493114968188,none
BROS,0.11772105161728397,none
BROS,0.012434527461170353,down
BROS,0.0493103553508889,none
BROS,0.2388199698035396,up
BROS,0.14511875327956592,none
BROS,0.6139240846674074,up
BROS,0.05642967937915033,down
BROS,0.1255116078949141,none
BROS,0.13284715733008157,none
BROS,0.5257731538852537,up
BROS,0.036523841941670465,down
BROS,0.164988439356357,none
CRMT,0.0021420509318981207,down
CRMT,0.09602070320225575,none
CRMT,0.14557079855165522,down
CRMT,0.20192308018872707,up
CRMT,0.39828567504882817,up
CRMT,0.1317610009829444,down
CRMT,0.031708121919818755,down
CRMT,0.07905260698689687,down
CRMT,0.03901285387288178,down
CRMT,0.10128519188541829,none
CRMT,0.3200678363080738,up
CRMT,0.13344262694148878,down
GRML,1.1250000698491949,down
GRML,0.10098036786584985,up
GRML,0.18356164361191718,down
GRML,0.14664587825223774,down
GRML,0.01870914600468887,up
GRML,0.16316641048225167,down
GRML,0.012422348291186713,down
GRML,1.269938644698272,down
GRML,0.23626372861611689,down
GRML,0.010238877300792648,down
GRML,0.030285699026925128,up
GRML,2.1555555334797623,up
SKE,0.3022774453848678,up
SKE,0.20136055377988082,none
SKE,0.005813994320832405,none
SKE,0.23175964786904957,none
SKE,0.06843265528075015,down
SKE,0.38275492135045086,up
SKE,0.31929035638659364,up
SKE,0.47510370960499393,up
SKE,0.19832981562230034,none
SKE,0.11887471973918817,down
SKE,0.41393444833496673,up
SKE,0.16639861962162117,up
CTO,0.031620476642546524,down
CTO,0.01827249714526058,down
CTO,0.1655174405694917,up
CTO,0.15576676867099093,up
CTO,0.07053531288333481,up
CTO,0.05156712523600682,down
CTO,0.08029651778314695,up
CTO,0.09068156299342989,none
CTO,0.09211840243706693,up
CTO,0.054647793202429185,none
CTO,0.0777046181721952,none
CTO,0.08564693591302475,none
IPAR,0.0035682636690896885,down
IPAR,0.24307418581489304,up
IPAR,0.03391740976609681,down
IPAR,0.10021762996740602,down
IPAR,0.041108701659084534,none
IPAR,0.1370787660592283,down
IPAR,0.09699999806173043,none
IPAR,0.014649854179743516,down
IPAR,0.03644026838529468,down
IPAR,0.023572694198141786,down
IPAR,0.01323814421166225,down
IPAR,0.1436077405428442,none
YGMZF,0.05759163153269253,none
YGMZF,0.3600000536441794,up
YGMZF,0.10067112429400504,down
YGMZF,0.24157307509475467,none
YGMZF,0.5225225544509902,up
YGMZF,0.013986084524057807,down
YGMZF,0.8105263686246165,up
YGMZF,1.0312499697320168,up
YGMZF,1.9953915997556484,up
YGMZF,0.0703125276486396,none
YGMZF,2.915662729336954,up
YGMZF,0.5258620964290137,up
FBK,0.07338430933480722,none
FBK,0.1620930419022404,none
FBK,0.24525311108740522,up
FBK,0.04758261396577135,none
FBK,0.07576407493385706,none
FBK,0.09848326939404162,none
FBK,0.028035459949359742,down
FBK,0.09944572056017598,none
FBK,0.08433188425227645,none
FBK,0.022641487859393017,down
FBK,0.06217711546329041,down
FBK,0.07287022262176013,none
PULM,0.0275256521638354,down
PULM,0.7523363626974766,up
PULM,0.04166662527455389,down
PULM,3.2412057989628194,up
PULM,0.07142850191878303,none
PULM,0.6461807763256016,up
PULM,0.03874809993540307,down
PULM,0.16759774229588298,none
PULM,0.11681641230658557,down
PULM,0.030188649368694698,down
PULM,0.08275862125664335,none
PULM,0.0,down
BIXT,0.059890090348194036,down
BIXT,0.2928621989237523,none
BIXT,0.14060962600380145,down
BIXT,0.27434374643952464,none
BIXT,0.14285716247684221,down
BIXT,0.38540147319193974,down
BIXT,1.7203481170575516,up
BIXT,0.0,down
BIXT,0.16199995430310743,down
BIXT,0.0645161631452178,down
BIXT,0.2920681640289735,none
BIXT,0.07000001383679244,none
TEAM,0.035036899233941154,down
TEAM,0.03510986067923971,down
TEAM,0.11070834225131376,down
TEAM,0.03890102017324737,down
TEAM,0.02162101090802815,down
TEAM,0.4259462166622008,up
TEAM,0.018748443302880613,down
TEAM,0.2109866547044108,none
TEAM,0.05536809730099668,none
TEAM,0.010239557274692057,none
TEAM,0.40954758734715146,up
TEAM,0.058247366410858925,none
GRX,0.0799838063617524,up
GRX,0.1273685453409732,none
GRX,0.02825448459798019,none
GRX,-0.0009206448645148191,down
GRX,0.17372451278595125,up
GRX,0.13038901694834903,up
GRX,0.07251089894636631,up
GRX,0.039830447134894253,down
GRX,0.04462497570465929,down
GRX,0.02539674729457242,down
GRX,0.0365974855776241,none
GRX,0.06359547480532379,none
FVTI,0.29943506021124344,up
FVTI,0.010398603635680903,down
FVTI,1.0676691679902683,down
FVTI,0.5307692942534701,down
FVTI,0.8333333333333333,down
FVTI,-0.0017152233577253373,none
FVTI,0.5652173913043479,up
FVTI,0.04385965059044983,up
FVTI,0.04753520934621003,up
FVTI,-0.013157882353605488,down
FVTI,0.19999999999999996,both
FVTI,1.754591090229694,down
CULL,0.05396301441702822,up
CULL,0.04231820776192974,none
CULL,0.04671117938131997,up
CULL,0.0771374250053829,up
CULL,0.056188889008072396,up
CULL,0.027397293657004163,none
CULL,0.009372040881762356,down
CULL,0.0529100098339963,up
CULL,0.025390676998530592,none
CULL,0.0618996587110745,none
CULL,0.09273738932776898,up
CULL,0.043570633202930864,none
USL,0.1909062893676512,up
USL,0.07721659270044379,down
USL,0.01691006579693255,down
USL,0.011467811646122428,down
USL,0.016295940781215768,down
USL,0.133416521007377,down
USL,0.04907440621651071,none
USL,0.0758822158280692,up
USL,0.12627066000894183,up
USL,0.09122710989151206,up
USL,0.046013052827176715,none
USL,-0.00519068140613721,down
CRCE,0.0,down
CRCE,0.1347518168214794,down
CRCE,0.0,down
CRCE,0.0,down
CRCE,0.0,down
CRCE,0.0,down
CRCE,0.7156249029096231,up
CRCE,0.06666668256123853,down
CRCE,0.7156249029096231,up
CRCE,0.0,down
CRCE,0.06666668256123853,down
CRCE,-0.003999996185302779,down
WY,0.12384415637874446,up
WY,0.038654548423931345,down
WY,0.031132117382847824,down
WY,0.03501018717059323,down
WY,0.1240534157074431,up
WY,0.06693113129813866,none
WY,0.12347313923636727,up
WY,-0.0016605863549199462,down
WY,0.12198964208217866,none
WY,0.13711513697523436,up
WY,0.10312646100778267,none
WY,0.14106252212938042,up
SLDC,0.28571419068137294,none
SLDC,0.0,none
SLDC,1.5294118170726354,up
SLDC,0.16666664510827345,none
SLDC,2.3333332298530483,up
SLDC,0.33333333333333326,none
SLDC,0.632653119407907,none
SLDC,0.5333333540293903,none
SLDC,0.12499989813659829,none
SLDC,0.12499989813659829,none
SLDC,2.000000186264519,up
SLDC,0.10687024596691996,down
AVBH,0.026743049267433205,none
AVBH,0.19837689621237375,up
AVBH,0.08641305356260087,up
AVBH,0.07473114844842832,up
AVBH,0.4137931034482758,up
AVBH,0.011622265159888956,none
AVBH,-0.0004619043444821225,none
AVBH,0.012135922105364738,down
AVBH,0.0805405281685494,up
AVBH,0.0,down
AVBH,0.08405635532373146,up
AVBH,0.0,down
NVNXF,0.4888889654183113,none
NVNXF,0.14468082758893575,none
NVNXF,0.015209110308928908,down
NVNXF,0.3510847398128085,down
NVNXF,0.22727278269026918,none
NVNXF,0.03076929425347008,down
NVNXF,1.3116882698675445,up
NVNXF,0.1619047601026562,down
NVNXF,0.4736842039219229,up
NVNXF,0.057971045791138875,down
NVNXF,0.037383140086171496,none
NVNXF,1.539358615782024,up
PCVX,0.06784426111641229,down
PCVX,0.03276353556957279,down
PCVX,0.06067644982397846,none
PCVX,0.06014400845340773,down
PCVX,0.1949685583092151,down
PCVX,0.0163455804193815,down
PCVX,0.2940062924452751,up
PCVX,0.4481765875336645,up
PCVX,0.5366209974731382,up
PCVX,0.06033789071491036,down
PCVX,0.0690125077906858,down
PCVX,0.015937089509467706,down
GWTI,0.3888889693735593,down
GWTI,0.2300470033711255,down
GWTI,-0.20583330785131315,down
GWTI,0.012658324845329805,down
GWTI,0.6470587848585803,both
GWTI,1.2222221670327387,up
GWTI,0.6077171007298754,down
GWTI,0.1428571681992541,both
GWTI,0.7045455315142628,none
GWTI,0.5050908177614055,down
GWTI,0.0714285144088238,down
GWTI,0.0,down
FVN,0.007582931019879169,up
FVN,0.010967159848465524,up
FVN,0.011764694882648863,up
FVN,0.011764694882648863,up
FVN,0.005676482625262436,down
FVN,0.010967159848465524,up
FVN,0.010967159848465524,up
FVN,0.010967159848465524,up
FVN,0.013725524111832366,up
FVN,0.010456240674026507,up
FVN,0.014851446818306524,up
FVN,0.008893295810834756,down
BBN,0.04108767814998271,none
BBN,0.057924257790172407,down
BBN,0.05175286157551162,up
BBN,0.008192131229267208,down
BBN,0.02219573615626169,none
BBN,0.03295787227711955,none
BBN,0.19165041716708875,up
BBN,0.020640943451128324,none
BBN,0.013238750249605635,none
BBN,0.012774293579157048,down
BBN,0.05374139054270244,up
BBN,0.018904418244821697,none
JBI,0.014749224916912107,down
JBI,0.051934851805610416,down
JBI,0.22606592091331779,up
JBI,0.0688231258346701,none
JBI,0.01923073848341894,none
JBI,0.20451846590200362,up
JBI,0.03088809450802321,down
JBI,0.34801760726472963,up
JBI,0.27170580774023123,up
JBI,0.1465517125404434,none
JBI,0.2703398547566789,up
JBI,0.16759779937934294,up
BGR,0.10732538109779055,up
BGR,0.11631448695983249,none
BGR,0.0728798508856694,none
BGR,0.08142691782756883,none
BGR,0.009669557670945794,none
BGR,0.20323315945808562,up
BGR,0.12246501623383033,up
BGR,0.011025932476388167,down
BGR,0.07370702782429861,up
BGR,0.08550966267861182,up
BGR,0.08570679486765553,up
BGR,0.012116137148858508,none
BBY,0.1449273287027435,up
BBY,0.07464740939885006,none
BBY,0.18558089484054952,up
BBY,0.12582184222975634,down
BBY,0.17882804982101486,none
BBY,0.03504873651863316,down
BBY,0.029470155102488738,down
BBY,0.007193962874052051,down
BBY,0.045463776633398734,down
BBY,0.07217850848703966,none
BBY,0.14447118324594754,up
BBY,0.3205029167590949,up
RMSL,0.7045454256821515,none
RMSL,2.673469186052589,down
RMSL,0.09687500545696803,down
RMSL,0.893129811151955,up
RMSL,0.6975308109669325,down
RMSL,0.04651154731659979,down
RMSL,0.10204087373417092,down
RMSL,0.994444557122983,up
RMSL,0.13924051229817413,none
RMSL,0.16129029156886276,none
RMSL,0.2268518055412312,down
RMSL,0.18827160183315317,down
RWAYL,0.011464926801830755,none
RWAYL,0.01690812683720755,none
RWAYL,0.027203097462723314,none
RWAYL,0.024895379013111008,up
RWAYL,0.01735165212738443,up
RWAYL,0.003317616244037591,down
RWAYL,0.004526182963692893,down
RWAYL,0.024772884027109088,up
RWAYL,0.019040855436917914,down
RWAYL,0.007134492536539749,none
RWAYL,0.037916984704073675,up
RWAYL,0.012373448854550606,none
LPCN,0.04609265747846747,down
LPCN,0.08199998310634071,none
LPCN,0.5148247514213218,up
LPCN,0.2925925687372688,none
LPCN,0.17139333916545496,none
LPCN,0.3541203435051723,none
LPCN,0.25165566702849573,down
LPCN,0.23595510915499518,none
LPCN,0.08823533294013064,down
LPCN,0.2666667445812365,none
LPCN,0.06060606060606055,down
LPCN,0.40740749397915166,none
LCUT,0.351672732559001,up
LCUT,-0.005576336910850799,down
LCUT,0.0044378103991933315,down
LCUT,0.4809655498939245,up
LCUT,0.30828973898188905,up
LCUT,0.355579135953348,up
LCUT,0.2438764830496407,up
LCUT,0.13061221485844676,none
LCUT,0.058139658822769835,down
LCUT,0.12359561204980585,none
LCUT,0.05882359327353526,down
LCUT,0.1627080794686402,none
NOV,0.20112788684497507,none
NOV,0.12442161671903773,none
NOV,0.31820989922555976,up
NOV,0.20429254879845038,up
NOV,0.15514558031629533,none
NOV,0.1592036308887601,up
NOV,0.0068692788496764745,down
NOV,0.04530317759226632,down
NOV,0.433849859888338,up
NOV,0.07251903373915813,down
NOV,0.11587394150995456,none
NOV,0.01553267846445272,down
TPET,0.039548052658986865,none
TPET,0.05617972009838201,down
TPET,0.7604354639443622,up
TPET,0.1766784921161797,down
TPET,0.13043474505063335,none
TPET,0.31645563202320015,none
TPET,0.14959722968042377,none
TPET,0.7890625101863409,up
TPET,5.05041971685491,up
TPET,0.2052117681238701,down
TPET,0.25301199743350544,down
TPET,0.0,down
CNLPM,0.056811390162827546,up
CNLPM,0.022417604357415355,up
CNLPM,0.02483469574273567,up
CNLPM,0.004054125370543504,up
CNLPM,0.010526262324565883,down
CNLPM,0.056811390162827546,up
CNLPM,0.004054125370543504,up
CNLPM,0.013486862049552295,up
CNLPM,0.004054125370543504,up
CNLPM,0.03900944460057043,up
CNLPM,2.220446049250313e-16,down
CNLPM,0.11658198658144103,up
NCSYF,0.0,down
NCSYF,-0.00649350649350644,down
NCSYF,0.11003449538658394,up
NCSYF,-0.007581992227523093,down
NCSYF,0.0,down
NCSYF,0.0,down
NCSYF,-0.006535947712418277,down
NCSYF,0.004405286343612369,down
NCSYF,0.004405286343612369,up
NCSYF,0.0,down
NCSYF,0.0,down
NCSYF,0.11003449538658394,up
PSO,0.0392158656361401,down
PSO,0.10640074686131773,up
PSO,0.006630517429613514,down
PSO,0.028331371399028527,none
PSO,0.03377775239672687,none
PSO,0.08897493929363032,up
PSO,0.04166666954528431,none
PSO,0.23964130081854518,down
PSO,0.10156257188774354,up
PSO,0.1338873848104405,up
PSO,0.08735928624863476,up
PSO,0.13578675419148878,up
SNT,0.05780348135222191,down
SNT,0.15034176408247357,none
SNT,0.23676011882603576,none
SNT,0.01538469297646361,none
SNT,0.00348440044620002,none
SNT,0.005464475534834312,none
SNT,0.0573769931157615,none
SNT,0.4672130490784634,down
SNT,0.14492757128607558,none
SNT,0.4947735654760579,up
SNT,0.17241383917124886,up
SNT,0.1854459904713166,none
CWPE,0.027397248156933784,down
CWPE,3.038461503192517,down
CWPE,0.6000000238418579,down
CWPE,0.5503877016667238,down
CWPE,0.030303091878076893,down
CWPE,0.5483871355389216,none
CWPE,3.038461503192517,up
CWPE,0.06666660043928618,down
CWPE,0.666666603592968,down
CWPE,0.27478755502243457,down
CWPE,0.1428571681992541,down
CWPE,2.4285713525450983,up
CVRX,0.16414523694874728,down
CVRX,0.011686637197346972,down
CVRX,0.042951580021993285,down
CVRX,0.204081700176858,none
CVRX,0.09365250825781768,none
CVRX,0.43426884276270017,none
CVRX,0.37204964161195053,up
CVRX,0.3519163137850263,down
CVRX,0.0730235977131155,down
CVRX,0.04784942856964136,down
CVRX,0.10893038822969303,down
CVRX,0.6102040230458314,up
NRC,0.06622844932062555,down
NRC,0.03589505506065316,none
NRC,0.01938263023314235,down
NRC,0.008659033822187912,down
NRC,0.22198406920379243,up
NRC,0.028778572800672864,none
NRC,0.10173900919925472,down
NRC,0.02393317016259311,down
NRC,0.10175005279381066,down
NRC,0.06716425795452197,down
NRC,0.22973398353293062,up
NRC,0.08400684440236383,none
NWG,0.1252136826157022,up
NWG,0.18601398275963432,up
NWG,0.10712109339798692,down
NWG,-0.014347175110957178,down
NWG,0.034423405741683455,down
NWG,0.24705867332189912,up
NWG,0.05247376017913585,none
NWG,0.01912858270504958,down
NWG,0.1012987340849254,up
NWG,0.1906520386160393,up
NWG,0.028428106033545175,none
NWG,0.20743030523055994,up
GLUC,0.5957447989001041,down
GLUC,0.012658215432457043,none
GLUC,0.04761907465063331,none
GLUC,1.5266666203075006,down
GLUC,0.0697674434722726,none
GLUC,0.25560535899201864,down
GLUC,3.9925925778753966,up
GLUC,0.22923590013509076,down
GLUC,0.0,down
GLUC,0.8400000333786011,down
GLUC,0.01282057748038623,none
GLUC,0.6299212317567544,none
TMC,0.07981222857849635,none
TMC,0.5100671512333195,up
TMC,1.5843947452243206,up
TMC,0.3793104050700946,none
TMC,0.0945945837098896,none
TMC,0.15714288025486267,none
TMC,0.07339442317087297,down
TMC,0.0,down
TMC,0.05956470176171669,down
TMC,0.12264162401747924,none
TMC,0.0192307515962582,down
TMC,0.11574073614161717,down
ITIC,0.01876807871685271,none
ITIC,0.05766651489796737,none
ITIC,0.22473391962686606,up
ITIC,0.132836481343505,none
ITIC,0.014809318936367166,none
ITIC,0.12599081903962972,none
ITIC,0.07837966466213353,none
ITIC,0.014700200162370392,down
ITIC,0.13521932339775344,up
ITIC,0.12494436710829726,up
ITIC,0.026008879457144474,down
ITIC,0.015419358281149265,down
EQH,0.10776765730277726,down
EQH,0.06952583236370558,none
EQH,0.13580414995529932,up
EQH,0.05723238987158008,down
EQH,0.3157427104674033,up
EQH,0.06443180614419197,none
EQH,0.31970435070446546,up
EQH,0.15532940473225643,none
EQH,0.061702950065923634,down
EQH,0.15024782771128575,up
EQH,0.025474291150319184,down
EQH,0.09761926655776332,none
WEAT,0.046750356284907424,down
WEAT,0.03230341503286538,down
WEAT,0.023694379298221158,none
WEAT,0.16839128299713035,none
WEAT,-0.009815988365126538,down
WEAT,0.013362994515162097,none
WEAT,0.13840512085527545,none
WEAT,0.008726003606586596,down
WEAT,0.7160160802575306,up
WEAT,0.16564417177914104,none
WEAT,-0.0019880412651659407,down
WEAT,0.07394372649694003,up
DHCNI,1.5185847468401903e-08,down
DHCNI,0.014810720948359446,down
DHCNI,0.015201500201165397,down
DHCNI,0.12197763065214762,up
DHCNI,0.11822293121386873,none
DHCNI,0.0757782966170868,up
DHCNI,0.013201428074642418,down
DHCNI,0.14592120431049738,up
DHCNI,0.13958146258967097,none
DHCNI,0.14243057984673513,none
DHCNI,0.08135598682741985,none
DHCNI,0.12308558372719225,up
BANR,0.1127264791218412,none
BANR,0.016329099723422225,down
BANR,0.014925234626609551,down
BANR,0.06267345557022974,none
BANR,0.25497751087126663,up
BANR,0.09968207336036583,none
BANR,0.11728116394399879,none
BANR,0.09760330373532522,none
BANR,0.0011442674994956992,down
BANR,0.03831438102201168,down
BANR,0.09320037633650613,none
BANR,0.09322811479086446,up
NXP,0.049822296200381144,none
NXP,0.053390817667801516,none
NXP,0.04380560786237564,none
NXP,0.014284940475735697,down
NXP,0.004850658060415736,down
NXP,0.050798352493075294,none
NXP,0.09128058176327225,up
NXP,0.02241078621584558,none
NXP,0.014510184091544698,none
NXP,0.054249409340544785,up
NXP,0.01150991465581086,none
NXP,0.006802760117248452,down
UDR,0.028807748815015577,down
UDR,0.07374606650189275,down
UDR,0.020728998344765825,down
UDR,0.13565056539715226,up
UDR,0.015873011542373527,down
UDR,0.07163363583899462,none
UDR,0.009244010769737798,down
UDR,0.008001618367095231,down
UDR,0.1888792109199049,up
UDR,0.04560888453234213,down
UDR,0.04037326522905582,down
UDR,0.006770937128133925,none
ZD,0.2591288352935994,up
ZD,0.039440780760520155,down
ZD,0.0039146047359086555,none
ZD,0.1934312276301413,up
ZD,0.0346338376140769,down
ZD,0.20012671366185275,up
ZD,0.10624645016569878,down
ZD,0.1531889041086163,up
ZD,0.025717792367447423,down
ZD,0.06359294129419713,none
ZD,0.09204651332272906,none
ZD,0.06862897127400136,none
TBNGY,0.17400213770850814,up
TBNGY,0.05681811732325337,down
TBNGY,-1.1102230246251565e-16,down
TBNGY,0.07538404621823158,down
TBNGY,0.025973983485416463,up
TBNGY,0.14126979492148917,up
TBNGY,-1.1102230246251565e-16,down
TBNGY,-1.1102230246251565e-16,down
TBNGY,0.025973983485416463,down
TBNGY,0.06639850979886575,down
TBNGY,0.030020674796389146,down
TBNGY,0.17400213770850814,up
WTI,0.07118664341001191,down
WTI,1.0477271164018944,up
WTI,0.08478164584175651,none
WTI,0.12714782574986216,down
WTI,0.0016920946745850873,down
WTI,0.3123211632330205,none
WTI,0.11055294122741466,none
WTI,0.13333342412483828,down
WTI,0.1987180430313067,down
WTI,1.1802538557076918,up
WTI,0.03927493275946592,down
WTI,0.6202533803951622,up
MYN,0.06518864339543029,none
MYN,0.07838479319704872,up
MYN,0.028311861141708583,down
MYN,0.045947516523125564,up
MYN,0.019568478192042216,none
MYN,0.08354983591770226,up
MYN,0.008792879834409018,down
MYN,0.02120906239623732,none
MYN,0.008095744797116389,none
MYN,0.030115873504240387,none
MYN,0.04151277029877343,down
MYN,0.21557391726029795,up
SBIG,0.33333333333333326,down
SBIG,0.818181855126846,down
SBIG,0.09788095680769504,up
SBIG,-0.01369865809938342,down
SBIG,0.041666673134184595,down
SBIG,0.027586263595383187,down
SBIG,0.027586263595383187,down
SBIG,0.2333333767950545,down
SBIG,0.0,down
SBIG,0.035714223942892476,down
SBIG,0.0,none
SBIG,0.14492757128607558,down
PCG-PE,0.10539333961408204,none
PCG-PE,0.12277484245691395,up
PCG-PE,0.019204374670701352,down
PCG-PE,-0.007253822725148629,none
PCG-PE,0.09067498385476269,up
PCG-PE,-4.870079176599873e-06,down
PCG-PE,0.04538515212587635,none
PCG-PE,0.04059780534231372,down
PCG-PE,0.12216936886230978,up
PCG-PE,0.09004003080124123,down
PCG-PE,0.026148344905355447,none
PCG-PE,0.05615915525758197,down
ROOT,0.30357134986181733,up
ROOT,1.9397861548410256,up
ROOT,0.5383652722405006,up
ROOT,0.9346165069162029,up
ROOT,0.1158974476349659,none
ROOT,0.03034956036312475,down
ROOT,0.05263159460222555,down
ROOT,0.3442546217958764,down
ROOT,0.18314468635577774,none
ROOT,1.7977741607056186,up
ROOT,3.2910800375452194,down
ROOT,0.33487305118962607,none
FTNT,0.021797444068374805,down
FTNT,0.02047145822119867,down
FTNT,0.1950099951162736,up
FTNT,0.12711342093870814,none
FTNT,0.2627713173343289,up
FTNT,0.24700528245783127,up
FTNT,0.18652478741251555,up
FTNT,0.20946851389567556,up
FTNT,0.02939685439244122,down
FTNT,0.03798068224798845,none
FTNT,0.17739127338796412,up
FTNT,0.05489279409573222,down
CHMG,0.14432007110970502,up
CHMG,0.09224608584098237,none
CHMG,0.06902563352273172,up
CHMG,0.04096371613393557,down
CHMG,0.12882716737073352,up
CHMG,0.1438095040428291,up
CHMG,0.07159314952331464,up
CHMG,0.045682929911601056,none
CHMG,0.05258521082985523,none
CHMG,0.04456837708921957,up
CHMG,0.07592885418854856,down
CHMG,0.1230633297005419,up
ACP-PA,0.008020114057169403,down
ACP-PA,0.046116167038138256,down
ACP-PA,0.10775139843339687,none
ACP-PA,0.008313035503077604,none
ACP-PA,0.166977205560644,up
ACP-PA,0.03799049834944501,down
ACP-PA,0.12440409487357629,up
ACP-PA,0.18005378311448972,up
ACP-PA,-0.00810264010295847,down
ACP-PA,0.00665349079809352,down
ACP-PA,0.051585636097433385,none
ACP-PA,0.028630689726112157,down
RITM-PA,0.028510068696914637,up
RITM-PA,0.017374997061580633,up
RITM-PA,0.09390477796082397,none
RITM-PA,0.025037695927025316,none
RITM-PA,0.021352314728341204,none
RITM-PA,0.02176484757733177,none
RITM-PA,0.017062465901011903,up
RITM-PA,0.07090985822240148,up
RITM-PA,0.08739822062344405,none
RITM-PA,0.003138575165487989,down
RITM-PA,0.0262425897685159,none
RITM-PA,0.017702647751069778,down
LASR,0.03693440640333745,down
LASR,0.03291318458106285,down
LASR,0.6364940605789953,up
LASR,0.08732872238345424,down
LASR,0.08571429057997104,down
LASR,0.5928124462516637,up
LASR,0.4966443783509946,down
LASR,0.4215201832033759,up
LASR,0.17389780708963753,none
LASR,0.009070358532538014,down
LASR,0.36595554232089134,up
LASR,0.11404835762729859,none
CFG-PE,0.04287144597245662,none
CFG-PE,0.023336832872850044,none
CFG-PE,0.012663867456970346,down
CFG-PE,0.015363856657516717,down
CFG-PE,0.1513760021513646,down
CFG-PE,0.0327831630203288,none
CFG-PE,0.16229494849129478,up
CFG-PE,0.06312821220750142,none
CFG-PE,0.01608726547474637,none
CFG-PE,0.16676355853821878,up
CFG-PE,0.08460724621573612,up
CFG-PE,0.11182082416845707,up
SKM,0.06621379270776107,down
SKM,0.12344382297565448,up
SKM,0.06022630736560397,down
SKM,0.16733733545507534,up
SKM,0.04624292210158809,down
SKM,0.00782794379263474,down
SKM,0.01800998165737866,down
SKM,0.10810808902677582,up
SKM,0.0027259082273518587,down
SKM,0.025315875325337522,down
SKM,0.02253267183263885,none
SKM,0.04908241198756902,none
SKYI,0.0,down
SKYI,0.2000000794728618,down
SKYI,0.6857721284225715,down
SKYI,0.5121951106047073,down
SKYI,0.2499999514092579,down
SKYI,0.0933333502875433,down
SKYI,0.5121951106047073,down
SKYI,0.9428571963796819,up
SKYI,1.4210526117657687,down
SKYI,1.066666603088379,up
SKYI,3.9850370648712543,up
SKYI,0.7283950272065769,none
MTPLF,0.09467904259479476,down
MTPLF,0.0157625956741565,down
MTPLF,0.33221476617458023,down
MTPLF,0.0660919591416329,down
MTPLF,4.882352879303138,up
MTPLF,0.2830188577393278,none
MTPLF,0.07468130079097657,down
MTPLF,1.213596442870684,up
MTPLF,0.9036045430663215,none
MTPLF,0.1442060395009459,down
MTPLF,0.42549368267832155,none
MTPLF,0.7374178903660638,up
IMTCF,0.33333333333333326,up
IMTCF,0.3626296285070554,down
IMTCF,-0.016020213982013254,none
IMTCF,1.1261763165141527,up
IMTCF,0.27910906443236083,none
IMTCF,0.48303239608412607,up
IMTCF,0.01273685855571971,down
IMTCF,0.4354395448350439,up
IMTCF,0.1817898976164274,none
IMTCF,0.27395715946785426,none
IMTCF,0.04279856493641354,down
IMTCF,0.1633246674096338,down
SPQS,0.5000001091393669,none
SPQS,0.0,down
SPQS,0.5000001091393669,none
SPQS,0.25,none
SPQS,0.857142872981677,up
SPQS,0.5000001091393669,none
SPQS,0.05357150578567538,down
SPQS,4.371428328144314,up
SPQS,0.33333323632056966,none
SPQS,0.04999991268851267,down
SPQS,0.0,down
SPQS,0.3750000272848417,down
IONQ,0.544117552775653,up
IONQ,0.5559964920932494,up
IONQ,0.501042381245846,up
IONQ,0.28811085326583363,down
IONQ,0.14925367424816982,none
IONQ,0.11179358833302544,down
IONQ,0.0336612965565688,down
IONQ,-0.012303502885768203,down
IONQ,0.26411288965815194,down
IONQ,1.4758028117302886,up
IONQ,0.909430645654034,up
IONQ,0.4885439606158579,up
ZJYL,0.3235748005439323,none
ZJYL,0.32570667685630683,none
ZJYL,0.06086954863175098,down
ZJYL,0.19346044486437286,down
ZJYL,0.019999980926513672,down
ZJYL,0.22171945750172717,down
ZJYL,0.32570667685630683,none
ZJYL,0.051036710149094944,down
ZJYL,0.3421875038417055,up
ZJYL,0.8521594449653569,up
ZJYL,0.03667472198879085,down
ZJYL,2.6350924140726457,up
IHD,0.0138343889197301,down
IHD,0.04834240104851384,none
IHD,0.05128572715596258,none
IHD,0.12691488173916143,up
IHD,0.09462899044485806,up
IHD,0.0902242029378042,up
IHD,0.01123627876553468,down
IHD,0.07365610473631068,up
IHD,0.0510820478539078,up
IHD,0.14254223264081722,up
IHD,0.07352920993496181,none
IHD,0.0138343889197301,down
RVLGF,0.2291666395030909,none
RVLGF,0.005226517379530504,down
RVLGF,-0.003952518420015094,down
RVLGF,0.24352326445677042,none
RVLGF,0.32547165865881533,up
RVLGF,0.14782605991471742,none
RVLGF,0.4814814440071393,up
RVLGF,0.06761574517210311,down
RVLGF,0.614730925541976,up
RVLGF,0.4949494998146837,up
RVLGF,0.5123286897233756,up
RVLGF,0.12059369325325142,none
FVNNU,0.09980039464221613,up
FVNNU,0.09433970126411562,up
FVNNU,0.09760961151734615,up
FVNNU,0.09760961151734615,up
FVNNU,0.09433970126411562,up
FVNNU,0.05688619448939969,up
FVNNU,0.0004755220425736173,down
FVNNU,0.05688619448939969,up
FVNNU,0.09542743519920749,up
FVNNU,0.0004755220425736173,down
FVNNU,0.0374753551848892,up
FVNNU,0.0364532860235689,up
AWHL,0.13793104708249837,down
AWHL,0.27272721434500813,down
AWHL,0.0,none
AWHL,-0.03174600171093711,down
AWHL,0.21153840745929808,down
AWHL,0.8285715012323289,up
AWHL,0.800000044703483,down
AWHL,0.22222216703273845,down
AWHL,1.083333327201168,up
AWHL,1.1176471206968626,up
AWHL,1.057926847218829,up
AWHL,0.005181333836864477,down
SHG,0.04809123220987099,down
SHG,0.04669883198118918,none
SHG,0.20092381579622165,up
SHG,-0.0016722511351828784,down
SHG,0.18283636204808262,up
SHG,0.4038740350216532,up
SHG,0.040664334286395265,none
SHG,0.043626793046782186,none
SHG,0.12812249574035706,up
SHG,0.3557444099253717,up
SHG,0.10853610058133101,up
SHG,0.33679565692919566,up
QTWO,0.23095245501892703,up
QTWO,0.021046872309745224,down
QTWO,0.1600560082282112,up
QTWO,0.056768527888888975,down
QTWO,0.26500587816318943,up
QTWO,0.1048296187120421,none
QTWO,0.07046566421781164,none
QTWO,0.09200811342469772,down
QTWO,0.13375037441299664,up
QTWO,0.45498007580608846,up
QTWO,0.20124574445130183,none
QTWO,0.07446095463749391,down
DYNC,0.012584715914913502,none
DYNC,0.146188356072408,down
DYNC,0.010513390621284202,up
DYNC,0.08213372386873918,both
DYNC,0.01693227857966728,up
DYNC,0.037037001061669184,none
DYNC,0.016096660748576852,up
DYNC,0.010516219529262294,none
DYNC,0.49411765255867546,up
DYNC,0.008587801194568145,none
DYNC,0.01983003164505659,none
DYNC,0.017509757767645073,up
ZEO,0.01243333808194258,up
ZEO,0.27160489920744224,down
ZEO,0.08235293045175962,down
ZEO,0.04888884226481127,down
ZEO,0.43636365370316943,down
ZEO,0.021455180644326166,none
ZEO,1.2014286211802045,up
ZEO,0.32374104483084065,none
ZEO,0.008919737485316714,up
ZEO,0.08158962356247268,up
ZEO,0.014218109620800279,down
ZEO,0.07954543114693746,down
ALCO,0.1877940616324174,up
ALCO,0.09930697233262364,none
ALCO,0.1870106996061558,up
ALCO,0.11119698807260048,up
ALCO,0.0008672957138622372,down
ALCO,0.018766832296022162,down
ALCO,0.09930697233262364,none
ALCO,0.08802977845098847,none
ALCO,0.02908541640627571,none
ALCO,0.29145615813699366,up
ALCO,0.06236783130881274,none
ALCO,-0.006293593764420735,down
RDW,0.8324937135867421,up
RDW,0.06499655075962063,down
RDW,0.23140879063082154,down
RDW,0.03692392048458126,down
RDW,0.19519522830619995,none
RDW,0.5629921607219088,up
RDW,0.08089259658778802,down
RDW,0.10479567739925733,none
RDW,0.4487805354602288,up
RDW,0.2506666819254557,none
RDW,0.3705357627525028,up
RDW,0.5210728690333808,up
LIVN,0.025593700441645995,none
LIVN,0.05442179362976085,none
LIVN,0.04545454234543067,down
LIVN,0.10615920392782496,none
LIVN,0.2380641703580153,up
LIVN,0.15145938601245867,none
LIVN,0.054186479640032426,none
LIVN,0.03599513174503377,down
LIVN,0.09310470281687677,none
LIVN,0.09328130442429661,none
LIVN,0.08964731430432327,none
LIVN,0.0953710663594538,down
TEAD,0.08074349635953282,down
TEAD,0.18212665485146196,none
TEAD,0.09090915221047258,down
TEAD,0.2075819646902093,none
TEAD,0.13490366255858355,none
TEAD,0.16027532961778568,none
TEAD,0.3041666625274553,up
TEAD,0.03287076528360666,down
TEAD,0.21806854808880405,down
TEAD,0.35217389546630473,up
TEAD,0.15198239273527037,up
TEAD,0.10663988575096339,none
GPGI,0.20804902894698984,up
GPGI,0.39334050040567337,up
GPGI,0.08977666988541189,none
GPGI,0.20199995787760994,none
GPGI,0.05113083613393177,down
GPGI,0.6830005639899857,up
GPGI,0.051647994738200476,down
GPGI,0.024782652648913883,down
GPGI,0.07692329952278376,none
GPGI,0.1391304538979068,down
GPGI,0.7418350387973771,up
GPGI,0.11988714339877515,none
FXE,-0.0006860494246295756,down
FXE,0.02584209562223183,up
FXE,-0.0027457893070984563,down
FXE,0.01230913914125975,none
FXE,0.03461822364817091,up
FXE,0.024250928703104524,none
FXE,0.04496307493585827,up
FXE,-0.0032869383393849816,down
FXE,0.02822988321020148,none
FXE,0.07538838282206073,up
FXE,0.003270999995599988,down
FXE,0.03926962830343683,up
TXMD,1.0,up
TXMD,0.21681416442674517,up
TXMD,0.09090909090909083,down
TXMD,0.10126578534686681,none
TXMD,0.21061100704254776,down
TXMD,0.009090900224102638,down
TXMD,0.20614036601226005,none
TXMD,0.17142857142857149,down
TXMD,0.013812207821973788,down
TXMD,0.7987805325704131,up
TXMD,0.057777828640408035,none
TXMD,0.9811320924470339,up
MGTX,0.7631579397667947,up
MGTX,0.14503813459561954,down
MGTX,0.411585375427278,up
MGTX,0.16101691422192665,none
MGTX,0.15853661231381988,none
MGTX,0.03185954274851288,none
MGTX,0.1479750464136349,none
MGTX,0.059412574801046114,none
MGTX,0.0969266774381512,none
MGTX,0.38546612377035516,up
MGTX,0.5812840898660836,up
MGTX,0.470775092450062,up
PNC,-0.0005008456840975839,down
PNC,0.06841317612988873,none
PNC,0.06128196495013327,down
PNC,0.09881641643526562,none
PNC,0.05912142662826647,down
PNC,0.04042088939311905,none
PNC,0.044647319958172726,none
PNC,0.03411033032439881,down
PNC,0.04358077973413588,none
PNC,0.009107259450298333,down
PNC,0.015213218299496845,down
PNC,0.036564175461147874,down
RL,0.0035260350034693744,down
RL,0.1460865793201218,up
RL,0.13531107105812668,up
RL,0.1647966446233795,none
RL,0.04924354610228754,down
RL,0.06124005269106503,none
RL,0.09907614561087019,none
RL,0.11447445133876477,none
RL,0.18114137973235978,up
RL,0.2981546145468996,up
RL,0.0908938698842523,down
RL,0.06404708979096774,none
WHEN,0.14285715473625782,none
WHEN,0.0,none
WHEN,1.0,none
WHEN,0.5000001091393669,none
WHEN,1.105263222390759,none
WHEN,0.0,none
WHEN,2.636363828785657,up
WHEN,0.0,none
WHEN,0.5000001091393669,none
WHEN,1.0,down
WHEN,0.5000001091393669,none
WHEN,0.0,down
HPHTF,0.2804878251694378,up
HPHTF,0.2931034244786954,up
HPHTF,0.2931034244786954,up
HPHTF,0.35647045550542855,up
HPHTF,0.35647045550542855,up
HPHTF,0.07780614363274263,down
HPHTF,0.35647045550542855,up
HPHTF,0.0951270190459037,up
HPHTF,0.06962029695153427,down
HPHTF,0.35647045550542855,up
HPHTF,0.4147238566139009,up
HPHTF,0.4147238566139009,up
EMD,0.06992763305944472,up
EMD,0.00840353346678735,down
EMD,0.10374356585344513,up
EMD,0.05917776379897588,up
EMD,0.05843973544195902,up
EMD,0.0987097506800576,none
EMD,0.020216554112191254,down
EMD,0.06905626812239651,up
EMD,0.03302943677413839,none
EMD,0.07832204650692076,up
EMD,0.053867567075867484,up
EMD,0.017485191817740775,none
CORZ,0.5846153528091411,up
CORZ,0.07149320798341896,down
CORZ,0.29124421532822664,none
CORZ,0.38918276559717224,up
CORZ,0.30758336016035237,up
CORZ,0.2584777834856098,none
CORZ,0.5655835826638773,up
CORZ,2.0321782464525793,up
CORZ,0.11417321504267308,down
CORZ,0.41074621855323,up
CORZ,0.13177404290723516,none
CORZ,0.1528735578005025,none
OPPPF,-1.1102230246251565e-16,down
OPPPF,-1.1102230246251565e-16,none
OPPPF,-1.1102230246251565e-16,down
OPPPF,-1.1102230246251565e-16,down
OPPPF,-1.1102230246251565e-16,down
OPPPF,0.0,both
OPPPF,-1.1102230246251565e-16,none
OPPPF,-1.1102230246251565e-16,down
OPPPF,-1.1102230246251565e-16,none
OPPPF,-1.1102230246251565e-16,none
OPPPF,-1.1102230246251565e-16,down
OPPPF,-1.1102230246251565e-16,down
GKOS,0.12361647671444342,down
GKOS,0.16766247326241168,none
GKOS,0.307267538014671,up
GKOS,0.2727748157286556,up
GKOS,0.0610398018918088,down
GKOS,0.26024089499062164,none
GKOS,0.022997471712990825,down
GKOS,0.4223350873453362,up
GKOS,0.41687255551525704,up
GKOS,0.13699717468316996,up
GKOS,0.13704659796971153,none
GKOS,0.3417735730489624,up
AAQL,1.7118643297268314,down
AAQL,1.6890755081890645,up
AAQL,0.0631578980390386,down
AAQL,0.021171623666442096,none
AAQL,0.0,none
AAQL,0.2576579697830852,none
AAQL,0.26007431803867,none
AAQL,0.0631578980390386,down
AAQL,3.2666664017571447,up
AAQL,0.0,none
AAQL,0.12773555930099656,none
AAQL,3.2666664017571447,up
TIGR,0.4231927709761856,up
TIGR,0.08024686270599068,none
TIGR,0.6873508532483024,down
TIGR,0.08936172198688119,none
TIGR,-0.004640366865901968,down
TIGR,0.3136573993589411,up
TIGR,0.4075098018619141,up
TIGR,0.11794872484577068,none
TIGR,0.33333333333333326,up
TIGR,0.5239656579305023,up
TIGR,0.18163262227831822,down
TIGR,0.10081740541343986,none
GS-PA,0.05567307657733367,none
GS-PA,0.06610758595387223,down
GS-PA,0.020588120187892578,none
GS-PA,0.04663202989172288,up
GS-PA,0.06872276590963033,up
GS-PA,0.0032529312211695416,down
GS-PA,0.029337052892459248,down
GS-PA,0.053455078689055746,up
GS-PA,0.06157656896294261,up
GS-PA,0.01397014029524235,none
GS-PA,0.06686900567069887,up
GS-PA,0.16608796680191484,up
BHST,0.15540546946967138,none
BHST,0.10320906865719093,up
BHST,0.29755177791565046,up
BHST,0.17142855412835756,none
BHST,0.016181291949422194,down
BHST,0.08275863883328127,none
BHST,0.03225801064423561,none
BHST,0.3862661772346765,up
BHST,0.05249617994455136,down
BHST,0.06875004204256263,none
BHST,0.2692307369848088,none
BHST,0.14798846656981035,none
IHRT,0.5777778346842688,up
IHRT,0.13196636006689966,none
IHRT,0.6620209655504246,up
IHRT,0.8933332761128743,up
IHRT,0.7423312407836775,up
IHRT,0.8396227857997887,up
IHRT,0.24539875909711317,none
IHRT,0.24832900144969527,down
IHRT,0.29523816768274624,down
IHRT,0.0484330703008089,down
IHRT,0.13871373624771244,none
IHRT,0.14716975564165824,down
OGEN,0.8529411737206622,up
OGEN,0.02941176470588225,down
OGEN,0.08928573519295568,down
OGEN,0.23076923076923084,down
OGEN,0.0714285714285714,down
OGEN,0.3605442647624897,none
OGEN,0.5666667090521917,up
OGEN,0.43333329094780826,up
OGEN,0.011164225287536134,down
OGEN,1.0322579818180455,up
OGEN,-0.012345725525951368,down
OGEN,2.266666715107267,up
ALCYF,0.019130458002505124,none
ALCYF,0.03558053404331463,up
ALCYF,0.07507215661185862,up
ALCYF,0.1018867815886162,up
ALCYF,0.09774435416307958,up
ALCYF,0.0036764670434088487,none
ALCYF,0.026673094795130803,up
ALCYF,0.021297218649918515,up
ALCYF,0.11502147609142499,up
ALCYF,0.13723611273565228,up
ALCYF,0.019178086009580042,none
ALCYF,0.10327837488844516,up
SENEA,0.1459890557911363,up
SENEA,0.08475216591955559,down
SENEA,0.15379639720115112,up
SENEA,0.18070176599665055,none
SENEA,0.04424239649917139,down
SENEA,0.030314694233197992,none
SENEA,0.10807100865838026,none
SENEA,0.0769357367428316,none
SENEA,0.1730077431925383,up
SENEA,0.11639999389648437,none
SENEA,0.39772259937410426,up
SENEA,0.04885378456379419,down
CCO,0.04999995157122683,none
CCO,0.07236843137199545,none
CCO,0.13440853702579614,none
CCO,0.1783439248632226,down
CCO,0.30555550036607193,up
CCO,0.13186806780807592,none
CCO,0.060869612089853975,down
CCO,0.17045451928515076,none
CCO,0.02017289125811139,down
CCO,0.2010050720856773,up
CCO,0.10457522145268605,none
CCO,0.21290326004345994,up
BULZ,0.03859995771617597,down
BULZ,0.14402779509524377,none
BULZ,0.10757240933256829,down
BULZ,0.28973376895336966,none
BULZ,0.35619657734240273,up
BULZ,0.22344953139032886,none
BULZ,0.13206950643662374,down
BULZ,0.03281146781579336,down
BULZ,0.20060099462454017,down
BULZ,0.596340434223406,up
BULZ,0.488098345379828,up
BULZ,0.10019848176279234,none
ST,0.10583773497002236,none
ST,0.12945028105210366,up
ST,0.0673515989800666,down
ST,0.02597762150217986,down
ST,0.042665550093592186,down
ST,0.09139016303799141,none
ST,0.16017448250214916,none
ST,0.2001764061123592,up
ST,0.026063845099119298,down
ST,0.024376760921106966,none
ST,0.076532239267592,none
ST,0.14572991762773535,none
RIOFF,0.1315789803903853,none
RIOFF,0.08148142261269875,none
RIOFF,0.1057692484037418,down
RIOFF,0.4444443340654771,up
RIOFF,0.3862069709689404,none
RIOFF,0.36877831852735543,up
RIOFF,0.3789473254924991,up
RIOFF,0.10891088670684423,none
RIOFF,0.270508987036028,none
RIOFF,0.3469827973796564,up
RIOFF,0.24844724808406693,none
RIOFF,0.09243688219037338,down
SRL,-0.0067372753357752835,down
SRL,0.25833345614244996,up
SRL,0.3684931308099244,up
SRL,0.03172588411667654,down
SRL,0.7317074075170864,up
SRL,0.1323153771650658,up
SRL,0.09955251424936651,none
SRL,0.3481781540376374,up
SRL,0.08623549163765043,down
SRL,0.6745283456981663,up
SRL,0.2002285918249831,none
SRL,0.04460081135049743,down
ERAS,0.2230216296253098,none
ERAS,0.5270506057371416,up
ERAS,0.36401858283335065,up
ERAS,0.2781954833304636,none
ERAS,0.23693513066274563,none
ERAS,0.2408088104780055,none
ERAS,0.06083644123571519,down
ERAS,0.7611465047951365,up
ERAS,0.07925805744255587,none
ERAS,0.33609954934932995,none
ERAS,0.1050420117558386,down
ERAS,0.06578953725149184,down
LWAY,0.11958142108448455,none
LWAY,0.12078016998439933,down
LWAY,0.008635611582778147,down
LWAY,0.10608022893118463,down
LWAY,0.30588231743868377,up
LWAY,0.6150979182701966,up
LWAY,0.39722863266593755,down
LWAY,0.23666667938232422,up
LWAY,0.23666667938232422,up
LWAY,0.022315818385074015,none
LWAY,0.37819213193564183,up
LWAY,0.37958852359372486,up
UAL,0.27180784904303756,up
UAL,0.05108299527817617,down
UAL,0.08225896188292992,none
UAL,0.0872228880268926,none
UAL,0.3352675561166294,up
UAL,0.12022139828424971,none
UAL,0.368046919729502,up
UAL,0.08770568529464895,none
UAL,0.10179756335754009,none
UAL,0.2555029269717064,up
UAL,0.3131325495543624,up
UAL,0.5523196063546958,up
MBUU,0.1922946236504599,none
MBUU,0.20675952238818907,up
MBUU,0.11786374983060433,none
MBUU,-0.00024986490010736606,down
MBUU,0.29258947926619383,up
MBUU,0.053062190802638076,down
MBUU,0.10645848003944103,none
MBUU,0.05872660953031361,down
MBUU,0.21472065984425193,none
MBUU,0.24871852268937267,up
MBUU,0.04814362685257367,down
MBUU,0.07937778049045141,none
TONX,0.024193548387096753,down
TONX,0.04615384615384621,down
TONX,2.990616662940178,up
TONX,0.279411700770106,down
TONX,2.258426966292135,up
TONX,0.20724346076458744,none
TONX,-0.019695672285579224,down
TONX,0.129032292797713,down
TONX,0.3396824325173262,down
TONX,0.198669116727193,down
TONX,0.022146494380989923,down
TONX,0.4654377672595269,up
TASK,0.03795177686363016,none
TASK,0.1102505523393913,down
TASK,0.28191491856726403,none
TASK,0.27432619235365974,up
TASK,0.3814362031350371,up
TASK,0.012257651155050064,down
TASK,0.4294736681741689,down
TASK,0.13496446946018836,none
TASK,0.04173350162035461,down
TASK,0.26466006732664193,down
TASK,0.11791256027488695,down
TASK,0.017187502235052943,down
BSBK,0.04974429025749205,up
BSBK,-0.006034456692907586,none
BSBK,0.024811168379576864,none
BSBK,0.1577539873435434,none
BSBK,0.11741933514994951,none
BSBK,0.023519204575776165,down
BSBK,0.20985919267169773,none
BSBK,0.17714282444545204,none
BSBK,0.02202643097776069,down
BSBK,0.06688773213191812,down
BSBK,0.009227211418924464,none
BSBK,0.04803074037741695,up
PPIH,0.06820955140252272,down
PPIH,0.22535210227096059,down
PPIH,0.05021834561241101,down
PPIH,0.007246427723635707,down
PPIH,0.048218033541545635,none
PPIH,0.1468225193930619,down
PPIH,0.18036813936610963,none
PPIH,0.015259371281227896,none
PPIH,0.510112377128703,up
PPIH,0.33363026799904105,up
PPIH,0.28698217673051674,up
PPIH,0.059793807743383276,down
NEXM,0.06502634127209928,down
NEXM,0.6053333282470703,none
NEXM,0.15384615384615374,down
NEXM,0.4248021503217203,up
NEXM,0.4351850840044651,up
NEXM,0.417910488126114,down
NEXM,0.6239316504051609,up
NEXM,0.13720316257530318,none
NEXM,0.35449740201954927,none
NEXM,0.10878660211342606,down
NEXM,0.15614041633406583,none
NEXM,0.532558107040844,up
SEII,0.9265060339382039,down
SEII,0.23214288684064432,down
SEII,0.05263158926673239,down
SEII,-0.24999994543031656,down
SEII,0.12499997574680921,down
SEII,1.2249998399289401,up
SEII,0.16666656965390314,down
SEII,0.0,none
SEII,1.5263158668689107,up
SEII,42.47826055266908,up
SEII,0.11782473669176685,down
SEII,-0.02999998584389707,down
IGIC,0.033112487580578165,none
IGIC,0.09825781964950098,none
IGIC,0.033707918417742455,none
IGIC,0.01418162669866918,none
IGIC,0.019108143551031853,none
IGIC,0.07175001030509676,none
IGIC,0.11875861593472958,none
IGIC,0.03600945696130364,none
IGIC,0.12452469799536092,none
IGIC,0.07157314389109826,none
IGIC,0.009062417391513922,down
IGIC,0.10206893394733307,none
AMZE,0.7391304112679957,up
AMZE,0.05064594424533575,down
AMZE,0.4130434692167875,none
AMZE,0.7211537641150376,down
AMZE,0.16481075562184877,none
AMZE,0.20240965372180764,none
AMZE,0.2316384307847481,down
AMZE,0.01657455222208637,none
AMZE,0.45255474850207156,down
AMZE,0.8087855245420588,up
AMZE,0.20000004422837403,none
AMZE,0.19999999999999996,down
VPG,0.01341868296504467,down
VPG,0.13266162417704552,none
VPG,0.0240851542586884,down
VPG,0.063252059448073,down
VPG,0.17523196885072378,none
VPG,0.044105214034505735,down
VPG,0.09123476934018315,none
VPG,0.31506848122006215,none
VPG,0.019058944453557602,down
VPG,0.16762997959046833,up
VPG,0.12122195277040371,up
VPG,0.18867170322354854,none
RZC,0.03667191309538653,up
RZC,0.02126022030828456,down
RZC,0.007014820087523743,none
RZC,0.1547408253977709,up
RZC,0.013142249755631275,none
RZC,0.01669241502588248,none
RZC,0.020898670733660474,none
RZC,0.021076377739600582,none
RZC,0.010049284862084118,none
RZC,0.027879345042310932,none
RZC,0.03703949563351383,none
RZC,0.003978930622481336,none
BKD,0.221698138670551,up
BKD,0.21013410423191203,up
BKD,0.10152286537011346,none
BKD,0.3008130073421291,up
BKD,0.10823530309340534,down
BKD,0.1389337844207672,none
BKD,0.06146566214475491,down
BKD,0.1288888719346788,none
BKD,0.18842737401947707,up
BKD,0.2960288588047293,up
BKD,0.17105263891716138,up
BKD,0.15367485353983112,down
HDLB,0.11789938110971754,up
HDLB,0.07163117287470411,up
HDLB,0.005462002219408291,none
HDLB,0.1630451633343557,up
HDLB,0.17050129027380634,up
HDLB,0.1030393765054316,up
HDLB,0.10843405659964844,down
HDLB,0.10754200513161516,down
HDLB,0.18982597969828596,up
HDLB,0.114797522882788,up
HDLB,0.11259392527275391,up
HDLB,0.14430650411789925,up
BTOC,0.05357145011222353,down
BTOC,0.0933333237965901,none
BTOC,0.105302979879911,none
BTOC,0.5272000312805176,none
BTOC,0.8900990664614221,up
BTOC,0.0668648115244388,down
BTOC,0.3078323539642842,none
BTOC,0.05952382557381353,down
BTOC,0.6745614588205622,up
BTOC,0.014035116338333875,down
BTOC,0.14218753521563565,down
BTOC,0.0,down
CERT,0.022214152610678273,down
CERT,0.13705708116331738,none
CERT,0.0569444909875787,down
CERT,0.1438240953325789,none
CERT,0.028051995611810154,down
CERT,0.0654288013848936,none
CERT,0.37401817639944657,up
CERT,0.03413792314200559,down
CERT,0.5277087742137827,up
CERT,0.19899454683691364,down
CERT,0.11754781056660368,none
CERT,0.07908527229696483,down
USIO,0.09154929518344934,none
USIO,0.059259201698670605,none
USIO,0.07638881300334877,none
USIO,0.7352940222590036,up
USIO,1.1007195009676107,up
USIO,0.11258275374723747,none
USIO,1.0,down
USIO,0.04741385201707771,down
USIO,0.10144929706253336,none
USIO,0.04026841771510825,none
USIO,0.05238101833802267,none
USIO,0.29545453621828854,none
QUBT,0.2322275042172406,down
QUBT,0.8085107462284209,up
QUBT,0.03391307403550092,down
QUBT,23.241070984767713,up
QUBT,14.84210499347852,up
QUBT,0.03110272708617612,none
QUBT,0.12422355695490306,none
QUBT,0.07289525835860311,down
QUBT,0.17359407911663882,none
QUBT,0.14166662527455398,none
QUBT,0.49031295725023427,up
QUBT,0.4197750390052244,up
C,0.20110882608748404,up
C,0.0330372645692909,down
C,0.07614644745119326,down
C,0.015347492099141657,down
C,0.1488323486034544,up
C,0.011631931380761351,down
C,0.01237625923389496,down
C,0.17643814294370008,up
C,0.13868209862691971,up
C,0.24089914198268958,up
C,0.16295386374685883,up
C,0.02065042709862297,down
NDSN,0.0714957697800116,none
NDSN,0.22044850414456474,up
NDSN,0.011105788279557105,down
NDSN,0.1388949829257231,up
NDSN,0.04162876085693057,none
NDSN,0.057387889222757504,down
NDSN,0.20562142462288668,up
NDSN,0.26159193240201506,up
NDSN,0.016649178123452346,none
NDSN,0.09000193605182494,none
NDSN,0.06657421863872903,none
NDSN,0.12540269068429244,up
SUZ,0.026600994845344728,down
SUZ,0.09018146836435426,none
SUZ,0.13849034522894343,up
SUZ,0.09721050388173147,none
SUZ,0.13300489403798554,down
SUZ,0.0734043627684513,none
SUZ,0.12109445776725192,none
SUZ,0.09301971217887561,none
SUZ,0.05303024560446001,none
SUZ,0.04365437949357709,none
SUZ,0.11466367112644216,none
SUZ,0.16941677408509226,up
PLSH,0.893939318681007,up
PLSH,0.7079167449753749,none
PLSH,0.7821739225926154,none
PLSH,-0.025694133521798723,down
PLSH,0.2968172774867739,down
PLSH,0.21546964509878563,up
PLSH,0.11392401434102806,down
PLSH,-0.22000003973642823,none
PLSH,0.10552762690248141,down
PLSH,-0.30555551531322034,down
PLSH,0.36560687184689455,up
PLSH,0.27906971707287487,none
TSEM,0.1476709994418468,up
TSEM,0.02771361883734791,down
TSEM,0.008290363500553566,down
TSEM,0.2254901917134695,up
TSEM,0.13431153195058743,up
TSEM,0.12992850891162355,none
TSEM,0.1247533872601343,up
TSEM,0.5356643712681419,up
TSEM,0.48875120985739806,up
TSEM,0.00485653917016271,down
TSEM,0.10686411891411907,none
TSEM,0.1371762221748729,up
SNES,1.1564246071980708,up
SNES,0.07228908602498318,down
SNES,0.10348829653148672,none
SNES,0.09090907777308077,down
SNES,0.43776824649166546,none
SNES,0.31645571148332574,none
SNES,0.22580638545443654,down
SNES,0.13835375771895797,down
SNES,0.2614378978025753,down
SNES,0.11753374311928133,down
SNES,0.4285714471073727,down
SNES,0.3793103102683004,down
ORBS,0.8134715518758384,down
ORBS,0.1365313211626662,none
ORBS,1.96875,up
ORBS,0.5187500190921126,up
ORBS,0.09243697478991586,down
ORBS,2.857142992300783,up
ORBS,0.06382978723404253,down
ORBS,0.8256410256410256,up
ORBS,0.020905987313805108,down
ORBS,0.14449216909205553,down
ORBS,0.202020202020202,down
ORBS,0.1090908628521543,down
MS-PQ,0.01929763606643098,none
MS-PQ,0.0072065890360188956,none
MS-PQ,0.058598497335818456,up
MS-PQ,0.010348940186975408,none
MS-PQ,0.015232237180436314,none
MS-PQ,0.0070816603889583,none
MS-PQ,0.007812558829026761,down
MS-PQ,0.01526247134823877,none
MS-PQ,0.018581210779647694,none
MS-PQ,0.015410264653482386,none
MS-PQ,0.01893758200660578,none
MS-PQ,0.030947757813814647,none
RFIL,0.3347825957756789,up
RFIL,0.14864863384545002,none
RFIL,1.0468226976719262,up
RFIL,0.017391287762185792,none
RFIL,0.08750004576785297,none
RFIL,0.05352114359790017,none
RFIL,0.8474999666213989,up
RFIL,0.07242988962223018,none
RFIL,0.3590360811753772,up
RFIL,0.0387597157114028,none
RFIL,0.08049535260926621,none
RFIL,0.4871133532834784,up
MOBX,0.3457943808616992,none
MOBX,0.15005870184238024,none
MOBX,0.03960392113094824,down
MOBX,0.05810390418507283,none
MOBX,0.2735848598269748,none
MOBX,0.6475972535051897,up
MOBX,0.10913933793100838,up
MOBX,0.06666663840964993,down
MOBX,0.8317503676563356,up
MOBX,0.04385964912280693,both
MOBX,0.05454545454545445,down
MOBX,0.20104888167682877,down
TBPH,0.24062873772274118,up
TBPH,0.24764596448039078,up
TBPH,0.13706140522866583,none
TBPH,0.06493058641567728,none
TBPH,0.04200000762939449,down
TBPH,0.21767246938453577,up
TBPH,0.16648988801861475,none
TBPH,0.027653917802121786,none
TBPH,0.0973188208152922,none
TBPH,0.423669489066304,up
TBPH,0.07917169494642051,none
TBPH,0.2914692133237349,up
COPAF,0.39380916838122193,up
COPAF,0.17782913586682136,up
COPAF,0.2572177987523896,none
COPAF,0.0,down
COPAF,-0.006666626930235342,down
COPAF,0.10789282471853423,down
COPAF,0.5715949177500148,down
COPAF,0.10151182413540671,down
COPAF,0.117470699865593,none
COPAF,0.9696968882484998,up
COPAF,0.31902747563449707,none
COPAF,0.276250025844202,none
OC,0.08619884923728316,none
OC,0.14979325739014193,none
OC,0.13748553230029592,up
OC,0.11500727862261462,none
OC,0.16126202087507702,none
OC,0.08572051083665855,none
OC,0.12649654832215806,down
OC,0.27853881099153455,up
OC,0.039882532096900514,none
OC,0.12405286658248338,down
OC,0.03885984801787834,down
OC,0.11680488813579015,none
SRG-PA,0.08386133652132854,none
SRG-PA,0.11121950795738544,none
SRG-PA,0.03628371001567765,down
SRG-PA,0.07865174382006979,up
SRG-PA,0.029346357591953698,none
SRG-PA,0.02707259900336423,down
SRG-PA,0.013319912676311274,none
SRG-PA,0.5470112082769005,up
SRG-PA,0.06520483863708582,none
SRG-PA,0.09830011977376718,none
SRG-PA,0.026133338307539056,none
SRG-PA,0.022833067872419566,up
TRN,0.017593320864520257,none
TRN,0.07031545850275078,none
TRN,0.137689626232826,up
TRN,0.030984829441633943,down
TRN,0.2806440726398265,up
TRN,0.03944107240855543,none
TRN,0.027047867782953317,down
TRN,0.0463034516125016,down
TRN,0.047225317851115056,down
TRN,0.005041372340242711,down
TRN,0.1634367735151978,none
TRN,0.056166449654267536,none
WST,0.045138116959555497,none
WST,0.08189398977758611,none
WST,0.013039541072230376,down
WST,0.05943808963400987,none
WST,0.14307955060854605,up
WST,0.09147453388552673,down
WST,-0.004854629080226824,down
WST,0.06912755498350687,down
WST,0.3092944214728617,up
WST,0.0029478956026842695,down
WST,0.0866450025127854,none
WST,0.12436686391888263,up
CHRW,0.16631129963813884,down
CHRW,0.3441170639704112,up
CHRW,0.1104834670273489,none
CHRW,0.11039202446016061,none
CHRW,0.08343149429936125,none
CHRW,0.03843032320257889,down
CHRW,0.09762943066548879,none
CHRW,0.019499597846736716,down
CHRW,0.11995275182144716,up
CHRW,0.07433663346462138,down
CHRW,0.01980197285272678,down
CHRW,0.07673377790192126,none
BPYPM,0.06731499833295729,down
BPYPM,0.11126860295155039,none
BPYPM,0.009147548319068832,down
BPYPM,0.07032270461272883,up
BPYPM,0.0016483985893704922,down
BPYPM,0.10995545024789743,up
BPYPM,0.025182815621430876,none
BPYPM,0.007158846930608309,down
BPYPM,0.019038829743531105,none
BPYPM,0.197487238698292,up
BPYPM,0.0096747349918469,down
BPYPM,0.034188535769151596,none
EJH,0.33637548891786184,up
EJH,0.26016260162601634,down
EJH,-0.00952380952380949,down
EJH,0.022222222222222143,down
EJH,0.020000000000000018,down
EJH,0.06735751295336789,down
EJH,0.19480519480519476,down
EJH,0.06766917293233088,down
EJH,0.038960981390906646,down
EJH,1.1993127147766325,up
EJH,3.254545454545455,up
EJH,0.04672897196261672,down
ZSPC,0.2873618452666986,down
ZSPC,0.05653710247349819,down
ZSPC,0.3018867924528301,none
ZSPC,0.048728813559322015,down
ZSPC,0.26774193548387104,none
ZSPC,0.10619469026548667,down
ZSPC,0.007135622716868628,down
ZSPC,1.2455993294216263,up
ZSPC,0.6728971962616823,up
ZSPC,0.30564784053156147,none
ZSPC,0.33673469387755106,none
ZSPC,0.10313901345291487,down
SHECF,0.17570386169273844,none
SHECF,0.15286617811072856,none
SHECF,0.3864084279422828,up
SHECF,0.21929089341326202,none
SHECF,0.08739789829728073,none
SHECF,0.2189342202400517,up
SHECF,0.13041069165153663,up
SHECF,0.011508131657254062,none
SHECF,0.1321727365376526,up
SHECF,0.08555662572622147,none
SHECF,0.24825167889022892,none
SHECF,0.08071419527457513,none
BKHA,0.006910137614354994,up
BKHA,0.007889538559900933,up
BKHA,0.02674714942718648,down
BKHA,0.013779561557613063,up
BKHA,0.026785731771771015,up
BKHA,0.004930891061899478,up
BKHA,0.010794957299441243,up
BKHA,0.01254827401052383,up
BKHA,0.010794957299441243,up
BKHA,0.026785731771771015,none
BKHA,0.010794957299441243,up
BKHA,0.005922948199857281,up
EIG,0.004384004990425572,none
EIG,0.0064151358371864475,down
EIG,0.06537287684312743,none
EIG,0.18942287794865953,up
EIG,0.051261098630347446,down
EIG,0.21197639059870865,down
EIG,0.1616570075608721,up
EIG,0.02572614932575079,none
EIG,0.03749701373541714,down
EIG,0.035287304585586154,down
EIG,-0.004783873921100912,down
EIG,0.06145002748142114,none
DFH,0.1394779776690862,none
DFH,0.2771947341159531,up
DFH,0.24227713186613942,up
DFH,0.2282760583610417,up
DFH,0.350167402198041,up
DFH,0.08556369113574802,none
DFH,0.06525479918740618,none
DFH,0.13343504888417934,none
DFH,0.2677877939395663,up
DFH,0.12241630216209454,down
DFH,0.05193618906716502,down
DFH,0.07249679561091549,down
WDLF,0.14285715473625782,none
WDLF,0.11111118297242206,none
WDLF,0.0,none
WDLF,0.14285715473625782,none
WDLF,0.2727272342428686,none
WDLF,0.16666656965390314,none
WDLF,0.12676054606000942,none
WDLF,1.2500000181898945,none
WDLF,0.21739123392646098,none
WDLF,0.04999991268851267,down
WDLF,0.43589742365124784,none
WDLF,0.33333333333333326,down
MDCX,0.5704918153245615,none
MDCX,0.03238863270421399,down
MDCX,0.10398225490596347,down
MDCX,0.053718955340457786,down
MDCX,0.556122394364758,up
MDCX,0.20086388884483264,none
MDCX,0.07042246426743715,down
MDCX,0.30901289793392395,none
MDCX,1.4032256751684038,up
MDCX,0.13043476458082548,down
MDCX,0.05000001986821556,down
MDCX,0.11842109803677991,down
AMFN,0.21428577368128887,none
AMFN,0.09375006139089392,none
AMFN,15.333332751256751,down
AMFN,0.30769232146926884,down
AMFN,15.333332751256751,down
AMFN,0.14285715473625782,down
AMFN,23.764706216694517,up
AMFN,0.4285715473625775,none
AMFN,0.5384616073463442,up
AMFN,2.9345793790568018,up
AMFN,0.0,down
AMFN,0.0,none
VNO-PM,0.28327871025988016,up
VNO-PM,0.0758577105873679,none
VNO-PM,0.019672178288508313,down
VNO-PM,0.06866255422713885,none
VNO-PM,0.0955792192025493,none
VNO-PM,0.0674084156532837,none
VNO-PM,0.012370681780244253,none
VNO-PM,0.15509930580257425,up
VNO-PM,0.09511588134518778,none
VNO-PM,0.06460569802264171,down
VNO-PM,0.0458846019610053,down
VNO-PM,0.2088928905094296,up
WPPGF,0.05765761189676555,up
WPPGF,-0.0033462940439684674,down
WPPGF,0.11788884374099928,up
WPPGF,0.11407094110008309,down
WPPGF,0.0,down
WPPGF,0.08302574131533946,down
WPPGF,0.05937923006472423,down
WPPGF,-0.0017007545647118594,down
WPPGF,0.08395034010526081,up
WPPGF,0.06381484071974497,up
WPPGF,0.05404502745279971,down
WPPGF,0.050561752891642,up
PPLAF,0.04269140907166813,up
PPLAF,0.050795071895282096,down
PPLAF,0.045799304105301974,down
PPLAF,0.050795071895282096,down
PPLAF,0.042924416364721774,up
PPLAF,0.050795071895282096,down
PPLAF,0.00905194475693949,down
PPLAF,0.03272073802210218,up
PPLAF,0.045799304105301974,down
PPLAF,0.045799304105301974,down
PPLAF,0.045799304105301974,down
PPLAF,0.040534023773991956,down
PAXS,0.011954481338489531,both
PAXS,0.030940193571407537,none
PAXS,0.06456501728829411,none
PAXS,0.08801265618474097,none
PAXS,0.020957980149670874,none
PAXS,0.04723427424653437,down
PAXS,-0.0029620466710583715,down
PAXS,0.07296395509531584,none
PAXS,0.05186095691301662,none
PAXS,0.009904155019796468,none
PAXS,0.06241241885451254,none
PAXS,0.012843970789349513,down
SEIC,0.07957589291362455,none
SEIC,0.04595958377870635,none
SEIC,0.11874864579168443,up
SEIC,0.07488108849869879,none
SEIC,0.017891177462134422,down
SEIC,0.009055119910463816,down
SEIC,0.04912911787845209,none
SEIC,0.0311841019416359,none
SEIC,0.07747124690895157,down
SEIC,0.07395257657126963,none
SEIC,0.06191974429571956,down
SEIC,0.1093724547414694,up
HQH,0.19333351650474917,up
HQH,0.07310060318888834,none
HQH,0.02367312211729522,down
HQH,0.09110800292369725,none
HQH,0.17272195923301026,up
HQH,0.23825119843738674,up
HQH,0.08771208245234652,up
HQH,0.09844223577907063,up
HQH,0.042702377922294366,none
HQH,0.09105240861258057,none
HQH,0.16855876782853585,up
HQH,0.03056441274232191,none
FULT,0.03790233685726885,down
FULT,0.13450598220904264,up
FULT,0.006257203747485729,down
FULT,0.12189497641688751,up
FULT,0.06827775292508309,none
FULT,0.19878081087307775,up
FULT,0.08073401293452531,none
FULT,0.17195891861778234,up
FULT,0.13624665134547764,up
FULT,0.02048261316403166,down
FULT,0.007977122520427482,down
FULT,0.0395137743448446,none
PESI,0.11659915270479781,none
PESI,0.8205128951562541,up
PESI,0.1930784087083497,down
PESI,0.0648648776030798,none
PESI,0.4499999667322927,up
PESI,0.23677133934025574,none
PESI,0.8448024190654437,up
PESI,0.09045855309992623,none
PESI,0.051873217657953274,none
PESI,0.03195481089687591,down
PESI,0.26459147253719406,none
PESI,0.4358178162160966,up
NVTS,0.11147546160769006,down
NVTS,0.21789318751060938,none
NVTS,0.07486628670651485,down
NVTS,0.030973421919550104,none
NVTS,0.16620119544942846,down
NVTS,0.15775029143319208,down
NVTS,0.0057915156247632105,down
NVTS,0.3695914514098333,none
NVTS,0.2652174548525905,none
NVTS,0.3564594041018263,none
NVTS,0.1783439248632226,down
NVTS,0.2052117681238701,down
DYNR,0.31609192488609006,up
DYNR,0.13138682257037337,down
DYNR,-0.017361176648623022,down
DYNR,0.19000005722045898,down
DYNR,0.3758388853659478,up
DYNR,0.19883035472779853,none
DYNR,0.08235293045175962,up
DYNR,0.15819207593618345,down
DYNR,0.7159090893697146,none
DYNR,0.05217396802848251,down
DYNR,0.09000003337860107,down
DYNR,0.33913042937424764,up
BBBY,0.6162791471342086,up
BBBY,0.005780400535349228,down
BBBY,0.3073929797448729,down
BBBY,0.26520784966186506,none
BBBY,0.9209301980746678,up
BBBY,0.10601715889628194,down
BBBY,0.013422784426852852,down
BBBY,0.21885356694965186,none
BBBY,0.0987564282322757,down
BBBY,0.10601715889628194,down
BBBY,0.17290324549521174,none
BBBY,0.163498026474433,none
BAM,0.08402474411231298,none
BAM,0.021554661549682663,none
BAM,0.031325495361445244,down
BAM,0.048652708148809065,none
BAM,0.11624680251495634,up
BAM,0.13561927447166533,up
BAM,0.15474683876778883,up
BAM,0.0692070637444886,down
BAM,0.13310941776673002,up
BAM,0.10834030334270106,up
BAM,0.06962107836069698,none
BAM,0.06139307966385332,none
GROY,0.07291642925749264,down
GROY,0.13281256257323681,none
GROY,0.29999990065892934,up
GROY,0.4150943267275251,up
GROY,0.08333331781129005,down
GROY,0.09213759845609903,down
GROY,0.05450240582033228,down
GROY,0.2086093107350413,none
GROY,0.09715433510126537,none
GROY,0.09848484095900978,none
GROY,0.12318837512468384,none
GROY,0.2047244050142243,up
BMY,0.07613313970489655,none
BMY,0.020990652167433455,down
BMY,0.018722891142475717,none
BMY,0.02967349749016801,none
BMY,0.19449502717376732,up
BMY,0.05387729334933433,none
BMY,0.005251392927555276,down
BMY,0.0217529846910558,down
BMY,0.02164489053070806,down
BMY,0.027470172688023542,down
BMY,0.08123393278361557,up
BMY,0.015773105339148774,down
VIVK,0.5081206215668392,up
VIVK,0.49999995492117844,none
VIVK,0.2999999770507822,none
VIVK,0.11259460233735807,none
VIVK,0.3373493820166069,none
VIVK,1.3636364381468145,up
VIVK,1.633719820590506,up
VIVK,0.4925373734174294,down
VIVK,0.34710745439651225,none
VIVK,0.7213115076349561,none
VIVK,0.46052638353258213,none
VIVK,0.1804851354541548,none
CAPC,0.261146466830396,down
CAPC,0.13333326710595284,none
CAPC,0.7857142572044118,none
CAPC,0.19999997871262698,down
CAPC,0.2671232708937954,down
CAPC,3.9999996507540514,up
CAPC,6.181818551268461,up
CAPC,3.351351253389007,up
CAPC,3.9999996507540514,up
CAPC,0.17999998956918728,down
CAPC,1.7758621221206718,up
CAPC,3.735293814725546,up
RYAN,0.03770509994997884,down
RYAN,0.2642856228599919,up
RYAN,0.13316519882150524,up
RYAN,0.12168166771223521,up
RYAN,0.1504880382195406,none
RYAN,0.017707268715667412,down
RYAN,0.026216913965616984,none
RYAN,0.17379220963486364,up
RYAN,0.09960835762577802,up
RYAN,0.3281960529469008,up
RYAN,0.0836547726780168,none
RYAN,0.013701641723114388,down
FGL,0.19166666666666665,down
FGL,0.04026845637583887,none
FGL,0.14925373134328357,down
FGL,0.04931504759069982,down
FGL,0.12318840579710155,none
FGL,0.5711110432942708,down
FGL,0.1946533303742075,down
FGL,0.032258064516129004,down
FGL,0.722972972972973,none
FGL,0.10852713178294571,down
FGL,0.6863206940301609,up
FGL,0.5418502202643172,none
GNLX,0.22298116836103188,none
GNLX,-0.07712086957443753,down
GNLX,0.44470816207629604,none
GNLX,0.18702291257244918,down
GNLX,0.10598662149366112,down
GNLX,0.16944448602052486,none
GNLX,0.8181817525017694,up
GNLX,0.14141877498894107,down
GNLX,0.22199922603452027,none
GNLX,0.3817364939262151,up
GNLX,0.309247334798177,none
GNLX,0.48963734618372445,up
CCM,0.16788322793839772,both
CCM,-0.025454573197798314,down
CCM,0.05577687638458495,none
CCM,-0.00320514035334607,down
CCM,0.27142860775902156,down
CCM,0.2941176470588236,down
CCM,0.18613138273290852,none
CCM,1.04918027981351,up
CCM,0.20987650977822248,up
CCM,0.678832076139408,up
CCM,0.6153846153846154,up
CCM,0.4299999475479126,up
AB,0.03033917384662832,down
AB,0.03367929631362876,none
AB,0.06687078160624815,none
AB,0.037172079483731135,down
AB,0.11206477450026764,down
AB,0.08155548539946067,none
AB,0.07881920243611851,none
AB,0.08255342599204951,none
AB,0.03047730385328773,none
AB,0.07328385951735195,none
AB,0.07054118400906861,none
AB,0.11564727109894224,down
BDMD,0.0018762155769191935,none
BDMD,0.01749544567810335,up
BDMD,0.08540368152342648,down
BDMD,0.06000002225240064,down
BDMD,0.01988069591678565,up
BDMD,0.01988069591678565,up
BDMD,0.048951024966449985,down
BDMD,0.19426747602431726,down
BDMD,0.006030193041896226,up
BDMD,0.10441766645279205,down
BDMD,0.2254902189944814,down
BDMD,0.018779415033167268,up
ERNA,0.056872037914691864,down
ERNA,0.297979797979798,none
ERNA,0.5,none
ERNA,0.1499999999999999,none
ERNA,0.008016032064128265,down
ERNA,0.18224299065420557,none
ERNA,0.06726457399103136,down
ERNA,0.45985401459854014,down
ERNA,0.4444444444444444,none
ERNA,0.7457627118644068,up
ERNA,0.08333333333333326,down
ERNA,0.05335365853658547,down
FOUR,-0.07591915197758325,down
FOUR,0.06525878851618971,down
FOUR,0.1104334504830109,none
FOUR,0.21215153986632962,up
FOUR,0.33822107196595796,up
FOUR,0.17896339714402165,up
FOUR,0.04574358035356574,down
FOUR,0.027987805112534403,down
FOUR,0.24858383655198146,up
FOUR,0.1730540935634406,up
FOUR,0.15164313752369663,none
FOUR,0.35281457437375185,up
DSP,0.25227961499384755,up
DSP,0.17502548662767103,none
DSP,0.2992700679115867,none
DSP,0.13013694044304058,none
DSP,0.47465434800761175,up
DSP,0.12367146722649958,none
DSP,0.11622811764451235,none
DSP,0.2630272673931078,none
DSP,0.20187018782662558,up
DSP,0.20851772531373403,up
DSP,0.2918781925548293,none
DSP,0.14939945723615433,none
LNXSY,0.25167091375393835,up
LNXSY,0.059005318837281884,down
LNXSY,0.050104404821449844,down
LNXSY,0.13968254792863455,down
LNXSY,0.03497945086621668,down
LNXSY,0.1842948459337299,up
LNXSY,0.10839319914707035,none
LNXSY,0.2560976344915864,up
LNXSY,0.037113442827796383,down
LNXSY,-0.040425510334855974,down
LNXSY,0.07663558908010404,up
LNXSY,0.048175203509522646,down
SES,5.185818860322785,up
SES,0.11846695684507247,none
SES,0.017142840794154512,down
SES,0.13599996566772465,down
SES,0.12158057750922868,none
SES,0.3655461369366595,none
SES,0.48830410498225096,none
SES,0.0,down
SES,0.041055678287905684,down
SES,0.29090902391544193,down
SES,0.4010694539455948,none
SES,0.15392361682438915,up
OSBC,0.13064858363027332,up
OSBC,0.11256407930478307,up
OSBC,0.08309255114669045,none
OSBC,0.10263160547167782,down
OSBC,0.056589762561763735,down
OSBC,0.23183375099258918,up
OSBC,0.0024539775142538023,down
OSBC,0.008005299085972695,down
OSBC,0.13230572967979493,none
OSBC,0.06842476239105122,none
OSBC,0.06616109764760103,none
OSBC,0.05398778713013841,down
MSI,0.05017308374439566,none
MSI,0.2581645577630496,up
MSI,0.06312787984524904,none
MSI,0.14585488213183417,up
MSI,0.03368030520767196,none
MSI,0.034399904667975933,down
MSI,0.11703267229324843,up
MSI,0.19053972230814642,up
MSI,0.08683625581346344,up
MSI,0.03962017423882558,none
MSI,0.10702874764411785,up
MSI,0.12777120160586009,none
CRH,0.1724247104466985,up
CRH,0.0316449535007679,down
CRH,0.11064006035191665,none
CRH,0.13128918017560953,up
CRH,0.0900723916035604,none
CRH,0.18766873194427092,up
CRH,0.12637038334093353,up
CRH,0.0443366030570167,down
CRH,0.011643458096947112,down
CRH,0.1677761924132255,up
CRH,0.08419143535463425,down
CRH,0.10351143780125227,down
KVYO,0.25338495349131485,up
KVYO,0.34242886075404955,up
KVYO,0.34467220845257196,up
KVYO,0.13564671384830684,none
KVYO,0.009842519832859109,none
KVYO,0.24388620125267613,up
KVYO,0.013841918984086599,down
KVYO,0.28723410089403,up
KVYO,-0.007565313408929852,down
KVYO,0.20248081969925824,none
KVYO,0.04046068833991501,none
KVYO,0.23320056895763064,up
FMCKN,0.1821705591119147,none
FMCKN,0.077738528106434,down
FMCKN,0.34684683378520087,up
FMCKN,1.4142479447563385,up
FMCKN,0.15932204102141112,none
FMCKN,0.24233135048547805,up
FMCKN,0.3000000317891438,up
FMCKN,0.32843141608951454,down
FMCKN,0.7085714340209961,up
FMCKN,0.36190478006998705,up
FMCKN,0.1824644595282181,up
FMCKN,0.03508777066574664,down
MFI,0.540215310549637,none
MFI,1.1830985368634255,up
MFI,0.25641032694830024,down
MFI,0.4505119235221584,up
MFI,0.6986301056684179,up
MFI,0.755555649745614,up
MFI,0.755555649745614,up
MFI,0.3012048971464383,none
MFI,2.2027647764578693,up
MFI,0.061676058383187904,down
MFI,0.7080291284852511,up
MFI,-0.039473647060816464,down
BITB,0.004815940526939899,down
BITB,0.10301153878859037,down
BITB,0.0417315517632193,none
BITB,0.07269267674703639,none
BITB,0.0848653634970935,none
BITB,0.24052104556597587,up
BITB,0.12320675030779138,down
BITB,0.12428134173108574,none
BITB,0.3179165536836397,up
BITB,0.005142729906873811,down
BITB,0.3331875230547734,up
BITB,0.13917977850955676,none
WHD,0.12340536917490463,none
WHD,0.36595072565686837,up
WHD,0.23683225113773276,up
WHD,0.17328662494989633,none
WHD,0.14041395601718465,none
WHD,0.04359156129799846,down
WHD,0.14474255025311766,down
WHD,0.0034785742285907695,down
WHD,0.28060215615602524,up
WHD,0.03284071983433945,none
WHD,0.1124290868789628,none
WHD,0.1159549925248593,none
GLBS,0.07142858301353616,down
GLBS,0.0,down
GLBS,0.852941180595477,up
GLBS,0.29729733212835296,none
GLBS,1.6923076671155353,up
GLBS,0.7008547713927447,up
GLBS,0.5891891996385059,up
GLBS,0.009868411765204144,down
GLBS,0.07526880893449261,down
GLBS,0.04247109542846639,down
GLBS,0.05882356034843128,none
GLBS,1.1000000635782876,up
DZZ,0.152838492961342,up
DZZ,0.03773581171086837,down
DZZ,0.12403107795511525,up
DZZ,-0.0037037001061669406,down
DZZ,0.08035721064729162,none
DZZ,0.017543927160695638,none
DZZ,0.13978487594318745,none
DZZ,0.20454539604916033,up
DZZ,0.13548389974667652,up
DZZ,0.07849829823657317,none
DZZ,0.17490485920612953,up
DZZ,0.13978487594318745,none
PWP,0.3121215074599155,up
PWP,0.1703639848694174,none
PWP,0.25250930678976924,up
PWP,0.48652515583711287,up
PWP,0.29005054629647,up
PWP,0.4222358776895567,up
PWP,0.38184743148232436,up
PWP,0.04197770859825045,none
PWP,0.20515765311464262,up
PWP,0.028169246886586397,none
PWP,0.2619820054596862,up
PWP,0.0773422502526604,down
APYX,0.08292686841375918,none
APYX,0.1558784414240839,down
APYX,0.05673762043203312,down
APYX,-0.004739332208735791,down
APYX,1.1495325603446864,up
APYX,-0.009565187537151854,down
APYX,0.09558823078252043,down
APYX,0.030009216210033163,down
APYX,0.6379310610603359,up
APYX,0.491428624626733,up
APYX,0.28628221079898664,down
APYX,0.5793650988878909,up
IMDX,0.0,none
IMDX,0.5542857198464974,up
IMDX,0.29037800813982306,none
IMDX,0.08438282048216172,down
IMDX,-0.0064516069489635175,down
IMDX,0.5279999732971192,up
IMDX,0.03492060056048807,none
IMDX,0.4202335370343382,up
IMDX,0.2732918845352159,down
IMDX,0.3046153141902044,none
IMDX,0.17647053801925638,down
IMDX,0.13355051946128582,none
GRVY,0.2710935490319004,up
GRVY,0.3016157588084105,up
GRVY,0.07100106943459505,none
GRVY,0.14656366106493346,none
GRVY,0.11455106604055776,none
GRVY,0.025771455909815222,none
GRVY,0.18669300582837978,none
GRVY,0.13013695677307968,none
GRVY,0.28233474656215485,up
GRVY,0.3123742073875724,up
GRVY,0.2676056792068724,up
GRVY,0.0061025717527052326,down
BUD,-0.008069007694611052,down
BUD,0.0521754702279591,down
BUD,0.06395045027850399,none
BUD,0.03645733804504059,none
BUD,0.03630001420217144,down
BUD,0.07520584940266173,up
BUD,0.06857593086431457,down
BUD,0.19773680276005834,down
BUD,0.024329719639529124,none
BUD,0.044820967091617314,none
BUD,0.04840103698396425,none
BUD,0.02573945195372418,down
GJS,0.02974701284586123,up
GJS,0.031194218109847682,up
GJS,0.01629261922094427,none
GJS,0.01486722557328024,down
GJS,0.02554902280148852,none
GJS,0.018706590330044737,up
GJS,0.015124340001970493,none
GJS,0.05303947840952805,up
GJS,0.03312173585697398,up
GJS,0.0,down
GJS,0.06251685378254934,up
GJS,0.014332977071092934,down
SWX,0.023266936321330922,down
SWX,0.05817669699813077,none
SWX,0.009899577473290178,down
SWX,0.05740467472069155,none
SWX,0.1045506921990127,none
SWX,0.04654566896038759,none
SWX,0.04999975566077608,down
SWX,0.03771609347916138,down
SWX,0.10735897367655012,up
SWX,0.010222470262728933,down
SWX,0.07079131793921167,none
SWX,0.02659209651004546,down
MASS,0.09405253479179998,none
MASS,0.005908413879722518,down
MASS,0.18421052395707793,down
MASS,0.2007299089058301,down
MASS,0.09452048799382862,none
MASS,0.3459821839588788,none
MASS,0.10444439782036685,down
MASS,0.5256098194961971,up
MASS,0.4705094116532609,up
MASS,0.03737814562721198,down
MASS,0.4059829412519278,up
MASS,0.3318385664607286,none
NWPX,0.40663012462156134,up
NWPX,0.027610308883335488,none
NWPX,0.16100625958247772,up
NWPX,0.08297689970728972,none
NWPX,0.026808233031109685,down
NWPX,0.24886801755438825,up
NWPX,0.19229615717964377,up
NWPX,0.012275742452104721,none
NWPX,0.4010906498541089,up
NWPX,0.05000005211335279,none
NWPX,0.027463136541612032,none
NWPX,0.03670581457793354,none
OCGSF,0.4666666004392863,up
OCGSF,0.27777775018303585,none
OCGSF,0.6500000409781928,up
OCGSF,0.7777776673988104,up
OCGSF,0.25000004656612984,none
OCGSF,0.5666666004392862,up
OCGSF,1.16666663562258,up
OCGSF,0.11111108351636934,down
OCGSF,0.49999994678156745,none
OCGSF,0.4615384968074834,none
OCGSF,0.11764703304297397,down
OCGSF,0.8666666004392862,up
AMCCF,0.0654723764710059,up
AMCCF,0.0805210328274697,up
AMCCF,0.0654723764710059,up
GREEL,0.2486003065808433,up
GREEL,0.42884682734910307,up
GREEL,0.0395524527174449,none
GREEL,0.49694803263826026,up
GREEL,0.5501191387048261,up
GREEL,0.8113424922092662,up
GREEL,0.9430951822450075,up
GREEL,0.2855897693576568,up
GREEL,0.18239649470142605,up
GREEL,0.09366501334859834,up
GREEL,0.061950517873804456,up
GREEL,0.23504649861882676,up
DEFI,0.14205707911581578,up
DEFI,0.0761154959664394,none
DEFI,0.48482757906207397,up
DEFI,0.06796514970317613,down
DEFI,0.645252526625671,up
DEFI,0.27592634137822425,up
DEFI,0.6325092544665134,up
DEFI,0.01234912743425487,down
DEFI,0.3301075215547309,up
DEFI,0.13142831181615122,up
DEFI,0.03906286191657116,down
DEFI,0.04416456094437882,down
NREF,0.06487225207075942,none
NREF,0.09720178619356123,none
NREF,0.13515982515358305,none
NREF,0.13753722482724706,none
NREF,0.03207430059779148,down
NREF,0.20788958002012103,up
NREF,0.0803821631496866,none
NREF,0.14464493492755848,none
NREF,0.08661956206979848,none
NREF,0.07485614391620521,down
NREF,0.014161227207381222,down
NREF,0.06412004357045364,down
BNR,0.28428568158830925,none
BNR,0.29721811942124954,none
BNR,0.030630106108234134,down
BNR,0.2061855710646161,none
BNR,0.16425118324717713,down
BNR,2.270882346465101,up
BNR,0.29404145629778067,up
BNR,0.077738528106434,down
BNR,0.3669065123333419,none
BNR,0.014044930651669008,down
BNR,0.02715550472745365,down
BNR,1.6636694300623653,up
UFPI,0.08180209152722862,none
UFPI,0.04140061721323085,none
UFPI,0.14979057943644425,none
UFPI,0.03273508665409275,down
UFPI,0.062072367934595585,down
UFPI,0.13910019494820758,up
UFPI,0.02627477850463955,down
UFPI,0.01927811109655808,down
UFPI,0.2515310315462651,up
UFPI,0.08335355330933036,none
UFPI,0.13474129573035798,none
UFPI,0.22178405559956782,up
BTDR,2.1711112128363714,up
BTDR,0.5757341615805878,up
BTDR,0.007503732878826552,none
BTDR,0.04953217472489091,down
BTDR,0.007317054562452352,up
BTDR,0.36149832209803034,up
BTDR,0.07579269289298018,down
BTDR,0.4068440633776387,none
BTDR,0.03593509796498129,down
BTDR,0.856936450837676,up
BTDR,0.06801861449776747,down
BTDR,0.4362744992625387,none
NCV,0.04622434777335083,none
NCV,0.005809704199798871,down
NCV,0.1044167573826793,up
NCV,0.20008136067158389,up
NCV,-0.0024041010216837577,down
NCV,0.041132497755229425,down
NCV,0.15245764099568992,up
NCV,0.06021714838154746,none
NCV,0.04439310861286483,none
NCV,0.006160362395618568,down
NCV,0.009345612016698812,down
NCV,0.13904904683248343,up
GULTU,0.06250000727595717,none
GULTU,0.7333334738891013,down
GULTU,1.923076768774961,up
GULTU,0.15624995998223512,none
GULTU,0.9230766806937829,up
GULTU,1.466666753590109,up
GULTU,0.30769235177858256,up
GULTU,0.11268937240117705,down
GULTU,0.07692308794464564,down
GULTU,0.07692308794464564,down
GULTU,0.12499989813659829,none
GULTU,0.37037035248488936,up
CSAN,0.19569661965483331,up
CSAN,0.00932092067879764,down
CSAN,0.18012868980341512,none
CSAN,0.016897017061591857,down
CSAN,0.23568285917444154,up
CSAN,0.3419914318400843,up
CSAN,0.029798473788988478,down
CSAN,0.3900462675517735,up
CSAN,0.16026162623974982,none
CSAN,0.28965523138057736,up
CSAN,0.1527628245954169,up
CSAN,0.06197554050421883,down
LRDC,-0.14285716566504258,down
LRDC,2.0666666004392864,up
LRDC,0.7142856686699148,up
LRDC,0.6037737164645132,up
LRDC,1.5757575456542212,up
LRDC,0.39285708583739365,up
LRDC,0.024999975785613415,down
LRDC,3.142857006009745,up
LRDC,1.7000000670552242,up
LRDC,0.0,down
LRDC,0.05555550036607193,down
LRDC,0.2631578823536056,none
VOYA,0.055381857791127365,none
VOYA,0.06464171667714158,down
VOYA,0.06500717790385524,none
VOYA,0.0369242009818338,none
VOYA,0.016138203581774757,down
VOYA,0.026051551339869805,down
VOYA,0.05054298736394247,none
VOYA,0.012266080066215768,down
VOYA,0.00026923305065151837,down
VOYA,0.04035548017700297,down
VOYA,0.0576499743942982,down
VOYA,0.12081201263215635,up
FTCO,0.0510034837390001,none
FTCO,0.04789553496396315,down
FTCO,0.009193048388649316,none
FTCO,0.031531567760355816,down
FTCO,0.03536154769191935,down
FTCO,0.31573292326656777,up
FTCO,0.29218177432583814,up
FTCO,0.07733742563918589,none
FTCO,0.16520478848211817,up
FTCO,0.017777832830790707,down
FTCO,0.02024918466760428,none
FTCO,0.08435393051875306,down
CHEF,0.129778146652068,down
CHEF,0.16425128884252183,up
CHEF,0.4014698937684811,up
CHEF,0.11349954272013996,down
CHEF,0.1325870128159592,none
CHEF,0.16249620975579693,up
CHEF,0.6615215217067638,up
CHEF,0.07053297599544917,down
CHEF,0.09405542294882996,none
CHEF,0.03822336771523771,down
CHEF,0.18194566895484354,none
CHEF,0.07617866170458254,none
FE,0.06167789216548525,none
FE,0.14141106327706,up
FE,0.1431333262417187,up
FE,0.07084250189942654,none
FE,0.007108008270720667,down
FE,0.12047790051389984,up
FE,0.07407439724991893,none
FE,0.09692104409657798,none
FE,0.03251979468819943,none
FE,0.10903129488856189,up
FE,0.07199373784621299,none
FE,0.20296599440194618,up
GDOT,-0.001278801619221892,down
GDOT,0.07953693450907107,down
GDOT,0.1816283700391763,none
GDOT,0.07497181177371703,down
GDOT,0.15969256015946143,up
GDOT,0.09271290280785527,none
GDOT,0.22371135247046392,up
GDOT,0.20612806118816662,up
GDOT,0.3863393735082299,up
GDOT,0.1716997191474432,up
GDOT,0.04943352629769193,down
GDOT,0.07074678644944954,down
PNFP-PC,0.06274911396790328,up
PNFP-PC,0.038741113922359904,up
PNFP-PC,0.04636074464063111,none
PNFP-PC,0.04913028655772189,none
PNFP-PC,0.06636991911855716,none
PNFP-PC,0.028368663082283474,none
PNFP-PC,0.0036408226972131086,none
PNFP-PC,0.03312456033324773,none
PNFP-PC,0.032746315333129106,none
PNFP-PC,0.03045298716140965,none
PNFP-PC,0.03571440809996074,down
PNFP-PC,0.03861194068353169,none
DAKT,0.11678322056079127,none
DAKT,0.005633797519761785,down
DAKT,0.22028524232811697,up
DAKT,0.003908759899108105,down
DAKT,0.38616071689911946,up
DAKT,0.5047922894367929,up
DAKT,0.31115108576936956,up
DAKT,0.2751828510793317,up
DAKT,0.26864148362500284,up
DAKT,0.1431639199549828,none
DAKT,0.27736324707602145,up
DAKT,0.4375000281154,up
KTCC,0.4521739058323302,up
KTCC,0.04374056664363746,none
KTCC,0.18814432926342173,up
KTCC,0.15439432054103452,none
KTCC,0.22673026164475596,up
KTCC,0.04458594325106491,none
KTCC,0.09893992188632073,none
KTCC,0.1514360144281215,none
KTCC,0.04736841929146007,down
KTCC,0.056542795056084616,none
KTCC,0.18052250478819265,up
KTCC,0.07986103177622828,none
CW,0.08470243881692974,down
CW,0.14931242023112157,up
CW,0.17288007775390635,up
CW,0.1931183237374563,up
CW,0.17771476046778423,up
CW,0.18062807669604042,up
CW,0.05812336174145605,none
CW,0.254297022527187,up
CW,0.12345422668161943,up
CW,0.10385078412654347,up
CW,0.0646561533720631,none
CW,0.19486787869652478,up
NEOV,0.06934308633545694,none
NEOV,0.41240871244135135,none
NEOV,0.07971010236173304,down
NEOV,0.0954774152311133,none
NEOV,0.5731706607916194,none
NEOV,0.03097338566538932,down
NEOV,0.38759691068654933,none
NEOV,0.2685714449201311,none
NEOV,0.11666665010982147,none
NEOV,0.031157276747523444,down
NEOV,0.0,down
NEOV,0.00467289251077152,down
WB,-0.002945589123605874,down
WB,-0.008235273870682347,down
WB,0.04516133314660675,down
WB,0.16157438005790348,none
WB,0.1022463288831259,none
WB,0.0774389889926066,down
WB,0.10135746330944473,down
WB,0.09236457859915137,none
WB,0.23022431483488992,up
WB,0.2560336679146198,up
WB,0.11466658799347096,down
WB,0.08614008109856974,down
CAVA,0.2740505197391281,up
CAVA,0.020745155027743323,none
CAVA,0.23869699779929987,up
CAVA,0.3861348763885968,up
CAVA,0.1946683825338682,none
CAVA,0.013441228608679134,down
CAVA,-0.011706018100302695,down
CAVA,0.056229002574385456,none
CAVA,0.05221379104660717,down
CAVA,0.47917949969951934,up
CAVA,0.06383862934254969,down
CAVA,-9.123237704744547e-05,down
SENS,0.25513199859941316,none
SENS,0.12335960501761867,none
SENS,0.1339285737093614,none
SENS,0.4024690273676259,up
SENS,0.2775974156663923,none
SENS,0.2583733121760601,none
SENS,0.2612612179159486,down
SENS,2.3333334847102156,up
SENS,0.23893803218507292,none
SENS,0.26442317832151474,up
SENS,0.38435929749908837,up
SENS,0.4791666550251341,up
ELAN,0.049586728006576486,down
ELAN,0.03324096576300373,down
ELAN,0.008354170890944479,down
ELAN,0.01416429255567353,down
ELAN,0.07570970515519626,down
ELAN,0.17905673302440683,up
ELAN,0.039809868052952835,down
ELAN,0.05726261633894536,down
ELAN,0.6360505094821614,up
ELAN,0.11236800493206411,none
ELAN,0.1610738308729016,none
ELAN,0.002431962339882743,down
AFGC,0.03456475770729628,none
AFGC,0.0127225561564972,none
AFGC,0.01313022484468096,down
AFGC,0.015119860477183833,none
AFGC,0.10571270510240605,up
AFGC,0.03175852199341467,down
AFGC,0.04076657113491833,none
AFGC,0.1584456056689545,up
AFGC,0.012717739619273472,down
AFGC,0.04705094694425416,down
AFGC,0.037677809568041454,none
AFGC,0.08321028181091927,up
DRUG,0.2333333333333334,none
DRUG,0.04231627325298115,down
DRUG,3.846938681175491,up
DRUG,0.357798230155393,none
DRUG,0.08052777500574892,down
DRUG,0.28831629076534004,none
DRUG,0.6100000143051147,up
DRUG,0.5785739324920385,up
DRUG,0.02941176470588225,down
DRUG,0.2075472080058265,none
DRUG,0.026393007805027624,down
DRUG,0.18000001545193833,none
ULTA,0.1785752362673909,down
ULTA,0.09645703962016428,none
ULTA,0.2791821932740153,up
ULTA,0.06941490621231816,none
ULTA,0.06579765397529447,down
ULTA,-0.0006115576133359779,down
ULTA,0.054378575465208856,down
ULTA,0.25951520421243535,up
ULTA,0.0024592304562114364,down
ULTA,0.35125049178375667,up
ULTA,0.010057754455365275,down
ULTA,0.003917100100340409,down
ECOR,0.095744637678846,down
ECOR,0.5379464822650277,up
ECOR,0.1811023799431024,down
ECOR,0.02687797267378067,down
ECOR,0.32499997249016466,none
ECOR,0.3965980550508281,up
ECOR,0.7400419756653103,up
ECOR,0.4558557920763242,up
ECOR,0.4300884579331312,up
ECOR,0.03839996337890628,none
ECOR,0.4610526436253597,up
ECOR,1.41754381464141,up
LGSXY,0.06451610791139606,down
LGSXY,0.363636320578153,up
LGSXY,0.2444445243082125,up
LGSXY,0.4895832703410461,up
LGSXY,0.29999990494455875,up
LGSXY,0.08333328410799257,down
LGSXY,0.3913043960650602,up
LGSXY,0.065693441548492,none
LGSXY,0.09174317574126434,up
LGSXY,0.1500000401603785,none
LGSXY,0.4805195622378253,none
LGSXY,0.048076999099494255,down
DMAC,0.1569536357965131,down
DMAC,0.020454471318191336,down
DMAC,0.6512678994355714,up
DMAC,0.14925367424816982,none
DMAC,0.2886292227682574,up
DMAC,0.07109009612563,none
DMAC,0.13412563323611737,none
DMAC,0.10638296433266436,none
DMAC,0.28218663533528643,none
DMAC,0.035294178145430566,down
DMAC,0.22851426260811936,none
DMAC,0.16810349833029914,down
PXS,0.02243595327851544,none
PXS,0.011009251691109556,none
PXS,0.02517165592564563,down
PXS,0.0414110576670359,down
PXS,0.1938508385565163,up
PXS,0.19565217813832536,none
PXS,0.026528261058174296,down
PXS,0.6034590786381682,up
PXS,0.16356879102638566,none
PXS,0.1858107923068124,up
PXS,0.5201237827919656,up
PXS,0.06761568010301033,none
DBO,0.016528901430467258,down
DBO,0.20000005203949667,up
DBO,0.05255577826711555,none
DBO,0.0019659267752827336,down
DBO,0.045010850301618666,down
DBO,0.21504495890229913,up
DBO,0.012353735049425607,down
DBO,0.21251832088384015,up
DBO,0.14489725490151772,up
DBO,0.21874997626541526,up
DBO,0.11360546606141453,up
DBO,0.18383521945020465,up
CNQ,0.029822341629472504,none
CNQ,0.016861366283709378,down
CNQ,0.06359515825638562,none
CNQ,0.06250001326946664,down
CNQ,0.06460127040194052,none
CNQ,0.05893608873677203,none
CNQ,0.14829289100146847,up
CNQ,0.1323155931083908,none
CNQ,0.14659866618732065,none
CNQ,0.03294111666087751,down
CNQ,0.09784308500226668,up
CNQ,0.03357490638192151,none
PPTA,0.3824451373171476,up
PPTA,0.11389964713128586,down
PPTA,0.37249282199539135,up
PPTA,0.22432996266807415,none
PPTA,0.02027028289652799,down
PPTA,0.07887323243682798,none
PPTA,0.8675675022593381,up
PPTA,0.03299495242460204,down
PPTA,0.19404328820709393,down
PPTA,0.6300939548559286,up
PPTA,0.7061727214778983,up
PPTA,0.10027859112016291,down
LNN,0.06989118453541909,none
LNN,0.14269628081848196,up
LNN,0.3045081230131501,up
LNN,0.12401877448967347,none
LNN,0.012687311898450515,down
LNN,0.02746980420421541,down
LNN,0.3387172284125992,up
LNN,0.03442749612177742,none
LNN,0.09016031831056881,down
LNN,0.07924834180742191,none
LNN,0.2734130528069827,up
LNN,0.15069209938729067,up
CDTG,2.0357142857142856,up
CDTG,0.11019283746556474,down
CDTG,0.20869565217391295,down
CDTG,0.009803921568627416,down
CDTG,1.9338843591839154,up
CDTG,0.724907063197026,up
CDTG,0.012499999999999956,down
CDTG,0.34782608695652173,up
CDTG,2.0428571428571427,up
CDTG,0.31073446327683607,down
CDTG,0.18764849910232284,none
CDTG,0.06082041354125867,down
TENX,0.9832636144655234,up
TENX,0.39646012978916456,up
TENX,0.0,down
TENX,0.0571908605438638,none
TENX,0.358024716795154,none
TENX,0.02207445343016179,down
TENX,0.5693430875422218,down
TENX,0.034751729762300565,down
TENX,1.0,up
TENX,0.6454749579887558,up
TENX,-0.009901006719154726,down
TENX,0.1481481535989615,down
CUZ,0.05091926678163805,none
CUZ,0.009592303418389792,down
CUZ,0.22825203928011573,up
CUZ,0.07921304278646923,none
CUZ,0.032523476555422315,none
CUZ,0.022227637652801002,none
CUZ,0.062442193866422135,down
CUZ,0.10996003478303229,up
CUZ,0.011828405270439157,down
CUZ,0.20185704180623465,up
CUZ,0.03224440035117837,none
CUZ,0.057072024860937765,none
PWDY,3.1538462502848814,up
PWDY,0.07692303559219349,none
PWDY,0.2999999417923418,none
PWDY,2.0927835521711367,up
PWDY,0.06250004092726269,down
PWDY,1.4999999029872364,down
PWDY,0.0,none
PWDY,0.2500000909494724,none
PWDY,0.3333333850734759,down
PWDY,0.5384616073463442,down
PWDY,0.04999991268851267,none
PWDY,0.11538459816341406,down
OXY,0.3294005928936492,up
OXY,0.23332343162976787,up
OXY,0.17880380541931307,up
OXY,0.6673800222707549,up
OXY,0.07142926996689325,down
OXY,0.09541485095079794,none
OXY,0.6581253458148366,up
OXY,0.021308406249570755,down
OXY,0.11944018702863857,none
OXY,0.11567138914699959,up
OXY,0.022501451303822195,none
OXY,0.040080628319240086,down
ASND,0.027484123895643586,down
ASND,0.15390812056658243,none
ASND,0.025527775046549017,down
ASND,0.2097631725743001,down
ASND,0.2068437511364436,none
ASND,0.10058897326254002,none
ASND,0.04364572831010105,down
ASND,0.17948717948717952,up
ASND,0.13699638861155838,none
ASND,0.05763795636640201,none
ASND,0.00931175324598299,down
ASND,0.14261109760646584,none
SID,0.16778523382541977,none
SID,0.3974894463352987,down
SID,0.14893620079308834,none
SID,0.043955930323538395,down
SID,0.0,down
SID,0.029239737544372257,down
SID,0.0696720124567225,down
SID,0.03459123219046534,down
SID,0.1672474937112125,none
SID,0.6798823680578918,up
SID,-0.0034842927299001403,down
SID,0.6417636879204716,up
NABL,0.024674410754779386,down
NABL,0.05214726281940507,none
NABL,0.034690801674726934,none
NABL,0.1530697764736655,up
NABL,0.01602087566062549,none
NABL,0.07374631213113103,none
NABL,0.08984290937168238,none
NABL,0.14534278977348825,none
NABL,0.04991947518120199,down
NABL,0.04018200936365046,none
NABL,0.0056497121870149325,down
NABL,0.08359132487063015,up
DFTX,0.32633278873240745,down
DFTX,0.6335879376937605,up
DFTX,0.3618677536932513,up
DFTX,1.8888889389899823,up
DFTX,0.7747747825150093,up
DFTX,1.483739853157418,up
DFTX,0.13675214255773693,none
DFTX,0.13510393728743297,none
DFTX,0.1266667048136394,none
DFTX,0.5480133179671769,up
DFTX,0.10268950137524957,down
DFTX,0.39629626457256273,up
THQQF,0.10112361642815282,up
THQQF,0.07692312341501562,down
THQQF,0.07692307692307687,down
THQQF,0.21818185823538827,down
THQQF,0.08303248830661047,down
THQQF,0.02005723301961493,down
THQQF,0.18025748541025632,up
THQQF,0.8539680800690763,up
THQQF,0.5909092419732154,up
THQQF,-0.006696423179894273,down
THQQF,0.3094170456517147,down
THQQF,0.005235618127799491,down
CHCT,0.047542666511834586,down
CHCT,0.07938470233467987,none
CHCT,0.08160230811378133,none
CHCT,0.020212929422100512,none
CHCT,0.17732324187172455,up
CHCT,0.014323473788341978,down
CHCT,0.19412031738845803,up
CHCT,0.19000425329163506,up
CHCT,0.009581307232264358,down
CHCT,0.005481508043077232,none
CHCT,0.20673845279744651,up
CHCT,0.03799920434582926,down
NRK,0.023142255773763942,none
NRK,0.10813719174814773,up
NRK,0.1207644599276152,up
NRK,0.06590814374991383,up
NRK,0.008035750092371341,down
NRK,0.00800018190887375,down
NRK,0.12610627191562052,up
NRK,0.024890777622898153,none
NRK,0.021087553911769197,none
NRK,0.0023978465385356973,down
NRK,0.006470458819477942,down
NRK,0.020842439035693827,down
CFG,0.16061624361340066,up
CFG,-0.006922220042797522,down
CFG,0.12128545099973387,none
CFG,0.10459207024751449,none
CFG,0.03553626591902326,none
CFG,0.0614899405495557,down
CFG,0.19549651064354445,up
CFG,0.18272533364724097,up
CFG,0.14210451505114818,down
CFG,0.05110665872474662,none
CFG,0.18845158059730105,up
CFG,0.10657955654291906,up
TARSF,0.4261744989934715,up
TARSF,1.0652173613752671,up
TARSF,-0.07135112505730068,down
TARSF,0.5833333488553767,up
TARSF,0.2201680269881805,none
TARSF,0.36147042510000715,none
TARSF,0.060344823156610605,down
TARSF,0.0,down
TARSF,0.35458175703578254,up
TARSF,0.0,down
TARSF,0.4444443340654771,up
TARSF,0.6748080942527062,down
RGR,0.12688989349419377,up
RGR,0.3746790421991413,up
RGR,0.019662271654158126,down
RGR,0.07109891543766689,none
RGR,0.3782160013018703,up
RGR,0.003933561261243668,down
RGR,0.05710265019557248,none
RGR,0.0607923260741432,none
RGR,0.023456352528606006,none
RGR,0.07247874450892211,none
RGR,0.007854863884688479,none
RGR,0.005130997583677965,none
MYND,0.31818186568267315,up
MYND,0.07810785608251636,none
MYND,0.05964915157281814,down
MYND,0.10718781578308922,down
MYND,1.5808948338157376,up
MYND,0.5320000648498535,up
MYND,0.2985074744198595,none
MYND,1.1731844624606609,up
MYND,2.087301693926173,up
MYND,0.054921221494115935,down
MYND,0.05494500096186172,down
MYND,0.8425076813643433,both
DRCT,0.04074073174554749,none
DRCT,0.4242423866075753,up
DRCT,0.4641255174412062,up
DRCT,0.11494252629204627,none
DRCT,1.8308822374442917,up
DRCT,0.7953889595928729,up
DRCT,0.8002980409880975,down
DRCT,0.04166670680447604,down
DRCT,0.019230697410220765,down
DRCT,-0.03361348578522583,down
DRCT,0.916923042777535,down
DRCT,0.14201188823047461,none
SNTG,0.5679611407025356,up
SNTG,1.5689656076051417,up
SNTG,0.0934065671347728,none
SNTG,0.19856171588221105,none
SNTG,0.31791041890381777,none
SNTG,-0.028037401503044235,down
SNTG,1.6470587492814133,up
SNTG,0.026178048376628515,down
SNTG,0.12217193496200185,none
SNTG,0.03476400857570172,down
SNTG,1.2304833557236061,up
SNTG,0.0669642868546807,down
TXT,0.04025475762550812,none
TXT,0.06894623293807012,none
TXT,0.08713937370580993,up
TXT,0.013336909831407784,down
TXT,0.1167827718465475,up
TXT,0.013881105246826175,down
TXT,0.09146868757741689,none
TXT,0.034114063536197836,down
TXT,0.05646690114468411,none
TXT,0.031820320095333754,none
TXT,0.007940600054039404,none
TXT,0.20421927136768692,up
MEOH,0.3359300476532354,up
MEOH,0.17948630706445234,up
MEOH,0.00438519439788343,down
MEOH,0.012273348766917103,down
MEOH,0.10209126150577164,none
MEOH,0.3340841382002666,up
MEOH,0.33693695987032646,up
MEOH,0.43588403368405304,up
MEOH,0.0888216936549473,none
MEOH,0.026874737261847192,down
MEOH,0.0884583160718233,none
MEOH,0.20121244715668074,none
KMFG,0.002865326772472976,down
KMFG,1.5,up
KMFG,0.0,none
KMFG,0.2202797683738411,none
KMFG,1.0833332505491078,up
KMFG,1.5,none
KMFG,1.2624433998618252,up
KMFG,0.27877235044554705,none
KMFG,0.0,none
KMFG,0.27877235044554705,none
KMFG,-0.22637366299582418,down
KMFG,0.09062498672865349,none
RBSPF,0.09319000395426524,up
RBSPF,0.09554158563397741,up
RBSPF,0.3259258533985596,none
RBSPF,0.17416820772721175,none
RBSPF,0.21621626993873466,up
RBSPF,0.03985499111753388,down
RBSPF,0.0,down
RBSPF,0.16520657664262295,none
RBSPF,0.11363648685847383,none
RBSPF,0.25530292985074077,none
RBSPF,0.21822054183404838,none
RBSPF,0.05395688626198991,down
SMSOF,0.08558568916505815,down
SMSOF,0.0299147563913591,down
SMSOF,0.22580640470238533,up
SMSOF,0.05483925810731227,down
SMSOF,0.142857115187351,both
SMSOF,0.08558568916505815,down
SMSOF,0.10045667269408232,up
SMSOF,0.19753089240954758,down
SMSOF,0.19753089240954758,up
SMSOF,0.04852290518817748,down
SMSOF,0.043290106289275654,up
SMSOF,0.142857115187351,up
IFRX,0.18099540725992114,none
IFRX,0.04924237532447284,none
IFRX,0.27131785596264546,none
IFRX,1.2083332919412206,up
IFRX,0.021352293238907194,down
IFRX,0.2387096878393138,none
IFRX,2.835978865012761,up
IFRX,0.7704402503934844,up
IFRX,0.3015873000855469,none
IFRX,0.10967747195082245,none
IFRX,3.0730337733317024,up
IFRX,0.09693880281762102,down
GYRO,0.0,down
GYRO,0.08391609724086124,none
GYRO,0.0,down
GYRO,0.05330151889898782,none
GYRO,0.014492740269210325,down
GYRO,0.05835327968667636,none
GYRO,0.005940540958044194,none
GYRO,0.1881856093206089,none
GYRO,0.10657367518821537,up
GYRO,0.0292083095892135,down
GYRO,0.06504066490482452,up
GYRO,0.03821652452768376,up
NETTF,0.16666675019559585,none
NETTF,0.044583131041983304,down
NETTF,0.016408846909572894,none
NETTF,0.01705896546165686,down
NETTF,0.13924975679843565,none
NETTF,0.06445375056625968,down
NETTF,0.1945797952941526,up
NETTF,-0.017589411850439052,none
NETTF,0.14494960421700642,up
NETTF,0.04833956422236141,down
NETTF,0.1500832078525942,none
NETTF,0.30442104135597603,up
LBSR,0.01999996572732976,down
LBSR,-0.0021008758501644964,none
LBSR,0.41491231091455805,none
LBSR,0.0,down
LBSR,0.324999908730389,none
LBSR,0.05476675451198387,down
LBSR,0.2941176264343792,down
LBSR,1.3490515955752032,up
LBSR,0.48598124528724673,none
LBSR,0.6130000112503766,up
LBSR,0.1351598619050176,none
LBSR,0.6147059382967464,down
HLN,0.015151453598016396,down
HLN,0.07036664993686315,up
HLN,0.1482190277895874,up
HLN,0.03128739105120082,none
HLN,0.30000011678749017,up
HLN,0.05105960824953937,none
HLN,0.1384366282169076,none
HLN,0.18716816438220518,up
HLN,0.12561129493740042,up
HLN,0.08985198906917047,up
HLN,0.03711344090254176,down
HLN,-3.547714833018745e-08,down
FLG-PA,0.008182589262340834,down
FLG-PA,0.15052747298779878,none
FLG-PA,0.044776218933612943,down
FLG-PA,0.1163148139082224,none
FLG-PA,0.10367274743512267,up
FLG-PA,0.17803584341208856,up
FLG-PA,0.053688813890197196,down
FLG-PA,0.006597695486874722,down
FLG-PA,0.0812166250551678,none
FLG-PA,0.12892226146512908,none
FLG-PA,0.0071794558794071595,down
FLG-PA,0.02959819024566679,down
FCPT,0.06381130862813222,none
FCPT,0.07268805806021406,none
FCPT,0.11813080509447427,up
FCPT,0.07379705437226991,none
FCPT,0.0886144635861017,none
FCPT,0.04809160230538034,down
FCPT,0.0524474378333204,none
FCPT,0.16422274153943994,up
FCPT,0.02099614274557071,none
FCPT,0.045758931513387724,none
FCPT,0.1244581054904561,up
FCPT,0.04792568518659346,none
LEN-B,0.07977805463164578,none
LEN-B,0.08116392258114091,none
LEN-B,0.20254712298872324,up
LEN-B,0.06250464763114927,none
LEN-B,0.23696777022177296,up
LEN-B,0.21801218763736108,up
LEN-B,0.10140400719056819,none
LEN-B,0.3202510149916824,up
LEN-B,0.10191871649985162,none
LEN-B,0.3102233276273032,up
LEN-B,0.17667842477025042,up
LEN-B,0.13651468694248314,none
LZM,0.09131738760330421,none
LZM,0.021988483881217435,up
LZM,0.008981955569058009,none
LZM,0.41728765645552945,none
LZM,0.1184694362472587,down
LZM,0.4743589978716556,up
LZM,0.019924102363094498,up
LZM,0.02594803027240067,up
LZM,0.06310675791200149,up
LZM,0.4173462686166207,up
LZM,0.18193882743023093,none
LZM,0.07900438463131088,down
DCH,0.1578170592496877,none
DCH,-0.008048282402741247,down
DCH,0.01159789601754957,down
DCH,0.11326865785536389,none
DCH,0.1978799280194914,up
DCH,0.42961165778923927,up
DCH,0.19505488441382468,none
DCH,0.06117021799384337,none
DCH,0.12066115637342101,none
DCH,0.3560091215383352,up
DCH,0.04401914320985245,none
DCH,0.23544633469218557,up
PRTCY,0.0,down
PRTCY,0.10598113572836909,down
PRTCY,0.19622295755547303,none
PRTCY,0.12653777891203144,none
PRTCY,0.06954183119048785,down
PRTCY,0.4077069223687346,down
PRTCY,0.19438445244716118,none
PRTCY,0.028113843325769716,none
PRTCY,0.4944445097352812,up
PRTCY,0.16363635334202153,down
PRTCY,0.1825837186269459,none
PRTCY,0.09213208991519561,down
NTZ,0.11496352413287636,down
NTZ,0.06576272996805477,down
NTZ,0.44743930737025717,none
NTZ,0.07384615678053641,none
NTZ,0.00760455561405049,down
NTZ,0.12244895774590314,none
NTZ,0.09803921751955857,down
NTZ,0.03523490550383679,down
NTZ,0.0467533271777989,down
NTZ,0.014285651726904769,down
NTZ,0.03938726949176141,down
NTZ,0.1076922783484826,none
ROP,0.012688665181383119,down
ROP,0.07479644874376712,none
ROP,0.036055185120061894,none
ROP,0.004847762556183133,down
ROP,0.17308445061560707,up
ROP,0.042870430750099775,none
ROP,0.02426950055119459,none
ROP,0.15531788059045049,up
ROP,0.03183094275153864,none
ROP,0.05069731394693178,none
ROP,0.1127758758787667,up
ROP,0.0270722227696647,none
RBBN,0.17901232160458647,none
RBBN,0.059440588297031915,down
RBBN,0.11265166334767618,none
RBBN,0.06716411337870709,none
RBBN,0.06982536583277632,none
RBBN,0.29893244473058456,up
RBBN,-0.006666713290744308,down
RBBN,0.18181813405087466,none
RBBN,0.2362205323079707,none
RBBN,0.11960129443070833,none
RBBN,0.29508200309443877,up
RBBN,0.10567006064926043,none
DOO,0.2786910457526173,up
DOO,0.010035397551453329,down
DOO,0.22609207935396358,up
DOO,0.04578858767757321,down
DOO,0.049009248816411555,none
DOO,0.06772911300593099,none
DOO,0.15408606088590138,up
DOO,0.131363070389386,none
DOO,0.04917826093462341,down
DOO,0.06073311391692626,none
DOO,0.03717435003867475,none
DOO,0.15318684602377552,up
GFMH,0.0,down
GFMH,0.09090908211265569,down
GFMH,0.9396985940585738,up
GFMH,0.07142854949789945,down
GFMH,1.3975155322618225,up
GFMH,0.9396985940585738,none
GFMH,0.35438601627978006,none
GFMH,0.9396985940585738,none
GFMH,0.34013604278508525,none
GFMH,0.17214321484693507,down
GFMH,0.19395465167692483,up
GFMH,0.0,down
BWLP,0.5655440492905182,up
BWLP,0.10880112368437045,down
BWLP,0.06329100016301092,up
BWLP,0.353210822066494,up
BWLP,0.14958449214697023,up
BWLP,0.0585273347716615,none
BWLP,0.35327902784248444,up
BWLP,0.03366759971425992,down
BWLP,0.05009099401290662,none
BWLP,0.23572574179166828,up
BWLP,0.03488347404564407,up
BWLP,0.015328469059362249,down
PTA,0.03875333099897005,down
PTA,0.020487663761525443,down
PTA,0.020463297111890544,down
PTA,0.022280755975546906,down
PTA,0.025285047889812562,down
PTA,0.006907275374637312,down
PTA,0.06878675408804047,none
PTA,0.005449100307209465,down
PTA,0.04813376608238129,none
PTA,0.015438460394781028,none
PTA,0.007388906373112514,down
PTA,0.0023231806896875096,down
JBL,0.29904445658580436,up
JBL,-0.015278888602528906,down
JBL,0.061129083488415725,none
JBL,0.07736355647359461,none
JBL,0.025672301508859352,down
JBL,0.20587465273206984,up
JBL,0.058949300771191426,down
JBL,0.056187709372712336,down
JBL,0.07618340072293472,none
JBL,0.3542883796269709,up
JBL,0.020794213914256066,down
JBL,0.00512387819513882,none
NSFDF,1.4999999627470975,down
NSFDF,1.6315789803903855,up
NSFDF,0.4255319540184406,up
NSFDF,1.380952455289242,up
NSFDF,0.30612239436475797,up
NSFDF,0.05454540134461583,none
NSFDF,0.5000000931322595,up
NSFDF,1.1250000698491949,up
NSFDF,0.571428556223305,up
NSFDF,0.01562498544808455,down
NSFDF,0.5000000931322595,both
NSFDF,0.0,down
CSDX,1.192884799283684,none
CSDX,0.19230769936149672,down
CSDX,0.41025649255079455,down
CSDX,0.07448106115189068,down
CSDX,0.08124999580904846,down
CSDX,0.08124999580904846,down
CSDX,0.7567566696791177,none
CSDX,2.124999986695392,up
CSDX,1.564102549407139,up
CSDX,3.6500003383805426,up
CSDX,0.818181855126846,up
CSDX,0.42499996088445235,down
IRM,0.21839877284761045,up
IRM,0.03619054456861237,down
IRM,0.0757788984441572,down
IRM,0.06251185722682018,down
IRM,0.24609833912145862,up
IRM,0.07636481904625048,down
IRM,0.1451372444060932,up
IRM,0.14764284633485691,up
IRM,0.1538636331859342,down
IRM,0.073643283452965,up
IRM,0.017505782737268438,down
IRM,0.08166696738690638,none
GLAXF,0.07594298317145443,up
GLAXF,0.042696640775666594,none
GLAXF,0.14628792405053792,up
GLAXF,0.2917299649110392,down
GLAXF,0.18150433421628076,none
GLAXF,0.018270976104782344,down
GLAXF,0.05662796475019771,down
GLAXF,0.06244961278614336,up
GLAXF,0.07332963565236761,none
GLAXF,0.21345456575634425,up
GLAXF,0.06334261856678158,none
GLAXF,0.10712788741392476,none
HLIT,0.1676737390790244,up
HLIT,0.2726517672029414,up
HLIT,0.13082032057834536,up
HLIT,0.09180792406381655,down
HLIT,0.07481560118766128,down
HLIT,0.21073556631520063,up
HLIT,0.16060608220749995,up
HLIT,0.4150089534149084,up
HLIT,0.1304347634301115,down
HLIT,0.14899997711181645,up
HLIT,0.026028583004898964,down
HLIT,0.17444086957062233,down
SFBQF,0.08864275436426938,none
SFBQF,0.13172417773966583,none
SFBQF,0.14843745584282564,none
SFBQF,0.12715119546656872,none
SFBQF,0.13063048681672518,up
SFBQF,0.12072254342104483,none
SFBQF,0.07800755669091686,up
SFBQF,0.05903090190191951,none
SFBQF,0.10808282223859411,none
SFBQF,0.15361679908105974,down
SFBQF,0.20454545641019384,none
SFBQF,0.25990505563097854,none
VANI,0.12399997711181632,none
VANI,0.2325582018581125,none
VANI,0.26470586860331125,up
VANI,0.4302325565277274,up
VANI,0.4285714015398434,up
VANI,0.38461539872299344,up
VANI,0.04166662527455389,down
VANI,0.32773105315231765,none
VANI,0.05454540134461583,down
VANI,0.033088203390680304,down
VANI,0.008888880411783928,down
VANI,0.29807699361496676,up
CLWT,0.09677425805289541,none
CLWT,0.265734276373202,none
CLWT,0.2962962796704094,none
CLWT,0.3030303173613784,up
CLWT,0.036496315432303694,none
CLWT,0.06164379135954823,none
CLWT,0.24657535552817178,up
CLWT,0.1782478314384326,none
CLWT,0.3897059727831991,up
CLWT,0.34188043593106676,up
CLWT,1.226890773035703,up
CLWT,1.3660716170177163,up
FNF,0.020327400688868513,none
FNF,0.02864803961583373,none
FNF,0.15466831139909987,up
FNF,0.019645238872528115,down
FNF,0.06026503408642103,down
FNF,0.08432537941872842,down
FNF,0.06373826711685382,none
FNF,0.009833315192322445,down
FNF,0.12251913317253105,up
FNF,0.07744729072816603,down
FNF,0.04668928290943297,down
FNF,0.06435108695666236,none
USEA,0.1363632317952479,none
USEA,0.8038462392315833,up
USEA,0.07913634740446462,none
USEA,0.19948871793641554,none
USEA,0.1627905337743203,none
USEA,0.011628030195744765,down
USEA,0.08823529609409886,up
USEA,0.3707319144436356,up
USEA,0.49812730583996667,up
USEA,0.026022262575755573,down
USEA,0.01027394235250556,down
USEA,0.3707319144436356,up
PLAG,0.3028571265084403,down
PLAG,1.2799999237060549,up
PLAG,0.07296140852380217,down
PLAG,0.13725496062587217,down
PLAG,-0.02247188964466096,down
PLAG,0.037593984423272,down
PLAG,1.4367814642983938,up
PLAG,0.07194244801754435,down
PLAG,1.8070176209108992,up
PLAG,0.14814814814814814,none
PLAG,0.0978261511808094,down
PLAG,0.6285713740757533,up
BHB,0.08673461156425066,none
BHB,0.12163259290830442,none
BHB,0.05063273495143994,none
BHB,0.15653234307109942,none
BHB,0.02935175616122576,none
BHB,0.009114956845083677,none
BHB,0.07634640455575936,none
BHB,0.08632517657600491,none
BHB,0.11324020950886249,none
BHB,0.008552972882288623,down
BHB,0.14051865110762685,down
BHB,0.1733167279285004,up
MSM,0.0467625339599389,down
MSM,0.013636443129772413,down
MSM,0.0789734427384654,none
MSM,0.09763367249073562,up
MSM,0.16075771334358224,up
MSM,0.09261598349345102,up
MSM,0.055194025298784144,down
MSM,0.10535889054379433,up
MSM,0.09768092505768311,none
MSM,0.0252429187182468,none
MSM,0.04984879970055944,down
MSM,0.05095264463611349,down
EYE,0.37140553708293855,up
EYE,0.5696517119837239,up
EYE,0.11296624067282934,none
EYE,0.2143975572803447,none
EYE,0.2632071635700859,up
EYE,0.03698115850929096,down
EYE,0.02441406304569682,down
EYE,0.8786148265579274,up
EYE,0.06210691393621803,none
EYE,0.04675506488911885,down
EYE,0.18088735812772572,none
EYE,-0.00024224112396920017,down
FNRN,0.12134825885634393,up
FNRN,0.06866234107220492,up
FNRN,0.018269174727795656,down
FNRN,0.10494200548044819,up
FNRN,0.03068785219848502,none
FNRN,0.08808291322448691,none
FNRN,0.06635069323245091,none
FNRN,0.014444489616818323,none
FNRN,0.067114143687099,none
FNRN,0.0,none
FNRN,0.11259752503466358,up
FNRN,0.011878247351344795,none
TRIN,0.0692772896003413,none
TRIN,0.02443376029355049,down
TRIN,0.1486753233288607,none
TRIN,0.09208114155849789,none
TRIN,0.013078238785855456,none
TRIN,0.03403369165042336,none
TRIN,0.04993749493240185,down
TRIN,0.13362726076640796,up
TRIN,0.047261985706816834,down
TRIN,0.14566295972902532,none
TRIN,0.015404359543693458,none
TRIN,0.15298250069740416,none
FLUX,0.21970922793902115,down
FLUX,0.07836990455035675,down
FLUX,0.04790421854561089,none
FLUX,0.03608247971701117,down
FLUX,0.07903780491052137,down
FLUX,0.4017857551498678,none
FLUX,0.2121212296358923,none
FLUX,0.42642645910741805,up
FLUX,0.09356725309270253,down
FLUX,0.30798475571615325,none
FLUX,0.039779839190420496,down
FLUX,0.2362637006348287,none
ZCMD,0.04845805502120615,none
ZCMD,0.12903230586934655,none
ZCMD,0.09374997756814496,none
ZCMD,0.1200000000000001,none
ZCMD,0.25000002929875076,none
ZCMD,0.1182857202860983,none
ZCMD,0.506024048752215,up
ZCMD,0.14388481650796248,none
ZCMD,0.056768629035207185,down
ZCMD,0.32434793464187495,none
ZCMD,0.004469293508997163,none
ZCMD,0.07954542234104411,none
PRGS,0.01887647201687459,down
PRGS,0.01589724308203655,none
PRGS,0.218456572823704,up
PRGS,0.2173257612381443,up
PRGS,0.03301805550034431,down
PRGS,0.16837303047075092,up
PRGS,0.0042855441622813295,down
PRGS,0.11275172816591228,up
PRGS,0.05914131866669514,none
PRGS,0.11521908235625822,none
PRGS,0.044359338255228975,none
PRGS,0.06115590456010156,none
LGO,0.20714291857213496,none
LGO,0.17058820806985153,down
LGO,0.11555555131700301,none
LGO,0.32558135666545573,up
LGO,0.15964741511761527,down
LGO,0.091304366304654,none
LGO,-0.013245020564786825,down
LGO,0.666666691195327,up
LGO,0.5187165277687202,up
LGO,0.17667433717431358,down
LGO,0.6289954434835849,up
LGO,0.15316908251574923,none
APMCF,1.517407908592853,down
APMCF,0.0874999930150806,down
APMCF,0.09523814930126684,none
APMCF,2.260434367618749,up
APMCF,1.6286354897385817,up
APMCF,0.10204083866896263,down
APMCF,0.057943930491703544,down
APMCF,0.3651668115683919,down
APMCF,0.4744394603697548,none
APMCF,0.5267176119557819,up
APMCF,0.04651160519974984,down
APMCF,0.6597510850642383,up
MFC,0.19365238539969298,up
MFC,0.12788730576989749,up
MFC,0.0719339750911352,down
MFC,0.04478375794915701,down
MFC,0.03749428291745183,down
MFC,0.03904413102984927,down
MFC,0.013084873872923897,down
MFC,0.0236371594979341,down
MFC,0.07920212928357673,none
MFC,0.25241641018851557,up
MFC,0.07659988292991038,none
MFC,0.0951586428000275,up
VIRC,0.19014079911366566,up
VIRC,0.14089552136707484,none
VIRC,0.05965915066767025,down
VIRC,0.06332455292052175,down
VIRC,0.09518055712457252,none
VIRC,0.3303067113933642,up
VIRC,0.10395002214808535,down
VIRC,0.01792267468023745,down
VIRC,0.8558557060876164,up
VIRC,0.7952068164156136,up
VIRC,0.10616449126176164,none
VIRC,0.1635514140575831,none
OBK,0.010283831170663005,none
OBK,0.014307925859146975,down
OBK,0.22687281969613027,up
OBK,0.09302243260441445,none
OBK,0.07011770445732068,none
OBK,0.06026967474217826,down
OBK,0.1045481814400897,up
OBK,0.013916346258780798,down
OBK,0.10073302725605382,none
OBK,0.05822864931442018,none
OBK,0.05863196947125937,none
OBK,0.07309456664665537,down
NTLA,0.24251014292502338,up
NTLA,0.16031003071675531,none
NTLA,1.3859796989804383,up
NTLA,0.45813458903785675,up
NTLA,0.04053835048204868,down
NTLA,0.1810192468567633,none
NTLA,0.13728965420478723,down
NTLA,0.06853414268129532,down
NTLA,0.04478160858524283,down
NTLA,0.18462812949816731,down
NTLA,0.0020170224176223606,down
NTLA,0.02924526862378385,down
AAPL,0.015268855780307122,down
AAPL,0.057853926762604146,none
AAPL,0.053864250044835194,none
AAPL,0.03182606754752704,down
AAPL,0.04156233731174086,none
AAPL,0.1559997547553178,up
AAPL,0.00910023934770332,down
AAPL,0.06760519209288463,none
AAPL,0.025216832759976437,down
AAPL,0.09632668949798195,none
AAPL,0.11887552858262374,none
AAPL,0.17107880857102709,up
RDI,0.17378046896789545,none
RDI,0.2567567502259338,up
RDI,0.11057693630280618,none
RDI,0.009456255714577644,down
RDI,0.08098592465653653,none
RDI,0.3555555634047267,up
RDI,0.14552233461601927,none
RDI,0.012711953873680848,down
RDI,0.1265060496202215,none
RDI,0.06286830751105632,none
RDI,0.04439242314705605,down
RDI,0.005434777327093299,down
OHCFF,0.17857149102163206,down
OHCFF,0.5544040153498497,none
OHCFF,0.3874065785049079,up
OHCFF,0.01996422524916186,down
OHCFF,0.09079248748149427,down
OHCFF,0.2209301529751424,down
OHCFF,0.040228871865361615,down
OHCFF,0.3019218155581791,down
OHCFF,0.4666667171256256,none
OHCFF,0.6470588029049669,up
OHCFF,0.1368686714749252,down
OHCFF,0.6500000372529029,none
BMBN,0.03976831133220693,up
BMBN,0.07500003312590353,none
BMBN,0.05250002915293739,down
BMBN,0.010416566831097374,down
BMBN,0.07273456386606436,down
BMBN,0.1387435748349266,up
BMBN,-0.00395606518444358,down
BMBN,0.008857346810124733,down
BMBN,0.03976831133220693,down
BMBN,0.027547938905380542,down
BMBN,0.05940200042730481,up
BMBN,0.06232733534577517,up
ENB,0.06885484728432889,up
ENB,0.07889534299641876,up
ENB,0.008760799008799669,down
ENB,0.0902209352092509,up
ENB,0.13880876211798565,up
ENB,0.02815607160606315,down
ENB,0.08881966955330589,down
ENB,0.155039196502748,up
ENB,0.01952055786392748,down
ENB,0.06501042996780271,none
ENB,0.03527949211649184,down
ENB,0.15476286246270932,up
SPFI,0.09357143930039613,none
SPFI,0.21478413206135105,up
SPFI,0.16671608611187283,up
SPFI,0.19819045391883372,up
SPFI,0.2077922258312752,up
SPFI,0.10787291255624298,up
SPFI,0.024461191605475108,down
SPFI,0.09741804831469447,none
SPFI,0.03583554938017852,none
SPFI,0.11348573271675755,up
SPFI,0.258085980482168,up
SPFI,0.03318363141286018,none
PPG,0.0736656478702844,none
PPG,0.05387765265564526,down
PPG,0.021754567843120798,down
PPG,0.07270486770780016,none
PPG,0.0766353703076843,down
PPG,0.0675436153535851,down
PPG,0.03890585931450219,none
PPG,0.014046510445339555,down
PPG,0.05286612773539989,down
PPG,0.034423216557016856,down
PPG,0.0510256305840191,down
PPG,0.0718413650696832,down
ALL-PB,0.02486700163723521,none
ALL-PB,0.015402819682030167,none
ALL-PB,0.026782019211802233,none
ALL-PB,0.014879866868370728,down
ALL-PB,0.03572914920046677,none
ALL-PB,0.009463458699431992,none
ALL-PB,0.015240304311174402,down
ALL-PB,0.01731889313555257,none
ALL-PB,0.02229911259524009,none
ALL-PB,0.013323196626221945,down
ALL-PB,0.0028505153147149187,down
ALL-PB,0.016154194015412182,none
EQH-PA,0.20947656753682287,up
EQH-PA,0.022375150894119678,down
EQH-PA,0.07306012264145134,up
EQH-PA,0.006716664246264603,down
EQH-PA,0.07967591375756178,up
EQH-PA,0.015515549960339214,down
EQH-PA,0.02876296613823537,down
EQH-PA,0.1726306308226655,up
EQH-PA,0.03577567332729936,up
EQH-PA,0.039410994177605074,down
EQH-PA,0.036549699460344254,none
EQH-PA,0.04810474429868816,none
GAB-PG,0.024877197496291137,none
GAB-PG,0.027764021928715632,none
GAB-PG,0.1109432295767423,up
GAB-PG,0.019002257291362845,none
GAB-PG,0.05687163180299426,up
GAB-PG,0.020108011211845467,none
GAB-PG,0.039500709804896283,none
GAB-PG,0.02238281993570146,none
GAB-PG,0.024877197496291137,none
GAB-PG,0.021020349815822126,down
GAB-PG,0.018316410894578805,none
GAB-PG,0.063938886290553,none
PTY,0.07500019735049102,none
PTY,0.005517353126243796,down
PTY,0.08592648308341588,up
PTY,0.056992973993124085,down
PTY,0.06844566923369455,up
PTY,0.059738845262676366,up
PTY,0.06480421024845007,up
PTY,0.09598843032568039,up
PTY,0.018163408574979556,down
PTY,0.023206846534696624,down
PTY,0.13228874860331263,up
PTY,0.023844811831619017,down
MBINM,0.02084368013749338,none
MBINM,0.12095516111840943,none
MBINM,0.011274396341885318,none
MBINM,0.01907471475407685,down
MBINM,0.014027989147032072,down
MBINM,0.057787500106813994,up
MBINM,0.09070531115847413,up
MBINM,0.008454127372026443,down
MBINM,0.08145956926633824,none
MBINM,0.06198341680520736,up
MBINM,0.053835363576374196,none
MBINM,0.07337720908330714,up
MS-PO,0.02915669788530595,none
MS-PO,0.07079149943045748,none
MS-PO,0.14297065113981722,up
MS-PO,0.04957746900602178,down
MS-PO,0.013110874788140103,down
MS-PO,0.1205636462332782,up
MS-PO,0.027397484317375875,none
MS-PO,0.1253013601658748,up
MS-PO,0.03264351239404406,down
MS-PO,0.0714600421306717,none
MS-PO,0.020757822230753176,down
MS-PO,0.02681374855803864,none
TLSS,1.0,none
TLSS,0.0,none
TLSS,0.3061224004934109,none
TLSS,0.40740739463206377,none
TLSS,0.5178572794669642,up
TLSS,0.04651154731659979,none
TLSS,1.0,none
TLSS,0.685393261954258,up
TLSS,1.0,none
TLSS,0.008695637385426114,down
TLSS,0.5000001091393669,none
TLSS,1.0,none
CHT,0.004127314981348995,down
CHT,0.045418523587351656,up
CHT,0.07431887492790179,up
CHT,0.04544337063170234,up
CHT,0.14135176115681092,up
CHT,0.03160932396838523,none
CHT,0.0676137481194965,up
CHT,0.0013414341661652784,down
CHT,0.008910319244013198,down
CHT,0.08179205444571758,up
CHT,0.02008867367855305,down
CHT,0.07580853408727473,up
UEPCO,0.05469177746192955,down
UEPCO,0.05469177746192955,down
UEPCO,0.05434784967286954,down
ISTKF,0.36005259072158924,none
ISTKF,1.176470593391405,up
ISTKF,3.7754135776700997,up
ISTKF,0.30624087439060954,down
ISTKF,0.27306277797058454,none
ISTKF,0.10368533573223915,down
ISTKF,0.41353377224908594,up
ISTKF,0.42748672614232897,both
ISTKF,0.1803825511813988,down
ISTKF,3.1988002969506377,up
ISTKF,1.259542112548862,up
ISTKF,0.12733173571180423,up
JPM-PM,0.02609707388263427,down
JPM-PM,0.013586946787367049,none
JPM-PM,0.2128959835201616,up
JPM-PM,0.19169847039378562,up
JPM-PM,0.07496052004770393,none
JPM-PM,0.0406504006102717,none
JPM-PM,0.03868678412600879,down
JPM-PM,0.05283494688646195,none
JPM-PM,0.04485661323729606,none
JPM-PM,0.06542506483758093,none
JPM-PM,0.01917127391284512,down
JPM-PM,0.014683590659612333,down
FGI,0.016597494282109215,none
FGI,0.039664860723588324,down
FGI,0.10810808720947507,down
FGI,0.04761911790117157,down
FGI,0.2586206896551724,up
FGI,0.19157087842611142,none
FGI,0.17794481153668662,none
FGI,0.4009008699399632,up
FGI,0.764705915352053,up
FGI,0.21666666666666656,up
FGI,0.27586206896551735,up
FGI,0.2596154674975859,none
RMD,0.07314825709292272,none
RMD,0.045603160358785866,down
RMD,0.061530505637595434,down
RMD,0.055741363816652845,none
RMD,0.1721966600874485,up
RMD,0.17635998864425573,up
RMD,0.012051171283823381,down
RMD,0.03138896962209281,down
RMD,0.05596485954234587,none
RMD,0.040494330548665136,none
RMD,0.23901423280775846,up
RMD,0.0741451476418562,none
FTDR,0.09137926130034146,down
FTDR,0.12322579660723276,none
FTDR,-0.0033233974601067917,down
FTDR,0.09152649502743437,none
FTDR,0.03521930185755173,down
FTDR,0.13293489844161832,none
FTDR,0.019867544345566923,down
FTDR,0.11721906408082416,none
FTDR,0.2934018860169574,up
FTDR,0.21235842503208313,up
FTDR,0.10375997306818197,none
FTDR,0.03700279838566445,down
HWAIF,0.4842105098048073,up
HWAIF,0.08910894478060416,down
HWAIF,0.1349206018820308,down
HWAIF,0.2871286778131681,none
HWAIF,0.2974683556241917,none
HWAIF,0.13207557779396217,none
HWAIF,0.10169492381566325,down
HWAIF,0.3253968013687498,none
HWAIF,0.4910713839059584,none
HWAIF,0.06620211316957825,down
HWAIF,0.18627456938565135,down
HWAIF,0.06557370641801308,down
HACBY,0.1801567122837897,down
HACBY,0.1801567122837897,down
HACBY,0.1801567122837897,down
OXLCI,0.016909171975608928,none
OXLCI,0.031483134048083006,up
OXLCI,0.00509215215632608,down
OXLCI,0.014407026890004726,none
OXLCI,0.01527016049704999,up
OXLCI,0.002921144411127452,none
OXLCI,0.019228225524525966,up
OXLCI,0.016675919875525302,none
OXLCI,0.022793577520477726,none
OXLCI,0.026953619090561487,none
OXLCI,0.028153228507292072,up
OXLCI,0.034358141339908777,up
EHVVF,0.16666669253673794,down
EHVVF,0.11111118297242206,down
EHVVF,0.9499998544808546,down
EHVVF,0.6000001117587115,down
EHVVF,1.0,none
EHVVF,0.18181821260570508,none
EHVVF,0.7999999627470962,none
EHVVF,1.3999999503294616,up
EHVVF,0.3999999733907844,none
EHVVF,0.6822428474864475,none
EHVVF,0.16666669253673794,down
EHVVF,0.7499999708961709,none
POWI,0.1284042159678882,none
POWI,0.10910840785309461,none
POWI,0.1347753573253616,none
POWI,0.25249864818476,up
POWI,0.06490947843589123,none
POWI,0.052075857594684916,down
POWI,0.06051026753723465,none
POWI,0.2575479434706762,up
POWI,0.01433623201968448,down
POWI,0.03348072365714283,down
POWI,0.29101002117784525,up
POWI,0.12752725013031885,none
NGS,0.11462460523732498,none
NGS,0.12102109492786606,none
NGS,0.33080567447794085,up
NGS,0.1859742375340694,none
NGS,0.21019780704082347,up
NGS,0.14064114985148968,none
NGS,0.17498720980945404,none
NGS,0.26656401774504435,none
NGS,0.2686334027922943,up
NGS,0.44683321524681974,up
NGS,0.18511268399746794,none
NGS,0.16906470386523664,up
JTAI,1.542116679847393,down
JTAI,0.001984126623667315,down
JTAI,0.1776504064955331,down
JTAI,0.016393415709089254,down
JTAI,0.024201396376908102,up
JTAI,0.5167930507734142,none
JTAI,0.21268663579144742,down
JTAI,0.05645160248215597,up
JTAI,0.33876216446593554,down
JTAI,1.2101769885901081,up
JTAI,1.791208962245797,up
JTAI,0.10510513648220354,up
BL,0.23199672472971877,up
BL,0.16740642441444886,none
BL,0.06536977659419207,down
BL,0.09517790712603502,none
BL,0.03166461974492196,down
BL,0.19026231012611605,up
BL,0.010232399482296817,down
BL,0.06342204148465402,none
BL,0.08554079578682261,none
BL,0.05325093769733491,down
BL,0.331913978660094,up
BL,0.09060886110463073,none
MRPT,2.4782608582977987,down
MRPT,0.14285711244661004,down
MRPT,0.10204083866896263,down
MRPT,0.10344828294942299,down
MRPT,0.2698412983746097,down
MRPT,0.38759171694275896,down
MRPT,3.2105264313663486,up
MRPT,0.34831455312674064,up
MRPT,1.1052632156831743,down
MRPT,0.0,down
MRPT,-0.056603766953915224,down
MRPT,0.0,none
COST,0.17103515189351026,up
COST,0.06556853334223933,none
COST,0.07667061801938169,up
COST,0.12121215579497568,up
COST,0.1319196665290958,up
COST,0.07173194081676648,none
COST,0.07697141505713145,down
COST,0.16732042570814287,up
COST,0.045891662667426614,none
COST,0.10503317277325719,up
COST,0.09819438126632396,up
COST,0.050120614156170085,none
CHARU,0.009803959150949337,up
CHARU,0.02182542348154337,up
CHARU,0.021021025321151576,up
CHARU,0.023856835100142915,up
CHARU,0.01644244786865423,down
CHARU,0.021021025321151576,up
CHARU,0.023856835100142915,up
CHARU,0.014925334893879816,down
CHARU,0.01644244786865423,up
CHARU,0.022840169104360486,up
CHARU,0.023856835100142915,up
CHARU,0.024875621418442906,up
COCP,0.0,down
COCP,0.23684205101279043,up
COCP,0.12499997516473238,none
COCP,0.4933333396911621,up
COCP,0.09615391081371949,down
COCP,0.22264146903266657,down
COCP,0.4488888846503363,up
COCP,0.17058820806985153,none
COCP,0.17587934821871976,none
COCP,0.4244186086806816,up
COCP,0.06274513287161154,down
COCP,0.05555550036607193,down
EGY,0.10131342773564489,down
EGY,0.36363629566029676,up
EGY,0.28273822049106445,up
EGY,0.22684257265563068,up
EGY,0.17832936211388328,none
EGY,0.0670389772178448,down
EGY,0.3720670927315579,up
EGY,0.09693882925880049,none
EGY,0.1098484304786056,none
EGY,0.8181815870362292,up
EGY,0.05241907519828448,down
EGY,0.24454650994126137,up
PTHS,0.5081968050345669,down
PTHS,5.129032446616156,up
PTHS,0.7133956182676462,up
PTHS,0.07913669064748197,down
PTHS,0.7894736842105263,up
PTHS,3.45000014461455,up
PTHS,0.08196721439623,none
PTHS,0.5380975528075171,none
PTHS,0.6190476190476191,up
PTHS,3.6204256098321146,up
PTHS,0.25531922017033426,none
PTHS,0.25,down
MSPR,0.5664160441562365,down
MSPR,2.990024938523448,down
MSPR,0.5978836453746639,none
MSPR,0.23624999976716943,down
MSPR,0.1151603498542273,down
MSPR,0.6171429059766702,none
MSPR,0.05113418400762271,down
MSPR,2.4285714285714284,up
MSPR,0.03539823008849563,down
MSPR,0.04166670214562562,down
MSPR,0.04166670214562562,down
MSPR,0.05692563846346377,down
MDLK,0.07142861894503105,down
MDLK,0.33333323632056966,none
MDLK,0.14285715473625782,none
MDLK,0.2857143094725154,none
MDLK,0.14285715473625782,down
MDLK,0.39999988358468364,none
MDLK,0.2456140221885148,none
MDLK,0.5555555268110313,none
MDLK,0.2909091063028526,down
MDLK,0.7173913800507952,down
MDLK,0.6666666666666667,none
MDLK,0.7142858568350929,none
BSFC,0.05050505245112613,down
BSFC,0.9550562207106781,up
BSFC,-0.010752688172043001,down
BSFC,0.06382983951290311,down
BSFC,0.14104603604069088,down
BSFC,0.1719128329297821,down
BSFC,0.7176471037023209,down
BSFC,0.06064690026954178,down
BSFC,2.8857142857142857,up
BSFC,0.16393445125833273,none
BSFC,0.39423086622057935,down
BSFC,0.06106870229007644,down
ASC,0.5348145569478453,up
ASC,0.05227066116586676,down
ASC,0.12861728424960406,none
ASC,0.025419438245130932,down
ASC,0.28623202852045604,up
ASC,0.12209603710303041,down
ASC,0.3024739323307213,up
ASC,0.18071157454908993,none
ASC,0.3048172574082282,up
ASC,0.04338111974680703,down
ASC,0.4378850859244865,up
ASC,0.029268463208389717,down
EXK,0.1629779585132467,down
EXK,-0.0020833809342630794,down
EXK,0.5953845977783203,up
EXK,0.1282052144182928,down
EXK,0.6796007593869249,up
EXK,0.6600789947669476,up
EXK,0.05161285294537188,down
EXK,0.07755104225409681,down
EXK,0.5424353392986658,up
EXK,0.3925501777174816,up
EXK,0.36708862478582893,down
EXK,0.07234046093313595,down
NVEC,0.24988275464082066,up
NVEC,0.11841751296334135,none
NVEC,0.09152581631661527,none
NVEC,0.12305889553657545,up
NVEC,0.12448790172211677,none
NVEC,0.03741618006090963,down
NVEC,0.028710790960222665,down
NVEC,0.07886249730636719,none
NVEC,0.05599261658238852,down
NVEC,0.04147619271424685,down
NVEC,0.1975247669466076,up
NVEC,0.13625902372872511,none
SLNG,0.01713060436811409,none
SLNG,0.060747602640028875,none
SLNG,0.44547566166688335,down
SLNG,0.12060301928974027,none
SLNG,0.4387991059688561,none
SLNG,0.10695183313606438,down
SLNG,0.017777760823567634,down
SLNG,0.34197724968986254,down
SLNG,-0.009523845854259694,down
SLNG,0.043927669592007224,down
SLNG,0.1527445961206395,none
SLNG,0.17040353039109846,down
EQIX,0.020120034114929908,down
EQIX,0.09473246814835568,up
EQIX,0.29790847000319953,up
EQIX,0.35336781798499395,up
EQIX,0.10247347208013102,up
EQIX,0.07625570174771434,none
EQIX,0.15179428184887533,up
EQIX,0.060616325409998506,down
EQIX,0.19216315157412156,down
EQIX,0.07123742450545234,none
EQIX,0.01805011782142385,none
EQIX,0.10422832731693243,none
TLPH,0.30275221431248567,none
TLPH,1.040816286810733,up
TLPH,2.3720930780572713,up
TLPH,0.06557378715098938,down
TLPH,0.029411783955364257,down
TLPH,0.6702128259938138,up
TLPH,0.2999999523162842,down
TLPH,0.14285717934978304,down
TLPH,0.4772726810914423,up
TLPH,0.18297875923719853,none
TLPH,0.7272726681606843,up
TLPH,0.16129035979478323,none
AGQPF,0.016142139619151896,up
AGQPF,0.016142139619151896,up
AGQPF,0.0,down
AGQPF,-1.1102230246251565e-16,none
AGQPF,0.016142139619151896,up
AGQPF,-1.1102230246251565e-16,none
AGQPF,0.016142139619151896,up
AGQPF,0.016142139619151896,up
AGQPF,0.016142139619151896,up
AGQPF,0.016142139619151896,up
AGQPF,0.016142139619151896,up
AGQPF,0.016142139619151896,up
FMST,0.0051939993693161934,down
FMST,0.6294643213516289,up
FMST,2.433734893902653,up
FMST,0.5454545454545454,none
FMST,0.11155377388590848,down
FMST,0.06707318003939289,down
FMST,0.5082508959778156,up
FMST,0.026785688626827175,down
FMST,0.08457715278633637,down
FMST,0.4663864881185409,none
FMST,0.1038961312404516,down
FMST,0.28782286361999976,none
FIS,0.10149781638406719,none
FIS,0.12374436491756935,none
FIS,0.14536945482009322,up
FIS,0.09719274896238339,none
FIS,0.08011508449528648,down
FIS,0.08347475209726873,none
FIS,0.00724904400073445,none
FIS,0.025492578782050135,down
FIS,0.059480748589954224,none
FIS,0.022325184079000637,down
FIS,0.02645392009659453,down
FIS,0.18253977588799608,up
ARTL,0.06299206422841985,none
ARTL,0.07733806861972448,down
ARTL,-0.017093998103253738,down
ARTL,0.48999998304578996,up
ARTL,0.47619048580170653,up
ARTL,0.06956521418634964,down
ARTL,0.4328359367184509,none
ARTL,0.30597010381369283,none
ARTL,0.263157973011128,down
ARTL,0.15584421750297928,down
ARTL,0.07816092416946785,none
ARTL,0.06993011501223445,none
HTHT,0.09069761744503846,none
HTHT,0.17082465904418376,up
HTHT,0.02430348426948359,down
HTHT,0.13734937342076514,up
HTHT,0.07339678858007015,down
HTHT,0.12615602127913994,none
HTHT,0.061314267191356686,none
HTHT,0.11128936690876312,none
HTHT,0.0311363508931517,down
HTHT,0.09686001475934614,none
HTHT,0.22646022585966574,down
HTHT,0.05270380111240436,down
WBS,0.1658567873460941,up
WBS,0.15430363707363526,up
WBS,0.15658351716533736,none
WBS,0.035092258735007986,down
WBS,0.0879236798080314,none
WBS,0.04870434972045756,down
WBS,0.12320722553072816,down
WBS,0.03640656245870466,down
WBS,0.0230142045848325,down
WBS,0.04615979617377719,down
WBS,0.23473608014888137,up
WBS,0.22829256189483904,up
WNDW,0.0878378334839558,down
WNDW,0.6000000238418579,none
WNDW,2.3484847732264615,up
WNDW,0.333333300219643,none
WNDW,0.28205132907664465,none
WNDW,0.6072874423584482,up
WNDW,0.2573289833979122,down
WNDW,1.1052632156831743,up
WNDW,0.010416606648103066,down
WNDW,0.059701434114406204,down
WNDW,0.31740607752542016,down
WNDW,0.16666660043928627,down
POOL,0.11810536491098178,none
POOL,0.13222501874849235,up
POOL,0.05053172742519374,down
POOL,0.09910962837962134,none
POOL,0.3038939235125224,up
POOL,0.07041113736905524,down
POOL,0.021137636894831724,down
POOL,0.33325580447044767,up
POOL,0.15945712748441943,up
POOL,0.1153330785396649,down
POOL,0.017208385326030973,down
POOL,0.06861264839620418,none
WLK,0.45016251803962515,up
WLK,0.012106760499156044,none
WLK,0.0643140628411476,none
WLK,0.010899334199625299,none
WLK,0.1115355869203205,down
WLK,0.1256229092468173,none
WLK,0.11100897028977719,none
WLK,0.02408787424675296,down
WLK,0.043801641525490265,down
WLK,0.021634505085365463,down
WLK,0.006708500257596173,down
WLK,0.1137724641797564,none
TREE,0.02079642944341975,down
TREE,0.14745578210966492,down
TREE,0.26037369038135316,down
TREE,0.214655145623597,none
TREE,0.18609524681454603,none
TREE,0.23289414720698942,up
TREE,0.4787374670245723,up
TREE,0.3377281987480558,up
TREE,0.13804410584808857,down
TREE,0.5669350233446215,up
TREE,0.02249249631550243,down
TREE,0.41107245741597964,up
HCHDF,-0.01673654428208582,down
HCHDF,0.26984134428868023,up
HCHDF,0.15492964331603187,none
HCHDF,0.19199990787703514,down
HCHDF,0.29640723228771426,up
HCHDF,0.20481921445547613,down
HCHDF,0.1748526207868768,none
HCHDF,0.5408163820908087,up
HCHDF,0.5087719161131066,up
HCHDF,0.18959103032706515,none
HCHDF,0.15714295469234374,none
HCHDF,0.31249993562556444,up
PGC,0.20697008751875923,up
PGC,0.01685394439731769,down
PGC,0.10961563112785044,none
PGC,0.006550228716379447,down
PGC,0.3315218629746657,up
PGC,0.008699987578854262,down
PGC,0.3751171536109448,up
PGC,0.16729063416993317,none
PGC,0.0985738715246498,none
PGC,0.0850791410767282,none
PGC,0.04547897320229688,none
PGC,0.03858866184854981,none
WYNN,0.23500471748971807,up
WYNN,0.07413175831216945,down
WYNN,0.023220392083470376,down
WYNN,0.04645430008969509,none
WYNN,0.25800908552703894,up
WYNN,0.10709806463325666,none
WYNN,0.08370337797348304,none
WYNN,0.13728480106041907,none
WYNN,0.15566888410850477,up
WYNN,0.2477660227033749,up
WYNN,0.21604267009833356,up
WYNN,0.0017599409902144814,down
PAAS,0.34715124001062825,up
PAAS,0.08407270341026862,down
PAAS,0.2651016681871303,up
PAAS,0.028693263190486595,down
PAAS,0.6509014716230503,up
PAAS,0.04513355504971939,down
PAAS,0.15845961498146588,none
PAAS,0.0959716875804919,down
PAAS,0.1501871838897777,down
PAAS,0.019916128997800042,down
PAAS,0.13353129892998838,down
PAAS,0.20458411863059567,up
PSA-PP,0.008459380294957963,none
PSA-PP,0.036009591906413396,down
PSA-PP,0.03802974057096109,none
PSA-PP,0.013029480271713023,down
PSA-PP,0.0572639578244194,none
PSA-PP,0.048108047523541586,none
PSA-PP,0.19548012370904955,up
PSA-PP,0.03519949676449263,none
PSA-PP,0.005508410760140192,down
PSA-PP,0.02466096059146139,none
PSA-PP,0.0040069625582175306,down
PSA-PP,0.038445696419235675,none
SYY,0.13982344298258043,up
SYY,0.023177481241469566,down
SYY,0.1117000960548371,up
SYY,0.0865382927817997,none
SYY,0.023014414994608545,down
SYY,0.07093697664066201,none
SYY,0.10450758343512123,none
SYY,0.034550099635246356,none
SYY,0.02503578940046758,down
SYY,0.06669112827105828,down
SYY,0.008161193553841262,down
SYY,0.020206178104432038,down
NGHI,0.8918918268739227,up
NGHI,0.19524407339337713,none
NGHI,0.7181818413011956,none
NGHI,1.376190446635944,up
NGHI,0.8918918268739227,up
NGHI,0.5822785574166289,down
NGHI,0.19268291453721398,down
NGHI,0.21848739102951753,up
NGHI,0.6666666372322747,none
NGHI,0.9030717535228177,none
NGHI,0.03209879469691135,down
NGHI,0.18427282222535446,down
ARDX,0.2567975587089555,none
ARDX,0.6859503285447324,up
ARDX,0.08762877982536454,none
ARDX,0.27777772258829403,down
ARDX,0.34162306009502674,up
ARDX,0.18840579084177222,none
ARDX,0.1803279215353566,none
ARDX,0.2327586280723155,none
ARDX,0.44524235954085634,up
ARDX,0.18677679371552292,none
ARDX,0.5867767740115086,down
ARDX,0.6791044855787005,up
WPRT,0.02906976615241441,down
WPRT,0.034965057506117114,down
WPRT,0.27570092166830973,down
WPRT,0.4767440983641824,up
WPRT,0.48148145531757747,up
WPRT,0.4212328722383454,up
WPRT,0.5964911478390353,up
WPRT,0.18831166820555034,none
WPRT,0.006015031771336776,down
WPRT,0.24120604821231195,up
WPRT,0.1551723429195686,down
WPRT,0.20738637017871242,down
CELU,0.2896440148177537,down
CELU,0.04999995231628418,down
CELU,0.08795411787177465,down
CELU,0.02799997329711923,none
CELU,0.5680473136819495,up
CELU,0.22580644806869965,none
CELU,0.09307870093448245,none
CELU,0.24429967957940169,none
CELU,-0.008695685345193604,down
CELU,0.15196075910607054,none
CELU,1.6485787591549035,up
CELU,0.9439024330674715,up
JRVR,0.07793407918814843,none
JRVR,0.09941404274660792,none
JRVR,0.014077800701611354,none
JRVR,0.19380996960422348,up
JRVR,0.024717793802171872,down
JRVR,0.2696133344671834,up
JRVR,0.0645766342313836,none
JRVR,0.06765361205156761,down
JRVR,0.4315066831672818,up
JRVR,0.10692797259099085,none
JRVR,0.09200005035314995,down
JRVR,0.10099331038115644,down
OMF,0.018846578066974207,down
OMF,0.0018177960849732333,down
OMF,0.09065771674456502,down
OMF,0.19784817538820598,up
OMF,0.029495971580868252,down
OMF,0.090373341704435,none
OMF,0.03689886232839701,none
OMF,0.029706977128092005,down
OMF,0.16147263957042668,up
OMF,0.17194807572053783,up
OMF,0.16726678101004255,up
OMF,0.15444430295877964,up
GMVMF,0.029591882272916648,down
GMVMF,0.5195896064397483,up
GMVMF,0.8670308901197501,up
GMVMF,0.04602515677653174,down
GMVMF,0.05564066400002554,down
GMVMF,0.4511041196304699,up
GMVMF,0.22925633771032428,up
GMVMF,-0.034123236136799684,down
GMVMF,1.619414375211449,up
GMVMF,0.029591882272916648,down
GMVMF,0.5440758702172392,up
GMVMF,0.6690857445082243,up
LBGJ,0.42653352353780316,none
LBGJ,0.3114754098360655,none
LBGJ,0.4609203798392987,none
LBGJ,0.22511485451761093,none
LBGJ,0.10512129380053903,down
LBGJ,-0.005617977528089901,down
LBGJ,0.32600000000000007,none
LBGJ,0.4184397163120568,none
LBGJ,0.06551724137931036,down
LBGJ,0.28078602620087345,down
LBGJ,0.5356020942408377,down
LBGJ,0.021739130434782705,down
EDD,0.10194186854168885,none
EDD,0.04715854962162669,none
EDD,0.0509183437822609,none
EDD,0.07538803025543239,up
EDD,0.10045664788591724,up
EDD,0.05842713398714272,none
EDD,0.010600776437774018,none
EDD,0.03443019999649666,none
EDD,0.13216951868238502,up
EDD,0.11754063458228114,up
EDD,0.07064024072285724,up
EDD,0.05556932764634981,none
CRD-A,0.02368806326917272,none
CRD-A,0.10207627918475048,none
CRD-A,0.10901901540044734,none
CRD-A,0.10327833992779212,none
CRD-A,0.019903527749226102,down
CRD-A,0.024725218602346333,down
CRD-A,0.1337386685113613,none
CRD-A,0.0051948080317587575,none
CRD-A,0.08044982905442888,none
CRD-A,0.1547231118086272,none
CRD-A,0.06618397599431725,none
CRD-A,0.12677599663263694,none
SQNS,0.15706805969022453,down
SQNS,0.10404047740745459,down
SQNS,0.13106790318409622,down
SQNS,0.01724137931034475,down
SQNS,1.8300969979351565,up
SQNS,0.07387384638056016,none
SQNS,0.20286880079952296,down
SQNS,0.4745762150234898,up
SQNS,2.1344084968483115,both
SQNS,0.06813627254509025,down
SQNS,0.5686274509803921,none
SQNS,0.08333342794388487,none
MARPS,0.039999914439444284,none
MARPS,0.20137300874306385,up
MARPS,0.00326258833229498,down
MARPS,0.19200640213085407,up
MARPS,0.19474821130568887,up
MARPS,1.0901861140803106,down
MARPS,0.6250000006851171,up
MARPS,0.10126591676037888,down
MARPS,0.058064586298439025,none
MARPS,-0.0063159884641508235,down
MARPS,0.5688775877949086,none
MARPS,1.1682195672138707,both
BEAT,1.597402661742239,down
BEAT,0.6531707403873988,up
BEAT,1.5477706155185431,down
BEAT,0.14893623712970805,none
BEAT,0.0933333237965901,none
BEAT,1.2786884477016156,up
BEAT,0.7290815678600084,up
BEAT,0.6111110559216275,up
BEAT,0.41176470588235303,none
BEAT,0.25130897731472146,down
BEAT,0.405882375215576,up
BEAT,0.0476684607974065,none
ESAUF,1.1302604888760515,up
ESAUF,0.8486955556121367,up
ESAUF,0.6439994708539873,up
ESAUF,-0.10769230063850332,down
ESAUF,0.24043711895777475,none
ESAUF,0.18599787889681707,none
ESAUF,0.13499999046325684,none
ESAUF,0.2727272234672369,down
ESAUF,0.6032063675438577,up
ESAUF,0.49031295725023427,down
ESAUF,0.1317469376296878,down
ESAUF,0.6245486346986382,down
FMCCI,0.18886675340741843,none
FMCCI,-0.020134208857554126,down
FMCCI,0.048780558720578515,both
FMCCI,0.05396820086620879,none
FMCCI,0.01977530490146595,down
FMCCI,0.03749996367842012,none
FMCCI,0.09180868759003946,down
FMCCI,0.09913046463676123,none
FMCCI,0.2916667273751028,none
FMCCI,0.2986270799430064,down
FMCCI,0.40265490693394024,down
FMCCI,0.314465327229118,down
HTH,0.024246337324303813,down
HTH,0.03970619487311833,none
HTH,0.01443048097990185,down
HTH,0.10363717952896412,none
HTH,0.10165198055625302,none
HTH,0.20324063128122427,up
HTH,0.11572979759033064,up
HTH,0.0986721007065472,none
HTH,0.012191319071208406,down
HTH,0.03989778615361228,down
HTH,0.08331159575495017,none
HTH,0.01942918434330121,down
FEIM,0.04607321701463518,none
FEIM,0.09516616914608877,none
FEIM,0.23456787369361654,up
FEIM,0.06593407061833956,down
FEIM,-0.005479451898260601,down
FEIM,0.6376804368639741,up
FEIM,0.5297215938344848,up
FEIM,0.334180451421199,up
FEIM,0.18443318601333725,none
FEIM,0.10300437356373537,down
FEIM,0.01368156037691759,none
FEIM,0.08728942110374271,none
SMWB,0.04386944596029907,down
SMWB,0.4749181576884349,up
SMWB,0.12787717406793742,down
SMWB,0.2840136128896542,none
SMWB,0.08636366362085712,down
SMWB,0.011758279065460897,down
SMWB,0.07804628345543185,down
SMWB,0.39728687041783495,up
SMWB,0.11333338419596362,none
SMWB,0.44827577567075094,up
SMWB,0.06772904884921083,down
SMWB,0.041837846910631304,down
TAAG,0.5119999647140503,none
TAAG,0.6216215500935609,down
TAAG,53.6363642521141,up
TAAG,11.507896721302062,up
TAAG,0.6111110559216275,down
TAAG,-0.10526313725600922,down
TAAG,0.04949155720374199,down
TAAG,2.0769232356336755,up
TAAG,0.33333333333333326,down
TAAG,0.8125925182707545,down
TAAG,1.1739130716468074,up
TAAG,0.5160000324249268,down
RDGMF,0.049723776919236684,none
RDGMF,0.41739130040422956,up
RDGMF,0.14485982707550726,down
RDGMF,0.13030297310665628,down
RDGMF,0.28571433133008517,down
RDGMF,0.033898310435636736,down
RDGMF,0.18918916741977942,none
RDGMF,0.9699999396502981,up
RDGMF,0.2266666203075003,down
RDGMF,0.15151509130844198,down
RDGMF,0.29746828339857,up
RDGMF,0.09848482282857907,none
BCIC,-0.004261326187988246,down
BCIC,0.05082668569182114,none
BCIC,0.14200099832463242,up
BCIC,0.12571363516923517,up
BCIC,0.04385774578367818,down
BCIC,0.058695626825742586,none
BCIC,0.03722612948501425,none
BCIC,0.14191471587337845,up
BCIC,0.10612002380004504,none
BCIC,0.046046824068487036,none
BCIC,0.03984073600377536,none
BCIC,0.12222632868325367,down
IMXI,0.17838978883145562,up
IMXI,0.16177118020397852,up
IMXI,0.02396378557571266,up
IMXI,0.0500400329426145,none
IMXI,0.04596620807992968,down
IMXI,0.2848937986957285,up
IMXI,0.3548678427427674,up
IMXI,0.36202402224503794,up
IMXI,0.10806244863785608,none
IMXI,0.3792921389025361,up
IMXI,0.0476190352617516,up
IMXI,0.4208144255228148,up
RBC,0.04305577164178165,none
RBC,0.07258721106816024,none
RBC,0.06879058019805595,none
RBC,0.17759999847016772,up
RBC,0.042507798122690676,down
RBC,0.1921714923949296,up
RBC,0.1706907851586852,down
RBC,0.03093565552302202,none
RBC,0.07973293323350816,none
RBC,0.27343579133035334,up
RBC,0.17019194410722038,up
RBC,0.11714735906162477,none
HIPO,0.0,down
HIPO,1.2903600580356813,up
HIPO,0.022934149394352676,down
HIPO,0.0795847750865053,down
HIPO,1.1690451123561334,up
HIPO,0.45230995978507504,up
HIPO,1.0626305204851834,up
HIPO,0.0037234896283855345,down
HIPO,0.0252100587791928,down
HIPO,0.07407407407407418,down
HIPO,0.07907252959792355,down
HIPO,0.28443721358770024,up
DXYN,0.31578949019519276,up
DXYN,0.180327888074596,none
DXYN,-0.04347821955569664,down
DXYN,0.08571429057997104,down
DXYN,0.08823529669570251,none
DXYN,0.2988929636079998,none
DXYN,0.46000003814697266,up
DXYN,0.07017547712211614,down
DXYN,0.1692307974459868,none
DXYN,0.08163257362146625,none
DXYN,0.3999999761581421,up
DXYN,0.1648350683851929,down
DTSQ,0.04583730065730385,none
DTSQ,0.02571713528299835,up
DTSQ,0.021674903970160475,up
DTSQ,0.02470355759161036,up
DTSQ,0.04388424513116318,none
DTSQ,0.010773717557910123,up
DTSQ,0.21240594006426017,up
DTSQ,0.19666047663015718,up
DTSQ,0.02571713528299835,up
DTSQ,0.04485986023055921,none
DTSQ,0.027750220885712995,up
DTSQ,0.006930662592116832,up
TRTX,0.2943898792383475,up
TRTX,0.005287965607476686,down
TRTX,0.1428572390901286,none
TRTX,0.20161063940135815,up
TRTX,0.08633341142699402,none
TRTX,0.06937512820139569,none
TRTX,0.1746239446166713,up
TRTX,0.009138295128319651,down
TRTX,0.12089918923118259,none
TRTX,0.1158534308520025,none
TRTX,0.0063754687022568035,down
TRTX,0.07701878943557183,down
PTIX,0.08333331877786465,down
PTIX,0.11165052717290602,down
PTIX,0.9278350848496264,up
PTIX,0.10240968552301855,down
PTIX,0.3050076068604186,none
PTIX,0.055999973842076,down
PTIX,0.23404255010775943,none
PTIX,0.8316831193467624,up
PTIX,0.09243703059016295,down
PTIX,0.3649634978426475,down
PTIX,0.36956515783494903,none
PTIX,0.7957166355115854,up
NGL-PB,0.025702668141132756,down
NGL-PB,0.10429462886126295,none
NGL-PB,0.05224434258886923,none
NGL-PB,0.03773582013498156,none
NGL-PB,0.025568198188892888,none
NGL-PB,0.01757069160028446,down
NGL-PB,0.060913690415065114,none
NGL-PB,0.08117760853163203,none
NGL-PB,0.036365909505110317,none
NGL-PB,0.07015174489950193,up
NGL-PB,0.07909122244602163,none
NGL-PB,0.1697120765394804,up
INMD,0.02250642205773179,down
INMD,0.04781506102428601,down
INMD,0.008730318602867326,down
INMD,0.12348994628829302,none
INMD,0.019433843810307216,down
INMD,0.6958808624224899,up
INMD,0.3217213065363884,up
INMD,0.06540535591744079,none
INMD,0.2856218213042818,up
INMD,0.10630758586093636,none
INMD,0.19219224241771626,up
INMD,0.15525981310037884,none
SURG,0.018802260739478882,down
SURG,0.04347821880453617,none
SURG,0.08403361613918325,down
SURG,0.7004831374135314,up
SURG,0.13170731083258902,none
SURG,0.04522608730552857,down
SURG,0.03726704487356014,down
SURG,0.06130133429484608,down
SURG,0.020761225121661564,down
SURG,0.14000002543131518,none
SURG,0.17620483431021516,none
SURG,0.8882978517661648,up
OTIS,0.019463063667346292,none
OTIS,0.07246256756366853,down
OTIS,0.052990616692869086,none
OTIS,0.12407032027125942,none
OTIS,0.24585961190944428,up
OTIS,0.052035257143158375,none
OTIS,0.09906581977776385,up
OTIS,0.026064534367974623,none
OTIS,0.07435802550821369,none
OTIS,0.018971836338149473,none
OTIS,0.02708817596971591,none
OTIS,0.020854592719762977,down
GPMT-PA,0.0247979025564391,down
GPMT-PA,0.11311380196754262,none
GPMT-PA,0.1249222671707153,up
GPMT-PA,0.03112377983271908,none
GPMT-PA,0.019954202471528903,down
GPMT-PA,0.013193457437594702,down
GPMT-PA,0.03907433119980941,none
GPMT-PA,0.09936412636056136,down
GPMT-PA,0.01221997670608399,down
GPMT-PA,0.09184929137321896,none
GPMT-PA,0.007704762187386915,down
GPMT-PA,0.02718912004491525,down
REAX,0.10261442338933047,none
REAX,0.5958188523808463,up
REAX,0.062213783943254164,down
REAX,0.226158012657103,none
REAX,0.18035718680036394,none
REAX,0.0,down
REAX,0.6101695428939793,up
REAX,0.0,down
REAX,0.2711539184553411,up
REAX,1.1145833507956322,up
REAX,0.19703397171931214,none
REAX,0.7382198907131656,up
VRA,0.30203440824171635,up
VRA,0.16112953376494232,none
VRA,0.4079601677280642,up
VRA,0.07704160518234571,down
VRA,0.2577777438693576,down
VRA,0.23267328368718831,none
VRA,0.05304014530887535,down
VRA,0.6965174636865372,up
VRA,0.009900980750178201,down
VRA,0.1485557638757482,none
VRA,0.6013512533890073,up
VRA,0.18104670137618428,up
USBC,0.6227544397249307,up
USBC,0.1551723429195686,down
USBC,0.07058823611909548,down
USBC,0.7619048646247892,up
USBC,0.12345681919446161,down
USBC,0.25142854963030126,down
USBC,0.03703700160674983,down
USBC,0.1714285895937966,none
USBC,0.3529411104723674,none
USBC,0.17647055523618382,down
USBC,0.04499998092651358,down
USBC,0.42857145289985543,none
PRFX,-0.0004366912248218169,down
PRFX,0.10953061532497599,none
PRFX,0.13023258179657216,none
PRFX,4.389795835326318,up
PRFX,0.5081966256279509,none
PRFX,4.502083248562283,up
PRFX,0.28256515834720153,down
PRFX,0.14705881940452303,none
PRFX,0.0652173913043479,down
PRFX,0.7227722772277227,up
PRFX,0.014705882352941124,down
PRFX,0.005000019073486239,down
IDCC,0.14514735633218523,none
IDCC,0.20682751252874265,up
IDCC,0.19638269609539294,down
IDCC,0.2574113934757607,up
IDCC,0.22851992384005304,up
IDCC,0.08243761642167824,down
IDCC,0.28314148508951154,up
IDCC,0.21388327943680752,up
IDCC,0.0620098486490277,none
IDCC,0.09595179974123624,up
IDCC,0.15066702472029925,up
IDCC,0.5192671988822277,up
RVSN,0.029484080454436068,none
RVSN,0.06828192236839103,down
RVSN,1.0909090909090908,up
RVSN,0.016260162601626105,down
RVSN,0.0234375,down
RVSN,0.25269974732002654,none
RVSN,0.4703195272392213,up
RVSN,0.20245397113894126,down
RVSN,0.18518518518518512,none
RVSN,0.26923076923076916,down
RVSN,0.19999999999999996,down
RVSN,0.024390243902439046,down
BOW,0.20780670498066178,up
BOW,0.009837780533907603,down
BOW,0.040975402739819033,down
BOW,0.32946556481293254,up
BOW,0.01959730314728403,down
BOW,0.01444368140080754,down
BOW,0.2540481225622795,up
BOW,0.2821295919548048,up
BOW,0.014152170053394642,down
BOW,0.006686432805896203,down
BOW,0.02060390520660116,down
BOW,0.21003716351870239,up
REEMF,0.03883503123630683,none
REEMF,0.2195122057593062,none
REEMF,0.03535350129721371,down
REEMF,0.43749994877725906,up
REEMF,0.035714251502436234,none
REEMF,0.5680000305175781,none
REEMF,0.7599999904632568,up
REEMF,0.6333333002196431,none
REEMF,0.2608695060634443,down
REEMF,0.8309859036689851,up
REEMF,0.018181800448205276,down
REEMF,1.2588234155648341,up
INSW,0.06024615788026533,down
INSW,0.24042686169522476,up
INSW,0.006643790308839437,none
INSW,0.03691633180972542,down
INSW,0.15238894674815073,none
INSW,0.6755495798451754,up
INSW,0.03452523475733371,down
INSW,0.057999682737872815,none
INSW,0.24419389572879724,up
INSW,0.13234286942946594,none
INSW,0.2285715880774295,up
INSW,0.23068290098575028,up
WD,0.19198483129215882,up
WD,0.026411052413649827,down
WD,0.5399127045274621,up
WD,0.17436527183559525,up
WD,0.08278358023878396,none
WD,0.2982906300219912,up
WD,0.004244956607161177,down
WD,0.271811292151263,up
WD,0.012837432862244924,down
WD,0.09837219614189752,down
WD,0.2911553852785571,up
WD,0.07611762586175863,down
WTTR,0.01560624137592348,down
WTTR,0.09159325585874534,none
WTTR,0.6120560560249626,up
WTTR,0.11007971010717377,none
WTTR,0.0037670948413335292,down
WTTR,0.1641825364119467,down
WTTR,0.09548635163651698,down
WTTR,0.07776770381923304,none
WTTR,0.06511891166538053,none
WTTR,0.10619484727056783,none
WTTR,0.10307197250310574,none
WTTR,0.39332092045943234,up
ZTEK,0.0775862379037251,none
ZTEK,0.12499995343387194,none
ZTEK,0.4729729990962648,up
ZTEK,0.11038966266556938,none
ZTEK,0.31929035638659364,none
ZTEK,0.14166662527455398,none
ZTEK,0.1529411665708551,none
ZTEK,0.3789473254924991,none
ZTEK,0.10344828294942299,none
ZTEK,0.08695651208134314,none
ZTEK,0.0064516069489635175,down
ZTEK,0.04166662527455389,none
ENBP,0.052009433919215864,up
ENBP,0.1160868521288414,up
ENBP,0.04941312158170441,none
ENBP,0.0074441680051196,down
ENBP,0.09978554078432134,up
ENBP,0.20894740973615544,up
ENBP,0.036442927993972196,down
ENBP,0.1668890508609504,up
ENBP,0.054699646251946454,up
ENBP,0.021592944384559276,up
ENBP,0.0,down
ENBP,0.06538288218057597,up
BRK-B,0.03996349222537843,none
BRK-B,0.02394556925373892,none
BRK-B,0.09301529349462512,up
BRK-B,0.025696742723081423,none
BRK-B,0.08906356148097827,up
BRK-B,0.07732594056903186,down
BRK-B,0.08043406691205046,up
BRK-B,0.06387189776841717,none
BRK-B,0.033037995828253175,none
BRK-B,0.029965998767709223,none
BRK-B,0.009304530147438594,none
BRK-B,0.04604307971647348,none
AIZN,0.06303864160841877,none
AIZN,0.041741129374648134,none
AIZN,0.06741866653710638,none
AIZN,0.05591608778731749,none
AIZN,0.06642531780898131,none
AIZN,0.08138109001286487,none
AIZN,0.044547547385017205,none
AIZN,0.06453916864777365,down
AIZN,0.13458026200360385,up
AIZN,0.026651876195790347,down
AIZN,0.02270351466836118,none
AIZN,0.02477260728613695,down
CLRCF,0.024451936783131067,up
CLRCF,0.10789979510702596,up
CLRCF,0.02909788795834989,up
CLRCF,0.10576927132860603,up
CLRCF,0.048897340391681254,up
CLRCF,0.11218567024119297,up
CLRCF,0.009433907943081188,none
CLRCF,0.03411300389742333,up
CLRCF,0.08288288690780488,none
CLRCF,0.04019606422342159,up
CLRCF,0.04588905740782012,up
CLRCF,0.08288288690780488,up
NBXG,0.185732401758135,up
NBXG,0.08979566502572656,up
NBXG,0.017880446885717882,down
NBXG,0.13967313706223305,none
NBXG,0.15405616863882687,none
NBXG,0.02530222233927537,none
NBXG,0.06762283355830578,none
NBXG,0.04338687949754516,none
NBXG,0.020534580920214873,none
NBXG,0.07689454107472815,up
NBXG,-0.0008549651233938915,down
NBXG,0.020489183899023322,none
GGB,0.20752519334493713,up
GGB,0.17090906750745494,up
GGB,0.2628726786716573,up
GGB,0.0788926201153719,none
GGB,0.10703363617681405,none
GGB,0.0064935004616650804,down
GGB,0.09404401376220894,none
GGB,0.07876706050614746,none
GGB,0.08910897982969668,none
GGB,0.14782574565514817,none
GGB,0.2068965524910933,up
GGB,0.17012422690057893,up
GCTK,0.15012662440762803,none
GCTK,0.13672922252010733,down
GCTK,0.9680851063829787,up
GCTK,0.6878980350057191,down
GCTK,-0.37037037037037035,down
GCTK,0.574468085106383,up
GCTK,0.12962962962962954,down
GCTK,0.15999999999999992,down
GCTK,0.20970042796005717,none
GCTK,0.012916649712456651,down
GCTK,0.31269349845201244,none
GCTK,0.1313993174061434,none
AMSYF,0.10804360972182803,up
AMSYF,0.00517803558442731,both
AMSYF,0.057542779756784235,up
AMSYF,0.13295571710279264,up
AMSYF,0.05271286852246959,up
AMSYF,0.18768463485127662,up
AMSYF,0.0,down
AMSYF,0.0661648637027814,down
AMSYF,0.08090399914229063,up
AMSYF,0.06951870393465187,down
AMSYF,0.10246432565303665,none
AMSYF,0.2152747107162729,up
NAMMW,0.018319506958865306,down
NAMMW,0.3661202310380278,none
NAMMW,0.07325341504856131,up
NAMMW,1.5333332008785723,up
NAMMW,1.9007633830914585,up
NAMMW,0.2643678456225953,none
NAMMW,0.38999996498227163,none
NAMMW,1.814814667642858,up
NAMMW,0.3238095515168993,none
NAMMW,7.333333559108505,up
NAMMW,0.052173907434807765,up
NAMMW,1.8787878582628634,up
BODI,0.08351892811938155,down
BODI,0.2309819674044422,none
BODI,0.09396553039550781,down
BODI,0.2028985507246377,none
BODI,0.4331723379524548,up
BODI,0.30935250317777085,none
BODI,0.037948706211187844,none
BODI,0.12869198312236296,down
BODI,0.2582781668871976,down
BODI,0.061594202898550776,down
BODI,0.05833333333333335,down
BODI,0.29737612215217,none
FBNC,0.2747116921982258,up
FBNC,0.0233672773950222,down
FBNC,0.15021830014185977,up
FBNC,0.05995319797979137,none
FBNC,0.04828908977863433,down
FBNC,0.09515778787040574,none
FBNC,0.0037626681131555095,down
FBNC,0.01697642594832449,down
FBNC,0.04912173159838429,none
FBNC,0.1066166775055919,none
FBNC,0.0484802872727601,none
FBNC,0.037634193657224646,down
HPK,0.013565910867404884,down
HPK,0.024622352526498803,down
HPK,0.025902634144987946,down
HPK,0.4517027988588229,up
HPK,0.061614698838738935,down
HPK,0.013952575900203712,none
HPK,0.0035778140215712018,down
HPK,0.01415750272529337,down
HPK,0.30583678581201124,none
HPK,0.7495420776468462,up
HPK,0.8152019629969105,up
HPK,0.040741233175349834,none
WRIV,0.29213483808354623,up
WRIV,0.04078163714078409,up
WRIV,0.024484573330774806,down
WRIV,0.13733468765329904,down
WRIV,0.021850922131557704,down
WRIV,0.025806496348487196,down
WRIV,0.045029778865020686,up
WRIV,0.006583883050309991,down
WRIV,0.014691270340219331,up
WRIV,0.03783781398761343,both
WRIV,0.2967357879020307,down
WRIV,0.008849577388438945,down
ALKS,0.020442942884884685,down
ALKS,0.07339120382661313,none
ALKS,0.03326570821558139,none
ALKS,0.08966925221983701,none
ALKS,0.12911850597018826,none
ALKS,0.15524327388349501,up
ALKS,0.13510393728743297,none
ALKS,0.14803152009258125,up
ALKS,0.2548637759772341,up
ALKS,0.011376127190546148,down
ALKS,0.030254740991467743,none
ALKS,0.0977520051846621,none
BENF,0.017612554848405626,up
BENF,0.20717787747754302,down
BENF,0.6499999761581421,down
BENF,1.1710526274512016,up
BENF,0.06195969906032395,up
BENF,0.624352370810326,down
BENF,3.105263058828844,up
BENF,2.786407623723401,up
BENF,0.3395523338759787,down
BENF,0.6403785314969503,down
BENF,0.5358973396521998,up
BENF,1.4221790043449931,up
CWK,0.019578330881763195,down
CWK,0.43434349759088864,up
CWK,0.146853178915894,none
CWK,0.15254237288135597,none
CWK,0.07222838544759247,down
CWK,0.018459577412403005,down
CWK,0.40405754162913365,up
CWK,0.03154766135205134,down
CWK,0.28326740122623173,up
CWK,0.11369510858703658,none
CWK,0.0607424005622923,down
CWK,0.005162219222571096,down
GHST,0.04529620704701354,down
GHST,2.5862070737355722,down
GHST,0.034482829494228984,none
GHST,0.571428556223305,none
GHST,0.08474580765934836,down
GHST,0.13461536808303154,down
GHST,0.526315764707211,both
GHST,0.045454553151426325,none
GHST,0.18279566446719664,both
GHST,0.5000001034802906,none
GHST,-0.016949186788074888,down
GHST,1.3636364252114102,down
TREX,0.11858819699754908,none
TREX,0.24089347549787865,up
TREX,0.2675426215362853,up
TREX,0.004561974036159544,down
TREX,0.16407214638060874,none
TREX,0.5337249623136786,up
TREX,0.1323425892786918,none
TREX,0.1642023030380575,none
TREX,0.14234920252432315,up
TREX,0.22546133349611908,up
TREX,0.0156162881258739,down
TREX,-0.005133482165371794,down
BWAY,0.34415583410277506,up
BWAY,0.3447204413391387,up
BWAY,0.4563107200634795,up
BWAY,0.11879698504115255,down
BWAY,0.14140770307577788,none
BWAY,0.5394588398137852,up
BWAY,0.047619106597052596,none
BWAY,0.03689839868775424,down
BWAY,0.0669683039226221,down
BWAY,0.21192042314506399,none
BWAY,0.1293800577191453,none
BWAY,0.37120469615011675,none
SCNI,0.14977303345254267,none
SCNI,0.06976744186046502,none
SCNI,0.0671642237183363,none
SCNI,0.05627702232002463,down
SCNI,0.17116280489189672,down
SCNI,0.07964598259637246,down
SCNI,0.05555550159250355,none
SCNI,0.020920502425963994,down
SCNI,0.22680414651681535,none
SCNI,0.0625,down
SCNI,0.1603686776578701,down
SCNI,0.05084745762711873,down
GBX,0.6527661297030887,up
GBX,0.0910884079179779,none
GBX,0.2722443927139828,up
GBX,0.38192575942894025,up
GBX,0.04356209960242907,down
GBX,0.16491172414630206,up
GBX,0.2761987624457072,up
GBX,0.04279961435553803,down
GBX,0.05945278868203063,down
GBX,0.050513601446784184,down
GBX,0.6842499642795719,up
GBX,0.1287593110524503,none
ZH,0.011820376006952182,down
ZH,0.04603852476592096,down
ZH,0.5200000176062951,up
ZH,0.0,none
ZH,0.04214564671864318,down
ZH,0.5984848138203784,none
ZH,0.0,down
ZH,0.33124991928538017,none
ZH,0.17584755030455446,none
ZH,0.10610688250119882,down
ZH,0.18550111350120901,down
ZH,0.20588239419006626,none
PMT,0.001150065600238337,down
PMT,0.08220331782226453,none
PMT,0.04769923658958364,down
PMT,0.1209152941371654,up
PMT,0.04159862122542979,none
PMT,0.0659027009727069,none
PMT,0.07606984021145813,none
PMT,-0.009658460443660477,down
PMT,0.20750286257639572,up
PMT,0.012677242865158478,down
PMT,0.1730159509420217,up
PMT,0.08095795189845578,up
GARWF,0.0,down
GARWF,0.0,none
GARWF,0.14285711244661004,none
GARWF,0.25000004656612984,none
GARWF,-0.08333331781129005,none
GARWF,0.06666660043928618,none
GARWF,0.0,none
GARWF,0.07692312100935417,none
GARWF,0.0,none
GARWF,0.0,none
GARWF,0.0,down
GARWF,0.0,down
BRO,0.004793348990700164,down
BRO,-0.0015226975546818178,down
BRO,0.058697135977218595,down
BRO,0.07044928824816132,none
BRO,0.0012617626039062024,down
BRO,0.18638453861000426,up
BRO,0.03443594691355334,down
BRO,0.11044372788552659,none
BRO,0.02416068539437477,none
BRO,0.16869250944863712,up
BRO,0.10356445186850749,none
BRO,0.02033450514724433,down
ZHJD,0.15492960229513142,down
ZHJD,0.3333333621278478,down
ZHJD,0.0697674434722726,down
ZHJD,0.05128208067290285,down
ZHJD,0.022222267845531718,down
ZHJD,0.7037036669107146,up
ZHJD,0.06849308357518114,none
ZHJD,0.16417903277677137,none
ZHJD,0.6571202039857746,none
ZHJD,0.0,down
ZHJD,0.5333333002196432,none
ZHJD,0.0,none
FUSB,0.1349307247322229,down
FUSB,0.18324382330731925,up
FUSB,0.08611335331453751,none
FUSB,0.13924078659131034,down
FUSB,0.055232413196467656,none
FUSB,0.27379467310453465,up
FUSB,0.03891405270901949,down
FUSB,0.11901854582136395,none
FUSB,0.271111150545845,up
FUSB,0.1844444267852101,up
FUSB,0.19082126292338875,up
FUSB,0.10588244778838818,down
IHT,0.08401075918965972,none
IHT,0.9708029576644692,up
IHT,0.45150516686658415,none
IHT,0.12014142062905142,down
IHT,0.10294116190300873,down
IHT,0.584507289877912,up
IHT,0.25083618600158086,none
IHT,0.03978772802489439,down
IHT,0.2857143256959671,up
IHT,0.05306118912841029,none
IHT,0.8928568999458792,down
IHT,0.7647061036188967,up
CE,0.02328885746297149,down
CE,0.028620627934553555,down
CE,0.02112765610200973,down
CE,0.09127783506864495,none
CE,0.39609192954034866,up
CE,0.099412704026423,up
CE,0.05968614044642084,none
CE,0.08856813293790466,none
CE,0.1427094170825085,up
CE,0.10877193660138129,down
CE,0.052485710887490544,none
CE,0.00856757795446228,down
JQC,0.03195481247387866,none
JQC,0.003656183433475846,down
JQC,0.0029506871055144934,down
JQC,0.0072202418799205415,down
JQC,0.013702177180069386,none
JQC,0.01351934406866273,none
JQC,0.01489721789746068,down
JQC,-3.6844761541754423e-07,down
JQC,0.10294927823182332,up
JQC,0.002588776465638487,down
JQC,-0.0054444987674558964,down
JQC,0.09250433409442183,up
QMMM,0.37130808309441177,down
QMMM,0.9786909680875471,up
QMMM,1.6732673991861193,up
QMMM,0.021450463632813443,down
QMMM,1.2544951836890692,up
QMMM,1.0398009572565305,up
QMMM,0.6861219112424843,up
QMMM,1.2105263267967952,up
QMMM,2.036496228418224,up
QMMM,2.064516067008695,up
QMMM,1.3985239514773329,up
QMMM,0.6541353208240068,down
BG,0.028559852659081342,down
BG,0.1420013775270763,up
BG,0.005187875671556208,down
BG,0.18531647913344473,none
BG,0.11879803920205667,none
BG,0.05436149197129092,down
BG,0.18483710744668524,up
BG,0.07697793175247525,none
BG,0.043868603839977816,down
BG,0.076332317734912,down
BG,0.052769482022027026,down
BG,0.18564567628978912,up
GJR,0.00255262690856628,down
GJR,0.011018132573735961,both
GJR,0.006469031583105744,down
GJR,0.039482938067802564,up
GJR,0.04270228759302852,up
GJR,0.05257288521259884,up
GJR,0.0024966732806739333,down
GJR,0.044218898917687044,up
GJR,0.05301416966644901,up
GJR,0.022520545436551354,up
GJR,0.0714330756561865,up
GJR,0.03614988092496407,down
WAL,0.06748741636267952,down
WAL,0.11986842443141366,none
WAL,0.21160367801023505,up
WAL,0.19635070678305722,up
WAL,0.02578220255235042,down
WAL,0.3277047976485241,up
WAL,0.43691639122063064,up
WAL,0.24084560453182657,up
WAL,0.11779735103785005,none
WAL,0.16797971227301978,down
WAL,0.18561359280222178,up
WAL,0.3630559042680399,up
BBUC,0.033675722383359474,down
BBUC,0.05783203400361758,down
BBUC,0.03657528610485383,down
BBUC,0.1697826911418725,none
BBUC,0.10013312163055743,none
BBUC,0.1728564353525568,none
BBUC,0.09409593602422373,down
BBUC,0.06283498117312569,none
BBUC,0.011385347347532049,down
BBUC,0.0172262208533962,down
BBUC,0.041950466628559946,none
BBUC,0.30807507254451827,up
DXC,0.15215220146031494,up
DXC,0.3176848565781172,up
DXC,0.05808077220004071,down
DXC,0.2255676033166778,up
DXC,0.038973654430314086,down
DXC,0.1376667022705078,none
DXC,0.06451608492661376,none
DXC,0.028015996428274237,none
DXC,0.05543859381424743,none
DXC,0.11642950752221415,none
DXC,0.03156633415110388,down
DXC,0.23148147836673094,up
DTG,0.10443857817246949,up
DTG,0.04503184395570603,none
DTG,0.011206026585551365,none
DTG,0.012142173873115114,down
DTG,0.010761780807206023,down
DTG,0.06793896896654528,none
DTG,0.06461165410001879,up
DTG,0.13276640934867712,up
DTG,0.035105563859520794,none
DTG,0.014370925730709194,down
DTG,0.04959933253954496,none
DTG,0.004350292124091881,down
NAZ,0.005514656738169199,down
NAZ,0.026173157239543166,none
NAZ,0.0487801806435324,none
NAZ,0.0021380820414556023,down
NAZ,0.09565267404654643,up
NAZ,0.0711462594328407,up
NAZ,0.14420612121439458,up
NAZ,0.041608138033905506,up
NAZ,0.07284848542577915,up
NAZ,0.08258643431081647,up
NAZ,0.02651226411697416,none
NAZ,0.03583103409962196,none
COOT,0.016562976560305476,down
COOT,0.11504424405327618,down
COOT,0.4891945211036157,up
COOT,0.009765662471182601,up
COOT,0.044943845056852894,down
COOT,-0.028477571262085055,down
COOT,7.806262617143252,up
COOT,0.23441399826254683,none
COOT,0.4862745693856514,up
COOT,0.22470434802972972,none
COOT,0.15037588121879208,down
COOT,0.8250540593530953,up
APLD,0.2521551961121329,none
APLD,0.565872003860646,up
APLD,0.3100338258715396,none
APLD,0.21205821061550556,none
APLD,0.2307692484037418,none
APLD,2.005847901033519,down
APLD,0.47108834186693427,up
APLD,1.809523982525961,up
APLD,0.21008404034795802,down
APLD,0.15470085548461077,down
APLD,0.5560165934054411,up
APLD,0.48221340893704645,up
GJO,0.023030984351172235,up
GJO,0.012091596465910293,up
GJO,-0.0009353448930548014,down
GJO,0.04634503453245142,up
GJO,0.021614348368469427,up
GJO,0.04522559289883854,up
GJO,0.028107165923767052,up
GJO,0.01312327120930501,down
GJO,0.010807140415794114,up
GJO,0.002602991593004811,down
GJO,0.021338593496462277,up
GJO,0.014100704764121508,up
BYSI,0.020408143405366452,none
BYSI,0.7344498319947479,up
BYSI,1.684563741206715,down
BYSI,0.0887573793369254,down
BYSI,1.567164157859784,up
BYSI,0.024054959167747025,down
BYSI,0.17647052477546588,none
BYSI,0.48192776362147494,up
BYSI,0.18045112916738404,down
BYSI,0.2786595947876569,none
BYSI,0.2657342721468152,none
BYSI,-0.013772456585867232,down
UCTT,0.3093434474186292,up
UCTT,0.2093749161809717,none
UCTT,0.12548876919298446,down
UCTT,0.21604938271604945,up
UCTT,0.21196190267018777,up
UCTT,0.0720090856962714,none
UCTT,0.11050618870747897,none
UCTT,0.08358705697434443,none
UCTT,0.23710182280569336,up
UCTT,0.04719851491652327,none
UCTT,0.18995100731851555,none
UCTT,0.22070910656339882,up
DFSC,1.9000000726609003,up
DFSC,0.19254659842740152,down
DFSC,0.5582995161078328,up
DFSC,0.3047457272434928,down
DFSC,0.8937501177901368,down
DFSC,0.33928568821954364,down
DFSC,0.5890411040714092,down
DFSC,0.8703703765998714,down
DFSC,0.2829999651227679,down
DFSC,0.0386474225626221,none
DFSC,1.1428571706610593,up
DFSC,1.2992699187445975,up
KTB,0.06951340991234911,down
KTB,0.17507105701734882,up
KTB,0.12131477299949989,down
KTB,0.09465121686889844,none
KTB,0.14797568764071833,up
KTB,0.24290018701451288,up
KTB,0.34716721140551554,up
KTB,0.16346897740152322,up
KTB,0.11627891517055278,none
KTB,0.3728007202388257,up
KTB,0.06077296169105728,none
KTB,0.06879612088081677,down
MPA,0.009090859692355568,down
MPA,0.17722060856791377,up
MPA,0.021193178813071034,down
MPA,0.001517698984928595,down
MPA,0.024347512418387618,none
MPA,0.0035180337105011894,down
MPA,0.019969179865812148,none
MPA,0.02838831601159808,none
MPA,0.005212515928613604,none
MPA,0.04402581647239412,none
MPA,0.02251791055673058,down
MPA,0.07793370980979164,up
WBS-PG,0.07700230904625971,none
WBS-PG,0.04644469744675228,none
WBS-PG,0.06304373112714456,none
WBS-PG,0.06092452898969625,down
WBS-PG,0.03525581281457035,none
WBS-PG,0.02193726595035539,down
WBS-PG,0.028663825478191463,none
WBS-PG,0.11035294044933641,none
WBS-PG,0.04945968699997638,down
WBS-PG,0.0023537823148547243,down
WBS-PG,0.03382672538425813,none
WBS-PG,0.01647337222015466,none
AILLN,0.08333665414034686,up
AILLN,0.05056214588627839,up
AILLN,0.0,down
AILLN,0.037430117580061095,up
AILLN,0.08333665414034686,up
AILLN,0.06403076969395904,down
AILLN,0.037430117580061095,none
AILLN,0.03480991203908812,up
AILLN,0.07783648046351632,both
AILLN,0.015843385847968294,none
AILLN,0.05725356446868157,up
AILLN,0.07783648046351632,both
WRLD,0.10052460476886038,down
WRLD,0.06535612288148096,down
WRLD,0.11890323113136225,down
WRLD,0.07718708445215716,down
WRLD,0.04522693012375423,down
WRLD,0.00699296753941403,down
WRLD,0.6772910622636399,up
WRLD,0.00957550603482149,down
WRLD,0.6341748118869375,up
WRLD,0.5148263073712083,up
WRLD,0.13429544325651954,none
WRLD,0.38699548276285856,up
UNMA,0.03539814266473207,down
UNMA,0.029045384979629052,none
UNMA,0.013199959070846479,down
UNMA,0.025994405962592504,none
UNMA,0.0313347122161709,none
UNMA,0.01388298130712573,none
UNMA,0.010821445058517787,down
UNMA,0.061605882461414074,none
UNMA,0.017158767264631614,down
UNMA,0.01859670812606562,none
UNMA,0.02282703816174303,none
UNMA,0.037870135394310944,up
FSS,0.030408267699808755,none
FSS,0.12490574181090075,none
FSS,0.06306610798373291,none
FSS,0.25053749338623166,up
FSS,0.16556771094320943,up
FSS,0.010262637349332193,down
FSS,0.08863013263528385,none
FSS,0.02268176962551638,none
FSS,0.2333242155469144,up
FSS,0.18215697917031903,up
FSS,0.026208813407884834,down
FSS,0.0033453225791599817,down
HPI,0.0622829982767672,up
HPI,0.061655203891398,none
HPI,0.018229173889272365,none
HPI,0.0052693936410701525,down
HPI,0.04082825112881916,down
HPI,0.10381344771617163,up
HPI,0.027128965988543863,down
HPI,0.013908988559474977,down
HPI,0.10664729791410044,up
HPI,0.04994288322686358,down
HPI,0.08618562143373798,up
HPI,0.09436003623963951,up
MOGU,0.03800001144409171,down
MOGU,0.21976870305220086,down
MOGU,0.4320388978765237,none
MOGU,0.37500005079941334,up
MOGU,0.9562840654379512,up
MOGU,0.0,down
MOGU,0.4169491096210922,down
MOGU,0.3714286882050237,up
MOGU,0.18534486169409758,down
MOGU,0.4532020144138713,up
MOGU,0.2659520316177846,up
MOGU,0.6020408386689626,up
MMSI,0.15777932085126078,none
MMSI,0.1172606677655248,up
MMSI,0.05233341512153511,none
MMSI,0.1069044675051316,up
MMSI,0.06137680337440554,none
MMSI,0.16961999602253996,up
MMSI,0.25808143588858945,up
MMSI,0.15360333117071145,up
MMSI,0.18958709566692167,up
MMSI,0.01644012638392267,down
MMSI,0.22047546076767421,up
MMSI,0.1023833213603833,none
BAMXF,0.13793105618535484,up
BAMXF,0.1741573033707866,down
BAMXF,0.1976998163686483,up
BAMXF,0.22366374130157474,up
BAMXF,0.10588241280019783,down
BAMXF,0.13709688778353923,up
BAMXF,0.15494694566827882,down
BAMXF,0.14441964401759977,up
BAMXF,0.0599571408084123,up
BAMXF,0.010396106837837094,down
BAMXF,0.06325338993256713,down
BAMXF,0.18910995277233789,up
AWK,0.055183942369909866,none
AWK,0.092961710605721,none
AWK,0.008587330632378043,down
AWK,0.17366386892213836,up
AWK,0.013809127150461453,down
AWK,0.06292214419584075,none
AWK,0.010664763212345552,down
AWK,0.04574914466816837,none
AWK,0.03203549268194439,down
AWK,-0.008289283296507577,none
AWK,0.1748607968181275,up
AWK,0.20773174360663949,up
BRCC,0.09345794559118592,none
BRCC,-0.016187077970165942,down
BRCC,0.06605013366242862,down
BRCC,0.19427409244185778,down
BRCC,1.0987653332573535,up
BRCC,0.21385550928974317,none
BRCC,0.13993168534834877,none
BRCC,0.025553679436425503,down
BRCC,0.17207791705138753,none
BRCC,0.04417666452792113,down
BRCC,0.0066889568102752595,down
BRCC,0.08139536602982411,none
UOKAF,0.5859030837004404,up
UOKAF,0.6217948717948718,both
UOKAF,0.217687074829932,none
UOKAF,-0.013740431391425889,down
UOKAF,0.3809523049074852,none
UOKAF,0.3019218846869187,both
UOKAF,0.17266187050359716,none
UOKAF,0.4672131147540983,none
UOKAF,0.25233644859813076,down
UOKAF,0.290909090909091,none
UOKAF,0.24,none
UOKAF,0.8953488372093024,up
VEEE,0.27338137265850415,up
VEEE,0.04449644007308917,none
VEEE,0.009727658927138005,none
VEEE,0.10677079529733757,none
VEEE,0.9271844271467906,up
VEEE,0.18684207053476176,down
VEEE,0.23966940881224885,down
VEEE,0.25428575199083014,none
VEEE,0.10824748404289464,down
VEEE,-0.002985035233461053,down
VEEE,0.4484848284897114,up
VEEE,0.2010050284580669,none
TBXXF,0.5897436602816335,down
TBXXF,0.12500001940255356,down
TBXXF,0.7185184387186114,up
TBXXF,0.2897195845194205,none
TBXXF,0.04790420069990842,down
TBXXF,1.29249013254495,up
TBXXF,0.8817203534395124,up
TBXXF,0.6322579950497382,up
TBXXF,0.8481011536044634,up
TBXXF,0.041666662970942125,down
TBXXF,0.0,down
TBXXF,0.3799999448657043,none
APWC,0.10687031375522382,none
APWC,0.12403107795511525,none
APWC,0.07382551248393265,none
APWC,0.2866666316986084,none
APWC,0.26277373215482625,up
APWC,0.054545475563070545,down
APWC,0.395348841507456,up
APWC,0.1055900345181231,none
APWC,0.06790124319835589,none
APWC,0.21290326004345994,none
APWC,0.5163934266045032,up
APWC,0.24999991721577453,none
RF,0.19493536276410128,up
RF,0.10440284399896993,none
RF,0.11876969184501318,up
RF,0.0487066416865114,down
RF,0.01112317080102998,down
RF,0.11341165383690321,none
RF,0.06677424692010359,none
RF,0.06580822939251707,down
RF,0.16735244551330508,up
RF,0.13942915990066496,up
RF,0.2208998042799888,up
RF,0.016207914467297302,down
IPI,0.41478835444916773,up
IPI,0.030647289146001677,none
IPI,0.026862464109977058,none
IPI,1.5290994553820956,up
IPI,0.10981203651580129,none
IPI,0.6259987203062636,up
IPI,0.1089408950431785,none
IPI,0.5535418454527103,none
IPI,0.047671875128856955,down
IPI,0.08795709547837505,down
IPI,0.24320934478071954,up
IPI,0.37454162186379025,up
ICE,0.056957350952974606,down
ICE,0.01356009952574766,down
ICE,0.03755166604574245,down
ICE,0.1327044749045152,up
ICE,0.0072533837584147776,down
ICE,0.0777808595416618,down
ICE,0.043999873605207185,down
ICE,0.07941978215874412,none
ICE,0.18733592415612232,up
ICE,0.16181281567789996,up
ICE,0.08585221095972329,up
ICE,0.03728069215622942,none
NIOMF,0.4834437242940166,up
NIOMF,0.0,down
NIOMF,-0.024961917741838535,down
NIOMF,0.1739523207508613,down
NIOMF,0.0,down
NIOMF,0.1344746227068221,down
NIOMF,0.1344746227068221,up
NIOMF,0.052459150147843525,down
NIOMF,0.2045034636221359,none
NIOMF,0.07692312100935417,down
NIOMF,0.0,down
NIOMF,0.11112399971989673,down
BFNH,0.3399999618530274,up
BFNH,0.46341466818587773,down
BFNH,0.0,down
BFNH,0.0,down
BFNH,0.0,down
BFNH,0.0,down
BFNH,0.6693547720343469,down
BFNH,0.028571486959652947,down
BFNH,0.0452962089284521,down
BFNH,0.08571429057997104,down
BFNH,0.0625000139698384,down
BFNH,0.28025472822370956,none
IPM,0.04193552207748419,down
IPM,0.08426965088152594,none
IPM,2.006535941601472,down
IPM,2.026315764707211,down
IPM,0.12307692495793754,none
IPM,0.041450800564520884,none
IPM,0.14999998431456696,down
IPM,0.17241386600194475,none
IPM,0.5078534894088786,up
IPM,0.2222222489807606,up
IPM,0.07881777738210993,none
IPM,0.4769230994952496,up
ACON,0.23521125224673134,down
ACON,1.6875000702910876,up
ACON,0.5238095238095237,up
ACON,0.09859153109064867,down
ACON,0.5474999946016446,none
ACON,2.365217270887351,up
ACON,0.9089367028761572,up
ACON,0.15333335852565866,none
ACON,0.865121208721922,up
ACON,0.13846150524088952,none
ACON,1.011363660762195,up
ACON,0.5626043429597658,up
SLNCF,0.0,down
SLNCF,0.33000001040371973,up
SLNCF,0.016000032424926758,down
SLNCF,0.04500000817435135,down
SLNCF,-0.07563022246898432,down
SLNCF,0.0,down
SLNCF,0.1023008953820137,up
SLNCF,0.33333333333333326,up
SLNCF,0.052631592156154205,down
SLNCF,0.08749997615814209,down
SLNCF,0.2272727272727273,down
SLNCF,0.052631592156154205,down
EVR,0.19435536851579438,up
EVR,0.3061630232968757,up
EVR,0.08613669526943002,none
EVR,0.0036863456928497573,down
EVR,0.1277799732125935,none
EVR,0.27846000469002385,up
EVR,0.11744673571254283,none
EVR,-0.006565377202712996,none
EVR,0.2897574458052534,up
EVR,0.04197829259239505,down
EVR,0.09944794160216874,none
EVR,-0.020895764543130912,down
CMSD,0.03964195387218572,none
CMSD,0.0482640753523671,up
CMSD,0.03994844127936714,none
CMSD,0.020090464981880274,down
CMSD,0.007462657265864259,none
CMSD,0.016677613508024214,down
CMSD,0.019758547268641458,none
CMSD,0.012373387404718272,none
CMSD,0.07834400500136596,up
CMSD,0.007725859179575689,none
CMSD,0.0322616539298648,none
CMSD,0.03678978811551681,none
COBA,0.1038461503192516,down
COBA,1.7284767626356716,down
COBA,3.7777781162733,up
COBA,3.55952386105277,up
COBA,1.5806451798973917,both
COBA,0.3888888336994052,down
COBA,0.34666665395100904,down
COBA,0.05555557027275215,down
COBA,2.984222425846553,up
COBA,-0.0083333250549108,down
COBA,0.34666665395100904,down
COBA,0.7241379215846779,up
ACH,0.43893367330615596,up
ACH,0.0,down
ACH,0.038247795699829945,down
ACH,0.25748981807910076,up
ACH,-0.007281488787498014,down
ACH,0.09062974731293849,down
ACH,0.18366328887696026,none
ACH,0.27922405669975925,up
ACH,0.3356643445253127,up
ACH,0.25364434607728104,none
ACH,0.020991569161025625,down
ACH,0.08296945868362116,down
RCI,0.02407620844668168,down
RCI,0.10629300592185409,up
RCI,0.021859844732274647,down
RCI,0.06361947536468104,none
RCI,6.348329351091309e-08,down
RCI,0.03872094996620201,down
RCI,0.09619324790975048,none
RCI,0.08721880050952158,up
RCI,0.17663765951829258,up
RCI,0.09374227417310044,none
RCI,0.029544001288432487,down
RCI,-0.0029813102074270903,down
HCA,0.10742365101979323,up
HCA,0.19743273377350046,up
HCA,0.20916743481611855,up
HCA,0.07718530737076668,down
HCA,0.23605999484930074,up
HCA,0.001242539239814766,down
HCA,0.1842951333519205,up
HCA,0.1922808606430546,up
HCA,0.12836129577103672,none
HCA,0.07088722863440666,none
HCA,0.2042586275785534,up
HCA,0.09930204477367721,none
LINMF,0.06918219709502749,down
LINMF,0.17857147038591137,down
LINMF,0.2515150642154227,down
LINMF,0.550000009313226,none
LINMF,0.0,down
LINMF,-0.03614195691733535,down
LINMF,0.15068450496865227,down
LINMF,0.9194389853376919,down
LINMF,0.3257142701440925,none
LINMF,0.07142852670720035,down
LINMF,0.4999999334769609,none
LINMF,0.3191489597800208,none
BDRY,0.08947372436523438,down
BDRY,0.12684034123756183,down
BDRY,0.10132710119427513,none
BDRY,0.4053991608898295,up
BDRY,0.020408163265306145,down
BDRY,0.43584529731720334,up
BDRY,0.2079565234899201,down
BDRY,-0.00445437404805149,down
BDRY,0.35378482174535475,up
BDRY,-0.06078321907821227,down
BDRY,0.06347301901295288,none
BDRY,0.23246753327177805,up
MYPS,0.08521301086633004,none
MYPS,0.053718955340457786,none
MYPS,0.046296250305059905,none
MYPS,0.35200004577636723,none
MYPS,0.09024387662570943,down
MYPS,0.1261731518053868,down
MYPS,0.01522841165181843,none
MYPS,0.1939326808772004,none
MYPS,0.2900764359078052,none
MYPS,0.16623373567243638,none
MYPS,0.3636363009417731,up
MYPS,0.06504058737032836,down
HPE,0.2140047992289713,up
HPE,0.06091001851020761,down
HPE,0.026714175251363326,down
HPE,0.08075054505517287,none
HPE,0.31956352447592185,up
HPE,0.3442730815984121,up
HPE,0.1465165862270872,up
HPE,0.11938272643425374,down
HPE,0.2867237438247521,up
HPE,0.15136183821340699,down
HPE,0.1765114540405024,up
HPE,0.1771218973176747,up
XPNGF,0.16833337148030592,down
XPNGF,0.17815133673888583,up
XPNGF,0.17815133673888583,up
EVV,0.011464623627625237,down
EVV,0.19540089140872974,up
EVV,0.00684500062314064,none
EVV,0.057301949980378186,up
EVV,0.08600522108480368,up
EVV,0.01527266056509502,down
EVV,0.06983805013541033,none
EVV,2.799019906962741e-07,down
EVV,0.021631911986573105,none
EVV,0.00800773823643497,down
EVV,0.06598382466722197,up
EVV,0.026627120107644453,none
MNBEF,0.0,down
MNBEF,2.220446049250313e-16,down
MNBEF,2.517482379628716,up
MNBEF,2.220446049250313e-16,down
MNBEF,2.220446049250313e-16,none
MNBEF,2.220446049250313e-16,down
MNBEF,0.0,none
MNBEF,0.0,down
MNBEF,0.0,down
MNBEF,0.0,down
MNBEF,2.220446049250313e-16,none
MNBEF,2.220446049250313e-16,down
NUWE,0.05670103092783507,down
NUWE,1.2066326203396098,down
NUWE,-0.001245330012453305,down
NUWE,0.0725190839694656,down
NUWE,0.23550295857988157,down
NUWE,0.6666666666666667,up
NUWE,0.001893889821141137,down
NUWE,0.08108108108108114,down
NUWE,0.5800000000000001,none
NUWE,1.2870370024633053,up
NUWE,0.6477272727272727,up
NUWE,-0.002044989775051076,down
MINBY,0.34705461230003176,none
MINBY,0.190528439444823,none
MINBY,0.19506176326072988,up
MINBY,0.16778520688032206,none
MINBY,0.22950351014827164,none
MINBY,0.2709137951179037,none
MINBY,0.1759758309809143,none
MINBY,0.15290524319223464,none
MINBY,0.18742000402252645,none
MINBY,0.12441623945585523,down
MINBY,0.23372602973249812,up
MINBY,0.39450271908037515,none
TVGN,0.06542056074766345,none
TVGN,0.03974121996303137,up
TVGN,0.49344099171352274,up
TVGN,0.6203389830508474,down
TVGN,0.05750487329434706,up
TVGN,0.005958291956305928,up
TVGN,0.011741682974559797,up
TVGN,0.06880734185760717,down
TVGN,0.03847936949466857,down
TVGN,0.07438016528925617,down
TVGN,1.2554744525547443,up
TVGN,0.01230920728705076,up
EVGN,1.285714155962682,up
EVGN,0.1060606509419737,none
EVGN,0.1848738645566157,none
EVGN,0.15384612563093802,none
EVGN,0.0,down
EVGN,0.04026841771510825,down
EVGN,0.0273972334300725,none
EVGN,0.05238097054617752,down
EVGN,0.439393960192622,up
EVGN,-0.023529389325310235,down
EVGN,0.3370786661331806,none
EVGN,0.17499992549419696,none
GIS,0.05154862758630396,none
GIS,0.052075061178088466,none
GIS,0.021180357589672072,down
GIS,0.15686288718190644,up
GIS,0.047176991265637236,none
GIS,0.15962789867108174,up
GIS,0.1216196352690051,up
GIS,0.019879873695381134,none
GIS,0.1804979073207098,up
GIS,0.06093771302174478,down
GIS,0.048392438930493276,down
GIS,0.06451084044351041,none
SBLK,0.3274292630695923,up
SBLK,-0.0016086080257434743,down
SBLK,0.047947999961022614,none
SBLK,0.0935533980027663,down
SBLK,0.1749270234321847,up
SBLK,0.08568797501144099,none
SBLK,0.04503054632766834,none
SBLK,0.6247082639220636,up
SBLK,0.07850645163043324,none
SBLK,0.018857890020466783,none
SBLK,0.11886538187660012,none
SBLK,0.19536235712271388,none
AMH,0.030566210749962908,down
AMH,0.008017248802462129,down
AMH,0.08666879650338544,none
AMH,0.01357023701499882,down
AMH,0.005162445982551445,down
AMH,0.010098294323015455,none
AMH,0.05663080198936732,down
AMH,0.044272573311568086,none
AMH,0.04629902825380783,none
AMH,0.0703358075076288,none
AMH,0.06439831877872537,down
AMH,0.006381183014868341,down
AXS-PE,0.13201968096003114,up
AXS-PE,0.10862466532264081,up
AXS-PE,0.023856102999531448,down
AXS-PE,0.0655563127201344,none
AXS-PE,0.03173550970934125,none
AXS-PE,0.024154992027497046,down
AXS-PE,0.04665741830137771,down
AXS-PE,0.0046859910886491996,down
AXS-PE,0.004837760739792474,none
AXS-PE,0.036767870506702494,down
AXS-PE,0.01378913833956763,none
AXS-PE,0.06003751475617536,none
TDUP,-0.0049504903750891005,down
TDUP,0.038352270225786356,down
TDUP,1.0338984763132646,up
TDUP,0.9047619948671886,up
TDUP,0.3131487676606082,down
TDUP,0.13505755342517545,none
TDUP,0.31120330841875754,down
TDUP,0.7559999465942382,up
TDUP,0.04899501777057069,down
TDUP,0.14313722569163678,none
TDUP,0.2658228459333032,down
TDUP,1.8070369860501292,up
FMCKK,0.2857143668090443,up
FMCKK,0.20000008572353778,up
FMCKK,0.12704170239339363,down
FMCKK,0.22575249169342504,down
FMCKK,0.48247976912341906,down
FMCKK,1.5409836462831286,up
FMCKK,0.22575249169342504,down
FMCKK,0.0,down
FMCKK,0.1442623160981713,down
FMCKK,0.16761906941731763,up
FMCKK,0.17543860236179953,up
FMCKK,0.052053185128638546,up
BGAVF,0.1463413924989374,down
BGAVF,1.390243773904324,up
BGAVF,0.16002382324262032,down
BGAVF,1.5238095280332091,up
BGAVF,0.7866666517655052,down
BGAVF,0.1682242673407468,down
BGAVF,0.08938553415617845,down
BGAVF,0.6073116659115507,up
BGAVF,0.18329465715573812,down
BGAVF,0.18329465715573812,none
BGAVF,0.25471699522293,both
BGAVF,0.5510598056245424,none
AVAH,0.32258065508506073,none
AVAH,0.01877932380464986,down
AVAH,0.2170385819307341,down
AVAH,0.5810000419616699,down
AVAH,0.9874703428143514,up
AVAH,0.22799997329711919,none
AVAH,0.727956920993827,up
AVAH,0.38513508506549265,none
AVAH,0.3119658315597129,none
AVAH,0.37250548627026236,up
AVAH,0.10112774673207459,down
AVAH,0.07875893059652328,down
MGY,0.04817890341042519,down
MGY,0.10855907108963847,down
MGY,0.24214989171748313,none
MGY,0.005272934423400821,down
MGY,0.17333693135673367,none
MGY,0.14173537603613373,up
MGY,0.08879130097130083,none
MGY,0.09015416954420341,none
MGY,0.2382288146005218,up
MGY,0.03872171062325269,down
MGY,0.15231552237003942,none
MGY,0.007139849259578446,down
VPV,0.04242823344488067,up
VPV,0.003147911204889553,down
VPV,-0.005076706829287403,down
VPV,0.11531857947147772,up
VPV,0.034144158086376164,up
VPV,0.0594474088172654,up
VPV,0.031283683222558034,none
VPV,0.11550952749619747,up
VPV,0.04119868319419373,down
VPV,0.004104613008911739,down
VPV,0.10962560571975133,up
VPV,0.030178259073705416,down
ITGR,0.1434548526119961,none
ITGR,0.02968851265392347,down
ITGR,0.03254654996398787,down
ITGR,0.027902347296481445,down
ITGR,0.23808942054742066,up
ITGR,0.023821316931923242,down
ITGR,0.04170818939751997,none
ITGR,0.12815814889054677,none
ITGR,0.19280610794758446,up
ITGR,0.07332064981679087,none
ITGR,0.11994870260759671,up
ITGR,0.14067134330195064,up
CLOQ,0.8461538726056126,up
CLOQ,0.15701198552447626,none
CLOQ,0.6666667287548398,up
CLOQ,0.8706715997362924,up
CLOQ,0.9261167421453984,up
CLOQ,0.33333333333333326,none
CLOQ,0.0,down
CLOQ,0.33333333333333326,none
CLOQ,0.17499998603016098,none
CLOQ,0.3000000458497285,up
CLOQ,0.43220337912872653,up
CLOQ,2.8038037637887014,up
OLOX,0.3801756925374469,up
OLOX,0.16580308914850228,none
OLOX,0.6078431299217659,up
OLOX,0.008653860825758697,down
OLOX,3.10958893372029,up
OLOX,0.32673260387244807,none
OLOX,1.1136363636363638,down
OLOX,0.8956522022147808,up
OLOX,0.019656000542118246,down
OLOX,0.25427592208760963,none
OLOX,0.9818182114063616,up
OLOX,0.10874196819177007,down
JMSB,0.24243478568620258,up
JMSB,0.16342869435755447,up
JMSB,0.0034834577550022505,down
JMSB,0.050127867537829385,none
JMSB,0.17521374520294142,up
JMSB,0.06821788651999272,none
JMSB,0.1790094522923633,none
JMSB,-0.0014046093269322046,none
JMSB,0.09847002012352846,down
JMSB,0.1984435168697798,down
JMSB,0.0671977647949864,none
JMSB,0.0677292744770086,none
RTNTF,0.18560918967026763,up
RTNTF,-0.0004538790661930969,down
RTNTF,0.038927955566981254,down
RTNTF,0.0518663847154035,none
RTNTF,0.12164796392652932,up
RTNTF,0.3853690977107622,up
RTNTF,0.3368037124814125,up
RTNTF,0.02597401687695533,down
RTNTF,0.061093264616852494,none
RTNTF,0.06849311478208753,up
RTNTF,-0.04247908719805227,down
RTNTF,0.1699015635183856,up
ASNS,4.822784739834933,down
ASNS,0.25225217484990803,none
ASNS,0.0,down
ASNS,0.08737860212273074,down
ASNS,0.019108292635635626,down
ASNS,0.012903213500976562,none
ASNS,0.08527134992233831,down
ASNS,0.3085622466224869,none
ASNS,0.11570247933884303,down
ASNS,2.1452514210546787,up
ASNS,0.0,down
ASNS,1.3306233734716497,up
ALOY,0.4909090562300249,down
ALOY,0.03873244254888619,down
ALOY,0.14166673399784124,none
ALOY,0.06332135306102238,down
ALOY,0.3956693423364195,none
ALOY,1.2659078846319503,up
ALOY,0.19488183848878293,none
ALOY,0.09433960566617494,none
ALOY,0.05259513664065274,none
ALOY,0.6071429449955088,down
ALOY,0.11688316312723446,none
ALOY,0.20962195089478652,down
IPHA,0.300411522229981,up
IPHA,0.2679543710071679,up
IPHA,0.042483698324135455,none
IPHA,0.18947376082148515,none
IPHA,0.010273962536277104,none
IPHA,0.09427608373485197,none
IPHA,0.024922094316309096,down
IPHA,-0.02130178232694835,down
IPHA,0.10185186105009914,none
IPHA,0.06027826212822829,none
IPHA,0.1870748100720332,none
IPHA,0.04090905100846176,down
SPKLU,0.06859903497376973,up
SPKLU,0.06346161781683768,down
SPKLU,0.06346161781683768,down
SPKLU,0.025666359915553327,up
SPKLU,0.09180654438986724,up
SPKLU,0.0026571951348588474,down
SPKLU,0.013280888282189984,up
SPKLU,0.026679887432504268,up
SPKLU,0.06859903497376973,up
SPKLU,0.06859903497376973,up
SPKLU,0.026679887432504268,up
SPKLU,0.013280888282189984,up
RY,0.02724058041708921,down
RY,0.03138040706626111,none
RY,0.03340018347650098,none
RY,0.08574631006620392,none
RY,0.03766808088815532,down
RY,0.06347262334530068,up
RY,0.025788730683533823,none
RY,0.013787648058966928,none
RY,0.1296743240384599,none
RY,0.005580191397663192,down
RY,0.24745132986788598,up
RY,0.03329513032328757,none
CIFR,0.09539472549080497,down
CIFR,0.19470404753041426,none
CIFR,0.14106584313851522,none
CIFR,1.036538565582076,up
CIFR,1.1014493517303792,up
CIFR,0.08963590410230227,down
CIFR,0.5686274535993694,down
CIFR,0.7360544754346792,up
CIFR,0.28176798861606955,none
CIFR,0.17261910125985058,down
CIFR,1.8461538192822116,up
CIFR,0.08051946765155216,down
SLNH,0.0625,down
SLNH,0.12985781990521317,down
SLNH,1.0,up
SLNH,0.25416204217536076,none
SLNH,0.15403128760529472,down
SLNH,0.06770833333333326,down
SLNH,0.10356731875719216,down
SLNH,0.0747126405282259,down
SLNH,1.4375,up
SLNH,0.06145251396648055,down
SLNH,1.0526315789473686,up
SLNH,0.29241875391948957,down
NOMD,0.14910111486193833,up
NOMD,0.010221911172593856,down
NOMD,0.0008077435701572266,down
NOMD,0.05834689105264901,none
NOMD,0.022088473625661686,down
NOMD,0.02915926985832895,none
NOMD,0.07241402928358598,down
NOMD,0.08441528810794607,down
NOMD,0.024322849768242838,down
NOMD,0.018110588668471594,down
NOMD,0.030169217306420526,down
NOMD,0.05454550336954056,none
SBS,0.17710573555722098,up
SBS,0.060975468982008785,down
SBS,0.04201686938339244,down
SBS,-0.004201551130702308,down
SBS,0.19361689007691374,up
SBS,0.1293188569575634,none
SBS,0.015513211603550792,down
SBS,-0.0010929928137716205,down
SBS,0.07227405333247261,down
SBS,0.2566426592313136,up
SBS,0.3294713469301571,up
SBS,0.1040526196267435,down
TRMK,0.07353680401845342,none
TRMK,0.15283222509386585,up
TRMK,0.07007531359379038,down
TRMK,0.03175755350946696,none
TRMK,0.08156237382716536,none
TRMK,0.4389919131408422,up
TRMK,0.18375629685451655,none
TRMK,0.05977976432897458,none
TRMK,0.11297224421207308,none
TRMK,0.11260246268635044,none
TRMK,0.09726496138513752,none
TRMK,0.015630625720543634,none
IQV,0.17918349603724093,up
IQV,0.13826819128587564,none
IQV,0.09029636897080073,down
IQV,0.07674232632000622,down
IQV,0.03043155693684496,down
IQV,0.014126334706294319,down
IQV,0.017653039405150395,down
IQV,0.012435503811534687,down
IQV,0.015863402188129427,down
IQV,0.11842235794595424,none
IQV,0.00888336148806057,down
IQV,0.03152982786376701,down
CSR,0.05210179949786564,none
CSR,0.06282742246448025,none
CSR,0.1043295508980484,none
CSR,0.1275453470617136,up
CSR,0.2667392471854886,up
CSR,0.07322313843757655,none
CSR,0.08106453125301338,none
CSR,0.054797376627109706,none
CSR,0.2283101276945838,up
CSR,0.3155841179780188,up
CSR,0.06399998983633082,down
CSR,0.025259372270814096,none
CAT,0.02869411181477788,down
CAT,0.2053423312212459,up
CAT,0.0224312770138837,down
CAT,0.17161350252869356,up
CAT,0.032358527241684865,down
CAT,0.033496634186108265,down
CAT,0.24885703973873752,up
CAT,0.17778222109319408,up
CAT,-0.024677210293075125,down
CAT,0.22631377696037336,up
CAT,0.24006748321417248,up
CAT,0.21927095533651197,up
RENEF,0.05187319594315554,up
RENEF,0.04224058986637447,up
RENEF,0.07682672859982209,none
RENEF,0.008784121194153727,up
RENEF,0.10677804732137064,up
RENEF,0.10113418738564706,up
RENEF,0.01098897643976704,up
RENEF,0.06104652452236814,up
RENEF,0.0,down
RENEF,0.04224058986637447,up
RENEF,0.10426534672117294,up
RENEF,0.0637255474862033,up
ANAB,0.0931917202558008,none
ANAB,0.1731949024916417,none
ANAB,0.11002738631545861,none
ANAB,0.489017624770427,up
ANAB,0.06344267194420694,down
ANAB,0.0747507595136736,down
ANAB,0.44668015306761255,up
ANAB,0.028925554958024735,down
ANAB,0.23716198627897778,none
ANAB,0.10774408422902848,down
ANAB,0.06982960901678226,down
ANAB,0.058959566632731386,down
TRAW,0.05263157894736836,down
TRAW,0.20606062926755708,none
TRAW,0.1282051282051282,down
TRAW,0.14615384615384608,down
TRAW,0.08108108108108114,down
TRAW,0.08823529411764697,down
TRAW,1.0138888888888888,up
TRAW,0.22839506399956733,none
TRAW,0.06779662523760033,down
TRAW,1.0138888888888888,up
TRAW,0.012658227848101333,none
TRAW,0.009009009009008917,down
NEGG,0.12307695242074823,down
NEGG,0.3118279095756795,none
NEGG,0.40833330154418945,up
NEGG,0.019230843295715117,down
NEGG,3.5800527624703866,up
NEGG,0.5789473882342313,up
NEGG,0.4969655794445287,up
NEGG,0.2857143668090443,none
NEGG,0.9764279025225509,none
NEGG,0.4695651842200237,up
NEGG,0.013157882353605599,down
NEGG,0.09999998410542799,down
LNXSF,0.10441009759276976,down
LNXSF,-0.006378239564511556,down
LNXSF,0.0,down
LNXSF,0.3609002224554205,up
LNXSF,-0.04606253986427489,down
LNXSF,0.0,down
LNXSF,-0.03893345225909717,down
LNXSF,0.13740092551889904,up
LNXSF,0.24157727068173362,down
LNXSF,0.12310876022146622,up
LNXSF,0.09110546408325892,up
LNXSF,0.028442709550522194,down
INGVF,0.005739913707325073,down
INGVF,0.12724462373649037,none
INGVF,0.058866190289621034,down
INGVF,0.04375557667008412,down
INGVF,0.12623266249951537,none
INGVF,0.47899133687457884,up
INGVF,0.05413089970957685,down
INGVF,0.0,down
INGVF,0.08761904924337993,none
INGVF,0.054888533642705406,none
INGVF,0.020393250692316123,down
INGVF,0.1497859613748258,none
MAMA,0.28835976783580697,up
MAMA,0.06172833449713644,down
MAMA,0.17791408754686366,none
MAMA,0.22727267960172481,up
MAMA,0.24017475978026348,up
MAMA,0.4080882335754139,up
MAMA,0.4813432573581711,up
MAMA,0.037974646870400086,down
MAMA,0.8518517782658737,up
MAMA,0.13186806780807592,down
MAMA,0.08256872606723209,none
MAMA,0.016260146842582035,none
CMPX,0.1312499473802753,none
CMPX,0.30819107759580655,up
CMPX,1.1935483292081153,up
CMPX,0.13836471998900568,none
CMPX,0.31934306458193684,up
CMPX,0.4090908762508847,down
CMPX,0.08109236575732348,down
CMPX,0.07547174267346413,down
CMPX,0.05411255545296334,down
CMPX,0.048912995943839244,down
CMPX,0.6319999694824219,up
CMPX,0.27828054249827283,none
STWD,0.06703633848212642,down
STWD,0.022211423275957376,down
STWD,0.1252059300137487,none
STWD,0.15294346305400586,up
STWD,0.07212773639006476,down
STWD,0.1287690846688656,up
STWD,0.027638362103359126,none
STWD,0.10845290600530211,up
STWD,0.0066699624520309975,down
STWD,0.026725119830453448,down
STWD,0.005660407087644925,none
STWD,0.03035413103175366,down
ISD,0.036205494196081656,none
ISD,0.05493667059442342,none
ISD,0.0006402688331201833,down
ISD,0.05119950545608343,none
ISD,0.0738769634619123,up
ISD,0.05101772721686326,none
ISD,0.02604178874851737,down
ISD,0.01571442467689166,down
ISD,0.10717859676805452,up
ISD,0.0402274119287056,none
ISD,0.01654358283293722,none
ISD,0.016255188153472933,down
ORXCF,0.022146582758287403,down
ORXCF,0.02272727475225711,up
ORXCF,0.09090918810834236,up
ORXCF,0.022146582758287403,down
ORXCF,0.021334425745526353,up
ORXCF,0.021334425745526353,down
ORXCF,0.021334425745526353,up
VRHI,0.050929639727744114,down
VRHI,0.6118612820197113,none
VRHI,0.18715083729122872,down
VRHI,0.2427672389187283,down
VRHI,1.2988505621129036,up
VRHI,0.2427672389187283,down
VRHI,0.16071423819782793,up
VRHI,0.2663999557495118,up
VRHI,0.03846161781683777,none
VRHI,0.11301367416303942,down
VRHI,0.4166666501098215,none
VRHI,0.021290318313423873,down
OI,0.01720272983390725,down
OI,0.023442693947841153,down
OI,0.07032463914959952,none
OI,0.09934697330735043,none
OI,0.1934604968357243,up
OI,0.19064429496532354,down
OI,0.1955307152017136,none
OI,0.05529414906221275,down
OI,0.08751184649397903,none
OI,0.19267508294346714,none
OI,0.08737870412982884,none
OI,0.39419082914713477,up
WLYB,0.1864699851063547,up
WLYB,0.09093907392952172,down
WLYB,0.09427613303559523,down
WLYB,0.052628663363722294,up
WLYB,0.08150471451763197,down
WLYB,0.1384210789521505,down
WLYB,0.0,down
WLYB,0.3436813650570192,up
WLYB,0.02827741264364403,up
WLYB,0.06234257728657444,none
WLYB,0.09104845783796844,up
WLYB,0.014770639877665914,down
EGHT,0.13488369720442583,down
EGHT,0.04533335367838531,down
EGHT,0.0,down
EGHT,0.39890703975134634,up
EGHT,0.034414983170508506,down
EGHT,0.07744108311713105,down
EGHT,0.529148007472872,up
EGHT,0.2392947206139644,none
EGHT,0.0,down
EGHT,0.22777783149554542,none
EGHT,0.023553189068376224,down
EGHT,0.07470507028504603,down
SCMWY,0.13900044145167212,up
SCMWY,0.019755859868558545,none
SCMWY,0.011007362561270773,down
SCMWY,0.039546049221081514,none
SCMWY,0.01664751957296562,down
SCMWY,0.11645906509934667,up
SCMWY,0.012180358683875347,down
SCMWY,0.02316131807463684,down
SCMWY,0.09437496569443038,up
SCMWY,0.17677638373467341,up
SCMWY,0.0033047662391216814,down
SCMWY,0.171807524922015,up
AVIR,0.2038095565069289,none
AVIR,0.06129034292437474,none
AVIR,0.19890513664125486,none
AVIR,0.06425224417047115,down
AVIR,0.1295681415746952,none
AVIR,0.1217949129420639,none
AVIR,0.08418129621537762,down
AVIR,0.039755386911067836,none
AVIR,0.1260504358819301,none
AVIR,0.24844718795284249,none
AVIR,0.05068721490648631,down
AVIR,0.17845116709907116,none
STX,0.022019599982879168,down
STX,0.036246544288679905,down
STX,0.15968006177748584,up
STX,0.31836665585784174,up
STX,0.0630400620932039,down
STX,0.04218268565571459,none
STX,0.20450813141820023,up
STX,0.2055633672681445,up
STX,0.026616070692277782,none
STX,0.037869775750667856,down
STX,0.3579608469204001,up
STX,0.24708184042328685,up
SFNC,0.14009672538123263,down
SFNC,0.1455731677211154,up
SFNC,0.05702499657681637,none
SFNC,0.0452340854395632,down
SFNC,0.17665783701597793,up
SFNC,0.038787763319017676,down
SFNC,0.0058963510347871395,down
SFNC,0.1917553502881899,up
SFNC,0.078323185929426,none
SFNC,0.02545328821091264,down
SFNC,0.0684315416222887,down
SFNC,0.19649390986514503,up
ARTW,0.12048195885857527,none
ARTW,0.026022279462375897,none
ARTW,0.01724136277318622,none
ARTW,0.09452739210046879,none
ARTW,0.5472972515815366,up
ARTW,0.5097087288747824,up
ARTW,0.2587208871167057,up
ARTW,-0.013392844313413588,down
ARTW,0.31666665010982165,none
ARTW,0.5097087288747824,up
ARTW,0.1073170896231741,none
ARTW,0.1617646715082781,up
DRI,0.010610273158405903,down
DRI,0.038244561905919294,down
DRI,0.0576186332489399,none
DRI,0.05782515483117856,none
DRI,0.14146912320874883,up
DRI,0.09168741821609094,down
DRI,0.11775466670971912,up
DRI,0.183817415833615,up
DRI,0.045319272522048815,none
DRI,0.04937256943475021,none
DRI,0.07731115275384304,none
DRI,0.06537504524106663,none
DARE,0.0491802798135097,none
DARE,0.056122394364757966,none
DARE,0.4189944223370776,up
DARE,0.0283400536161873,down
DARE,-0.011070129313777932,down
DARE,0.11650486223456546,none
DARE,0.09999998410542799,none
DARE,0.19444440560739884,none
DARE,0.18987344700970765,down
DARE,0.7074830998525157,up
DARE,0.10465120711540887,none
DARE,0.009174303230812475,none
ISRG,0.1780634956904561,up
ISRG,0.08264390548954048,none
ISRG,0.09352991731854243,none
ISRG,0.006402760230103777,down
ISRG,0.02821640342392495,none
ISRG,0.05436875696128918,none
ISRG,0.3159003834068277,up
ISRG,0.3073942734535624,up
ISRG,0.15212721922483752,none
ISRG,0.08876835098750835,up
ISRG,0.03183374779356396,down
ISRG,0.13109542021737464,up
BITTF,0.10681821260570512,none
BITTF,0.06366664065172212,down
BITTF,0.9072465320515888,up
BITTF,0.4242878035280788,up
BITTF,0.00702579279324711,down
BITTF,0.4199999788900213,up
BITTF,0.509054404380042,up
BITTF,0.7361478179431995,up
BITTF,0.11999998509883847,down
BITTF,0.4715663836337971,up
BITTF,0.15384610424909462,up
BITTF,0.18503935131255256,down
TFPM,0.10918222696159274,none
TFPM,0.004319531134584942,none
TFPM,0.1298028442882122,none
TFPM,0.3073949629434518,up
TFPM,0.16072042090366612,up
TFPM,0.09288531381284204,none
TFPM,0.09480778611673313,none
TFPM,0.06384297390015026,down
TFPM,0.11555761939863629,none
TFPM,0.09328340763472132,down
TFPM,0.3124244918060388,up
TFPM,0.22693960646173528,up
CSTE,0.06796867901765036,none
CSTE,0.2663316426381075,up
CSTE,0.17277489459807782,none
CSTE,0.06630263409257497,none
CSTE,0.07922540487715435,down
CSTE,0.5147928142617757,none
CSTE,0.16114284476603036,up
CSTE,0.09882354736328125,down
CSTE,0.135188827032779,none
CSTE,0.041992218240921586,down
CSTE,0.027312690746376767,down
CSTE,0.0790774308894473,none
MNTK,0.3365384968074834,none
MNTK,0.0422222349378798,down
MNTK,0.24793383707302397,up
MNTK,0.13296904362617212,down
MNTK,0.14539741931352013,down
MNTK,0.37704913932064144,up
MNTK,0.19137746067522543,none
MNTK,0.11645104107392545,down
MNTK,0.3458950512837413,up
MNTK,0.22769231062669015,up
MNTK,0.15930900530305148,down
MNTK,0.6040461883392827,up
NXRT,0.011929484502818832,down
NXRT,0.05372856114119284,none
NXRT,0.14165897163613428,up
NXRT,0.044970043477662314,down
NXRT,0.050218824322689315,down
NXRT,0.06321569267739968,down
NXRT,0.016264927982193145,down
NXRT,0.12683832653223215,up
NXRT,0.09715024946122885,none
NXRT,0.12023310765406303,none
NXRT,0.02213045981162054,down
NXRT,0.10199995791142236,none
