rule,kind,n_drop,n_keep,med,fp,drop_mean_fr,drop_med_fr,kept_mean_fr,d_med,d_fp
max_drop_pct>=0.1,single,27,53,0.5351811772753443,0.7894736842105263,0.7198481597339419,0.3131312523164531,0.9074334966221604,0.010048009997163376,0.06166303332295231
max_drop_pct>=0.12,single,21,59,0.5351811772753443,0.7619047619047619,0.7954172855505726,0.3131312523164531,0.8614595362242187,0.010048009997163376,0.034094111017187845
max_drop_pct>=0.15,single,16,64,0.5535485337021719,0.7724137931034483,0.64903896486874,0.209102462466206,0.8928945655607983,0.028415366423991006,0.04460314221587425
max_drop_pct>=0.2,single,9,71,0.5588235912850996,0.7834394904458599,0.09470704061331157,0.0944070053085458,0.9391198911024101,0.033690424006918684,0.0556288395582859
max_drop_pct>=0.25,single,5,75,0.5483871463930441,0.7409638554216867,0.08822749469932559,0.1583101794497246,0.894516508803924,0.023253979114863155,0.013153204534112728
max_drop_tr>=1.5,single,29,51,0.5588235912850996,0.78,0.799256043652664,0.1861924325148261,0.869636281722817,0.033690424006918684,0.05218934911242601
max_drop_tr>=2.0,single,22,58,0.5535485337021719,0.7410714285714286,0.9386684915470876,0.2725718723670195,0.8082615313750863,0.028415366423991006,0.013260777683854585
max_drop_tr>=2.5,single,17,63,0.5483871463930441,0.6825396825396826,0.7824565849711677,0.3131312523164531,0.8607637093536679,0.023253979114863155,-0.04527096834789146
max_drop_tr>=3.0,single,12,68,0.5535485337021719,0.7402597402597403,0.6377319246371369,0.17225130598227534,0.8805454785021365,0.028415366423991006,0.012449089372166267
max_drop_atr>=1.5,single,20,60,0.5417841618341942,0.7368421052631579,0.8248084375302722,0.2725718723670195,0.8505617813864248,0.016650994556013266,0.009031454375583836
max_drop_atr>=2.0,single,14,66,0.5417841618341942,0.7588652482269503,0.826162741501204,0.209102462466206,0.847933291708698,0.016650994556013266,0.031054597339376322
max_drop_atr>=2.5,single,7,73,0.5483871463930441,0.7361963190184049,0.3059122101780131,0.1861924325148261,0.8957327419526688,0.023253979114863155,0.008385668130830859
max_drop_atr>=3.0,single,7,73,0.5483871463930441,0.7361963190184049,0.3059122101780131,0.1861924325148261,0.8957327419526688,0.023253979114863155,0.008385668130830859
max_bear_body_atr>=1.0,single,38,42,0.547002384280222,0.7469879518072289,0.9358764939089901,0.4274600251010888,0.7611087825059357,0.02186921700204103,0.01917730091965486
max_bear_body_atr>=1.5,single,22,58,0.5587667561481997,0.7583333333333333,0.7699608150078651,0.2725718723670195,0.8722540983382396,0.03363358887001877,0.030522682445759286
max_bear_body_atr>=2.0,single,12,68,0.5469455491433222,0.7748344370860927,1.0129779115784063,0.2101238987674685,0.8143255984536772,0.021812381865141228,0.04702378619851866
max_bear_body_atr>=2.5,single,8,72,0.5417841618341942,0.7391304347826086,1.2871806628268745,0.209102462466206,0.7948948657107766,0.016650994556013266,0.01131978389503463
max_bear_body_atr>=3.0,single,4,76,0.5319354771909561,0.7317073170731707,0.451177419667008,0.209102462466206,0.8648048151989854,0.006802309912775195,0.0038966661855966978
max_consec_bear>=2,single,35,45,0.5351811772753443,0.7142857142857143,0.7519818747907291,0.4035301142208499,0.9157891114692313,0.010048009997163376,-0.013524936601859716
max_consec_bear>=3,single,14,66,0.49337076064393803,0.7226277372262774,0.7309953765323162,0.6211410802438813,0.8681203085202804,-0.0317624066342429,-0.00518291366129664
max_consec_bear>=4,single,5,75,0.4651649638380822,0.7019867549668874,1.2584244799333806,1.0474614257748065,0.8165033764549869,-0.05996820344009873,-0.025823895920686568
bear_count>=2,single,40,40,0.5536053688390719,0.717948717948718,0.7153260297241778,0.4222071731122832,0.9729208611205952,0.02847220156089092,-0.009861932938856066
bear_count>=3,single,25,55,0.5286897771065678,0.6601941747572816,0.8621165463719151,0.4651649638380822,0.8359447631726009,0.003556609828386903,-0.06761647613029242
bear_count>=4,single,14,66,0.5251331672781809,0.7194244604316546,0.7115587394325368,0.5234011994718081,0.8722432315414456,0.0,-0.008386190455919373
max_consec_down>=2,single,28,52,0.48123039472675516,0.6914893617021277,0.8454666175845593,0.5436998490589339,0.8434001988735245,-0.04390277255142577,-0.036321289185446304
max_consec_down>=3,single,11,69,0.5286897771065678,0.7467532467532467,0.45007952868184414,0.2681455785576833,0.9069420408447918,0.003556609828386903,0.018942595865672707
max_consec_down>=4,single,3,77,0.4651649638380822,0.7228915662650602,0.9273932837024557,1.0474614257748065,0.8408791660088775,-0.05996820344009873,-0.004919084622513781
dd_close<=-0.1,single,31,49,0.4408842320037164,0.7545454545454545,0.8893902883754035,0.5885353169157369,0.8154852386561923,-0.08424893527446453,0.0267348036578805
dd_close<=-0.15,single,19,61,0.5351811772753443,0.762962962962963,0.7198087745019525,0.3131312523164531,0.8828444084959645,0.010048009997163376,0.035152312075388936
dd_close<=-0.2,single,14,66,0.5535485337021719,0.777027027027027,0.3944300877545933,0.209102462466206,0.9395129455337367,0.028415366423991006,0.049216376139452955
dd_close<=-0.3,single,7,73,0.5483871463930441,0.7784810126582279,0.2575160695555527,0.1583101794497246,0.9003734677657814,0.023253979114863155,0.05067036177065387
dd_low<=-0.2,single,37,43,0.4044854357330552,0.7281553398058253,1.066698788244152,0.5885353169157369,0.6526051271804023,-0.12064773154512576,0.0003446889182512347
dd_low<=-0.3,single,20,60,0.5417841618341942,0.7703703703703704,0.7047215901898706,0.2725718723670195,0.8905907304998918,0.016650994556013266,0.042559719482796354
dd_low<=-0.4,single,10,70,0.5319354771909561,0.7687074829931972,0.8096298391898115,0.2496618424156396,0.8490511034556116,0.006802309912775195,0.040896832105623226
down_slope>=0.03,single,38,42,0.4226848338683858,0.7575757575757576,0.8319058754870143,0.5535485337021719,0.8551774372686758,-0.10244833340979514,0.02976510668818355
down_slope>=0.05,single,30,50,0.45302459792089933,0.7522123893805309,0.9078585549351708,0.5736226189635184,0.8058823797147161,-0.0721085693572816,0.024401738492956904
down_slope>=0.08,single,22,58,0.5417841618341942,0.7751937984496124,0.7071592179198908,0.36661124575584136,0.8960753937854024,0.016650994556013266,0.04738314756203843
slope_ratio>=0.3,single,27,53,0.5286897771065678,0.7758620689655172,0.6658117150908304,0.4651649638380822,0.9349614967233681,0.003556609828386903,0.04805141807794322
slope_ratio>=0.5,single,15,65,0.5215765574497939,0.75,0.8486757630537182,0.5587099210112999,0.843072910584387,-0.003556609828387014,0.022189349112425982
slope_ratio>=1.0,single,6,74,0.49337076064393803,0.7534246575342466,0.6035882827420206,0.5819516477050053,0.8636262964505244,-0.0317624066342429,0.02561400664667257
rev_days>=4,single,36,44,0.5417841618341942,0.6746987951807228,0.8391809961609743,0.45302459792089933,0.8481672675453603,0.016650994556013266,-0.053111855706851174
rev_days>=5,single,21,59,0.5351811772753443,0.7357142857142858,0.733036219641052,0.3930555553715906,0.8836629664632004,0.010048009997163376,0.007903634826711747
rev_days>=6,single,10,70,0.5283788673625691,0.7278481012658228,0.49440359030913045,0.4608726662390792,0.8940834247242804,0.003245700084388181,3.7450378248760074e-05
max_upper_atr>=1.5,single,14,66,0.45302459792089933,0.7333333333333333,1.659247701749828,1.0216004021289409,0.6712183001408081,-0.0721085693572816,0.005522682445759264
max_upper_atr>=2.0,single,6,74,0.49337076064393803,0.7239263803680982,1.113499350270563,0.8911578145676814,0.822282155840102,-0.0317624066342429,-0.0038842705194758187
max_drop_pct>=0.1 OR max_drop_tr>=1.5,or,34,46,0.5535485337021719,0.7613636363636364,0.8098370304926437,0.35144316934027425,0.8694655781965445,0.028415366423991006,0.033552985476062336
max_drop_pct>=0.1 AND max_drop_tr>=1.5,and,22,58,0.5535485337021719,0.8015873015873016,0.6854484791815364,0.17225130598227534,0.904310501582709,0.028415366423991006,0.07377665069972761
max_drop_pct>=0.1 OR max_drop_tr>=2.0,or,31,49,0.5351811772753443,0.7362637362637363,0.8857634346098774,0.4200912391952296,0.8177797787935657,0.010048009997163376,0.008453085376162295
max_drop_pct>=0.1 AND max_drop_tr>=2.0,and,18,62,0.5535485337021719,0.7851851851851852,0.701552258552564,0.17225130598227534,0.885515080320077,0.028415366423991006,0.05737453429761119
max_drop_pct>=0.1 OR max_drop_tr>=2.5,or,29,51,0.5483871463930441,0.7446808510638298,0.6981291944267503,0.3897550863640954,0.9271397842238269,0.023253979114863155,0.016870200176255734
max_drop_pct>=0.1 AND max_drop_tr>=2.5,and,15,65,0.5351811772753443,0.726027397260274,0.8327943745967017,0.2320124924175859,0.84673784638216,0.010048009997163376,-0.00178325362730003
max_drop_pct>=0.1 OR max_drop_tr>=3.0,or,27,53,0.5351811772753443,0.7894736842105263,0.7198481597339419,0.3131312523164531,0.9074334966221604,0.010048009997163376,0.06166303332295231
max_drop_pct>=0.1 AND max_drop_tr>=3.0,and,12,68,0.5535485337021719,0.7402597402597403,0.6377319246371369,0.17225130598227534,0.8805454785021365,0.028415366423991006,0.012449089372166267
max_drop_pct>=0.1 OR max_drop_atr>=1.5,or,29,51,0.5351811772753443,0.7446808510638298,0.7808655066156514,0.3897550863640954,0.880093645920334,0.010048009997163376,0.016870200176255734
max_drop_pct>=0.1 AND max_drop_atr>=1.5,and,18,62,0.5417841618341942,0.7761194029850746,0.7381649650871102,0.209102462466206,0.8748855848745636,0.016650994556013266,0.04830875209750063
max_drop_pct>=0.1 OR max_drop_atr>=2.0,or,27,53,0.5351811772753443,0.7894736842105263,0.7198481597339419,0.3131312523164531,0.9074334966221604,0.010048009997163376,0.06166303332295231
max_drop_pct>=0.1 AND max_drop_atr>=2.0,and,14,66,0.5417841618341942,0.7588652482269503,0.826162741501204,0.209102462466206,0.847933291708698,0.016650994556013266,0.031054597339376322
max_drop_pct>=0.1 OR max_drop_atr>=2.5,or,27,53,0.5351811772753443,0.7894736842105263,0.7198481597339419,0.3131312523164531,0.9074334966221604,0.010048009997163376,0.06166303332295231
max_drop_pct>=0.1 AND max_drop_atr>=2.5,and,7,73,0.5483871463930441,0.7361963190184049,0.3059122101780131,0.1861924325148261,0.8957327419526688,0.023253979114863155,0.008385668130830859
max_drop_pct>=0.1 OR max_drop_atr>=3.0,or,27,53,0.5351811772753443,0.7894736842105263,0.7198481597339419,0.3131312523164531,0.9074334966221604,0.010048009997163376,0.06166303332295231
max_drop_pct>=0.1 AND max_drop_atr>=3.0,and,7,73,0.5483871463930441,0.7361963190184049,0.3059122101780131,0.1861924325148261,0.8957327419526688,0.023253979114863155,0.008385668130830859
max_drop_pct>=0.1 OR max_bear_body_atr>=1.0,or,41,39,0.5215765574497939,0.7307692307692307,0.9470277877531945,0.5286897771065678,0.7359419573310245,-0.003556609828387014,0.002958579881656709
max_drop_pct>=0.1 AND max_bear_body_atr>=1.0,and,24,56,0.5535485337021719,0.7983193277310925,0.673794490978212,0.209102462466206,0.9171215687556042,0.028415366423991006,0.07050867684351847
max_drop_pct>=0.1 OR max_bear_body_atr>=1.5,or,33,47,0.5215765574497939,0.7444444444444445,0.9341492358397357,0.5286897771065678,0.7809138478953114,-0.003556609828387014,0.016633793556870446
max_drop_pct>=0.1 AND max_bear_body_atr>=1.5,and,16,64,0.5587667561481997,0.7916666666666666,0.34675709126738613,0.17225130598227534,0.9684650339611366,0.03363358887001877,0.06385601577909261
max_drop_pct>=0.1 OR max_bear_body_atr>=2.0,or,30,50,0.5283788673625691,0.7927927927927928,0.9455427690769606,0.4209105147115105,0.7832718512296423,0.003245700084388181,0.06498214190521878
max_drop_pct>=0.1 AND max_bear_body_atr>=2.0,and,9,71,0.5483871463930441,0.7727272727272727,0.3583724643831659,0.1861924325148261,0.9056975134414427,0.023253979114863155,0.04491662183969869
max_drop_pct>=0.1 OR max_bear_body_atr>=2.5,or,28,52,0.5283788673625691,0.7876106194690266,0.9867735935999435,0.4209105147115105,0.7673118271729329,0.003245700084388181,0.059799968581452534
max_drop_pct>=0.1 AND max_bear_body_atr>=2.5,and,7,73,0.5483871463930441,0.7407407407407407,0.3005264278047154,0.1861924325148261,0.8962491868377795,0.023253979114863155,0.012930089853166682
max_drop_pct>=0.1 OR max_bear_body_atr>=3.0,or,27,53,0.5351811772753443,0.7894736842105263,0.7198481597339419,0.3131312523164531,0.9074334966221604,0.010048009997163376,0.06166303332295231
max_drop_pct>=0.1 AND max_bear_body_atr>=3.0,and,4,76,0.5319354771909561,0.7317073170731707,0.451177419667008,0.209102462466206,0.8648048151989854,0.006802309912775195,0.0038966661855966978
max_drop_pct>=0.1 OR max_consec_bear>=2,or,41,39,0.5483871463930441,0.7432432432432432,0.7180574965087032,0.4035301142208499,0.9766543147931819,0.023253979114863155,0.015432592355669184
max_drop_pct>=0.1 AND max_consec_bear>=2,and,21,59,0.5286897771065678,0.7661290322580645,0.776900408268339,0.3131312523164531,0.8680502891551833,0.003556609828386903,0.038318381370490484
max_drop_pct>=0.1 OR max_consec_bear>=3,or,29,51,0.5351811772753443,0.7798165137614679,0.7135497845456332,0.3930555553715906,0.9183712133719131,0.010048009997163376,0.05200586287389386
max_drop_pct>=0.1 AND max_consec_bear>=3,and,12,68,0.49337076064393803,0.7323943661971831,0.7480743193704579,0.6211410802438813,0.8610732911962564,-0.0317624066342429,0.004583715309609104
max_drop_pct>=0.1 OR max_consec_bear>=4,or,28,52,0.5283788673625691,0.7818181818181819,0.7249960070161349,0.4209105147115105,0.9082689891795991,0.003245700084388181,0.05400753093060784
max_drop_pct>=0.1 AND max_consec_bear>=4,and,4,76,0.49337076064393803,0.7096774193548387,1.3570336290078902,1.3737218522832721,0.8171281726020969,-0.0317624066342429,-0.018133231532735272
max_drop_pct>=0.1 OR bear_count>=2,or,42,38,0.5536053688390719,0.7323943661971831,0.7114581330681082,0.4222071731122832,0.9907535274981679,0.02847220156089092,0.004583715309609104
max_drop_pct>=0.1 AND bear_count>=2,and,25,55,0.5351811772753443,0.7768595041322314,0.72670799651692,0.3131312523164531,0.8974941040157804,0.010048009997163376,0.04904885324465735
max_drop_pct>=0.1 OR bear_count>=3,or,35,45,0.5483871463930441,0.7209302325581395,0.7442984333872961,0.3930555553715906,0.9217651214496793,0.023253979114863155,-0.0068804183294345345
max_drop_pct>=0.1 AND bear_count>=3,and,17,63,0.5215765574497939,0.732824427480916,0.8787275766799378,0.5885353169157369,0.834785822702095,-0.003556609828387014,0.005013776593342012
max_drop_pct>=0.1 OR bear_count>=4,or,30,50,0.5417841618341942,0.7798165137614679,0.6905430110234783,0.3530934038440219,0.9362717060617315,0.016650994556013266,0.05200586287389386
max_drop_pct>=0.1 AND bear_count>=4,and,11,69,0.5215765574497939,0.7291666666666666,0.7892211212879637,0.6537468435720255,0.8528759898496134,-0.003556609828387014,0.001356015779092612
max_drop_pct>=0.1 OR max_consec_down>=2,or,38,42,0.5283788673625691,0.7105263157894737,0.8321372778398131,0.49692737047232505,0.8549680732351911,0.003245700084388181,-0.017284335098100345
max_drop_pct>=0.1 AND max_consec_down>=2,and,17,63,0.5215765574497939,0.7651515151515151,0.6757499439571292,0.5286897771065678,0.8895575648653925,-0.003556609828387014,0.03734086426394112
max_drop_pct>=0.1 OR max_consec_down>=3,or,28,52,0.5417841618341942,0.7894736842105263,0.7037159246919327,0.2906384154370682,0.9197274950464772,0.016650994556013266,0.06166303332295231
max_drop_pct>=0.1 AND max_consec_down>=3,and,10,70,0.5251331672781809,0.7467532467532467,0.46827292369426027,0.3873638747152815,0.8978163770978332,0.0,0.018942595865672707
max_drop_pct>=0.1 OR max_consec_down>=4,or,27,53,0.5351811772753443,0.7894736842105263,0.7198481597339419,0.3131312523164531,0.9074334966221604,0.010048009997163376,0.06166303332295231
max_drop_pct>=0.1 AND max_consec_down>=4,and,3,77,0.4651649638380822,0.7228915662650602,0.9273932837024557,1.0474614257748065,0.8408791660088775,-0.05996820344009873,-0.004919084622513781
max_drop_pct>=0.1 OR dd_close<=-0.1,or,34,46,0.45302459792089933,0.76,0.8922500535696385,0.5736226189635184,0.808551604617896,-0.0721085693572816,0.03218934911242599
max_drop_pct>=0.1 AND dd_close<=-0.1,and,24,56,0.5283788673625691,0.782258064516129,0.6946040596285931,0.4209105147115105,0.9082031821911551,0.003245700084388181,0.054447413628554986
max_drop_pct>=0.1 OR dd_close<=-0.15,or,27,53,0.5351811772753443,0.7894736842105263,0.7198481597339419,0.3131312523164531,0.9074334966221604,0.010048009997163376,0.06166303332295231
max_drop_pct>=0.1 AND dd_close<=-0.15,and,19,61,0.5351811772753443,0.762962962962963,0.7198087745019525,0.3131312523164531,0.8828444084959645,0.010048009997163376,0.035152312075388936
max_drop_pct>=0.1 OR dd_close<=-0.2,or,27,53,0.5351811772753443,0.7894736842105263,0.7198481597339419,0.3131312523164531,0.9074334966221604,0.010048009997163376,0.06166303332295231
max_drop_pct>=0.1 AND dd_close<=-0.2,and,14,66,0.5535485337021719,0.777027027027027,0.3944300877545933,0.209102462466206,0.9395129455337367,0.028415366423991006,0.049216376139452955
max_drop_pct>=0.1 OR dd_close<=-0.3,or,27,53,0.5351811772753443,0.7894736842105263,0.7198481597339419,0.3131312523164531,0.9074334966221604,0.010048009997163376,0.06166303332295231
max_drop_pct>=0.1 AND dd_close<=-0.3,and,7,73,0.5483871463930441,0.7784810126582279,0.2575160695555527,0.1583101794497246,0.9003734677657814,0.023253979114863155,0.05067036177065387
max_drop_pct>=0.1 OR dd_low<=-0.2,or,41,39,0.4200912391952296,0.7708333333333334,0.9806015160505435,0.5587099210112999,0.7006464993774013,-0.10504192808295132,0.04302268244575935
max_drop_pct>=0.1 AND dd_low<=-0.2,and,23,57,0.5215765574497939,0.7520661157024794,0.8130040573816428,0.5286897771065678,0.856680391473915,-0.003556609828387014,0.02425546481490537
max_drop_pct>=0.1 OR dd_low<=-0.3,or,31,49,0.5215765574497939,0.7850467289719626,0.738811620320131,0.5286897771065678,0.9107492939564666,-0.003556609828387014,0.057236078084388575
max_drop_pct>=0.1 AND dd_low<=-0.3,and,16,64,0.5535485337021719,0.7746478873239436,0.6641982429181114,0.209102462466206,0.8891047460484555,0.028415366423991006,0.04683723643636961
max_drop_pct>=0.1 OR dd_low<=-0.4,or,28,52,0.5283788673625691,0.7857142857142857,0.7222313058381685,0.4209105147115105,0.9097576744292734,0.003245700084388181,0.05790363482671168
max_drop_pct>=0.1 AND dd_low<=-0.4,and,9,71,0.5351811772753443,0.7718120805369127,0.8121913490273142,0.1861924325148261,0.8481711759513395,0.010048009997163376,0.04400142964933873
max_drop_pct>=0.1 OR down_slope>=0.03,or,42,38,0.4226848338683858,0.7613636363636364,0.8340850712811613,0.5535485337021719,0.8552184905258461,-0.10244833340979514,0.033552985476062336
max_drop_pct>=0.1 AND down_slope>=0.03,and,23,57,0.5351811772753443,0.784,0.6963804603267046,0.3131312523164531,0.9037390358995916,0.010048009997163376,0.05618934911242601
max_drop_pct>=0.1 OR down_slope>=0.05,or,37,43,0.4408842320037164,0.7628865979381443,0.8878148186598162,0.5885353169157369,0.8065285428692496,-0.08424893527446453,0.035075947050570266
max_drop_pct>=0.1 AND down_slope>=0.05,and,20,60,0.5417841618341942,0.7769230769230769,0.6911254335229179,0.2725718723670195,0.8951227827222095,0.016650994556013266,0.04911242603550292
max_drop_pct>=0.1 OR down_slope>=0.08,or,31,49,0.5351811772753443,0.7870370370370371,0.7163740556673373,0.4200912391952296,0.9249444879204789,0.010048009997163376,0.05922638614946307
max_drop_pct>=0.1 AND down_slope>=0.08,and,18,62,0.5417841618341942,0.7777777777777778,0.7103226322981429,0.2725718723670195,0.882968842781038,0.016650994556013266,0.04996712689020377
max_drop_pct>=0.1 OR slope_ratio>=0.3,or,37,43,0.5215765574497939,0.8,0.694027201947588,0.5286897771065678,0.9732760270169808,-0.003556609828387014,0.07218934911242603
max_drop_pct>=0.1 AND slope_ratio>=0.3,and,17,63,0.5351811772753443,0.7703703703703704,0.6902241263651819,0.2320124924175859,0.8856518331044895,0.010048009997163376,0.042559719482796354
max_drop_pct>=0.1 OR slope_ratio>=0.5,or,32,48,0.49337076064393803,0.7692307692307693,0.7311777911629861,0.5436998490589339,0.9194205482619869,-0.0317624066342429,0.041420118343195256
max_drop_pct>=0.1 AND slope_ratio>=0.5,and,10,70,0.5319354771909561,0.7676056338028169,0.876834744140665,0.15604566160764238,0.8394504027483469,0.006802309912775195,0.03979498291524286
max_drop_pct>=0.1 OR slope_ratio>=1.0,or,30,50,0.49337076064393803,0.7714285714285715,0.7245966274080026,0.5436998490589339,0.9158395362310169,-0.0317624066342429,0.043617920540997446
max_drop_pct>=0.1 AND slope_ratio>=1.0,and,3,77,0.5286897771065678,0.7677419354838709,0.4398437290094918,0.0800788307976989,0.8598746032047071,0.003556609828386903,0.03993128459629691
max_drop_pct>=0.1 OR rev_days>=4,or,41,39,0.5483871463930441,0.6986301369863014,0.7888854980011304,0.4408842320037164,0.9021941080960147,0.023253979114863155,-0.02918051390127263
max_drop_pct>=0.1 AND rev_days>=4,and,22,58,0.5283788673625691,0.7661290322580645,0.7864595798438707,0.4209105147115105,0.865995946159065,0.003245700084388181,0.038318381370490484
max_drop_pct>=0.1 OR rev_days>=5,or,32,48,0.5417841618341942,0.7777777777777778,0.743871256310481,0.3530934038440219,0.9109582381636571,0.016650994556013266,0.04996712689020377
max_drop_pct>=0.1 AND rev_days>=5,and,16,64,0.5283788673625691,0.7465753424657534,0.6891112952089458,0.3803511347620769,0.8828764829757468,0.003245700084388181,0.018764691578179393
max_drop_pct>=0.1 OR rev_days>=6,or,29,51,0.5483871463930441,0.7876106194690266,0.684562153347207,0.3131312523164531,0.9348543762102339,0.023253979114863155,0.059799968581452534
max_drop_pct>=0.1 AND rev_days>=6,and,8,72,0.49337076064393803,0.7295597484276729,0.5659542211048414,0.5912183103392967,0.875031137013225,-0.0317624066342429,0.0017490975400988873
max_drop_pct>=0.1 OR max_upper_atr>=1.5,or,33,47,0.4651649638380822,0.7830188679245284,1.1375332013224086,0.5885353169157369,0.6381123402159881,-0.05996820344009873,0.05520821703695433
max_drop_pct>=0.1 AND max_upper_atr>=1.5,and,8,72,0.5251331672781809,0.740506329113924,0.6408465617093172,0.6138759354503306,0.8667097658349499,0.0,0.012695678226349982
max_drop_pct>=0.1 OR max_upper_atr>=2.0,or,30,50,0.49337076064393803,0.7818181818181819,0.823431737034144,0.5586125470111524,0.8565384704553323,-0.0317624066342429,0.05400753093060784
max_drop_pct>=0.1 AND max_upper_atr>=2.0,and,3,77,0.5286897771065678,0.7305389221556886,0.4713147678051624,0.2320124924175859,0.8586484588360446,0.003556609828386903,0.0027282712681145904
max_drop_pct>=0.12 OR max_drop_tr>=1.5,or,33,47,0.5587099210112999,0.7634408602150538,0.8039767683278819,0.3131312523164531,0.8723115378504431,0.03357675373311897,0.035630209327479734
max_drop_pct>=0.12 AND max_drop_tr>=1.5,and,17,63,0.5483871463930441,0.7744360902255639,0.7853502886864221,0.1861924325148261,0.8599828686685993,0.023253979114863155,0.046625439337989905
max_drop_pct>=0.12 OR max_drop_tr>=2.0,or,27,53,0.5351811772753443,0.7128712871287128,0.9519813771007597,0.4200912391952296,0.789176951925857,0.010048009997163376,-0.01493936375886118
max_drop_pct>=0.12 AND max_drop_tr>=2.0,and,16,64,0.5535485337021719,0.781021897810219,0.7281857893048399,0.17225130598227534,0.8731078594517733,0.028415366423991006,0.053211246922645006
max_drop_pct>=0.12 OR max_drop_tr>=2.5,or,25,55,0.5483871463930441,0.7211538461538461,0.7396230938876025,0.3897550863640954,0.8916236052109249,0.023253979114863155,-0.006656804733727872
max_drop_pct>=0.12 AND max_drop_tr>=2.5,and,13,67,0.5351811772753443,0.722972972972973,0.8857651995293702,0.2320124924175859,0.8360437020881958,0.010048009997163376,-0.004837677914600991
max_drop_pct>=0.12 OR max_drop_tr>=3.0,or,22,58,0.5417841618341942,0.768,0.7584087110521665,0.2725718723670195,0.8766359308731599,0.016650994556013266,0.040189349112426
max_drop_pct>=0.12 AND max_drop_tr>=3.0,and,11,69,0.5483871463930441,0.7354838709677419,0.6974140408236367,0.1861924325148261,0.8675119012279844,0.023253979114863155,0.0076732200801679085
max_drop_pct>=0.12 OR max_drop_atr>=1.5,or,23,57,0.5351811772753443,0.7169811320754716,0.8657809728521514,0.3897550863640954,0.8353844431261657,0.010048009997163376,-0.010829518812102368
max_drop_pct>=0.12 AND max_drop_atr>=1.5,and,18,62,0.5417841618341942,0.7761194029850746,0.7381649650871102,0.209102462466206,0.8748855848745636,0.016650994556013266,0.04830875209750063
max_drop_pct>=0.12 OR max_drop_atr>=2.0,or,21,59,0.5351811772753443,0.7619047619047619,0.7954172855505726,0.3131312523164531,0.8614595362242187,0.010048009997163376,0.034094111017187845
max_drop_pct>=0.12 AND max_drop_atr>=2.0,and,14,66,0.5417841618341942,0.7588652482269503,0.826162741501204,0.209102462466206,0.847933291708698,0.016650994556013266,0.031054597339376322
max_drop_pct>=0.12 OR max_drop_atr>=2.5,or,21,59,0.5351811772753443,0.7619047619047619,0.7954172855505726,0.3131312523164531,0.8614595362242187,0.010048009997163376,0.034094111017187845
max_drop_pct>=0.12 AND max_drop_atr>=2.5,and,7,73,0.5483871463930441,0.7361963190184049,0.3059122101780131,0.1861924325148261,0.8957327419526688,0.023253979114863155,0.008385668130830859
max_drop_pct>=0.12 OR max_drop_atr>=3.0,or,21,59,0.5351811772753443,0.7619047619047619,0.7954172855505726,0.3131312523164531,0.8614595362242187,0.010048009997163376,0.034094111017187845
max_drop_pct>=0.12 AND max_drop_atr>=3.0,and,7,73,0.5483871463930441,0.7361963190184049,0.3059122101780131,0.1861924325148261,0.8957327419526688,0.023253979114863155,0.008385668130830859
max_drop_pct>=0.12 OR max_bear_body_atr>=1.0,or,40,40,0.5283788673625691,0.7341772151898734,0.9458099979849475,0.49692737047232505,0.7424368928598257,0.003245700084388181,0.006366564302299427
max_drop_pct>=0.12 AND max_bear_body_atr>=1.0,and,19,61,0.5483871463930441,0.7692307692307693,0.7597194655634607,0.2320124924175859,0.8704132096407405,0.023253979114863155,0.041420118343195256
max_drop_pct>=0.12 OR max_bear_body_atr>=1.5,or,30,50,0.49337076064393803,0.7157894736842105,0.9910996212848109,0.5385384617498059,0.7559377399049321,-0.0317624066342429,-0.012021177203363487
max_drop_pct>=0.12 AND max_bear_body_atr>=1.5,and,13,67,0.5588235912850996,0.7880794701986755,0.3007624837069792,0.1583101794497246,0.9495516917253761,0.033690424006918684,0.06026881931110151
max_drop_pct>=0.12 OR max_bear_body_atr>=2.0,or,25,55,0.5351811772753443,0.7704918032786885,1.0246149761056018,0.3131312523164531,0.7620818405663796,0.010048009997163376,0.042681152391114474
max_drop_pct>=0.12 AND max_bear_body_atr>=2.0,and,8,72,0.5417841618341942,0.7677419354838709,0.40551544160785685,0.209102462466206,0.8928576680684456,0.016650994556013266,0.03993128459629691
max_drop_pct>=0.12 OR max_bear_body_atr>=2.5,or,23,57,0.5351811772753443,0.7661290322580645,1.0816848674404196,0.3131312523164531,0.7482653277659874,0.010048009997163376,0.038318381370490484
max_drop_pct>=0.12 AND max_bear_body_atr>=2.5,and,6,74,0.5417841618341942,0.7361963190184049,0.3537427246745615,0.209102462466206,0.88388404440194,0.016650994556013266,0.008385668130830859
max_drop_pct>=0.12 OR max_bear_body_atr>=3.0,or,21,59,0.5351811772753443,0.7619047619047619,0.7954172855505726,0.3131312523164531,0.8614595362242187,0.010048009997163376,0.034094111017187845
max_drop_pct>=0.12 AND max_bear_body_atr>=3.0,and,4,76,0.5319354771909561,0.7317073170731707,0.451177419667008,0.209102462466206,0.8648048151989854,0.006802309912775195,0.0038966661855966978
max_drop_pct>=0.12 OR max_consec_bear>=2,or,40,40,0.5417841618341942,0.7236842105263158,0.7354651171193385,0.43434753902946605,0.9527817737254345,0.016650994556013266,-0.004126440361258199
max_drop_pct>=0.12 AND max_consec_bear>=2,and,16,64,0.5319354771909561,0.753731343283582,0.8502827455914996,0.2496618424156396,0.8425836203801084,0.006802309912775195,0.025920692396008027
max_drop_pct>=0.12 OR max_consec_bear>=3,or,26,54,0.5283788673625691,0.7610619469026548,0.7574701174873602,0.4608726662390792,0.8858454181318438,0.003245700084388181,0.03325129601508081
max_drop_pct>=0.12 AND max_consec_bear>=3,and,9,71,0.5215765574497939,0.7266666666666667,0.804830579260343,0.5885353169157369,0.8491042312739132,-0.003556609828387014,-0.0011439842209073348
max_drop_pct>=0.12 OR max_consec_bear>=4,or,22,58,0.5283788673625691,0.7540983606557377,0.7985341309180621,0.4209105147115105,0.8614159440274751,0.003245700084388181,0.026287709768163636
max_drop_pct>=0.12 AND max_consec_bear>=4,and,4,76,0.49337076064393803,0.7096774193548387,1.3570336290078902,1.3737218522832721,0.8171281726020969,-0.0317624066342429,-0.018133231532735272
max_drop_pct>=0.12 OR bear_count>=2,or,42,38,0.5536053688390719,0.7323943661971831,0.7114581330681082,0.4222071731122832,0.9907535274981679,0.02847220156089092,0.004583715309609104
max_drop_pct>=0.12 AND bear_count>=2,and,19,61,0.5351811772753443,0.7518796992481203,0.8123980314036099,0.3131312523164531,0.8540051317561039,0.010048009997163376,0.02406904836054624
max_drop_pct>=0.12 OR bear_count>=3,or,34,46,0.5535485337021719,0.7241379310344828,0.7369031114727144,0.39140532086784297,0.9233732574721444,0.028415366423991006,-0.0036727198530912553
max_drop_pct>=0.12 AND bear_count>=3,and,12,68,0.49337076064393803,0.7112676056338029,1.100164238815634,0.8179983713452716,0.7989397760000487,-0.0317624066342429,-0.01654304525377115
max_drop_pct>=0.12 OR bear_count>=4,or,27,53,0.5351811772753443,0.7610619469026548,0.7302803567982352,0.3930555553715906,0.9021189811365771,0.010048009997163376,0.03325129601508081
max_drop_pct>=0.12 AND bear_count>=4,and,8,72,0.5251331672781809,0.7236842105263158,0.8685019643831489,0.6168269291448163,0.8414147210934129,0.0,-0.004126440361258199
max_drop_pct>=0.12 OR max_consec_down>=2,or,36,44,0.5283788673625691,0.6962025316455697,0.8501034585374038,0.49692737047232505,0.8392307074191906,0.003245700084388181,-0.03160811924200435
max_drop_pct>=0.12 AND max_consec_down>=2,and,13,67,0.5215765574497939,0.75177304964539,0.7517772139679344,0.5286897771065678,0.8620413709284744,-0.003556609828387014,0.023962398757816028
max_drop_pct>=0.12 OR max_consec_down>=3,or,25,55,0.5351811772753443,0.7711864406779662,0.7482130077688847,0.3131312523164531,0.8877190989012511,0.010048009997163376,0.04337578979039214
max_drop_pct>=0.12 AND max_consec_down>=3,and,7,73,0.5286897771065678,0.7407407407407407,0.4213303739771705,0.1861924325148261,0.8846652467938458,0.003556609828386903,0.012930089853166682
max_drop_pct>=0.12 OR max_consec_down>=4,or,22,58,0.5283788673625691,0.76,0.7889777200060931,0.4209105147115105,0.8650407895458083,0.003245700084388181,0.03218934911242599
max_drop_pct>=0.12 AND max_consec_down>=4,and,2,78,0.49337076064393803,0.7245508982035929,1.0642165037676707,1.0642165037676707,0.8384800336699434,-0.0317624066342429,-0.003259752683981154
max_drop_pct>=0.12 OR dd_close<=-0.1,or,32,48,0.430487735599473,0.7378640776699029,0.9479225157093368,0.5968643456572238,0.7749240652310864,-0.09464543167870793,0.0100534267823289
max_drop_pct>=0.12 AND dd_close<=-0.1,and,20,60,0.5417841618341942,0.7744360902255639,0.6970670716750373,0.2725718723670195,0.8931422366715029,0.016650994556013266,0.046625439337989905
max_drop_pct>=0.12 OR dd_close<=-0.15,or,22,58,0.5283788673625691,0.7603305785123967,0.8048631217496276,0.4209105147115105,0.8590152923327434,0.003245700084388181,0.0325199276248227
max_drop_pct>=0.12 AND dd_close<=-0.15,and,18,62,0.5417841618341942,0.7642857142857142,0.7040633907559619,0.2725718723670195,0.8847860419384453,0.016650994556013266,0.03647506339814022
max_drop_pct>=0.12 OR dd_close<=-0.2,or,22,58,0.5283788673625691,0.7603305785123967,0.8048631217496276,0.4209105147115105,0.8590152923327434,0.003245700084388181,0.0325199276248227
max_drop_pct>=0.12 AND dd_close<=-0.2,and,13,67,0.5587099210112999,0.7777777777777778,0.3475996574334248,0.1861924325148261,0.9404638818978568,0.03357675373311897,0.04996712689020377
max_drop_pct>=0.12 OR dd_close<=-0.3,or,21,59,0.5351811772753443,0.7619047619047619,0.7954172855505726,0.3131312523164531,0.8614595362242187,0.010048009997163376,0.034094111017187845
max_drop_pct>=0.12 AND dd_close<=-0.3,and,7,73,0.5483871463930441,0.7784810126582279,0.2575160695555527,0.1583101794497246,0.9003734677657814,0.023253979114863155,0.05067036177065387
max_drop_pct>=0.12 OR dd_low<=-0.2,or,38,42,0.4122883374641424,0.75,1.040735105153456,0.5736226189635184,0.6662367056657048,-0.11284482981403854,0.022189349112425982
max_drop_pct>=0.12 AND dd_low<=-0.2,and,20,60,0.5283788673625691,0.7441860465116279,0.8311842082882162,0.4209105147115105,0.84843652446711,0.003245700084388181,0.01637539562405388
max_drop_pct>=0.12 OR dd_low<=-0.3,or,26,54,0.5283788673625691,0.7692307692307693,0.7787487310488559,0.4209105147115105,0.875600159750383,0.003245700084388181,0.041420118343195256
max_drop_pct>=0.12 AND dd_low<=-0.3,and,15,65,0.5483871463930441,0.7638888888888888,0.7033818528726119,0.2320124924175859,0.8766022744723345,0.023253979114863155,0.03607823800131482
max_drop_pct>=0.12 OR dd_low<=-0.4,or,22,58,0.5283788673625691,0.7580645161290323,0.7950154203279233,0.4209105147115105,0.8627506273547694,0.003245700084388181,0.030253865241458233
max_drop_pct>=0.12 AND dd_low<=-0.4,and,9,71,0.5351811772753443,0.7718120805369127,0.8121913490273142,0.1861924325148261,0.8481711759513395,0.010048009997163376,0.04400142964933873
max_drop_pct>=0.12 OR down_slope>=0.03,or,39,41,0.4044854357330552,0.7391304347826086,0.8814062777325082,0.5587099210112999,0.8086592878591,-0.12064773154512576,0.01131978389503463
max_drop_pct>=0.12 AND down_slope>=0.03,and,20,60,0.5417841618341942,0.7744360902255639,0.6970670716750373,0.2725718723670195,0.8931422366715029,0.016650994556013266,0.046625439337989905
max_drop_pct>=0.12 OR down_slope>=0.05,or,33,47,0.4044854357330552,0.7281553398058253,0.9732113949870198,0.6051933743987107,0.7534872255153038,-0.12064773154512576,0.0003446889182512347
max_drop_pct>=0.12 AND down_slope>=0.05,and,18,62,0.5535485337021719,0.7794117647058824,0.6568635338914166,0.209102462466206,0.8984892261894425,0.028415366423991006,0.05160111381830834
max_drop_pct>=0.12 OR down_slope>=0.08,or,26,54,0.5283788673625691,0.7563025210084033,0.787353761073697,0.4743905081508987,0.8714569971458298,0.003245700084388181,0.02849187012082932
max_drop_pct>=0.12 AND down_slope>=0.08,and,17,63,0.5483871463930441,0.7794117647058824,0.6935334119343233,0.2320124924175859,0.8847588512842449,0.023253979114863155,0.05160111381830834
max_drop_pct>=0.12 OR slope_ratio>=0.3,or,33,47,0.5215765574497939,0.7788461538461539,0.7174866694842114,0.5286897771065678,0.9330386285279141,-0.003556609828387014,0.05103550295857984
max_drop_pct>=0.12 AND slope_ratio>=0.3,and,15,65,0.5351811772753443,0.7608695652173914,0.7335746140690311,0.2320124924175859,0.8696347141962378,0.010048009997163376,0.033058914329817335
max_drop_pct>=0.12 OR slope_ratio>=0.5,or,27,53,0.5215765574497939,0.7543859649122807,0.7682220775763609,0.5286897771065678,0.8827901799854565,-0.003556609828387014,0.026575314024706698
max_drop_pct>=0.12 AND slope_ratio>=0.5,and,9,71,0.5286897771065678,0.7569444444444444,0.9657670386451167,0.2320124924175859,0.8287038350138716,0.003556609828386903,0.029133793556870402
max_drop_pct>=0.12 OR slope_ratio>=1.0,or,24,56,0.49337076064393803,0.7435897435897436,0.7919067294160694,0.5436998490589339,0.8665020379965224,-0.0317624066342429,0.015779092702169595
max_drop_pct>=0.12 AND slope_ratio>=1.0,and,3,77,0.5286897771065678,0.7677419354838709,0.4398437290094918,0.0800788307976989,0.8598746032047071,0.003556609828386903,0.03993128459629691
max_drop_pct>=0.12 OR rev_days>=4,or,40,40,0.5536053688390719,0.7027027027027027,0.7837141509890818,0.41696989368765347,0.9045327398556914,0.02847220156089092,-0.025107948184871276
max_drop_pct>=0.12 AND rev_days>=4,and,17,63,0.5215765574497939,0.7407407407407407,0.9156301658114012,0.5286897771065678,0.8248279811904302,-0.003556609828387014,0.012930089853166682
max_drop_pct>=0.12 OR rev_days>=5,or,30,50,0.5417841618341942,0.7727272727272727,0.7608970725622226,0.3530934038440219,0.8940592691384849,0.016650994556013266,0.04491662183969869
max_drop_pct>=0.12 AND rev_days>=5,and,12,68,0.5283788673625691,0.7307692307692307,0.7725509526797864,0.3803511347620769,0.8567538853181396,0.003245700084388181,0.002958579881656709
max_drop_pct>=0.12 OR rev_days>=6,or,26,54,0.5417841618341942,0.7692307692307693,0.7230342433999881,0.3530934038440219,0.9024256538035414,0.016650994556013266,0.041420118343195256
max_drop_pct>=0.12 AND rev_days>=6,and,5,75,0.5215765574497939,0.7245508982035929,0.5697817142507271,0.5286897771065678,0.8624128941671639,-0.003556609828387014,-0.003259752683981154
max_drop_pct>=0.12 OR max_upper_atr>=1.5,or,29,51,0.4651649638380822,0.7652173913043478,1.2353086337224632,0.5885353169157369,0.6216848089380292,-0.05996820344009873,0.03740674041677383
max_drop_pct>=0.12 AND max_upper_atr>=1.5,and,6,74,0.5251331672781809,0.7329192546583851,0.6848800738513628,0.6397369590961962,0.8570350701443614,0.0,0.0051086037708111265
max_drop_pct>=0.12 OR max_upper_atr>=2.0,or,25,55,0.4651649638380822,0.7520661157024794,0.9186621669301195,0.5885353169157369,0.8102422083734171,-0.05996820344009873,0.02425546481490537
max_drop_pct>=0.12 AND max_upper_atr>=2.0,and,2,78,0.5319354771909561,0.7321428571428571,0.209102462466206,0.209102462466206,0.8604060347289553,0.006802309912775195,0.004332206255283078
max_drop_pct>=0.15 OR max_drop_tr>=1.5,or,31,49,0.5588235912850996,0.7755102040816326,0.7985347248002782,0.2320124924175859,0.8729652890812715,0.033690424006918684,0.04769955319405861
max_drop_pct>=0.15 AND max_drop_tr>=1.5,and,14,66,0.5535485337021719,0.7755102040816326,0.6291765882156046,0.17225130598227534,0.8897182333147342,0.028415366423991006,0.04769955319405861
max_drop_pct>=0.15 OR max_drop_tr>=2.0,or,24,56,0.5535485337021719,0.7363636363636363,0.9261190840382209,0.35144316934027425,0.8089824574441719,0.028415366423991006,0.008552985476062314
max_drop_pct>=0.15 AND max_drop_tr>=2.0,and,14,66,0.5535485337021719,0.7755102040816326,0.6291765882156046,0.17225130598227534,0.8897182333147342,0.028415366423991006,0.04769955319405861
max_drop_pct>=0.15 OR max_drop_tr>=2.5,or,21,59,0.5587099210112999,0.7241379310344828,0.7111361595994834,0.3131312523164531,0.8914579030881657,0.03357675373311897,-0.0036727198530912553
max_drop_pct>=0.15 AND max_drop_tr>=2.5,and,12,68,0.5417841618341942,0.7354838709677419,0.7293771692350449,0.209102462466206,0.8643727882789763,0.016650994556013266,0.0076732200801679085
max_drop_pct>=0.15 OR max_drop_tr>=3.0,or,17,63,0.5587099210112999,0.7777777777777778,0.609756004969734,0.1861924325148261,0.9073654531635785,0.03357675373311897,0.04996712689020377
max_drop_pct>=0.15 AND max_drop_tr>=3.0,and,11,69,0.5483871463930441,0.7354838709677419,0.6974140408236367,0.1861924325148261,0.8675119012279844,0.023253979114863155,0.0076732200801679085
max_drop_pct>=0.15 OR max_drop_atr>=1.5,or,21,59,0.5483871463930441,0.7368421052631579,0.8107075489386673,0.3131312523164531,0.8560172390860833,0.023253979114863155,0.009031454375583836
max_drop_pct>=0.15 AND max_drop_atr>=1.5,and,15,65,0.5483871463930441,0.7724137931034483,0.6570622440528847,0.1861924325148261,0.8872914149691946,0.023253979114863155,0.04460314221587425
max_drop_pct>=0.15 OR max_drop_atr>=2.0,or,17,63,0.5483871463930441,0.7608695652173914,0.7733555882918303,0.2320124924175859,0.8632195338544414,0.023253979114863155,0.033058914329817335
max_drop_pct>=0.15 AND max_drop_atr>=2.0,and,13,67,0.5483871463930441,0.7702702702702703,0.6772197552273524,0.1861924325148261,0.8765077435199307,0.023253979114863155,0.04245961938269627
max_drop_pct>=0.15 OR max_drop_atr>=2.5,or,16,64,0.5535485337021719,0.7724137931034483,0.64903896486874,0.209102462466206,0.8928945655607983,0.028415366423991006,0.04460314221587425
max_drop_pct>=0.15 AND max_drop_atr>=2.5,and,7,73,0.5483871463930441,0.7361963190184049,0.3059122101780131,0.1861924325148261,0.8957327419526688,0.023253979114863155,0.008385668130830859
max_drop_pct>=0.15 OR max_drop_atr>=3.0,or,16,64,0.5535485337021719,0.7724137931034483,0.64903896486874,0.209102462466206,0.8928945655607983,0.028415366423991006,0.04460314221587425
max_drop_pct>=0.15 AND max_drop_atr>=3.0,and,7,73,0.5483871463930441,0.7361963190184049,0.3059122101780131,0.1861924325148261,0.8957327419526688,0.023253979114863155,0.008385668130830859
max_drop_pct>=0.15 OR max_bear_body_atr>=1.0,or,39,41,0.5351811772753443,0.7469879518072289,0.9395968807769782,0.4651649638380822,0.7533072508167992,0.010048009997163376,0.01917730091965486
max_drop_pct>=0.15 AND max_bear_body_atr>=1.0,and,15,65,0.5587099210112999,0.7724137931034483,0.6202434570759536,0.1861924325148261,0.8957880581177173,0.03357675373311897,0.04460314221587425
max_drop_pct>=0.15 OR max_bear_body_atr>=1.5,or,26,54,0.5469455491433222,0.7567567567567568,0.9036126119492246,0.35144316934027425,0.8154805133909461,0.021812381865141228,0.02894610586918278
max_drop_pct>=0.15 AND max_bear_body_atr>=1.5,and,12,68,0.5587667561481997,0.7727272727272727,0.31915278811608594,0.17225130598227534,0.9367653261234985,0.03363358887001877,0.04491662183969869
max_drop_pct>=0.15 OR max_bear_body_atr>=2.0,or,20,60,0.5587667561481997,0.7801418439716312,0.9648117421988932,0.2101238987674685,0.8038940131635511,0.03363358887001877,0.052331193084057204
max_drop_pct>=0.15 AND max_bear_body_atr>=2.0,and,8,72,0.5417841618341942,0.7677419354838709,0.40551544160785685,0.209102462466206,0.8928576680684456,0.016650994556013266,0.03993128459629691
max_drop_pct>=0.15 OR max_bear_body_atr>=2.5,or,18,62,0.5535485337021719,0.7762237762237763,1.0310895773593036,0.209102462466206,0.7898429555052171,0.028415366423991006,0.048413125336202234
max_drop_pct>=0.15 AND max_bear_body_atr>=2.5,and,6,74,0.5417841618341942,0.7361963190184049,0.3537427246745615,0.209102462466206,0.88388404440194,0.016650994556013266,0.008385668130830859
max_drop_pct>=0.15 OR max_bear_body_atr>=3.0,or,16,64,0.5535485337021719,0.7724137931034483,0.64903896486874,0.209102462466206,0.8928945655607983,0.028415366423991006,0.04460314221587425
max_drop_pct>=0.15 AND max_bear_body_atr>=3.0,and,4,76,0.5319354771909561,0.7317073170731707,0.451177419667008,0.209102462466206,0.8648048151989854,0.006802309912775195,0.0038966661855966978
max_drop_pct>=0.15 OR max_consec_bear>=2,or,38,42,0.5417841618341942,0.7108433734939759,0.7408001127600029,0.43434753902946605,0.9376064606883526,0.016650994556013266,-0.016967277393598157
max_drop_pct>=0.15 AND max_consec_bear>=2,and,13,67,0.5483871463930441,0.773972602739726,0.6579680592842495,0.1583101794497246,0.8802431472103832,0.023253979114863155,0.046161951852151994
max_drop_pct>=0.15 OR max_consec_bear>=3,or,24,56,0.5283788673625691,0.75,0.7677509439490805,0.4608726662390792,0.8768545174823749,0.003245700084388181,0.022189349112425982
max_drop_pct>=0.15 AND max_consec_bear>=3,and,6,74,0.5319354771909561,0.7469135802469136,0.36542267576238957,0.14029971891168594,0.8829370213407647,0.006802309912775195,0.01910292935933955
max_drop_pct>=0.15 OR max_consec_bear>=4,or,19,61,0.5351811772753443,0.7461538461538462,0.8268955349151682,0.3131312523164531,0.8494895159082415,0.010048009997163376,0.01834319526627215
max_drop_pct>=0.15 AND max_consec_bear>=4,and,2,78,0.5251331672781809,0.7289156626506024,0.4828653370892741,0.4828653370892741,0.8533864738411844,0.0,0.0011050117630283518
max_drop_pct>=0.15 OR bear_count>=2,or,40,40,0.5536053688390719,0.717948717948718,0.7153260297241778,0.4222071731122832,0.9729208611205952,0.02847220156089092,-0.009861932938856066
max_drop_pct>=0.15 AND bear_count>=2,and,16,64,0.5535485337021719,0.7724137931034483,0.64903896486874,0.209102462466206,0.8928945655607983,0.028415366423991006,0.04460314221587425
max_drop_pct>=0.15 OR bear_count>=3,or,32,48,0.5535485337021719,0.7127659574468085,0.7433282934430891,0.39140532086784297,0.9113202134085849,0.028415366423991006,-0.015044693440765533
max_drop_pct>=0.15 AND bear_count>=3,and,9,71,0.5286897771065678,0.7337662337662337,0.9056701896687623,0.1861924325148261,0.8363217454474938,0.003556609828386903,0.005955582878659715
max_drop_pct>=0.15 OR bear_count>=4,or,24,56,0.5417841618341942,0.7520661157024794,0.7442014131976324,0.3530934038440219,0.8869471735187098,0.016650994556013266,0.02425546481490537
max_drop_pct>=0.15 AND bear_count>=4,and,6,74,0.5319354771909561,0.7423312883435583,0.41426864553536324,0.17225130598227534,0.8789765373051182,0.006802309912775195,0.014520637455984309
max_drop_pct>=0.15 OR max_consec_down>=2,or,34,46,0.5283788673625691,0.686046511627907,0.8628095325721501,0.49692737047232505,0.8303119897029962,0.003245700084388181,-0.041764139259667044
max_drop_pct>=0.15 AND max_consec_down>=2,and,10,70,0.5417841618341942,0.7712418300653595,0.4722164622814399,0.2496618424156396,0.8972530144425218,0.016650994556013266,0.043431179177785495
max_drop_pct>=0.15 OR max_consec_down>=3,or,21,59,0.5483871463930441,0.7794117647058824,0.6178438548797938,0.2681455785576833,0.9246636386663604,0.023253979114863155,0.05160111381830834
max_drop_pct>=0.15 AND max_consec_down>=3,and,6,74,0.5319354771909561,0.7423312883435583,0.39346288348740943,0.14029971891168594,0.880663490984682,0.006802309912775195,0.014520637455984309
max_drop_pct>=0.15 OR max_consec_down>=4,or,17,63,0.5483871463930441,0.7708333333333334,0.6493158989101097,0.2320124924175859,0.8966905611479216,0.023253979114863155,0.04302268244575935
max_drop_pct>=0.15 AND max_consec_down>=4,and,2,78,0.49337076064393803,0.7245508982035929,1.0642165037676707,1.0642165037676707,0.8384800336699434,-0.0317624066342429,-0.003259752683981154
max_drop_pct>=0.15 OR dd_close<=-0.1,or,31,49,0.4408842320037164,0.7545454545454545,0.8893902883754035,0.5885353169157369,0.8154852386561923,-0.08424893527446453,0.0267348036578805
max_drop_pct>=0.15 AND dd_close<=-0.1,and,16,64,0.5535485337021719,0.7724137931034483,0.64903896486874,0.209102462466206,0.8928945655607983,0.028415366423991006,0.04460314221587425
max_drop_pct>=0.15 OR dd_close<=-0.15,or,19,61,0.5351811772753443,0.762962962962963,0.7198087745019525,0.3131312523164531,0.8828444084959645,0.010048009997163376,0.035152312075388936
max_drop_pct>=0.15 AND dd_close<=-0.15,and,16,64,0.5535485337021719,0.7724137931034483,0.64903896486874,0.209102462466206,0.8928945655607983,0.028415366423991006,0.04460314221587425
max_drop_pct>=0.15 OR dd_close<=-0.2,or,18,62,0.5417841618341942,0.7697841726618705,0.6653546909302979,0.2725718723670195,0.8960240515652511,0.016650994556013266,0.041973521774296474
max_drop_pct>=0.15 AND dd_close<=-0.2,and,12,68,0.5587667561481997,0.7792207792207793,0.32752168580989877,0.17225130598227534,0.9352884618245904,0.03363358887001877,0.05141012833320524
max_drop_pct>=0.15 OR dd_close<=-0.3,or,16,64,0.5535485337021719,0.7724137931034483,0.64903896486874,0.209102462466206,0.8928945655607983,0.028415366423991006,0.04460314221587425
max_drop_pct>=0.15 AND dd_close<=-0.3,and,7,73,0.5483871463930441,0.7784810126582279,0.2575160695555527,0.1583101794497246,0.9003734677657814,0.023253979114863155,0.05067036177065387
max_drop_pct>=0.15 OR dd_low<=-0.2,or,37,43,0.4044854357330552,0.7281553398058253,1.066698788244152,0.5885353169157369,0.6526051271804023,-0.12064773154512576,0.0003446889182512347
max_drop_pct>=0.15 AND dd_low<=-0.2,and,16,64,0.5535485337021719,0.7724137931034483,0.64903896486874,0.209102462466206,0.8928945655607983,0.028415366423991006,0.04460314221587425
max_drop_pct>=0.15 OR dd_low<=-0.3,or,23,57,0.5351811772753443,0.7709923664122137,0.7050802193180673,0.3131312523164531,0.9002286068329014,0.010048009997163376,0.043181715524639674
max_drop_pct>=0.15 AND dd_low<=-0.3,and,13,67,0.5587099210112999,0.7718120805369127,0.6355546305678236,0.1861924325148261,0.8845920214389437,0.03357675373311897,0.04400142964933873
max_drop_pct>=0.15 OR dd_low<=-0.4,or,17,63,0.5483871463930441,0.7692307692307693,0.6571293934442428,0.2320124924175859,0.8945821578609332,0.023253979114863155,0.041420118343195256
max_drop_pct>=0.15 AND dd_low<=-0.4,and,9,71,0.5351811772753443,0.7718120805369127,0.8121913490273142,0.1861924325148261,0.8481711759513395,0.010048009997163376,0.04400142964933873
max_drop_pct>=0.15 OR down_slope>=0.03,or,38,42,0.4226848338683858,0.7575757575757576,0.8319058754870143,0.5535485337021719,0.8551774372686758,-0.10244833340979514,0.02976510668818355
max_drop_pct>=0.15 AND down_slope>=0.03,and,16,64,0.5535485337021719,0.7724137931034483,0.64903896486874,0.209102462466206,0.8928945655607983,0.028415366423991006,0.04460314221587425
max_drop_pct>=0.15 OR down_slope>=0.05,or,32,48,0.4226848338683858,0.7454545454545455,0.9172985772346991,0.5968643456572238,0.7953400242141782,-0.10244833340979514,0.017643894566971463
max_drop_pct>=0.15 AND down_slope>=0.05,and,14,66,0.5587667561481997,0.777027027027027,0.5904875438888993,0.17225130598227534,0.8979250002931263,0.03363358887001877,0.049216376139452955
max_drop_pct>=0.15 OR down_slope>=0.08,or,25,55,0.5351811772753443,0.7698412698412699,0.7083510489941939,0.4200912391952296,0.9058381710715652,0.010048009997163376,0.042030618953695864
max_drop_pct>=0.15 AND down_slope>=0.08,and,13,67,0.5587099210112999,0.777027027027027,0.6333346159448147,0.1861924325148261,0.8850227705449006,0.03357675373311897,0.049216376139452955
max_drop_pct>=0.15 OR slope_ratio>=0.3,or,32,48,0.5283788673625691,0.7927927927927928,0.6535824540599282,0.49692737047232505,0.9711507729973589,0.003245700084388181,0.06498214190521878
max_drop_pct>=0.15 AND slope_ratio>=0.3,and,11,69,0.5483871463930441,0.76,0.67699101958496,0.1583101794497246,0.8707677451935706,0.023253979114863155,0.03218934911242599
max_drop_pct>=0.15 OR slope_ratio>=0.5,or,25,55,0.5351811772753443,0.7704918032786885,0.6956415685833892,0.3131312523164531,0.9116152076219308,0.010048009997163376,0.042681152391114474
max_drop_pct>=0.15 AND slope_ratio>=0.5,and,6,74,0.5319354771909561,0.7548387096774194,0.95395344485348,0.14167163977631436,0.835218310333379,0.006802309912775195,0.027028058789845377
max_drop_pct>=0.15 OR slope_ratio>=1.0,or,21,59,0.5351811772753443,0.7674418604651163,0.6645153498674724,0.3131312523164531,0.9080517506198985,0.010048009997163376,0.03963120957754229
max_drop_pct>=0.15 AND slope_ratio>=1.0,and,1,79,0.5286897771065678,0.7592592592592593,0.0513307871350428,0.0513307871350428,0.8541587955272896,0.003556609828386903,0.03144860837168528
max_drop_pct>=0.15 OR rev_days>=4,or,38,42,0.5536053688390719,0.691358024691358,0.7915885694649959,0.41696989368765347,0.8916549998600258,0.02847220156089092,-0.03645262619621603
max_drop_pct>=0.15 AND rev_days>=4,and,14,66,0.5417841618341942,0.7619047619047619,0.7510552614303624,0.2725718723670195,0.8638651814206947,0.016650994556013266,0.034094111017187845
max_drop_pct>=0.15 OR rev_days>=5,or,26,54,0.5535485337021719,0.78125,0.6575503051969321,0.2906384154370682,0.9339549573827907,0.028415366423991006,0.05343934911242598
max_drop_pct>=0.15 AND rev_days>=5,and,11,69,0.5351811772753443,0.732484076433121,0.7892796468401543,0.2320124924175859,0.8528666596891192,0.010048009997163376,0.00467342554554695
max_drop_pct>=0.15 OR rev_days>=6,or,21,59,0.5587099210112999,0.7794117647058824,0.5942738461779766,0.2320124924175859,0.9330529637975157,0.03357675373311897,0.05160111381830834
max_drop_pct>=0.15 AND rev_days>=6,and,5,75,0.5215765574497939,0.7245508982035929,0.5697817142507271,0.5286897771065678,0.8624128941671639,-0.003556609828387014,-0.003259752683981154
max_drop_pct>=0.15 OR max_upper_atr>=1.5,or,24,56,0.5283788673625691,0.7761194029850746,1.2293671174703855,0.4209105147115105,0.6790190145446727,0.003245700084388181,0.04830875209750063
max_drop_pct>=0.15 AND max_upper_atr>=1.5,and,6,74,0.5251331672781809,0.7329192546583851,0.6848800738513628,0.6397369590961962,0.8570350701443614,0.0,0.0051086037708111265
max_drop_pct>=0.15 OR max_upper_atr>=2.0,or,20,60,0.5283788673625691,0.7642857142857142,0.8323707307295404,0.4209105147115105,0.8480410169866687,0.003245700084388181,0.03647506339814022
max_drop_pct>=0.15 AND max_upper_atr>=2.0,and,2,78,0.5319354771909561,0.7321428571428571,0.209102462466206,0.209102462466206,0.8604060347289553,0.006802309912775195,0.004332206255283078
max_drop_pct>=0.2 OR max_drop_tr>=1.5,or,29,51,0.5588235912850996,0.78,0.799256043652664,0.1861924325148261,0.869636281722817,0.033690424006918684,0.05218934911242601
max_drop_pct>=0.2 AND max_drop_tr>=1.5,and,9,71,0.5588235912850996,0.7834394904458599,0.09470704061331157,0.0944070053085458,0.9391198911024101,0.033690424006918684,0.0556288395582859
max_drop_pct>=0.2 OR max_drop_tr>=2.0,or,22,58,0.5535485337021719,0.7410714285714286,0.9386684915470876,0.2725718723670195,0.8082615313750863,0.028415366423991006,0.013260777683854585
max_drop_pct>=0.2 AND max_drop_tr>=2.0,and,9,71,0.5588235912850996,0.7834394904458599,0.09470704061331157,0.0944070053085458,0.9391198911024101,0.033690424006918684,0.0556288395582859
max_drop_pct>=0.2 OR max_drop_tr>=2.5,or,18,62,0.5535485337021719,0.7226890756302521,0.741838485091383,0.2725718723670195,0.8738190790668715,0.028415366423991006,-0.005121575257321931
max_drop_pct>=0.2 AND max_drop_tr>=2.5,and,8,72,0.5587667561481997,0.75,0.10012907229809516,0.1263585923791352,0.9267894868806413,0.03363358887001877,0.022189349112425982
max_drop_pct>=0.2 OR max_drop_tr>=3.0,or,13,67,0.5587099210112999,0.7755102040816326,0.5926241448292835,0.1583101794497246,0.8929218171792573,0.03357675373311897,0.04769955319405861
max_drop_pct>=0.2 AND max_drop_tr>=3.0,and,8,72,0.5587667561481997,0.75,0.10012907229809516,0.1263585923791352,0.9267894868806413,0.03363358887001877,0.022189349112425982
max_drop_pct>=0.2 OR max_drop_atr>=1.5,or,20,60,0.5417841618341942,0.7368421052631579,0.8248084375302722,0.2725718723670195,0.8505617813864248,0.016650994556013266,0.009031454375583836
max_drop_pct>=0.2 AND max_drop_atr>=1.5,and,9,71,0.5588235912850996,0.7834394904458599,0.09470704061331157,0.0944070053085458,0.9391198911024101,0.033690424006918684,0.0556288395582859
max_drop_pct>=0.2 OR max_drop_atr>=2.0,or,14,66,0.5417841618341942,0.7588652482269503,0.826162741501204,0.209102462466206,0.847933291708698,0.016650994556013266,0.031054597339376322
max_drop_pct>=0.2 AND max_drop_atr>=2.0,and,9,71,0.5588235912850996,0.7834394904458599,0.09470704061331157,0.0944070053085458,0.9391198911024101,0.033690424006918684,0.0556288395582859
max_drop_pct>=0.2 OR max_drop_atr>=2.5,or,10,70,0.5587667561481997,0.7792207792207793,0.23205988708516828,0.1263585923791352,0.9315610966134177,0.03363358887001877,0.05141012833320524
max_drop_pct>=0.2 AND max_drop_atr>=2.5,and,6,74,0.5535485337021719,0.7409638554216867,0.11219166098570231,0.17225130598227534,0.9034692657821178,0.028415366423991006,0.013153204534112728
max_drop_pct>=0.2 OR max_drop_atr>=3.0,or,10,70,0.5587667561481997,0.7792207792207793,0.23205988708516828,0.1263585923791352,0.9315610966134177,0.03363358887001877,0.05141012833320524
max_drop_pct>=0.2 AND max_drop_atr>=3.0,and,6,74,0.5535485337021719,0.7409638554216867,0.11219166098570231,0.17225130598227534,0.9034692657821178,0.028415366423991006,0.013153204534112728
max_drop_pct>=0.2 OR max_bear_body_atr>=1.0,or,38,42,0.547002384280222,0.7469879518072289,0.9358764939089901,0.4274600251010888,0.7611087825059357,0.02186921700204103,0.01917730091965486
max_drop_pct>=0.2 AND max_bear_body_atr>=1.0,and,9,71,0.5588235912850996,0.7834394904458599,0.09470704061331157,0.0944070053085458,0.9391198911024101,0.033690424006918684,0.0556288395582859
max_drop_pct>=0.2 OR max_bear_body_atr>=1.5,or,23,57,0.5588235912850996,0.7711864406779662,0.7405889102383295,0.2320124924175859,0.8859005385668307,0.033690424006918684,0.04337578979039214
max_drop_pct>=0.2 AND max_bear_body_atr>=1.5,and,8,72,0.5587667561481997,0.7735849056603774,0.09474454502640729,0.10482048329238369,0.9273877676886065,0.03363358887001877,0.04577425477280339
max_drop_pct>=0.2 OR max_bear_body_atr>=2.0,or,16,64,0.5736794541004182,0.7905405405405406,0.7691976307295645,0.17225130598227534,0.8628548990955922,0.04854628682223727,0.06272988965296655
max_drop_pct>=0.2 AND max_bear_body_atr>=2.0,and,5,75,0.5483871463930441,0.76875,0.14018724255752993,0.1861924325148261,0.8910525256133771,0.023253979114863155,0.04093934911242603
max_drop_pct>=0.2 OR max_bear_body_atr>=2.5,or,13,67,0.5588235912850996,0.7880794701986755,0.8077079417293995,0.0944070053085458,0.851189140168787,0.033690424006918684,0.06026881931110151
max_drop_pct>=0.2 AND max_bear_body_atr>=2.5,and,4,76,0.5417841618341942,0.7365269461077845,0.1624013564131517,0.209102462466206,0.8800035553702411,0.016650994556013266,0.008716295220210446
max_drop_pct>=0.2 OR max_bear_body_atr>=3.0,or,10,70,0.5587667561481997,0.7792207792207793,0.23205988708516828,0.1263585923791352,0.9315610966134177,0.03363358887001877,0.05141012833320524
max_drop_pct>=0.2 AND max_bear_body_atr>=3.0,and,3,77,0.5351811772753443,0.7365269461077845,0.1121580577787179,0.1861924325148261,0.8726415774085037,0.010048009997163376,0.008716295220210446
max_drop_pct>=0.2 OR max_consec_bear>=2,or,36,44,0.5417841618341942,0.7142857142857143,0.7375382808359195,0.39829283479622024,0.9313294891749506,0.016650994556013266,-0.013524936601859716
max_drop_pct>=0.2 AND max_consec_bear>=2,and,8,72,0.5587667561481997,0.7834394904458599,0.07754385913777728,0.0728688962217943,0.9292989550095654,0.03363358887001877,0.0556288395582859
max_drop_pct>=0.2 OR max_consec_bear>=3,or,19,61,0.5351811772753443,0.7615384615384615,0.580115557364907,0.3131312523164531,0.9263554105550441,0.010048009997163376,0.03372781065088748
max_drop_pct>=0.2 AND max_consec_bear>=3,and,4,76,0.5417841618341942,0.75,0.016025761759749003,0.006338126856143753,0.8877075340362095,0.016650994556013266,0.022189349112425982
max_drop_pct>=0.2 OR max_consec_bear>=4,or,13,67,0.5483871463930441,0.7571428571428571,0.5558628089833051,0.1861924325148261,0.900054613686686,0.023253979114863155,0.0293322062552831
max_drop_pct>=0.2 AND max_consec_bear>=4,and,1,79,0.5286897771065678,0.7321428571428571,-0.0817307515962583,-0.0817307515962583,0.8558431188023693,0.003556609828386903,0.004332206255283078
max_drop_pct>=0.2 OR bear_count>=2,or,40,40,0.5536053688390719,0.717948717948718,0.7153260297241778,0.4222071731122832,0.9729208611205952,0.02847220156089092,-0.009861932938856066
max_drop_pct>=0.2 AND bear_count>=2,and,9,71,0.5588235912850996,0.7834394904458599,0.09470704061331157,0.0944070053085458,0.9391198911024101,0.033690424006918684,0.0556288395582859
max_drop_pct>=0.2 OR bear_count>=3,or,29,51,0.5483871463930441,0.7083333333333334,0.7649263378734122,0.3897550863640954,0.8891570948129797,0.023253979114863155,-0.019477317554240647
max_drop_pct>=0.2 AND bear_count>=3,and,5,75,0.5483871463930441,0.75,0.044482645297744115,0.0944070053085458,0.8974328320973628,0.023253979114863155,0.022189349112425982
max_drop_pct>=0.2 OR bear_count>=4,or,19,61,0.5483871463930441,0.7633587786259542,0.5503687816788675,0.2320124924175859,0.9356207997031548,0.023253979114863155,0.03554812773838023
max_drop_pct>=0.2 AND bear_count>=4,and,4,76,0.5417841618341942,0.7454545454545455,0.08929471641920954,0.1263585923791352,0.8838512732646592,0.016650994556013266,0.017643894566971463
max_drop_pct>=0.2 OR max_consec_down>=2,or,31,49,0.5351811772753443,0.6989247311827957,0.7718910427434468,0.4651649638380822,0.8898214960968179,0.010048009997163376,-0.028885919704778273
max_drop_pct>=0.2 AND max_consec_down>=2,and,6,74,0.5535485337021719,0.7784810126582279,0.09946772214010187,0.0728688962217943,0.9045009364993285,0.028415366423991006,0.05067036177065387
max_drop_pct>=0.2 OR max_consec_down>=3,or,16,64,0.5535485337021719,0.7876712328767124,0.3481808679769359,0.209102462466206,0.9681090897837492,0.028415366423991006,0.05986058198913835
max_drop_pct>=0.2 AND max_consec_down>=3,and,4,76,0.5417841618341942,0.7454545454545455,0.05808607334727882,0.06394130623527375,0.8854938334263395,0.016650994556013266,0.017643894566971463
max_drop_pct>=0.2 OR max_consec_down>=4,or,12,68,0.5535485337021719,0.7792207792207793,0.3028786013855976,0.17225130598227534,0.9396372414288788,0.028415366423991006,0.05141012833320524
max_drop_pct>=0.2 AND max_consec_down>=4,and,0,80,0.5251331672781809,0.727810650887574,,,0.8441234454223865,0.0,0.0
max_drop_pct>=0.2 OR dd_close<=-0.1,or,31,49,0.4408842320037164,0.7545454545454545,0.8893902883754035,0.5885353169157369,0.8154852386561923,-0.08424893527446453,0.0267348036578805
max_drop_pct>=0.2 AND dd_close<=-0.1,and,9,71,0.5588235912850996,0.7834394904458599,0.09470704061331157,0.0944070053085458,0.9391198911024101,0.033690424006918684,0.0556288395582859
max_drop_pct>=0.2 OR dd_close<=-0.15,or,19,61,0.5351811772753443,0.762962962962963,0.7198087745019525,0.3131312523164531,0.8828444084959645,0.010048009997163376,0.035152312075388936
max_drop_pct>=0.2 AND dd_close<=-0.15,and,9,71,0.5588235912850996,0.7834394904458599,0.09470704061331157,0.0944070053085458,0.9391198911024101,0.033690424006918684,0.0556288395582859
max_drop_pct>=0.2 OR dd_close<=-0.2,or,14,66,0.5535485337021719,0.777027027027027,0.3944300877545933,0.209102462466206,0.9395129455337367,0.028415366423991006,0.049216376139452955
max_drop_pct>=0.2 AND dd_close<=-0.2,and,9,71,0.5588235912850996,0.7834394904458599,0.09470704061331157,0.0944070053085458,0.9391198911024101,0.033690424006918684,0.0556288395582859
max_drop_pct>=0.2 OR dd_close<=-0.3,or,10,70,0.5587667561481997,0.7834394904458599,0.19333349472803388,0.1263585923791352,0.9370934383787227,0.03363358887001877,0.0556288395582859
max_drop_pct>=0.2 AND dd_close<=-0.3,and,6,74,0.5535485337021719,0.7784810126582279,0.12027348418805568,0.1263585923791352,0.9028139828197649,0.028415366423991006,0.05067036177065387
max_drop_pct>=0.2 OR dd_low<=-0.2,or,37,43,0.4044854357330552,0.7281553398058253,1.066698788244152,0.5885353169157369,0.6526051271804023,-0.12064773154512576,0.0003446889182512347
max_drop_pct>=0.2 AND dd_low<=-0.2,and,9,71,0.5588235912850996,0.7834394904458599,0.09470704061331157,0.0944070053085458,0.9391198911024101,0.033690424006918684,0.0556288395582859
max_drop_pct>=0.2 OR dd_low<=-0.3,or,20,60,0.5417841618341942,0.7703703703703704,0.7047215901898706,0.2725718723670195,0.8905907304998918,0.016650994556013266,0.042559719482796354
max_drop_pct>=0.2 AND dd_low<=-0.3,and,9,71,0.5588235912850996,0.7834394904458599,0.09470704061331157,0.0944070053085458,0.9391198911024101,0.033690424006918684,0.0556288395582859
max_drop_pct>=0.2 OR dd_low<=-0.4,or,13,67,0.5483871463930441,0.7687074829931972,0.655392051609802,0.1861924325148261,0.8807429695949777,0.023253979114863155,0.040896832105623226
max_drop_pct>=0.2 AND dd_low<=-0.4,and,6,74,0.5535485337021719,0.7834394904458599,0.07142751441508198,0.0728688962217943,0.9067744668554112,0.028415366423991006,0.0556288395582859
max_drop_pct>=0.2 OR down_slope>=0.03,or,38,42,0.4226848338683858,0.7575757575757576,0.8319058754870143,0.5535485337021719,0.8551774372686758,-0.10244833340979514,0.02976510668818355
max_drop_pct>=0.2 AND down_slope>=0.03,and,9,71,0.5588235912850996,0.7834394904458599,0.09470704061331157,0.0944070053085458,0.9391198911024101,0.033690424006918684,0.0556288395582859
max_drop_pct>=0.2 OR down_slope>=0.05,or,30,50,0.45302459792089933,0.7522123893805309,0.9078585549351708,0.5736226189635184,0.8058823797147161,-0.0721085693572816,0.024401738492956904
max_drop_pct>=0.2 AND down_slope>=0.05,and,9,71,0.5588235912850996,0.7834394904458599,0.09470704061331157,0.0944070053085458,0.9391198911024101,0.033690424006918684,0.0556288395582859
max_drop_pct>=0.2 OR down_slope>=0.08,or,23,57,0.5483871463930441,0.7751937984496124,0.6778686261478085,0.3131312523164531,0.9112087233752866,0.023253979114863155,0.04738314756203843
max_drop_pct>=0.2 AND down_slope>=0.08,and,8,72,0.5587667561481997,0.7834394904458599,0.1023609697947253,0.1263585923791352,0.9265414982699044,0.03363358887001877,0.0556288395582859
max_drop_pct>=0.2 OR slope_ratio>=0.3,or,29,51,0.5351811772753443,0.7964601769911505,0.6295695084577859,0.3131312523164531,0.9661247036963753,0.010048009997163376,0.06864952610357644
max_drop_pct>=0.2 AND slope_ratio>=0.3,and,7,73,0.5587099210112999,0.76875,0.08168056109949032,0.0513307871350428,0.9172344069328011,0.03357675373311897,0.04093934911242603
max_drop_pct>=0.2 OR slope_ratio>=0.5,or,21,59,0.5483871463930441,0.7795275590551181,0.6316990916481401,0.2320124924175859,0.9197321137149149,0.023253979114863155,0.05171690816754404
max_drop_pct>=0.2 AND slope_ratio>=0.5,and,3,77,0.5351811772753443,0.7592592592592593,0.10560629557154348,0.0513307871350428,0.8728968408711207,0.010048009997163376,0.03144860837168528
max_drop_pct>=0.2 OR slope_ratio>=1.0,or,14,66,0.5536053688390719,0.7801418439716312,0.31589730534549176,0.17225130598227534,0.9561714145296067,0.02847220156089092,0.052331193084057204
max_drop_pct>=0.2 AND slope_ratio>=1.0,and,1,79,0.5286897771065678,0.7592592592592593,0.0513307871350428,0.0513307871350428,0.8541587955272896,0.003556609828386903,0.03144860837168528
max_drop_pct>=0.2 OR rev_days>=4,or,37,43,0.5483871463930441,0.6829268292682927,0.8128581141245124,0.4408842320037164,0.8710261723531156,0.023253979114863155,-0.04488382161928128
max_drop_pct>=0.2 AND rev_days>=4,and,8,72,0.5587667561481997,0.7784810126582279,0.1233911255884902,0.1263585923791352,0.9242048142928196,0.03363358887001877,0.05067036177065387
max_drop_pct>=0.2 OR rev_days>=5,or,24,56,0.5535485337021719,0.7803030303030303,0.650977375530228,0.2906384154370682,0.926900332519026,0.028415366423991006,0.05249237941545626
max_drop_pct>=0.2 AND rev_days>=5,and,6,74,0.5535485337021719,0.7454545454545455,0.10377782754273764,0.1263585923791352,0.9041514684937095,0.028415366423991006,0.017643894566971463
max_drop_pct>=0.2 OR rev_days>=6,or,17,63,0.5588235912850996,0.7876712328767124,0.3296831459999636,0.1861924325148261,0.9829406690760563,0.033690424006918684,0.05986058198913835
max_drop_pct>=0.2 AND rev_days>=6,and,2,78,0.5319354771909561,0.727810650887574,0.09589289330586315,0.09589289330586315,0.8633088441946052,0.006802309912775195,0.0
max_drop_pct>=0.2 OR max_upper_atr>=1.5,or,20,60,0.5319354771909561,0.7801418439716312,1.1784609629888219,0.28076946754627097,0.7326776062335748,0.006802309912775195,0.052331193084057204
max_drop_pct>=0.2 AND max_upper_atr>=1.5,and,3,77,0.5351811772753443,0.7409638554216867,0.17087064341365263,0.1861924325148261,0.8703540740720775,0.010048009997163376,0.013153204534112728
max_drop_pct>=0.2 OR max_upper_atr>=2.0,or,13,67,0.5483871463930441,0.7763157894736842,0.5473195801700593,0.1861924325148261,0.9017122550982113,0.023253979114863155,0.048505138586110164
max_drop_pct>=0.2 AND max_upper_atr>=2.0,and,2,78,0.5319354771909561,0.7321428571428571,0.209102462466206,0.209102462466206,0.8604060347289553,0.006802309912775195,0.004332206255283078
max_drop_pct>=0.25 OR max_drop_tr>=1.5,or,29,51,0.5588235912850996,0.78,0.799256043652664,0.1861924325148261,0.869636281722817,0.033690424006918684,0.05218934911242601
max_drop_pct>=0.25 AND max_drop_tr>=1.5,and,5,75,0.5483871463930441,0.7409638554216867,0.08822749469932559,0.1583101794497246,0.894516508803924,0.023253979114863155,0.013153204534112728
max_drop_pct>=0.25 OR max_drop_tr>=2.0,or,22,58,0.5535485337021719,0.7410714285714286,0.9386684915470876,0.2725718723670195,0.8082615313750863,0.028415366423991006,0.013260777683854585
max_drop_pct>=0.25 AND max_drop_tr>=2.0,and,5,75,0.5483871463930441,0.7409638554216867,0.08822749469932559,0.1583101794497246,0.894516508803924,0.023253979114863155,0.013153204534112728
max_drop_pct>=0.25 OR max_drop_tr>=2.5,or,17,63,0.5483871463930441,0.6825396825396826,0.7824565849711677,0.3131312523164531,0.8607637093536679,0.023253979114863155,-0.04527096834789146
max_drop_pct>=0.25 AND max_drop_tr>=2.5,and,5,75,0.5483871463930441,0.7409638554216867,0.08822749469932559,0.1583101794497246,0.894516508803924,0.023253979114863155,0.013153204534112728
max_drop_pct>=0.25 OR max_drop_tr>=3.0,or,12,68,0.5535485337021719,0.7402597402597403,0.6377319246371369,0.17225130598227534,0.8805454785021365,0.028415366423991006,0.012449089372166267
max_drop_pct>=0.25 AND max_drop_tr>=3.0,and,5,75,0.5483871463930441,0.7409638554216867,0.08822749469932559,0.1583101794497246,0.894516508803924,0.023253979114863155,0.013153204534112728
max_drop_pct>=0.25 OR max_drop_atr>=1.5,or,20,60,0.5417841618341942,0.7368421052631579,0.8248084375302722,0.2725718723670195,0.8505617813864248,0.016650994556013266,0.009031454375583836
max_drop_pct>=0.25 AND max_drop_atr>=1.5,and,5,75,0.5483871463930441,0.7409638554216867,0.08822749469932559,0.1583101794497246,0.894516508803924,0.023253979114863155,0.013153204534112728
max_drop_pct>=0.25 OR max_drop_atr>=2.0,or,14,66,0.5417841618341942,0.7588652482269503,0.826162741501204,0.209102462466206,0.847933291708698,0.016650994556013266,0.031054597339376322
max_drop_pct>=0.25 AND max_drop_atr>=2.0,and,5,75,0.5483871463930441,0.7409638554216867,0.08822749469932559,0.1583101794497246,0.894516508803924,0.023253979114863155,0.013153204534112728
max_drop_pct>=0.25 OR max_drop_atr>=2.5,or,7,73,0.5483871463930441,0.7361963190184049,0.3059122101780131,0.1861924325148261,0.8957327419526688,0.023253979114863155,0.008385668130830859
max_drop_pct>=0.25 AND max_drop_atr>=2.5,and,5,75,0.5483871463930441,0.7409638554216867,0.08822749469932559,0.1583101794497246,0.894516508803924,0.023253979114863155,0.013153204534112728
max_drop_pct>=0.25 OR max_drop_atr>=3.0,or,7,73,0.5483871463930441,0.7361963190184049,0.3059122101780131,0.1861924325148261,0.8957327419526688,0.023253979114863155,0.008385668130830859
max_drop_pct>=0.25 AND max_drop_atr>=3.0,and,5,75,0.5483871463930441,0.7409638554216867,0.08822749469932559,0.1583101794497246,0.894516508803924,0.023253979114863155,0.013153204534112728
max_drop_pct>=0.25 OR max_bear_body_atr>=1.0,or,38,42,0.547002384280222,0.7469879518072289,0.9358764939089901,0.4274600251010888,0.7611087825059357,0.02186921700204103,0.01917730091965486
max_drop_pct>=0.25 AND max_bear_body_atr>=1.0,and,5,75,0.5483871463930441,0.7409638554216867,0.08822749469932559,0.1583101794497246,0.894516508803924,0.023253979114863155,0.013153204534112728
max_drop_pct>=0.25 OR max_bear_body_atr>=1.5,or,22,58,0.5587667561481997,0.7583333333333333,0.7699608150078651,0.2725718723670195,0.8722540983382396,0.03363358887001877,0.030522682445759286
max_drop_pct>=0.25 AND max_bear_body_atr>=1.5,and,5,75,0.5483871463930441,0.7409638554216867,0.08822749469932559,0.1583101794497246,0.894516508803924,0.023253979114863155,0.013153204534112728
max_drop_pct>=0.25 OR max_bear_body_atr>=2.0,or,14,66,0.5587667561481997,0.78,0.8699485342287488,0.1872138688160886,0.8386453962816431,0.03363358887001877,0.05218934911242601
max_drop_pct>=0.25 AND max_bear_body_atr>=2.0,and,3,77,0.5351811772753443,0.7365269461077845,0.13919764441167362,0.1861924325148261,0.8715880870202066,0.010048009997163376,0.008716295220210446
max_drop_pct>=0.25 OR max_bear_body_atr>=2.5,or,10,70,0.5535485337021719,0.74375,1.0320989842876602,0.17225130598227534,0.8172697970130617,0.028415366423991006,0.015939349112426004
max_drop_pct>=0.25 AND max_bear_body_atr>=2.5,and,3,77,0.5351811772753443,0.7365269461077845,0.13919764441167362,0.1861924325148261,0.8715880870202066,0.010048009997163376,0.008716295220210446
max_drop_pct>=0.25 OR max_bear_body_atr>=3.0,or,7,73,0.5483871463930441,0.7361963190184049,0.3059122101780131,0.1861924325148261,0.8957327419526688,0.023253979114863155,0.008385668130830859
max_drop_pct>=0.25 AND max_bear_body_atr>=3.0,and,2,78,0.5319354771909561,0.7365269461077845,0.052230840459283896,0.052230840459283896,0.8644283840111842,0.006802309912775195,0.008716295220210446
max_drop_pct>=0.25 OR max_consec_bear>=2,or,35,45,0.5351811772753443,0.7142857142857143,0.7519818747907291,0.4035301142208499,0.9157891114692313,0.010048009997163376,-0.013524936601859716
max_drop_pct>=0.25 AND max_consec_bear>=2,and,5,75,0.5483871463930441,0.7409638554216867,0.08822749469932559,0.1583101794497246,0.894516508803924,0.023253979114863155,0.013153204534112728
max_drop_pct>=0.25 OR max_consec_bear>=3,or,16,64,0.5251331672781809,0.7226277372262774,0.6690860439511629,0.4907954361436637,0.8878827957901925,0.0,-0.00518291366129664
max_drop_pct>=0.25 AND max_consec_bear>=3,and,3,77,0.5351811772753443,0.7409638554216867,-0.010101319423183264,-0.0817307515962583,0.8774049297670192,0.010048009997163376,0.013153204534112728
max_drop_pct>=0.25 OR max_consec_bear>=4,or,9,71,0.5286897771065678,0.7114093959731543,0.7572211805288656,0.3131312523164531,0.8551392254793119,0.003556609828386903,-0.016401254914419683
max_drop_pct>=0.25 AND max_consec_bear>=4,and,1,79,0.5286897771065678,0.7321428571428571,-0.0817307515962583,-0.0817307515962583,0.8558431188023693,0.003556609828386903,0.004332206255283078
max_drop_pct>=0.25 OR bear_count>=2,or,40,40,0.5536053688390719,0.717948717948718,0.7153260297241778,0.4222071731122832,0.9729208611205952,0.02847220156089092,-0.009861932938856066
max_drop_pct>=0.25 AND bear_count>=2,and,5,75,0.5483871463930441,0.7409638554216867,0.08822749469932559,0.1583101794497246,0.894516508803924,0.023253979114863155,0.013153204534112728
max_drop_pct>=0.25 OR bear_count>=3,or,26,54,0.5319354771909561,0.6601941747572816,0.8410017273697818,0.4291102596048364,0.8456264948551221,0.006802309912775195,-0.06761647613029242
max_drop_pct>=0.25 AND bear_count>=3,and,4,76,0.5417841618341942,0.7409638554216867,0.0320015552950437,0.038289713926733145,0.8868667027975099,0.016650994556013266,0.013153204534112728
max_drop_pct>=0.25 OR bear_count>=4,or,16,64,0.5319354771909561,0.7246376811594203,0.6337617478239908,0.3530934038440219,0.8967138698219855,0.006802309912775195,-0.0031729697281537295
max_drop_pct>=0.25 AND bear_count>=4,and,3,77,0.5351811772753443,0.7365269461077845,0.08759062012276413,0.1583101794497246,0.87359875030419,0.010048009997163376,0.008716295220210446
max_drop_pct>=0.25 OR max_consec_down>=2,or,30,50,0.5283788673625691,0.6989247311827957,0.7898869944209755,0.49692737047232505,0.8766653160232332,0.003245700084388181,-0.028885919704778273
max_drop_pct>=0.25 AND max_consec_down>=2,and,3,77,0.5351811772753443,0.7365269461077845,0.13919764441167362,0.1861924325148261,0.8715880870202066,0.010048009997163376,0.008716295220210446
max_drop_pct>=0.25 OR max_consec_down>=3,or,14,66,0.5417841618341942,0.7516339869281046,0.37768218629131045,0.2271690055362547,0.9430655306926149,0.016650994556013266,0.02382333604053055
max_drop_pct>=0.25 AND max_consec_down>=3,and,2,78,0.5319354771909561,0.7365269461077845,0.052230840459283896,0.052230840459283896,0.8644283840111842,0.006802309912775195,0.008716295220210446
max_drop_pct>=0.25 OR max_consec_down>=4,or,8,72,0.5319354771909561,0.7361963190184049,0.40291466557549926,0.2496618424156396,0.8931466431831517,0.006802309912775195,0.008385668130830859
max_drop_pct>=0.25 AND max_consec_down>=4,and,0,80,0.5251331672781809,0.727810650887574,,,0.8441234454223865,0.0,0.0
max_drop_pct>=0.25 OR dd_close<=-0.1,or,31,49,0.4408842320037164,0.7545454545454545,0.8893902883754035,0.5885353169157369,0.8154852386561923,-0.08424893527446453,0.0267348036578805
max_drop_pct>=0.25 AND dd_close<=-0.1,and,5,75,0.5483871463930441,0.7409638554216867,0.08822749469932559,0.1583101794497246,0.894516508803924,0.023253979114863155,0.013153204534112728
max_drop_pct>=0.25 OR dd_close<=-0.15,or,19,61,0.5351811772753443,0.762962962962963,0.7198087745019525,0.3131312523164531,0.8828444084959645,0.010048009997163376,0.035152312075388936
max_drop_pct>=0.25 AND dd_close<=-0.15,and,5,75,0.5483871463930441,0.7409638554216867,0.08822749469932559,0.1583101794497246,0.894516508803924,0.023253979114863155,0.013153204534112728
max_drop_pct>=0.25 OR dd_close<=-0.2,or,14,66,0.5535485337021719,0.777027027027027,0.3944300877545933,0.209102462466206,0.9395129455337367,0.028415366423991006,0.049216376139452955
max_drop_pct>=0.25 AND dd_close<=-0.2,and,5,75,0.5483871463930441,0.7409638554216867,0.08822749469932559,0.1583101794497246,0.894516508803924,0.023253979114863155,0.013153204534112728
max_drop_pct>=0.25 OR dd_close<=-0.3,or,8,72,0.5535485337021719,0.7834394904458599,0.20848085596259391,0.1263585923791352,0.9147503998068081,0.028415366423991006,0.0556288395582859
max_drop_pct>=0.25 AND dd_close<=-0.3,and,4,76,0.5417841618341942,0.7365269461077845,0.14397577817118637,0.17225130598227534,0.8809733226461341,0.016650994556013266,0.008716295220210446
max_drop_pct>=0.25 OR dd_low<=-0.2,or,37,43,0.4044854357330552,0.7281553398058253,1.066698788244152,0.5885353169157369,0.6526051271804023,-0.12064773154512576,0.0003446889182512347
max_drop_pct>=0.25 AND dd_low<=-0.2,and,5,75,0.5483871463930441,0.7409638554216867,0.08822749469932559,0.1583101794497246,0.894516508803924,0.023253979114863155,0.013153204534112728
max_drop_pct>=0.25 OR dd_low<=-0.3,or,20,60,0.5417841618341942,0.7703703703703704,0.7047215901898706,0.2725718723670195,0.8905907304998918,0.016650994556013266,0.042559719482796354
max_drop_pct>=0.25 AND dd_low<=-0.3,and,5,75,0.5483871463930441,0.7409638554216867,0.08822749469932559,0.1583101794497246,0.894516508803924,0.023253979114863155,0.013153204534112728
max_drop_pct>=0.25 OR dd_low<=-0.4,or,11,69,0.5351811772753443,0.7687074829931972,0.7504189610316218,0.1861924325148261,0.8590618414846825,0.010048009997163376,0.040896832105623226
max_drop_pct>=0.25 AND dd_low<=-0.4,and,4,76,0.5417841618341942,0.7409638554216867,0.07070682351172583,0.052230840459283896,0.8848295834176846,0.016650994556013266,0.013153204534112728
max_drop_pct>=0.25 OR down_slope>=0.03,or,38,42,0.4226848338683858,0.7575757575757576,0.8319058754870143,0.5535485337021719,0.8551774372686758,-0.10244833340979514,0.02976510668818355
max_drop_pct>=0.25 AND down_slope>=0.03,and,5,75,0.5483871463930441,0.7409638554216867,0.08822749469932559,0.1583101794497246,0.894516508803924,0.023253979114863155,0.013153204534112728
max_drop_pct>=0.25 OR down_slope>=0.05,or,30,50,0.45302459792089933,0.7522123893805309,0.9078585549351708,0.5736226189635184,0.8058823797147161,-0.0721085693572816,0.024401738492956904
max_drop_pct>=0.25 AND down_slope>=0.05,and,5,75,0.5483871463930441,0.7409638554216867,0.08822749469932559,0.1583101794497246,0.894516508803924,0.023253979114863155,0.013153204534112728
max_drop_pct>=0.25 OR down_slope>=0.08,or,22,58,0.5417841618341942,0.7751937984496124,0.7071592179198908,0.36661124575584136,0.8960753937854024,0.016650994556013266,0.04738314756203843
max_drop_pct>=0.25 AND down_slope>=0.08,and,5,75,0.5483871463930441,0.7409638554216867,0.08822749469932559,0.1583101794497246,0.894516508803924,0.023253979114863155,0.013153204534112728
max_drop_pct>=0.25 OR slope_ratio>=0.3,or,28,52,0.5319354771909561,0.782608695652174,0.6486824549988303,0.38914810807726763,0.9493609018043017,0.006802309912775195,0.05479804476459993
max_drop_pct>=0.25 AND slope_ratio>=0.3,and,4,76,0.5417841618341942,0.7365269461077845,0.06373626024545045,0.038289713926733145,0.8851964551685412,0.016650994556013266,0.008716295220210446
max_drop_pct>=0.25 OR slope_ratio>=0.5,or,20,60,0.5417841618341942,0.7674418604651163,0.6585636959651199,0.2500790354876346,0.9059766952414755,0.016650994556013266,0.03963120957754229
max_drop_pct>=0.25 AND slope_ratio>=0.5,and,0,80,0.5251331672781809,0.727810650887574,,,0.8441234454223865,0.0,0.0
max_drop_pct>=0.25 OR slope_ratio>=1.0,or,11,69,0.5351811772753443,0.7692307692307693,0.36933337908625014,0.1861924325148261,0.9198146154180025,0.010048009997163376,0.041420118343195256
max_drop_pct>=0.25 AND slope_ratio>=1.0,and,0,80,0.5251331672781809,0.727810650887574,,,0.8441234454223865,0.0,0.0
max_drop_pct>=0.25 OR rev_days>=4,or,37,43,0.5483871463930441,0.6829268292682927,0.8128581141245124,0.4408842320037164,0.8710261723531156,0.023253979114863155,-0.04488382161928128
max_drop_pct>=0.25 AND rev_days>=4,and,4,76,0.5417841618341942,0.7365269461077845,0.14397577817118637,0.17225130598227534,0.8809733226461341,0.016650994556013266,0.008716295220210446
max_drop_pct>=0.25 OR rev_days>=5,or,23,57,0.5483871463930441,0.7410071942446043,0.6770489663300187,0.3131312523164531,0.9115394633017632,0.023253979114863155,0.013196543357030244
max_drop_pct>=0.25 AND rev_days>=5,and,3,77,0.5351811772753443,0.7365269461077845,0.08759062012276413,0.1583101794497246,0.87359875030419,0.010048009997163376,0.008716295220210446
max_drop_pct>=0.25 OR rev_days>=6,or,14,66,0.5535485337021719,0.7419354838709677,0.3733473712241576,0.2496618424156396,0.9439850369189805,0.028415366423991006,0.014124832983393731
max_drop_pct>=0.25 AND rev_days>=6,and,1,79,0.5286897771065678,0.727810650887574,0.1583101794497246,0.1583101794497246,0.8528046260043189,0.003556609828386903,0.0
max_drop_pct>=0.25 OR max_upper_atr>=1.5,or,18,62,0.5251331672781809,0.7432432432432432,1.304689603637744,0.5498537514843703,0.7104106898114763,0.0,0.015432592355669184
max_drop_pct>=0.25 AND max_upper_atr>=1.5,and,1,79,0.5286897771065678,0.7321428571428571,0.1861924325148261,0.1861924325148261,0.8524516860921024,0.003556609828386903,0.004332206255283078
max_drop_pct>=0.25 OR max_upper_atr>=2.0,or,10,70,0.5319354771909561,0.7329192546583851,0.6935941142605181,0.2725718723670195,0.8656276355883679,0.006802309912775195,0.0051086037708111265
max_drop_pct>=0.25 AND max_upper_atr>=2.0,and,1,79,0.5286897771065678,0.7321428571428571,0.1861924325148261,0.1861924325148261,0.8524516860921024,0.003556609828386903,0.004332206255283078
max_drop_tr>=1.5 OR max_drop_atr>=1.5,or,31,49,0.5587099210112999,0.7731958762886598,0.8004652260844449,0.2320124924175859,0.8717439515341455,0.03357675373311897,0.045385225401085805
max_drop_tr>=1.5 AND max_drop_atr>=1.5,and,18,62,0.5535485337021719,0.7435897435897436,0.8255651115508277,0.209102462466206,0.849511348804452,0.028415366423991006,0.015779092702169595
max_drop_tr>=1.5 OR max_drop_atr>=2.0,or,29,51,0.5588235912850996,0.78,0.799256043652664,0.1861924325148261,0.869636281722817,0.033690424006918684,0.05218934911242601
max_drop_tr>=1.5 AND max_drop_atr>=2.0,and,14,66,0.5417841618341942,0.7588652482269503,0.826162741501204,0.209102462466206,0.847933291708698,0.016650994556013266,0.031054597339376322
max_drop_tr>=1.5 OR max_drop_atr>=2.5,or,29,51,0.5588235912850996,0.78,0.799256043652664,0.1861924325148261,0.869636281722817,0.033690424006918684,0.05218934911242601
max_drop_tr>=1.5 AND max_drop_atr>=2.5,and,7,73,0.5483871463930441,0.7361963190184049,0.3059122101780131,0.1861924325148261,0.8957327419526688,0.023253979114863155,0.008385668130830859
max_drop_tr>=1.5 OR max_drop_atr>=3.0,or,29,51,0.5588235912850996,0.78,0.799256043652664,0.1861924325148261,0.869636281722817,0.033690424006918684,0.05218934911242601
max_drop_tr>=1.5 AND max_drop_atr>=3.0,and,7,73,0.5483871463930441,0.7361963190184049,0.3059122101780131,0.1861924325148261,0.8957327419526688,0.023253979114863155,0.008385668130830859
max_drop_tr>=1.5 OR max_bear_body_atr>=1.0,or,43,37,0.5351811772753443,0.7468354430379747,0.9510525608057002,0.4651649638380822,0.7198544734904276,0.010048009997163376,0.01902479215040065
max_drop_tr>=1.5 AND max_bear_body_atr>=1.0,and,24,56,0.5736794541004182,0.7788461538461539,0.7436029966593241,0.1263585923791352,0.8872036377494135,0.04854628682223727,0.05103550295857984
max_drop_tr>=1.5 OR max_bear_body_atr>=1.5,or,36,44,0.5587667561481997,0.7777777777777778,0.991989169680399,0.35144316934027425,0.7231423983021946,0.03363358887001877,0.04996712689020377
max_drop_tr>=1.5 AND max_bear_body_atr>=1.5,and,15,65,0.5588235912850996,0.7615384615384615,0.2937302058403948,0.1583101794497246,0.9711372699413078,0.033690424006918684,0.03372781065088748
max_drop_tr>=1.5 OR max_bear_body_atr>=2.0,or,32,48,0.5736794541004182,0.7835051546391752,1.0034002507943636,0.2101238987674685,0.7379389085077351,0.04854628682223727,0.05569450375160123
max_drop_tr>=1.5 AND max_bear_body_atr>=2.0,and,9,71,0.5483871463930441,0.7727272727272727,0.3583724643831659,0.1861924325148261,0.9056975134414427,0.023253979114863155,0.04491662183969869
max_drop_tr>=1.5 OR max_bear_body_atr>=2.5,or,30,50,0.5587667561481997,0.7777777777777778,1.045739519130308,0.209102462466206,0.7231538011976336,0.03363358887001877,0.04996712689020377
max_drop_tr>=1.5 AND max_bear_body_atr>=2.5,and,7,73,0.5483871463930441,0.7407407407407407,0.3005264278047154,0.1861924325148261,0.8962491868377795,0.023253979114863155,0.012930089853166682
max_drop_tr>=1.5 OR max_bear_body_atr>=3.0,or,29,51,0.5588235912850996,0.78,0.799256043652664,0.1861924325148261,0.869636281722817,0.033690424006918684,0.05218934911242601
max_drop_tr>=1.5 AND max_bear_body_atr>=3.0,and,4,76,0.5319354771909561,0.7317073170731707,0.451177419667008,0.209102462466206,0.8648048151989854,0.006802309912775195,0.0038966661855966978
max_drop_tr>=1.5 OR max_consec_bear>=2,or,42,38,0.5536053688390719,0.7567567567567568,0.7750671344213839,0.39829283479622024,0.9204488417919162,0.02847220156089092,0.02894610586918278
max_drop_tr>=1.5 AND max_consec_bear>=2,and,22,58,0.5535485337021719,0.7454545454545455,0.7702259653593024,0.17225130598227534,0.8721535240670047,0.028415366423991006,0.017643894566971463
max_drop_tr>=1.5 OR max_consec_bear>=3,or,34,46,0.5535485337021719,0.7586206896551724,0.7963144449868974,0.35144316934027425,0.8794605327007916,0.028415366423991006,0.030810038767598358
max_drop_tr>=1.5 AND max_consec_bear>=3,and,9,71,0.5286897771065678,0.74,0.7041854897583519,0.1861924325148261,0.8618620595206444,0.003556609828386903,0.012189349112425973
max_drop_tr>=1.5 OR max_consec_bear>=4,or,31,49,0.5587099210112999,0.7659574468085106,0.8093507927528194,0.2320124924175859,0.8661224705806841,0.03357675373311897,0.038146795920936616
max_drop_tr>=1.5 AND max_consec_bear>=4,and,3,77,0.5215765574497939,0.7133757961783439,1.4602243634189176,1.6999822787917376,0.8201195135523919,-0.003556609828387014,-0.014434854709230116
max_drop_tr>=1.5 OR bear_count>=2,or,44,36,0.5930212355507714,0.7464788732394366,0.7618725830638273,0.4118106767080397,0.9446522771939591,0.06788806827259042,0.018668222351862607
max_drop_tr>=1.5 AND bear_count>=2,and,25,55,0.5587099210112999,0.7570093457943925,0.7307629120034388,0.1861924325148261,0.8956509606128172,0.03357675373311897,0.02919869490681848
max_drop_tr>=1.5 OR bear_count>=3,or,37,43,0.5587099210112999,0.75,0.7891796375234614,0.3897550863640954,0.89140067547495,0.03357675373311897,0.022189349112425982
max_drop_tr>=1.5 AND bear_count>=3,and,17,63,0.5351811772753443,0.6974789915966386,0.9136289609915916,0.1861924325148261,0.8253679888402201,0.010048009997163376,-0.030331659290935398
max_drop_tr>=1.5 OR bear_count>=4,or,33,47,0.5587099210112999,0.7613636363636364,0.8026107822011751,0.3131312523164531,0.8732706344925988,0.03357675373311897,0.033552985476062336
max_drop_tr>=1.5 AND bear_count>=4,and,10,70,0.5319354771909561,0.7350993377483444,0.6654091805343992,0.17225130598227534,0.8696540546920991,0.006802309912775195,0.0072886868607703326
max_drop_tr>=1.5 OR max_consec_down>=2,or,40,40,0.5536053688390719,0.7307692307692307,0.7723059915221162,0.40657339728341013,0.915940899322657,0.02847220156089092,0.002958579881656709
max_drop_tr>=1.5 AND max_consec_down>=2,and,17,63,0.5351811772753443,0.7413793103448276,0.9387794645535452,0.3131312523164531,0.8185813450219153,0.010048009997163376,0.013568659457253607
max_drop_tr>=1.5 OR max_consec_down>=3,or,33,47,0.5587099210112999,0.7717391304347826,0.7904785839122808,0.2681455785576833,0.8817889864826737,0.03357675373311897,0.043928479547208577
max_drop_tr>=1.5 AND max_consec_down>=3,and,7,73,0.5351811772753443,0.7530864197530864,0.29192954461746784,0.0944070053085458,0.8970735454995705,0.010048009997163376,0.025275768865512416
max_drop_tr>=1.5 OR max_consec_down>=4,or,30,50,0.5587667561481997,0.7755102040816326,0.8075295563900687,0.209102462466206,0.8660797788417774,0.03363358887001877,0.04769955319405861
max_drop_tr>=1.5 AND max_consec_down>=4,and,2,78,0.49337076064393803,0.7261904761904762,0.8673592126662801,0.8673592126662801,0.843527656518697,-0.0317624066342429,-0.0016201746970978537
max_drop_tr>=1.5 OR dd_close<=-0.1,or,39,41,0.5351811772753443,0.7272727272727273,0.8005677105325822,0.4200912391952296,0.8855545103175664,0.010048009997163376,-0.0005379236148467248
max_drop_tr>=1.5 AND dd_close<=-0.1,and,21,59,0.5351811772753443,0.7894736842105263,0.9298754045140026,0.2320124924175859,0.8136015616779132,0.010048009997163376,0.06166303332295231
max_drop_tr>=1.5 OR dd_close<=-0.15,or,33,47,0.5587099210112999,0.7717391304347826,0.7983738626561864,0.3131312523164531,0.8762454928965272,0.03357675373311897,0.043928479547208577
max_drop_tr>=1.5 AND dd_close<=-0.15,and,15,65,0.5483871463930441,0.7692307692307693,0.7005636342540135,0.1861924325148261,0.877252632615088,0.023253979114863155,0.041420118343195256
max_drop_tr>=1.5 OR dd_close<=-0.2,or,32,48,0.5587667561481997,0.776595744680851,0.7905898763087295,0.2725718723670195,0.879812491498158,0.03363358887001877,0.048785093793277
max_drop_tr>=1.5 AND dd_close<=-0.2,and,11,69,0.5587099210112999,0.7792207792207793,0.3092336775102016,0.1583101794497246,0.9293957272634594,0.03357675373311897,0.05141012833320524
max_drop_tr>=1.5 OR dd_close<=-0.3,or,29,51,0.5588235912850996,0.78,0.799256043652664,0.1861924325148261,0.869636281722817,0.033690424006918684,0.05218934911242601
max_drop_tr>=1.5 AND dd_close<=-0.3,and,7,73,0.5483871463930441,0.7784810126582279,0.2575160695555527,0.1583101794497246,0.9003734677657814,0.023253979114863155,0.05067036177065387
max_drop_tr>=1.5 OR dd_low<=-0.2,or,46,34,0.48123039472675516,0.726027397260274,0.954218227959943,0.5385384617498059,0.6951716808127516,-0.04390277255142577,-0.00178325362730003
max_drop_tr>=1.5 AND dd_low<=-0.2,and,20,60,0.5417841618341942,0.7692307692307693,0.9376120972401756,0.209102462466206,0.8129605614831237,0.016650994556013266,0.041420118343195256
max_drop_tr>=1.5 OR dd_low<=-0.3,or,34,46,0.5535485337021719,0.7634408602150538,0.8160942183254681,0.35144316934027425,0.8648407002331524,0.028415366423991006,0.035630209327479734
max_drop_tr>=1.5 AND dd_low<=-0.3,and,15,65,0.5587099210112999,0.7816901408450704,0.6350435764439165,0.1583101794497246,0.8923726459558796,0.03357675373311897,0.05387948995749636
max_drop_tr>=1.5 OR dd_low<=-0.4,or,30,50,0.5587667561481997,0.7755102040816326,0.7988333838859848,0.209102462466206,0.8712974823442278,0.03363358887001877,0.04769955319405861
max_drop_tr>=1.5 AND dd_low<=-0.4,and,9,71,0.5351811772753443,0.7718120805369127,0.8121913490273142,0.1861924325148261,0.8481711759513395,0.010048009997163376,0.04400142964933873
max_drop_tr>=1.5 OR down_slope>=0.03,or,44,36,0.48123039472675516,0.6956521739130435,0.8055607877057693,0.5385384617498059,0.8912555826315854,-0.04390277255142577,-0.03215847697453056
max_drop_tr>=1.5 AND down_slope>=0.03,and,23,57,0.5587099210112999,0.8076923076923077,0.8411379945817371,0.1861924325148261,0.845328101024754,0.03357675373311897,0.07988165680473369
max_drop_tr>=1.5 OR down_slope>=0.05,or,39,41,0.5215765574497939,0.7307692307692307,0.8269622477142281,0.5286897771065678,0.8604475115350253,-0.003556609828387014,0.002958579881656709
max_drop_tr>=1.5 AND down_slope>=0.05,and,20,60,0.5535485337021719,0.7851851851851852,0.9081327126563744,0.209102462466206,0.8227870230110574,0.028415366423991006,0.05737453429761119
max_drop_tr>=1.5 OR down_slope>=0.08,or,34,46,0.5535485337021719,0.7582417582417582,0.8182255661391121,0.35144316934027425,0.8632653561969807,0.028415366423991006,0.030431107354184195
max_drop_tr>=1.5 AND down_slope>=0.08,and,17,63,0.5587099210112999,0.7898550724637681,0.6421328712608846,0.1861924325148261,0.8986288384500934,0.03357675373311897,0.06204442157619405
max_drop_tr>=1.5 OR slope_ratio>=0.3,or,40,40,0.547002384280222,0.7662337662337663,0.7795620364297945,0.4049231627796625,0.9086848544149788,0.02186921700204103,0.03842311534619225
max_drop_tr>=1.5 AND slope_ratio>=0.3,and,16,64,0.5535485337021719,0.7841726618705036,0.6233037572617434,0.11919450512371174,0.8993283674625474,0.028415366423991006,0.05636201098292959
max_drop_tr>=1.5 OR slope_ratio>=0.5,or,35,45,0.5483871463930441,0.7441860465116279,0.8093810239834889,0.3131312523164531,0.8711453287637515,0.023253979114863155,0.01637539562405388
max_drop_tr>=1.5 AND slope_ratio>=0.5,and,9,71,0.5351811772753443,0.773972602739726,0.8422473191456573,0.0800788307976989,0.8443612642461973,0.010048009997163376,0.046161951852151994
max_drop_tr>=1.5 OR slope_ratio>=1.0,or,33,47,0.5483871463930441,0.7471264367816092,0.8081377377105041,0.3131312523164531,0.8693900061562615,0.023253979114863155,0.019315785894035153
max_drop_tr>=1.5 AND slope_ratio>=1.0,and,2,78,0.5319354771909561,0.7735849056603774,0.06570480896637085,0.06570480896637085,0.8640828976392074,0.006802309912775195,0.04577425477280339
max_drop_tr>=1.5 OR rev_days>=4,or,42,38,0.5930212355507714,0.72,0.75219004624136,0.40657339728341013,0.9457340445172056,0.06788806827259042,-0.007810650887574044
max_drop_tr>=1.5 AND rev_days>=4,and,23,57,0.5483871463930441,0.7407407407407407,0.9476938776341391,0.2320124924175859,0.8023318675123811,0.023253979114863155,0.012930089853166682
max_drop_tr>=1.5 OR rev_days>=5,or,36,44,0.5587667561481997,0.7586206896551724,0.7742090690338547,0.35144316934027425,0.9013261170130037,0.03363358887001877,0.030810038767598358
max_drop_tr>=1.5 AND rev_days>=5,and,14,66,0.5417841618341942,0.7516339869281046,0.7643328137978986,0.17225130598227534,0.8610487309184901,0.016650994556013266,0.02382333604053055
max_drop_tr>=1.5 OR rev_days>=6,or,33,47,0.5588235912850996,0.7717391304347826,0.792450233518485,0.3131312523164531,0.8804046367591685,0.033690424006918684,0.043928479547208577
max_drop_tr>=1.5 AND rev_days>=6,and,6,74,0.5319354771909561,0.7349397590361446,0.3286005771514257,0.09589289330586315,0.8859225969038159,0.006802309912775195,0.007129108148570595
max_drop_tr>=1.5 OR max_upper_atr>=1.5,or,34,46,0.5535485337021719,0.7741935483870968,1.032813593764549,0.28076946754627097,0.7046568140390491,0.028415366423991006,0.046382897499522735
max_drop_tr>=1.5 AND max_upper_atr>=1.5,and,9,71,0.5215765574497939,0.7388535031847133,1.2546923224922422,0.9957393784830753,0.7920795032586021,-0.003556609828387014,0.011042852297139305
max_drop_tr>=1.5 OR max_upper_atr>=2.0,or,31,49,0.5587099210112999,0.7731958762886598,0.8266462184342509,0.2320124924175859,0.855180466578146,0.03357675373311897,0.045385225401085805
max_drop_tr>=1.5 AND max_upper_atr>=2.0,and,4,76,0.5251331672781809,0.7289156626506024,1.0583471490222127,0.6138759354503306,0.8328485136539746,0.0,0.0011050117630283518
max_drop_tr>=2.0 OR max_drop_atr>=1.5,or,24,56,0.5417841618341942,0.7339449541284404,0.9286126481969363,0.35144316934027425,0.8079137870904367,0.016650994556013266,0.00613430324086639
max_drop_tr>=2.0 AND max_drop_atr>=1.5,and,18,62,0.5535485337021719,0.7435897435897436,0.8255651115508277,0.209102462466206,0.849511348804452,0.028415366423991006,0.015779092702169595
max_drop_tr>=2.0 OR max_drop_atr>=2.0,or,22,58,0.5535485337021719,0.7410714285714286,0.9386684915470876,0.2725718723670195,0.8082615313750863,0.028415366423991006,0.013260777683854585
max_drop_tr>=2.0 AND max_drop_atr>=2.0,and,14,66,0.5417841618341942,0.7588652482269503,0.826162741501204,0.209102462466206,0.847933291708698,0.016650994556013266,0.031054597339376322
max_drop_tr>=2.0 OR max_drop_atr>=2.5,or,22,58,0.5535485337021719,0.7410714285714286,0.9386684915470876,0.2725718723670195,0.8082615313750863,0.028415366423991006,0.013260777683854585
max_drop_tr>=2.0 AND max_drop_atr>=2.5,and,7,73,0.5483871463930441,0.7361963190184049,0.3059122101780131,0.1861924325148261,0.8957327419526688,0.023253979114863155,0.008385668130830859
max_drop_tr>=2.0 OR max_drop_atr>=3.0,or,22,58,0.5535485337021719,0.7410714285714286,0.9386684915470876,0.2725718723670195,0.8082615313750863,0.028415366423991006,0.013260777683854585
max_drop_tr>=2.0 AND max_drop_atr>=3.0,and,7,73,0.5483871463930441,0.7361963190184049,0.3059122101780131,0.1861924325148261,0.8957327419526688,0.023253979114863155,0.008385668130830859
max_drop_tr>=2.0 OR max_bear_body_atr>=1.0,or,42,38,0.5283788673625691,0.7375,0.9733226966822341,0.49692737047232505,0.7013242729772919,0.003245700084388181,0.009689349112426027
max_drop_tr>=2.0 AND max_bear_body_atr>=1.0,and,18,62,0.5587667561481997,0.7478260869565218,0.8519144623290956,0.17225130598227534,0.8418615372881808,0.03363358887001877,0.020015436068947734
max_drop_tr>=2.0 OR max_bear_body_atr>=1.5,or,30,50,0.5283788673625691,0.7326732673267327,1.1279212833391687,0.4743905081508987,0.6738447426723171,0.003245700084388181,0.00486261643915864
max_drop_tr>=2.0 AND max_bear_body_atr>=1.5,and,14,66,0.5736794541004182,0.7633587786259542,0.26801473171670687,0.11919450512371174,0.9663283240872277,0.04854628682223727,0.03554812773838023
max_drop_tr>=2.0 OR max_bear_body_atr>=2.0,or,25,55,0.5587099210112999,0.7431192660550459,1.1832435829411323,0.3131312523164531,0.6899779283684113,0.03357675373311897,0.01530861516747184
max_drop_tr>=2.0 AND max_bear_body_atr>=2.0,and,9,71,0.5483871463930441,0.7727272727272727,0.3583724643831659,0.1861924325148261,0.9056975134414427,0.023253979114863155,0.04491662183969869
max_drop_tr>=2.0 OR max_bear_body_atr>=2.5,or,23,57,0.5483871463930441,0.7387387387387387,1.2541072661746921,0.3131312523164531,0.6786913773995266,0.023253979114863155,0.010928087851164725
max_drop_tr>=2.0 AND max_bear_body_atr>=2.5,and,7,73,0.5483871463930441,0.7407407407407407,0.3005264278047154,0.1861924325148261,0.8962491868377795,0.023253979114863155,0.012930089853166682
max_drop_tr>=2.0 OR max_bear_body_atr>=3.0,or,22,58,0.5535485337021719,0.7410714285714286,0.9386684915470876,0.2725718723670195,0.8082615313750863,0.028415366423991006,0.013260777683854585
max_drop_tr>=2.0 AND max_bear_body_atr>=3.0,and,4,76,0.5319354771909561,0.7317073170731707,0.451177419667008,0.209102462466206,0.8648048151989854,0.006802309912775195,0.0038966661855966978
max_drop_tr>=2.0 OR max_consec_bear>=2,or,40,40,0.5417841618341942,0.7272727272727273,0.8128840029905889,0.4118106767080397,0.8753628878541843,0.016650994556013266,-0.0005379236148467248
max_drop_tr>=2.0 AND max_consec_bear>=2,and,17,63,0.5483871463930441,0.7310924369747899,0.8502771948286991,0.1861924325148261,0.8424629098683022,0.023253979114863155,0.0032817860872158544
max_drop_tr>=2.0 OR max_consec_bear>=3,or,30,50,0.5319354771909561,0.717391304347826,0.8992381964542517,0.40657339728341013,0.8110545948032676,0.006802309912775195,-0.010419346539747965
max_drop_tr>=2.0 AND max_consec_bear>=3,and,6,74,0.5319354771909561,0.7388535031847133,0.6512493653101342,0.14029971891168594,0.859761884350407,0.006802309912775195,0.011042852297139305
max_drop_tr>=2.0 OR max_consec_bear>=4,or,25,55,0.5351811772753443,0.7156862745098039,0.9704855360895125,0.3897550863640954,0.7866861314827838,0.010048009997163376,-0.012124376377770085
max_drop_tr>=2.0 AND max_consec_bear>=4,and,2,78,0.5251331672781809,0.7204968944099379,1.340345405732508,1.340345405732508,0.8313998054144347,0.0,-0.007313756477636102
max_drop_tr>=2.0 OR bear_count>=2,or,43,37,0.5588235912850996,0.7361111111111112,0.7792252744376076,0.4200912391952296,0.9195456441344271,0.033690424006918684,0.008300460223537143
max_drop_tr>=2.0 AND bear_count>=2,and,19,61,0.5483871463930441,0.7288135593220338,0.8293190106413638,0.2320124924175859,0.848734662813197,0.023253979114863155,0.001002908434459826
max_drop_tr>=2.0 OR bear_count>=3,or,35,45,0.5483871463930441,0.7241379310344828,0.8327771600972964,0.3930555553715906,0.852948334008568,0.023253979114863155,-0.0036727198530912553
max_drop_tr>=2.0 AND bear_count>=3,and,12,68,0.5319354771909561,0.6875,1.0880349891607022,0.28797375943946074,0.8010802318215074,0.006802309912775195,-0.04031065088757402
max_drop_tr>=2.0 OR bear_count>=4,or,30,50,0.5417841618341942,0.7204301075268817,0.8803985718530931,0.39140532086784297,0.8223583695639627,0.016650994556013266,-0.007380543360692271
max_drop_tr>=2.0 AND bear_count>=4,and,6,74,0.5319354771909561,0.7341772151898734,0.700095335083108,0.17225130598227534,0.8558014003147606,0.006802309912775195,0.006366564302299427
max_drop_tr>=2.0 OR max_consec_down>=2,or,37,43,0.5351811772753443,0.7037037037037037,0.833281987998084,0.4651649638380822,0.8534521413456237,0.010048009997163376,-0.024106947183870298
max_drop_tr>=2.0 AND max_consec_down>=2,and,13,67,0.5351811772753443,0.728,1.0378721961903445,0.3131312523164531,0.8065304042286037,0.010048009997163376,0.00018934911242596275
max_drop_tr>=2.0 OR max_consec_down>=3,or,28,52,0.5417841618341942,0.7425742574257426,0.867438062656663,0.35144316934027425,0.8315694207577763,0.016650994556013266,0.01476360653816855
max_drop_tr>=2.0 AND max_consec_down>=3,and,5,75,0.5351811772753443,0.7454545454545455,0.26266317502993003,0.0944070053085458,0.8828874634485504,0.010048009997163376,0.017643894566971463
max_drop_tr>=2.0 OR max_consec_down>=4,or,24,56,0.5417841618341942,0.7339449541284404,0.9313297951409484,0.35144316934027425,0.8067492955430031,0.016650994556013266,0.00613430324086639
max_drop_tr>=2.0 AND max_consec_down>=4,and,1,79,0.5215765574497939,0.727810650887574,1.0809715817605348,1.0809715817605348,0.84112536774722,-0.003556609828387014,0.0
max_drop_tr>=2.0 OR dd_close<=-0.1,or,35,45,0.4651649638380822,0.6829268292682927,0.889274156424107,0.5587099210112999,0.8090062257543819,-0.05996820344009873,-0.04488382161928128
max_drop_tr>=2.0 AND dd_close<=-0.1,and,18,62,0.5417841618341942,0.7857142857142857,0.9498450154905382,0.209102462466206,0.8134300863703426,0.016650994556013266,0.05790363482671168
max_drop_tr>=2.0 OR dd_close<=-0.15,or,27,53,0.5351811772753443,0.72,0.9451333812797986,0.4200912391952296,0.7926655535704975,0.010048009997163376,-0.007810650887574044
max_drop_tr>=2.0 AND dd_close<=-0.15,and,14,66,0.5535485337021719,0.7755102040816326,0.6291765882156046,0.17225130598227534,0.8897182333147342,0.028415366423991006,0.04769955319405861
max_drop_tr>=2.0 OR dd_close<=-0.2,or,25,55,0.5483871463930441,0.7358490566037735,0.9108463035995206,0.3897550863640954,0.8137948735236893,0.023253979114863155,0.008038405716199515
max_drop_tr>=2.0 AND dd_close<=-0.2,and,11,69,0.5587099210112999,0.7792207792207793,0.3092336775102016,0.1583101794497246,0.9293957272634594,0.03357675373311897,0.05141012833320524
max_drop_tr>=2.0 OR dd_close<=-0.3,or,22,58,0.5535485337021719,0.7410714285714286,0.9386684915470876,0.2725718723670195,0.8082615313750863,0.028415366423991006,0.013260777683854585
max_drop_tr>=2.0 AND dd_close<=-0.3,and,7,73,0.5483871463930441,0.7784810126582279,0.2575160695555527,0.1583101794497246,0.9003734677657814,0.023253979114863155,0.05067036177065387
max_drop_tr>=2.0 OR dd_low<=-0.2,or,42,38,0.4226848338683858,0.6923076923076923,1.0275822204916585,0.5535485337021719,0.641353220345823,-0.10244833340979514,-0.03550295857988173
max_drop_tr>=2.0 AND dd_low<=-0.2,and,17,63,0.5351811772753443,0.7591240875912408,0.9976534540247,0.2320124924175859,0.8026947129423974,0.010048009997163376,0.03131343670366682
max_drop_tr>=2.0 OR dd_low<=-0.3,or,30,50,0.5417841618341942,0.7346938775510204,0.90038727325194,0.4049231627796625,0.8103651487246546,0.016650994556013266,0.006883226663446429
max_drop_tr>=2.0 AND dd_low<=-0.3,and,12,68,0.5535485337021719,0.7718120805369127,0.6444600350229283,0.17225130598227534,0.8793581649046439,0.028415366423991006,0.04400142964933873
max_drop_tr>=2.0 OR dd_low<=-0.4,or,23,57,0.5483871463930441,0.7363636363636363,0.9320557854212265,0.3131312523164531,0.8086419748965388,0.023253979114863155,0.008552985476062314
max_drop_tr>=2.0 AND dd_low<=-0.4,and,9,71,0.5351811772753443,0.7718120805369127,0.8121913490273142,0.1861924325148261,0.8481711759513395,0.010048009997163376,0.04400142964933873
max_drop_tr>=2.0 OR down_slope>=0.03,or,41,39,0.4408842320037164,0.6805555555555556,0.8474592332809161,0.5483871463930441,0.84061659151983,-0.08424893527446453,-0.04725509533201844
max_drop_tr>=2.0 AND down_slope>=0.03,and,19,61,0.5483871463930441,0.7841726618705036,0.9219632377907852,0.2320124924175859,0.8198782641928853,0.023253979114863155,0.05636201098292959
max_drop_tr>=2.0 OR down_slope>=0.05,or,34,46,0.45302459792089933,0.6823529411764706,0.9246911276984286,0.5736226189635184,0.7845734193922685,-0.0721085693572816,-0.04545770971110341
max_drop_tr>=2.0 AND down_slope>=0.05,and,18,62,0.5535485337021719,0.7857142857142857,0.913720284463582,0.209102462466206,0.8239179115072008,0.028415366423991006,0.05790363482671168
max_drop_tr>=2.0 OR down_slope>=0.08,or,29,51,0.5351811772753443,0.7142857142857143,0.9312979286076378,0.4200912391952296,0.7945536412582241,0.010048009997163376,-0.013524936601859716
max_drop_tr>=2.0 AND down_slope>=0.08,and,15,65,0.5587099210112999,0.7902097902097902,0.6133713119101348,0.1861924325148261,0.8973739377713678,0.03357675373311897,0.06239913932221619
max_drop_tr>=2.0 OR slope_ratio>=0.3,or,37,43,0.5286897771065678,0.7283950617283951,0.8405579209528672,0.4651649638380822,0.8471914548496473,0.003556609828386903,0.0005844108408210591
max_drop_tr>=2.0 AND slope_ratio>=0.3,and,12,68,0.5535485337021719,0.7755102040816326,0.6272483371860215,0.11919450512371174,0.8823955233464511,0.028415366423991006,0.04769955319405861
max_drop_tr>=2.0 OR slope_ratio>=0.5,or,30,50,0.5319354771909561,0.7065217391304348,0.9192347919974374,0.4049231627796625,0.7990566374773561,0.006802309912775195,-0.021288911757139206
max_drop_tr>=2.0 AND slope_ratio>=0.5,and,7,73,0.5351811772753443,0.7697368421052632,0.8291142142740826,0.0800788307976989,0.8455626867653747,0.010048009997163376,0.041926191217689146
max_drop_tr>=2.0 OR slope_ratio>=1.0,or,26,54,0.5319354771909561,0.7070707070707071,0.9284933420213579,0.4049231627796625,0.8035009026154744,0.006802309912775195,-0.020739943816866946
max_drop_tr>=2.0 AND slope_ratio>=1.0,and,2,78,0.5319354771909561,0.7735849056603774,0.06570480896637085,0.06570480896637085,0.8640828976392074,0.006802309912775195,0.04577425477280339
max_drop_tr>=2.0 OR rev_days>=4,or,41,39,0.5588235912850996,0.7105263157894737,0.7701530509303864,0.4200912391952296,0.921887193478079,0.033690424006918684,-0.017284335098100345
max_drop_tr>=2.0 AND rev_days>=4,and,17,63,0.5351811772753443,0.7142857142857143,1.1344086816285386,0.3131312523164531,0.7657925086683456,0.010048009997163376,-0.013524936601859716
max_drop_tr>=2.0 OR rev_days>=5,or,33,47,0.5587099210112999,0.7446808510638298,0.7914878248928586,0.3897550863640954,0.881080370475034,0.03357675373311897,0.016870200176255734
max_drop_tr>=2.0 AND rev_days>=5,and,10,70,0.5319354771909561,0.7341772151898734,0.9925369205033687,0.209102462466206,0.8229215204108177,0.006802309912775195,0.006366564302299427
max_drop_tr>=2.0 OR rev_days>=6,or,29,51,0.5587099210112999,0.7425742574257426,0.8386891499570679,0.3897550863640954,0.8472135350007051,0.03357675373311897,0.01476360653816855
max_drop_tr>=2.0 AND rev_days>=6,and,3,77,0.5286897771065678,0.727810650887574,0.424252456124087,0.1583101794497246,0.8604820553950476,0.003556609828386903,0.0
max_drop_tr>=2.0 OR max_upper_atr>=1.5,or,28,52,0.5417841618341942,0.7475728155339806,1.164632014578094,0.35144316934027425,0.671541908184698,0.016650994556013266,0.019762164646406566
max_drop_tr>=2.0 AND max_upper_atr>=1.5,and,8,72,0.49337076064393803,0.7295597484276729,1.4088097787933616,1.0383554801218051,0.7813805194922783,-0.0317624066342429,0.0017490975400988873
max_drop_tr>=2.0 OR max_upper_atr>=2.0,or,24,56,0.5417841618341942,0.7339449541284404,0.9624297633154356,0.35144316934027425,0.7934207377539371,0.016650994556013266,0.00613430324086639
max_drop_tr>=2.0 AND max_upper_atr>=2.0,and,4,76,0.5251331672781809,0.7289156626506024,1.0583471490222127,0.6138759354503306,0.8328485136539746,0.0,0.0011050117630283518
max_drop_tr>=2.5 OR max_drop_atr>=1.5,or,23,57,0.5483871463930441,0.7387387387387387,0.7779664354291037,0.3131312523164531,0.8708183792793254,0.023253979114863155,0.010928087851164725
max_drop_tr>=2.5 AND max_drop_atr>=1.5,and,14,66,0.5417841618341942,0.6821705426356589,0.8503359057318506,0.2725718723670195,0.8428056508112881,0.016650994556013266,-0.04564010825191511
max_drop_tr>=2.5 OR max_drop_atr>=2.0,or,18,62,0.5535485337021719,0.7226890756302521,0.741838485091383,0.2725718723670195,0.8738190790668715,0.028415366423991006,-0.005121575257321931
max_drop_tr>=2.5 AND max_drop_atr>=2.0,and,13,67,0.5351811772753443,0.722972972972973,0.8857651995293702,0.2320124924175859,0.8360437020881958,0.010048009997163376,-0.004837677914600991
max_drop_tr>=2.5 OR max_drop_atr>=2.5,or,17,63,0.5483871463930441,0.6825396825396826,0.7824565849711677,0.3131312523164531,0.8607637093536679,0.023253979114863155,-0.04527096834789146
max_drop_tr>=2.5 AND max_drop_atr>=2.5,and,7,73,0.5483871463930441,0.7361963190184049,0.3059122101780131,0.1861924325148261,0.8957327419526688,0.023253979114863155,0.008385668130830859
max_drop_tr>=2.5 OR max_drop_atr>=3.0,or,17,63,0.5483871463930441,0.6825396825396826,0.7824565849711677,0.3131312523164531,0.8607637093536679,0.023253979114863155,-0.04527096834789146
max_drop_tr>=2.5 AND max_drop_atr>=3.0,and,7,73,0.5483871463930441,0.7361963190184049,0.3059122101780131,0.1861924325148261,0.8957327419526688,0.023253979114863155,0.008385668130830859
max_drop_tr>=2.5 OR max_bear_body_atr>=1.0,or,41,39,0.5351811772753443,0.7407407407407407,0.9282953406824505,0.4651649638380822,0.7556350427130887,0.010048009997163376,0.012930089853166682
max_drop_tr>=2.5 AND max_bear_body_atr>=1.0,and,14,66,0.5535485337021719,0.6875,0.7717828389336436,0.209102462466206,0.8594684225563624,0.028415366423991006,-0.04031065088757402
max_drop_tr>=2.5 OR max_bear_body_atr>=1.5,or,28,52,0.5469455491433222,0.7403846153846154,0.9508828094873076,0.4049231627796625,0.7866376340028137,0.021812381865141228,0.012573964497041401
max_drop_tr>=2.5 AND max_bear_body_atr>=1.5,and,11,69,0.5587099210112999,0.704225352112676,0.3287437462762064,0.1861924325148261,0.9262854264456908,0.03357675373311897,-0.02358529877489801
max_drop_tr>=2.5 OR max_bear_body_atr>=2.0,or,22,58,0.5587667561481997,0.7304347826086957,1.0130950412818256,0.2725718723670195,0.7800307711308754,0.03363358887001877,0.0026241317211216364
max_drop_tr>=2.5 AND max_bear_body_atr>=2.0,and,7,73,0.5351811772753443,0.7345679012345679,0.4527722821786523,0.2320124924175859,0.8816502692950733,0.010048009997163376,0.006757250346993926
max_drop_tr>=2.5 OR max_bear_body_atr>=2.5,or,19,61,0.5483871463930441,0.6854838709677419,1.1315861931344593,0.3131312523164531,0.7545858682661672,0.023253979114863155,-0.042326779919832136
max_drop_tr>=2.5 AND max_bear_body_atr>=2.5,and,6,74,0.5417841618341942,0.7361963190184049,0.34984492959502056,0.209102462466206,0.8842000818408214,0.016650994556013266,0.008385668130830859
max_drop_tr>=2.5 OR max_bear_body_atr>=3.0,or,17,63,0.5483871463930441,0.6825396825396826,0.7824565849711677,0.3131312523164531,0.8607637093536679,0.023253979114863155,-0.04527096834789146
max_drop_tr>=2.5 AND max_bear_body_atr>=3.0,and,4,76,0.5319354771909561,0.7317073170731707,0.451177419667008,0.209102462466206,0.8648048151989854,0.006802309912775195,0.0038966661855966978
max_drop_tr>=2.5 OR max_consec_bear>=2,or,38,42,0.5417841618341942,0.7073170731707317,0.7379422564991781,0.4118106767080397,0.9401921401624322,0.016650994556013266,-0.02049357771684235
max_drop_tr>=2.5 AND max_consec_bear>=2,and,14,66,0.5417841618341942,0.6875,0.8270944153726137,0.2496618424156396,0.847735663917793,0.016650994556013266,-0.04031065088757402
max_drop_tr>=2.5 OR max_consec_bear>=3,or,25,55,0.5286897771065678,0.6509433962264151,0.7851280409640592,0.4200912391952296,0.8709395383579901,0.003556609828386903,-0.07686725466115896
max_drop_tr>=2.5 AND max_consec_bear>=3,and,6,74,0.5319354771909561,0.7388535031847133,0.6512493653101342,0.14029971891168594,0.859761884350407,0.006802309912775195,0.011042852297139305
max_drop_tr>=2.5 OR max_consec_bear>=4,or,20,60,0.5319354771909561,0.6551724137931034,0.845659676635587,0.4049231627796625,0.8436113683513198,0.006802309912775195,-0.07263823709447059
max_drop_tr>=2.5 AND max_consec_bear>=4,and,2,78,0.5251331672781809,0.7204968944099379,1.340345405732508,1.340345405732508,0.8313998054144347,0.0,-0.007313756477636102
max_drop_tr>=2.5 OR bear_count>=2,or,41,39,0.5588235912850996,0.7142857142857143,0.7081251811746913,0.4200912391952296,0.9870959796315021,0.033690424006918684,-0.013524936601859716
max_drop_tr>=2.5 AND bear_count>=2,and,16,64,0.5417841618341942,0.6850393700787402,0.8051044190821639,0.2725718723670195,0.8538782020074422,0.016650994556013266,-0.042771280808833856
max_drop_tr>=2.5 OR bear_count>=3,or,31,49,0.5351811772753443,0.65,0.794119355695247,0.4200912391952296,0.8757586858620054,0.010048009997163376,-0.077810650887574
max_drop_tr>=2.5 AND bear_count>=3,and,11,69,0.5351811772753443,0.689922480620155,0.9306341433868238,0.1861924325148261,0.8303318848773314,0.010048009997163376,-0.037888170267418975
max_drop_tr>=2.5 OR bear_count>=4,or,25,55,0.5351811772753443,0.6542056074766355,0.7625204914426689,0.3930555553715906,0.8812156972313492,0.010048009997163376,-0.07360504341093854
max_drop_tr>=2.5 AND bear_count>=4,and,6,74,0.5319354771909561,0.7341772151898734,0.700095335083108,0.17225130598227534,0.8558014003147606,0.006802309912775195,0.006366564302299427
max_drop_tr>=2.5 OR max_consec_down>=2,or,35,45,0.5215765574497939,0.6705882352941176,0.8784782659448149,0.5286897771065678,0.8174030294604978,-0.003556609828387014,-0.05722241559345642
max_drop_tr>=2.5 AND max_consec_down>=2,and,10,70,0.5417841618341942,0.6962962962962963,0.622808792880899,0.2496618424156396,0.8757398243568849,0.016650994556013266,-0.031514354591277716
max_drop_tr>=2.5 OR max_consec_down>=3,or,23,57,0.5351811772753443,0.6782608695652174,0.7364922123852387,0.3897550863640954,0.887553592086499,0.010048009997163376,-0.049549781322356656
max_drop_tr>=2.5 AND max_consec_down>=3,and,5,75,0.5351811772753443,0.7454545454545455,0.26266317502993003,0.0944070053085458,0.8828874634485504,0.010048009997163376,0.017643894566971463
max_drop_tr>=2.5 OR max_consec_down>=4,or,19,61,0.5351811772753443,0.6747967479674797,0.7896300112556149,0.3897550863640954,0.8610968101628563,0.010048009997163376,-0.053013902920094336
max_drop_tr>=2.5 AND max_consec_down>=4,and,1,79,0.5215765574497939,0.727810650887574,1.0809715817605348,1.0809715817605348,0.84112536774722,-0.003556609828387014,0.0
max_drop_tr>=2.5 OR dd_close<=-0.1,or,35,45,0.4651649638380822,0.6829268292682927,0.889274156424107,0.5587099210112999,0.8090062257543819,-0.05996820344009873,-0.04488382161928128
max_drop_tr>=2.5 AND dd_close<=-0.1,and,13,67,0.5351811772753443,0.7337662337662337,0.7498665699464317,0.2320124924175859,0.8624120929027957,0.010048009997163376,0.005955582878659715
max_drop_tr>=2.5 OR dd_close<=-0.15,or,24,56,0.5417841618341942,0.7075471698113207,0.7594001095511005,0.4049231627796625,0.8804334465100807,0.016650994556013266,-0.02026348107625331
max_drop_tr>=2.5 AND dd_close<=-0.15,and,12,68,0.5417841618341942,0.7354838709677419,0.7293771692350449,0.209102462466206,0.8643727882789763,0.016650994556013266,0.0076732200801679085
max_drop_tr>=2.5 OR dd_close<=-0.2,or,21,59,0.5483871463930441,0.7168141592920354,0.7368354051236657,0.3897550863640954,0.8823107140032872,0.023253979114863155,-0.010996491595538616
max_drop_tr>=2.5 AND dd_close<=-0.2,and,10,70,0.5535485337021719,0.7453416149068323,0.33502396654771743,0.17225130598227534,0.9168519424044821,0.028415366423991006,0.017530964019258244
max_drop_tr>=2.5 OR dd_close<=-0.3,or,18,62,0.5535485337021719,0.7226890756302521,0.741838485091383,0.2725718723670195,0.8738190790668715,0.028415366423991006,-0.005121575257321931
max_drop_tr>=2.5 AND dd_close<=-0.3,and,6,74,0.5417841618341942,0.7454545454545455,0.2918802832923043,0.17225130598227534,0.8888999180275282,0.016650994556013266,0.017643894566971463
max_drop_tr>=2.5 OR dd_low<=-0.2,or,40,40,0.4226848338683858,0.6707317073170732,1.006473253429465,0.5535485337021719,0.6817736374153084,-0.10244833340979514,-0.057078943570500806
max_drop_tr>=2.5 AND dd_low<=-0.2,and,14,66,0.5319354771909561,0.7210884353741497,0.8936204980260634,0.2725718723670195,0.8336240706276673,0.006802309912775195,-0.006722215513424334
max_drop_tr>=2.5 OR dd_low<=-0.3,or,26,54,0.5417841618341942,0.7142857142857143,0.7582309275064296,0.4049231627796625,0.8854791021967363,0.016650994556013266,-0.013524936601859716
max_drop_tr>=2.5 AND dd_low<=-0.3,and,11,69,0.5483871463930441,0.7371794871794872,0.6983808757400087,0.1861924325148261,0.8673577681253744,0.023253979114863155,0.009368836291913207
max_drop_tr>=2.5 OR dd_low<=-0.4,or,19,61,0.5483871463930441,0.717948717948718,0.7441931043314306,0.3131312523164531,0.87524928936875,0.023253979114863155,-0.009861932938856066
max_drop_tr>=2.5 AND dd_low<=-0.4,and,8,72,0.5319354771909561,0.7371794871794872,0.907298919263848,0.2496618424156396,0.8371039483288909,0.006802309912775195,0.009368836291913207
max_drop_tr>=2.5 OR down_slope>=0.03,or,41,39,0.4408842320037164,0.6805555555555556,0.8474592332809161,0.5483871463930441,0.84061659151983,-0.08424893527446453,-0.04725509533201844
max_drop_tr>=2.5 AND down_slope>=0.03,and,14,66,0.5417841618341942,0.7320261437908496,0.7263111891784888,0.2725718723670195,0.8691139240195771,0.016650994556013266,0.004215492903275608
max_drop_tr>=2.5 OR down_slope>=0.05,or,34,46,0.45302459792089933,0.6823529411764706,0.9246911276984286,0.5736226189635184,0.7845734193922685,-0.0721085693572816,-0.04545770971110341
max_drop_tr>=2.5 AND down_slope>=0.05,and,13,67,0.5483871463930441,0.7337662337662337,0.6998477116014155,0.2320124924175859,0.8721172445219781,0.023253979114863155,0.005955582878659715
max_drop_tr>=2.5 OR down_slope>=0.08,or,27,53,0.5483871463930441,0.7227722772277227,0.7331377812996684,0.3897550863640954,0.9006633120509412,0.023253979114863155,-0.00503837365985127
max_drop_tr>=2.5 AND down_slope>=0.08,and,12,68,0.5417841618341942,0.7337662337662337,0.7553787203046999,0.2725718723670195,0.8597842792666843,0.016650994556013266,0.005955582878659715
max_drop_tr>=2.5 OR slope_ratio>=0.3,or,35,45,0.5351811772753443,0.7380952380952381,0.6825063783064469,0.4200912391952296,0.9698256087347842,0.010048009997163376,0.01028458720766412
max_drop_tr>=2.5 AND slope_ratio>=0.3,and,9,71,0.5351811772753443,0.7215189873417721,0.8212172234707369,0.2320124924175859,0.8470270510218915,0.010048009997163376,-0.0062916635458019066
max_drop_tr>=2.5 OR slope_ratio>=0.5,or,28,52,0.5417841618341942,0.7157894736842105,0.7272901401925954,0.35144316934027425,0.9070336866999664,0.016650994556013266,-0.012021177203363487
max_drop_tr>=2.5 AND slope_ratio>=0.5,and,4,76,0.5251331672781809,0.7177914110429447,1.416943616230738,0.6511744450490141,0.8139750153798418,0.0,-0.010019239844629269
max_drop_tr>=2.5 OR slope_ratio>=1.0,or,23,57,0.5351811772753443,0.7087378640776699,0.7357952887374772,0.3897550863640954,0.887834806891736,0.010048009997163376,-0.019072786809904096
max_drop_tr>=2.5 AND slope_ratio>=1.0,and,0,80,0.5251331672781809,0.727810650887574,,,0.8441234454223865,0.0,0.0
max_drop_tr>=2.5 OR rev_days>=4,or,39,41,0.5483871463930441,0.675,0.8074764318021862,0.4408842320037164,0.8789827998416015,0.023253979114863155,-0.05281065088757397
max_drop_tr>=2.5 AND rev_days>=4,and,14,66,0.5417841618341942,0.6821705426356589,0.8586212118585473,0.2725718723670195,0.8410481616328979,0.016650994556013266,-0.04564010825191511
max_drop_tr>=2.5 OR rev_days>=5,or,29,51,0.5483871463930441,0.6728971962616822,0.7444688842969523,0.3930555553715906,0.900789764493712,0.023253979114863155,-0.05491345462589181
max_drop_tr>=2.5 AND rev_days>=5,and,9,71,0.5351811772753443,0.7358490566037735,0.7895472124844806,0.1861924325148261,0.8510415594567691,0.010048009997163376,0.008038405716199515
max_drop_tr>=2.5 OR rev_days>=6,or,24,56,0.5535485337021719,0.6782608695652174,0.7072100199678705,0.39140532086784297,0.9028006277600362,0.028415366423991006,-0.049549781322356656
max_drop_tr>=2.5 AND rev_days>=6,and,3,77,0.5286897771065678,0.727810650887574,0.424252456124087,0.1583101794497246,0.8604820553950476,0.003556609828386903,0.0
max_drop_tr>=2.5 OR max_upper_atr>=1.5,or,25,55,0.5286897771065678,0.6754385964912281,1.2989468549276397,0.4200912391952296,0.6373855320109076,0.003556609828386903,-0.05237205439634596
max_drop_tr>=2.5 AND max_upper_atr>=1.5,and,6,74,0.5251331672781809,0.7345679012345679,0.6762597326360744,0.6138759354503306,0.857734016729385,0.0,0.006757250346993926
max_drop_tr>=2.5 OR max_upper_atr>=2.0,or,20,60,0.5319354771909561,0.6721311475409836,0.928440687135887,0.4049231627796625,0.8160176981845529,0.006802309912775195,-0.05567950334659044
max_drop_tr>=2.5 AND max_upper_atr>=2.0,and,3,77,0.5286897771065678,0.7305389221556886,0.4713147678051624,0.2320124924175859,0.8586484588360446,0.003556609828386903,0.0027282712681145904
max_drop_tr>=3.0 OR max_drop_atr>=1.5,or,21,59,0.5483871463930441,0.7433628318584071,0.7846379712948135,0.2320124924175859,0.8652962412983025,0.023253979114863155,0.015552180970833107
max_drop_tr>=3.0 AND max_drop_atr>=1.5,and,11,69,0.5483871463930441,0.7354838709677419,0.6974140408236367,0.1861924325148261,0.8675119012279844,0.023253979114863155,0.0076732200801679085
max_drop_tr>=3.0 OR max_drop_atr>=2.0,or,15,65,0.5483871463930441,0.7642857142857142,0.7698338018401663,0.1861924325148261,0.8612672093259759,0.023253979114863155,0.03647506339814022
max_drop_tr>=3.0 AND max_drop_atr>=2.0,and,11,69,0.5483871463930441,0.7354838709677419,0.6974140408236367,0.1861924325148261,0.8675119012279844,0.023253979114863155,0.0076732200801679085
max_drop_tr>=3.0 OR max_drop_atr>=2.5,or,12,68,0.5535485337021719,0.7402597402597403,0.6377319246371369,0.17225130598227534,0.8805454785021365,0.028415366423991006,0.012449089372166267
max_drop_tr>=3.0 AND max_drop_atr>=2.5,and,7,73,0.5483871463930441,0.7361963190184049,0.3059122101780131,0.1861924325148261,0.8957327419526688,0.023253979114863155,0.008385668130830859
max_drop_tr>=3.0 OR max_drop_atr>=3.0,or,12,68,0.5535485337021719,0.7402597402597403,0.6377319246371369,0.17225130598227534,0.8805454785021365,0.028415366423991006,0.012449089372166267
max_drop_tr>=3.0 AND max_drop_atr>=3.0,and,7,73,0.5483871463930441,0.7361963190184049,0.3059122101780131,0.1861924325148261,0.8957327419526688,0.023253979114863155,0.008385668130830859
max_drop_tr>=3.0 OR max_bear_body_atr>=1.0,or,38,42,0.547002384280222,0.7469879518072289,0.9358764939089901,0.4274600251010888,0.7611087825059357,0.02186921700204103,0.01917730091965486
max_drop_tr>=3.0 AND max_bear_body_atr>=1.0,and,12,68,0.5535485337021719,0.7402597402597403,0.6377319246371369,0.17225130598227534,0.8805454785021365,0.028415366423991006,0.012449089372166267
max_drop_tr>=3.0 OR max_bear_body_atr>=1.5,or,24,56,0.5587667561481997,0.7610619469026548,0.8902289542976876,0.2725718723670195,0.8243639416186862,0.03363358887001877,0.03325129601508081
max_drop_tr>=3.0 AND max_bear_body_atr>=1.5,and,10,70,0.5535485337021719,0.7391304347826086,0.3226426122674175,0.17225130598227534,0.9186207073016679,0.028415366423991006,0.01131978389503463
max_drop_tr>=3.0 OR max_bear_body_atr>=2.0,or,17,63,0.5588235912850996,0.7832167832167832,0.9787712976079971,0.1861924325148261,0.8077898980072218,0.033690424006918684,0.05540613232920921
max_drop_tr>=3.0 AND max_bear_body_atr>=2.0,and,7,73,0.5351811772753443,0.7345679012345679,0.4527722821786523,0.2320124924175859,0.8816502692950733,0.010048009997163376,0.006757250346993926
max_drop_tr>=3.0 OR max_bear_body_atr>=2.5,or,14,66,0.5535485337021719,0.743421052631579,1.1322256300493225,0.17225130598227534,0.7830108608045517,0.028415366423991006,0.015610401744004965
max_drop_tr>=3.0 AND max_bear_body_atr>=2.5,and,6,74,0.5417841618341942,0.7361963190184049,0.34984492959502056,0.209102462466206,0.8842000818408214,0.016650994556013266,0.008385668130830859
max_drop_tr>=3.0 OR max_bear_body_atr>=3.0,or,12,68,0.5535485337021719,0.7402597402597403,0.6377319246371369,0.17225130598227534,0.8805454785021365,0.028415366423991006,0.012449089372166267
max_drop_tr>=3.0 AND max_bear_body_atr>=3.0,and,4,76,0.5319354771909561,0.7317073170731707,0.451177419667008,0.209102462466206,0.8648048151989854,0.006802309912775195,0.0038966661855966978
max_drop_tr>=3.0 OR max_consec_bear>=2,or,37,43,0.5351811772753443,0.7108433734939759,0.7465328245344202,0.4035301142208499,0.9280967703724973,0.010048009997163376,-0.016967277393598157
max_drop_tr>=3.0 AND max_consec_bear>=2,and,10,70,0.5535485337021719,0.7419354838709677,0.6350434205547615,0.1263585923791352,0.8739920204034759,0.028415366423991006,0.014124832983393731
max_drop_tr>=3.0 OR max_consec_bear>=3,or,22,58,0.5251331672781809,0.7086614173228346,0.8101188781845036,0.4907954361436637,0.857021729547101,0.0,-0.01914923356473941
max_drop_tr>=3.0 AND max_consec_bear>=3,and,4,76,0.5417841618341942,0.75,0.016025761759749003,0.006338126856143753,0.8877075340362095,0.016650994556013266,0.022189349112425982
max_drop_tr>=3.0 OR max_consec_bear>=4,or,16,64,0.5319354771909561,0.708029197080292,0.8766647654318003,0.2725718723670195,0.8359881154200332,0.006802309912775195,-0.019781453807282023
max_drop_tr>=3.0 AND max_consec_bear>=4,and,1,79,0.5286897771065678,0.7321428571428571,-0.0817307515962583,-0.0817307515962583,0.8558431188023693,0.003556609828386903,0.004332206255283078
max_drop_tr>=3.0 OR bear_count>=2,or,40,40,0.5536053688390719,0.717948717948718,0.7153260297241778,0.4222071731122832,0.9729208611205952,0.02847220156089092,-0.009861932938856066
max_drop_tr>=3.0 AND bear_count>=2,and,12,68,0.5535485337021719,0.7402597402597403,0.6377319246371369,0.17225130598227534,0.8805454785021365,0.028415366423991006,0.012449089372166267
max_drop_tr>=3.0 OR bear_count>=3,or,29,51,0.5351811772753443,0.6568627450980392,0.8000644623749777,0.3930555553715906,0.8691765926454228,0.010048009997163376,-0.0709479057895348
max_drop_tr>=3.0 AND bear_count>=3,and,8,72,0.5417841618341942,0.7419354838709677,0.7504784182586448,0.1263585923791352,0.8545284484405801,0.016650994556013266,0.014124832983393731
max_drop_tr>=3.0 OR bear_count>=4,or,22,58,0.5319354771909561,0.7109375,0.7844284810011054,0.3530934038440219,0.8667663629614932,0.006802309912775195,-0.016873150887574018
max_drop_tr>=3.0 AND bear_count>=4,and,4,76,0.5417841618341942,0.7454545454545455,0.08929471641920954,0.1263585923791352,0.8838512732646592,0.016650994556013266,0.017643894566971463
max_drop_tr>=3.0 OR max_consec_down>=2,or,33,47,0.5215765574497939,0.6781609195402298,0.8888154148603097,0.5286897771065678,0.8127439775191639,-0.003556609828387014,-0.049649731347344184
max_drop_tr>=3.0 AND max_consec_down>=2,and,7,73,0.5483871463930441,0.7453416149068323,0.28499138537472646,0.0944070053085458,0.8977388484406553,0.023253979114863155,0.017530964019258244
max_drop_tr>=3.0 OR max_consec_down>=3,or,19,61,0.5351811772753443,0.7412587412587412,0.6511217693556217,0.2681455785576833,0.9042387215743298,0.010048009997163376,0.013448090371167232
max_drop_tr>=3.0 AND max_consec_down>=3,and,4,76,0.5417841618341942,0.7454545454545455,0.05808607334727882,0.06394130623527375,0.8854938334263395,0.016650994556013266,0.017643894566971463
max_drop_tr>=3.0 OR max_consec_down>=4,or,15,65,0.5351811772753443,0.7350993377483444,0.6956641964502006,0.2320124924175859,0.8783832721082757,0.010048009997163376,0.0072886868607703326
max_drop_tr>=3.0 AND max_consec_down>=4,and,0,80,0.5251331672781809,0.727810650887574,,,0.8441234454223865,0.0,0.0
max_drop_tr>=3.0 OR dd_close<=-0.1,or,32,48,0.45302459792089933,0.7614678899082569,0.8610102370694733,0.5736226189635184,0.8328655843243288,-0.0721085693572816,0.03365723902068285
max_drop_tr>=3.0 AND dd_close<=-0.1,and,11,69,0.5483871463930441,0.7354838709677419,0.6974140408236367,0.1861924325148261,0.8675119012279844,0.023253979114863155,0.0076732200801679085
max_drop_tr>=3.0 OR dd_close<=-0.15,or,20,60,0.5417841618341942,0.7686567164179104,0.6828797681061368,0.2725718723670195,0.8978713378611365,0.016650994556013266,0.04084606553033643
max_drop_tr>=3.0 AND dd_close<=-0.15,and,11,69,0.5483871463930441,0.7354838709677419,0.6974140408236367,0.1861924325148261,0.8675119012279844,0.023253979114863155,0.0076732200801679085
max_drop_tr>=3.0 OR dd_close<=-0.2,or,17,63,0.5483871463930441,0.7730496453900709,0.6415021317937241,0.2320124924175859,0.8987990379888511,0.023253979114863155,0.04523899450249691
max_drop_tr>=3.0 AND dd_close<=-0.2,and,9,71,0.5587099210112999,0.7453416149068323,0.25214089819073776,0.1583101794497246,0.9191634866207645,0.03357675373311897,0.017530964019258244
max_drop_tr>=3.0 OR dd_close<=-0.3,or,14,66,0.5535485337021719,0.7755102040816326,0.6275061046100872,0.17225130598227534,0.8900725783219652,0.028415366423991006,0.04769955319405861
max_drop_tr>=3.0 AND dd_close<=-0.3,and,5,75,0.5483871463930441,0.7454545454545455,0.13406202359865826,0.1583101794497246,0.8914608735439685,0.023253979114863155,0.017643894566971463
max_drop_tr>=3.0 OR dd_low<=-0.2,or,38,42,0.4122883374641424,0.7352941176470589,1.0381337845162966,0.5736226189635184,0.6685902814802775,-0.11284482981403854,0.007483466759484858
max_drop_tr>=3.0 AND dd_low<=-0.2,and,11,69,0.5483871463930441,0.7354838709677419,0.6974140408236367,0.1861924325148261,0.8675119012279844,0.023253979114863155,0.0076732200801679085
max_drop_tr>=3.0 OR dd_low<=-0.3,or,22,58,0.5417841618341942,0.7744360902255639,0.6884544021847042,0.2725718723670195,0.9031703238918524,0.016650994556013266,0.046625439337989905
max_drop_tr>=3.0 AND dd_low<=-0.3,and,10,70,0.5535485337021719,0.7371794871794872,0.6601218051379562,0.17225130598227534,0.8704093940344481,0.028415366423991006,0.009368836291913207
max_drop_tr>=3.0 OR dd_low<=-0.4,or,15,65,0.5483871463930441,0.7724137931034483,0.6381107810129004,0.1861924325148261,0.8916648295168834,0.023253979114863155,0.04460314221587425
max_drop_tr>=3.0 AND dd_low<=-0.4,and,7,73,0.5351811772753443,0.7371794871794872,0.8824885389071786,0.1861924325148261,0.8404446008416532,0.010048009997163376,0.009368836291913207
max_drop_tr>=3.0 OR down_slope>=0.03,or,39,41,0.4408842320037164,0.7653061224489796,0.8100936388485175,0.5483871463930441,0.8764932614316766,-0.08424893527446453,0.037495471561405536
max_drop_tr>=3.0 AND down_slope>=0.03,and,11,69,0.5483871463930441,0.7354838709677419,0.6974140408236367,0.1861924325148261,0.8675119012279844,0.023253979114863155,0.0076732200801679085
max_drop_tr>=3.0 OR down_slope>=0.05,or,32,48,0.45302459792089933,0.7567567567567568,0.8839788028850376,0.5736226189635184,0.8175532071139525,-0.0721085693572816,0.02894610586918278
max_drop_tr>=3.0 AND down_slope>=0.05,and,10,70,0.5535485337021719,0.7371794871794872,0.6601218051379562,0.17225130598227534,0.8704093940344481,0.028415366423991006,0.009368836291913207
max_drop_tr>=3.0 OR down_slope>=0.08,or,25,55,0.5483871463930441,0.7795275590551181,0.6657017378266272,0.3131312523164531,0.9252242216022774,0.023253979114863155,0.05171690816754404
max_drop_tr>=3.0 AND down_slope>=0.08,and,9,71,0.5483871463930441,0.7371794871794872,0.7297491604686177,0.1861924325148261,0.8586215942193433,0.023253979114863155,0.009368836291913207
max_drop_tr>=3.0 OR slope_ratio>=0.3,or,30,50,0.547002384280222,0.8035714285714286,0.607958146395381,0.2906384154370682,0.98582262483859,0.02186921700204103,0.07576077768385459
max_drop_tr>=3.0 AND slope_ratio>=0.3,and,9,71,0.5351811772753443,0.7215189873417721,0.8212172234707369,0.2320124924175859,0.8470270510218915,0.010048009997163376,-0.0062916635458019066
max_drop_tr>=3.0 OR slope_ratio>=0.5,or,23,57,0.5483871463930441,0.7804878048780488,0.6397889163708026,0.2320124924175859,0.9265742203028504,0.023253979114863155,0.05267715399047479
max_drop_tr>=3.0 AND slope_ratio>=0.5,and,4,76,0.5251331672781809,0.7177914110429447,1.416943616230738,0.6511744450490141,0.8139750153798418,0.0,-0.010019239844629269
max_drop_tr>=3.0 OR slope_ratio>=1.0,or,18,62,0.5417841618341942,0.7709923664122137,0.626350710672098,0.209102462466206,0.9073477877692445,0.016650994556013266,0.043181715524639674
max_drop_tr>=3.0 AND slope_ratio>=1.0,and,0,80,0.5251331672781809,0.727810650887574,,,0.8441234454223865,0.0,0.0
max_drop_tr>=3.0 OR rev_days>=4,or,37,43,0.5483871463930441,0.6829268292682927,0.8128581141245124,0.4408842320037164,0.8710261723531156,0.023253979114863155,-0.04488382161928128
max_drop_tr>=3.0 AND rev_days>=4,and,11,69,0.5483871463930441,0.7354838709677419,0.7079589758939782,0.1861924325148261,0.8658308246225678,0.023253979114863155,0.0076732200801679085
max_drop_tr>=3.0 OR rev_days>=5,or,25,55,0.5483871463930441,0.7407407407407407,0.6808636151003179,0.3131312523164531,0.918332459205145,0.023253979114863155,0.012930089853166682
max_drop_tr>=3.0 AND rev_days>=5,and,8,72,0.5417841618341942,0.7358490566037735,0.7531191663249737,0.17225130598227534,0.8542350319887658,0.016650994556013266,0.008038405716199515
max_drop_tr>=3.0 OR rev_days>=6,or,20,60,0.5535485337021719,0.7412587412587412,0.620251660606261,0.2725718723670195,0.9187473736944285,0.028415366423991006,0.013448090371167232
max_drop_tr>=3.0 AND rev_days>=6,and,2,78,0.5319354771909561,0.727810650887574,0.09589289330586315,0.09589289330586315,0.8633088441946052,0.006802309912775195,0.0
max_drop_tr>=3.0 OR max_upper_atr>=1.5,or,22,58,0.5251331672781809,0.7375886524822695,1.3137001583895633,0.5498537514843703,0.6660081405038022,0.0,0.00977800159469544
max_drop_tr>=3.0 AND max_upper_atr>=1.5,and,4,76,0.5319354771909561,0.7361963190184049,0.49521185889320896,0.209102462466206,0.8624872131344484,0.006802309912775195,0.008385668130830859
max_drop_tr>=3.0 OR max_upper_atr>=2.0,or,16,64,0.5319354771909561,0.7315436241610739,0.8697233920210381,0.2725718723670195,0.8377234587727237,0.006802309912775195,0.003732973273499862
max_drop_tr>=3.0 AND max_upper_atr>=2.0,and,2,78,0.5319354771909561,0.7321428571428571,0.209102462466206,0.209102462466206,0.8604060347289553,0.006802309912775195,0.004332206255283078
max_drop_atr>=1.5 OR max_bear_body_atr>=1.0,or,40,40,0.5283788673625691,0.7439024390243902,0.9865930660743881,0.49692737047232505,0.701653824770385,0.003245700084388181,0.01609178813681622
max_drop_atr>=1.5 AND max_bear_body_atr>=1.0,and,18,62,0.5535485337021719,0.7391304347826086,0.6997640486761969,0.209102462466206,0.8860342380261191,0.028415366423991006,0.01131978389503463
max_drop_atr>=1.5 OR max_bear_body_atr>=1.5,or,29,51,0.5215765574497939,0.7352941176470589,1.02290789942518,0.5286897771065678,0.742461697067857,-0.003556609828387014,0.007483466759484858
max_drop_atr>=1.5 AND max_bear_body_atr>=1.5,and,13,67,0.5588235912850996,0.7575757575757576,0.29007519980371216,0.1583101794497246,0.95162534382601,0.033690424006918684,0.02976510668818355
max_drop_atr>=1.5 OR max_bear_body_atr>=2.0,or,24,56,0.5469455491433222,0.7454545454545455,1.0586575065284778,0.2725718723670195,0.752180276376919,0.021812381865141228,0.017643894566971463
max_drop_atr>=1.5 AND max_bear_body_atr>=2.0,and,8,72,0.5417841618341942,0.7677419354838709,0.40551544160785685,0.209102462466206,0.8928576680684456,0.016650994556013266,0.03993128459629691
max_drop_atr>=1.5 OR max_bear_body_atr>=2.5,or,22,58,0.5417841618341942,0.7410714285714286,1.1214162593260488,0.2725718723670195,0.7389434125623768,0.016650994556013266,0.013260777683854585
max_drop_atr>=1.5 AND max_bear_body_atr>=2.5,and,6,74,0.5417841618341942,0.7361963190184049,0.3537427246745615,0.209102462466206,0.88388404440194,0.016650994556013266,0.008385668130830859
max_drop_atr>=1.5 OR max_bear_body_atr>=3.0,or,20,60,0.5417841618341942,0.7368421052631579,0.8248084375302722,0.2725718723670195,0.8505617813864248,0.016650994556013266,0.009031454375583836
max_drop_atr>=1.5 AND max_bear_body_atr>=3.0,and,4,76,0.5319354771909561,0.7317073170731707,0.451177419667008,0.209102462466206,0.8648048151989854,0.006802309912775195,0.0038966661855966978
max_drop_atr>=1.5 OR max_consec_bear>=2,or,38,42,0.5417841618341942,0.7375,0.7289945615413485,0.39829283479622024,0.9482876736957067,0.016650994556013266,0.009689349112426027
max_drop_atr>=1.5 AND max_consec_bear>=2,and,17,63,0.5351811772753443,0.7203389830508474,0.8890435899829244,0.3131312523164531,0.8320021365727176,0.010048009997163376,-0.007471667836726592
max_drop_atr>=1.5 OR max_consec_bear>=3,or,26,54,0.5319354771909561,0.7216494845360825,0.8148696572117894,0.39140532086784297,0.8582086027089703,0.006802309912775195,-0.006161166351491554
max_drop_atr>=1.5 AND max_consec_bear>=3,and,8,72,0.5251331672781809,0.7337662337662337,0.6929366168189186,0.3873638747152815,0.8609219819338831,0.0,0.005955582878659715
max_drop_atr>=1.5 OR max_consec_bear>=4,or,22,58,0.5319354771909561,0.7169811320754716,0.8663699505923875,0.35144316934027425,0.835685115875145,0.006802309912775195,-0.010829518812102368
max_drop_atr>=1.5 AND max_consec_bear>=4,and,3,77,0.5215765574497939,0.7169811320754716,1.2427174124132743,1.0474614257748065,0.8285938103448195,-0.003556609828387014,-0.010829518812102368
max_drop_atr>=1.5 OR bear_count>=2,or,41,39,0.5588235912850996,0.7466666666666667,0.6998321956040198,0.4035301142208499,0.99581424651349,0.033690424006918684,0.018856015779092683
max_drop_atr>=1.5 AND bear_count>=2,and,19,61,0.5351811772753443,0.717948717948718,0.8640047326214603,0.3131312523164531,0.8379309133439865,0.010048009997163376,-0.009861932938856066
max_drop_atr>=1.5 OR bear_count>=3,or,32,48,0.5535485337021719,0.7362637362637363,0.729309201370937,0.35144316934027425,0.9206662747900195,0.028415366423991006,0.008453085376162295
max_drop_atr>=1.5 AND bear_count>=3,and,13,67,0.5215765574497939,0.6746031746031746,1.1316298435410255,0.5885353169157369,0.7883386219068298,-0.003556609828387014,-0.05320747628439937
max_drop_atr>=1.5 OR bear_count>=4,or,27,53,0.5351811772753443,0.7216494845360825,0.7855539876439815,0.3897550863640954,0.8739607163661024,0.010048009997163376,-0.006161166351491554
max_drop_atr>=1.5 AND bear_count>=4,and,7,73,0.5286897771065678,0.7307692307692307,0.749719062324779,0.1861924325148261,0.8531759205139381,0.003556609828386903,0.002958579881656709
max_drop_atr>=1.5 OR max_consec_down>=2,or,35,45,0.5351811772753443,0.7108433734939759,0.8404457982357373,0.4651649638380822,0.8469838376786694,0.010048009997163376,-0.016967277393598157
max_drop_atr>=1.5 AND max_consec_down>=2,and,13,67,0.5286897771065678,0.72,0.8272023926709462,0.3897550863640954,0.8474066347622182,0.003556609828386903,-0.007810650887574044
max_drop_atr>=1.5 OR max_consec_down>=3,or,24,56,0.5417841618341942,0.7452830188679245,0.7707387895110639,0.2906384154370682,0.8755740122415249,0.016650994556013266,0.017472367980350456
max_drop_atr>=1.5 AND max_consec_down>=3,and,7,73,0.5286897771065678,0.7407407407407407,0.4213303739771705,0.1861924325148261,0.8846652467938458,0.003556609828386903,0.012930089853166682
max_drop_atr>=1.5 OR max_consec_down>=4,or,21,59,0.5351811772753443,0.7345132743362832,0.8166626473417842,0.3131312523164531,0.8538976277900586,0.010048009997163376,0.0067026234487092
max_drop_atr>=1.5 AND max_consec_down>=4,and,2,78,0.49337076064393803,0.7245508982035929,1.0642165037676707,1.0642165037676707,0.8384800336699434,-0.0317624066342429,-0.003259752683981154
max_drop_atr>=1.5 OR dd_close<=-0.1,or,33,47,0.4408842320037164,0.6785714285714286,0.9310083511837236,0.5885353169157369,0.7831191498878308,-0.08424893527446453,-0.049239222316145415
max_drop_atr>=1.5 AND dd_close<=-0.1,and,18,62,0.5417841618341942,0.7857142857142857,0.7413328945100041,0.209102462466206,0.8739658634292072,0.016650994556013266,0.05790363482671168
max_drop_atr>=1.5 OR dd_close<=-0.15,or,23,57,0.5351811772753443,0.7238095238095238,0.8577420212362405,0.3897550863640954,0.8386282306203052,0.010048009997163376,-0.004001127078050226
max_drop_atr>=1.5 AND dd_close<=-0.15,and,16,64,0.5417841618341942,0.7708333333333334,0.6527793111068131,0.209102462466206,0.8919594790012799,0.016650994556013266,0.04302268244575935
max_drop_atr>=1.5 OR dd_close<=-0.2,or,22,58,0.5417841618341942,0.7339449541284404,0.8194583731655363,0.35144316934027425,0.8534791624853298,0.016650994556013266,0.00613430324086639
max_drop_atr>=1.5 AND dd_close<=-0.2,and,12,68,0.5535485337021719,0.7777777777777778,0.3325088141273295,0.17225130598227534,0.9344083803568084,0.028415366423991006,0.04996712689020377
max_drop_atr>=1.5 OR dd_close<=-0.3,or,20,60,0.5417841618341942,0.7368421052631579,0.8248084375302722,0.2725718723670195,0.8505617813864248,0.016650994556013266,0.009031454375583836
max_drop_atr>=1.5 AND dd_close<=-0.3,and,7,73,0.5483871463930441,0.7784810126582279,0.2575160695555527,0.1583101794497246,0.9003734677657814,0.023253979114863155,0.05067036177065387
max_drop_atr>=1.5 OR dd_low<=-0.2,or,40,40,0.4122883374641424,0.6875,1.0689283343717197,0.5736226189635184,0.6193185564730536,-0.11284482981403854,-0.04031065088757402
max_drop_atr>=1.5 AND dd_low<=-0.2,and,17,63,0.5351811772753443,0.7591240875912408,0.7768759141629579,0.2320124924175859,0.8622696046511212,0.010048009997163376,0.03131343670366682
max_drop_atr>=1.5 OR dd_low<=-0.3,or,27,53,0.5351811772753443,0.7326732673267327,0.8247609191559993,0.3897550863640954,0.853987373897716,0.010048009997163376,0.00486261643915864
max_drop_atr>=1.5 AND dd_low<=-0.3,and,13,67,0.5483871463930441,0.7702702702702703,0.6401581336300672,0.1861924325148261,0.8836988044268665,0.023253979114863155,0.04245961938269627
max_drop_atr>=1.5 OR dd_low<=-0.4,or,21,59,0.5351811772753443,0.7321428571428571,0.8229878572027493,0.3131312523164531,0.8516462819073423,0.010048009997163376,0.004332206255283078
max_drop_atr>=1.5 AND dd_low<=-0.4,and,9,71,0.5351811772753443,0.7718120805369127,0.8121913490273142,0.1861924325148261,0.8481711759513395,0.010048009997163376,0.04400142964933873
max_drop_atr>=1.5 OR down_slope>=0.03,or,40,40,0.4226848338683858,0.6712328767123288,0.8691149979482979,0.5535485337021719,0.8191318928964753,-0.10244833340979514,-0.05657777417524523
max_drop_atr>=1.5 AND down_slope>=0.03,and,18,62,0.5417841618341942,0.7857142857142857,0.7413328945100041,0.209102462466206,0.8739658634292072,0.016650994556013266,0.05790363482671168
max_drop_atr>=1.5 OR down_slope>=0.05,or,34,46,0.4226848338683858,0.6666666666666666,0.9560509153216394,0.5968643456572238,0.7613944459316345,-0.10244833340979514,-0.06114398422090739
max_drop_atr>=1.5 AND down_slope>=0.05,and,16,64,0.5535485337021719,0.7902097902097902,0.7016371423578015,0.17225130598227534,0.8797450211885328,0.028415366423991006,0.06239913932221619
max_drop_atr>=1.5 OR down_slope>=0.08,or,28,52,0.5283788673625691,0.7070707070707071,0.8457284702483422,0.4743905081508987,0.8432592012853336,0.003245700084388181,-0.020739943816866946
max_drop_atr>=1.5 AND down_slope>=0.08,and,14,66,0.5535485337021719,0.7916666666666666,0.598091026992104,0.17225130598227534,0.8963121402409314,0.028415366423991006,0.06385601577909261
max_drop_atr>=1.5 OR slope_ratio>=0.3,or,34,46,0.5251331672781809,0.7261904761904762,0.7752226380855843,0.5067760551155631,0.89505012910611,0.0,-0.0016201746970978537
max_drop_atr>=1.5 AND slope_ratio>=0.3,and,13,67,0.5483871463930441,0.773972602739726,0.6242704125498458,0.1583101794497246,0.8867814965767603,0.023253979114863155,0.046161951852151994
max_drop_atr>=1.5 OR slope_ratio>=0.5,or,28,52,0.5251331672781809,0.7021276595744681,0.8365180605890226,0.47423250368769765,0.8482186526403518,0.0,-0.02568299131310592
max_drop_atr>=1.5 AND slope_ratio>=0.5,and,7,73,0.5351811772753443,0.7697368421052632,0.8291142142740826,0.0800788307976989,0.8455626867653747,0.010048009997163376,0.041926191217689146
max_drop_atr>=1.5 OR slope_ratio>=1.0,or,24,56,0.5251331672781809,0.7029702970297029,0.8327620345468677,0.47423250368769765,0.8489926215118946,0.0,-0.02484035385787109
max_drop_atr>=1.5 AND slope_ratio>=1.0,and,2,78,0.5319354771909561,0.7735849056603774,0.06570480896637085,0.06570480896637085,0.8640828976392074,0.006802309912775195,0.04577425477280339
max_drop_atr>=1.5 OR rev_days>=4,or,39,41,0.5588235912850996,0.717948717948718,0.773344730011988,0.3930555553715906,0.9114495405688632,0.033690424006918684,-0.009861932938856066
max_drop_atr>=1.5 AND rev_days>=4,and,17,63,0.5286897771065678,0.7058823529411765,0.9733082436431165,0.3897550863640954,0.8092640554263166,0.003556609828386903,-0.0219282979463975
max_drop_atr>=1.5 OR rev_days>=5,or,29,51,0.5587099210112999,0.7474747474747475,0.7009849453566657,0.3131312523164531,0.9255159258519141,0.03357675373311897,0.019664096587173496
max_drop_atr>=1.5 AND rev_days>=5,and,12,68,0.5251331672781809,0.7290322580645161,0.9634471623103527,0.4102739046666614,0.8230663189127455,0.0,0.0012216071769420855
max_drop_atr>=1.5 OR rev_days>=6,or,26,54,0.5535485337021719,0.7428571428571429,0.7353840715211415,0.35144316934027425,0.8964794402637267,0.028415366423991006,0.015046491969568865
max_drop_atr>=1.5 AND rev_days>=6,and,4,76,0.5251331672781809,0.7245508982035929,0.5800546985367669,0.6028858026122655,0.8580218005216297,0.0,-0.003259752683981154
max_drop_atr>=1.5 OR max_upper_atr>=1.5,or,27,53,0.5286897771065678,0.7403846153846154,1.2147004384933888,0.3897550863640954,0.6553389395182913,0.003556609828386903,0.012573964497041401
max_drop_atr>=1.5 AND max_upper_atr>=1.5,and,7,73,0.5215765574497939,0.73125,0.9898178193973629,1.0474614257748065,0.8301527520275258,-0.003556609828387014,0.003439349112425938
max_drop_atr>=1.5 OR max_upper_atr>=2.0,or,23,57,0.5286897771065678,0.7272727272727273,0.8669354623749151,0.3897550863640954,0.8349185964766295,0.003556609828386903,-0.0005379236148467248
max_drop_atr>=1.5 AND max_upper_atr>=2.0,and,3,77,0.5286897771065678,0.7305389221556886,1.079216405868592,0.2320124924175859,0.8349639794309759,0.003556609828386903,0.0027282712681145904
max_drop_atr>=2.0 OR max_bear_body_atr>=1.0,or,39,41,0.5351811772753443,0.7469879518072289,0.9395968807769782,0.4651649638380822,0.7533072508167992,0.010048009997163376,0.01917730091965486
max_drop_atr>=2.0 AND max_bear_body_atr>=1.0,and,13,67,0.5483871463930441,0.7588652482269503,0.8065620614812554,0.1861924325148261,0.8514114751423076,0.023253979114863155,0.031054597339376322
max_drop_atr>=2.0 OR max_bear_body_atr>=1.5,or,26,54,0.5469455491433222,0.7452830188679245,0.9695726172294735,0.35144316934027425,0.7837219923300855,0.021812381865141228,0.017472367980350456
max_drop_atr>=2.0 AND max_bear_body_atr>=1.5,and,10,70,0.5535485337021719,0.7677419354838709,0.3296528263223579,0.17225130598227534,0.9176192481509621,0.028415366423991006,0.03993128459629691
max_drop_atr>=2.0 OR max_bear_body_atr>=2.0,or,19,61,0.5587099210112999,0.7720588235294118,1.0780265896925136,0.1882353051173511,0.7712683676989044,0.03357675373311897,0.04424817264183778
max_drop_atr>=2.0 AND max_bear_body_atr>=2.0,and,7,73,0.5351811772753443,0.7628205128205128,0.46278687368571003,0.2320124924175859,0.8806899659998761,0.010048009997163376,0.03500986193293876
max_drop_atr>=2.0 OR max_bear_body_atr>=2.5,or,17,63,0.5483871463930441,0.7681159420289855,1.16152251486161,0.1861924325148261,0.7584760774784691,0.023253979114863155,0.04030529114141146
max_drop_atr>=2.0 AND max_bear_body_atr>=2.5,and,5,75,0.5351811772753443,0.7317073170731707,0.42356818619689696,0.2320124924175859,0.8721604627040859,0.010048009997163376,0.0038966661855966978
max_drop_atr>=2.0 OR max_bear_body_atr>=3.0,or,14,66,0.5417841618341942,0.7588652482269503,0.826162741501204,0.209102462466206,0.847933291708698,0.016650994556013266,0.031054597339376322
max_drop_atr>=2.0 AND max_bear_body_atr>=3.0,and,4,76,0.5319354771909561,0.7317073170731707,0.451177419667008,0.209102462466206,0.8648048151989854,0.006802309912775195,0.0038966661855966978
max_drop_atr>=2.0 OR max_consec_bear>=2,or,37,43,0.5351811772753443,0.7108433734939759,0.7465328245344202,0.4035301142208499,0.9280967703724973,0.010048009997163376,-0.016967277393598157
max_drop_atr>=2.0 AND max_consec_bear>=2,and,12,68,0.5417841618341942,0.7605633802816901,0.8553274575765689,0.17225130598227534,0.8421462668069426,0.016650994556013266,0.03275272939411611
max_drop_atr>=2.0 OR max_consec_bear>=3,or,22,58,0.5251331672781809,0.743801652892562,0.8133053391185673,0.4907954361436637,0.8558130719514215,0.0,0.01599100200498793
max_drop_atr>=2.0 AND max_consec_bear>=3,and,6,74,0.5319354771909561,0.7388535031847133,0.6512493653101342,0.14029971891168594,0.859761884350407,0.006802309912775195,0.011042852297139305
max_drop_atr>=2.0 OR max_consec_bear>=4,or,17,63,0.5286897771065678,0.7404580152671756,0.8928064687775732,0.3131312523164531,0.8309867565805109,0.003556609828386903,0.012647364379601567
max_drop_atr>=2.0 AND max_consec_bear>=4,and,2,78,0.5251331672781809,0.7204968944099379,1.340345405732508,1.340345405732508,0.8313998054144347,0.0,-0.007313756477636102
max_drop_atr>=2.0 OR bear_count>=2,or,40,40,0.5536053688390719,0.717948717948718,0.7153260297241778,0.4222071731122832,0.9729208611205952,0.02847220156089092,-0.009861932938856066
max_drop_atr>=2.0 AND bear_count>=2,and,14,66,0.5417841618341942,0.7588652482269503,0.826162741501204,0.209102462466206,0.847933291708698,0.016650994556013266,0.031054597339376322
max_drop_atr>=2.0 OR bear_count>=3,or,30,50,0.5417841618341942,0.7052631578947368,0.7751066732003135,0.39140532086784297,0.8855335087556305,0.016650994556013266,-0.022547492992837204
max_drop_atr>=2.0 AND bear_count>=3,and,9,71,0.5286897771065678,0.7248322147651006,1.0962213160339254,0.1861924325148261,0.8121673773166985,0.003556609828386903,-0.0029784361224733935
max_drop_atr>=2.0 OR bear_count>=4,or,22,58,0.5319354771909561,0.7459016393442623,0.7876149419351693,0.3530934038440219,0.8655577053658139,0.006802309912775195,0.01809098845668833
max_drop_atr>=2.0 AND bear_count>=4,and,6,74,0.5319354771909561,0.7341772151898734,0.700095335083108,0.17225130598227534,0.8558014003147606,0.006802309912775195,0.006366564302299427
max_drop_atr>=2.0 OR max_consec_down>=2,or,33,47,0.5215765574497939,0.6781609195402298,0.8888154148603097,0.5286897771065678,0.8127439775191639,-0.003556609828387014,-0.049649731347344184
max_drop_atr>=2.0 AND max_consec_down>=2,and,9,71,0.5351811772753443,0.7635135135135135,0.6564927758882555,0.1861924325148261,0.8679076147999524,0.010048009997163376,0.03570286262593947
max_drop_atr>=2.0 OR max_consec_down>=3,or,20,60,0.5319354771909561,0.7615384615384615,0.7601918660683745,0.2906384154370682,0.8721006385403905,0.006802309912775195,0.03372781065088748
max_drop_atr>=2.0 AND max_consec_down>=3,and,5,75,0.5351811772753443,0.7454545454545455,0.26266317502993003,0.0944070053085458,0.8828874634485504,0.010048009997163376,0.017643894566971463
max_drop_atr>=2.0 OR max_consec_down>=4,or,16,64,0.5319354771909561,0.7536231884057971,0.8292179156477304,0.2725718723670195,0.8478498278660507,0.006802309912775195,0.0258125375182231
max_drop_atr>=2.0 AND max_consec_down>=4,and,1,79,0.5215765574497939,0.727810650887574,1.0809715817605348,1.0809715817605348,0.84112536774722,-0.003556609828387014,0.0
max_drop_atr>=2.0 OR dd_close<=-0.1,or,32,48,0.430487735599473,0.7378640776699029,0.9479225157093368,0.5968643456572238,0.7749240652310864,-0.09464543167870793,0.0100534267823289
max_drop_atr>=2.0 AND dd_close<=-0.1,and,13,67,0.5483871463930441,0.7702702702702703,0.6772197552273524,0.1861924325148261,0.8765077435199307,0.023253979114863155,0.04245961938269627
max_drop_atr>=2.0 OR dd_close<=-0.15,or,20,60,0.5283788673625691,0.75,0.8219394139299186,0.4209105147115105,0.8515181225865426,0.003245700084388181,0.022189349112425982
max_drop_atr>=2.0 AND dd_close<=-0.15,and,13,67,0.5483871463930441,0.7702702702702703,0.6772197552273524,0.1861924325148261,0.8765077435199307,0.023253979114863155,0.04245961938269627
max_drop_atr>=2.0 OR dd_close<=-0.2,or,17,63,0.5351811772753443,0.7555555555555555,0.8051017151158203,0.3131312523164531,0.854653118679714,0.010048009997163376,0.027744904667981518
max_drop_atr>=2.0 AND dd_close<=-0.2,and,11,69,0.5587099210112999,0.7792207792207793,0.3092336775102016,0.1583101794497246,0.9293957272634594,0.03357675373311897,0.05141012833320524
max_drop_atr>=2.0 OR dd_close<=-0.3,or,14,66,0.5417841618341942,0.7588652482269503,0.826162741501204,0.209102462466206,0.847933291708698,0.016650994556013266,0.031054597339376322
max_drop_atr>=2.0 AND dd_close<=-0.3,and,7,73,0.5483871463930441,0.7784810126582279,0.2575160695555527,0.1583101794497246,0.9003734677657814,0.023253979114863155,0.05067036177065387
max_drop_atr>=2.0 OR dd_low<=-0.2,or,37,43,0.4044854357330552,0.7281553398058253,1.066698788244152,0.5885353169157369,0.6526051271804023,-0.12064773154512576,0.0003446889182512347
max_drop_atr>=2.0 AND dd_low<=-0.2,and,14,66,0.5417841618341942,0.7588652482269503,0.826162741501204,0.209102462466206,0.847933291708698,0.016650994556013266,0.031054597339376322
max_drop_atr>=2.0 OR dd_low<=-0.3,or,22,58,0.5283788673625691,0.7559055118110236,0.8148722620245059,0.4209105147115105,0.8552187218836518,0.003245700084388181,0.028094860923449594
max_drop_atr>=2.0 AND dd_low<=-0.3,and,12,68,0.5535485337021719,0.7718120805369127,0.6444600350229283,0.17225130598227534,0.8793581649046439,0.028415366423991006,0.04400142964933873
max_drop_atr>=2.0 OR dd_low<=-0.4,or,15,65,0.5351811772753443,0.7553956834532374,0.8235236421112762,0.2320124924175859,0.8488772461864891,0.010048009997163376,0.02758503256566336
max_drop_atr>=2.0 AND dd_low<=-0.4,and,9,71,0.5351811772753443,0.7718120805369127,0.8121913490273142,0.1861924325148261,0.8481711759513395,0.010048009997163376,0.04400142964933873
max_drop_atr>=2.0 OR down_slope>=0.03,or,39,41,0.4044854357330552,0.7391304347826086,0.8814062777325082,0.5587099210112999,0.8086592878591,-0.12064773154512576,0.01131978389503463
max_drop_atr>=2.0 AND down_slope>=0.03,and,13,67,0.5483871463930441,0.7702702702702703,0.6772197552273524,0.1861924325148261,0.8765077435199307,0.023253979114863155,0.04245961938269627
max_drop_atr>=2.0 OR down_slope>=0.05,or,32,48,0.4226848338683858,0.7333333333333333,0.9708910815249012,0.5968643456572238,0.7596116880207102,-0.10244833340979514,0.005522682445759264
max_drop_atr>=2.0 AND down_slope>=0.05,and,12,68,0.5535485337021719,0.7718120805369127,0.6444600350229283,0.17225130598227534,0.8793581649046439,0.028415366423991006,0.04400142964933873
max_drop_atr>=2.0 OR down_slope>=0.08,or,25,55,0.5351811772753443,0.7603305785123967,0.7769494544856527,0.4200912391952296,0.8746570776663567,0.010048009997163376,0.0325199276248227
max_drop_atr>=2.0 AND down_slope>=0.08,and,11,69,0.5483871463930441,0.7718120805369127,0.7000040739193761,0.1861924325148261,0.8670989974011274,0.023253979114863155,0.04400142964933873
max_drop_atr>=2.0 OR slope_ratio>=0.3,or,31,49,0.5286897771065678,0.7830188679245284,0.7129325448418581,0.4651649638380822,0.9271217702794555,0.003556609828386903,0.05520821703695433
max_drop_atr>=2.0 AND slope_ratio>=0.3,and,10,70,0.5417841618341942,0.7549668874172185,0.7442285798371675,0.19516133593365526,0.8583941405059894,0.016650994556013266,0.027156236529644495
max_drop_atr>=2.0 OR slope_ratio>=0.5,or,24,56,0.5319354771909561,0.7606837606837606,0.774054565615193,0.2906384154370682,0.8741529653397553,0.006802309912775195,0.03287310979618663
max_drop_atr>=2.0 AND slope_ratio>=0.5,and,5,75,0.5286897771065678,0.75,1.1438210504115989,0.2320124924175859,0.8241436050897725,0.003556609828386903,0.022189349112425982
max_drop_atr>=2.0 OR slope_ratio>=1.0,or,19,61,0.5286897771065678,0.752,0.7966566994912597,0.3131312523164531,0.8589081695648687,0.003556609828386903,0.024189349112425984
max_drop_atr>=2.0 AND slope_ratio>=1.0,and,1,79,0.5286897771065678,0.7592592592592593,0.0513307871350428,0.0513307871350428,0.8541587955272896,0.003556609828386903,0.03144860837168528
max_drop_atr>=2.0 OR rev_days>=4,or,37,43,0.5483871463930441,0.6829268292682927,0.8128581141245124,0.4408842320037164,0.8710261723531156,0.023253979114863155,-0.04488382161928128
max_drop_atr>=2.0 AND rev_days>=4,and,13,67,0.5351811772753443,0.7535211267605634,0.9000803092465364,0.2320124924175859,0.8332661434863575,0.010048009997163376,0.025710475872989358
max_drop_atr>=2.0 OR rev_days>=5,or,26,54,0.5417841618341942,0.7622950819672131,0.7636197723507164,0.3530934038440219,0.8828844731976353,0.016650994556013266,0.034484431079639055
max_drop_atr>=2.0 AND rev_days>=5,and,9,71,0.5351811772753443,0.7358490566037735,0.7895472124844806,0.1861924325148261,0.8510415594567691,0.010048009997163376,0.008038405716199515
max_drop_atr>=2.0 OR rev_days>=6,or,21,59,0.5483871463930441,0.7615384615384615,0.7255979483683761,0.3131312523164531,0.8863104867466955,0.023253979114863155,0.03372781065088748
max_drop_atr>=2.0 AND rev_days>=6,and,3,77,0.5286897771065678,0.727810650887574,0.424252456124087,0.1583101794497246,0.8604820553950476,0.003556609828386903,0.0
max_drop_atr>=2.0 OR max_upper_atr>=1.5,or,23,57,0.5215765574497939,0.7578125,1.3797359647035248,0.7865762506522875,0.6279990955370149,-0.003556609828387014,0.030001849112425982
max_drop_atr>=2.0 AND max_upper_atr>=1.5,and,5,75,0.5286897771065678,0.7361963190184049,0.6123638034666742,0.2320124924175859,0.8595740882194339,0.003556609828386903,0.008385668130830859
max_drop_atr>=2.0 OR max_upper_atr>=2.0,or,18,62,0.5251331672781809,0.75,0.9905038643171012,0.5498537514843703,0.8016259044529532,0.0,0.022189349112425982
max_drop_atr>=2.0 AND max_upper_atr>=2.0,and,2,78,0.5319354771909561,0.7321428571428571,0.209102462466206,0.209102462466206,0.8604060347289553,0.006802309912775195,0.004332206255283078
max_drop_atr>=2.5 OR max_bear_body_atr>=1.0,or,38,42,0.547002384280222,0.7469879518072289,0.9358764939089901,0.4274600251010888,0.7611087825059357,0.02186921700204103,0.01917730091965486
max_drop_atr>=2.5 AND max_bear_body_atr>=1.0,and,7,73,0.5483871463930441,0.7361963190184049,0.3059122101780131,0.1861924325148261,0.8957327419526688,0.023253979114863155,0.008385668130830859
max_drop_atr>=2.5 OR max_bear_body_atr>=1.5,or,22,58,0.5587667561481997,0.7583333333333333,0.7699608150078651,0.2725718723670195,0.8722540983382396,0.03363358887001877,0.030522682445759286
max_drop_atr>=2.5 AND max_bear_body_atr>=1.5,and,7,73,0.5483871463930441,0.7361963190184049,0.3059122101780131,0.1861924325148261,0.8957327419526688,0.023253979114863155,0.008385668130830859
max_drop_atr>=2.5 OR max_bear_body_atr>=2.0,or,14,66,0.5587667561481997,0.78,0.8699485342287488,0.1872138688160886,0.8386453962816431,0.03363358887001877,0.05218934911242601
max_drop_atr>=2.5 AND max_bear_body_atr>=2.0,and,5,75,0.5351811772753443,0.7317073170731707,0.42356818619689696,0.2320124924175859,0.8721604627040859,0.010048009997163376,0.0038966661855966978
max_drop_atr>=2.5 OR max_bear_body_atr>=2.5,or,10,70,0.5535485337021719,0.74375,1.0320989842876602,0.17225130598227534,0.8172697970130617,0.028415366423991006,0.015939349112426004
max_drop_atr>=2.5 AND max_bear_body_atr>=2.5,and,5,75,0.5351811772753443,0.7317073170731707,0.42356818619689696,0.2320124924175859,0.8721604627040859,0.010048009997163376,0.0038966661855966978
max_drop_atr>=2.5 OR max_bear_body_atr>=3.0,or,7,73,0.5483871463930441,0.7361963190184049,0.3059122101780131,0.1861924325148261,0.8957327419526688,0.023253979114863155,0.008385668130830859
max_drop_atr>=2.5 AND max_bear_body_atr>=3.0,and,4,76,0.5319354771909561,0.7317073170731707,0.451177419667008,0.209102462466206,0.8648048151989854,0.006802309912775195,0.0038966661855966978
max_drop_atr>=2.5 OR max_consec_bear>=2,or,36,44,0.5417841618341942,0.7142857142857143,0.7375382808359195,0.39829283479622024,0.9313294891749506,0.016650994556013266,-0.013524936601859716
max_drop_atr>=2.5 AND max_consec_bear>=2,and,6,74,0.5417841618341942,0.7361963190184049,0.31822882980475103,0.17225130598227534,0.8867635493913841,0.016650994556013266,0.008385668130830859
max_drop_atr>=2.5 OR max_consec_bear>=3,or,18,62,0.5251331672781809,0.7164179104477612,0.689201372276004,0.4907954361436637,0.8891008214971429,0.0,-0.011392740439812865
max_drop_atr>=2.5 AND max_consec_bear>=3,and,3,77,0.5351811772753443,0.7409638554216867,-0.010101319423183264,-0.0817307515962583,0.8774049297670192,0.010048009997163376,0.013153204534112728
max_drop_atr>=2.5 OR max_consec_bear>=4,or,11,69,0.5286897771065678,0.7054794520547946,0.774112602046296,0.3131312523164531,0.8552845943664011,0.003556609828386903,-0.022331198832779453
max_drop_atr>=2.5 AND max_consec_bear>=4,and,1,79,0.5286897771065678,0.7321428571428571,-0.0817307515962583,-0.0817307515962583,0.8558431188023693,0.003556609828386903,0.004332206255283078
max_drop_atr>=2.5 OR bear_count>=2,or,40,40,0.5536053688390719,0.717948717948718,0.7153260297241778,0.4222071731122832,0.9729208611205952,0.02847220156089092,-0.009861932938856066
max_drop_atr>=2.5 AND bear_count>=2,and,7,73,0.5483871463930441,0.7361963190184049,0.3059122101780131,0.1861924325148261,0.8957327419526688,0.023253979114863155,0.008385668130830859
max_drop_atr>=2.5 OR bear_count>=3,or,27,53,0.5351811772753443,0.6601941747572816,0.8184465705197006,0.3930555553715906,0.8572041175426228,0.010048009997163376,-0.06761647613029242
max_drop_atr>=2.5 AND bear_count>=3,and,5,75,0.5351811772753443,0.7361963190184049,0.3192483453024106,0.1583101794497246,0.8791151187637183,0.010048009997163376,0.008385668130830859
max_drop_atr>=2.5 OR bear_count>=4,or,18,62,0.5319354771909561,0.7185185185185186,0.6578019979407397,0.3530934038440219,0.8982167688848002,0.006802309912775195,-0.009292132369055461
max_drop_atr>=2.5 AND bear_count>=4,and,3,77,0.5351811772753443,0.7365269461077845,0.08759062012276413,0.1583101794497246,0.87359875030419,0.010048009997163376,0.008716295220210446
max_drop_atr>=2.5 OR max_consec_down>=2,or,31,49,0.5351811772753443,0.6989247311827957,0.7718910427434468,0.4651649638380822,0.8898214960968179,0.010048009997163376,-0.028885919704778273
max_drop_atr>=2.5 AND max_consec_down>=2,and,4,76,0.5319354771909561,0.7317073170731707,0.47145710964172477,0.2496618424156396,0.8637374630950528,0.006802309912775195,0.0038966661855966978
max_drop_atr>=2.5 OR max_consec_down>=3,or,16,64,0.5417841618341942,0.7466666666666667,0.4367374128642381,0.2500790354876346,0.9459699535619237,0.016650994556013266,0.018856015779092683
max_drop_atr>=2.5 AND max_consec_down>=3,and,2,78,0.5319354771909561,0.7365269461077845,0.052230840459283896,0.052230840459283896,0.8644283840111842,0.006802309912775195,0.008716295220210446
max_drop_atr>=2.5 OR max_consec_down>=4,or,10,70,0.5319354771909561,0.73125,0.49235653223534587,0.2725718723670195,0.8943758615919638,0.006802309912775195,0.003439349112425938
max_drop_atr>=2.5 AND max_consec_down>=4,and,0,80,0.5251331672781809,0.727810650887574,,,0.8441234454223865,0.0,0.0
max_drop_atr>=2.5 OR dd_close<=-0.1,or,31,49,0.4408842320037164,0.7545454545454545,0.8893902883754035,0.5885353169157369,0.8154852386561923,-0.08424893527446453,0.0267348036578805
max_drop_atr>=2.5 AND dd_close<=-0.1,and,7,73,0.5483871463930441,0.7361963190184049,0.3059122101780131,0.1861924325148261,0.8957327419526688,0.023253979114863155,0.008385668130830859
max_drop_atr>=2.5 OR dd_close<=-0.15,or,19,61,0.5351811772753443,0.762962962962963,0.7198087745019525,0.3131312523164531,0.8828444084959645,0.010048009997163376,0.035152312075388936
max_drop_atr>=2.5 AND dd_close<=-0.15,and,7,73,0.5483871463930441,0.7361963190184049,0.3059122101780131,0.1861924325148261,0.8957327419526688,0.023253979114863155,0.008385668130830859
max_drop_atr>=2.5 OR dd_close<=-0.2,or,14,66,0.5535485337021719,0.777027027027027,0.3944300877545933,0.209102462466206,0.9395129455337367,0.028415366423991006,0.049216376139452955
max_drop_atr>=2.5 AND dd_close<=-0.2,and,7,73,0.5483871463930441,0.7361963190184049,0.3059122101780131,0.1861924325148261,0.8957327419526688,0.023253979114863155,0.008385668130830859
max_drop_atr>=2.5 OR dd_close<=-0.3,or,10,70,0.5535485337021719,0.7792207792207793,0.3368094845450216,0.17225130598227534,0.9165968684048672,0.028415366423991006,0.05141012833320524
max_drop_atr>=2.5 AND dd_close<=-0.3,and,4,76,0.5417841618341942,0.7365269461077845,0.14397577817118637,0.17225130598227534,0.8809733226461341,0.016650994556013266,0.008716295220210446
max_drop_atr>=2.5 OR dd_low<=-0.2,or,37,43,0.4044854357330552,0.7281553398058253,1.066698788244152,0.5885353169157369,0.6526051271804023,-0.12064773154512576,0.0003446889182512347
max_drop_atr>=2.5 AND dd_low<=-0.2,and,7,73,0.5483871463930441,0.7361963190184049,0.3059122101780131,0.1861924325148261,0.8957327419526688,0.023253979114863155,0.008385668130830859
max_drop_atr>=2.5 OR dd_low<=-0.3,or,20,60,0.5417841618341942,0.7703703703703704,0.7047215901898706,0.2725718723670195,0.8905907304998918,0.016650994556013266,0.042559719482796354
max_drop_atr>=2.5 AND dd_low<=-0.3,and,7,73,0.5483871463930441,0.7361963190184049,0.3059122101780131,0.1861924325148261,0.8957327419526688,0.023253979114863155,0.008385668130830859
max_drop_atr>=2.5 OR dd_low<=-0.4,or,12,68,0.5417841618341942,0.7687074829931972,0.707218421980452,0.209102462466206,0.8682831554415515,0.016650994556013266,0.040896832105623226
max_drop_atr>=2.5 AND dd_low<=-0.4,and,5,75,0.5351811772753443,0.7361963190184049,0.3502125598757563,0.1861924325148261,0.877050837792162,0.010048009997163376,0.008385668130830859
max_drop_atr>=2.5 OR down_slope>=0.03,or,38,42,0.4226848338683858,0.7575757575757576,0.8319058754870143,0.5535485337021719,0.8551774372686758,-0.10244833340979514,0.02976510668818355
max_drop_atr>=2.5 AND down_slope>=0.03,and,7,73,0.5483871463930441,0.7361963190184049,0.3059122101780131,0.1861924325148261,0.8957327419526688,0.023253979114863155,0.008385668130830859
max_drop_atr>=2.5 OR down_slope>=0.05,or,30,50,0.45302459792089933,0.7522123893805309,0.9078585549351708,0.5736226189635184,0.8058823797147161,-0.0721085693572816,0.024401738492956904
max_drop_atr>=2.5 AND down_slope>=0.05,and,7,73,0.5483871463930441,0.7361963190184049,0.3059122101780131,0.1861924325148261,0.8957327419526688,0.023253979114863155,0.008385668130830859
max_drop_atr>=2.5 OR down_slope>=0.08,or,22,58,0.5417841618341942,0.7751937984496124,0.7071592179198908,0.36661124575584136,0.8960753937854024,0.016650994556013266,0.04738314756203843
max_drop_atr>=2.5 AND down_slope>=0.08,and,7,73,0.5483871463930441,0.7361963190184049,0.3059122101780131,0.1861924325148261,0.8957327419526688,0.023253979114863155,0.008385668130830859
max_drop_atr>=2.5 OR slope_ratio>=0.3,or,28,52,0.5319354771909561,0.782608695652174,0.6486824549988303,0.38914810807726763,0.9493609018043017,0.006802309912775195,0.05479804476459993
max_drop_atr>=2.5 AND slope_ratio>=0.3,and,6,74,0.5417841618341942,0.7317073170731707,0.325865506455211,0.19516133593365526,0.8861443593926981,0.016650994556013266,0.0038966661855966978
max_drop_atr>=2.5 OR slope_ratio>=0.5,or,21,59,0.5351811772753443,0.7619047619047619,0.697119496411156,0.2681455785576833,0.8964468849009603,0.010048009997163376,0.034094111017187845
max_drop_atr>=2.5 AND slope_ratio>=0.5,and,1,79,0.5286897771065678,0.727810650887574,0.2320124924175859,0.2320124924175859,0.8518716853338397,0.003556609828386903,0.0
max_drop_atr>=2.5 OR slope_ratio>=1.0,or,13,67,0.5351811772753443,0.7642857142857142,0.44330116674601644,0.2320124924175859,0.921894932329742,0.010048009997163376,0.03647506339814022
max_drop_atr>=2.5 AND slope_ratio>=1.0,and,0,80,0.5251331672781809,0.727810650887574,,,0.8441234454223865,0.0,0.0
max_drop_atr>=2.5 OR rev_days>=4,or,37,43,0.5483871463930441,0.6829268292682927,0.8128581141245124,0.4408842320037164,0.8710261723531156,0.023253979114863155,-0.04488382161928128
max_drop_atr>=2.5 AND rev_days>=4,and,6,74,0.5417841618341942,0.7317073170731707,0.37935851840570156,0.209102462466206,0.8818070881534691,0.016650994556013266,0.0038966661855966978
max_drop_atr>=2.5 OR rev_days>=5,or,24,56,0.5417841618341942,0.7352941176470589,0.7100150721217627,0.3530934038440219,0.9015984625512254,0.016650994556013266,0.007483466759484858
max_drop_atr>=2.5 AND rev_days>=5,and,4,76,0.5417841618341942,0.7365269461077845,0.12369608819646957,0.17225130598227534,0.8820406747500664,0.016650994556013266,0.008716295220210446
max_drop_atr>=2.5 OR rev_days>=6,or,16,64,0.5535485337021719,0.7368421052631579,0.4329444496804794,0.2725718723670195,0.9469181943578633,0.028415366423991006,0.009031454375583836
max_drop_atr>=2.5 AND rev_days>=6,and,1,79,0.5286897771065678,0.727810650887574,0.1583101794497246,0.1583101794497246,0.8528046260043189,0.003556609828386903,0.0
max_drop_atr>=2.5 OR max_upper_atr>=1.5,or,18,62,0.5251331672781809,0.7432432432432432,1.304689603637744,0.5498537514843703,0.7104106898114763,0.0,0.015432592355669184
max_drop_atr>=2.5 AND max_upper_atr>=1.5,and,3,77,0.5286897771065678,0.7272727272727273,0.6288134767547634,0.2320124924175859,0.8525121455003459,0.003556609828386903,-0.0005379236148467248
max_drop_atr>=2.5 OR max_upper_atr>=2.0,or,11,69,0.5286897771065678,0.7278481012658228,0.764016058903369,0.3131312523164531,0.8568941882007807,0.003556609828386903,3.7450378248760074e-05
max_drop_atr>=2.5 AND max_upper_atr>=2.0,and,2,78,0.5319354771909561,0.7321428571428571,0.209102462466206,0.209102462466206,0.8604060347289553,0.006802309912775195,0.004332206255283078
max_drop_atr>=3.0 OR max_bear_body_atr>=1.0,or,38,42,0.547002384280222,0.7469879518072289,0.9358764939089901,0.4274600251010888,0.7611087825059357,0.02186921700204103,0.01917730091965486
max_drop_atr>=3.0 AND max_bear_body_atr>=1.0,and,7,73,0.5483871463930441,0.7361963190184049,0.3059122101780131,0.1861924325148261,0.8957327419526688,0.023253979114863155,0.008385668130830859
max_drop_atr>=3.0 OR max_bear_body_atr>=1.5,or,22,58,0.5587667561481997,0.7583333333333333,0.7699608150078651,0.2725718723670195,0.8722540983382396,0.03363358887001877,0.030522682445759286
max_drop_atr>=3.0 AND max_bear_body_atr>=1.5,and,7,73,0.5483871463930441,0.7361963190184049,0.3059122101780131,0.1861924325148261,0.8957327419526688,0.023253979114863155,0.008385668130830859
max_drop_atr>=3.0 OR max_bear_body_atr>=2.0,or,14,66,0.5587667561481997,0.78,0.8699485342287488,0.1872138688160886,0.8386453962816431,0.03363358887001877,0.05218934911242601
max_drop_atr>=3.0 AND max_bear_body_atr>=2.0,and,5,75,0.5351811772753443,0.7317073170731707,0.42356818619689696,0.2320124924175859,0.8721604627040859,0.010048009997163376,0.0038966661855966978
max_drop_atr>=3.0 OR max_bear_body_atr>=2.5,or,10,70,0.5535485337021719,0.74375,1.0320989842876602,0.17225130598227534,0.8172697970130617,0.028415366423991006,0.015939349112426004
max_drop_atr>=3.0 AND max_bear_body_atr>=2.5,and,5,75,0.5351811772753443,0.7317073170731707,0.42356818619689696,0.2320124924175859,0.8721604627040859,0.010048009997163376,0.0038966661855966978
max_drop_atr>=3.0 OR max_bear_body_atr>=3.0,or,7,73,0.5483871463930441,0.7361963190184049,0.3059122101780131,0.1861924325148261,0.8957327419526688,0.023253979114863155,0.008385668130830859
max_drop_atr>=3.0 AND max_bear_body_atr>=3.0,and,4,76,0.5319354771909561,0.7317073170731707,0.451177419667008,0.209102462466206,0.8648048151989854,0.006802309912775195,0.0038966661855966978
max_drop_atr>=3.0 OR max_consec_bear>=2,or,36,44,0.5417841618341942,0.7142857142857143,0.7375382808359195,0.39829283479622024,0.9313294891749506,0.016650994556013266,-0.013524936601859716
max_drop_atr>=3.0 AND max_consec_bear>=2,and,6,74,0.5417841618341942,0.7361963190184049,0.31822882980475103,0.17225130598227534,0.8867635493913841,0.016650994556013266,0.008385668130830859
max_drop_atr>=3.0 OR max_consec_bear>=3,or,18,62,0.5251331672781809,0.7164179104477612,0.689201372276004,0.4907954361436637,0.8891008214971429,0.0,-0.011392740439812865
max_drop_atr>=3.0 AND max_consec_bear>=3,and,3,77,0.5351811772753443,0.7409638554216867,-0.010101319423183264,-0.0817307515962583,0.8774049297670192,0.010048009997163376,0.013153204534112728
max_drop_atr>=3.0 OR max_consec_bear>=4,or,11,69,0.5286897771065678,0.7054794520547946,0.774112602046296,0.3131312523164531,0.8552845943664011,0.003556609828386903,-0.022331198832779453
max_drop_atr>=3.0 AND max_consec_bear>=4,and,1,79,0.5286897771065678,0.7321428571428571,-0.0817307515962583,-0.0817307515962583,0.8558431188023693,0.003556609828386903,0.004332206255283078
max_drop_atr>=3.0 OR bear_count>=2,or,40,40,0.5536053688390719,0.717948717948718,0.7153260297241778,0.4222071731122832,0.9729208611205952,0.02847220156089092,-0.009861932938856066
max_drop_atr>=3.0 AND bear_count>=2,and,7,73,0.5483871463930441,0.7361963190184049,0.3059122101780131,0.1861924325148261,0.8957327419526688,0.023253979114863155,0.008385668130830859
max_drop_atr>=3.0 OR bear_count>=3,or,27,53,0.5351811772753443,0.6601941747572816,0.8184465705197006,0.3930555553715906,0.8572041175426228,0.010048009997163376,-0.06761647613029242
max_drop_atr>=3.0 AND bear_count>=3,and,5,75,0.5351811772753443,0.7361963190184049,0.3192483453024106,0.1583101794497246,0.8791151187637183,0.010048009997163376,0.008385668130830859
max_drop_atr>=3.0 OR bear_count>=4,or,18,62,0.5319354771909561,0.7185185185185186,0.6578019979407397,0.3530934038440219,0.8982167688848002,0.006802309912775195,-0.009292132369055461
max_drop_atr>=3.0 AND bear_count>=4,and,3,77,0.5351811772753443,0.7365269461077845,0.08759062012276413,0.1583101794497246,0.87359875030419,0.010048009997163376,0.008716295220210446
max_drop_atr>=3.0 OR max_consec_down>=2,or,31,49,0.5351811772753443,0.6989247311827957,0.7718910427434468,0.4651649638380822,0.8898214960968179,0.010048009997163376,-0.028885919704778273
max_drop_atr>=3.0 AND max_consec_down>=2,and,4,76,0.5319354771909561,0.7317073170731707,0.47145710964172477,0.2496618424156396,0.8637374630950528,0.006802309912775195,0.0038966661855966978
max_drop_atr>=3.0 OR max_consec_down>=3,or,16,64,0.5417841618341942,0.7466666666666667,0.4367374128642381,0.2500790354876346,0.9459699535619237,0.016650994556013266,0.018856015779092683
max_drop_atr>=3.0 AND max_consec_down>=3,and,2,78,0.5319354771909561,0.7365269461077845,0.052230840459283896,0.052230840459283896,0.8644283840111842,0.006802309912775195,0.008716295220210446
max_drop_atr>=3.0 OR max_consec_down>=4,or,10,70,0.5319354771909561,0.73125,0.49235653223534587,0.2725718723670195,0.8943758615919638,0.006802309912775195,0.003439349112425938
max_drop_atr>=3.0 AND max_consec_down>=4,and,0,80,0.5251331672781809,0.727810650887574,,,0.8441234454223865,0.0,0.0
max_drop_atr>=3.0 OR dd_close<=-0.1,or,31,49,0.4408842320037164,0.7545454545454545,0.8893902883754035,0.5885353169157369,0.8154852386561923,-0.08424893527446453,0.0267348036578805
max_drop_atr>=3.0 AND dd_close<=-0.1,and,7,73,0.5483871463930441,0.7361963190184049,0.3059122101780131,0.1861924325148261,0.8957327419526688,0.023253979114863155,0.008385668130830859
max_drop_atr>=3.0 OR dd_close<=-0.15,or,19,61,0.5351811772753443,0.762962962962963,0.7198087745019525,0.3131312523164531,0.8828444084959645,0.010048009997163376,0.035152312075388936
max_drop_atr>=3.0 AND dd_close<=-0.15,and,7,73,0.5483871463930441,0.7361963190184049,0.3059122101780131,0.1861924325148261,0.8957327419526688,0.023253979114863155,0.008385668130830859
max_drop_atr>=3.0 OR dd_close<=-0.2,or,14,66,0.5535485337021719,0.777027027027027,0.3944300877545933,0.209102462466206,0.9395129455337367,0.028415366423991006,0.049216376139452955
max_drop_atr>=3.0 AND dd_close<=-0.2,and,7,73,0.5483871463930441,0.7361963190184049,0.3059122101780131,0.1861924325148261,0.8957327419526688,0.023253979114863155,0.008385668130830859
max_drop_atr>=3.0 OR dd_close<=-0.3,or,10,70,0.5535485337021719,0.7792207792207793,0.3368094845450216,0.17225130598227534,0.9165968684048672,0.028415366423991006,0.05141012833320524
max_drop_atr>=3.0 AND dd_close<=-0.3,and,4,76,0.5417841618341942,0.7365269461077845,0.14397577817118637,0.17225130598227534,0.8809733226461341,0.016650994556013266,0.008716295220210446
max_drop_atr>=3.0 OR dd_low<=-0.2,or,37,43,0.4044854357330552,0.7281553398058253,1.066698788244152,0.5885353169157369,0.6526051271804023,-0.12064773154512576,0.0003446889182512347
max_drop_atr>=3.0 AND dd_low<=-0.2,and,7,73,0.5483871463930441,0.7361963190184049,0.3059122101780131,0.1861924325148261,0.8957327419526688,0.023253979114863155,0.008385668130830859
max_drop_atr>=3.0 OR dd_low<=-0.3,or,20,60,0.5417841618341942,0.7703703703703704,0.7047215901898706,0.2725718723670195,0.8905907304998918,0.016650994556013266,0.042559719482796354
max_drop_atr>=3.0 AND dd_low<=-0.3,and,7,73,0.5483871463930441,0.7361963190184049,0.3059122101780131,0.1861924325148261,0.8957327419526688,0.023253979114863155,0.008385668130830859
max_drop_atr>=3.0 OR dd_low<=-0.4,or,12,68,0.5417841618341942,0.7687074829931972,0.707218421980452,0.209102462466206,0.8682831554415515,0.016650994556013266,0.040896832105623226
max_drop_atr>=3.0 AND dd_low<=-0.4,and,5,75,0.5351811772753443,0.7361963190184049,0.3502125598757563,0.1861924325148261,0.877050837792162,0.010048009997163376,0.008385668130830859
max_drop_atr>=3.0 OR down_slope>=0.03,or,38,42,0.4226848338683858,0.7575757575757576,0.8319058754870143,0.5535485337021719,0.8551774372686758,-0.10244833340979514,0.02976510668818355
max_drop_atr>=3.0 AND down_slope>=0.03,and,7,73,0.5483871463930441,0.7361963190184049,0.3059122101780131,0.1861924325148261,0.8957327419526688,0.023253979114863155,0.008385668130830859
max_drop_atr>=3.0 OR down_slope>=0.05,or,30,50,0.45302459792089933,0.7522123893805309,0.9078585549351708,0.5736226189635184,0.8058823797147161,-0.0721085693572816,0.024401738492956904
max_drop_atr>=3.0 AND down_slope>=0.05,and,7,73,0.5483871463930441,0.7361963190184049,0.3059122101780131,0.1861924325148261,0.8957327419526688,0.023253979114863155,0.008385668130830859
max_drop_atr>=3.0 OR down_slope>=0.08,or,22,58,0.5417841618341942,0.7751937984496124,0.7071592179198908,0.36661124575584136,0.8960753937854024,0.016650994556013266,0.04738314756203843
max_drop_atr>=3.0 AND down_slope>=0.08,and,7,73,0.5483871463930441,0.7361963190184049,0.3059122101780131,0.1861924325148261,0.8957327419526688,0.023253979114863155,0.008385668130830859
max_drop_atr>=3.0 OR slope_ratio>=0.3,or,28,52,0.5319354771909561,0.782608695652174,0.6486824549988303,0.38914810807726763,0.9493609018043017,0.006802309912775195,0.05479804476459993
max_drop_atr>=3.0 AND slope_ratio>=0.3,and,6,74,0.5417841618341942,0.7317073170731707,0.325865506455211,0.19516133593365526,0.8861443593926981,0.016650994556013266,0.0038966661855966978
max_drop_atr>=3.0 OR slope_ratio>=0.5,or,21,59,0.5351811772753443,0.7619047619047619,0.697119496411156,0.2681455785576833,0.8964468849009603,0.010048009997163376,0.034094111017187845
max_drop_atr>=3.0 AND slope_ratio>=0.5,and,1,79,0.5286897771065678,0.727810650887574,0.2320124924175859,0.2320124924175859,0.8518716853338397,0.003556609828386903,0.0
max_drop_atr>=3.0 OR slope_ratio>=1.0,or,13,67,0.5351811772753443,0.7642857142857142,0.44330116674601644,0.2320124924175859,0.921894932329742,0.010048009997163376,0.03647506339814022
max_drop_atr>=3.0 AND slope_ratio>=1.0,and,0,80,0.5251331672781809,0.727810650887574,,,0.8441234454223865,0.0,0.0
max_drop_atr>=3.0 OR rev_days>=4,or,37,43,0.5483871463930441,0.6829268292682927,0.8128581141245124,0.4408842320037164,0.8710261723531156,0.023253979114863155,-0.04488382161928128
max_drop_atr>=3.0 AND rev_days>=4,and,6,74,0.5417841618341942,0.7317073170731707,0.37935851840570156,0.209102462466206,0.8818070881534691,0.016650994556013266,0.0038966661855966978
max_drop_atr>=3.0 OR rev_days>=5,or,24,56,0.5417841618341942,0.7352941176470589,0.7100150721217627,0.3530934038440219,0.9015984625512254,0.016650994556013266,0.007483466759484858
max_drop_atr>=3.0 AND rev_days>=5,and,4,76,0.5417841618341942,0.7365269461077845,0.12369608819646957,0.17225130598227534,0.8820406747500664,0.016650994556013266,0.008716295220210446
max_drop_atr>=3.0 OR rev_days>=6,or,16,64,0.5535485337021719,0.7368421052631579,0.4329444496804794,0.2725718723670195,0.9469181943578633,0.028415366423991006,0.009031454375583836
max_drop_atr>=3.0 AND rev_days>=6,and,1,79,0.5286897771065678,0.727810650887574,0.1583101794497246,0.1583101794497246,0.8528046260043189,0.003556609828386903,0.0
max_drop_atr>=3.0 OR max_upper_atr>=1.5,or,18,62,0.5251331672781809,0.7432432432432432,1.304689603637744,0.5498537514843703,0.7104106898114763,0.0,0.015432592355669184
max_drop_atr>=3.0 AND max_upper_atr>=1.5,and,3,77,0.5286897771065678,0.7272727272727273,0.6288134767547634,0.2320124924175859,0.8525121455003459,0.003556609828386903,-0.0005379236148467248
max_drop_atr>=3.0 OR max_upper_atr>=2.0,or,11,69,0.5286897771065678,0.7278481012658228,0.764016058903369,0.3131312523164531,0.8568941882007807,0.003556609828386903,3.7450378248760074e-05
max_drop_atr>=3.0 AND max_upper_atr>=2.0,and,2,78,0.5319354771909561,0.7321428571428571,0.209102462466206,0.209102462466206,0.8604060347289553,0.006802309912775195,0.004332206255283078
max_bear_body_atr>=1.0 OR max_consec_bear>=2,or,46,34,0.5283788673625691,0.7464788732394366,0.9488474068075857,0.49692737047232505,0.702438085901235,0.003245700084388181,0.018668222351862607
max_bear_body_atr>=1.0 AND max_consec_bear>=2,and,27,53,0.5483871463930441,0.71875,0.6753959878914151,0.3131312523164531,0.9300789426551457,0.023253979114863155,-0.009060650887574018
max_bear_body_atr>=1.0 OR max_consec_bear>=3,or,40,40,0.547002384280222,0.7439024390243902,0.9259333476418439,0.4291102596048364,0.7623135432029293,0.02186921700204103,0.01609178813681622
max_bear_body_atr>=1.0 AND max_consec_bear>=3,and,12,68,0.49337076064393803,0.7246376811594203,0.7299923445266918,0.6211410802438813,0.8642642279333915,-0.0317624066342429,-0.0031729697281537295
max_bear_body_atr>=1.0 OR max_consec_bear>=4,or,38,42,0.547002384280222,0.7469879518072289,0.9358764939089901,0.4274600251010888,0.7611087825059357,0.02186921700204103,0.01917730091965486
max_bear_body_atr>=1.0 AND max_consec_bear>=4,and,5,75,0.4651649638380822,0.7019867549668874,1.2584244799333806,1.0474614257748065,0.8165033764549869,-0.05996820344009873,-0.025823895920686568
max_bear_body_atr>=1.0 OR bear_count>=2,or,47,33,0.5351811772753443,0.7352941176470589,0.9380396796840992,0.4651649638380822,0.7103639602617658,0.010048009997163376,0.007483466759484858
max_bear_body_atr>=1.0 AND bear_count>=2,and,31,49,0.5588235912850996,0.7311827956989247,0.6480155810437446,0.3131312523164531,0.9681916861517313,0.033690424006918684,0.00337214481135073
max_bear_body_atr>=1.0 OR bear_count>=3,or,41,39,0.5351811772753443,0.7407407407407407,0.9721165414231006,0.4651649638380822,0.7095666009088156,0.010048009997163376,0.012930089853166682
max_bear_body_atr>=1.0 AND bear_count>=3,and,22,58,0.5319354771909561,0.6666666666666666,0.7845201013405632,0.4274600251010888,0.8667316104189404,0.006802309912775195,-0.06114398422090739
max_bear_body_atr>=1.0 OR bear_count>=4,or,40,40,0.547002384280222,0.7439024390243902,0.9259333476418439,0.4291102596048364,0.7623135432029293,0.02186921700204103,0.01609178813681622
max_bear_body_atr>=1.0 AND bear_count>=4,and,12,68,0.5251331672781809,0.7214285714285714,0.7073162679102825,0.4199696380434258,0.8682658885127579,0.0,-0.006382079459002599
max_bear_body_atr>=1.0 OR max_consec_down>=2,or,42,38,0.5283788673625691,0.7236842105263158,0.9633802755415675,0.49692737047232505,0.7123132647643446,0.003245700084388181,-0.004126440361258199
max_bear_body_atr>=1.0 AND max_consec_down>=2,and,24,56,0.5283788673625691,0.7128712871287128,0.7822666870068109,0.49692737047232505,0.8706334847433475,0.003245700084388181,-0.01493936375886118
max_bear_body_atr>=1.0 OR max_consec_down>=3,or,39,41,0.5351811772753443,0.7469879518072289,0.9395968807769782,0.4651649638380822,0.7533072508167992,0.010048009997163376,0.01917730091965486
max_bear_body_atr>=1.0 AND max_consec_down>=3,and,10,70,0.5319354771909561,0.7467532467532467,0.3869903233739751,0.2271690055362547,0.9094281771435883,0.006802309912775195,0.018942595865672707
max_bear_body_atr>=1.0 OR max_consec_down>=4,or,39,41,0.5351811772753443,0.7469879518072289,0.9395968807769782,0.4651649638380822,0.7533072508167992,0.010048009997163376,0.01917730091965486
max_bear_body_atr>=1.0 AND max_consec_down>=4,and,2,78,0.49337076064393803,0.7228915662650602,0.850604134673416,0.850604134673416,0.8439572739031294,-0.0317624066342429,-0.004919084622513781
max_bear_body_atr>=1.0 OR dd_close<=-0.1,or,43,37,0.4408842320037164,0.7083333333333334,0.9826227201151873,0.5483871463930441,0.6831648288875102,-0.08424893527446453,-0.019477317554240647
max_bear_body_atr>=1.0 AND dd_close<=-0.1,and,26,54,0.5283788673625691,0.7768595041322314,0.8031395670471573,0.4209105147115105,0.8638564238993489,0.003245700084388181,0.04904885324465735
max_bear_body_atr>=1.0 OR dd_close<=-0.15,or,39,41,0.5351811772753443,0.7469879518072289,0.9395968807769782,0.4651649638380822,0.7533072508167992,0.010048009997163376,0.01917730091965486
max_bear_body_atr>=1.0 AND dd_close<=-0.15,and,18,62,0.5417841618341942,0.762962962962963,0.699744174098698,0.2725718723670195,0.8860400080647478,0.016650994556013266,0.035152312075388936
max_bear_body_atr>=1.0 OR dd_close<=-0.2,or,39,41,0.5351811772753443,0.7469879518072289,0.9395968807769782,0.4651649638380822,0.7533072508167992,0.010048009997163376,0.01917730091965486
max_bear_body_atr>=1.0 AND dd_close<=-0.2,and,13,67,0.5587099210112999,0.777027027027027,0.34161920360029013,0.1861924325148261,0.9416242684624948,0.03357675373311897,0.049216376139452955
max_bear_body_atr>=1.0 OR dd_close<=-0.3,or,39,41,0.5351811772753443,0.7469879518072289,0.9395968807769782,0.4651649638380822,0.7533072508167992,0.010048009997163376,0.01917730091965486
max_bear_body_atr>=1.0 AND dd_close<=-0.3,and,6,74,0.5535485337021719,0.7784810126582279,0.12027348418805568,0.1263585923791352,0.9028139828197649,0.028415366423991006,0.05067036177065387
max_bear_body_atr>=1.0 OR dd_low<=-0.2,or,48,32,0.430487735599473,0.7205882352941176,0.9120335993141634,0.5535485337021719,0.7422582145847212,-0.09464543167870793,-0.007222415593456377
max_bear_body_atr>=1.0 AND dd_low<=-0.2,and,27,53,0.5215765574497939,0.7457627118644068,1.1575388580183485,0.5286897771065678,0.684458989948972,-0.003556609828387014,0.017952060976832773
max_bear_body_atr>=1.0 OR dd_low<=-0.3,or,43,37,0.5215765574497939,0.7368421052631579,0.9328264713351114,0.5286897771065678,0.7410361450373278,-0.003556609828387014,0.009031454375583836
max_bear_body_atr>=1.0 AND dd_low<=-0.3,and,15,65,0.5587099210112999,0.7746478873239436,0.6364133536619497,0.1861924325148261,0.892056543520949,0.03357675373311897,0.04683723643636961
max_bear_body_atr>=1.0 OR dd_low<=-0.4,or,40,40,0.5283788673625691,0.7407407407407407,0.9357713650238612,0.49692737047232505,0.7524755258209119,0.003245700084388181,0.012930089853166682
max_bear_body_atr>=1.0 AND dd_low<=-0.4,and,8,72,0.5417841618341942,0.7718120805369127,0.7785938199356615,0.14029971891168594,0.8514045149209116,0.016650994556013266,0.04400142964933873
max_bear_body_atr>=1.0 OR down_slope>=0.03,or,46,34,0.48123039472675516,0.7014925373134329,0.9527537015685476,0.5385384617498059,0.6971530988716982,-0.04390277255142577,-0.026318113574141155
max_bear_body_atr>=1.0 AND down_slope>=0.03,and,30,50,0.5283788673625691,0.782608695652174,0.7783019921631662,0.49692737047232505,0.8836163173779188,0.003245700084388181,0.05479804476459993
max_bear_body_atr>=1.0 OR down_slope>=0.05,or,46,34,0.48123039472675516,0.7014925373134329,0.9527537015685476,0.5385384617498059,0.6971530988716982,-0.04390277255142577,-0.026318113574141155
max_bear_body_atr>=1.0 AND down_slope>=0.05,and,22,58,0.5283788673625691,0.7751937984496124,0.8623815065656166,0.4209105147115105,0.8371979739542649,0.003245700084388181,0.04738314756203843
max_bear_body_atr>=1.0 OR down_slope>=0.08,or,44,36,0.5283788673625691,0.726027397260274,0.9182280137518434,0.49692737047232505,0.7535511952419393,0.003245700084388181,-0.00178325362730003
max_bear_body_atr>=1.0 AND down_slope>=0.08,and,16,64,0.5535485337021719,0.7841726618705036,0.669923559856132,0.209102462466206,0.8876734168139503,0.028415366423991006,0.05636201098292959
max_bear_body_atr>=1.0 OR slope_ratio>=0.3,or,43,37,0.5351811772753443,0.7575757575757576,0.8968530201161142,0.4651649638380822,0.7828431288864329,0.010048009997163376,0.02976510668818355
max_bear_body_atr>=1.0 AND slope_ratio>=0.3,and,22,58,0.5319354771909561,0.7669172932330827,0.680706509590961,0.38914810807726763,0.9061091797032723,0.006802309912775195,0.039106642345508646
max_bear_body_atr>=1.0 OR slope_ratio>=0.5,or,41,39,0.5215765574497939,0.704225352112676,0.9388955347817003,0.5286897771065678,0.7444912489164414,-0.003556609828387014,-0.02358529877489801
max_bear_body_atr>=1.0 AND slope_ratio>=0.5,and,12,68,0.5319354771909561,0.7708333333333334,0.8165605240248072,0.2500790354876346,0.8489874903749005,0.006802309912775195,0.04302268244575935
max_bear_body_atr>=1.0 OR slope_ratio>=1.0,or,41,39,0.5215765574497939,0.704225352112676,0.9388955347817003,0.5286897771065678,0.7444912489164414,-0.003556609828387014,-0.02358529877489801
max_bear_body_atr>=1.0 AND slope_ratio>=1.0,and,3,77,0.5286897771065678,0.7721518987341772,0.23003984631468052,0.0800788307976989,0.8680487804525571,0.003556609828386903,0.044341247846603205
max_bear_body_atr>=1.0 OR rev_days>=4,or,44,36,0.547002384280222,0.7123287671232876,0.9354934966817795,0.45302459792089933,0.7324489383275732,0.02186921700204103,-0.015481883764286386
max_bear_body_atr>=1.0 AND rev_days>=4,and,30,50,0.5417841618341942,0.7096774193548387,0.8204036258779467,0.4274600251010888,0.8583553371490505,0.016650994556013266,-0.018133231532735272
max_bear_body_atr>=1.0 OR rev_days>=5,or,41,39,0.5351811772753443,0.7407407407407407,0.9721165414231006,0.4651649638380822,0.7095666009088156,0.010048009997163376,0.012930089853166682
max_bear_body_atr>=1.0 AND rev_days>=5,and,18,62,0.5417841618341942,0.7394366197183099,0.6166827323698113,0.2500790354876346,0.9101546201795859,0.016650994556013266,0.011625968830735856
max_bear_body_atr>=1.0 OR rev_days>=6,or,40,40,0.547002384280222,0.7439024390243902,0.9259333476418439,0.4291102596048364,0.7623135432029293,0.02186921700204103,0.01609178813681622
max_bear_body_atr>=1.0 AND rev_days>=6,and,8,72,0.5283788673625691,0.7295597484276729,0.43375109574489723,0.3434999782781462,0.8897203731643297,0.003245700084388181,0.0017490975400988873
max_bear_body_atr>=1.0 OR max_upper_atr>=1.5,or,44,36,0.48123039472675516,0.7402597402597403,0.9808063002220279,0.5385384617498059,0.6770666228894918,-0.04390277255142577,0.012449089372166267
max_bear_body_atr>=1.0 AND max_upper_atr>=1.5,and,8,72,0.5251331672781809,0.7371794871794872,1.9546621729087499,0.6397369590961962,0.7207302534794573,0.0,0.009368836291913207
max_bear_body_atr>=1.0 OR max_upper_atr>=2.0,or,42,38,0.48123039472675516,0.7307692307692307,0.9958594748864904,0.5385384617498059,0.6764152023304824,-0.04390277255142577,0.002958579881656709
max_bear_body_atr>=1.0 AND max_upper_atr>=2.0,and,2,78,0.5319354771909561,0.7321428571428571,0.209102462466206,0.209102462466206,0.8604060347289553,0.006802309912775195,0.004332206255283078
max_bear_body_atr>=1.5 OR max_consec_bear>=2,or,44,36,0.5283788673625691,0.7333333333333333,0.8916307386183765,0.49692737047232505,0.7860589759606209,0.003245700084388181,0.005522682445759264
max_bear_body_atr>=1.5 AND max_consec_bear>=2,and,13,67,0.5587099210112999,0.7441860465116279,0.30975008066461374,0.1583101794497246,0.9478078296291186,0.03357675373311897,0.01637539562405388
max_bear_body_atr>=1.5 OR max_consec_bear>=3,or,31,49,0.5351811772753443,0.7422680412371134,0.8240775688513937,0.3930555553715906,0.8568055305999537,0.010048009997163376,0.014457390349539412
max_bear_body_atr>=1.5 AND max_consec_bear>=3,and,5,75,0.5286897771065678,0.7375,0.32533371344645196,0.1861924325148261,0.8787094275541155,0.003556609828386903,0.009689349112426027
max_bear_body_atr>=1.5 OR max_consec_bear>=4,or,26,54,0.5283788673625691,0.7184466019417476,0.8966535031321613,0.4592224317353316,0.8188311954139765,0.003245700084388181,-0.009364048945826431
max_bear_body_atr>=1.5 AND max_consec_bear>=4,and,1,79,0.5286897771065678,0.7321428571428571,-0.0817307515962583,-0.0817307515962583,0.8558431188023693,0.003556609828386903,0.004332206255283078
max_bear_body_atr>=1.5 OR bear_count>=2,or,46,34,0.547002384280222,0.7428571428571429,0.8629215087672951,0.45302459792089933,0.8186907714851577,0.02186921700204103,0.015046491969568865
max_bear_body_atr>=1.5 AND bear_count>=2,and,16,64,0.5587667561481997,0.7421875,0.36611185724028594,0.209102462466206,0.9636263424679118,0.03363358887001877,0.014376849112425982
max_bear_body_atr>=1.5 OR bear_count>=3,or,38,42,0.5469455491433222,0.7325581395348837,0.9175750948554555,0.4291102596048364,0.7776671911734193,0.021812381865141228,0.004747488647309672
max_bear_body_atr>=1.5 AND bear_count>=3,and,9,71,0.5351811772753443,0.7007299270072993,0.4026886649959552,0.1861924325148261,0.900079966884892,0.010048009997163376,-0.027080723880274715
max_bear_body_atr>=1.5 OR bear_count>=4,or,31,49,0.5587099210112999,0.7448979591836735,0.805845674076079,0.3897550863640954,0.8683399946414792,0.03357675373311897,0.0170873082960995
max_bear_body_atr>=1.5 AND bear_count>=4,and,5,75,0.5286897771065678,0.7329192546583851,0.38394887717402043,0.1861924325148261,0.8748017499722776,0.003556609828386903,0.0051086037708111265
max_bear_body_atr>=1.5 OR max_consec_down>=2,or,39,41,0.5215765574497939,0.7228915662650602,0.9252544193363752,0.5286897771065678,0.766950079992007,-0.003556609828387014,-0.004919084622513781
max_bear_body_atr>=1.5 AND max_consec_down>=2,and,11,69,0.5483871463930441,0.732824427480916,0.41157098803836867,0.3131312523164531,0.9130810835560706,0.023253979114863155,0.005013776593342012
max_bear_body_atr>=1.5 OR max_consec_down>=3,or,28,52,0.5587667561481997,0.7787610619469026,0.7176822475746764,0.2906384154370682,0.9122071673403843,0.03363358887001877,0.050950411059328626
max_bear_body_atr>=1.5 AND max_consec_down>=3,and,5,75,0.5286897771065678,0.7329192546583851,0.35898196271647587,0.1861924325148261,0.8764662109361141,0.003556609828386903,0.0051086037708111265
max_bear_body_atr>=1.5 OR max_consec_down>=4,or,24,56,0.5469455491433222,0.7542372881355932,0.7944821224045157,0.35144316934027425,0.8653982981443313,0.021812381865141228,0.02642663724801919
max_bear_body_atr>=1.5 AND max_consec_down>=4,and,1,79,0.5215765574497939,0.7261904761904762,0.6537468435720255,0.6537468435720255,0.8465332758255557,-0.003556609828387014,-0.0016201746970978537
max_bear_body_atr>=1.5 OR dd_close<=-0.1,or,38,42,0.430487735599473,0.7058823529411765,1.0248250541083685,0.5736226189635184,0.6806315137541173,-0.09464543167870793,-0.0219282979463975
max_bear_body_atr>=1.5 AND dd_close<=-0.1,and,15,65,0.5587099210112999,0.7862068965517242,0.3711256542461693,0.1861924325148261,0.9532767818476675,0.03357675373311897,0.05839624566415014
max_bear_body_atr>=1.5 OR dd_close<=-0.15,or,28,52,0.5283788673625691,0.7452830188679245,0.9208016252281185,0.4592224317353316,0.8028351947577619,0.003245700084388181,0.017472367980350456
max_bear_body_atr>=1.5 AND dd_close<=-0.15,and,13,67,0.5587099210112999,0.7718120805369127,0.37177377994790883,0.1861924325148261,0.9357733805144494,0.03357675373311897,0.04400142964933873
max_bear_body_atr>=1.5 OR dd_close<=-0.2,or,25,55,0.5587099210112999,0.7692307692307693,0.7481220733663139,0.3131312523164531,0.8877604327206013,0.03357675373311897,0.041420118343195256
max_bear_body_atr>=1.5 AND dd_close<=-0.2,and,11,69,0.5587099210112999,0.7682119205298014,0.3416461204163172,0.1861924325148261,0.9242285262204556,0.03357675373311897,0.040401269642227344
max_bear_body_atr>=1.5 OR dd_close<=-0.3,or,24,56,0.5587667561481997,0.7711864406779662,0.7547715215517546,0.2725718723670195,0.8824171270812288,0.03363358887001877,0.04337578979039214
max_bear_body_atr>=1.5 AND dd_close<=-0.3,and,5,75,0.5483871463930441,0.76875,0.12544677996395764,0.1583101794497246,0.8920352231196151,0.023253979114863155,0.04093934911242603
max_bear_body_atr>=1.5 OR dd_low<=-0.2,or,44,36,0.4122883374641424,0.6973684210526315,0.9734496932161093,0.5736226189635184,0.6860580314522811,-0.11284482981403854,-0.03044222983494249
max_bear_body_atr>=1.5 AND dd_low<=-0.2,and,15,65,0.5587099210112999,0.7687074829931972,0.9050137729131897,0.2320124924175859,0.8300718313860473,0.03357675373311897,0.040896832105623226
max_bear_body_atr>=1.5 OR dd_low<=-0.3,or,32,48,0.5283788673625691,0.7575757575757576,0.8837090028537731,0.4592224317353316,0.8177330738014623,0.003245700084388181,0.02976510668818355
max_bear_body_atr>=1.5 AND dd_low<=-0.3,and,10,70,0.5587667561481997,0.7692307692307693,0.27548816426497047,0.17225130598227534,0.9253570570163031,0.03363358887001877,0.041420118343195256
max_bear_body_atr>=1.5 OR dd_low<=-0.4,or,26,54,0.5469455491433222,0.7567567567567568,0.8935785667522046,0.35144316934027425,0.8203117203376593,0.021812381865141228,0.02894610586918278
max_bear_body_atr>=1.5 AND dd_low<=-0.4,and,6,74,0.5417841618341942,0.7692307692307693,0.30039893108563737,0.11876160982493444,0.8882092168550958,0.016650994556013266,0.041420118343195256
max_bear_body_atr>=1.5 OR down_slope>=0.03,or,43,37,0.4408842320037164,0.7105263157894737,0.95393370832855,0.5483871463930441,0.7165061128557644,-0.08424893527446453,-0.017284335098100345
max_bear_body_atr>=1.5 AND down_slope>=0.03,and,17,63,0.5587099210112999,0.7832167832167832,0.4430830435618785,0.2320124924175859,0.9523406967180793,0.03357675373311897,0.05540613232920921
max_bear_body_atr>=1.5 OR down_slope>=0.05,or,37,43,0.4408842320037164,0.7045454545454546,1.0340866589662083,0.5587099210112999,0.6806667267916562,-0.08424893527446453,-0.023265196342119432
max_bear_body_atr>=1.5 AND down_slope>=0.05,and,15,65,0.5587099210112999,0.7862068965517242,0.3942458797652298,0.1861924325148261,0.9479413451894227,0.03357675373311897,0.05839624566415014
max_bear_body_atr>=1.5 OR down_slope>=0.08,or,32,48,0.5283788673625691,0.7346938775510204,0.8903980729809831,0.4743905081508987,0.8132736937166557,0.003245700084388181,0.006883226663446429
max_bear_body_atr>=1.5 AND down_slope>=0.08,and,12,68,0.5587667561481997,0.7880794701986755,0.333658532418264,0.17225130598227534,0.9342054888937024,0.03363358887001877,0.06026881931110151
max_bear_body_atr>=1.5 OR slope_ratio>=0.3,or,35,45,0.5351811772753443,0.7471264367816092,0.8377453732405761,0.4651649638380822,0.8490841682304615,0.010048009997163376,0.019315785894035153
max_bear_body_atr>=1.5 AND slope_ratio>=0.3,and,14,66,0.5469455491433222,0.7785234899328859,0.3996404410146634,0.19516133593365526,0.9384077190846309,0.021812381865141228,0.050712839045311875
max_bear_body_atr>=1.5 OR slope_ratio>=0.5,or,31,49,0.5215765574497939,0.7157894736842105,0.9095943497975206,0.5286897771065678,0.802703077348322,-0.003556609828387014,-0.012021177203363487
max_bear_body_atr>=1.5 AND slope_ratio>=0.5,and,6,74,0.5417841618341942,0.7770700636942676,0.24530825537594272,0.06570480896637085,0.8926760283991252,0.016650994556013266,0.04925941280669355
max_bear_body_atr>=1.5 OR slope_ratio>=1.0,or,26,54,0.5283788673625691,0.7289719626168224,0.785740692642016,0.4592224317353316,0.8722336597240465,0.003245700084388181,0.001161311729248382
max_bear_body_atr>=1.5 AND slope_ratio>=1.0,and,2,78,0.5319354771909561,0.7735849056603774,0.06570480896637085,0.06570480896637085,0.8640828976392074,0.006802309912775195,0.04577425477280339
max_bear_body_atr>=1.5 OR rev_days>=4,or,44,36,0.547002384280222,0.7123287671232876,0.9354934966817795,0.45302459792089933,0.7324489383275732,0.02186921700204103,-0.015481883764286386
max_bear_body_atr>=1.5 AND rev_days>=4,and,14,66,0.5535485337021719,0.7307692307692307,0.427709995569272,0.2725718723670195,0.9324535711488049,0.028415366423991006,0.002958579881656709
max_bear_body_atr>=1.5 OR rev_days>=5,or,34,46,0.5587667561481997,0.77,0.8396658788940714,0.35144316934027425,0.8474181685085326,0.03363358887001877,0.042189349112426
max_bear_body_atr>=1.5 AND rev_days>=5,and,9,71,0.5351811772753443,0.73125,0.4204731844707445,0.2320124924175859,0.8978255911768201,0.010048009997163376,0.003439349112425938
max_bear_body_atr>=1.5 OR rev_days>=6,or,27,53,0.5588235912850996,0.7652173913043478,0.7224342868164532,0.3131312523164531,0.9061160356555982,0.033690424006918684,0.03740674041677383
max_bear_body_atr>=1.5 AND rev_days>=6,and,5,75,0.5215765574497939,0.7239263803680982,0.4754896178440208,0.5286897771065678,0.868699033927611,-0.003556609828387014,-0.0038842705194758187
max_bear_body_atr>=1.5 OR max_upper_atr>=1.5,or,32,48,0.5283788673625691,0.7735849056603774,0.9402626567632607,0.4592224317353316,0.7800306378618038,0.003245700084388181,0.04577425477280339
max_bear_body_atr>=1.5 AND max_upper_atr>=1.5,and,4,76,0.5251331672781809,0.725609756097561,2.5200501845615695,0.850123998874732,0.7559167749413769,0.0,-0.0022008947900130638
max_bear_body_atr>=1.5 OR max_upper_atr>=2.0,or,26,54,0.5283788673625691,0.7478260869565218,0.8923818887255385,0.4592224317353316,0.820887898646795,0.003245700084388181,0.020015436068947734
max_bear_body_atr>=1.5 AND max_upper_atr>=2.0,and,2,78,0.5319354771909561,0.7321428571428571,0.209102462466206,0.209102462466206,0.8604060347289553,0.006802309912775195,0.004332206255283078
max_bear_body_atr>=2.0 OR max_consec_bear>=2,or,40,40,0.5319354771909561,0.7125,0.9138024316816484,0.43434753902946605,0.774444459163125,0.006802309912775195,-0.015310650887573996
max_bear_body_atr>=2.0 AND max_consec_bear>=2,and,7,73,0.5483871463930441,0.7741935483870968,0.274714755621495,0.0513307871350428,0.898724278690965,0.023253979114863155,0.046382897499522735
max_bear_body_atr>=2.0 OR max_consec_bear>=3,or,24,56,0.5251331672781809,0.768595041322314,0.9285503553947807,0.47072135088231737,0.8079404840056463,0.0,0.040784390434740025
max_bear_body_atr>=2.0 AND max_consec_bear>=3,and,2,78,0.5319354771909561,0.7365269461077845,0.052230840459283896,0.052230840459283896,0.8644283840111842,0.006802309912775195,0.008716295220210446
max_bear_body_atr>=2.0 OR max_consec_bear>=4,or,16,64,0.5251331672781809,0.746268656716418,1.1580992556377523,0.4307591993547486,0.7656294928685452,0.0,0.018458005828843937
max_bear_body_atr>=2.0 AND max_consec_bear>=4,and,1,79,0.5286897771065678,0.7321428571428571,-0.0817307515962583,-0.0817307515962583,0.8558431188023693,0.003556609828386903,0.004332206255283078
max_bear_body_atr>=2.0 OR bear_count>=2,or,43,37,0.5588235912850996,0.72,0.8731028825223139,0.4408842320037164,0.8104446401440928,0.033690424006918684,-0.007810650887574044
max_bear_body_atr>=2.0 AND bear_count>=2,and,9,71,0.5483871463930441,0.7727272727272727,0.3583724643831659,0.1861924325148261,0.9056975134414427,0.023253979114863155,0.04491662183969869
max_bear_body_atr>=2.0 OR bear_count>=3,or,33,47,0.5351811772753443,0.7142857142857143,0.9743855383455353,0.3930555553715906,0.7526628269869842,0.010048009997163376,-0.013524936601859716
max_bear_body_atr>=2.0 AND bear_count>=3,and,4,76,0.5319354771909561,0.7361963190184049,0.38848145820902114,0.08371053955023235,0.8681046026441426,0.006802309912775195,0.008385668130830859
max_bear_body_atr>=2.0 OR bear_count>=4,or,24,56,0.5319354771909561,0.7642276422764228,0.9172123170865761,0.3530934038440219,0.8127996432805912,0.006802309912775195,0.036416991388848796
max_bear_body_atr>=2.0 AND bear_count>=4,and,2,78,0.5319354771909561,0.7365269461077845,0.052230840459283896,0.052230840459283896,0.8644283840111842,0.006802309912775195,0.008716295220210446
max_bear_body_atr>=2.0 OR max_consec_down>=2,or,34,46,0.48123039472675516,0.6966292134831461,0.9973650693829694,0.5385384617498059,0.7308578972776081,-0.04390277255142577,-0.031181437404427914
max_bear_body_atr>=2.0 AND max_consec_down>=2,and,6,74,0.5417841618341942,0.7692307692307693,0.3197313120479301,0.11876160982493444,0.886641726506802,0.016650994556013266,0.041420118343195256
max_bear_body_atr>=2.0 OR max_consec_down>=3,or,21,59,0.5351811772753443,0.7898550724637681,0.8096260987391711,0.2681455785576833,0.8564021620384464,0.010048009997163376,0.06204442157619405
max_bear_body_atr>=2.0 AND max_consec_down>=3,and,2,78,0.5319354771909561,0.7365269461077845,0.052230840459283896,0.052230840459283896,0.8644283840111842,0.006802309912775195,0.008716295220210446
max_bear_body_atr>=2.0 OR max_consec_down>=4,or,15,65,0.5286897771065678,0.7702702702702703,0.9958609860032162,0.3131312523164531,0.8091070899037336,0.003556609828386903,0.04245961938269627
max_bear_body_atr>=2.0 AND max_consec_down>=4,and,0,80,0.5251331672781809,0.727810650887574,,,0.8441234454223865,0.0,0.0
max_bear_body_atr>=2.0 OR dd_close<=-0.1,or,35,45,0.4408842320037164,0.7641509433962265,1.0423631527347292,0.5587099210112999,0.6899370064016755,-0.08424893527446453,0.03634029250865245
max_bear_body_atr>=2.0 AND dd_close<=-0.1,and,8,72,0.5417841618341942,0.7677419354838709,0.40551544160785685,0.209102462466206,0.8928576680684456,0.016650994556013266,0.03993128459629691
max_bear_body_atr>=2.0 OR dd_close<=-0.15,or,23,57,0.5351811772753443,0.7709923664122137,0.9820860052876139,0.3131312523164531,0.7884543423188738,0.010048009997163376,0.043181715524639674
max_bear_body_atr>=2.0 AND dd_close<=-0.15,and,8,72,0.5417841618341942,0.7677419354838709,0.40551544160785685,0.209102462466206,0.8928576680684456,0.016650994556013266,0.03993128459629691
max_bear_body_atr>=2.0 OR dd_close<=-0.2,or,20,60,0.5587667561481997,0.7887323943661971,0.7754292224692827,0.2101238987674685,0.8670215197400879,0.03363358887001877,0.060921743478623114
max_bear_body_atr>=2.0 AND dd_close<=-0.2,and,6,74,0.5417841618341942,0.7643312101910829,0.36152861968658795,0.209102462466206,0.883252755617181,0.016650994556013266,0.03652055930350884
max_bear_body_atr>=2.0 OR dd_close<=-0.3,or,15,65,0.5587099210112999,0.785234899328859,0.8992949136973122,0.1882353051173511,0.831391568128173,0.03357675373311897,0.05742424844128502
max_bear_body_atr>=2.0 AND dd_close<=-0.3,and,4,76,0.5417841618341942,0.76875,0.11723093009251592,0.11876160982493444,0.8823809462292219,0.016650994556013266,0.04093934911242603
max_bear_body_atr>=2.0 OR dd_low<=-0.2,or,39,41,0.4200912391952296,0.7425742574257426,1.0163415158137592,0.5587099210112999,0.6803062565135197,-0.10504192808295132,0.01476360653816855
max_bear_body_atr>=2.0 AND dd_low<=-0.2,and,10,70,0.5319354771909561,0.7647058823529411,1.1986270987237886,0.2725718723670195,0.7934800663793292,0.006802309912775195,0.036895231465367107
max_bear_body_atr>=2.0 OR dd_low<=-0.3,or,26,54,0.5469455491433222,0.7829457364341085,0.9261921163314907,0.2725718723670195,0.8046089001698549,0.021812381865141228,0.05513508554653446
max_bear_body_atr>=2.0 AND dd_low<=-0.3,and,6,74,0.5417841618341942,0.7643312101910829,0.36152861968658795,0.209102462466206,0.883252755617181,0.016650994556013266,0.03652055930350884
max_bear_body_atr>=2.0 OR dd_low<=-0.4,or,17,63,0.5351811772753443,0.7801418439716312,1.077345535596297,0.2320124924175859,0.7811905004548235,0.010048009997163376,0.052331193084057204
max_bear_body_atr>=2.0 AND dd_low<=-0.4,and,5,75,0.5351811772753443,0.7643312101910829,0.38743184514038836,0.1861924325148261,0.874569552107853,0.010048009997163376,0.03652055930350884
max_bear_body_atr>=2.0 OR down_slope>=0.03,or,41,39,0.4408842320037164,0.7708333333333334,0.9750157933705251,0.5483871463930441,0.7065186693743437,-0.08424893527446453,0.04302268244575935
max_bear_body_atr>=2.0 AND down_slope>=0.03,and,9,71,0.5351811772753443,0.7662337662337663,0.4213900754728776,0.2320124924175859,0.8977093655568315,0.010048009997163376,0.03842311534619225
max_bear_body_atr>=2.0 OR down_slope>=0.05,or,35,45,0.4408842320037164,0.7592592592592593,1.0633629843375312,0.5587099210112999,0.6736038040439409,-0.08424893527446453,0.03144860837168528
max_bear_body_atr>=2.0 AND down_slope>=0.05,and,7,73,0.5483871463930441,0.7692307692307693,0.3105410193117732,0.1861924325148261,0.8952888835425822,0.023253979114863155,0.041420118343195256
max_bear_body_atr>=2.0 OR down_slope>=0.08,or,27,53,0.5351811772753443,0.782258064516129,0.9459055777035578,0.4200912391952296,0.7922721704866957,0.010048009997163376,0.054447413628554986
max_bear_body_atr>=2.0 AND down_slope>=0.08,and,7,73,0.5483871463930441,0.7692307692307693,0.3105410193117732,0.1861924325148261,0.8952888835425822,0.023253979114863155,0.041420118343195256
max_bear_body_atr>=2.0 OR slope_ratio>=0.3,or,31,49,0.5351811772753443,0.7946428571428571,0.8556881612791041,0.3131312523164531,0.8368069925334429,0.010048009997163376,0.06683220625528308
max_bear_body_atr>=2.0 AND slope_ratio>=0.3,and,8,72,0.5319354771909561,0.7612903225806451,0.4507897808426341,0.2725718723670195,0.8878271859312479,0.006802309912775195,0.03347967169307109
max_bear_body_atr>=2.0 OR slope_ratio>=0.5,or,23,57,0.5286897771065678,0.7642276422764228,1.0229380995848125,0.3131312523164531,0.7719701639182497,0.003556609828386903,0.036416991388848796
max_bear_body_atr>=2.0 AND slope_ratio>=0.5,and,4,76,0.5319354771909561,0.7625,0.33957377357398894,0.14167163977631436,0.8706786913091443,0.006802309912775195,0.03468934911242594
max_bear_body_atr>=2.0 OR slope_ratio>=1.0,or,17,63,0.5286897771065678,0.7703703703703704,0.925054932250468,0.3131312523164531,0.8222847902465551,0.003556609828386903,0.042559719482796354
max_bear_body_atr>=2.0 AND slope_ratio>=1.0,and,1,79,0.5286897771065678,0.7592592592592593,0.0513307871350428,0.0513307871350428,0.8541587955272896,0.003556609828386903,0.03144860837168528
max_bear_body_atr>=2.0 OR rev_days>=4,or,40,40,0.547002384280222,0.6835443037974683,0.9786378509587585,0.45302459792089933,0.7096090398860146,0.02186921700204103,-0.044266347090105684
max_bear_body_atr>=2.0 AND rev_days>=4,and,8,72,0.5417841618341942,0.7677419354838709,0.40259209529820106,0.209102462466206,0.8931824843250737,0.016650994556013266,0.03993128459629691
max_bear_body_atr>=2.0 OR rev_days>=5,or,29,51,0.5587099210112999,0.784,0.9014718958753923,0.3131312523164531,0.8115135422236187,0.03357675373311897,0.05618934911242601
max_bear_body_atr>=2.0 AND rev_days>=5,and,4,76,0.5319354771909561,0.7349397590361446,0.351702642754149,0.209102462466206,0.8700403297733464,0.006802309912775195,0.007129108148570595
max_bear_body_atr>=2.0 OR rev_days>=6,or,22,58,0.5587667561481997,0.7785714285714286,0.7772623110014627,0.2725718723670195,0.8694845653751507,0.03363358887001877,0.05076077768385456
max_bear_body_atr>=2.0 AND rev_days>=6,and,0,80,0.5251331672781809,0.727810650887574,,,0.8441234454223865,0.0,0.0
max_bear_body_atr>=2.0 OR max_upper_atr>=1.5,or,22,58,0.5251331672781809,0.7883211678832117,1.1502273647814631,0.4307591993547486,0.7280150622172196,0.0,0.0605105169956377
max_bear_body_atr>=2.0 AND max_upper_atr>=1.5,and,4,76,0.5251331672781809,0.725609756097561,2.5200501845615695,0.850123998874732,0.7559167749413769,0.0,-0.0022008947900130638
max_bear_body_atr>=2.0 OR max_upper_atr>=2.0,or,16,64,0.5251331672781809,0.7671232876712328,1.1511578822269901,0.4307591993547486,0.7673648362212357,0.0,0.039312636783658816
max_bear_body_atr>=2.0 AND max_upper_atr>=2.0,and,2,78,0.5319354771909561,0.7321428571428571,0.209102462466206,0.209102462466206,0.8604060347289553,0.006802309912775195,0.004332206255283078
max_bear_body_atr>=2.5 OR max_consec_bear>=2,or,37,43,0.5351811772753443,0.7108433734939759,0.9390577950831106,0.4035301142208499,0.7624357492026939,0.010048009997163376,-0.016967277393598157
max_bear_body_atr>=2.5 AND max_consec_bear>=2,and,6,74,0.5417841618341942,0.7407407407407407,0.3119454170359037,0.0954039247888554,0.8872730152915609,0.016650994556013266,0.012930089853166682
max_bear_body_atr>=2.5 OR max_consec_bear>=3,or,20,60,0.5251331672781809,0.7251908396946565,1.0213459446574427,0.4907954361436637,0.7850492790107012,0.0,-0.0026198111929175427
max_bear_body_atr>=2.5 AND max_consec_bear>=3,and,2,78,0.5319354771909561,0.7365269461077845,0.052230840459283896,0.052230840459283896,0.8644283840111842,0.006802309912775195,0.008716295220210446
max_bear_body_atr>=2.5 OR max_consec_bear>=4,or,12,68,0.5251331672781809,0.7083333333333334,1.3892748711565133,0.5885595679758981,0.747920252645776,0.0,-0.019477317554240647
max_bear_body_atr>=2.5 AND max_consec_bear>=4,and,1,79,0.5286897771065678,0.7321428571428571,-0.0817307515962583,-0.0817307515962583,0.8558431188023693,0.003556609828386903,0.004332206255283078
max_bear_body_atr>=2.5 OR bear_count>=2,or,41,39,0.5483871463930441,0.7142857142857143,0.8977268657792463,0.4408842320037164,0.7877711317138929,0.023253979114863155,-0.013524936601859716
max_bear_body_atr>=2.5 AND bear_count>=2,and,7,73,0.5483871463930441,0.7407407407407407,0.3005264278047154,0.1861924325148261,0.8962491868377795,0.023253979114863155,0.012930089853166682
max_bear_body_atr>=2.5 OR bear_count>=3,or,29,51,0.5351811772753443,0.6633663366336634,1.04470459065782,0.3930555553715906,0.730067500092434,0.010048009997163376,-0.06444431425391062
max_bear_body_atr>=2.5 AND bear_count>=3,and,4,76,0.5319354771909561,0.7361963190184049,0.38848145820902114,0.08371053955023235,0.8681046026441426,0.006802309912775195,0.008385668130830859
max_bear_body_atr>=2.5 OR bear_count>=4,or,20,60,0.5319354771909561,0.7218045112781954,1.0077402986875972,0.3530934038440219,0.7895844943339831,0.006802309912775195,-0.006006139609378569
max_bear_body_atr>=2.5 AND bear_count>=4,and,2,78,0.5319354771909561,0.7365269461077845,0.052230840459283896,0.052230840459283896,0.8644283840111842,0.006802309912775195,0.008716295220210446
max_bear_body_atr>=2.5 OR max_consec_down>=2,or,31,49,0.5215765574497939,0.6956521739130435,1.035595274510649,0.5286897771065678,0.7229882066114451,-0.003556609828387014,-0.03215847697453056
max_bear_body_atr>=2.5 AND max_consec_down>=2,and,5,75,0.5351811772753443,0.7361963190184049,0.3734114170305075,0.1861924325148261,0.8755042473151785,0.010048009997163376,0.008385668130830859
max_bear_body_atr>=2.5 OR max_consec_down>=3,or,17,63,0.5351811772753443,0.75,0.890815202188042,0.2681455785576833,0.8315240824856223,0.010048009997163376,0.022189349112425982
max_bear_body_atr>=2.5 AND max_consec_down>=3,and,2,78,0.5319354771909561,0.7365269461077845,0.052230840459283896,0.052230840459283896,0.8644283840111842,0.006802309912775195,0.008716295220210446
max_bear_body_atr>=2.5 OR max_consec_down>=4,or,11,69,0.5286897771065678,0.7341772151898734,1.1890568321565782,0.3131312523164531,0.78913406492853,0.003556609828386903,0.006366564302299427
max_bear_body_atr>=2.5 AND max_consec_down>=4,and,0,80,0.5251331672781809,0.727810650887574,,,0.8441234454223865,0.0,0.0
max_bear_body_atr>=2.5 OR dd_close<=-0.1,or,33,47,0.4408842320037164,0.7592592592592593,1.0832147846728828,0.5885353169157369,0.6762508029699106,-0.08424893527446453,0.03144860837168528
max_bear_body_atr>=2.5 AND dd_close<=-0.1,and,6,74,0.5417841618341942,0.7361963190184049,0.3537427246745615,0.209102462466206,0.88388404440194,0.016650994556013266,0.008385668130830859
max_bear_body_atr>=2.5 OR dd_close<=-0.15,or,21,59,0.5351811772753443,0.7669172932330827,1.040540746195463,0.3131312523164531,0.7742122027743423,0.010048009997163376,0.039106642345508646
max_bear_body_atr>=2.5 AND dd_close<=-0.15,and,6,74,0.5417841618341942,0.7361963190184049,0.3537427246745615,0.209102462466206,0.88388404440194,0.016650994556013266,0.008385668130830859
max_bear_body_atr>=2.5 OR dd_close<=-0.2,or,17,63,0.5587099210112999,0.7862068965517242,0.805977976482048,0.1861924325148261,0.854416667199938,0.03357675373311897,0.05839624566415014
max_bear_body_atr>=2.5 AND dd_close<=-0.2,and,5,75,0.5351811772753443,0.7317073170731707,0.42356818619689696,0.2320124924175859,0.8721604627040859,0.010048009997163376,0.0038966661855966978
max_bear_body_atr>=2.5 OR dd_close<=-0.3,or,12,68,0.5535485337021719,0.7828947368421053,0.9735387380224036,0.17225130598227534,0.8212854526106189,0.028415366423991006,0.05508408595453129
max_bear_body_atr>=2.5 AND dd_close<=-0.3,and,3,77,0.5351811772753443,0.7365269461077845,0.13919764441167362,0.1861924325148261,0.8715880870202066,0.010048009997163376,0.008716295220210446
max_bear_body_atr>=2.5 OR dd_low<=-0.2,or,38,42,0.4122883374641424,0.7352941176470589,1.0381337845162966,0.5736226189635184,0.6685902814802775,-0.11284482981403854,0.007483466759484858
max_bear_body_atr>=2.5 AND dd_low<=-0.2,and,7,73,0.5351811772753443,0.7345679012345679,1.4737452365756225,0.2320124924175859,0.7837487531200216,0.010048009997163376,0.006757250346993926
max_bear_body_atr>=2.5 OR dd_low<=-0.3,or,23,57,0.5483871463930441,0.7803030303030303,0.968436355453388,0.2320124924175859,0.7939620957607545,0.023253979114863155,0.05249237941545626
max_bear_body_atr>=2.5 AND dd_low<=-0.3,and,5,75,0.5351811772753443,0.7317073170731707,0.42356818619689696,0.2320124924175859,0.8721604627040859,0.010048009997163376,0.0038966661855966978
max_bear_body_atr>=2.5 OR dd_low<=-0.4,or,14,66,0.5417841618341942,0.7777777777777778,1.1791368039961578,0.209102462466206,0.77306000572492,0.016650994556013266,0.04996712689020377
max_bear_body_atr>=2.5 AND dd_low<=-0.4,and,4,76,0.5319354771909561,0.7317073170731707,0.47145710964172477,0.2496618424156396,0.8637374630950528,0.006802309912775195,0.0038966661855966978
max_bear_body_atr>=2.5 OR down_slope>=0.03,or,40,40,0.4226848338683858,0.7628865979381443,0.9946853055768543,0.5535485337021719,0.6935615852679188,-0.10244833340979514,0.035075947050570266
max_bear_body_atr>=2.5 AND down_slope>=0.03,and,6,74,0.5417841618341942,0.7361963190184049,0.3537427246745615,0.209102462466206,0.88388404440194,0.016650994556013266,0.008385668130830859
max_bear_body_atr>=2.5 OR down_slope>=0.05,or,32,48,0.45302459792089933,0.7567567567567568,1.1065858000819608,0.5736226189635184,0.6691485423160038,-0.0721085693572816,0.02894610586918278
max_bear_body_atr>=2.5 AND down_slope>=0.05,and,6,74,0.5417841618341942,0.7361963190184049,0.3537427246745615,0.209102462466206,0.88388404440194,0.016650994556013266,0.008385668130830859
max_bear_body_atr>=2.5 OR down_slope>=0.08,or,24,56,0.5417841618341942,0.7795275590551181,0.9888538228668842,0.36661124575584136,0.7820961408033161,0.016650994556013266,0.05171690816754404
max_bear_body_atr>=2.5 AND down_slope>=0.08,and,6,74,0.5417841618341942,0.7361963190184049,0.3537427246745615,0.209102462466206,0.88388404440194,0.016650994556013266,0.008385668130830859
max_bear_body_atr>=2.5 OR slope_ratio>=0.3,or,30,50,0.5319354771909561,0.7876106194690266,0.8779365898178291,0.38914810807726763,0.8238355587851212,0.006802309912775195,0.059799968581452534
max_bear_body_atr>=2.5 AND slope_ratio>=0.3,and,5,75,0.5351811772753443,0.7317073170731707,0.38725278310650874,0.2320124924175859,0.8745814895767785,0.010048009997163376,0.0038966661855966978
max_bear_body_atr>=2.5 OR slope_ratio>=0.5,or,21,59,0.5286897771065678,0.76,1.085283516140014,0.3131312523164531,0.7582868100822141,0.003556609828386903,0.03218934911242599
max_bear_body_atr>=2.5 AND slope_ratio>=0.5,and,2,78,0.5319354771909561,0.7321428571428571,0.1183139547402353,0.1183139547402353,0.8627339451834672,0.006802309912775195,0.004332206255283078
max_bear_body_atr>=2.5 OR slope_ratio>=1.0,or,14,66,0.5319354771909561,0.7681159420289855,0.9942124999333657,0.2725718723670195,0.812286373253391,0.006802309912775195,0.04030529114141146
max_bear_body_atr>=2.5 AND slope_ratio>=1.0,and,0,80,0.5251331672781809,0.727810650887574,,,0.8441234454223865,0.0,0.0
max_bear_body_atr>=2.5 OR rev_days>=4,or,38,42,0.5417841618341942,0.6790123456790124,1.0107603049168405,0.45302459792089933,0.6933567630226425,0.016650994556013266,-0.048798305208561654
max_bear_body_atr>=2.5 AND rev_days>=4,and,6,74,0.5417841618341942,0.7361963190184049,0.34984492959502056,0.209102462466206,0.8842000818408214,0.016650994556013266,0.008385668130830859
max_bear_body_atr>=2.5 OR rev_days>=5,or,26,54,0.5417841618341942,0.7388059701492538,0.9751819900669593,0.3530934038440219,0.7810211831861108,0.016650994556013266,0.010995319261679737
max_bear_body_atr>=2.5 AND rev_days>=5,and,3,77,0.5351811772753443,0.7365269461077845,0.1121580577787179,0.1861924325148261,0.8726415774085037,0.010048009997163376,0.008716295220210446
max_bear_body_atr>=2.5 OR rev_days>=6,or,18,62,0.5535485337021719,0.74,0.8467489558725723,0.2725718723670195,0.8433612004529778,0.028415366423991006,0.012189349112425973
max_bear_body_atr>=2.5 AND rev_days>=6,and,0,80,0.5251331672781809,0.727810650887574,,,0.8441234454223865,0.0,0.0
max_bear_body_atr>=2.5 OR max_upper_atr>=1.5,or,18,62,0.5251331672781809,0.7482993197278912,1.3025951327147949,0.5498537514843703,0.7110187620149132,0.0,0.020488668840317192
max_bear_body_atr>=2.5 AND max_upper_atr>=1.5,and,4,76,0.5251331672781809,0.725609756097561,2.5200501845615695,0.850123998874732,0.7559167749413769,0.0,-0.0022008947900130638
max_bear_body_atr>=2.5 OR max_upper_atr>=2.0,or,12,68,0.5251331672781809,0.7307692307692307,1.3800197066088302,0.5498537514843703,0.74955351697772,0.0,0.002958579881656709
max_bear_body_atr>=2.5 AND max_upper_atr>=2.0,and,2,78,0.5319354771909561,0.7321428571428571,0.209102462466206,0.209102462466206,0.8604060347289553,0.006802309912775195,0.004332206255283078
max_bear_body_atr>=3.0 OR max_consec_bear>=2,or,36,44,0.5417841618341942,0.7142857142857143,0.7375382808359195,0.39829283479622024,0.9313294891749506,0.016650994556013266,-0.013524936601859716
max_bear_body_atr>=3.0 AND max_consec_bear>=2,and,3,77,0.5286897771065678,0.7317073170731707,0.5242323954168153,0.1861924325148261,0.8565867330849414,0.003556609828386903,0.0038966661855966978
max_bear_body_atr>=3.0 OR max_consec_bear>=3,or,16,64,0.49337076064393803,0.7164179104477612,0.7458864543251184,0.6211410802438813,0.8686826931967037,-0.0317624066342429,-0.011392740439812865
max_bear_body_atr>=3.0 AND max_consec_bear>=3,and,2,78,0.5319354771909561,0.7365269461077845,0.052230840459283896,0.052230840459283896,0.8644283840111842,0.006802309912775195,0.008716295220210446
max_bear_body_atr>=3.0 OR max_consec_bear>=4,or,8,72,0.49337076064393803,0.7006802721088435,1.0223203537413992,0.9557246547050748,0.8243237889424962,-0.0317624066342429,-0.02713037877873048
max_bear_body_atr>=3.0 AND max_consec_bear>=4,and,1,79,0.5286897771065678,0.7321428571428571,-0.0817307515962583,-0.0817307515962583,0.8558431188023693,0.003556609828386903,0.004332206255283078
max_bear_body_atr>=3.0 OR bear_count>=2,or,40,40,0.5536053688390719,0.717948717948718,0.7153260297241778,0.4222071731122832,0.9729208611205952,0.02847220156089092,-0.009861932938856066
max_bear_body_atr>=3.0 AND bear_count>=2,and,4,76,0.5319354771909561,0.7317073170731707,0.451177419667008,0.209102462466206,0.8648048151989854,0.006802309912775195,0.0038966661855966978
max_bear_body_atr>=3.0 OR bear_count>=3,or,26,54,0.5319354771909561,0.6601941747572816,0.8378817750659794,0.4291102596048364,0.8471286941125086,0.006802309912775195,-0.06761647613029242
max_bear_body_atr>=3.0 AND bear_count>=3,and,3,77,0.5286897771065678,0.7317073170731707,0.5242323954168153,0.1861924325148261,0.8565867330849414,0.003556609828386903,0.0038966661855966978
max_bear_body_atr>=3.0 OR bear_count>=4,or,16,64,0.5251331672781809,0.7132352941176471,0.7288793968628113,0.5234011994718081,0.8729344575622804,0.0,-0.01457535676992694
max_bear_body_atr>=3.0 AND bear_count>=4,and,2,78,0.5319354771909561,0.7365269461077845,0.052230840459283896,0.052230840459283896,0.8644283840111842,0.006802309912775195,0.008716295220210446
max_bear_body_atr>=3.0 OR max_consec_down>=2,or,29,51,0.5215765574497939,0.6914893617021277,0.8243130270615602,0.5286897771065678,0.8553881931177585,-0.003556609828387014,-0.036321289185446304
max_bear_body_atr>=3.0 AND max_consec_down>=2,and,3,77,0.5286897771065678,0.7317073170731707,0.5242323954168153,0.1861924325148261,0.8565867330849414,0.003556609828386903,0.0038966661855966978
max_bear_body_atr>=3.0 OR max_consec_down>=3,or,13,67,0.5286897771065678,0.7417218543046358,0.5116248317884422,0.2681455785576833,0.9086381017991221,0.003556609828386903,0.013911203417061757
max_bear_body_atr>=3.0 AND max_consec_down>=3,and,2,78,0.5319354771909561,0.7365269461077845,0.052230840459283896,0.052230840459283896,0.8644283840111842,0.006802309912775195,0.008716295220210446
max_bear_body_atr>=3.0 OR max_consec_down>=4,or,7,73,0.5215765574497939,0.7267080745341615,0.6552699328250569,0.6537468435720255,0.8622326863563772,-0.003556609828387014,-0.0011025763534124877
max_bear_body_atr>=3.0 AND max_consec_down>=4,and,0,80,0.5251331672781809,0.727810650887574,,,0.8441234454223865,0.0,0.0
max_bear_body_atr>=3.0 OR dd_close<=-0.1,or,31,49,0.4408842320037164,0.7545454545454545,0.8893902883754035,0.5885353169157369,0.8154852386561923,-0.08424893527446453,0.0267348036578805
max_bear_body_atr>=3.0 AND dd_close<=-0.1,and,4,76,0.5319354771909561,0.7317073170731707,0.451177419667008,0.209102462466206,0.8648048151989854,0.006802309912775195,0.0038966661855966978
max_bear_body_atr>=3.0 OR dd_close<=-0.15,or,19,61,0.5351811772753443,0.762962962962963,0.7198087745019525,0.3131312523164531,0.8828444084959645,0.010048009997163376,0.035152312075388936
max_bear_body_atr>=3.0 AND dd_close<=-0.15,and,4,76,0.5319354771909561,0.7317073170731707,0.451177419667008,0.209102462466206,0.8648048151989854,0.006802309912775195,0.0038966661855966978
max_bear_body_atr>=3.0 OR dd_close<=-0.2,or,14,66,0.5535485337021719,0.777027027027027,0.3944300877545933,0.209102462466206,0.9395129455337367,0.028415366423991006,0.049216376139452955
max_bear_body_atr>=3.0 AND dd_close<=-0.2,and,4,76,0.5319354771909561,0.7317073170731707,0.451177419667008,0.209102462466206,0.8648048151989854,0.006802309912775195,0.0038966661855966978
max_bear_body_atr>=3.0 OR dd_close<=-0.3,or,9,71,0.5483871463930441,0.7741935483870968,0.38920672051537036,0.1861924325148261,0.9017889457627125,0.023253979114863155,0.046382897499522735
max_bear_body_atr>=3.0 AND dd_close<=-0.3,and,2,78,0.5319354771909561,0.7365269461077845,0.052230840459283896,0.052230840459283896,0.8644283840111842,0.006802309912775195,0.008716295220210446
max_bear_body_atr>=3.0 OR dd_low<=-0.2,or,37,43,0.4044854357330552,0.7281553398058253,1.066698788244152,0.5885353169157369,0.6526051271804023,-0.12064773154512576,0.0003446889182512347
max_bear_body_atr>=3.0 AND dd_low<=-0.2,and,4,76,0.5319354771909561,0.7317073170731707,0.451177419667008,0.209102462466206,0.8648048151989854,0.006802309912775195,0.0038966661855966978
max_bear_body_atr>=3.0 OR dd_low<=-0.3,or,20,60,0.5417841618341942,0.7703703703703704,0.7047215901898706,0.2725718723670195,0.8905907304998918,0.016650994556013266,0.042559719482796354
max_bear_body_atr>=3.0 AND dd_low<=-0.3,and,4,76,0.5319354771909561,0.7317073170731707,0.451177419667008,0.209102462466206,0.8648048151989854,0.006802309912775195,0.0038966661855966978
max_bear_body_atr>=3.0 OR dd_low<=-0.4,or,11,69,0.5351811772753443,0.7687074829931972,0.7571191713014273,0.2320124924175859,0.8579936920213802,0.010048009997163376,0.040896832105623226
max_bear_body_atr>=3.0 AND dd_low<=-0.4,and,3,77,0.5286897771065678,0.7317073170731707,0.5242323954168153,0.1861924325148261,0.8565867330849414,0.003556609828386903,0.0038966661855966978
max_bear_body_atr>=3.0 OR down_slope>=0.03,or,38,42,0.4226848338683858,0.7575757575757576,0.8319058754870143,0.5535485337021719,0.8551774372686758,-0.10244833340979514,0.02976510668818355
max_bear_body_atr>=3.0 AND down_slope>=0.03,and,4,76,0.5319354771909561,0.7317073170731707,0.451177419667008,0.209102462466206,0.8648048151989854,0.006802309912775195,0.0038966661855966978
max_bear_body_atr>=3.0 OR down_slope>=0.05,or,30,50,0.45302459792089933,0.7522123893805309,0.9078585549351708,0.5736226189635184,0.8058823797147161,-0.0721085693572816,0.024401738492956904
max_bear_body_atr>=3.0 AND down_slope>=0.05,and,4,76,0.5319354771909561,0.7317073170731707,0.451177419667008,0.209102462466206,0.8648048151989854,0.006802309912775195,0.0038966661855966978
max_bear_body_atr>=3.0 OR down_slope>=0.08,or,22,58,0.5417841618341942,0.7751937984496124,0.7071592179198908,0.36661124575584136,0.8960753937854024,0.016650994556013266,0.04738314756203843
max_bear_body_atr>=3.0 AND down_slope>=0.08,and,4,76,0.5319354771909561,0.7317073170731707,0.451177419667008,0.209102462466206,0.8648048151989854,0.006802309912775195,0.0038966661855966978
max_bear_body_atr>=3.0 OR slope_ratio>=0.3,or,28,52,0.5319354771909561,0.782608695652174,0.6486824549988303,0.38914810807726763,0.9493609018043017,0.006802309912775195,0.05479804476459993
max_bear_body_atr>=3.0 AND slope_ratio>=0.3,and,3,77,0.5286897771065678,0.7272727272727273,0.5395057487177353,0.2320124924175859,0.8559916673719185,0.003556609828386903,-0.0005379236148467248
max_bear_body_atr>=3.0 OR slope_ratio>=0.5,or,18,62,0.5251331672781809,0.7559055118110236,0.7946018684475676,0.4134277497844916,0.858500677447334,0.0,0.028094860923449594
max_bear_body_atr>=3.0 AND slope_ratio>=0.5,and,1,79,0.5286897771065678,0.727810650887574,0.2320124924175859,0.2320124924175859,0.8518716853338397,0.003556609828386903,0.0
max_bear_body_atr>=3.0 OR slope_ratio>=1.0,or,10,70,0.5251331672781809,0.7588652482269503,0.5426239375120155,0.3953612067144429,0.8871948036952968,0.0,0.031054597339376322
max_bear_body_atr>=3.0 AND slope_ratio>=1.0,and,0,80,0.5251331672781809,0.727810650887574,,,0.8441234454223865,0.0,0.0
max_bear_body_atr>=3.0 OR rev_days>=4,or,36,44,0.5417841618341942,0.6746987951807228,0.8391809961609743,0.45302459792089933,0.8481672675453603,0.016650994556013266,-0.053111855706851174
max_bear_body_atr>=3.0 AND rev_days>=4,and,4,76,0.5319354771909561,0.7317073170731707,0.451177419667008,0.209102462466206,0.8648048151989854,0.006802309912775195,0.0038966661855966978
max_bear_body_atr>=3.0 OR rev_days>=5,or,22,58,0.5283788673625691,0.7299270072992701,0.7664543689906352,0.4608726662390792,0.8735841295861545,0.003245700084388181,0.002116356411696052
max_bear_body_atr>=3.0 AND rev_days>=5,and,3,77,0.5351811772753443,0.7365269461077845,0.1121580577787179,0.1861924325148261,0.8726415774085037,0.010048009997163376,0.008716295220210446
max_bear_body_atr>=3.0 OR rev_days>=6,or,14,66,0.5417841618341942,0.7320261437908496,0.48205325583995245,0.31253402389458823,0.9209262129095696,0.016650994556013266,0.004215492903275608
max_bear_body_atr>=3.0 AND rev_days>=6,and,0,80,0.5251331672781809,0.727810650887574,,,0.8441234454223865,0.0,0.0
max_bear_body_atr>=3.0 OR max_upper_atr>=1.5,or,15,65,0.4651649638380822,0.738255033557047,1.5431824715267553,0.9957393784830753,0.6828021317059938,-0.05996820344009873,0.010444382669473007
max_bear_body_atr>=3.0 AND max_upper_atr>=1.5,and,3,77,0.5286897771065678,0.7272727272727273,0.6288134767547634,0.2320124924175859,0.8525121455003459,0.003556609828386903,-0.0005379236148467248
max_bear_body_atr>=3.0 OR max_upper_atr>=2.0,or,8,72,0.49337076064393803,0.7232704402515723,1.0084376069198748,0.8911578145676814,0.82586631636711,-0.0317624066342429,-0.00454021063600174
max_bear_body_atr>=3.0 AND max_upper_atr>=2.0,and,2,78,0.5319354771909561,0.7321428571428571,0.209102462466206,0.209102462466206,0.8604060347289553,0.006802309912775195,0.004332206255283078
max_consec_bear>=2 OR bear_count>=2,or,40,40,0.5536053688390719,0.717948717948718,0.7153260297241778,0.4222071731122832,0.9729208611205952,0.02847220156089092,-0.009861932938856066
max_consec_bear>=2 AND bear_count>=2,and,35,45,0.5351811772753443,0.7142857142857143,0.7519818747907291,0.4035301142208499,0.9157891114692313,0.010048009997163376,-0.013524936601859716
max_consec_bear>=2 OR bear_count>=3,or,36,44,0.5417841618341942,0.7317073170731707,0.7316977302710779,0.39829283479622024,0.9361081214552756,0.016650994556013266,0.0038966661855966978
max_consec_bear>=2 AND bear_count>=3,and,24,56,0.5251331672781809,0.6476190476190476,0.8971317078006079,0.5268501403769096,0.8214056186888631,0.0,-0.08019160326852637
max_consec_bear>=2 OR bear_count>=4,or,35,45,0.5351811772753443,0.7142857142857143,0.7519818747907291,0.4035301142208499,0.9157891114692313,0.010048009997163376,-0.013524936601859716
max_consec_bear>=2 AND bear_count>=4,and,14,66,0.5251331672781809,0.7194244604316546,0.7115587394325368,0.5234011994718081,0.8722432315414456,0.0,-0.008386190455919373
max_consec_bear>=2 OR max_consec_down>=2,or,37,43,0.5351811772753443,0.7073170731707317,0.8443657009902478,0.4651649638380822,0.8439149929570178,0.010048009997163376,-0.02049357771684235
max_consec_bear>=2 AND max_consec_down>=2,and,26,54,0.5251331672781809,0.6979166666666666,0.7211884605155389,0.5119374424246911,0.9033143640812391,0.0,-0.029893984220907388
max_consec_bear>=2 OR max_consec_down>=3,or,35,45,0.5351811772753443,0.7142857142857143,0.7519818747907291,0.4035301142208499,0.9157891114692313,0.010048009997163376,-0.013524936601859716
max_consec_bear>=2 AND max_consec_down>=3,and,11,69,0.5286897771065678,0.7467532467532467,0.45007952868184414,0.2681455785576833,0.9069420408447918,0.003556609828386903,0.018942595865672707
max_consec_bear>=2 OR max_consec_down>=4,or,35,45,0.5351811772753443,0.7142857142857143,0.7519818747907291,0.4035301142208499,0.9157891114692313,0.010048009997163376,-0.013524936601859716
max_consec_bear>=2 AND max_consec_down>=4,and,3,77,0.4651649638380822,0.7228915662650602,0.9273932837024557,1.0474614257748065,0.8408791660088775,-0.05996820344009873,-0.004919084622513781
max_consec_bear>=2 OR dd_close<=-0.1,or,41,39,0.5351811772753443,0.7162162162162162,0.8246848835763567,0.4651649638380822,0.8645588565938537,0.010048009997163376,-0.01159443467135779
max_consec_bear>=2 AND dd_close<=-0.1,and,25,55,0.4651649638380822,0.75,0.8031353732272959,0.5885353169157369,0.862754387329246,-0.05996820344009873,0.022189349112425982
max_consec_bear>=2 OR dd_close<=-0.15,or,38,42,0.5417841618341942,0.7108433734939759,0.7408001127600029,0.43434753902946605,0.9376064606883526,0.016650994556013266,-0.016967277393598157
max_consec_bear>=2 AND dd_close<=-0.15,and,16,64,0.5319354771909561,0.7647058823529411,0.7403330030207815,0.2496618424156396,0.8700710560227879,0.006802309912775195,0.036895231465367107
max_consec_bear>=2 OR dd_close<=-0.2,or,37,43,0.5483871463930441,0.7142857142857143,0.7318937266810722,0.4035301142208499,0.9406932034090989,0.023253979114863155,-0.013524936601859716
max_consec_bear>=2 AND dd_close<=-0.2,and,12,68,0.5417841618341942,0.777027027027027,0.3967765799200127,0.17225130598227534,0.9230670099228055,0.016650994556013266,0.049216376139452955
max_consec_bear>=2 OR dd_close<=-0.3,or,35,45,0.5351811772753443,0.7142857142857143,0.7519818747907291,0.4035301142208499,0.9157891114692313,0.010048009997163376,-0.013524936601859716
max_consec_bear>=2 AND dd_close<=-0.3,and,7,73,0.5483871463930441,0.7784810126582279,0.2575160695555527,0.1583101794497246,0.9003734677657814,0.023253979114863155,0.05067036177065387
max_consec_bear>=2 OR dd_low<=-0.2,or,48,32,0.430487735599473,0.6666666666666666,0.9561820983532584,0.5535485337021719,0.6760354660260788,-0.09464543167870793,-0.06114398422090739
max_consec_bear>=2 AND dd_low<=-0.2,and,24,56,0.5251331672781809,0.7520661157024794,0.8287700025730308,0.5119374424246911,0.8507034923578248,0.0,0.02425546481490537
max_consec_bear>=2 OR dd_low<=-0.3,or,40,40,0.5417841618341942,0.7051282051282052,0.7255111551464217,0.43434753902946605,0.9627357356983512,0.016650994556013266,-0.02268244575936884
max_consec_bear>=2 AND dd_low<=-0.3,and,15,65,0.5351811772753443,0.7730496453900709,0.7595567477077373,0.1861924325148261,0.8636388372026903,0.010048009997163376,0.04523899450249691
max_consec_bear>=2 OR dd_low<=-0.4,or,36,44,0.5319354771909561,0.7073170731707317,0.7529428296757723,0.43434753902946605,0.9187257673968893,0.006802309912775195,-0.02049357771684235
max_consec_bear>=2 AND dd_low<=-0.4,and,9,71,0.5351811772753443,0.7718120805369127,0.8121913490273142,0.1861924325148261,0.8481711759513395,0.010048009997163376,0.04400142964933873
max_consec_bear>=2 OR down_slope>=0.03,or,47,33,0.5215765574497939,0.696969696969697,0.8086222830694083,0.5286897771065678,0.8946857069554163,-0.003556609828387014,-0.030840953917877
max_consec_bear>=2 AND down_slope>=0.03,and,26,54,0.5251331672781809,0.7606837606837606,0.7664054454584567,0.5119374424246911,0.8815432231827972,0.0,0.03287310979618663
max_consec_bear>=2 OR down_slope>=0.05,or,45,35,0.5351811772753443,0.7058823529411765,0.8085894168930824,0.4651649638380822,0.889810053531492,0.010048009997163376,-0.0219282979463975
max_consec_bear>=2 AND down_slope>=0.05,and,20,60,0.49337076064393803,0.751937984496124,0.8584299252770968,0.5736226189635184,0.8393546188041497,-0.0317624066342429,0.024127333608550017
max_consec_bear>=2 OR down_slope>=0.08,or,43,37,0.5483871463930441,0.7183098591549296,0.7237200860456774,0.4200912391952296,0.9840516738872107,0.023253979114863155,-0.009500791732644398
max_consec_bear>=2 AND down_slope>=0.08,and,14,66,0.5319354771909561,0.7676056338028169,0.7683503365677845,0.2496618424156396,0.8601965291188173,0.006802309912775195,0.03979498291524286
max_consec_bear>=2 OR slope_ratio>=0.3,or,44,36,0.5319354771909561,0.7575757575757576,0.7237309616519941,0.43434753902946605,0.9912698144750887,0.006802309912775195,0.02976510668818355
max_consec_bear>=2 AND slope_ratio>=0.3,and,18,62,0.5319354771909561,0.746268656716418,0.6917844229133442,0.38914810807726763,0.8883509035701732,0.006802309912775195,0.018458005828843937
max_consec_bear>=2 OR slope_ratio>=0.5,or,40,40,0.5319354771909561,0.7123287671232876,0.7507002530420154,0.43434753902946605,0.9375466378027578,0.006802309912775195,-0.015481883764286386
max_consec_bear>=2 AND slope_ratio>=0.5,and,10,70,0.5251331672781809,0.7482517482517482,0.9021491941800672,0.4134277497844916,0.8358340527427179,0.0,0.02044109736417421
max_consec_bear>=2 OR slope_ratio>=1.0,or,38,42,0.5319354771909561,0.7162162162162162,0.7559384534626996,0.43434753902946605,0.9239098667192461,0.006802309912775195,-0.01159443467135779
max_consec_bear>=2 AND slope_ratio>=1.0,and,3,77,0.5215765574497939,0.75,0.4050780275150178,0.5587099210112999,0.8612291110551412,-0.003556609828387014,0.022189349112425982
max_consec_bear>=2 OR rev_days>=4,or,41,39,0.5483871463930441,0.7105263157894737,0.8050369934347364,0.4408842320037164,0.8852143308453007,0.023253979114863155,-0.017284335098100345
max_consec_bear>=2 AND rev_days>=4,and,30,50,0.5319354771909561,0.6813186813186813,0.784112158288213,0.4291102596048364,0.8801302177028907,0.006802309912775195,-0.04649196956889268
max_consec_bear>=2 OR rev_days>=5,or,39,41,0.5483871463930441,0.7283950617283951,0.7223629988964974,0.4035301142208499,0.9599443579714032,0.023253979114863155,0.0005844108408210591
max_consec_bear>=2 AND rev_days>=5,and,17,63,0.5286897771065678,0.7272727272727273,0.7965276043043653,0.3930555553715906,0.8569667676288367,0.003556609828386903,-0.0005379236148467248
max_consec_bear>=2 OR rev_days>=6,or,37,43,0.5483871463930441,0.7317073170731707,0.7262110288341993,0.4035301142208499,0.9455829666726874,0.023253979114863155,0.0038966661855966978
max_consec_bear>=2 AND rev_days>=6,and,8,72,0.5251331672781809,0.71875,0.5491991817376812,0.5234011994718081,0.8768928080540205,0.0,-0.009060650887574018
max_consec_bear>=2 OR max_upper_atr>=1.5,or,42,38,0.5319354771909561,0.72,0.9965805195315733,0.43434753902946605,0.675618258249075,0.006802309912775195,-0.007810650887574044
max_consec_bear>=2 AND max_upper_atr>=1.5,and,7,73,0.4651649638380822,0.7295597484276729,1.0989216602638614,1.0474614257748065,0.8196907398896424,-0.05996820344009873,0.0017490975400988873
max_consec_bear>=2 OR max_upper_atr>=2.0,or,38,42,0.5319354771909561,0.7037037037037037,0.7631312004112534,0.43434753902946605,0.9174021432896023,0.006802309912775195,-0.024106947183870298
max_consec_bear>=2 AND max_upper_atr>=2.0,and,3,77,0.5215765574497939,0.7289156626506024,1.3337920345570886,0.9957393784830753,0.8250454484431126,-0.003556609828387014,0.0011050117630283518
max_consec_bear>=3 OR bear_count>=2,or,40,40,0.5536053688390719,0.717948717948718,0.7153260297241778,0.4222071731122832,0.9729208611205952,0.02847220156089092,-0.009861932938856066
max_consec_bear>=3 AND bear_count>=2,and,14,66,0.49337076064393803,0.7226277372262774,0.7309953765323162,0.6211410802438813,0.8681203085202804,-0.0317624066342429,-0.00518291366129664
max_consec_bear>=3 OR bear_count>=3,or,25,55,0.5286897771065678,0.6601941747572816,0.8621165463719151,0.4651649638380822,0.8359447631726009,0.003556609828386903,-0.06761647613029242
max_consec_bear>=3 AND bear_count>=3,and,14,66,0.49337076064393803,0.7226277372262774,0.7309953765323162,0.6211410802438813,0.8681203085202804,-0.0317624066342429,-0.00518291366129664
max_consec_bear>=3 OR bear_count>=4,or,16,64,0.5251331672781809,0.7226277372262774,0.6509745018614459,0.4907954361436637,0.8924106813126217,0.0,-0.00518291366129664
max_consec_bear>=3 AND bear_count>=4,and,12,68,0.49337076064393803,0.7194244604316546,0.8150137994770673,0.7588673636036843,0.8492604417656782,-0.0317624066342429,-0.008386190455919373
max_consec_bear>=3 OR max_consec_down>=2,or,29,51,0.5215765574497939,0.6989247311827957,0.8116655052820533,0.5286897771065678,0.8625799211884584,-0.003556609828387014,-0.028885919704778273
max_consec_bear>=3 AND max_consec_down>=2,and,13,67,0.4651649638380822,0.717391304347826,0.7975923777415802,0.6537468435720255,0.853151861539558,-0.05996820344009873,-0.010419346539747965
max_consec_bear>=3 OR max_consec_down>=3,or,16,64,0.5251331672781809,0.7226277372262774,0.6584722785732571,0.4907954361436637,0.890536237134669,0.0,-0.00518291366129664
max_consec_bear>=3 AND max_consec_down>=3,and,9,71,0.5215765574497939,0.7467532467532467,0.516583736642289,0.5885353169157369,0.8856425634367651,-0.003556609828387014,0.018942595865672707
max_consec_bear>=3 OR max_consec_down>=4,or,14,66,0.49337076064393803,0.7226277372262774,0.7309953765323162,0.6211410802438813,0.8681203085202804,-0.0317624066342429,-0.00518291366129664
max_consec_bear>=3 AND max_consec_down>=4,and,3,77,0.4651649638380822,0.7228915662650602,0.9273932837024557,1.0474614257748065,0.8408791660088775,-0.05996820344009873,-0.004919084622513781
max_consec_bear>=3 OR dd_close<=-0.1,or,33,47,0.4408842320037164,0.7352941176470589,0.9311083653960719,0.5885353169157369,0.7830489271429906,-0.08424893527446453,0.007483466759484858
max_consec_bear>=3 AND dd_close<=-0.1,and,12,68,0.49337076064393803,0.7379310344827587,0.5898715127516304,0.6211410802438813,0.8889914335407553,-0.0317624066342429,0.010120383595184634
max_consec_bear>=3 OR dd_close<=-0.15,or,24,56,0.5283788673625691,0.75,0.7677509439490805,0.4608726662390792,0.8768545174823749,0.003245700084388181,0.022189349112425982
max_consec_bear>=3 AND dd_close<=-0.15,and,9,71,0.5215765574497939,0.7368421052631579,0.609364370245733,0.5885353169157369,0.873881638050413,-0.003556609828387014,0.009031454375583836
max_consec_bear>=3 OR dd_close<=-0.2,or,21,59,0.5351811772753443,0.7559055118110236,0.6199581367796039,0.3930555553715906,0.9239110976511736,0.010048009997163376,0.028094860923449594
max_consec_bear>=3 AND dd_close<=-0.2,and,7,73,0.5286897771065678,0.7468354430379747,0.39097651823500745,0.1861924325148261,0.887575890495149,0.003556609828386903,0.01902479215040065
max_consec_bear>=3 OR dd_close<=-0.3,or,17,63,0.5286897771065678,0.7615384615384615,0.6327474994325675,0.3930555553715906,0.901161399102179,0.003556609828386903,0.03372781065088748
max_consec_bear>=3 AND dd_close<=-0.3,and,4,76,0.5319354771909561,0.7454545454545455,0.3199600669969121,0.14029971891168594,0.8717109916553062,0.006802309912775195,0.017643894566971463
max_consec_bear>=3 OR dd_low<=-0.2,or,40,40,0.4040077749769525,0.711340206185567,1.0344661361903147,0.6078770983660899,0.6537807546544585,-0.12112539230122843,-0.01647044470200698
max_consec_bear>=3 AND dd_low<=-0.2,and,11,69,0.5215765574497939,0.7342657342657343,0.7566495444430427,0.5885353169157369,0.8580685600712675,-0.003556609828387014,0.0064550833781602535
max_consec_bear>=3 OR dd_low<=-0.3,or,26,54,0.49337076064393803,0.7391304347826086,0.8007050291208552,0.5586125470111524,0.8650286088268276,-0.0317624066342429,0.01131978389503463
max_consec_bear>=3 AND dd_low<=-0.3,and,8,72,0.5319354771909561,0.7515923566878981,0.4387545397634506,0.14029971891168594,0.8891644349400463,0.006802309912775195,0.023781705800324127
max_consec_bear>=3 OR dd_low<=-0.4,or,19,61,0.4651649638380822,0.7416666666666667,0.9044820544500534,0.6537468435720255,0.8253232229383592,-0.05996820344009873,0.013856015779092679
max_consec_bear>=3 AND dd_low<=-0.4,and,5,75,0.5351811772753443,0.75,0.22901492575990612,0.0944070053085458,0.8851306800665518,0.010048009997163376,0.022189349112425982
max_consec_bear>=3 OR down_slope>=0.03,or,41,39,0.4044854357330552,0.7333333333333333,0.8639426153783278,0.5587099210112999,0.8232879077763972,-0.12064773154512576,0.005522682445759264
max_consec_bear>=3 AND down_slope>=0.03,and,11,69,0.5215765574497939,0.7397260273972602,0.5840646644952309,0.5885353169157369,0.8855820916571506,-0.003556609828387014,0.011915376509686215
max_consec_bear>=3 OR down_slope>=0.05,or,36,44,0.4226848338683858,0.7291666666666666,0.9175798336964102,0.5968643456572238,0.7840227641072764,-0.10244833340979514,0.001356015779092612
max_consec_bear>=3 AND down_slope>=0.05,and,8,72,0.5251331672781809,0.7402597402597403,0.5546022383045986,0.3873638747152815,0.8762924684354741,0.0,0.012449089372166267
max_consec_bear>=3 OR down_slope>=0.08,or,29,51,0.5215765574497939,0.7570093457943925,0.7709602014201044,0.5286897771065678,0.885726074364861,-0.003556609828387014,0.02919869490681848
max_consec_bear>=3 AND down_slope>=0.08,and,7,73,0.5286897771065678,0.7421383647798742,0.4905131749295722,0.1861924325148261,0.8780312795792317,0.003556609828386903,0.014327713892300142
max_consec_bear>=3 OR slope_ratio>=0.3,or,35,45,0.5215765574497939,0.7659574468085106,0.725961126765975,0.5483871463930441,0.9360274710440402,-0.003556609828387014,0.038146795920936616
max_consec_bear>=3 AND slope_ratio>=0.3,and,6,74,0.5251331672781809,0.7358490566037735,0.46703535701595394,0.3324897052581681,0.8746981552931783,0.0,0.008038405716199515
max_consec_bear>=3 OR slope_ratio>=0.5,or,27,53,0.4651649638380822,0.7452830188679245,0.7847276053654023,0.5885353169157369,0.8743817035646239,-0.05996820344009873,0.017472367980350456
max_consec_bear>=3 AND slope_ratio>=0.5,and,2,78,0.5251331672781809,0.7300613496932515,0.8882131861961685,0.8882131861961685,0.8429929392486998,0.0,0.00225069880567752
max_consec_bear>=3 OR slope_ratio>=1.0,or,20,60,0.45302459792089933,0.7543859649122807,0.6927732483952276,0.5968643456572238,0.8945735110981062,-0.0721085693572816,0.026575314024706698
max_consec_bear>=3 AND slope_ratio>=1.0,and,0,80,0.5251331672781809,0.727810650887574,,,0.8441234454223865,0.0,0.0
max_consec_bear>=3 OR rev_days>=4,or,37,43,0.5483871463930441,0.6829268292682927,0.8128581141245124,0.4408842320037164,0.8710261723531156,0.023253979114863155,-0.04488382161928128
max_consec_bear>=3 AND rev_days>=4,and,13,67,0.4651649638380822,0.717391304347826,0.7975923777415802,0.6537468435720255,0.853151861539558,-0.05996820344009873,-0.010419346539747965
max_consec_bear>=3 OR rev_days>=5,or,24,56,0.5283788673625691,0.71875,0.8217249506302912,0.4608726662390792,0.8537228003332846,0.003245700084388181,-0.009060650887574018
max_consec_bear>=3 AND rev_days>=5,and,11,69,0.5215765574497939,0.738255033557047,0.5369360971625032,0.5885353169157369,0.8930953415217884,-0.003556609828387014,0.010444382669473007
max_consec_bear>=3 OR rev_days>=6,or,19,61,0.5351811772753443,0.7333333333333333,0.578921583480789,0.3930555553715906,0.9267273040599334,0.010048009997163376,0.005522682445759264
max_consec_bear>=3 AND rev_days>=6,and,5,75,0.4651649638380822,0.71875,0.8356922176817484,1.0032256819297842,0.8446855272717625,-0.05996820344009873,-0.009060650887574018
max_consec_bear>=3 OR max_upper_atr>=1.5,or,24,56,0.430487735599473,0.7154471544715447,1.2939321104413044,0.8252820671438154,0.6513483032714218,-0.09464543167870793,-0.012363496416029296
max_consec_bear>=3 AND max_upper_atr>=1.5,and,4,76,0.5251331672781809,0.7378048780487805,0.6022581113396783,0.6168269291448163,0.8568531998477922,0.0,0.00999422716120646
max_consec_bear>=3 OR max_upper_atr>=2.0,or,19,61,0.4408842320037164,0.7121212121212122,0.8804599442400518,0.7865762506522875,0.8328055195611467,-0.08424893527446453,-0.015689438766361863
max_consec_bear>=3 AND max_upper_atr>=2.0,and,1,79,0.5286897771065678,0.7321428571428571,0.1861924325148261,0.1861924325148261,0.8524516860921024,0.003556609828386903,0.004332206255283078
max_consec_bear>=4 OR bear_count>=2,or,40,40,0.5536053688390719,0.717948717948718,0.7153260297241778,0.4222071731122832,0.9729208611205952,0.02847220156089092,-0.009861932938856066
max_consec_bear>=4 AND bear_count>=2,and,5,75,0.4651649638380822,0.7019867549668874,1.2584244799333806,1.0474614257748065,0.8165033764549869,-0.05996820344009873,-0.025823895920686568
max_consec_bear>=4 OR bear_count>=3,or,25,55,0.5286897771065678,0.6601941747572816,0.8621165463719151,0.4651649638380822,0.8359447631726009,0.003556609828386903,-0.06761647613029242
max_consec_bear>=4 AND bear_count>=3,and,5,75,0.4651649638380822,0.7019867549668874,1.2584244799333806,1.0474614257748065,0.8165033764549869,-0.05996820344009873,-0.025823895920686568
max_consec_bear>=4 OR bear_count>=4,or,14,66,0.5251331672781809,0.7194244604316546,0.7115587394325368,0.5234011994718081,0.8722432315414456,0.0,-0.008386190455919373
max_consec_bear>=4 AND bear_count>=4,and,5,75,0.4651649638380822,0.7019867549668874,1.2584244799333806,1.0474614257748065,0.8165033764549869,-0.05996820344009873,-0.025823895920686568
max_consec_bear>=4 OR max_consec_down>=2,or,28,52,0.48123039472675516,0.6914893617021277,0.8454666175845593,0.5436998490589339,0.8434001988735245,-0.04390277255142577,-0.036321289185446304
max_consec_bear>=4 AND max_consec_down>=2,and,5,75,0.4651649638380822,0.7019867549668874,1.2584244799333806,1.0474614257748065,0.8165033764549869,-0.05996820344009873,-0.025823895920686568
max_consec_bear>=4 OR max_consec_down>=3,or,14,66,0.49337076064393803,0.7194244604316546,0.7340904672134743,0.6211410802438813,0.867463774133368,-0.0317624066342429,-0.008386190455919373
max_consec_bear>=4 AND max_consec_down>=3,and,2,78,0.5251331672781809,0.7289156626506024,0.4828653370892741,0.4828653370892741,0.8533864738411844,0.0,0.0011050117630283518
max_consec_bear>=4 OR max_consec_down>=4,or,7,73,0.4408842320037164,0.7,1.1466915464284948,1.0474614257748065,0.8151100658738556,-0.08424893527446453,-0.027810650887574062
max_consec_bear>=4 AND max_consec_down>=4,and,1,79,0.5215765574497939,0.7245508982035929,1.0474614257748065,1.0474614257748065,0.8415495469369128,-0.003556609828387014,-0.003259752683981154
max_consec_bear>=4 OR dd_close<=-0.1,or,32,48,0.430487735599473,0.7378640776699029,0.9479225157093368,0.5968643456572238,0.7749240652310864,-0.09464543167870793,0.0100534267823289
max_consec_bear>=4 AND dd_close<=-0.1,and,4,76,0.49337076064393803,0.7151898734177216,0.8824252091514073,0.9557246547050748,0.8421075631208593,-0.0317624066342429,-0.012620777469852462
max_consec_bear>=4 OR dd_close<=-0.15,or,21,59,0.5215765574497939,0.7419354838709677,0.8239417220111295,0.5286897771065678,0.8513067707043596,-0.003556609828387014,0.014124832983393731
max_consec_bear>=4 AND dd_close<=-0.15,and,3,77,0.5215765574497939,0.7222222222222222,0.8885709843234286,1.0474614257748065,0.8423917231275408,-0.003556609828387014,-0.005588428665351808
max_consec_bear>=4 OR dd_close<=-0.2,or,18,62,0.5283788673625691,0.7480916030534351,0.6608819099904149,0.4209105147115105,0.8973226008703784,0.003245700084388181,0.02028095216586112
max_consec_bear>=4 AND dd_close<=-0.2,and,1,79,0.5286897771065678,0.7321428571428571,-0.0817307515962583,-0.0817307515962583,0.8558431188023693,0.003556609828386903,0.004332206255283078
max_consec_bear>=4 OR dd_close<=-0.3,or,11,69,0.5286897771065678,0.75177304964539,0.7433150580138208,0.3131312523164531,0.8601943477628826,0.003556609828386903,0.023962398757816028
max_consec_bear>=4 AND dd_close<=-0.3,and,1,79,0.5286897771065678,0.7321428571428571,-0.0817307515962583,-0.0817307515962583,0.8558431188023693,0.003556609828386903,0.004332206255283078
max_consec_bear>=4 OR dd_low<=-0.2,or,38,42,0.4040077749769525,0.7171717171717171,1.0613642907544467,0.6078770983660899,0.6475722044076656,-0.12112539230122843,-0.01063893371585689
max_consec_bear>=4 AND dd_low<=-0.2,and,4,76,0.49337076064393803,0.7096774193548387,1.3570336290078902,1.3737218522832721,0.8171281726020969,-0.0317624066342429,-0.018133231532735272
max_consec_bear>=4 OR dd_low<=-0.3,or,23,57,0.5215765574497939,0.7459016393442623,0.8160131598377756,0.5286897771065678,0.8554661922372296,-0.003556609828387014,0.01809098845668833
max_consec_bear>=4 AND dd_low<=-0.3,and,2,78,0.5251331672781809,0.725609756097561,0.8091257635977397,0.8091257635977397,0.845020821879429,0.0,-0.0022008947900130638
max_consec_bear>=4 OR dd_low<=-0.4,or,14,66,0.49337076064393803,0.7384615384615385,1.0335822530829484,0.8252820671438154,0.8039352134943887,-0.0317624066342429,0.010650887573964485
max_consec_bear>=4 AND dd_low<=-0.4,and,1,79,0.5286897771065678,0.7321428571428571,-0.0817307515962583,-0.0817307515962583,0.8558431188023693,0.003556609828386903,0.004332206255283078
max_consec_bear>=4 OR down_slope>=0.03,or,39,41,0.4044854357330552,0.7391304347826086,0.8814062777325082,0.5587099210112999,0.8086592878591,-0.12064773154512576,0.01131978389503463
max_consec_bear>=4 AND down_slope>=0.03,and,4,76,0.49337076064393803,0.7151898734177216,0.8824252091514073,0.9557246547050748,0.8421075631208593,-0.0317624066342429,-0.012620777469852462
max_consec_bear>=4 OR down_slope>=0.05,or,33,47,0.4044854357330552,0.72,0.9669584097129257,0.6051933743987107,0.7578776194311571,-0.12064773154512576,-0.007810650887574044
max_consec_bear>=4 AND down_slope>=0.05,and,2,78,0.5251331672781809,0.725609756097561,0.8091257635977397,0.8091257635977397,0.845020821879429,0.0,-0.0022008947900130638
max_consec_bear>=4 OR down_slope>=0.08,or,25,55,0.5215765574497939,0.75,0.8092549466683607,0.5286897771065678,0.859972763037853,-0.003556609828387014,0.022189349112425982
max_consec_bear>=4 AND down_slope>=0.08,and,2,78,0.5251331672781809,0.725609756097561,0.8091257635977397,0.8091257635977397,0.845020821879429,0.0,-0.0022008947900130638
max_consec_bear>=4 OR slope_ratio>=0.3,or,30,50,0.48123039472675516,0.7475728155339806,0.7550262393307947,0.5535485337021719,0.8975817690773417,-0.04390277255142577,0.019762164646406566
max_consec_bear>=4 AND slope_ratio>=0.3,and,2,78,0.5251331672781809,0.725609756097561,0.8091257635977397,0.8091257635977397,0.845020821879429,0.0,-0.0022008947900130638
max_consec_bear>=4 OR slope_ratio>=0.5,or,19,61,0.4651649638380822,0.7288135593220338,0.9116987666674176,0.6051933743987107,0.8230753945427868,-0.05996820344009873,0.001002908434459826
max_consec_bear>=4 AND slope_ratio>=0.5,and,1,79,0.5215765574497939,0.7212121212121212,1.6999822787917376,1.6999822787917376,0.8332897893037872,-0.003556609828387014,-0.006598529675452824
max_consec_bear>=4 OR slope_ratio>=1.0,or,11,69,0.4408842320037164,0.7265625,0.9012410996471842,0.8639878836353432,0.8350177324300275,-0.08424893527446453,-0.0012481508875740177
max_consec_bear>=4 AND slope_ratio>=1.0,and,0,80,0.5251331672781809,0.727810650887574,,,0.8441234454223865,0.0,0.0
max_consec_bear>=4 OR rev_days>=4,or,36,44,0.5417841618341942,0.6746987951807228,0.8391809961609743,0.45302459792089933,0.8481672675453603,0.016650994556013266,-0.053111855706851174
max_consec_bear>=4 AND rev_days>=4,and,5,75,0.4651649638380822,0.7019867549668874,1.2584244799333806,1.0474614257748065,0.8165033764549869,-0.05996820344009873,-0.025823895920686568
max_consec_bear>=4 OR rev_days>=5,or,23,57,0.5215765574497939,0.7131782945736435,0.8633114980137002,0.5286897771065678,0.8363808978855407,-0.003556609828387014,-0.014632356313930561
max_consec_bear>=4 AND rev_days>=5,and,3,77,0.5215765574497939,0.7222222222222222,0.6099061859379639,0.8639878836353432,0.8532487931945071,-0.003556609828387014,-0.005588428665351808
max_consec_bear>=4 OR rev_days>=6,or,14,66,0.49337076064393803,0.704225352112676,0.7277640626416714,0.5912183103392967,0.868805738739508,-0.0317624066342429,-0.02358529877489801
max_consec_bear>=4 AND rev_days>=6,and,1,79,0.5215765574497939,0.7245508982035929,1.0474614257748065,1.0474614257748065,0.8415495469369128,-0.003556609828387014,-0.003259752683981154
max_consec_bear>=4 OR max_upper_atr>=1.5,or,18,62,0.430487735599473,0.7089552238805971,1.5818960443549825,1.0216004021289409,0.6299314005709877,-0.09464543167870793,-0.018855427006976955
max_consec_bear>=4 AND max_upper_atr>=1.5,and,1,79,0.5215765574497939,0.7245508982035929,1.0474614257748065,1.0474614257748065,0.8415495469369128,-0.003556609828387014,-0.003259752683981154
max_consec_bear>=4 OR max_upper_atr>=2.0,or,11,69,0.4408842320037164,0.696551724137931,1.1793744092082075,0.9957393784830753,0.7906776396014585,-0.08424893527446453,-0.031258926749643035
max_consec_bear>=4 AND max_upper_atr>=2.0,and,0,80,0.5251331672781809,0.727810650887574,,,0.8441234454223865,0.0,0.0
bear_count>=2 OR max_consec_down>=2,or,41,39,0.5483871463930441,0.7105263157894737,0.8050369934347364,0.4408842320037164,0.8852143308453007,0.023253979114863155,-0.017284335098100345
bear_count>=2 AND max_consec_down>=2,and,27,53,0.5215765574497939,0.6979166666666666,0.7140588796485399,0.5286897771065678,0.9103827525147236,-0.003556609828387014,-0.029893984220907388
bear_count>=2 OR max_consec_down>=3,or,40,40,0.5536053688390719,0.717948717948718,0.7153260297241778,0.4222071731122832,0.9729208611205952,0.02847220156089092,-0.009861932938856066
bear_count>=2 AND max_consec_down>=3,and,11,69,0.5286897771065678,0.7467532467532467,0.45007952868184414,0.2681455785576833,0.9069420408447918,0.003556609828386903,0.018942595865672707
bear_count>=2 OR max_consec_down>=4,or,40,40,0.5536053688390719,0.717948717948718,0.7153260297241778,0.4222071731122832,0.9729208611205952,0.02847220156089092,-0.009861932938856066
bear_count>=2 AND max_consec_down>=4,and,3,77,0.4651649638380822,0.7228915662650602,0.9273932837024557,1.0474614257748065,0.8408791660088775,-0.05996820344009873,-0.004919084622513781
bear_count>=2 OR dd_close<=-0.1,or,43,37,0.5483871463930441,0.7246376811594203,0.7970864449004103,0.4408842320037164,0.8987880676506297,0.023253979114863155,-0.0031729697281537295
bear_count>=2 AND dd_close<=-0.1,and,28,52,0.45302459792089933,0.7478991596638656,0.7824793927816781,0.5736226189635184,0.8773163968443064,-0.0721085693572816,0.020088508776291536
bear_count>=2 OR dd_close<=-0.15,or,40,40,0.5536053688390719,0.717948717948718,0.7153260297241778,0.4222071731122832,0.9729208611205952,0.02847220156089092,-0.009861932938856066
bear_count>=2 AND dd_close<=-0.15,and,19,61,0.5351811772753443,0.762962962962963,0.7198087745019525,0.3131312523164531,0.8828444084959645,0.010048009997163376,0.035152312075388936
bear_count>=2 OR dd_close<=-0.2,or,40,40,0.5536053688390719,0.717948717948718,0.7153260297241778,0.4222071731122832,0.9729208611205952,0.02847220156089092,-0.009861932938856066
bear_count>=2 AND dd_close<=-0.2,and,14,66,0.5535485337021719,0.777027027027027,0.3944300877545933,0.209102462466206,0.9395129455337367,0.028415366423991006,0.049216376139452955
bear_count>=2 OR dd_close<=-0.3,or,40,40,0.5536053688390719,0.717948717948718,0.7153260297241778,0.4222071731122832,0.9729208611205952,0.02847220156089092,-0.009861932938856066
bear_count>=2 AND dd_close<=-0.3,and,7,73,0.5483871463930441,0.7784810126582279,0.2575160695555527,0.1583101794497246,0.9003734677657814,0.023253979114863155,0.05067036177065387
bear_count>=2 OR dd_low<=-0.2,or,50,30,0.47083389832251177,0.6721311475409836,0.9271875525008682,0.5385384617498059,0.7056832669582509,-0.05429926895566917,-0.05567950334659044
bear_count>=2 AND dd_low<=-0.2,and,27,53,0.5215765574497939,0.75,0.8045006936650866,0.5286897771065678,0.8643086208459169,-0.003556609828387014,0.022189349112425982
bear_count>=2 OR dd_low<=-0.3,or,43,37,0.5483871463930441,0.7083333333333334,0.7105446397121934,0.4408842320037164,0.9993636790855842,0.023253979114863155,-0.019477317554240647
bear_count>=2 AND dd_low<=-0.3,and,17,63,0.5483871463930441,0.7730496453900709,0.7149443226553067,0.2320124924175859,0.8789813039468366,0.023253979114863155,0.04523899450249691
bear_count>=2 OR dd_low<=-0.4,or,41,39,0.5483871463930441,0.7105263157894737,0.7170638399907171,0.4408842320037164,0.9776989280556801,0.023253979114863155,-0.017284335098100345
bear_count>=2 AND dd_low<=-0.4,and,9,71,0.5351811772753443,0.7718120805369127,0.8121913490273142,0.1861924325148261,0.8481711759513395,0.010048009997163376,0.04400142964933873
bear_count>=2 OR down_slope>=0.03,or,49,31,0.5351811772753443,0.7049180327868853,0.7850588613948815,0.4651649638380822,0.9374835943690883,0.010048009997163376,-0.022892618100688766
bear_count>=2 AND down_slope>=0.03,and,29,51,0.5215765574497939,0.7586206896551724,0.7502613879008437,0.5286897771065678,0.8974959879346364,-0.003556609828387014,0.030810038767598358
bear_count>=2 OR down_slope>=0.05,or,48,32,0.5417841618341942,0.7096774193548387,0.7899895221240865,0.45302459792089933,0.9253243303698369,0.016650994556013266,-0.018133231532735272
bear_count>=2 AND down_slope>=0.05,and,22,58,0.49337076064393803,0.751937984496124,0.8149682170484588,0.5436998490589339,0.8551823251504281,-0.0317624066342429,0.024127333608550017
bear_count>=2 OR down_slope>=0.08,or,46,34,0.5536053688390719,0.7230769230769231,0.709846456559382,0.430487735599473,1.025792312707628,0.02847220156089092,-0.004733727810650956
bear_count>=2 AND down_slope>=0.08,and,16,64,0.5417841618341942,0.7676056338028169,0.7198504363420712,0.2725718723670195,0.8751916976924654,0.016650994556013266,0.03979498291524286
bear_count>=2 OR slope_ratio>=0.3,or,47,33,0.5588235912850996,0.7704918032786885,0.69862742540173,0.4408842320037164,1.0513450496942307,0.033690424006918684,0.042681152391114474
bear_count>=2 AND slope_ratio>=0.3,and,20,60,0.5319354771909561,0.7443609022556391,0.6877234251269112,0.38914810807726763,0.8962567855208784,0.006802309912775195,0.016550251368065094
bear_count>=2 OR slope_ratio>=0.5,or,43,37,0.5483871463930441,0.7205882352941176,0.7213799256482368,0.4408842320037164,0.9867713197545066,0.023253979114863155,-0.007222415593456377
bear_count>=2 AND slope_ratio>=0.5,and,12,68,0.5251331672781809,0.7464788732394366,0.8603200693248917,0.4134277497844916,0.8412652176748857,0.0,0.018668222351862607
bear_count>=2 OR slope_ratio>=1.0,or,43,37,0.5483871463930441,0.7205882352941176,0.7213799256482368,0.4408842320037164,0.9867713197545066,0.023253979114863155,-0.007222415593456377
bear_count>=2 AND slope_ratio>=1.0,and,3,77,0.5215765574497939,0.75,0.4050780275150178,0.5587099210112999,0.8612291110551412,-0.003556609828387014,0.022189349112425982
bear_count>=2 OR rev_days>=4,or,41,39,0.5483871463930441,0.7105263157894737,0.8050369934347364,0.4408842320037164,0.8852143308453007,0.023253979114863155,-0.017284335098100345
bear_count>=2 AND rev_days>=4,and,35,45,0.5483871463930441,0.6823529411764706,0.7376297234267998,0.4408842320037164,0.9269518958633985,0.023253979114863155,-0.04545770971110341
bear_count>=2 OR rev_days>=5,or,40,40,0.5536053688390719,0.717948717948718,0.7153260297241778,0.4222071731122832,0.9729208611205952,0.02847220156089092,-0.009861932938856066
bear_count>=2 AND rev_days>=5,and,21,59,0.5351811772753443,0.7357142857142858,0.733036219641052,0.3930555553715906,0.8836629664632004,0.010048009997163376,0.007903634826711747
bear_count>=2 OR rev_days>=6,or,40,40,0.5536053688390719,0.717948717948718,0.7153260297241778,0.4222071731122832,0.9729208611205952,0.02847220156089092,-0.009861932938856066
bear_count>=2 AND rev_days>=6,and,10,70,0.5283788673625691,0.7278481012658228,0.49440359030913045,0.4608726662390792,0.8940834247242804,0.003245700084388181,3.7450378248760074e-05
bear_count>=2 OR max_upper_atr>=1.5,or,45,35,0.5351811772753443,0.704225352112676,0.9754731606025956,0.4651649638380822,0.6752452401906892,0.010048009997163376,-0.02358529877489801
bear_count>=2 AND max_upper_atr>=1.5,and,9,71,0.5215765574497939,0.7388535031847133,0.8829129762608781,0.9957393784830753,0.8392064626400425,-0.003556609828387014,0.011042852297139305
bear_count>=2 OR max_upper_atr>=2.0,or,42,38,0.5417841618341942,0.7066666666666667,0.7395392546309916,0.45302459792089933,0.9597164984023496,0.016650994556013266,-0.021143984220907353
bear_count>=2 AND max_upper_atr>=2.0,and,4,76,0.5251331672781809,0.7289156626506024,1.0583471490222127,0.6138759354503306,0.8328485136539746,0.0,0.0011050117630283518
bear_count>=3 OR max_consec_down>=2,or,33,47,0.5351811772753443,0.6976744186046512,0.8507169409471653,0.4651649638380822,0.8394939698411589,0.010048009997163376,-0.030136232282922837
bear_count>=3 AND max_consec_down>=2,and,20,60,0.48123039472675516,0.6576576576576577,0.8576159950204538,0.6211410802438813,0.8396259288896976,-0.04390277255142577,-0.0701529932299163
bear_count>=3 OR max_consec_down>=3,or,26,54,0.5319354771909561,0.6601941747572816,0.8302457410176877,0.4291102596048364,0.8508053030987232,0.006802309912775195,-0.06761647613029242
bear_count>=3 AND max_consec_down>=3,and,10,70,0.5251331672781809,0.7467532467532467,0.4917399208338284,0.4283404477367101,0.8944639489350378,0.0,0.018942595865672707
bear_count>=3 OR max_consec_down>=4,or,25,55,0.5286897771065678,0.6601941747572816,0.8621165463719151,0.4651649638380822,0.8359447631726009,0.003556609828386903,-0.06761647613029242
bear_count>=3 AND max_consec_down>=4,and,3,77,0.4651649638380822,0.7228915662650602,0.9273932837024557,1.0474614257748065,0.8408791660088775,-0.05996820344009873,-0.004919084622513781
bear_count>=3 OR dd_close<=-0.1,or,38,42,0.5283788673625691,0.6923076923076923,0.8317848422584856,0.49692737047232505,0.8552869435230589,0.003245700084388181,-0.03550295857988173
bear_count>=3 AND dd_close<=-0.1,and,18,62,0.45302459792089933,0.7185185185185186,0.9731215885062736,0.7588673636036843,0.8066723716238388,-0.0721085693572816,-0.009292132369055461
bear_count>=3 OR dd_close<=-0.15,or,32,48,0.5535485337021719,0.7127659574468085,0.7433282934430891,0.39140532086784297,0.9113202134085849,0.028415366423991006,-0.015044693440765533
bear_count>=3 AND dd_close<=-0.15,and,12,68,0.49337076064393803,0.7222222222222222,0.9535645820546766,0.7958804994227606,0.8248103036637471,-0.0317624066342429,-0.005588428665351808
bear_count>=3 OR dd_close<=-0.2,or,30,50,0.5535485337021719,0.7083333333333334,0.7570517858478508,0.39140532086784297,0.896366441167108,0.028415366423991006,-0.019477317554240647
bear_count>=3 AND dd_close<=-0.2,and,9,71,0.5286897771065678,0.7419354838709677,0.48482014582518385,0.1861924325148261,0.889668934103722,0.003556609828386903,0.014124832983393731
bear_count>=3 OR dd_close<=-0.3,or,27,53,0.5351811772753443,0.7083333333333334,0.811754655509236,0.3930555553715906,0.8606132063215388,0.010048009997163376,-0.019477317554240647
bear_count>=3 AND dd_close<=-0.3,and,5,75,0.5351811772753443,0.7454545454545455,0.2876300894874746,0.1583101794497246,0.8812230024847141,0.010048009997163376,0.017643894566971463
bear_count>=3 OR dd_low<=-0.2,or,45,35,0.4200912391952296,0.6621621621621622,0.9914260605377767,0.5587099210112999,0.6547343688454563,-0.10504192808295132,-0.06564848872541185
bear_count>=3 AND dd_low<=-0.2,and,17,63,0.5215765574497939,0.7121212121212122,0.9650938882430324,0.5885353169157369,0.8114806275184028,-0.003556609828387014,-0.015689438766361863
bear_count>=3 OR dd_low<=-0.3,or,34,46,0.5417841618341942,0.6966292134831461,0.7699651027218577,0.4291102596048364,0.8989361335053864,0.016650994556013266,-0.031181437404427914
bear_count>=3 AND dd_low<=-0.3,and,11,69,0.5286897771065678,0.738255033557047,0.8607756336865573,0.1861924325148261,0.8414687487425914,0.003556609828386903,0.010444382669473007
bear_count>=3 OR dd_low<=-0.4,or,28,52,0.5319354771909561,0.7021276595744681,0.8108554267643449,0.4291102596048364,0.8620369939305628,0.006802309912775195,-0.02568299131310592
bear_count>=3 AND dd_low<=-0.4,and,7,73,0.5286897771065678,0.7371794871794872,0.9921800145420472,0.1861924325148261,0.8299262401643369,0.003556609828386903,0.009368836291913207
bear_count>=3 OR down_slope>=0.03,or,45,35,0.5215765574497939,0.6911764705882353,0.7963940047650098,0.5286897771065678,0.9054898691247283,-0.003556609828387014,-0.03663418029933874
bear_count>=3 AND down_slope>=0.03,and,18,62,0.48123039472675516,0.7164179104477612,0.9626448174099436,0.72626160027554,0.8097140148453539,-0.04390277255142577,-0.011392740439812865
bear_count>=3 OR down_slope>=0.05,or,42,38,0.5283788673625691,0.6805555555555556,0.8138635128423937,0.49692737047232505,0.8775686340634316,0.003245700084388181,-0.04725509533201844
bear_count>=3 AND down_slope>=0.05,and,13,67,0.4651649638380822,0.7222222222222222,1.1235694436901897,1.0032256819297842,0.7899025800868427,-0.05996820344009873,-0.005588428665351808
bear_count>=3 OR down_slope>=0.08,or,37,43,0.5483871463930441,0.7160493827160493,0.7491440155833498,0.4200912391952296,0.9258499315629531,0.023253979114863155,-0.011761268171524675
bear_count>=3 AND down_slope>=0.08,and,10,70,0.5251331672781809,0.7284768211920529,0.939208787695153,0.3873638747152815,0.8305398250977057,0.0,0.000666170304478908
bear_count>=3 OR slope_ratio>=0.3,or,40,40,0.5319354771909561,0.7323943661971831,0.7161041678349123,0.4291102596048364,0.9721427230098609,0.006802309912775195,0.004583715309609104
bear_count>=3 AND slope_ratio>=0.3,and,12,68,0.5251331672781809,0.7162162162162162,0.9071386044461504,0.5268501403769096,0.8330031232417224,0.0,-0.01159443467135779
bear_count>=3 OR slope_ratio>=0.5,or,35,45,0.5286897771065678,0.6923076923076923,0.7575680934306547,0.4651649638380822,0.9114442747492892,0.003556609828386903,-0.03550295857988173
bear_count>=3 AND slope_ratio>=0.5,and,5,75,0.5215765574497939,0.7197452229299363,1.5536333670061464,1.39164491641779,0.7968227839834693,-0.003556609828387014,-0.00806542795763776
bear_count>=3 OR slope_ratio>=1.0,or,31,49,0.5215765574497939,0.6875,0.8120788179274191,0.5587099210112999,0.8643965771028761,-0.003556609828387014,-0.04031065088757402
bear_count>=3 AND slope_ratio>=1.0,and,0,80,0.5251331672781809,0.727810650887574,,,0.8441234454223865,0.0,0.0
bear_count>=3 OR rev_days>=4,or,37,43,0.5483871463930441,0.6829268292682927,0.8128581141245124,0.4408842320037164,0.8710261723531156,0.023253979114863155,-0.04488382161928128
bear_count>=3 AND rev_days>=4,and,24,56,0.5251331672781809,0.6538461538461539,0.903653304103583,0.5268501403769096,0.818610648844731,0.0,-0.07396449704142016
bear_count>=3 OR rev_days>=5,or,29,51,0.5351811772753443,0.6568627450980392,0.8074975149539473,0.4651649638380822,0.8649499549044404,0.010048009997163376,-0.0709479057895348
bear_count>=3 AND rev_days>=5,and,17,63,0.5286897771065678,0.7375886524822695,0.7958380198879703,0.3930555553715906,0.8571528459634196,0.003556609828386903,0.00977800159469544
bear_count>=3 OR rev_days>=6,or,27,53,0.5351811772753443,0.6601941747572816,0.8190770016135721,0.4651649638380822,0.8568829545325374,0.010048009997163376,-0.06761647613029242
bear_count>=3 AND rev_days>=6,and,8,72,0.5251331672781809,0.7278481012658228,0.5477338148528418,0.5234011994718081,0.8770556265967805,0.0,3.7450378248760074e-05
bear_count>=3 OR max_upper_atr>=1.5,or,32,48,0.48123039472675516,0.6421052631578947,1.1894973927608818,0.6211410802438813,0.613874147196723,-0.04390277255142577,-0.08570538772967928
bear_count>=3 AND max_upper_atr>=1.5,and,7,73,0.5215765574497939,0.740506329113924,0.9597807022067487,1.0474614257748065,0.8330330235389547,-0.003556609828387014,0.012695678226349982
bear_count>=3 OR max_upper_atr>=2.0,or,29,51,0.5215765574497939,0.6464646464646465,0.8699404495080366,0.5885353169157369,0.829443188197213,-0.003556609828387014,-0.0813460044229275
bear_count>=3 AND max_upper_atr>=2.0,and,2,78,0.5251331672781809,0.7305389221556886,1.5028183625940952,1.5028183625940952,0.8272338321615734,0.0,0.0027282712681145904
bear_count>=4 OR max_consec_down>=2,or,30,50,0.5283788673625691,0.6914893617021277,0.7951574016899455,0.49692737047232505,0.8735030716618511,0.003245700084388181,-0.036321289185446304
bear_count>=4 AND max_consec_down>=2,and,12,68,0.49337076064393803,0.7194244604316546,0.8150137994770673,0.7588673636036843,0.8492604417656782,-0.0317624066342429,-0.008386190455919373
bear_count>=4 OR max_consec_down>=3,or,17,63,0.5286897771065678,0.717391304347826,0.6383516973347612,0.3930555553715906,0.8996491552238094,0.003556609828386903,-0.010419346539747965
bear_count>=4 AND max_consec_down>=3,and,8,72,0.5251331672781809,0.7483870967741936,0.507589789108108,0.4199696380434258,0.8815160739017508,0.0,0.020576445886619554
bear_count>=4 OR max_consec_down>=4,or,14,66,0.5251331672781809,0.7194244604316546,0.7115587394325368,0.5234011994718081,0.8722432315414456,0.0,-0.008386190455919373
bear_count>=4 AND max_consec_down>=4,and,3,77,0.4651649638380822,0.7228915662650602,0.9273932837024557,1.0474614257748065,0.8408791660088775,-0.05996820344009873,-0.004919084622513781
bear_count>=4 OR dd_close<=-0.1,or,34,46,0.45302459792089933,0.7352941176470589,0.9044094893220986,0.5736226189635184,0.799564195583469,-0.0721085693572816,0.007483466759484858
bear_count>=4 AND dd_close<=-0.1,and,11,69,0.5215765574497939,0.7346938775510204,0.6166362413401518,0.6537468435720255,0.8803895214354964,-0.003556609828387014,0.006883226663446429
bear_count>=4 OR dd_close<=-0.15,or,25,55,0.5351811772753443,0.75,0.7379747693463565,0.3930555553715906,0.8923728436387639,0.010048009997163376,0.022189349112425982
bear_count>=4 AND dd_close<=-0.15,and,8,72,0.5251331672781809,0.7337662337662337,0.6486024792417127,0.5947090572223052,0.8658479972202391,0.0,0.005955582878659715
bear_count>=4 OR dd_close<=-0.2,or,22,58,0.5417841618341942,0.7559055118110236,0.5928394296023938,0.3530934038440219,0.9394380721127287,0.016650994556013266,0.028094860923449594
bear_count>=4 AND dd_close<=-0.2,and,6,74,0.5319354771909561,0.74375,0.4068960215611929,0.17225130598227534,0.8795743176273482,0.006802309912775195,0.015939349112426004
bear_count>=4 OR dd_close<=-0.3,or,16,64,0.5319354771909561,0.7575757575757576,0.6453927744691883,0.3530934038440219,0.8938061131606863,0.006802309912775195,0.02976510668818355
bear_count>=4 AND dd_close<=-0.3,and,5,75,0.5351811772753443,0.7454545454545455,0.2876300894874746,0.1583101794497246,0.8812230024847141,0.010048009997163376,0.017643894566971463
bear_count>=4 OR dd_low<=-0.2,or,41,39,0.4044854357330552,0.711340206185567,1.009804683573014,0.5885353169157369,0.6699457335204452,-0.12064773154512576,-0.01647044470200698
bear_count>=4 AND dd_low<=-0.2,and,10,70,0.5251331672781809,0.7310344827586207,0.8027685490595575,0.5947090572223052,0.8500312877599335,0.0,0.0032238318710466896
bear_count>=4 OR dd_low<=-0.3,or,27,53,0.5215765574497939,0.7391304347826086,0.7719139754082676,0.5286897771065678,0.8809094018446738,-0.003556609828387014,0.01131978389503463
bear_count>=4 AND dd_low<=-0.3,and,7,73,0.5351811772753443,0.7484276729559748,0.4592252599756729,0.1583101794497246,0.8810314906022085,0.010048009997163376,0.02061702206840077
bear_count>=4 OR dd_low<=-0.4,or,20,60,0.5251331672781809,0.743801652892562,0.8389140237982993,0.5234011994718081,0.8458599192970824,0.0,0.01599100200498793
bear_count>=4 AND dd_low<=-0.4,and,4,76,0.5319354771909561,0.7454545454545455,0.3199600669969121,0.14029971891168594,0.8717109916553062,0.006802309912775195,0.017643894566971463
bear_count>=4 OR down_slope>=0.03,or,42,38,0.4226848338683858,0.7333333333333333,0.8439284240331529,0.5535485337021719,0.8443389953789081,-0.10244833340979514,0.005522682445759264
bear_count>=4 AND down_slope>=0.03,and,10,70,0.5251331672781809,0.7364864864864865,0.6129251811169645,0.5250901580750846,0.8771517688945898,0.0,0.008675835598912496
bear_count>=4 OR down_slope>=0.05,or,37,43,0.4408842320037164,0.7291666666666666,0.8934113673500471,0.5885353169157369,0.8017129079497484,-0.08424893527446453,0.001356015779092612
bear_count>=4 AND down_slope>=0.05,and,7,73,0.5286897771065678,0.7371794871794872,0.591622629736985,0.1861924325148261,0.8683358524059184,0.003556609828386903,0.009368836291913207
bear_count>=4 OR down_slope>=0.08,or,30,50,0.5283788673625691,0.7570093457943925,0.7460397473354666,0.4743905081508987,0.9029736642745385,0.003245700084388181,0.02919869490681848
bear_count>=4 AND down_slope>=0.08,and,6,74,0.5319354771909561,0.7391304347826086,0.5230221210381851,0.17225130598227534,0.8701586879400246,0.006802309912775195,0.01131978389503463
bear_count>=4 OR slope_ratio>=0.3,or,36,44,0.5251331672781809,0.7659574468085106,0.7064440559913918,0.5067760551155631,0.9567702185932005,0.0,0.038146795920936616
bear_count>=4 AND slope_ratio>=0.3,and,5,75,0.5286897771065678,0.7329192546583851,0.5013505287635658,0.1583101794497246,0.8669749731996412,0.003556609828386903,0.0051086037708111265
bear_count>=4 OR slope_ratio>=0.5,or,27,53,0.5215765574497939,0.7407407407407407,0.7746493490914426,0.5587099210112999,0.8795159095909808,-0.003556609828387014,0.012930089853166682
bear_count>=4 AND slope_ratio>=0.5,and,2,78,0.5251331672781809,0.7300613496932515,0.8882131861961685,0.8882131861961685,0.8429929392486998,0.0,0.00225069880567752
bear_count>=4 OR slope_ratio>=1.0,or,20,60,0.49337076064393803,0.75,0.679167602425382,0.5819516477050053,0.8991087264213882,-0.0317624066342429,0.022189349112425982
bear_count>=4 AND slope_ratio>=1.0,and,0,80,0.5251331672781809,0.727810650887574,,,0.8441234454223865,0.0,0.0
bear_count>=4 OR rev_days>=4,or,36,44,0.5417841618341942,0.6746987951807228,0.8391809961609743,0.45302459792089933,0.8481672675453603,0.016650994556013266,-0.053111855706851174
bear_count>=4 AND rev_days>=4,and,14,66,0.5251331672781809,0.7194244604316546,0.7115587394325368,0.5234011994718081,0.8722432315414456,0.0,-0.008386190455919373
bear_count>=4 OR rev_days>=5,or,23,57,0.5215765574497939,0.7131782945736435,0.8633114980137002,0.5286897771065678,0.8363808978855407,-0.003556609828387014,-0.014632356313930561
bear_count>=4 AND rev_days>=5,and,12,68,0.5319354771909561,0.74,0.4582848758502087,0.28962399394320837,0.9122126047586533,0.006802309912775195,0.012189349112425973
bear_count>=4 OR rev_days>=6,or,17,63,0.5351811772753443,0.7299270072992701,0.6203376710827865,0.3930555553715906,0.9045100829425962,0.010048009997163376,0.002116356411696052
bear_count>=4 AND rev_days>=6,and,7,73,0.5215765574497939,0.71875,0.6228739781056355,0.6537468435720255,0.8653391477678285,-0.003556609828387014,-0.009060650887574018
bear_count>=4 OR max_upper_atr>=1.5,or,24,56,0.45302459792089933,0.712,1.2825940721330997,0.8252820671438154,0.6562074625463667,-0.0721085693572816,-0.01581065088757405
bear_count>=4 AND max_upper_atr>=1.5,and,4,76,0.5251331672781809,0.7378048780487805,0.6022581113396783,0.6168269291448163,0.8568531998477922,0.0,0.00999422716120646
bear_count>=4 OR max_upper_atr>=2.0,or,19,61,0.4651649638380822,0.7089552238805971,0.8661382116402142,0.7865762506522875,0.8372663870922437,-0.05996820344009873,-0.018855427006976955
bear_count>=4 AND max_upper_atr>=2.0,and,1,79,0.5286897771065678,0.7321428571428571,0.1861924325148261,0.1861924325148261,0.8524516860921024,0.003556609828386903,0.004332206255283078
max_consec_down>=2 OR dd_close<=-0.1,or,37,43,0.5215765574497939,0.6923076923076923,0.8540395644818813,0.5286897771065678,0.8355909708828213,-0.003556609828387014,-0.03550295857988173
max_consec_down>=2 AND dd_close<=-0.1,and,22,58,0.430487735599473,0.746031746031746,0.8929409248261617,0.5968643456572238,0.825606470476127,-0.09464543167870793,0.018221095144172028
max_consec_down>=2 OR dd_close<=-0.15,or,34,46,0.5283788673625691,0.686046511627907,0.8628095325721501,0.49692737047232505,0.8303119897029962,0.003245700084388181,-0.041764139259667044
max_consec_down>=2 AND dd_close<=-0.15,and,13,67,0.5215765574497939,0.7622377622377622,0.6164544538808966,0.5286897771065678,0.8882980258707355,-0.003556609828387014,0.034427111350188166
max_consec_down>=2 OR dd_close<=-0.2,or,31,49,0.5351811772753443,0.6989247311827957,0.7718910427434468,0.4651649638380822,0.8898214960968179,0.010048009997163376,-0.028885919704778273
max_consec_down>=2 AND dd_close<=-0.2,and,11,69,0.5351811772753443,0.7718120805369127,0.4787694723531921,0.3131312523164531,0.9023682817087799,0.010048009997163376,0.04400142964933873
max_consec_down>=2 OR dd_close<=-0.3,or,29,51,0.5215765574497939,0.6914893617021277,0.8217715679937029,0.5286897771065678,0.856833336509285,-0.003556609828387014,-0.036321289185446304
max_consec_down>=2 AND dd_close<=-0.3,and,6,74,0.5417841618341942,0.7784810126582279,0.2740503845731907,0.14029971891168594,0.8903455854912402,0.016650994556013266,0.05067036177065387
max_consec_down>=2 OR dd_low<=-0.2,or,45,35,0.4044854357330552,0.6376811594202898,1.004689021746796,0.5885353169157369,0.637681990148146,-0.12064773154512576,-0.09012949146728422
max_consec_down>=2 AND dd_low<=-0.2,and,20,60,0.48123039472675516,0.75,0.8964957239397735,0.5436998490589339,0.8266660192499243,-0.04390277255142577,0.022189349112425982
max_consec_down>=2 OR dd_low<=-0.3,or,36,44,0.48123039472675516,0.6666666666666666,0.8813286724949281,0.5436998490589339,0.8136828050903073,-0.04390277255142577,-0.06114398422090739
max_consec_down>=2 AND dd_low<=-0.3,and,12,68,0.5417841618341942,0.777027027027027,0.5033054071956388,0.2496618424156396,0.9042678051094598,0.016650994556013266,0.049216376139452955
max_consec_down>=2 OR dd_low<=-0.4,or,31,49,0.4408842320037164,0.6744186046511628,0.9244137377901532,0.5587099210112999,0.7933275461693096,-0.08424893527446453,-0.05339204623641125
max_consec_down>=2 AND dd_low<=-0.4,and,7,73,0.5351811772753443,0.7741935483870968,0.44464825896728893,0.1861924325148261,0.8824292852194506,0.010048009997163376,0.046382897499522735
max_consec_down>=2 OR down_slope>=0.03,or,43,37,0.4408842320037164,0.6714285714285714,0.8323867665921203,0.5483871463930441,0.8577633694683718,-0.08424893527446453,-0.05638207945900264
max_consec_down>=2 AND down_slope>=0.03,and,23,57,0.4408842320037164,0.7560975609756098,0.8475155477136104,0.5587099210112999,0.8427547023925946,-0.08424893527446453,0.028286910088035744
max_consec_down>=2 OR down_slope>=0.05,or,41,39,0.5215765574497939,0.6805555555555556,0.8335099370582363,0.5286897771065678,0.8552812362667498,-0.003556609828387014,-0.04725509533201844
max_consec_down>=2 AND down_slope>=0.05,and,17,63,0.4408842320037164,0.7481481481481481,0.9844067365314766,0.5885353169157369,0.8062692240119973,-0.08424893527446453,0.0203374972605741
max_consec_down>=2 OR down_slope>=0.08,or,40,40,0.5283788673625691,0.684931506849315,0.8325205725255049,0.49692737047232505,0.8557263183192683,0.003245700084388181,-0.04287914403825899
max_consec_down>=2 AND down_slope>=0.08,and,10,70,0.5283788673625691,0.7666666666666667,0.5929745185585065,0.4209105147115105,0.880001863545798,0.003245700084388181,0.0388560157790927
max_consec_down>=2 OR slope_ratio>=0.3,or,41,39,0.5215765574497939,0.7246376811594203,0.8184871198138366,0.5286897771065678,0.8710744543954777,-0.003556609828387014,-0.0031729697281537295
max_consec_down>=2 AND slope_ratio>=0.3,and,14,66,0.5251331672781809,0.7446808510638298,0.5780006919609131,0.5119374424246911,0.9005737264596688,0.0,0.016870200176255734
max_consec_down>=2 OR slope_ratio>=0.5,or,35,45,0.4408842320037164,0.6753246753246753,0.9062364337456733,0.5587099210112999,0.7958133433931636,-0.08424893527446453,-0.05248597556289869
max_consec_down>=2 AND slope_ratio>=0.5,and,8,72,0.5251331672781809,0.7516778523489933,0.5856158196343582,0.4134277497844916,0.8728465149543898,0.0,0.023867201461419296
max_consec_down>=2 OR slope_ratio>=1.0,or,31,49,0.4408842320037164,0.6904761904761905,0.8412697066540237,0.5587099210112999,0.8459288719901263,-0.08424893527446453,-0.03733446041138355
max_consec_down>=2 AND slope_ratio>=1.0,and,3,77,0.5215765574497939,0.75,0.4050780275150178,0.5587099210112999,0.8612291110551412,-0.003556609828387014,0.022189349112425982
max_consec_down>=2 OR rev_days>=4,or,36,44,0.5417841618341942,0.6746987951807228,0.8391809961609743,0.45302459792089933,0.8481672675453603,0.016650994556013266,-0.053111855706851174
max_consec_down>=2 AND rev_days>=4,and,28,52,0.48123039472675516,0.6914893617021277,0.8454666175845593,0.5436998490589339,0.8434001988735245,-0.04390277255142577,-0.036321289185446304
max_consec_down>=2 OR rev_days>=5,or,34,46,0.5283788673625691,0.686046511627907,0.8679639288394884,0.49692737047232505,0.8265022185488766,0.003245700084388181,-0.041764139259667044
max_consec_down>=2 AND rev_days>=5,and,15,65,0.5215765574497939,0.7364864864864865,0.6370701549524768,0.5286897771065678,0.8919049739923657,-0.003556609828387014,0.008675835598912496
max_consec_down>=2 OR rev_days>=6,or,31,49,0.5351811772753443,0.7065217391304348,0.7702088620252145,0.4651649638380822,0.8908857328777402,0.010048009997163376,-0.021288911757139206
max_consec_down>=2 AND rev_days>=6,and,7,73,0.4651649638380822,0.71875,0.677232353239616,0.6537468435720255,0.8601267008371728,-0.05996820344009873,-0.009060650887574018
max_consec_down>=2 OR max_upper_atr>=1.5,or,35,45,0.4408842320037164,0.6976744186046512,1.0232098666184062,0.5587099210112999,0.7048340067143715,-0.08424893527446453,-0.030136232282922837
max_consec_down>=2 AND max_upper_atr>=1.5,and,7,73,0.4651649638380822,0.7278481012658228,1.5843125407458627,1.0809715817605348,0.773146408884519,-0.05996820344009873,3.7450378248760074e-05
max_consec_down>=2 OR max_upper_atr>=2.0,or,32,48,0.430487735599473,0.6777777777777778,0.854638270900089,0.5736226189635184,0.8371135617705848,-0.09464543167870793,-0.050032873109796205
max_consec_down>=2 AND max_upper_atr>=2.0,and,2,78,0.5251331672781809,0.7305389221556886,1.5028183625940952,1.5028183625940952,0.8272338321615734,0.0,0.0027282712681145904
max_consec_down>=3 OR dd_close<=-0.1,or,31,49,0.4408842320037164,0.7545454545454545,0.8893902883754035,0.5885353169157369,0.8154852386561923,-0.08424893527446453,0.0267348036578805
max_consec_down>=3 AND dd_close<=-0.1,and,11,69,0.5286897771065678,0.7467532467532467,0.45007952868184414,0.2681455785576833,0.9069420408447918,0.003556609828386903,0.018942595865672707
max_consec_down>=3 OR dd_close<=-0.15,or,22,58,0.5417841618341942,0.7727272727272727,0.6670319650576094,0.2906384154370682,0.9112960759055779,0.016650994556013266,0.04491662183969869
max_consec_down>=3 AND dd_close<=-0.15,and,8,72,0.5251331672781809,0.7388535031847133,0.4940672874712472,0.3873638747152815,0.8830185740836244,0.0,0.011042852297139305
max_consec_down>=3 OR dd_close<=-0.2,or,18,62,0.5535485337021719,0.7832167832167832,0.42043439833719004,0.2500790354876346,0.9671299429632502,0.028415366423991006,0.05540613232920921
max_consec_down>=3 AND dd_close<=-0.2,and,7,73,0.5286897771065678,0.7421383647798742,0.41501098199931025,0.1861924325148261,0.885271215887613,0.003556609828386903,0.014327713892300142
max_consec_down>=3 OR dd_close<=-0.3,or,14,66,0.5417841618341942,0.782312925170068,0.39097478817153625,0.2271690055362547,0.9402458878695367,0.016650994556013266,0.05450227428249399
max_consec_down>=3 AND dd_close<=-0.3,and,4,76,0.5319354771909561,0.7454545454545455,0.3199600669969121,0.14029971891168594,0.8717109916553062,0.006802309912775195,0.017643894566971463
max_consec_down>=3 OR dd_low<=-0.2,or,38,42,0.4040077749769525,0.7254901960784313,1.0558316318054117,0.6078770983660899,0.6525779434567922,-0.12112539230122843,-0.002320454809142669
max_consec_down>=3 AND dd_low<=-0.2,and,10,70,0.5319354771909561,0.7483870967741936,0.429712797192826,0.2271690055362547,0.9033249665980381,0.006802309912775195,0.020576445886619554
max_consec_down>=3 OR dd_low<=-0.3,or,24,56,0.5283788673625691,0.7637795275590551,0.7111254722346546,0.4209105147115105,0.9011225767885575,0.003245700084388181,0.035968876671481076
max_consec_down>=3 AND dd_low<=-0.3,and,7,73,0.5351811772753443,0.7530864197530864,0.282613612237998,0.0944070053085458,0.8979668540839033,0.010048009997163376,0.025275768865512416
max_consec_down>=3 OR dd_low<=-0.4,or,17,63,0.5286897771065678,0.7720588235294118,0.6921960552594559,0.3131312523164531,0.885119725307622,0.003556609828386903,0.04424817264183778
max_consec_down>=3 AND dd_low<=-0.4,and,4,76,0.5319354771909561,0.7454545454545455,0.3199600669969121,0.14029971891168594,0.8717109916553062,0.006802309912775195,0.017643894566971463
max_consec_down>=3 OR down_slope>=0.03,or,39,41,0.4044854357330552,0.7551020408163265,0.8273376951815018,0.5587099210112999,0.86009037857835,-0.12064773154512576,0.027291389928752463
max_consec_down>=3 AND down_slope>=0.03,and,10,70,0.5319354771909561,0.7483870967741936,0.429712797192826,0.2271690055362547,0.9033249665980381,0.006802309912775195,0.020576445886619554
max_consec_down>=3 OR down_slope>=0.05,or,34,46,0.45302459792089933,0.7592592592592593,0.8612221938105953,0.5736226189635184,0.8314852400919714,-0.0721085693572816,0.03144860837168528
max_consec_down>=3 AND down_slope>=0.05,and,7,73,0.5286897771065678,0.7421383647798742,0.41501098199931025,0.1861924325148261,0.885271215887613,0.003556609828386903,0.014327713892300142
max_consec_down>=3 OR down_slope>=0.08,or,28,52,0.5417841618341942,0.7815126050420168,0.6657143580298035,0.36661124575584136,0.9401898770953159,0.016650994556013266,0.05370195415444279
max_consec_down>=3 AND down_slope>=0.08,and,5,75,0.5286897771065678,0.7439024390243902,0.373675116980677,0.1861924325148261,0.8754866673185007,0.003556609828386903,0.01609178813681622
max_consec_down>=3 OR slope_ratio>=0.3,or,32,48,0.5251331672781809,0.7924528301886793,0.6684117010856536,0.5067760551155631,0.9612646083135418,0.0,0.06464217930110527
max_consec_down>=3 AND slope_ratio>=0.3,and,6,74,0.5319354771909561,0.7378048780487805,0.25643611470196476,0.17229483607914134,0.8917737695348531,0.006802309912775195,0.00999422716120646
max_consec_down>=3 OR slope_ratio>=0.5,or,23,57,0.4651649638380822,0.7647058823529411,0.7523019992167727,0.5885353169157369,0.8811742044176344,-0.05996820344009873,0.036895231465367107
max_consec_down>=3 AND slope_ratio>=0.5,and,3,77,0.5351811772753443,0.7365269461077845,0.12602175977342814,0.0764440936005994,0.8721014331749434,0.010048009997163376,0.008716295220210446
max_consec_down>=3 OR slope_ratio>=1.0,or,17,63,0.5215765574497939,0.7786259541984732,0.5042590889383769,0.5587099210112999,0.9358328749498177,-0.003556609828387014,0.05081530331089923
max_consec_down>=3 AND slope_ratio>=1.0,and,0,80,0.5251331672781809,0.727810650887574,,,0.8441234454223865,0.0,0.0
max_consec_down>=3 OR rev_days>=4,or,36,44,0.5417841618341942,0.6746987951807228,0.8391809961609743,0.45302459792089933,0.8481672675453603,0.016650994556013266,-0.053111855706851174
max_consec_down>=3 AND rev_days>=4,and,11,69,0.5286897771065678,0.7467532467532467,0.45007952868184414,0.2681455785576833,0.9069420408447918,0.003556609828386903,0.018942595865672707
max_consec_down>=3 OR rev_days>=5,or,21,59,0.5351811772753443,0.7357142857142858,0.733036219641052,0.3930555553715906,0.8836629664632004,0.010048009997163376,0.007903634826711747
max_consec_down>=3 AND rev_days>=5,and,11,69,0.5286897771065678,0.7467532467532467,0.45007952868184414,0.2681455785576833,0.9069420408447918,0.003556609828386903,0.018942595865672707
max_consec_down>=3 OR rev_days>=6,or,16,64,0.5535485337021719,0.7549668874172185,0.37975184864952727,0.2271690055362547,0.9602163446156015,0.028415366423991006,0.027156236529644495
max_consec_down>=3 AND rev_days>=6,and,5,75,0.4651649638380822,0.7204968944099379,0.7637762280398306,1.0032256819297842,0.8494799265812237,-0.05996820344009873,-0.007313756477636102
max_consec_down>=3 OR max_upper_atr>=1.5,or,21,59,0.4651649638380822,0.7428571428571429,1.2272052473637696,0.6537468435720255,0.7077722955788435,-0.05996820344009873,0.015046491969568865
max_consec_down>=3 AND max_upper_atr>=1.5,and,4,76,0.5251331672781809,0.7378048780487805,0.6022581113396783,0.6168269291448163,0.8568531998477922,0.0,0.00999422716120646
max_consec_down>=3 OR max_upper_atr>=2.0,or,16,64,0.49337076064393803,0.738255033557047,0.7153549052880523,0.6211410802438813,0.8763155804559701,-0.0317624066342429,0.010444382669473007
max_consec_down>=3 AND max_upper_atr>=2.0,and,1,79,0.5286897771065678,0.7321428571428571,0.1861924325148261,0.1861924325148261,0.8524516860921024,0.003556609828386903,0.004332206255283078
max_consec_down>=4 OR dd_close<=-0.1,or,31,49,0.4408842320037164,0.7545454545454545,0.8893902883754035,0.5885353169157369,0.8154852386561923,-0.08424893527446453,0.0267348036578805
max_consec_down>=4 AND dd_close<=-0.1,and,3,77,0.4651649638380822,0.7228915662650602,0.9273932837024557,1.0474614257748065,0.8408791660088775,-0.05996820344009873,-0.004919084622513781
max_consec_down>=4 OR dd_close<=-0.15,or,20,60,0.5283788673625691,0.7611940298507462,0.7165056779554562,0.4209105147115105,0.8866627012446967,0.003245700084388181,0.03338337896317223
max_consec_down>=4 AND dd_close<=-0.15,and,2,78,0.49337076064393803,0.7245508982035929,1.0642165037676707,1.0642165037676707,0.8384800336699434,-0.0317624066342429,-0.003259752683981154
max_consec_down>=4 OR dd_close<=-0.2,or,16,64,0.5417841618341942,0.7724137931034483,0.4514518436194462,0.2725718723670195,0.9422913458731217,0.016650994556013266,0.04460314221587425
max_consec_down>=4 AND dd_close<=-0.2,and,1,79,0.5215765574497939,0.727810650887574,1.0809715817605348,1.0809715817605348,0.84112536774722,-0.003556609828387014,0.0
max_consec_down>=4 OR dd_close<=-0.3,or,9,71,0.5351811772753443,0.7741935483870968,0.3893134173595223,0.1861924325148261,0.901775420810637,0.010048009997163376,0.046382897499522735
max_consec_down>=4 AND dd_close<=-0.3,and,1,79,0.5215765574497939,0.727810650887574,1.0809715817605348,1.0809715817605348,0.84112536774722,-0.003556609828387014,0.0
max_consec_down>=4 OR dd_low<=-0.2,or,38,42,0.4040077749769525,0.7254901960784313,1.0558316318054117,0.6078770983660899,0.6525779434567922,-0.12112539230122843,-0.002320454809142669
max_consec_down>=4 AND dd_low<=-0.2,and,2,78,0.49337076064393803,0.7245508982035929,1.0642165037676707,1.0642165037676707,0.8384800336699434,-0.0317624066342429,-0.003259752683981154
max_consec_down>=4 OR dd_low<=-0.3,or,22,58,0.5283788673625691,0.7651515151515151,0.7179836396883746,0.4209105147115105,0.8919695786318395,0.003245700084388181,0.03734086426394112
max_consec_down>=4 AND dd_low<=-0.3,and,1,79,0.5215765574497939,0.727810650887574,1.0809715817605348,1.0809715817605348,0.84112536774722,-0.003556609828387014,0.0
max_consec_down>=4 OR dd_low<=-0.4,or,12,68,0.5251331672781809,0.7638888888888888,0.8164588884370788,0.4834390479442393,0.8490054260668526,0.0,0.03607823800131482
max_consec_down>=4 AND dd_low<=-0.4,and,1,79,0.5215765574497939,0.727810650887574,1.0809715817605348,1.0809715817605348,0.84112536774722,-0.003556609828387014,0.0
max_consec_down>=4 OR down_slope>=0.03,or,39,41,0.4044854357330552,0.7551020408163265,0.8273376951815018,0.5587099210112999,0.86009037857835,-0.12064773154512576,0.027291389928752463
max_consec_down>=4 AND down_slope>=0.03,and,2,78,0.49337076064393803,0.7245508982035929,1.0642165037676707,1.0642165037676707,0.8384800336699434,-0.0317624066342429,-0.003259752683981154
max_consec_down>=4 OR down_slope>=0.05,or,32,48,0.4226848338683858,0.7454545454545455,0.9042801536688112,0.5968643456572238,0.8040189732581036,-0.10244833340979514,0.017643894566971463
max_consec_down>=4 AND down_slope>=0.05,and,1,79,0.5215765574497939,0.727810650887574,1.0809715817605348,1.0809715817605348,0.84112536774722,-0.003556609828387014,0.0
max_consec_down>=4 OR down_slope>=0.08,or,24,56,0.5283788673625691,0.7698412698412699,0.7191129609826845,0.4743905081508987,0.8976993673251161,0.003245700084388181,0.042030618953695864
max_consec_down>=4 AND down_slope>=0.08,and,1,79,0.5215765574497939,0.727810650887574,1.0809715817605348,1.0809715817605348,0.84112536774722,-0.003556609828387014,0.0
max_consec_down>=4 OR slope_ratio>=0.3,or,29,51,0.5215765574497939,0.7719298245614035,0.693287907413371,0.5483871463930441,0.9298926729177093,-0.003556609828387014,0.04411917367382945
max_consec_down>=4 AND slope_ratio>=0.3,and,1,79,0.5215765574497939,0.7261904761904762,0.6537468435720255,0.6537468435720255,0.8465332758255557,-0.003556609828387014,-0.0016201746970978537
max_consec_down>=4 OR slope_ratio>=0.5,or,18,62,0.45302459792089933,0.7441860465116279,0.8617953498285075,0.629470108985368,0.838992892530287,-0.0721085693572816,0.01637539562405388
max_consec_down>=4 AND slope_ratio>=0.5,and,0,80,0.5251331672781809,0.727810650887574,,,0.8441234454223865,0.0,0.0
max_consec_down>=4 OR slope_ratio>=1.0,or,9,71,0.4408842320037164,0.7482517482517482,0.7115232830621656,0.6537468435720255,0.8609319167074851,-0.08424893527446453,0.02044109736417421
max_consec_down>=4 AND slope_ratio>=1.0,and,0,80,0.5251331672781809,0.727810650887574,,,0.8441234454223865,0.0,0.0
max_consec_down>=4 OR rev_days>=4,or,36,44,0.5417841618341942,0.6746987951807228,0.8391809961609743,0.45302459792089933,0.8481672675453603,0.016650994556013266,-0.053111855706851174
max_consec_down>=4 AND rev_days>=4,and,3,77,0.4651649638380822,0.7228915662650602,0.9273932837024557,1.0474614257748065,0.8408791660088775,-0.05996820344009873,-0.004919084622513781
max_consec_down>=4 OR rev_days>=5,or,21,59,0.5351811772753443,0.7357142857142858,0.733036219641052,0.3930555553715906,0.8836629664632004,0.010048009997163376,0.007903634826711747
max_consec_down>=4 AND rev_days>=5,and,3,77,0.4651649638380822,0.7228915662650602,0.9273932837024557,1.0474614257748065,0.8408791660088775,-0.05996820344009873,-0.004919084622513781
max_consec_down>=4 OR rev_days>=6,or,10,70,0.5283788673625691,0.7278481012658228,0.49440359030913045,0.4608726662390792,0.8940834247242804,0.003245700084388181,3.7450378248760074e-05
max_consec_down>=4 AND rev_days>=6,and,3,77,0.4651649638380822,0.7228915662650602,0.9273932837024557,1.0474614257748065,0.8408791660088775,-0.05996820344009873,-0.004919084622513781
max_consec_down>=4 OR max_upper_atr>=1.5,or,15,65,0.4408842320037164,0.7315436241610739,1.5922143112046407,0.9957393784830753,0.6714870917803278,-0.08424893527446453,0.003732973273499862
max_consec_down>=4 AND max_upper_atr>=1.5,and,2,78,0.49337076064393803,0.7245508982035929,1.0642165037676707,1.0642165037676707,0.8384800336699434,-0.0317624066342429,-0.003259752683981154
max_consec_down>=4 OR max_upper_atr>=2.0,or,9,71,0.4408842320037164,0.71875,1.0514639947478606,0.9957393784830753,0.8178408405783124,-0.08424893527446453,-0.009060650887574018
max_consec_down>=4 AND max_upper_atr>=2.0,and,0,80,0.5251331672781809,0.727810650887574,,,0.8441234454223865,0.0,0.0
dd_close<=-0.1 OR dd_low<=-0.2,or,42,38,0.39829283479622024,0.7191011235955056,1.0592930092883517,0.6162061271075769,0.6063044537810568,-0.1268403324819607,-0.00870952729206842
dd_close<=-0.1 AND dd_low<=-0.2,and,26,54,0.49337076064393803,0.7580645161290323,0.8672556813292449,0.5436998490589339,0.8329857022079734,-0.0317624066342429,0.030253865241458233
dd_close<=-0.1 OR dd_low<=-0.3,or,35,45,0.4200912391952296,0.7475728155339806,0.8868102530498612,0.6051933743987107,0.8109225950454619,-0.10504192808295132,0.019762164646406566
dd_close<=-0.1 AND dd_low<=-0.3,and,16,64,0.5535485337021719,0.7746478873239436,0.6641982429181114,0.209102462466206,0.8891047460484555,0.028415366423991006,0.04683723643636961
dd_close<=-0.1 OR dd_low<=-0.4,or,32,48,0.430487735599473,0.75,0.886177349696556,0.5968643456572238,0.8160875092396068,-0.09464543167870793,0.022189349112425982
dd_close<=-0.1 AND dd_low<=-0.4,and,9,71,0.5351811772753443,0.7718120805369127,0.8121913490273142,0.1861924325148261,0.8481711759513395,0.010048009997163376,0.04400142964933873
dd_close<=-0.1 OR down_slope>=0.03,or,39,41,0.4044854357330552,0.7551020408163265,0.8273376951815018,0.5587099210112999,0.86009037857835,-0.12064773154512576,0.027291389928752463
dd_close<=-0.1 AND down_slope>=0.03,and,30,50,0.45302459792089933,0.7567567567567568,0.8972450698688496,0.5736226189635184,0.8122504707545088,-0.0721085693572816,0.02894610586918278
dd_close<=-0.1 OR down_slope>=0.05,or,36,44,0.4226848338683858,0.7475728155339806,0.8671077464132229,0.5968643456572238,0.825318108248066,-0.10244833340979514,0.019762164646406566
dd_close<=-0.1 AND down_slope>=0.05,and,25,55,0.4651649638380822,0.7583333333333333,0.9436390686726643,0.5587099210112999,0.7988890712177149,-0.05996820344009873,0.030522682445759286
dd_close<=-0.1 OR down_slope>=0.08,or,35,45,0.4408842320037164,0.75,0.8669369815002437,0.5885353169157369,0.8263795840284976,-0.08424893527446453,0.022189349112425982
dd_close<=-0.1 AND down_slope>=0.08,and,18,62,0.5417841618341942,0.7777777777777778,0.7103226322981429,0.2725718723670195,0.882968842781038,0.016650994556013266,0.04996712689020377
dd_close<=-0.1 OR slope_ratio>=0.3,or,37,43,0.4200912391952296,0.7755102040816326,0.8375813867161176,0.5587099210112999,0.8497526587277808,-0.10504192808295132,0.04769955319405861
dd_close<=-0.1 AND slope_ratio>=0.3,and,21,59,0.5286897771065678,0.7578125,0.6932144732663607,0.3131312523164531,0.8978368083931755,0.003556609828386903,0.030001849112425982
dd_close<=-0.1 OR slope_ratio>=0.5,or,32,48,0.430487735599473,0.7476635514018691,0.8971623173015982,0.5968643456572238,0.8087641975029122,-0.09464543167870793,0.019852900514295113
dd_close<=-0.1 AND slope_ratio>=0.5,and,14,66,0.5251331672781809,0.7555555555555555,0.8280029451280095,0.4134277497844916,0.8475429454848303,0.0,0.027744904667981518
dd_close<=-0.1 OR slope_ratio>=1.0,or,32,48,0.430487735599473,0.7476635514018691,0.8971623173015982,0.5968643456572238,0.8087641975029122,-0.09464543167870793,0.019852900514295113
dd_close<=-0.1 AND slope_ratio>=1.0,and,5,75,0.5215765574497939,0.7583892617449665,0.4966868964876972,0.5587099210112999,0.8672858820180326,-0.003556609828387014,0.03057861085739244
dd_close<=-0.1 OR rev_days>=4,or,41,39,0.5483871463930441,0.6986301369863014,0.7888854980011304,0.4408842320037164,0.9021941080960147,0.023253979114863155,-0.02918051390127263
dd_close<=-0.1 AND rev_days>=4,and,26,54,0.430487735599473,0.7333333333333333,0.9783580532071627,0.5968643456572238,0.7794919676000869,-0.09464543167870793,0.005522682445759264
dd_close<=-0.1 OR rev_days>=5,or,34,46,0.49337076064393803,0.7663551401869159,0.8238015807639225,0.5436998490589339,0.8591439540829905,-0.0317624066342429,0.038544489299341844
dd_close<=-0.1 AND rev_days>=5,and,18,62,0.49337076064393803,0.7272727272727273,0.8308669892292353,0.5586125470111524,0.8479720939945917,-0.0317624066342429,-0.0005379236148467248
dd_close<=-0.1 OR rev_days>=6,or,34,46,0.49337076064393803,0.7663551401869159,0.8238015807639225,0.5436998490589339,0.8591439540829905,-0.0317624066342429,0.038544489299341844
dd_close<=-0.1 AND rev_days>=6,and,7,73,0.4651649638380822,0.7204968944099379,0.6436972995364921,0.6537468435720255,0.8633423909182943,-0.05996820344009873,-0.007313756477636102
dd_close<=-0.1 OR max_upper_atr>=1.5,or,36,44,0.430487735599473,0.7669902912621359,1.0689618641114833,0.5968643456572238,0.6601647392222166,-0.09464543167870793,0.0391796403745619
dd_close<=-0.1 AND max_upper_atr>=1.5,and,9,71,0.4651649638380822,0.7261146496815286,1.3686599617913,1.0474614257748065,0.7776329010939328,-0.05996820344009873,-0.0016960012060454055
dd_close<=-0.1 OR max_upper_atr>=2.0,or,33,47,0.4200912391952296,0.7476635514018691,0.9096577710658192,0.6051933743987107,0.7981099827365722,-0.10504192808295132,0.019852900514295113
dd_close<=-0.1 AND max_upper_atr>=2.0,and,4,76,0.5251331672781809,0.7289156626506024,1.0583471490222127,0.6138759354503306,0.8328485136539746,0.0,0.0011050117630283518
dd_close<=-0.15 OR dd_low<=-0.2,or,37,43,0.4044854357330552,0.7281553398058253,1.066698788244152,0.5885353169157369,0.6526051271804023,-0.12064773154512576,0.0003446889182512347
dd_close<=-0.15 AND dd_low<=-0.2,and,19,61,0.5351811772753443,0.762962962962963,0.7198087745019525,0.3131312523164531,0.8828444084959645,0.010048009997163376,0.035152312075388936
dd_close<=-0.15 OR dd_low<=-0.3,or,24,56,0.5283788673625691,0.7698412698412699,0.7175029469268889,0.4209105147115105,0.8983893733490286,0.003245700084388181,0.042030618953695864
dd_close<=-0.15 AND dd_low<=-0.3,and,15,65,0.5483871463930441,0.7638888888888888,0.7033818528726119,0.2320124924175859,0.8766022744723345,0.023253979114863155,0.03607823800131482
dd_close<=-0.15 OR dd_low<=-0.4,or,20,60,0.5283788673625691,0.7593984962406015,0.7231471483094694,0.4209105147115105,0.884448877793359,0.003245700084388181,0.0315878453530275
dd_close<=-0.15 AND dd_low<=-0.4,and,9,71,0.5351811772753443,0.7718120805369127,0.8121913490273142,0.1861924325148261,0.8481711759513395,0.010048009997163376,0.04400142964933873
dd_close<=-0.15 OR down_slope>=0.03,or,38,42,0.4226848338683858,0.7575757575757576,0.8319058754870143,0.5535485337021719,0.8551774372686758,-0.10244833340979514,0.02976510668818355
dd_close<=-0.15 AND down_slope>=0.03,and,19,61,0.5351811772753443,0.762962962962963,0.7198087745019525,0.3131312523164531,0.8828444084959645,0.010048009997163376,0.035152312075388936
dd_close<=-0.15 OR down_slope>=0.05,or,32,48,0.4226848338683858,0.7454545454545455,0.9172985772346991,0.5968643456572238,0.7953400242141782,-0.10244833340979514,0.017643894566971463
dd_close<=-0.15 AND down_slope>=0.05,and,17,63,0.5483871463930441,0.7681159420289855,0.6799158171812852,0.2320124924175859,0.8884334403445886,0.023253979114863155,0.04030529114141146
dd_close<=-0.15 OR down_slope>=0.08,or,26,54,0.5283788673625691,0.768595041322314,0.7196923810301782,0.4743905081508987,0.9040346986482648,0.003245700084388181,0.040784390434740025
dd_close<=-0.15 AND down_slope>=0.08,and,15,65,0.5483871463930441,0.7692307692307693,0.7014578401993374,0.2320124924175859,0.8770462773969364,0.023253979114863155,0.041420118343195256
dd_close<=-0.15 OR slope_ratio>=0.3,or,33,47,0.5215765574497939,0.7924528301886793,0.6641777033893178,0.5286897771065678,0.9704683281264562,-0.003556609828387014,0.06464217930110527
dd_close<=-0.15 AND slope_ratio>=0.3,and,13,67,0.5351811772753443,0.7517241379310344,0.7488783700878486,0.2320124924175859,0.8626038331738641,0.010048009997163376,0.023913487043460413
dd_close<=-0.15 OR slope_ratio>=0.5,or,27,53,0.5215765574497939,0.7672413793103449,0.7030666745714909,0.5286897771065678,0.915982555101145,-0.003556609828387014,0.039430728422770844
dd_close<=-0.15 AND slope_ratio>=0.5,and,7,73,0.5286897771065678,0.7483443708609272,1.0605289925589454,0.2320124924175859,0.8233722285736755,0.003556609828386903,0.02053371997335318
dd_close<=-0.15 OR slope_ratio>=1.0,or,24,56,0.49337076064393803,0.7563025210084033,0.7186069010355908,0.5436998490589339,0.8979162501595849,-0.0317624066342429,0.02849187012082932
dd_close<=-0.15 AND slope_ratio>=1.0,and,1,79,0.5286897771065678,0.7592592592592593,0.0513307871350428,0.0513307871350428,0.8541587955272896,0.003556609828386903,0.03144860837168528
dd_close<=-0.15 OR rev_days>=4,or,38,42,0.5536053688390719,0.691358024691358,0.7915885694649959,0.41696989368765347,0.8916549998600258,0.02847220156089092,-0.03645262619621603
dd_close<=-0.15 AND rev_days>=4,and,17,63,0.5215765574497939,0.7518248175182481,0.8121480551566078,0.5286897771065678,0.8527517253353745,-0.003556609828387014,0.024014166630674127
dd_close<=-0.15 OR rev_days>=5,or,27,53,0.5483871463930441,0.7741935483870968,0.6961588968115545,0.3131312523164531,0.9195016116958292,0.023253979114863155,0.046382897499522735
dd_close<=-0.15 AND rev_days>=5,and,13,67,0.5215765574497939,0.7284768211920529,0.7902951626220939,0.5286897771065678,0.8545677391000555,-0.003556609828387014,0.000666170304478908
dd_close<=-0.15 OR rev_days>=6,or,23,57,0.5483871463930441,0.7709923664122137,0.6420986245845645,0.3131312523164531,0.925642232777999,0.023253979114863155,0.043181715524639674
dd_close<=-0.15 AND rev_days>=6,and,6,74,0.49337076064393803,0.7222222222222222,0.64202237553057,0.7659577295181761,0.8605100186568582,-0.0317624066342429,-0.005588428665351808
dd_close<=-0.15 OR max_upper_atr>=1.5,or,27,53,0.4651649638380822,0.7661290322580645,1.214687188775056,0.5885353169157369,0.6553456893748002,-0.05996820344009873,0.038318381370490484
dd_close<=-0.15 AND max_upper_atr>=1.5,and,6,74,0.5251331672781809,0.7329192546583851,0.6848800738513628,0.6397369590961962,0.8570350701443614,0.0,0.0051086037708111265
dd_close<=-0.15 OR max_upper_atr>=2.0,or,23,57,0.4651649638380822,0.7538461538461538,0.866919908357742,0.5885353169157369,0.8349248726589976,-0.05996820344009873,0.026035502958579815
dd_close<=-0.15 AND max_upper_atr>=2.0,and,2,78,0.5319354771909561,0.7321428571428571,0.209102462466206,0.209102462466206,0.8604060347289553,0.006802309912775195,0.004332206255283078
dd_close<=-0.2 OR dd_low<=-0.2,or,37,43,0.4044854357330552,0.7281553398058253,1.066698788244152,0.5885353169157369,0.6526051271804023,-0.12064773154512576,0.0003446889182512347
dd_close<=-0.2 AND dd_low<=-0.2,and,14,66,0.5535485337021719,0.777027027027027,0.3944300877545933,0.209102462466206,0.9395129455337367,0.028415366423991006,0.049216376139452955
dd_close<=-0.2 OR dd_low<=-0.3,or,21,59,0.5351811772753443,0.7692307692307693,0.7189360707489141,0.3131312523164531,0.8886816635265039,0.010048009997163376,0.041420118343195256
dd_close<=-0.2 AND dd_low<=-0.3,and,13,67,0.5587099210112999,0.7777777777777778,0.3475996574334248,0.1861924325148261,0.9404638818978568,0.03357675373311897,0.04996712689020377
dd_close<=-0.2 OR dd_low<=-0.4,or,16,64,0.5417841618341942,0.7659574468085106,0.6650342154299698,0.2725718723670195,0.8888957529204908,0.016650994556013266,0.038146795920936616
dd_close<=-0.2 AND dd_low<=-0.4,and,8,72,0.5417841618341942,0.7792207792207793,0.3722215216978631,0.14029971891168594,0.8965569925028891,0.016650994556013266,0.05141012833320524
dd_close<=-0.2 OR down_slope>=0.03,or,38,42,0.4226848338683858,0.7575757575757576,0.8319058754870143,0.5535485337021719,0.8551774372686758,-0.10244833340979514,0.02976510668818355
dd_close<=-0.2 AND down_slope>=0.03,and,14,66,0.5535485337021719,0.777027027027027,0.3944300877545933,0.209102462466206,0.9395129455337367,0.028415366423991006,0.049216376139452955
dd_close<=-0.2 OR down_slope>=0.05,or,30,50,0.45302459792089933,0.7522123893805309,0.9078585549351708,0.5736226189635184,0.8058823797147161,-0.0721085693572816,0.024401738492956904
dd_close<=-0.2 AND down_slope>=0.05,and,14,66,0.5535485337021719,0.777027027027027,0.3944300877545933,0.209102462466206,0.9395129455337367,0.028415366423991006,0.049216376139452955
dd_close<=-0.2 OR down_slope>=0.08,or,24,56,0.5417841618341942,0.7741935483870968,0.6914251701387242,0.36661124575584136,0.9095655634010991,0.016650994556013266,0.046382897499522735
dd_close<=-0.2 AND down_slope>=0.08,and,12,68,0.5535485337021719,0.7777777777777778,0.37377666162271006,0.209102462466206,0.9271258190340943,0.028415366423991006,0.04996712689020377
dd_close<=-0.2 OR slope_ratio>=0.3,or,32,48,0.5283788673625691,0.7962962962962963,0.6522000870647712,0.49692737047232505,0.9720723509941301,0.003245700084388181,0.06848564540872226
dd_close<=-0.2 AND slope_ratio>=0.3,and,9,71,0.5483871463930441,0.7628205128205128,0.2920594166604497,0.1583101794497246,0.9141033927302377,0.023253979114863155,0.03500986193293876
dd_close<=-0.2 OR slope_ratio>=0.5,or,26,54,0.5283788673625691,0.7711864406779662,0.6898207226021326,0.4209105147115105,0.9184173490025089,0.003245700084388181,0.04337578979039214
dd_close<=-0.2 AND slope_ratio>=0.5,and,3,77,0.5351811772753443,0.7592592592592593,0.10560629557154348,0.0513307871350428,0.8728968408711207,0.010048009997163376,0.03144860837168528
dd_close<=-0.2 OR slope_ratio>=1.0,or,19,61,0.5351811772753443,0.7727272727272727,0.4785379019937571,0.3131312523164531,0.9579943523919596,0.010048009997163376,0.04491662183969869
dd_close<=-0.2 AND slope_ratio>=1.0,and,1,79,0.5286897771065678,0.7592592592592593,0.0513307871350428,0.0513307871350428,0.8541587955272896,0.003556609828386903,0.03144860837168528
dd_close<=-0.2 OR rev_days>=4,or,37,43,0.5483871463930441,0.6829268292682927,0.8128581141245124,0.4408842320037164,0.8710261723531156,0.023253979114863155,-0.04488382161928128
dd_close<=-0.2 AND rev_days>=4,and,13,67,0.5483871463930441,0.7718120805369127,0.4351374513655711,0.2320124924175859,0.923478936806545,0.023253979114863155,0.04400142964933873
dd_close<=-0.2 OR rev_days>=5,or,25,55,0.5483871463930441,0.7751937984496124,0.6836677007222941,0.3131312523164531,0.9170578748315195,0.023253979114863155,0.04738314756203843
dd_close<=-0.2 AND rev_days>=5,and,10,70,0.5417841618341942,0.7421383647798742,0.382408932296905,0.209102462466206,0.9100826615831696,0.016650994556013266,0.014327713892300142
dd_close<=-0.2 OR rev_days>=6,or,19,61,0.5587099210112999,0.7816901408450704,0.4032307528551051,0.2320124924175859,0.981450677533507,0.03357675373311897,0.05387948995749636
dd_close<=-0.2 AND rev_days>=6,and,5,75,0.5215765574497939,0.725609756097561,0.5609345654817226,0.5286897771065678,0.8630027040850975,-0.003556609828387014,-0.0022008947900130638
dd_close<=-0.2 OR max_upper_atr>=1.5,or,23,57,0.5215765574497939,0.7777777777777778,1.1169421754664577,0.5286897771065678,0.7340386947028492,-0.003556609828387014,0.04996712689020377
dd_close<=-0.2 AND max_upper_atr>=1.5,and,5,75,0.5286897771065678,0.7361963190184049,0.6123638034666742,0.2320124924175859,0.8595740882194339,0.003556609828386903,0.008385668130830859
dd_close<=-0.2 OR max_upper_atr>=2.0,or,18,62,0.5283788673625691,0.7692307692307693,0.6547118002919595,0.4209105147115105,0.8991139230408975,0.003245700084388181,0.041420118343195256
dd_close<=-0.2 AND max_upper_atr>=2.0,and,2,78,0.5319354771909561,0.7321428571428571,0.209102462466206,0.209102462466206,0.8604060347289553,0.006802309912775195,0.004332206255283078
dd_close<=-0.3 OR dd_low<=-0.2,or,37,43,0.4044854357330552,0.7281553398058253,1.066698788244152,0.5885353169157369,0.6526051271804023,-0.12064773154512576,0.0003446889182512347
dd_close<=-0.3 AND dd_low<=-0.2,and,7,73,0.5483871463930441,0.7784810126582279,0.2575160695555527,0.1583101794497246,0.9003734677657814,0.023253979114863155,0.05067036177065387
dd_close<=-0.3 OR dd_low<=-0.3,or,20,60,0.5417841618341942,0.7703703703703704,0.7047215901898706,0.2725718723670195,0.8905907304998918,0.016650994556013266,0.042559719482796354
dd_close<=-0.3 AND dd_low<=-0.3,and,7,73,0.5483871463930441,0.7784810126582279,0.2575160695555527,0.1583101794497246,0.9003734677657814,0.023253979114863155,0.05067036177065387
dd_close<=-0.3 OR dd_low<=-0.4,or,11,69,0.5351811772753443,0.7687074829931972,0.7504189610316218,0.1861924325148261,0.8590618414846825,0.010048009997163376,0.040896832105623226
dd_close<=-0.3 AND dd_low<=-0.4,and,6,74,0.5417841618341942,0.7784810126582279,0.2740503845731907,0.14029971891168594,0.8903455854912402,0.016650994556013266,0.05067036177065387
dd_close<=-0.3 OR down_slope>=0.03,or,38,42,0.4226848338683858,0.7575757575757576,0.8319058754870143,0.5535485337021719,0.8551774372686758,-0.10244833340979514,0.02976510668818355
dd_close<=-0.3 AND down_slope>=0.03,and,7,73,0.5483871463930441,0.7784810126582279,0.2575160695555527,0.1583101794497246,0.9003734677657814,0.023253979114863155,0.05067036177065387
dd_close<=-0.3 OR down_slope>=0.05,or,30,50,0.45302459792089933,0.7522123893805309,0.9078585549351708,0.5736226189635184,0.8058823797147161,-0.0721085693572816,0.024401738492956904
dd_close<=-0.3 AND down_slope>=0.05,and,7,73,0.5483871463930441,0.7784810126582279,0.2575160695555527,0.1583101794497246,0.9003734677657814,0.023253979114863155,0.05067036177065387
dd_close<=-0.3 OR down_slope>=0.08,or,22,58,0.5417841618341942,0.7751937984496124,0.7071592179198908,0.36661124575584136,0.8960753937854024,0.016650994556013266,0.04738314756203843
dd_close<=-0.3 AND down_slope>=0.08,and,7,73,0.5483871463930441,0.7784810126582279,0.2575160695555527,0.1583101794497246,0.9003734677657814,0.023253979114863155,0.05067036177065387
dd_close<=-0.3 OR slope_ratio>=0.3,or,30,50,0.5319354771909561,0.7964601769911505,0.6446162442345442,0.38914810807726763,0.963827766135092,0.006802309912775195,0.06864952610357644
dd_close<=-0.3 AND slope_ratio>=0.3,and,4,76,0.5417841618341942,0.7639751552795031,0.11026036682624055,0.10482048329238369,0.8827478179800785,0.016650994556013266,0.036164504391929087
dd_close<=-0.3 OR slope_ratio>=0.5,or,21,59,0.5351811772753443,0.7734375,0.6895913402647424,0.2681455785576833,0.8991263981056158,0.010048009997163376,0.04562684911242598
dd_close<=-0.3 AND slope_ratio>=0.5,and,1,79,0.5286897771065678,0.7592592592592593,0.0513307871350428,0.0513307871350428,0.8541587955272896,0.003556609828386903,0.03144860837168528
dd_close<=-0.3 OR slope_ratio>=1.0,or,12,68,0.5319354771909561,0.7746478873239436,0.44773428301716245,0.2496618424156396,0.914074474082132,0.006802309912775195,0.04683723643636961
dd_close<=-0.3 AND slope_ratio>=1.0,and,1,79,0.5286897771065678,0.7592592592592593,0.0513307871350428,0.0513307871350428,0.8541587955272896,0.003556609828386903,0.03144860837168528
dd_close<=-0.3 OR rev_days>=4,or,36,44,0.5417841618341942,0.6746987951807228,0.8391809961609743,0.45302459792089933,0.8481672675453603,0.016650994556013266,-0.053111855706851174
dd_close<=-0.3 AND rev_days>=4,and,7,73,0.5483871463930441,0.7784810126582279,0.2575160695555527,0.1583101794497246,0.9003734677657814,0.023253979114863155,0.05067036177065387
dd_close<=-0.3 OR rev_days>=5,or,23,57,0.5483871463930441,0.7744360902255639,0.6851401153005908,0.3131312523164531,0.9082746137171462,0.023253979114863155,0.046625439337989905
dd_close<=-0.3 AND rev_days>=5,and,5,75,0.5351811772753443,0.7454545454545455,0.2876300894874746,0.1583101794497246,0.8812230024847141,0.010048009997163376,0.017643894566971463
dd_close<=-0.3 OR rev_days>=6,or,15,65,0.5587099210112999,0.782312925170068,0.3671577752513276,0.1861924325148261,0.9541924462310926,0.03357675373311897,0.05450227428249399
dd_close<=-0.3 AND rev_days>=6,and,2,78,0.5251331672781809,0.727810650887574,0.6196408806051297,0.6196408806051297,0.8498794086228292,0.0,0.0
dd_close<=-0.3 OR max_upper_atr>=1.5,or,18,62,0.5251331672781809,0.7746478873239436,1.3150282939890308,0.5498537514843703,0.7074091345481995,0.0,0.04683723643636961
dd_close<=-0.3 AND max_upper_atr>=1.5,and,3,77,0.5286897771065678,0.7409638554216867,0.45385700652796884,0.1861924325148261,0.8593286313533379,0.003556609828386903,0.013153204534112728
dd_close<=-0.3 OR max_upper_atr>=2.0,or,12,68,0.5319354771909561,0.7712418300653595,0.6914513463331184,0.2725718723670195,0.8710655805557869,0.006802309912775195,0.043431179177785495
dd_close<=-0.3 AND max_upper_atr>=2.0,and,1,79,0.5286897771065678,0.7321428571428571,0.1861924325148261,0.1861924325148261,0.8524516860921024,0.003556609828386903,0.004332206255283078
dd_low<=-0.2 OR down_slope>=0.03,or,45,35,0.3930555553715906,0.7294117647058823,1.0303172564609728,0.6051933743987107,0.6047314026584901,-0.13207761190659034,0.0016011138183082974
dd_low<=-0.2 AND down_slope>=0.03,and,30,50,0.48123039472675516,0.7521367521367521,0.8238667297598801,0.5385384617498059,0.8562774748198905,-0.04390277255142577,0.02432610124917811
dd_low<=-0.2 OR down_slope>=0.05,or,43,37,0.3930555553715906,0.7252747252747253,1.0572918494450467,0.6051933743987107,0.5963871920987547,-0.13207761190659034,-0.002535925612848766
dd_low<=-0.2 AND down_slope>=0.05,and,24,56,0.49337076064393803,0.752,0.8850025952896562,0.5436998490589339,0.8266038097649854,-0.0317624066342429,0.024189349112425984
dd_low<=-0.2 OR down_slope>=0.08,or,40,40,0.4040077749769525,0.7448979591836735,1.029145683517436,0.5736226189635184,0.6591012073273372,-0.12112539230122843,0.0170873082960995
dd_low<=-0.2 AND down_slope>=0.08,and,19,61,0.5351811772753443,0.7611940298507462,0.7294489799249358,0.3131312523164531,0.8798417215609368,0.010048009997163376,0.03338337896317223
dd_low<=-0.2 OR slope_ratio>=0.3,or,42,38,0.4040077749769525,0.7640449438202247,1.0014031524863065,0.5968643456572238,0.6702879797201594,-0.12112539230122843,0.03623429293265068
dd_low<=-0.2 AND slope_ratio>=0.3,and,22,58,0.5319354771909561,0.7461538461538462,0.6993563212755081,0.38914810807726763,0.8990351132022372,0.006802309912775195,0.01834319526627215
dd_low<=-0.2 OR slope_ratio>=0.5,or,39,41,0.4044854357330552,0.7368421052631579,1.029567368467437,0.5885353169157369,0.6677255674039242,-0.12064773154512576,0.009031454375583836
dd_low<=-0.2 AND slope_ratio>=0.5,and,13,67,0.5215765574497939,0.7428571428571429,0.9265280185084124,0.5587099210112999,0.828134498405695,-0.003556609828387014,0.015046491969568865
dd_low<=-0.2 OR slope_ratio>=1.0,or,39,41,0.4044854357330552,0.7368421052631579,1.029567368467437,0.5885353169157369,0.6677255674039242,-0.12064773154512576,0.009031454375583836
dd_low<=-0.2 AND slope_ratio>=1.0,and,4,76,0.49337076064393803,0.7467532467532467,0.7340643728139286,0.8484025675124687,0.8499160281912529,-0.0317624066342429,0.018942595865672707
dd_low<=-0.2 OR rev_days>=4,or,49,31,0.4200912391952296,0.640625,0.9378744389963787,0.5483871463930441,0.695936391063496,-0.10504192808295132,-0.08718565088757402
dd_low<=-0.2 AND rev_days>=4,and,24,56,0.48123039472675516,0.7377049180327869,0.9884384798335893,0.5436998490589339,0.7822741449604426,-0.04390277255142577,0.00989426714521291
dd_low<=-0.2 OR rev_days>=5,or,43,37,0.4044854357330552,0.723404255319149,1.0289113718895402,0.5885353169157369,0.6293699092578571,-0.12064773154512576,-0.004406395568425037
dd_low<=-0.2 AND rev_days>=5,and,15,65,0.5351811772753443,0.738255033557047,0.7078951190830335,0.2681455785576833,0.8755607515006989,0.010048009997163376,0.010444382669473007
dd_low<=-0.2 OR rev_days>=6,or,41,39,0.4200912391952296,0.7373737373737373,0.989262361340037,0.5587099210112999,0.6915415081756261,-0.10504192808295132,0.00956308648616333
dd_low<=-0.2 AND rev_days>=6,and,6,74,0.49337076064393803,0.7222222222222222,0.64202237553057,0.7659577295181761,0.8605100186568582,-0.0317624066342429,-0.005588428665351808
dd_low<=-0.2 OR max_upper_atr>=1.5,or,41,39,0.4044854357330552,0.7448979591836735,1.078499782132893,0.5885353169157369,0.5977278093933929,-0.12064773154512576,0.0170873082960995
dd_low<=-0.2 AND max_upper_atr>=1.5,and,10,70,0.45302459792089933,0.7225806451612903,1.8478831922082612,1.0216004021289409,0.7007291958815474,-0.0721085693572816,-0.005230005726283737
dd_low<=-0.2 OR max_upper_atr>=2.0,or,39,41,0.4035301142208499,0.7227722772277227,1.1268802746817752,0.6272188798164431,0.5751596322244317,-0.12160305305733105,-0.00503837365985127
dd_low<=-0.2 AND max_upper_atr>=2.0,and,4,76,0.5251331672781809,0.7272727272727273,0.5501301385169437,0.5092943715349367,0.8595967773647784,0.0,-0.0005379236148467248
dd_low<=-0.3 OR down_slope>=0.03,or,40,40,0.4040077749769525,0.75,0.8481470279402317,0.5736226189635184,0.8400998629045414,-0.12112539230122843,0.022189349112425982
dd_low<=-0.3 AND down_slope>=0.03,and,18,62,0.5535485337021719,0.7753623188405797,0.654498553038594,0.209102462466206,0.8991758335338103,0.028415366423991006,0.047551667953005694
dd_low<=-0.3 OR down_slope>=0.05,or,33,47,0.4408842320037164,0.7592592592592593,0.8977472300229833,0.5885353169157369,0.8064727030432443,-0.08424893527446453,0.03144860837168528
dd_low<=-0.3 AND down_slope>=0.05,and,17,63,0.5483871463930441,0.7642857142857142,0.6885017565349466,0.2320124924175859,0.8861165995666165,0.023253979114863155,0.03647506339814022
dd_low<=-0.3 OR down_slope>=0.08,or,26,54,0.5417841618341942,0.782258064516129,0.6915723209270352,0.36661124575584136,0.9175739868460743,0.016650994556013266,0.054447413628554986
dd_low<=-0.3 AND down_slope>=0.08,and,16,64,0.5417841618341942,0.7642857142857142,0.7294408908707557,0.2725718723670195,0.8727940840602944,0.016650994556013266,0.03647506339814022
dd_low<=-0.3 OR slope_ratio>=0.3,or,33,47,0.5215765574497939,0.7909090909090909,0.672140453128655,0.5286897771065678,0.9648774612881982,-0.003556609828387014,0.06309844002151688
dd_low<=-0.3 AND slope_ratio>=0.3,and,14,66,0.5417841618341942,0.7588652482269503,0.7064795112860155,0.19516133593365526,0.8733206435725258,0.016650994556013266,0.031054597339376322
dd_low<=-0.3 OR slope_ratio>=0.5,or,28,52,0.5283788673625691,0.773109243697479,0.6879027788864163,0.4209105147115105,0.9282422658648322,0.003245700084388181,0.045298592809905
dd_low<=-0.3 AND slope_ratio>=0.5,and,7,73,0.5286897771065678,0.75,1.0804700629690753,0.2320124924175859,0.8214600711370877,0.003556609828386903,0.022189349112425982
dd_low<=-0.3 OR slope_ratio>=1.0,or,24,56,0.5283788673625691,0.7704918032786885,0.688605645795869,0.4209105147115105,0.9107739309766084,0.003245700084388181,0.042681152391114474
dd_low<=-0.3 AND slope_ratio>=1.0,and,2,78,0.5251331672781809,0.7547169811320755,0.5947130005743402,0.5947130005743402,0.850518585033875,0.0,0.02690633024450151
dd_low<=-0.3 OR rev_days>=4,or,41,39,0.5351811772753443,0.6666666666666666,0.8181221985296241,0.4651649638380822,0.871458089591701,0.010048009997163376,-0.06114398422090739
dd_low<=-0.3 AND rev_days>=4,and,15,65,0.5483871463930441,0.7692307692307693,0.717462501725193,0.2320124924175859,0.8733528939678928,0.023253979114863155,0.041420118343195256
dd_low<=-0.3 OR rev_days>=5,or,30,50,0.5283788673625691,0.7627118644067796,0.741964490465224,0.4608726662390792,0.9054188183966843,0.003245700084388181,0.03490121351920561
dd_low<=-0.3 AND rev_days>=5,and,11,69,0.5483871463930441,0.7452229299363057,0.6572052456638897,0.1861924325148261,0.8739219990070745,0.023253979114863155,0.01741227904873166
dd_low<=-0.3 OR rev_days>=6,or,26,54,0.5417841618341942,0.7741935483870968,0.6629623292849958,0.3530934038440219,0.9313491680070564,0.016650994556013266,0.046382897499522735
dd_low<=-0.3 AND rev_days>=6,and,4,76,0.5283788673625691,0.727810650887574,0.45036178636970725,0.3434999782781462,0.8648477432672645,0.003245700084388181,0.0
dd_low<=-0.3 OR max_upper_atr>=1.5,or,28,52,0.49337076064393803,0.7741935483870968,1.1955537271539054,0.5586125470111524,0.6548917552592611,-0.0317624066342429,0.046382897499522735
dd_low<=-0.3 AND max_upper_atr>=1.5,and,6,74,0.5251331672781809,0.7329192546583851,0.6413992113309431,0.5092943715349367,0.860560545483855,0.0,0.0051086037708111265
dd_low<=-0.3 OR max_upper_atr>=2.0,or,23,57,0.5215765574497939,0.7651515151515151,0.850897683905917,0.5286897771065678,0.8413899807711375,-0.003556609828387014,0.03734086426394112
dd_low<=-0.3 AND max_upper_atr>=2.0,and,3,77,0.5286897771065678,0.7289156626506024,0.40159372519489983,0.2320124924175859,0.8613648630935873,0.003556609828386903,0.0011050117630283518
dd_low<=-0.4 OR down_slope>=0.03,or,39,41,0.4044854357330552,0.7525773195876289,0.8307435774143291,0.5587099210112999,0.8568506369422462,-0.12064773154512576,0.02476666870005484
dd_low<=-0.4 AND down_slope>=0.03,and,9,71,0.5351811772753443,0.7718120805369127,0.8121913490273142,0.1861924325148261,0.8481711759513395,0.010048009997163376,0.04400142964933873
dd_low<=-0.4 OR down_slope>=0.05,or,31,49,0.4408842320037164,0.7477477477477478,0.9039462225389487,0.5885353169157369,0.8062763823486432,-0.08424893527446453,0.019937096860173753
dd_low<=-0.4 AND down_slope>=0.05,and,9,71,0.5351811772753443,0.7718120805369127,0.8121913490273142,0.1861924325148261,0.8481711759513395,0.010048009997163376,0.04400142964933873
dd_low<=-0.4 OR down_slope>=0.08,or,23,57,0.5351811772753443,0.7716535433070866,0.7106121323865168,0.4200912391952296,0.8979964313842289,0.010048009997163376,0.04384289241951256
dd_low<=-0.4 AND down_slope>=0.08,and,9,71,0.5351811772753443,0.7718120805369127,0.8121913490273142,0.1861924325148261,0.8481711759513395,0.010048009997163376,0.04400142964933873
dd_low<=-0.4 OR slope_ratio>=0.3,or,31,49,0.5286897771065678,0.7927927927927928,0.6491955992802779,0.4651649638380822,0.967445144002088,0.003556609828386903,0.06498214190521878
dd_low<=-0.4 AND slope_ratio>=0.3,and,6,74,0.5319354771909561,0.756578947368421,0.9913585202769868,0.18223101972574796,0.8321854663801217,0.006802309912775195,0.028768296480847
dd_low<=-0.4 OR slope_ratio>=0.5,or,23,57,0.5286897771065678,0.7704918032786885,0.71491974273504,0.3131312523164531,0.8962582728225439,0.003556609828386903,0.042681152391114474
dd_low<=-0.4 AND slope_ratio>=0.5,and,2,78,0.5251331672781809,0.7515923566878981,2.1916403773989823,2.1916403773989823,0.8095717292178585,0.0,0.023781705800324127
dd_low<=-0.4 OR slope_ratio>=1.0,or,15,65,0.5215765574497939,0.7633587786259542,0.7777664867476797,0.5587099210112999,0.8594365897319344,-0.003556609828387014,0.03554812773838023
dd_low<=-0.4 AND slope_ratio>=1.0,and,1,79,0.5286897771065678,0.7592592592592593,0.0513307871350428,0.0513307871350428,0.8541587955272896,0.003556609828386903,0.03144860837168528
dd_low<=-0.4 OR rev_days>=4,or,38,42,0.5417841618341942,0.675,0.812166486138401,0.45302459792089933,0.873036884774564,0.016650994556013266,-0.05281065088757397
dd_low<=-0.4 AND rev_days>=4,and,8,72,0.5319354771909561,0.7666666666666667,0.9305609725542431,0.2496618424156396,0.8345192757410691,0.006802309912775195,0.0388560157790927
dd_low<=-0.4 OR rev_days>=5,or,26,54,0.5417841618341942,0.7716535433070866,0.6876257218734476,0.3530934038440219,0.919474201205209,0.016650994556013266,0.04384289241951256
dd_low<=-0.4 AND rev_days>=5,and,5,75,0.5286897771065678,0.7375,1.122358047130114,0.1861924325148261,0.8255744719752047,0.003556609828386903,0.009689349112426027
dd_low<=-0.4 OR rev_days>=6,or,19,61,0.5483871463930441,0.7720588235294118,0.6294401428015202,0.3131312523164531,0.9109920150911811,0.023253979114863155,0.04424817264183778
dd_low<=-0.4 AND rev_days>=6,and,1,79,0.5215765574497939,0.727810650887574,1.0809715817605348,1.0809715817605348,0.84112536774722,-0.003556609828387014,0.0
dd_low<=-0.4 OR max_upper_atr>=1.5,or,19,61,0.5215765574497939,0.7720588235294118,1.458388602148823,0.7865762506522875,0.6527949539830048,-0.003556609828387014,0.04424817264183778
dd_low<=-0.4 AND max_upper_atr>=1.5,and,5,75,0.5215765574497939,0.7329192546583851,0.7232765551136145,0.7865762506522875,0.8521799047763048,-0.003556609828387014,0.0051086037708111265
dd_low<=-0.4 OR max_upper_atr>=2.0,or,14,66,0.5251331672781809,0.7638888888888888,0.9860375578824555,0.5498537514843703,0.8140204518702507,0.0,0.03607823800131482
dd_low<=-0.4 AND max_upper_atr>=2.0,and,2,78,0.5251331672781809,0.7289156626506024,0.4863843415835568,0.4863843415835568,0.8532962429567155,0.0,0.0011050117630283518
down_slope>=0.03 OR slope_ratio>=0.3,or,40,40,0.4226848338683858,0.7872340425531915,0.8080106549257623,0.5535485337021719,0.8802362359190106,-0.10244833340979514,0.0594233916656175
down_slope>=0.03 AND slope_ratio>=0.3,and,25,55,0.5286897771065678,0.7520661157024794,0.6907565351571389,0.4651649638380822,0.9138356773611357,0.003556609828386903,0.02425546481490537
down_slope>=0.03 OR slope_ratio>=0.5,or,38,42,0.4226848338683858,0.7575757575757576,0.8319058754870143,0.5535485337021719,0.8551774372686758,-0.10244833340979514,0.02976510668818355
down_slope>=0.03 AND slope_ratio>=0.5,and,15,65,0.5215765574497939,0.75,0.8486757630537182,0.5587099210112999,0.843072910584387,-0.003556609828387014,0.022189349112425982
down_slope>=0.03 OR slope_ratio>=1.0,or,38,42,0.4226848338683858,0.7575757575757576,0.8319058754870143,0.5535485337021719,0.8551774372686758,-0.10244833340979514,0.02976510668818355
down_slope>=0.03 AND slope_ratio>=1.0,and,6,74,0.49337076064393803,0.7534246575342466,0.6035882827420206,0.5819516477050053,0.8636262964505244,-0.0317624066342429,0.02561400664667257
down_slope>=0.03 OR rev_days>=4,or,47,33,0.5351811772753443,0.676923076923077,0.7773930318229343,0.4651649638380822,0.9391637314579703,0.010048009997163376,-0.05088757396449706
down_slope>=0.03 AND rev_days>=4,and,27,53,0.4408842320037164,0.7435897435897436,0.9364987642453227,0.5587099210112999,0.797064320739004,-0.08424893527446453,0.015779092702169595
down_slope>=0.03 OR rev_days>=5,or,42,38,0.48123039472675516,0.7684210526315789,0.7786744028193914,0.5385384617498059,0.9164618609309604,-0.04390277255142577,0.040610401744004876
down_slope>=0.03 AND rev_days>=5,and,17,63,0.5215765574497939,0.7291666666666666,0.8412858213267183,0.5286897771065678,0.8448891535116938,-0.003556609828387014,0.001356015779092612
down_slope>=0.03 OR rev_days>=6,or,42,38,0.48123039472675516,0.7684210526315789,0.7786744028193914,0.5385384617498059,0.9164618609309604,-0.04390277255142577,0.040610401744004876
down_slope>=0.03 AND rev_days>=6,and,6,74,0.49337076064393803,0.7222222222222222,0.64202237553057,0.7659577295181761,0.8605100186568582,-0.0317624066342429,-0.005588428665351808
down_slope>=0.03 OR max_upper_atr>=1.5,or,43,37,0.4044854357330552,0.7717391304347826,0.9889291031833126,0.5587099210112999,0.6758357891056349,-0.12064773154512576,0.043928479547208577
down_slope>=0.03 AND max_upper_atr>=1.5,and,9,71,0.4651649638380822,0.7261146496815286,1.3686599617913,1.0474614257748065,0.7776329010939328,-0.05996820344009873,-0.0016960012060454055
down_slope>=0.03 OR max_upper_atr>=2.0,or,40,40,0.4040077749769525,0.75,0.8515007693510268,0.5736226189635184,0.8367461214937464,-0.12112539230122843,0.022189349112425982
down_slope>=0.03 AND max_upper_atr>=2.0,and,4,76,0.5251331672781809,0.7289156626506024,1.0583471490222127,0.6138759354503306,0.8328485136539746,0.0,0.0011050117630283518
down_slope>=0.05 OR slope_ratio>=0.3,or,37,43,0.4408842320037164,0.7843137254901961,0.8208712907202412,0.5483871463930441,0.864131113421907,-0.08424893527446453,0.05650307460262205
down_slope>=0.05 AND slope_ratio>=0.3,and,20,60,0.5251331672781809,0.7480314960629921,0.7420217599429308,0.4359205866638765,0.8781573405822053,0.0,0.020220845175418112
down_slope>=0.05 OR slope_ratio>=0.5,or,33,47,0.4651649638380822,0.7636363636363637,0.8682025066028439,0.5587099210112999,0.8272168705510017,-0.05996820344009873,0.03582571274878965
down_slope>=0.05 AND slope_ratio>=0.5,and,12,68,0.49337076064393803,0.7407407407407407,0.9429341979972538,0.5819516477050053,0.8266862537915277,-0.0317624066342429,0.012930089853166682
down_slope>=0.05 OR slope_ratio>=1.0,or,30,50,0.45302459792089933,0.7522123893805309,0.9078585549351708,0.5736226189635184,0.8058823797147161,-0.0721085693572816,0.024401738492956904
down_slope>=0.05 AND slope_ratio>=1.0,and,6,74,0.49337076064393803,0.7534246575342466,0.6035882827420206,0.5819516477050053,0.8636262964505244,-0.0317624066342429,0.02561400664667257
down_slope>=0.05 OR rev_days>=4,or,46,34,0.5417841618341942,0.6818181818181818,0.7823714206366275,0.45302459792089933,0.9276703024854723,0.016650994556013266,-0.04599246906939225
down_slope>=0.05 AND rev_days>=4,and,20,60,0.45302459792089933,0.7384615384615385,1.0728593580282666,0.5736226189635184,0.7678781412204266,-0.0721085693572816,0.010650887573964485
down_slope>=0.05 OR rev_days>=5,or,39,41,0.4651649638380822,0.76,0.811641889159279,0.5587099210112999,0.8750205355263182,-0.05996820344009873,0.03218934911242599
down_slope>=0.05 AND rev_days>=5,and,12,68,0.5283788673625691,0.7320261437908496,0.9146236319421113,0.3803511347620769,0.8316822360365528,0.003245700084388181,0.004215492903275608
down_slope>=0.05 OR rev_days>=6,or,35,45,0.4651649638380822,0.7570093457943925,0.8392891349639375,0.5587099210112999,0.8478834646678469,-0.05996820344009873,0.02919869490681848
down_slope>=0.05 AND rev_days>=6,and,5,75,0.5215765574497939,0.725609756097561,0.5609345654817226,0.5286897771065678,0.8630027040850975,-0.003556609828387014,-0.0022008947900130638
down_slope>=0.05 OR max_upper_atr>=1.5,or,36,44,0.4226848338683858,0.7596153846153846,1.088742951172384,0.5968643456572238,0.6439802134451161,-0.10244833340979514,0.031804733727810564
down_slope>=0.05 AND max_upper_atr>=1.5,and,8,72,0.49337076064393803,0.7295597484276729,1.4088097787933616,1.0383554801218051,0.7813805194922783,-0.0317624066342429,0.0017490975400988873
down_slope>=0.05 OR max_upper_atr>=2.0,or,32,48,0.4226848338683858,0.7454545454545455,0.9276051297996766,0.5968643456572238,0.7884689891708598,-0.10244833340979514,0.017643894566971463
down_slope>=0.05 AND max_upper_atr>=2.0,and,4,76,0.5251331672781809,0.7289156626506024,1.0583471490222127,0.6138759354503306,0.8328485136539746,0.0,0.0011050117630283518
down_slope>=0.08 OR slope_ratio>=0.3,or,33,47,0.5351811772753443,0.7927927927927928,0.6449396279339757,0.4651649638380822,0.9839759130206326,0.010048009997163376,0.06498214190521878
down_slope>=0.08 AND slope_ratio>=0.3,and,16,64,0.5319354771909561,0.7611940298507462,0.765713211241801,0.2725718723670195,0.863726003967533,0.006802309912775195,0.03338337896317223
down_slope>=0.08 OR slope_ratio>=0.5,or,29,51,0.5351811772753443,0.773109243697479,0.6745328511402112,0.4200912391952296,0.94055731275931,0.010048009997163376,0.045298592809905
down_slope>=0.08 AND slope_ratio>=0.5,and,8,72,0.5251331672781809,0.7535211267605634,1.0907733196221554,0.6850538532156117,0.8167179038446345,0.0,0.025710475872989358
down_slope>=0.08 OR slope_ratio>=1.0,or,24,56,0.5283788673625691,0.7642276422764228,0.696725253735317,0.4743905081508987,0.9072940990025593,0.003245700084388181,0.036416991388848796
down_slope>=0.08 AND slope_ratio>=1.0,and,4,76,0.5251331672781809,0.7631578947368421,0.6144066002605283,0.6090870224056683,0.8562138056940634,0.0,0.03534724384926813
down_slope>=0.08 OR rev_days>=4,or,45,35,0.5483871463930441,0.6865671641791045,0.7803555740203862,0.4408842320037164,0.9261107086535302,0.023253979114863155,-0.04124348670846956
down_slope>=0.08 AND rev_days>=4,and,13,67,0.5351811772753443,0.7586206896551724,0.8193859865473304,0.3131312523164531,0.8489232508757557,0.010048009997163376,0.030810038767598358
down_slope>=0.08 OR rev_days>=5,or,34,46,0.5417841618341942,0.7818181818181819,0.7009389825046913,0.40657339728341013,0.949955439752857,0.016650994556013266,0.05400753093060784
down_slope>=0.08 AND rev_days>=5,and,9,71,0.5351811772753443,0.7358490566037735,0.7910375557266873,0.2320124924175859,0.850852642707757,0.010048009997163376,0.008038405716199515
down_slope>=0.08 OR rev_days>=6,or,29,51,0.5483871463930441,0.7796610169491526,0.6459850744486922,0.3930555553715906,0.9567903622505659,0.023253979114863155,0.05185036606157856
down_slope>=0.08 AND rev_days>=6,and,3,77,0.5215765574497939,0.727810650887574,0.5893238461056091,0.5286897771065678,0.8540507025386246,-0.003556609828387014,0.0
down_slope>=0.08 OR max_upper_atr>=1.5,or,30,50,0.49337076064393803,0.7777777777777778,1.1576470740972913,0.5586125470111524,0.6560092682174438,-0.0317624066342429,0.04996712689020377
down_slope>=0.08 AND max_upper_atr>=1.5,and,6,74,0.5251331672781809,0.7345679012345679,0.6762597326360744,0.6138759354503306,0.857734016729385,0.0,0.006757250346993926
down_slope>=0.08 OR max_upper_atr>=2.0,or,25,55,0.5215765574497939,0.768,0.8329821836978195,0.5286897771065678,0.8491876552971898,-0.003556609828387014,0.040189349112426
down_slope>=0.08 AND max_upper_atr>=2.0,and,3,77,0.5286897771065678,0.7305389221556886,0.4713147678051624,0.2320124924175859,0.8586484588360446,0.003556609828386903,0.0027282712681145904
slope_ratio>=0.3 OR rev_days>=4,or,45,35,0.5588235912850996,0.734375,0.7622847432129785,0.4408842320037164,0.9493446339773397,0.033690424006918684,0.006564349112425982
slope_ratio>=0.3 AND rev_days>=4,and,18,62,0.5251331672781809,0.7333333333333333,0.7713677069257476,0.5119374424246911,0.8652460791794754,0.0,0.005522682445759264
slope_ratio>=0.3 OR rev_days>=5,or,38,42,0.5283788673625691,0.7959183673469388,0.6852487156445275,0.49692737047232505,0.9878672485547352,0.003245700084388181,0.06810771645936475
slope_ratio>=0.3 AND rev_days>=5,and,10,70,0.5319354771909561,0.7278481012658228,0.7331225725422463,0.2500790354876346,0.8599807129766924,0.006802309912775195,3.7450378248760074e-05
slope_ratio>=0.3 OR rev_days>=6,or,34,46,0.5283788673625691,0.7830188679245284,0.6492770464811755,0.49692737047232505,0.9881403489876294,0.003245700084388181,0.05520821703695433
slope_ratio>=0.3 AND rev_days>=6,and,3,77,0.5286897771065678,0.7261904761904762,0.2818442100612506,0.1583101794497246,0.866030428618275,0.003556609828386903,-0.0016201746970978537
slope_ratio>=0.3 OR max_upper_atr>=1.5,or,39,41,0.4408842320037164,0.8,1.0129778495948856,0.5587099210112999,0.683505841453424,-0.08424893527446453,0.07218934911242603
slope_ratio>=0.3 AND max_upper_atr>=1.5,and,2,78,0.5251331672781809,0.7228915662650602,0.850123998874732,0.850123998874732,0.8439695850774547,0.0,-0.004919084622513781
slope_ratio>=0.3 OR max_upper_atr>=2.0,or,32,48,0.48123039472675516,0.7727272727272727,0.7633093723955691,0.5535485337021719,0.8979994941069315,-0.04390277255142577,0.04491662183969869
slope_ratio>=0.3 AND max_upper_atr>=2.0,and,1,79,0.5286897771065678,0.727810650887574,0.2320124924175859,0.2320124924175859,0.8518716853338397,0.003556609828386903,0.0
slope_ratio>=0.5 OR rev_days>=4,or,40,40,0.5417841618341942,0.6805555555555556,0.8155356723191257,0.45302459792089933,0.8727112185256474,0.016650994556013266,-0.04725509533201844
slope_ratio>=0.5 AND rev_days>=4,and,11,69,0.5215765574497939,0.7412587412587412,0.9381114013487106,0.5587099210112999,0.8291398582457262,-0.003556609828387014,0.013448090371167232
slope_ratio>=0.5 OR rev_days>=5,or,30,50,0.49337076064393803,0.7657657657657657,0.7370510973728877,0.5436998490589339,0.9083668542520859,-0.0317624066342429,0.0379551148781917
slope_ratio>=0.5 AND rev_days>=5,and,6,74,0.5319354771909561,0.7267080745341615,1.002060689513539,0.2500790354876346,0.8313177229285094,0.006802309912775195,-0.0011025763534124877
slope_ratio>=0.5 OR rev_days>=6,or,24,56,0.49337076064393803,0.7520661157024794,0.7350290309056279,0.5436998490589339,0.8908781945009974,-0.0317624066342429,0.02425546481490537
slope_ratio>=0.5 AND rev_days>=6,and,1,79,0.5286897771065678,0.727810650887574,0.0334756071620017,0.0334756071620017,0.8543848104636572,0.003556609828386903,0.0
slope_ratio>=0.5 OR max_upper_atr>=1.5,or,28,52,0.430487735599473,0.7610619469026548,1.2759854206387777,0.8911578145676814,0.6115823818443299,-0.09464543167870793,0.03325129601508081
slope_ratio>=0.5 AND max_upper_atr>=1.5,and,1,79,0.5286897771065678,0.727810650887574,0.2320124924175859,0.2320124924175859,0.8518716853338397,0.003556609828386903,0.0
slope_ratio>=0.5 OR max_upper_atr>=2.0,or,20,60,0.45302459792089933,0.746031746031746,0.9589560027505781,0.695884812525499,0.8058459263129893,-0.0721085693572816,0.018221095144172028
slope_ratio>=0.5 AND max_upper_atr>=2.0,and,1,79,0.5286897771065678,0.727810650887574,0.2320124924175859,0.2320124924175859,0.8518716853338397,0.003556609828386903,0.0
slope_ratio>=1.0 OR rev_days>=4,or,39,41,0.5351811772753443,0.6712328767123288,0.8363284993769778,0.4651649638380822,0.8515381501972875,0.010048009997163376,-0.05657777417524523
slope_ratio>=1.0 AND rev_days>=4,and,3,77,0.5215765574497939,0.75,0.4050780275150178,0.5587099210112999,0.8612291110551412,-0.003556609828387014,0.022189349112425982
slope_ratio>=1.0 OR rev_days>=5,or,27,53,0.5215765574497939,0.7692307692307693,0.7042700114412673,0.5286897771065678,0.9153695344316359,-0.003556609828387014,0.041420118343195256
slope_ratio>=1.0 AND rev_days>=5,and,0,80,0.5251331672781809,0.727810650887574,,,0.8441234454223865,0.0,0.0
slope_ratio>=1.0 OR rev_days>=6,or,16,64,0.49337076064393803,0.7555555555555555,0.5353478499714642,0.5436998490589339,0.9213173442851172,-0.0317624066342429,0.027744904667981518
slope_ratio>=1.0 AND rev_days>=6,and,0,80,0.5251331672781809,0.727810650887574,,,0.8441234454223865,0.0,0.0
slope_ratio>=1.0 OR max_upper_atr>=1.5,or,20,60,0.430487735599473,0.7637795275590551,1.3425498760474857,0.8911578145676814,0.6779813018806867,-0.09464543167870793,0.035968876671481076
slope_ratio>=1.0 AND max_upper_atr>=1.5,and,0,80,0.5251331672781809,0.727810650887574,,,0.8441234454223865,0.0,0.0
slope_ratio>=1.0 OR max_upper_atr>=2.0,or,12,68,0.45302459792089933,0.75,0.8585438165062919,0.695884812525499,0.8415786740546387,-0.0721085693572816,0.022189349112425982
slope_ratio>=1.0 AND max_upper_atr>=2.0,and,0,80,0.5251331672781809,0.727810650887574,,,0.8441234454223865,0.0,0.0
rev_days>=4 OR max_upper_atr>=1.5,or,41,39,0.5215765574497939,0.6623376623376623,1.0267324569895306,0.5286897771065678,0.6521498691594916,-0.003556609828387014,-0.06547298854991168
rev_days>=4 AND max_upper_atr>=1.5,and,9,71,0.5215765574497939,0.7371794871794872,1.2604392166357679,1.0474614257748065,0.7913510237192819,-0.003556609828387014,0.009368836291913207
rev_days>=4 OR max_upper_atr>=2.0,or,39,41,0.5215765574497939,0.6582278481012658,0.8629195575849403,0.5286897771065678,0.8262442167799573,-0.003556609828387014,-0.06958280278630824
rev_days>=4 AND max_upper_atr>=2.0,and,3,77,0.5286897771065678,0.7305389221556886,1.079216405868592,0.2320124924175859,0.8349639794309759,0.003556609828386903,0.0027282712681145904
rev_days>=5 OR max_upper_atr>=1.5,or,28,52,0.45302459792089933,0.7209302325581395,1.1836066619438121,0.6211410802438813,0.6613247903723882,-0.0721085693572816,-0.0068804183294345345
rev_days>=5 AND max_upper_atr>=1.5,and,7,73,0.5286897771065678,0.7453416149068323,0.7831774146475642,0.2320124924175859,0.8499675853596983,0.003556609828386903,0.017530964019258244
rev_days>=5 OR max_upper_atr>=2.0,or,24,56,0.49337076064393803,0.7279411764705882,0.7848794790199873,0.5586125470111524,0.8695137167377006,-0.0317624066342429,0.00013052558301418493
rev_days>=5 AND max_upper_atr>=2.0,and,3,77,0.5286897771065678,0.7305389221556886,1.079216405868592,0.2320124924175859,0.8349639794309759,0.003556609828386903,0.0027282712681145904
rev_days>=6 OR max_upper_atr>=1.5,or,21,59,0.4651649638380822,0.7272727272727273,1.2392056213319176,0.6537468435720255,0.7035009760308586,-0.05996820344009873,-0.0005379236148467248
rev_days>=6 AND max_upper_atr>=1.5,and,3,77,0.5215765574497939,0.7333333333333333,0.7167285598728758,1.0474614257748065,0.8490868825217183,-0.003556609828387014,0.005522682445759264
rev_days>=6 OR max_upper_atr>=2.0,or,16,64,0.49337076064393803,0.7236842105263158,0.7265645002946677,0.5912183103392967,0.8735131817043162,-0.0317624066342429,-0.004126440361258199
rev_days>=6 AND max_upper_atr>=2.0,and,0,80,0.5251331672781809,0.727810650887574,,,0.8441234454223865,0.0,0.0
