symbol,tb_id,bo_id,bo_idx,tb_end,first_bo_idx,burst_count,bo_drought,bo_vol_ratio,atr,m2_depth_rel,m2_depth_atr,m1_burst_runup,entry_idx,entry_date,c0_atr_pct,label,v_median20,v_median10,v_wilder20,tr_median_raw_20,tr_median_raw_10,atr_wilder_raw_20,c_close_t
ABAT,tb_255#1,bo_252#0,252,255,249,2,3.0,2.7922497696656268,0.29228975799206236,0.1814595749791607,3.1475617983129247,0.699588477770019,255,2025-09-26,0.08644209683455228,1.6232875504353261,0.07931434644591516,0.1331238366923608,0.07938079769637205,0.19499993324279785,0.5374999046325684,0.3476879029945209,4.380000114440918
ABAT,tb_255#2,bo_253#0,253,255,249,3,1.0,3.1433109724428157,0.31391190314917583,0.1814595749791607,2.9307588118337358,0.9341562469737765,255,2025-09-26,0.08644209683455228,1.6232875504353261,0.07931434644591516,0.1331238366923608,0.07938079769637205,0.19499993324279785,0.5374999046325684,0.3476879029945209,4.380000114440918
ABOS,tb_263#2,bo_261#0,261,263,254,4,4.0,1.8117173742907455,0.1311489185759032,0.11428566725075437,1.8299799413790232,0.5275591231152259,263,2025-10-08,0.08066697357531909,0.3085106619076796,0.07067997927223782,0.122797906854113,0.07227741457415246,0.10750001668930054,0.20500004291534424,0.13588153905476105,1.8799999952316284
ABOS,tb_267_269#0,bo_264#0,264,269,254,5,3.0,3.752187324733595,0.14725006161135346,0.14468082041155308,2.3089967532013342,0.7716535699146536,267,2025-10-14,0.08057346779604606,0.09655699145755355,0.07958029893572184,0.09893190187971361,0.0703743794838643,0.14000004529953003,0.19499999284744263,0.16397229882826475,2.3299999237060547
ABUS,tb_246#2,bo_237#0,237,246,235,3,1.0,3.4319509597950906,0.11532152219125749,0.14313726131845478,6.330128194655651,0.04657529683112327,246,2025-09-15,0.05138373563856201,0.0927151390738139,0.04349485312004129,0.07937674846344847,0.04462488938739531,0.16499996185302734,0.35500001907348633,0.20215075828757514,4.53000020980835
ABUS,tb_246#3,bo_240#0,240,246,235,4,3.0,3.4443325461869705,0.14540137601862302,0.14313726131845478,5.020585355258178,0.1506848491855557,246,2025-09-15,0.05138373563856201,0.0927151390738139,0.04349485312004129,0.07937674846344847,0.04462488938739531,0.16499996185302734,0.35500001907348633,0.20215075828757514,4.53000020980835
ACFN,tb_219_224#0,bo_212#0,212,224,212,1,54.0,28.11778846153846,0.7630521641995126,0.13033561193852308,5.242105569802347,0.22284121615518915,219,2025-08-06,0.06783376181846941,0.10736076060337496,0.06917495749568961,0.10401094388119873,0.057101485302703675,1.265000343322754,2.7100000381469727,1.6913460425875564,29.6200008392334
ACHR,tb_170_172#1,bo_163#0,163,172,154,3,2.0,1.5214386905539063,0.7298576224738959,0.2334770102145918,4.452923282466972,0.4375000281154,170,2025-05-27,0.07671231138834446,0.2688300480883674,0.05904162335558703,0.06940570537224454,0.07258456721544054,0.629000186920166,0.7975001335144043,0.7926234795303737,10.920000076293945
ACHR,tb_170_172#2,bo_164#0,164,172,154,4,1.0,2.600174267442869,0.7320106657887486,0.2334770102145918,4.439826018789075,0.5683963335719018,170,2025-05-27,0.07671231138834446,0.2688300480883674,0.05904162335558703,0.06940570537224454,0.07258456721544054,0.629000186920166,0.7975001335144043,0.7926234795303737,10.920000076293945
ACMR,tb_112_117#0,bo_103#0,103,117,90,3,8.0,2.3829250210614994,1.027832801757614,0.16550278883146124,4.611644776283335,0.5125858825208516,112,2025-03-04,0.07303929019197047,0.1580222837201257,0.057200398922108195,0.09234962234335413,0.06348806262939598,1.4200000762939453,2.332500457763672,1.6214851776798305,25.540000915527344
ACMR,tb_112_119#0,bo_108#0,108,119,90,4,5.0,3.8844609363086464,1.3636249993044625,0.16550278883146124,3.4760288008329803,0.5840961818763903,112,2025-03-04,0.07303929019197047,0.14736669126676735,0.057200398922108195,0.09234962234335413,0.06348806262939598,1.4200000762939453,2.332500457763672,1.6214851776798305,25.540000915527344
ACOG,tb_121_122#1,bo_119#0,119,122,118,2,1.0,3.546900309232808,0.6432027989653936,0.16589219402929845,2.2201395510002286,0.10798809430766498,121,2025-05-09,0.09309519227469981,0.5416568151245839,0.11647760739407483,0.08789839551830862,0.08653775530178577,0.5399999618530273,0.5049998760223389,0.6429755070370781,7.429999828338623
ACOG,tb_131_132#0,bo_126#0,126,132,118,3,7.0,9.709485119801139,0.6554565278983935,0.24605258292658563,4.279459021478059,0.27958569906159014,131,2025-05-23,0.11851753259248844,0.28548603445737286,0.09395420640451538,0.10401632281383505,0.09987894377117366,0.8100001811981201,0.8764996528625488,0.9128935803592413,9.140000343322754
ACOG,tb_131_132#1,bo_127#0,127,132,118,4,1.0,4.500273185341077,0.8136382303625255,0.24605258292658563,3.4474773269339454,0.47928989074222095,131,2025-05-23,0.11851753259248844,0.28548603445737286,0.09395420640451538,0.10401632281383505,0.09987894377117366,0.8100001811981201,0.8764996528625488,0.9128935803592413,9.140000343322754
ADCT,tb_177_184#0,bo_165#0,165,184,162,2,3.0,3.7433117791512016,0.1330079182001173,0.1662337356724364,4.811742602592147,0.7727271372621765,177,2025-06-05,0.08793814232201286,0.08760844679378332,0.11662330891023376,0.12682503951895324,0.07535375658593221,0.3270000219345093,0.3749999403953552,0.25921692696738335,3.440000057220459
ADNH,tb_229#0,bo_227#0,227,229,223,2,4.0,2.2848046120121497,0.5148555800690937,0.15427884704265662,1.4916806879745657,1.2193876632498202,229,2025-08-20,0.12770430100531377,0.3794642415239802,0.09737971561368106,0.20331911787661644,0.1052607930747238,0.2099999189376831,0.7649999856948853,0.4715683549824529,4.480000019073486
ADUR,tb_167#0,bo_165#0,165,167,154,3,7.0,4.11889900128866,0.4381676353869247,0.08520790685065799,1.4263947163694384,0.36982585575205795,167,2025-05-21,0.06978359483409559,0.710344774969693,0.08228098763916682,0.08634184727060466,0.06272176355578772,0.4649999141693115,0.6100001335144043,0.45473278577946097,7.25
AGMRF,tb_213_220#0,bo_200#0,200,220,197,3,2.0,7.625320017418518,0.0476852139705264,0.34180505416405366,9.927605589651115,0.9914346722893288,213,2025-07-29,0.12945048427907452,1.2585493063858397,0.1612922614024801,0.15852761619472028,0.1001680775517496,0.13989999890327454,0.16710001230239868,0.10918320787487737,1.090000033378601
AGMRF,tb_213_221#0,bo_201#0,201,221,197,4,1.0,7.33680994581977,0.061816985063325544,0.34180505416405366,7.6580893790364355,1.351177797972166,213,2025-07-29,0.12945048427907452,1.2409327057495163,0.1612922614024801,0.15852761619472028,0.1001680775517496,0.13989999890327454,0.16710001230239868,0.10918320787487737,1.090000033378601
AIFA,tb_162_164#0,bo_160#0,160,164,151,4,6.0,59.24075990642943,0.665420818358202,0.34968557072141293,7.520054265966211,0.5963302203789704,162,2025-05-14,0.11063305947610735,1.1380952140136376,0.09061902144238189,0.12955970998403982,0.089462316050642,0.6000001430511475,1.0799996852874756,0.9554575627225889,10.680000305175781
ALOT,tb_198_199#1,bo_195#0,195,199,193,2,2.0,1.2563942049722767,0.5285268130453586,0.18848582695594987,4.522003963340346,0.34086021626666874,198,2025-07-08,0.053600101352805955,0.04010933994149268,0.031532385763586766,0.07411669557293926,0.053417155455528526,0.2849998474121094,0.869999885559082,0.6255148924219418,11.710000038146973
ALT,tb_185#0,bo_182#0,182,185,180,2,2.0,2.515198044961559,0.40195137212284765,0.11163102085799197,2.077365811035901,0.2016807268184606,185,2025-06-17,0.0690604135822641,0.12191584453779569,0.06284296283918349,0.07498561242012419,0.06429404875876352,0.3574998378753662,0.47499990463256836,0.442985987363699,6.889999866485596
ALTO,tb_292_296#0,bo_288#0,288,296,284,2,4.0,2.4681606826457227,0.13148234146125945,0.11792447843683775,1.9013951076036437,0.6465517427422351,292,2025-11-18,0.07598575191666777,0.502076520080583,0.08967207292126138,0.11831406398738398,0.06607663941847104,0.12000000476837158,0.19499999284744263,0.13479634189305717,2.0399999618530273
ALTO,tb_292_296#1,bo_289#0,289,296,284,3,1.0,2.198338461338523,0.1406621735328307,0.11792447843683775,1.7773071076024587,0.6724138905545647,292,2025-11-18,0.07598575191666777,0.502076520080583,0.08967207292126138,0.11831406398738398,0.06607663941847104,0.12000000476837158,0.19499999284744263,0.13479634189305717,2.0399999618530273
ALTO,tb_296#0,bo_293#0,293,296,284,4,4.0,1.0226016281616552,0.15398223925113577,0.0995671102903732,1.4936788826558764,0.8448277297258135,296,2025-11-24,0.07611220861640963,0.4790697328847071,0.09308025006154805,0.09313722625689837,0.06727152059198734,0.18999993801116943,0.19000005722045898,0.14463377568828492,2.1500000953674316
ALXO,tb_223_226#1,bo_219#0,219,226,210,3,1.0,1.2890427103855897,0.05350814046222015,0.16527779571436,2.2239610013544717,0.38537549337275245,223,2025-08-12,0.09035818140361951,2.528935261599407,0.08394145949059292,0.0877465578973477,0.08457733701495691,0.050999999046325684,0.0585000216960907,0.052015063070790846,0.6150000095367432
ALXO,tb_233_236#0,bo_227#0,227,236,210,4,8.0,31.15356587330336,0.05360039604572749,0.13793111210615303,3.1343071028771474,0.9189724300237323,233,2025-08-26,0.09404612876340179,0.9716754876593824,0.10729489969322187,0.12737762608459322,0.0828389782985827,0.07199999690055847,0.12350001931190491,0.09112287810347611,1.100000023841858
ALYAF,tb_105_108#1,bo_102#0,102,108,101,2,1.0,7.678713858424726,0.055248290907751754,0.04430382946251475,1.2670084685328404,0.21874998253770128,105,2025-02-21,0.04574106580404954,0.009836030511854638,0.04634511746807178,0.05247459225437075,0.04230702077566892,0.0549999475479126,0.06500005722045898,0.06430667077207437,1.5199999809265137
ALYAF,tb_186#2,bo_183#0,183,186,175,4,1.0,1.1871733966745843,0.06811006086396845,0.02793293485019055,0.7341052361727536,0.2384615948919735,186,2025-06-18,0.044335092645772886,0.10674160689570833,0.033376447207861794,0.0458413230631153,0.04158056844101225,0.04999995231628418,0.07999992370605469,0.0740134106353722,1.7799999713897705
AMBO,tb_231_237#0,bo_227#0,227,237,225,2,2.0,4.5634299138606105,0.3536563990176109,0.21839076553850648,2.686222593183815,0.3571942592579094,231,2025-08-22,0.1262992656285982,0.9037350998598487,0.09467356944795523,0.11437526077674104,0.10850208383787713,0.27500009536743164,0.39250004291534424,0.37758725382532543,3.4800000190734863
AMBP,tb_151_153#0,bo_148#0,148,153,148,1,,6.875096660683754,0.10271625915943135,0.032765451535289064,1.0985649660986136,0.30434779696322534,151,2025-04-29,0.04584662696399813,0.20039459839531237,0.04102717171848999,0.03810114604572225,0.040081773051264084,0.10381308654237742,0.09252901980160932,0.13677065633676838,3.412290573120117
AMC,tb_173_174#1,bo_170#0,170,174,166,3,2.0,7.5887999509582675,0.1570833197960276,0.18627451094972405,4.838196642712386,0.38275865414196364,173,2025-05-30,0.06881916208254539,0.02887376364885008,0.0481101794224206,0.0817234936062857,0.05964964617735152,0.13499987125396729,0.2849999666213989,0.2123527369781913,3.559999942779541
AMPG,tb_207#0,bo_204#0,204,207,204,1,40.0,4.1029495059682395,0.13619455078129072,0.08317151346960847,1.8870062569179265,0.1092436882190373,207,2025-07-21,0.06119892905891687,0.532423095159688,0.0648706091673668,0.07499237126468801,0.057525565834182606,0.13949990272521973,0.1979999542236328,0.16854991173440087,2.930000066757202
AMTD,tb_249_252#2,bo_246#0,246,252,244,3,1.0,3.6438112199465715,0.07454850678800198,0.10071941520553097,1.8779716955701276,0.09649124182932711,249,2025-09-18,0.06753450868931031,0.2476862113554551,0.0631973439850897,0.08883432423123144,0.061434537913605126,0.0700000524520874,0.11250001192092896,0.08047924115151026,1.309999942779541
AMTD,tb_249_252#3,bo_247#0,247,252,244,4,1.0,0.8450460829493087,0.0842236161707856,0.10007203193126679,1.6503691540894423,0.14912277124374929,249,2025-09-18,0.06753450868931031,0.2476862113554551,0.0631973439850897,0.08883432423123144,0.061434537913605126,0.0700000524520874,0.11250001192092896,0.08047924115151026,1.309999942779541
ANIX,tb_182#0,bo_179#0,179,182,174,2,5.0,33.780651530108585,0.17872680222767187,0.08011048923230532,1.6225879847814302,0.3229572699160925,182,2025-06-12,0.06579828829989792,0.05555557027275215,0.05667378146911687,0.070672279266633,0.06032797481995222,0.15999996662139893,0.20000004768371582,0.21718070359850397,3.5999999046325684
ANIX,tb_188#0,bo_184#0,184,188,174,3,5.0,2.3142532400902964,0.23469435896160304,0.12631579607807705,2.0452132773758587,0.4591440067736854,188,2025-06-23,0.07543989913944818,0.00859598031741915,0.070672279266633,0.08317717473506506,0.06765424154821356,0.20000004768371582,0.28999996185302734,0.23611330364846647,3.490000009536743
ANIX,tb_266_269#1,bo_263#0,263,269,262,2,1.0,5.857565948970633,0.2044842946983198,0.11847392576871081,2.8853079081615087,0.36615386376014114,266,2025-10-13,0.07036742736395514,0.23283006796415895,0.054997360090340536,0.0704277222470476,0.05932102150144218,0.18500006198883057,0.2849999666213989,0.26813101605505996,4.519999980926514
ANVS,tb_296#0,bo_291#0,291,296,288,2,3.0,69.92178829651496,0.1916832310571326,0.14732144710284706,3.443181138959258,0.4360190151820664,296,2025-11-24,0.09848974396235556,0.3447432261145398,0.091395413772039,0.1472404143152063,0.08312695239771041,0.20500004291534424,0.48500001430511475,0.3399892479908019,4.090000152587891
ANVS,tb_296#1,bo_292#0,292,296,288,3,1.0,5.396760180608162,0.2965630063981009,0.14732144710284706,2.225497016120467,0.597156423273677,296,2025-11-24,0.09848974396235556,0.3447432261145398,0.091395413772039,0.1472404143152063,0.08312695239771041,0.20500004291534424,0.48500001430511475,0.3399892479908019,4.090000152587891
ANVS,tb_296#2,bo_294#0,294,296,288,4,2.0,2.4329682225847433,0.34285279472738023,0.14732144710284706,1.9250246635891892,0.8388627049029822,296,2025-11-24,0.09848974396235556,0.3447432261145398,0.091395413772039,0.1472404143152063,0.08312695239771041,0.20500004291534424,0.48500001430511475,0.3399892479908019,4.090000152587891
ANVS,tb_299#0,bo_296#0,296,299,288,5,2.0,2.1300698843634884,0.373276125860242,0.10909089175137607,1.607388908813348,0.9383887942810272,299,2025-11-28,0.09030920012409213,0.0,0.13346487122109285,0.1472404143152063,0.07662760041383275,0.35000014305114746,0.6399998664855957,0.3908007548027696,5.099999904632568
ANY,tb_271#0,bo_269#0,269,271,259,3,6.0,6.380552824250576,0.7767400606303614,0.3158730456678286,5.123979948556645,0.4189189006326146,271,2025-10-20,0.1196665829205224,0.018099529937821268,0.08539711120232263,0.11751434943844236,0.1012246356939349,0.7599997520446777,1.0850000381469727,0.8948257949800382,8.84000015258789
AP,tb_163_164#1,bo_160#0,160,164,155,3,2.0,5.133191100274307,0.15411289869526337,0.2980768789906457,6.034535955212725,0.3302324503418479,163,2025-05-15,0.08958795016375552,0.6108455576538537,0.07276484228285024,0.07276484228285024,0.08088206117881216,0.15499991178512573,0.15999996662139893,0.18279345749276404,2.259999990463257
APCX,tb_293#0,bo_289#0,289,293,282,4,5.0,3.8241864840236337,0.049292818903160895,0.12087914667109152,1.3389377197760763,1.7607360807844046,293,2025-11-19,0.1089743091611474,0.0,0.17520108578989865,0.16349863035065598,0.09598770924770697,0.0429999977350235,0.0625,0.04895373080092043,0.5099999904632568
APCX,tb_293#1,bo_290#0,290,293,282,5,1.0,3.4476637363258615,0.055700474593612874,0.12087914667109152,1.1849093751007553,2.190183883068853,293,2025-11-19,0.1089743091611474,0.0,0.17520108578989865,0.16349863035065598,0.09598770924770697,0.0429999977350235,0.0625,0.04895373080092043,0.5099999904632568
APYX,tb_263_266#1,bo_261#0,261,266,260,2,1.0,3.845274503953454,0.16311080940449982,0.07872693579718909,1.4407377166098603,0.38277522659747576,263,2025-10-08,0.06869920550377905,0.5017344438041507,0.05514728119681547,0.07318678363041256,0.065321454358813,0.13749992847442627,0.16500002145767212,0.1874725665343461,2.869999885559082
ARBB,tb_259_271#0,bo_251#0,251,271,250,2,1.0,118.93726293894531,0.36272817498092275,0.5154787723019205,19.73930016499501,1.145263069554379,259,2025-10-02,0.19503342775425497,0.21227538951760777,0.10119657323010833,0.2220820622252918,0.1383434826859382,0.5909998416900635,1.7999999523162842,1.0790791913372433,7.800000190734863
ARRY,tb_166#1,bo_161#0,161,166,160,2,1.0,3.4035724138991363,0.4945205000155305,0.16685457025574707,2.9927981125696643,0.3865546662965236,166,2025-05-20,0.08666158938425297,0.06779654483922948,0.08877780724360412,0.09706799173545208,0.07673138307602598,0.557499885559082,0.6949999332427979,0.5885297140472592,7.670000076293945
ARSMF,tb_267#0,bo_262#0,262,267,257,2,5.0,8.12015162200282,0.021063600406610875,0.39839575857187276,14.147630600540982,0.46788991076528275,267,2025-10-14,0.11833215836201717,0.014754103486559034,0.12128783835449788,0.24426089808683898,0.10411027143538157,0.02699999511241913,0.10950001329183578,0.06350726706489214,0.6100000143051147
ASLE,tb_230_233#0,bo_227#0,227,233,220,3,6.0,2.0006977110575948,0.35936083362065663,0.03090515161999891,0.7791630596590784,0.43344158156361723,230,2025-08-21,0.04138933307959812,0.020066623916005055,0.037835056161295025,0.04191096885375611,0.0375487773050107,0.28750038146972656,0.3575005531311035,0.3323066934730665,8.850000381469727
ASTI,tb_316_317#1,bo_310#0,310,317,307,2,3.0,8.04212855521183,0.35215380106558763,0.47297296687753826,9.938839193015369,0.9857144122221089,316,2025-12-23,0.16698203924266541,1.062300844224572,0.20478519735436534,0.3213102986911579,0.13495156065609407,0.534000039100647,1.040000081062317,0.6828548891978458,5.059999942779541
ATHE,tb_217_227#1,bo_211#0,211,227,206,3,1.0,3.923728200303929,0.425169181043299,0.2728571210588728,4.492329012947898,0.4208242952352177,217,2025-08-04,0.1007487757825833,0.06172446941641529,0.06783308158495582,0.07671978360221816,0.08794097099254322,0.3349999189376831,0.39999985694885254,0.45817246222583197,5.210000038146973
ATXG,tb_253#1,bo_251#0,251,253,243,3,1.0,9.50693976523048,1.1326572991539436,0.29230768252641726,5.032413434781061,0.8151260971127872,253,2025-09-24,0.11498420207330191,0.14705875936447388,0.12458931822191466,0.1392583127128804,0.10159231062061146,1.1475000381469727,1.7325000762939453,1.5543623718725508,15.300000190734863
AUST,tb_240_244#0,bo_238#0,238,244,233,2,5.0,6.433697749196141,0.08984000725870607,0.08172046690817443,1.691897343468829,0.2857142735500724,240,2025-09-05,0.05986286461185238,0.6247112729729036,0.06532825791716403,0.07493570740662683,0.05568050989794687,0.0899999737739563,0.12100005149841309,0.09966811059328201,1.7899999618530273
AUST,tb_246#0,bo_241#0,241,246,233,3,3.0,3.0164718384697133,0.10599144772486402,0.1159568759630707,2.1322470464717846,0.3357143118673447,246,2025-09-15,0.06102923213164798,0.6333334083910362,0.07030545100354882,0.08288604829814433,0.05822848380173564,0.11500000953674316,0.14000004529953003,0.10481126806657368,1.7999999523162842
AVAH,tb_225#1,bo_221#0,221,225,220,2,1.0,3.2853087473725737,0.3340498863795501,0.07550884130633473,1.7212992211942184,0.578406092777431,225,2025-08-14,0.05658073987861152,0.2652777636124761,0.03887679717095799,0.06205794038239955,0.050212514337527756,0.15050005912780762,0.38700008392333984,0.36153009365292277,7.199999809265137
AVAH,tb_225#2,bo_222#0,222,225,220,3,1.0,2.634454142223494,0.3623320387148312,0.07550884130633473,1.5869416662810847,0.7557839947344431,225,2025-08-14,0.05658073987861152,0.2652777636124761,0.03887679717095799,0.06205794038239955,0.050212514337527756,0.15050005912780762,0.38700008392333984,0.36153009365292277,7.199999809265137
BABAF,tb_246_252#0,bo_244#0,244,252,236,3,7.0,3.761964754633354,1.1391806863033869,0.008631982328261333,0.15098648272198525,0.26344434240776016,246,2025-09-15,0.058440911903778925,0.17472725165551742,0.06912488031380604,0.06197393691301152,0.053157134756493495,1.1239995956420898,1.0624990463256836,1.059209098791316,19.926000595092773
BAIDF,tb_250_251#0,bo_248#0,248,251,241,2,7.0,25.554091022133797,0.5883190530901972,0.1425351962237291,4.300387212826352,0.35851323167820914,250,2025-09-19,0.04263437034637735,0.08447666408634136,0.053591476016918466,0.09317919441505167,0.03993896605203309,0.7024998664855957,1.2824997901916504,0.6773648276772658,16.959999084472656
BALY,tb_222#2,bo_219#0,219,222,217,3,1.0,3.0396839778204616,1.253046126828138,0.12439729759779829,2.058982401738763,0.4624999245628725,222,2025-10-28,0.07497610955687657,0.007194311592171543,0.0821564125372246,0.08625741897038162,0.06387846649912488,1.0425000190734863,1.4200000762939453,1.2430748995904872,19.459999084472656
BALY,tb_222#3,bo_220#0,220,222,217,4,1.0,4.021431628132915,1.353614210490107,0.12439729759779829,1.9060083025959862,0.49296877543674733,222,2025-10-28,0.07497610955687657,0.007194311592171543,0.0821564125372246,0.08625741897038162,0.06387846649912488,1.0425000190734863,1.4200000762939453,1.2430748995904872,19.459999084472656
BBBXF,tb_189_191#1,bo_182#0,182,191,172,4,1.0,3.093169304886442,0.08547023374365202,0.17346940140881048,1.9889967447518142,0.6666667287548398,189,2025-06-24,0.16081993262484148,0.07183370512709912,0.1584114340598649,0.23921870899117084,0.13191167880069302,0.10499995946884155,0.18500003218650818,0.11344404565560769,0.8600000143051147
BCHT,tb_191_192#0,bo_187#0,187,192,187,1,96.0,19.49763440860215,0.10434039975289806,0.054794532180301926,1.9168035406933621,0.20370368244553183,191,2025-06-26,0.05512396590155491,0.05041409880893111,0.039999961853027344,0.032467501504080634,0.04872042864328996,0.09999990463256836,0.09999990463256836,0.17052150025151486,3.5
BEAT,tb_314_316#1,bo_309#0,309,316,308,2,1.0,7.094542279393456,0.2880927979640302,0.3199999928474426,4.44301273907439,0.4838709826275913,314,2025-12-19,0.18193134291991203,0.018768406877121373,0.18500576521473877,0.33224501513482474,0.131374261436163,0.23400002717971802,0.8200000524520874,0.40726019792327933,3.0999999046325684
BEAT,tb_314_316#2,bo_310#0,310,316,308,3,1.0,2.8726900990141,0.321086169538028,0.3199999928474426,3.9864687203170646,0.6967743195802725,314,2025-12-19,0.18193134291991203,0.018768406877121373,0.18500576521473877,0.33224501513482474,0.131374261436163,0.23400002717971802,0.8200000524520874,0.40726019792327933,3.0999999046325684
BEEM,tb_212#0,bo_205#0,205,212,202,2,3.0,7.663308355896985,0.13690937534893638,0.24147061063344027,5.996668212747836,0.7256097246287194,212,2025-07-28,0.09881118284538196,0.2337165356445381,0.08650735158096129,0.11935334345809612,0.08602984643234615,0.18500006198883057,0.2760000228881836,0.2245378901635334,2.609999895095825
BELGF,tb_253_255#1,bo_249#0,249,255,240,4,2.0,2.4484478574150295,0.024090149371024955,0.03126663538298773,0.9713492728250325,0.15203494319665523,253,2025-09-24,0.038025563582402354,0.254689214187429,0.041716111268850484,0.03675074352063433,0.036611154575888746,0.027649998664855957,0.0252000093460083,0.02672614353870114,0.7300000190734863
BELGF,tb_258#0,bo_256#0,256,258,240,5,7.0,2.7523956354231562,0.028317115382476055,0.02240998812067641,0.6462521554790727,0.34544228479250605,258,2025-10-01,0.042544697151748787,0.14881620983462418,0.050086289622276445,0.05584893405955774,0.03965123431104991,0.03345000743865967,0.03999999165534973,0.03165358145469056,0.79830002784729
BGDE,tb_266_267#1,bo_259#0,259,267,255,3,1.0,42.85429894811019,1.1104330089597314,0.35772357944203853,7.9248366355560895,0.8666665818956163,266,2025-10-13,0.15306561199715188,1.1363636117336184,0.15333335210406762,0.22159094617803365,0.12271946146706432,1.4000000953674316,3.3000006675720215,2.1598625686340913,17.600000381469727
BHC,tb_234#1,bo_225#0,225,234,224,2,1.0,18.203896249070073,0.32825107278121496,0.17491364528032705,4.630600263422327,0.07285717555454796,234,2025-08-27,0.05240979596787926,0.06464921477644237,0.04446844146855753,0.04493823970560505,0.04767331758989717,0.29000020027160645,0.3400001525878906,0.34658501796925606,7.269999980926514
BHC,tb_234#2,bo_226#0,226,234,224,3,1.0,3.4869388579299034,0.3476617036277402,0.17491364528032705,4.372064821142623,0.19142859322684158,234,2025-08-27,0.05240979596787926,0.06464921477644237,0.04446844146855753,0.04493823970560505,0.04767331758989717,0.29000020027160645,0.3400001525878906,0.34658501796925606,7.269999980926514
BLND,tb_244_249#0,bo_240#0,240,249,240,1,205.0,3.355168179545115,0.21065780224768924,0.08584174301465479,1.8276096340792387,0.10410961767458926,244,2025-09-11,0.06434735143657327,0.040573022323388074,0.06445036923143693,0.07012751064040701,0.057867849293750176,0.23000001907348633,0.27250003814697266,0.25114647476480884,4.340000152587891
BLND,tb_244_249#1,bo_241#0,241,249,240,2,1.0,2.786419350048217,0.2370393823518582,0.08584174301465479,1.6242036452421504,0.1972602113368358,244,2025-09-11,0.06434735143657327,0.040573022323388074,0.06445036923143693,0.07012751064040701,0.057867849293750176,0.23000001907348633,0.27250003814697266,0.25114647476480884,4.340000152587891
BLZE,tb_233_238#0,bo_231#0,231,238,220,4,7.0,2.043736241113793,0.37275063713890855,0.04531326786229418,1.0167660338000402,0.5364486754310229,233,2025-08-26,0.04753740301438851,0.3098582526768627,0.05342295063050202,0.05246939892904462,0.043115924244381626,0.38249993324279785,0.4099998474121094,0.3501012999301529,8.119999885559082
BLZE,tb_238_240#0,bo_235#0,235,240,220,5,4.0,1.1380848461593802,0.3727444969808791,0.0670520172583086,1.5560254501511992,0.5700934146291683,238,2025-09-03,0.04752087516097981,0.2633824217307548,0.053305745960024076,0.04847124089962801,0.04334300917149247,0.4100000858306885,0.38499975204467773,0.36408126050649087,8.399999618530273
BRFH,tb_89_92#0,bo_84#0,84,92,84,1,,3.437044745057232,0.24272447227924948,0.11898734757885332,1.936352046403892,0.1855669917270395,89,2025-01-29,0.08634058157491623,0.2474541854512851,0.08699027153883707,0.08417681365109883,0.0816287916043316,0.2749999761581421,0.28999996185302734,0.2881496320278721,3.5299999713897705
BRFH,tb_252#1,bo_250#0,250,252,249,2,1.0,33.60063260157397,0.24678044934300467,0.3832236764710034,9.44159040924488,0.3883160971453268,252,2025-09-23,0.10313530080937212,0.020356275003996283,0.07019485171378807,0.0867827732796077,0.08694871171439436,0.2099999189376831,0.26999998092651367,0.34170844284202256,3.930000066757202
BRNS,tb_209#0,bo_204#0,204,209,204,1,139.0,2154.2556667647923,0.07644045668545198,0.3767123270893795,14.390285871371672,0.39215684670386297,209,2025-07-23,0.16768651524465902,0.015706853991273695,0.09740359631210933,0.11036709643554338,0.12834795517098158,0.0899999737739563,0.20500004291534424,0.24514459009249961,1.909999966621399
BRNS,tb_209#1,bo_207#0,207,209,204,2,3.0,2.8885010939591615,0.22460630098020426,0.3745704471577188,4.8529361314519335,0.9313726131845477,209,2025-07-23,0.16768651524465902,0.015706853991273695,0.09740359631210933,0.11036709643554338,0.12834795517098158,0.0899999737739563,0.20500004291534424,0.24514459009249961,1.909999966621399
BTBD,tb_226#0,bo_217#0,217,226,212,2,5.0,18686.302713987472,0.12669503541032162,0.7232142895156024,31.966524490874704,1.1653543632290213,226,2025-08-15,0.22123148081966404,1.8124999580904846,0.11005092636919128,0.14123761361945458,0.1837600661522968,0.17899996042251587,0.27950000762939453,0.2940161102248563,1.600000023841858
BTCY,tb_234_235#0,bo_232#0,232,235,224,3,6.0,1.2094267078507395,0.06906243578449858,0.27111620409816223,2.746789992038462,0.3056999444961548,234,2025-08-27,0.14961309926964284,0.29083705214376243,0.14676891154394822,0.15903669577286722,0.13725789732559446,0.0700949877500534,0.09224997460842133,0.08212139724719707,0.5982999801635742
BW-PA,tb_190_202#0,bo_184#0,184,202,177,3,5.0,0.663221904057141,0.8690380887050396,0.24948652108600938,3.230128405336469,1.038526081716597,190,2025-06-25,0.10626281265795857,0.44448936405585704,0.09619441135378054,0.05979850304520298,0.09773938412274598,0.7245501772825573,0.5986867439565495,0.880258188251491,9.006176948547363
BWEN,tb_206#0,bo_203#0,203,206,203,1,40.0,10.730058199246834,0.08151368370196445,0.1387899908993675,4.784471131393573,0.1534391974906255,206,2025-07-18,0.06023218164115238,0.1882353051173511,0.04642379309960944,0.046276617146409266,0.05339462194664465,0.08500003814697266,0.08500003814697266,0.13615628341788988,2.549999952316284
BWEN,tb_206#1,bo_204#0,204,206,203,2,1.0,7.180280932858391,0.10569127465787097,0.1387899908993675,3.689991134538294,0.3650793350442705,206,2025-07-18,0.06023218164115238,0.1882353051173511,0.04642379309960944,0.046276617146409266,0.05339462194664465,0.08500003814697266,0.08500003814697266,0.13615628341788988,2.549999952316284
BZAI,tb_208_209#0,bo_206#0,206,209,193,3,8.0,147.0510707198984,0.28758337224729896,0.23202616059595296,4.937698814773121,1.046808569352518,208,2025-07-22,0.10934205089202113,0.003817589648050901,0.09732288378872331,0.09888282335569101,0.09032286725293077,0.26999998092651367,0.3474999666213989,0.4507110869188609,4.989999771118164
BZUN,tb_248#0,bo_244#0,244,248,236,2,8.0,3.5981909703133588,0.2348069530404111,0.0846311674439047,1.7588921514621616,0.39811910913666315,248,2025-09-17,0.061210303399852554,-0.006550160146491013,0.06677084440051848,0.06996510486764265,0.05362455610265309,0.28949999809265137,0.30449986457824707,0.2456004628589222,4.579999923706055
CALC,tb_204#1,bo_202#0,202,204,201,2,1.0,10.975113122171946,0.1603386999254494,0.18918919914091983,3.0560308257742643,0.4320987200086537,204,2025-07-16,0.09767854442485231,0.9496569063808233,0.09440563288089099,0.06914856306640628,0.08419095036658068,0.1400001049041748,0.11000007390975952,0.18395722173353396,2.184999942779541
CALC,tb_211_213#0,bo_207#0,207,213,201,3,5.0,7.771262729832122,0.2561390468809243,0.1497653088225615,2.4908355740047274,1.1543209872000864,211,2025-07-25,0.09889377792608205,0.0230198127293962,0.15119577937641507,0.1649535625261942,0.08161502084081768,0.3114999532699585,0.5494999885559082,0.31013707530339973,3.799999952316284
CALC,tb_211_213#1,bo_208#0,208,213,201,4,1.0,4.114508783344177,0.27570054148869905,0.1497653088225615,2.3141059006183435,1.333333308804673,211,2025-07-25,0.09889377792608205,0.0230198127293962,0.15119577937641507,0.1649535625261942,0.08161502084081768,0.3114999532699585,0.5494999885559082,0.31013707530339973,3.799999952316284
CALC,tb_305_308#0,bo_300#0,300,308,296,2,4.0,0.5003579578504631,0.3089358654851545,0.12980269835360955,2.023073620858157,0.30395137130541783,305,2025-12-08,0.07336558745753033,0.5838258231174793,0.07988302118982687,0.10244700535681085,0.07072204041443464,0.31499993801116943,0.4369999170303345,0.3118841874363298,4.409999847412109
CALC,tb_305_308#1,bo_301#0,301,308,296,3,1.0,0.7226357535082367,0.2997261485461165,0.12980269835360955,2.0852368171135263,0.39817627901786046,305,2025-12-08,0.07336558745753033,0.5838258231174793,0.07988302118982687,0.10244700535681085,0.07072204041443464,0.31499993801116943,0.4369999170303345,0.3118841874363298,4.409999847412109
CALY,tb_306_317#0,bo_297#0,297,317,285,3,7.0,1.7291027883727543,0.6322375748061243,0.15615382561316857,3.210817916973206,0.26105706613993385,306,2025-12-09,0.05369134376553957,0.4256525569958424,0.05089141317588804,0.0485557726812906,0.05071393465826497,0.565000057220459,0.5550003051757812,0.5756031777171382,11.350000381469727
CALY,tb_306_318#0,bo_298#0,298,318,285,4,1.0,2.117350873388501,0.6427920146750576,0.15615382561316857,3.1580973108345023,0.3721682458360338,306,2025-12-09,0.05369134376553957,0.4250814583456378,0.05089141317588804,0.0485557726812906,0.05071393465826497,0.565000057220459,0.5550003051757812,0.5756031777171382,11.350000381469727
CAN,tb_271_276#1,bo_268#0,268,276,245,5,1.0,3.15573941848581,0.1850335816265494,0.2027027215695245,2.431991229526889,1.3902439698089388,271,2025-10-20,0.13473687268081044,0.03680820125923338,0.18732383039400916,0.1991781834742598,0.09899743808638609,0.24000000953674316,0.32999998331069946,0.20294474335652576,2.049999952316284
CARV,tb_208_210#1,bo_206#0,206,210,200,4,1.0,6.395173176123803,0.14211312028059608,0.23124999953433872,5.2071195683807785,0.43646408112027757,208,2025-07-22,0.08914881893771033,0.46759529847121944,0.09864137455966873,0.08435791659950072,0.07674333764637346,0.1799999475479126,0.15999996662139893,0.21181161117210925,2.759999990463257
CATO,tb_241#0,bo_237#0,237,241,230,3,5.0,2.1942943956785954,0.23555599334665772,0.09349594126296716,1.952826721203439,0.5316901535558411,241,2025-09-08,0.058577796830248344,0.002118692653888754,0.06215611746593321,0.06723860870727057,0.05475936879400851,0.18500018119812012,0.2850000858306885,0.25846420921874735,4.71999979019165
CCCC,tb_205_208#0,bo_202#0,202,208,199,2,3.0,1.858326233935725,0.1857163285960899,0.20000004967053533,2.5845876984070526,0.3918129013727891,205,2025-07-17,0.098840101092572,0.5578282428116821,0.0935117716502903,0.12334227413078086,0.08916282124720966,0.14750003814697266,0.26999998092651367,0.19437495627117754,2.180000066757202
CCM,tb_154#0,bo_150#0,150,154,147,2,3.0,4.810238907849829,0.4425910560685387,0.33299999237060546,7.523875320224225,0.3065218159742318,154,2025-05-02,0.13641420314489225,0.39420286269529514,0.102749654922595,0.1627002174786763,0.11580073947373277,0.4499998092651367,0.9699997901916504,0.7990251134123753,6.900000095367432
CEPU,tb_280#2,bo_278#0,278,280,268,4,1.0,2.1551797807616246,0.9697142540408861,0.08202882891124852,1.3509138533932137,0.6112993914372766,280,2025-10-31,0.06911138118067948,0.18913880208334932,0.08412081102155256,0.08412081102155256,0.05989110147454609,0.8689999580383301,1.0199999809265137,0.9319055640752435,15.5600004196167
CEPU,tb_286_293#0,bo_280#0,280,293,268,5,2.0,2.393592395497868,0.9827638588439921,0.12938338443428318,2.1775335730338274,0.7581920620248197,286,2025-11-10,0.07112233138775123,0.24904865020327802,0.06719559439353016,0.06951405986123607,0.06376129760991421,0.882500171661377,1.0425000190734863,0.948130488162523,14.869999885559082
CGEN,tb_84_86#0,bo_78#0,78,86,78,1,,9.132709842761642,0.10178755256809599,0.0816326709351701,1.9648772628648827,0.21341465054559694,84,2025-01-22,0.07017165741422834,0.09640678378464347,0.07209119967217259,0.09989162974792892,0.061315888657687806,0.12000000476837158,0.20500004291534424,0.14593182202234356,2.380000114440918
CGEN,tb_84_86#1,bo_81#0,81,86,78,2,3.0,5.030266029650528,0.1305784445144176,0.0816326709351701,1.5316467310317297,0.2926828683238163,84,2025-01-22,0.07017165741422834,0.09640678378464347,0.07209119967217259,0.09989162974792892,0.061315888657687806,0.12000000476837158,0.20500004291534424,0.14593182202234356,2.380000114440918
CGTX,tb_202_206#1,bo_197#0,197,206,196,2,1.0,30.74065455254409,0.035126451978454855,0.4519230636971937,13.380228931002302,0.7283581545156967,202,2025-07-14,0.16264757512714867,5.153922590837511,0.123039193658222,0.19414994122164403,0.1271249483824424,0.0364999920129776,0.09600001573562622,0.07691059619609361,0.6050000190734863
CGTX,tb_202_207#0,bo_200#0,200,207,196,3,3.0,108.91219898222127,0.05628017861856779,0.4519230636971937,8.351074579754865,1.0895521511716093,202,2025-07-14,0.16264757512714867,5.040173584967108,0.123039193658222,0.19414994122164403,0.1271249483824424,0.0364999920129776,0.09600001573562622,0.07691059619609361,0.6050000190734863
CHPGF,tb_179#0,bo_177#0,177,179,170,2,7.0,6.1136412002553735,0.0530942235780807,0.1339285495710009,2.8251656404307557,0.4383560614819446,179,2025-06-09,0.06896809566976508,0.45714289606834124,0.05988240250155062,0.06700878527490536,0.06613315314892275,0.050000011920928955,0.05500000715255737,0.06943980765289441,1.0499999523162842
CLF,tb_274_278#0,bo_271#0,271,278,255,4,8.0,3.0826163684959336,0.6677624302474241,0.23592816491369534,5.900302795707959,0.3405137294339773,274,2025-10-23,0.0762293770473107,0.07494336111624567,0.049505828865885046,0.05510254613569619,0.06616851237654195,0.6449999809265137,0.7549996376037598,0.8641607994030507,13.0600004196167
CLIR,tb_253_259#1,bo_251#0,251,259,250,2,1.0,4.07338128802475,0.6729900569716606,0.20000002119276258,2.6746311807852767,0.6799999237060548,253,2025-09-24,0.1321111955294192,0.42803528066219687,0.05217789164309378,0.10901959922303608,0.10361501410758144,0.3000001907348633,0.5499999523162842,0.7874740973361212,7.599999904632568
CLLS,tb_216_226#0,bo_209#0,209,226,202,2,7.0,9.375022945603622,0.14223078126643426,0.11290319851608271,2.460788737263068,0.4654087262847555,216,2025-08-01,0.10509523610704806,0.47966610625507167,0.10471459293344915,0.17676138097144486,0.08222367744232725,0.2420000433921814,0.434999942779541,0.24255985237559585,2.950000047683716
CLNN,tb_233_235#1,bo_229#0,229,235,227,2,2.0,4.408851529268786,0.27170015610306475,0.09106829727715128,1.9138744282843205,0.5524862053113337,233,2025-08-26,0.08038399234025732,1.0519622197924516,0.0661801238213117,0.08704569727967598,0.07118397293205075,0.24500000476837158,0.44499993324279785,0.3829697825207923,5.380000114440918
CLNN,tb_239_240#0,bo_237#0,237,240,227,3,8.0,2.4545318898486332,0.4107699080881528,0.12018486293980331,1.898872623366073,0.7651933890872784,239,2025-09-04,0.08797607068857109,0.9866257233247409,0.07381836954537918,0.09954567423251649,0.07568816252073157,0.3900001049041748,0.5799999237060547,0.4503445525619815,5.949999809265137
CLNN,tb_246_257#0,bo_241#0,241,257,227,4,4.0,3.300072612852475,0.4969993464697473,0.1746478574329411,2.4949726391514355,0.8314918022205859,246,2025-09-15,0.09191020340514895,1.196710085873044,0.09237750909941304,0.10487748605225355,0.07753015760105855,0.5350000858306885,0.6349999904632568,0.48456348500661595,6.25
CLPT,tb_257#1,bo_253#0,253,257,251,2,2.0,29.622696462613852,0.6140493465183932,0.06029470794649678,2.1985178907452125,0.7214286620519614,257,2025-09-30,0.06512708789662158,0.3813675592836143,0.06052942573780484,0.0718441599890269,0.05488881976255648,0.6549997329711914,1.4349994659423828,1.1960274328783211,21.790000915527344
CLPT,tb_257#2,bo_255#0,255,257,251,3,2.0,2.8221357731993186,1.2753792581760306,0.06029470794649678,1.058507471771008,0.9241071075048977,257,2025-09-30,0.06512708789662158,0.3813675592836143,0.06052942573780484,0.0718441599890269,0.05488881976255648,0.6549997329711914,1.4349994659423828,1.1960274328783211,21.790000915527344
CLYM,tb_313_314#1,bo_309#0,309,314,307,2,2.0,13.490980027203092,0.14192357564146738,0.16182576390645564,5.495917124994196,0.5789473882342313,313,2025-12-18,0.09478960574674973,0.4366810734858484,0.07790938783662718,0.12282119516874843,0.0788034311590245,0.14400005340576172,0.4025000333786011,0.3451590374948643,4.380000114440918
CLYM,tb_313_314#2,bo_311#0,311,314,307,3,2.0,5.3447041503796475,0.3153830985028346,0.12931032799512063,1.9024478720668532,1.431578917648653,313,2025-12-18,0.09478960574674973,0.4366810734858484,0.07790938783662718,0.12282119516874843,0.0788034311590245,0.14400005340576172,0.4025000333786011,0.3451590374948643,4.380000114440918
CMBMF,tb_209#2,bo_206#0,206,209,202,3,3.0,1.2000798595465674,0.07921053353904313,0.2885906469832129,5.428571776318786,1.1222272039670145,209,2025-07-23,0.13236287197996266,0.09009011040820591,0.11416874230517776,0.17136210119542508,0.11236499973628858,0.05419999361038208,0.14485004544258118,0.12472515131467454,1.1100000143051147
CMP,tb_161_163#0,bo_158#0,158,163,146,4,8.0,3.4739912184567956,0.5590540590811439,0.04709969059722518,1.699300358360452,0.5685588981355043,161,2025-05-13,0.04481144375029403,0.15454685423850875,0.046396476024055104,0.05259509069808631,0.0408662996884104,0.5999999046325684,0.8000001907348633,0.8062920741452299,19.729999542236328
CMPX,tb_87#0,bo_80#0,80,87,76,2,4.0,2.64185424707703,0.22966492990779644,0.19143495908290603,2.6081473447090806,0.7272728106358699,87,2025-01-27,0.10663561057343604,0.4468085178336678,0.11853151822872662,0.13810288067986787,0.09082750378243735,0.2800000309944153,0.32200008630752563,0.2561335546030833,2.819999933242798
CNET,tb_251_259#0,bo_248#0,248,259,245,2,3.0,0.7153806847215126,0.1993491782502881,0.17446802725560726,2.0566919362834986,0.22754491317173464,251,2025-09-22,0.104019939404646,0.14946458370745344,0.08358689793784299,0.1376453497100655,0.08872217258274423,0.125,0.25,0.19341434215322642,2.180000066757202
CNET,tb_253_259#0,bo_251#0,251,259,245,3,3.0,0.28627652292950034,0.21740166442760714,0.08695654427396825,0.9199563775663461,0.30538929507690615,253,2025-09-24,0.09734054788359828,0.1363377410318695,0.08788941594405367,0.1376453497100655,0.08510378963954299,0.1600000262260437,0.25,0.18978145251940684,2.2300000190734863
CNTB,tb_298_299#1,bo_291#0,291,299,290,2,1.0,18.705351038653696,0.1803411734421226,0.17682924657475,3.2161259275170218,0.482142909094186,298,2025-11-26,0.1037189148028407,0.024835643595875312,0.10120456944114034,0.13851627631382452,0.09032498298001676,0.17750000953674316,0.38999998569488525,0.2556196949421981,2.8299999237060547
CNTB,tb_298_299#2,bo_293#0,293,299,290,3,2.0,10.73448516801118,0.2155339513110568,0.17682924657475,2.690991002475539,0.875000115306608,298,2025-11-26,0.1037189148028407,0.024835643595875312,0.10120456944114034,0.13851627631382452,0.09032498298001676,0.17750000953674316,0.38999998569488525,0.2556196949421981,2.8299999237060547
COCH,tb_164_166#0,bo_162#0,162,166,159,2,3.0,5.019820819789106,0.13588171228409043,0.16230363779948137,2.2813956165890694,0.11842109803677991,164,2025-05-16,0.08690069353606611,0.058921210312226746,0.09035714542683286,0.07777538653634891,0.0831380193787002,0.13100004196166992,0.12999999523162842,0.13967186819545369,1.6799999475479126
COE,tb_183_187#2,bo_179#0,179,187,175,3,2.0,6.984566929133858,1.2122615679103237,0.16098243735290557,4.244132361041439,0.39102246637976834,183,2025-06-13,0.06832735636967463,0.47370325893694804,0.046867859512519046,0.07692680198097443,0.060254273755935235,1.0375003814697266,1.984999656677246,1.6588001978742235,27.530000686645508
COHN,tb_296_299#1,bo_288#0,288,299,286,2,2.0,1.1349802101815205,0.607307451579023,0.1566255776887068,3.62937467622804,0.36924681866662623,296,2025-11-24,0.06397871542807596,1.1896976815945137,0.06903626527569043,0.06903626527569043,0.054461868737875,0.6886730836016879,0.8732914364947639,0.6822943375446273,12.52792739868164
COHN,tb_296_299#2,bo_290#0,290,299,286,3,2.0,2.4695794201714985,0.6069491471965699,0.1566255776887068,3.6315172294519193,0.45502091683615475,296,2025-11-24,0.06397871542807596,1.1896976815945137,0.06903626527569043,0.06903626527569043,0.054461868737875,0.6886730836016879,0.8732914364947639,0.6822943375446273,12.52792739868164
COOT,tb_274#1,bo_268#0,268,274,263,3,1.0,108.40125452916196,0.11413738149302442,0.6444444391462538,25.40797710814294,2.707865251313102,274,2025-10-23,0.21633780329411922,0.1271676451934678,0.15184116054360075,0.17724490918129168,0.17031434349839672,0.13899999856948853,0.3049999475479126,0.2946438175007146,1.7300000190734863
COSM,tb_215#1,bo_213#0,213,215,210,2,3.0,4.630569168188078,0.05293525276980416,0.11458328870745897,2.0780094350133567,0.7157464198969328,215,2025-07-31,0.08226790129962094,0.38378373502030594,0.07516629887942017,0.11872153837258759,0.07018105435683902,0.03399999439716339,0.09400001168251038,0.06491747611669946,0.925000011920929
CPIX,tb_321_323#1,bo_312#0,312,323,310,2,2.0,6.915638895036516,0.23069813162932537,0.18082789979049324,2.7898917834902752,0.5375495199937488,321,2025-12-31,0.08682365540668403,0.35175881506384976,0.09672657882076266,0.09326561336690134,0.08118120458869199,0.2442665061182493,0.2985478795035472,0.25054853683315004,3.086287498474121
CPIX,tb_321_323#2,bo_313#0,313,323,310,3,1.0,4.50841426885722,0.2457915467461687,0.18082789979049324,2.6185718362555743,0.7312254222909029,321,2025-12-31,0.08682365540668403,0.35175881506384976,0.09672657882076266,0.09326561336690134,0.08118120458869199,0.2442665061182493,0.2985478795035472,0.25054853683315004,3.086287498474121
CPPKF,tb_198_199#0,bo_195#0,195,199,191,2,4.0,17.758389261744966,0.025450485778673013,0.10146699560463118,3.261234579698543,0.180327888074596,198,2025-07-08,0.037704804439094096,0.3090620673375013,0.02721868834114449,0.07321873279013136,0.036541507209182145,0.015999972820281982,0.05050000548362732,0.028831248264554243,0.7889999747276306
CRCT,tb_160_166#1,bo_158#0,158,166,157,2,1.0,3.2154987202720124,0.27544671327197856,0.07066869183532015,1.4261108807911342,0.2682445680315768,160,2025-05-12,0.05501914665960297,0.1741248349121189,0.04891242193851474,0.05160244391873202,0.05071402395362884,0.19218490050642667,0.22175188158648496,0.26776021490664326,5.279806137084961
CREX,tb_175_178#1,bo_169#0,169,178,163,4,2.0,8.310222266720064,0.20060522022897048,0.28020568719618105,5.433558266049937,0.6649215300156825,175,2025-06-03,0.11308903110483946,0.219277836442561,0.13248627972439087,0.17082912940514705,0.09645578752175454,0.3199999928474426,0.5350000858306885,0.304800296847611,3.1600000858306885
CRLBF,tb_240_243#0,bo_231#0,231,243,222,3,8.0,1.268256331577396,0.13995522866570748,0.3148148080012981,3.6440224157785934,0.6546184424914903,240,2025-09-05,0.155205275084847,0.27003218075347263,0.1619565323009125,0.1461907742478949,0.13015729079786387,0.19500002264976501,0.20850002765655518,0.15618875516381991,1.2000000476837158
CRLBF,tb_240_243#1,bo_235#0,235,243,222,4,4.0,2.422944968770814,0.14217906650433346,0.3148148080012981,3.5870258752030324,0.9812584479811819,240,2025-09-05,0.155205275084847,0.27003218075347263,0.1619565323009125,0.1461907742478949,0.13015729079786387,0.19500002264976501,0.20850002765655518,0.15618875516381991,1.2000000476837158
CTMX,tb_258_270#2,bo_256#0,256,270,253,3,2.0,2.2197546752421258,0.20265857002273632,0.08464844957111678,1.4556494592963432,0.5308057723513757,258,2025-10-01,0.06660530119866104,0.383495461460705,0.05970241199004807,0.07720520976044556,0.06092847101331427,0.1350001096725464,0.23749995231628418,0.204110372084011,3.3499999046325684
CTOR,tb_185#2,bo_181#0,181,185,178,3,2.0,0.3158565258039189,0.10089372979114201,0.1907894509816101,2.8743110444360633,0.4639174383522082,185,2025-06-17,0.07865818971559879,3.2689654163174655,0.07889419018711058,0.10183675935109761,0.07734005316622256,0.0729999840259552,0.12550002336502075,0.11214308077888382,1.4500000476837158
CTOR,tb_189_190#0,bo_187#0,187,190,178,4,6.0,13.710939120921957,0.12704895986938738,0.30903794768735027,8.343241710029368,1.7113402441946923,189,2025-06-24,0.11369648239434782,1.2849106336332095,0.1048413194247072,0.17395582927425754,0.09926438795472087,0.11550003290176392,0.24950003623962402,0.2640432804794883,2.6600000858306885
CXDO,tb_108#0,bo_104#0,104,108,97,2,7.0,5.258121960177631,0.262791174270805,0.08603668834784874,2.3212352363318036,0.1790540420808786,108,2025-02-26,0.05372402937209238,0.10044978540183425,0.049676302556905916,0.05023798297328787,0.050041550579728845,0.3000001907348633,0.33050036430358887,0.3337771461846587,6.670000076293945
DBI,tb_309_311#1,bo_306#0,306,311,298,3,2.0,15.669681372443184,0.27194895772798205,0.07085712977818086,2.240832958856467,0.8330612569054034,309,2025-12-12,0.06210663727416082,0.02240441593364939,0.06363793021476005,0.076328881457645,0.053403969228583634,0.23825201537251028,0.4914454261399537,0.4351443395327966,8.148164749145508
DBVT,tb_266_273#0,bo_260#0,260,273,259,2,1.0,7.244435596257217,0.7555634356000791,0.13191989584842756,2.964674659433625,0.2810327715462215,266,2025-10-13,0.0712772320672929,0.3696716178150884,0.08345726621383037,0.11911405890898062,0.061782288118735436,0.8015003204345703,1.7850003242492676,1.0147740352140844,16.424999237060547
DBVT,tb_266_273#1,bo_263#0,263,273,259,3,3.0,4.310421286031042,0.9525557214421335,0.13191989584842756,2.3515682292337594,0.5769613302573311,266,2025-10-13,0.0712772320672929,0.3696716178150884,0.08345726621383037,0.11911405890898062,0.061782288118735436,0.8015003204345703,1.7850003242492676,1.0147740352140844,16.424999237060547
DCTH,tb_170_174#2,bo_164#0,164,174,158,3,5.0,1.1871383647798743,0.8646735001170072,0.11574321206725,2.440225938134343,0.472868293465885,170,2025-05-27,0.05877687752830095,0.05625657940399997,0.04613505121926987,0.05378043256690075,0.055636639106025135,0.7049989700317383,0.877500057220459,0.9129972392403951,16.40999984741211
DCTH,tb_170_174#3,bo_165#0,165,174,158,4,1.0,1.3138799734381053,0.8862682370296875,0.11574321206725,2.3807675992931365,0.5590009402851182,170,2025-05-27,0.05877687752830095,0.05625657940399997,0.04613505121926987,0.05378043256690075,0.055636639106025135,0.7049989700317383,0.877500057220459,0.9129972392403951,16.40999984741211
DDC,tb_183_193#0,bo_173#0,173,193,160,4,2.0,3.1186970390179463,0.7388257517398401,0.34380850541524727,5.967578128328478,2.1707317356833524,183,2025-06-13,0.1779259670964953,0.9985826323891916,0.21324004234892174,0.2370446861619342,0.13111509643770505,1.8620002269744873,2.6374998092651367,1.4435772417889967,11.010000228881836
DDC,tb_183_194#0,bo_174#0,174,194,160,5,1.0,3.919265794931143,0.8331953368141045,0.34380850541524727,5.291676755642014,3.3373983377379393,183,2025-06-13,0.1779259670964953,0.9884079517411409,0.21324004234892174,0.2370446861619342,0.13111509643770505,1.8620002269744873,2.6374998092651367,1.4435772417889967,11.010000228881836
DDL,tb_315_317#1,bo_312#0,312,317,304,3,1.0,9.873142329570838,0.11557293703901651,0.1620000203450521,4.20513723616011,0.44615377655631394,315,2025-12-22,0.06741806391493008,0.27635282554086843,0.06022073320803447,0.07087490877971415,0.05871246099535496,0.11750006675720215,0.16800010204315186,0.1514781448886105,2.5799999237060547
DOMO,tb_173_174#0,bo_168#0,168,174,160,2,8.0,12.291226306530337,0.40222733810898853,0.07153613165416753,2.3618479383609734,0.3247864392395896,173,2025-05-30,0.05427861437377306,0.288622589236846,0.04333899131190549,0.046786539006114874,0.048689173377198636,0.39499998092651367,0.49450063705444336,0.6183524926036998,12.699999809265137
DOUG,tb_177_187#0,bo_169#0,169,187,161,3,5.0,26.43724338803823,0.12757543421701806,0.1937500358559186,4.859870772009143,0.5343915964640633,177,2025-06-05,0.07420346217035718,0.13054860105844898,0.06153577322157469,0.06078358533197961,0.06617967947964834,0.15999996662139893,0.17250001430511475,0.1773615454234278,2.680000066757202
DOUG,tb_177_187#1,bo_170#0,170,187,161,4,1.0,3.4896814962820053,0.1977486270239742,0.16206562945679745,2.523406002807551,0.5873015993156252,177,2025-06-05,0.07420346217035718,0.13054860105844898,0.06153577322157469,0.06078358533197961,0.06617967947964834,0.15999996662139893,0.17250001430511475,0.1773615454234278,2.680000066757202
DRIO,tb_259#0,bo_256#0,256,259,254,2,2.0,6.832076855107067,1.4600241292405336,0.0845356201452311,1.0273802808863581,0.6355578905162014,259,2025-10-02,0.09490059046339044,0.027214782912365454,0.12016021429138923,0.1401055496781618,0.08447714254070134,1.1499996185302734,1.3380000591278076,1.458920290348479,17.270000457763672
DRIO,tb_259#1,bo_257#0,257,259,254,3,1.0,2.3447151572270974,1.632093797237722,0.0845356201452311,0.9190648249130733,0.8091762362264172,259,2025-10-02,0.09490059046339044,0.027214782912365454,0.12016021429138923,0.1401055496781618,0.08447714254070134,1.1499996185302734,1.3380000591278076,1.458920290348479,17.270000457763672
DRSHF,tb_179_181#1,bo_177#0,177,181,176,2,1.0,3.2883678742654174,0.06105162498494284,0.2,4.094895100034725,0.23497264342294022,179,2025-06-09,0.08306083968497921,1.7780580161957282,0.07273601904001757,0.08797152138550654,0.08332575871613256,0.0599999725818634,0.07649996876716614,0.0849922723011425,1.0199999809265137
DRSHF,tb_187#0,bo_185#0,185,187,176,3,8.0,3.3503452662184263,0.09323110988255082,0.1015151951650159,1.4372891528515892,0.3879780886816775,187,2025-06-20,0.07791509489319957,1.3035020350464186,0.07807422519921828,0.08007960581056572,0.06897236431998643,0.07899993658065796,0.09700000286102295,0.08862948584898153,1.284999966621399
DRTTF,tb_280#1,bo_277#0,277,280,274,2,3.0,1.8677347242921014,0.026206731070344328,0.06145255349704021,1.67895909817209,0.1376000404357911,280,2025-10-31,0.03767588867375748,0.09195404070689062,0.03825083497881733,0.03552549426524947,0.03703261941977073,0.025000005960464478,0.025000005960464478,0.02577470237450221,0.6959999799728394
DRTTF,tb_285_301#0,bo_281#0,281,301,274,3,4.0,0.5780100088313217,0.025503917743713418,0.12105264313663487,3.60728922332225,0.21599998474121085,285,2025-11-07,0.05908604718417886,0.06038976607222611,0.05099265911198542,0.0471789925886176,0.05075970913077758,0.03200000524520874,0.03200000524520874,0.034973440123596294,0.6890000104904175
DVLT,tb_267_274#0,bo_255#0,255,274,252,3,1.0,11.420008880276297,0.11421260022012517,0.45806451637712653,12.432953582598152,1.6585366899665104,267,2025-10-14,0.18847884061169987,0.9275818701868866,0.2441019795305701,0.23815231783544275,0.12763144737519286,0.3399999737739563,0.39499998092651367,0.2795128770548024,2.190000057220459
DVLT,tb_267_274#1,bo_256#0,256,274,252,4,1.0,4.704077849668624,0.1453402724844683,0.45806451637712653,9.770175415326838,1.8048780150955306,267,2025-10-14,0.18847884061169987,0.9275818701868866,0.2441019795305701,0.23815231783544275,0.12763144737519286,0.3399999737739563,0.39499998092651367,0.2795128770548024,2.190000057220459
DVLT,tb_267_274#2,bo_258#0,258,274,252,5,2.0,3.074226103583452,0.15460462761778676,0.45806451637712653,9.184718329358011,2.3170732345558367,267,2025-10-14,0.18847884061169987,0.9275818701868866,0.2441019795305701,0.23815231783544275,0.12763144737519286,0.3399999737739563,0.39499998092651367,0.2795128770548024,2.190000057220459
DVLT,tb_267_274#3,bo_261#0,261,274,252,6,3.0,4.103272001425535,0.1819738940103616,0.45806451637712653,7.803316870296796,4.073170589875918,267,2025-10-14,0.18847884061169987,0.9275818701868866,0.2441019795305701,0.23815231783544275,0.12763144737519286,0.3399999737739563,0.39499998092651367,0.2795128770548024,2.190000057220459
EH,tb_102_104#0,bo_99#0,99,104,95,3,3.0,4.360062763020483,1.0166237805598706,0.15490593329625027,4.534618113903221,0.48143785544319884,102,2025-02-18,0.06448616188748835,0.08766386944259434,0.04998547911499511,0.08608191566210374,0.056634247135324,0.9399995803833008,1.8949995040893555,1.4917460781861345,26.34000015258789
ELA,tb_236_237#0,bo_232#0,232,237,224,3,5.0,3.286595722555375,0.361929468846398,0.060802042565581305,1.2985949767774152,0.15419843093643681,236,2025-08-29,0.04974293559965051,0.21256603923184525,0.05203427341847597,0.05058157271791487,0.04652110055506624,0.36999988555908203,0.36999988555908203,0.34751261138582945,7.46999979019165
ELVA,tb_170_172#0,bo_163#0,163,172,163,1,111.0,3.2113424088883464,0.14272525398021868,0.1133721216328401,2.732523460481827,0.037930997061532246,170,2025-05-27,0.05567344473332155,0.49544059508661387,0.05223952649067423,0.056260951049491366,0.05308958663116136,0.1400001049041748,0.1650000810623169,0.16617041223115608,3.130000114440918
EMBC,tb_228_230#1,bo_223#0,223,230,221,2,2.0,1.2786344064909982,0.6023522780505167,0.05203940974913407,1.1794206693129847,0.2857142857142858,228,2025-08-19,0.04600403293939495,0.13975963564540414,0.041481601675883314,0.04383606734965492,0.04319099301207752,0.4756975741575449,0.5136189867954686,0.5655811222095063,13.09488582611084
EMBC,tb_228_230#2,bo_224#0,224,230,221,3,1.0,1.737075190581525,0.6025287253531791,0.05203940974913407,1.179075282301465,0.34555979113833746,228,2025-08-19,0.04600403293939495,0.13975963564540414,0.041481601675883314,0.04383606734965492,0.04319099301207752,0.4756975741575449,0.5136189867954686,0.5655811222095063,13.09488582611084
EMBC,tb_234_239#0,bo_231#0,231,239,221,4,7.0,1.2723753547744296,0.5665488236101659,0.04245282544037524,1.0675556780835662,0.3880310331549095,234,2025-08-27,0.04199360171461062,0.07631271229899661,0.03996222994884523,0.0337608133871139,0.03958674163372368,0.4776174907571935,0.4392167244573999,0.5544883553681985,14.00692081451416
EPOW,tb_260_262#0,bo_257#0,257,262,254,3,2.0,83.20813689896171,0.1626130479252163,0.18867928630674408,1.8448708474091204,0.7283950272065769,260,2025-10-03,0.14753397590147813,0.10459972111313716,0.11309017218773854,0.12882026017437906,0.12011933024404675,0.09549999237060547,0.17500001192092896,0.1597587143795446,1.3300000429153442
EQ,tb_224_225#0,bo_222#0,222,225,216,2,6.0,73.08214393459758,0.1289410637460196,0.27199997901916506,2.6368634157049295,1.2820513290766447,224,2025-08-13,0.191469385770082,1.4624203190696703,0.16442307255669908,0.24721407348483349,0.1570458506889017,0.07500003278255463,0.16499999165534973,0.14605264226395803,0.9300000071525574
EQ,tb_233_234#0,bo_230#0,230,234,216,3,8.0,0.6258901109495647,0.20316022340803808,0.22123893898668096,2.4611116861974143,3.0,233,2025-08-26,0.13512985862933485,0.2177472952350672,0.24954508710127443,0.25316587867886653,0.11752058981490543,0.25,0.29499998688697815,0.22916515574288399,1.9500000476837158
ERAS,tb_262_272#0,bo_257#0,257,272,249,2,8.0,4.207816356467303,0.13445431354343967,0.16446122718956144,3.2352992724104808,0.30538929507690615,262,2025-10-07,0.07661543988860202,0.4550287091176821,0.08405065753504509,0.10233571475377956,0.06886051711751213,0.14749997854232788,0.22249996662139893,0.17077408376484024,2.4800000190734863
EU,tb_271#0,bo_268#0,268,271,252,5,6.0,3.5690955368023447,0.23799885924870146,0.25598085578584306,4.495819587625338,0.4034482889027995,271,2025-10-20,0.08937355978097415,0.0338461215679462,0.0815978043155583,0.0924296414978889,0.08120375997928284,0.26999998092651367,0.32000017166137695,0.2639122199326692,3.25
EVGO,tb_158#0,bo_156#0,156,158,156,1,,6.003551594931673,0.17338577041457762,0.12124847074372172,2.91257970486764,0.32490978395833725,158,2025-05-08,0.07191819112176735,0.2532637823371544,0.0621289991053318,0.06477735226484596,0.06557013369617046,0.1625000238418579,0.18000006675720215,0.25113360705372867,3.8299999237060547
FBIO,tb_243_245#0,bo_235#0,235,245,226,3,8.0,3.4310068349907628,0.13145375291560213,0.1202046082590755,3.5754021333417985,0.23469389244597516,243,2025-09-10,0.06900177156231813,0.08812667881419271,0.08564196034854356,0.09580336345951246,0.058515408867898376,0.21000003814697266,0.29499995708465576,0.22586947209157704,3.859999895095825
FBRX,tb_296_299#1,bo_294#0,294,299,292,2,2.0,3.271056974192341,1.4766938308212134,0.16984996131092012,2.5292992578390256,0.4120082406939749,296,2025-11-24,0.09437770799712437,0.8550962323821043,0.11180722691200344,0.0908397570589436,0.08282308207670824,1.3410000801086426,1.326000690460205,1.5786079001497613,19.059999465942383
FCCN,tb_319_332#0,bo_312#0,312,332,312,1,47.0,3.9438705662725573,0.11349442521734762,0.11264368282282342,4.317392758264277,0.45581394214124704,319,2025-12-29,0.0883297224102623,0.05558417350994945,0.07371868599479253,0.15071532760516212,0.072614839789491,0.19749993085861206,0.6099997758865356,0.299173131622594,4.119999885559082
FCCN,tb_319_333#0,bo_313#0,313,333,312,2,1.0,6.564377682403434,0.1761019669544473,0.11264368282282342,2.782478912705686,0.6976743876579468,319,2025-12-29,0.0883297224102623,0.05558417350994945,0.07371868599479253,0.15071532760516212,0.072614839789491,0.19749993085861206,0.6099997758865356,0.299173131622594,4.119999885559082
FCCN,tb_319_335#0,bo_315#0,315,335,312,3,2.0,4.100343718815833,0.28659303962506705,0.11264368282282342,1.7097414863172586,0.9116278842824943,319,2025-12-29,0.0883297224102623,0.05558417350994945,0.07371868599479253,0.15071532760516212,0.072614839789491,0.19749993085861206,0.6099997758865356,0.299173131622594,4.119999885559082
FCEL,tb_255#0,bo_249#0,249,255,244,2,5.0,2.7708701426625897,0.5114581557306427,0.24090464776034698,4.790226255366583,0.46140354428888775,255,2025-09-26,0.09069521720287418,0.5177214716932867,0.09273121981325744,0.11856741888932229,0.07872058298125975,0.7350001335144043,0.8799998760223389,0.6218926130593319,7.900000095367432
FCEL,tb_255#1,bo_251#0,251,255,244,3,2.0,3.067429355598053,0.532685852831612,0.24090464776034698,4.599334247528379,0.684210649597792,255,2025-09-26,0.09069521720287418,0.5177214716932867,0.09273121981325744,0.11856741888932229,0.07872058298125975,0.7350001335144043,0.8799998760223389,0.6218926130593319,7.900000095367432
FEAM,tb_270_271#2,bo_266#0,266,271,262,3,1.0,5.144242409568544,0.60431157692689,0.2828418395073518,3.4915765543404005,0.5427927514309141,270,2025-10-17,0.13197518117848847,0.02925768438118459,0.1427496908699079,0.1794484172436988,0.10889944934123193,0.6345000267028809,1.1449999809265137,0.7013124599888101,6.440000057220459
FKWL,tb_270_287#0,bo_267#0,267,287,265,2,2.0,0.356897789834836,0.173701811506499,0.06923067546816128,2.056510358614707,0.09606993588986268,270,2025-10-17,0.039008263049031926,0.04568010388947492,0.042142500832750195,0.04659084134147082,0.035266110547313385,0.19845540931209182,0.20837840465452073,0.1746189839053062,4.951467037200928
FKWL,tb_270_288#0,bo_268#0,268,288,265,3,1.0,3.2402866242038217,0.17546992563224487,0.06923067546816128,2.0357880325425453,0.10262018263761252,270,2025-10-17,0.039008263049031926,0.04451749196822828,0.042142500832750195,0.04659084134147082,0.035266110547313385,0.19845540931209182,0.20837840465452073,0.1746189839053062,4.951467037200928
FLUX,tb_199_200#1,bo_197#0,197,200,195,2,2.0,12.442938400096818,0.1452684403793804,0.1897233298424958,3.304227799375605,0.45121959463462247,199,2025-07-09,0.09157038017267519,0.030683281163704557,0.09794521155431846,0.10027936155430638,0.08385743988661039,0.1524999737739563,0.18750005960464478,0.17861635655520253,2.130000114440918
FLUX,tb_258_259#0,bo_253#0,253,259,246,3,6.0,1.5249600561162853,0.3010574977684722,0.24791671840680765,3.952734293148899,0.8287293079670008,258,2025-10-01,0.11694069702085136,0.9249444781768937,0.13809564284073228,0.15791301904602695,0.09532779596591873,0.3429999351501465,0.5350000858306885,0.38417103774322003,4.03000020980835
FLYX,tb_229_230#1,bo_227#0,227,230,224,3,1.0,3.7863201094391243,0.3303789172685785,0.18699997663497925,2.2640667047523415,0.6008064508376088,229,2025-08-20,0.10167407181297052,0.7935404194778882,0.1353614224059377,0.16758176033644084,0.09046887423824915,0.3679999113082886,0.4449998140335083,0.3609708090733925,3.990000009536743
FMCC,tb_173_174#0,bo_168#0,168,174,166,2,2.0,9.319620002667484,0.2667146643163506,0.1269662568581509,4.236736065863502,0.4636363983154297,173,2025-05-30,0.06457062513557565,0.07789623720151562,0.038738486639074074,0.06735387051222705,0.0582719200564134,0.2349998950958252,0.49000000953674316,0.4626790485822684,7.940000057220459
FNMA,tb_171_172#2,bo_168#0,168,172,158,4,2.0,8.741156144856324,0.3571369466815452,0.1318219743861172,4.39607189738386,0.7449456557649428,171,2025-05-28,0.06481524824610835,0.04299507186108187,0.04543755465228501,0.08189825568963997,0.06181283444908804,0.2999999523162842,0.7149999141693115,0.6663423388553615,10.779999732971191
FNMAT,tb_170#0,bo_168#0,168,170,155,3,8.0,16.927545084121096,0.3641006302761451,0.09124087718268732,3.4331168255653983,0.12210337370356172,170,2025-05-27,0.043411608394568264,0.14888533623282707,0.03251122689941211,0.03543289035863404,0.03993864962846341,0.3600001335144043,0.41499996185302734,0.5016294560924248,12.5600004196167
FNUC,tb_274_275#1,bo_267#0,267,275,251,6,1.0,6.495812183742905,0.6309541675248934,0.3716814016142555,3.9939509248539684,0.5314010524280168,274,2025-10-23,0.16158208081503994,0.02578610420737637,0.12744734451608844,0.1390564741562788,0.14150405361496368,0.5799999237060547,0.625,0.6084674575341001,4.300000190734863
FOCL,tb_240_244#1,bo_237#0,237,244,235,2,2.0,5.709675310525169,0.15579876154420452,0.20655733963008535,4.04367704709636,0.7468353895551991,240,2025-09-05,0.08892849689178778,0.055581775110772114,0.10214624940258091,0.15241230988535204,0.07826311350600827,0.14499998092651367,0.2999999523162842,0.19722304454239042,2.5199999809265137
FOXX,tb_216#0,bo_212#0,212,216,205,2,7.0,3.1240714715920497,0.6471969010794215,0.21171172187076961,2.9048348521220926,0.4297028747519738,216,2025-08-01,0.10540936635521271,0.10909093160978367,0.10275550680794886,0.15350566272997018,0.09372753821285897,0.684999942779541,0.9649999141693115,0.7217020263619048,7.699999809265137
FSLY,tb_248#0,bo_246#0,246,248,244,2,2.0,3.5115209706574917,0.3351824216665718,0.0871907859230335,2.3658765197456906,0.19021740081123206,248,2025-09-17,0.04940304604601621,0.453070659972455,0.04208825013524534,0.05148286776631461,0.04589839941218787,0.309999942779541,0.41249990463256836,0.39610319217983625,8.630000114440918
FULC,tb_158_160#1,bo_154#0,154,160,145,3,1.0,10.399000572794248,0.30772866433447305,0.2024390026427633,4.045771583390361,0.7082066719519742,158,2025-05-08,0.09000322039043018,0.476407525060817,0.10359826701144242,0.11285576979080636,0.07664958399273614,0.36750006675720215,0.625,0.41467423770490414,5.409999847412109
FURY,tb_181#0,bo_179#0,179,181,174,2,5.0,10.034384249131385,0.025826316078945498,0.08750004390520691,1.8972905251275358,0.34729065684687455,181,2025-06-11,0.05888707377419704,0.10586010575374138,0.05790102150897283,0.0727589155078244,0.05335314415625661,0.023499995470046997,0.0364999920129776,0.028223812419114612,0.5289999842643738
GAU,tb_230_232#3,bo_225#0,225,232,222,4,1.0,4.2979510588755705,0.0736152933367995,0.0563380833475489,1.6300977492359505,0.2763158431343762,230,2025-08-21,0.04886915746399351,0.48102010293694164,0.05228981019003755,0.04520479165102563,0.04509140616102198,0.07999992370605469,0.07999992370605469,0.09469194863789457,2.0999999046325684
GEOS,tb_191_192#0,bo_187#0,187,192,185,2,2.0,8.446257822277847,0.5291217595323754,0.19378617145105842,6.954919704594565,0.6676342516359011,191,2025-06-26,0.09150386721804804,0.25455878183607483,0.056958245561896395,0.14346777696610682,0.07144552566766241,0.38499999046325684,1.8050000667572021,1.1381272456893063,15.930000305175781
GEOS,tb_191_192#1,bo_188#0,188,192,185,3,1.0,46.51999733368884,0.7377559059418584,0.19378617145105842,4.988098803225956,1.6705370065436038,191,2025-06-26,0.09150386721804804,0.25455878183607483,0.056958245561896395,0.14346777696610682,0.07144552566766241,0.38499999046325684,1.8050000667572021,1.1381272456893063,15.930000305175781
GNLX,tb_88_91#2,bo_86#0,86,91,83,3,2.0,5.175825112999972,0.28295115736731574,0.21891491310480785,3.6649432733226144,0.6097560881055493,88,2025-01-28,0.09689548764535351,0.4827516361125241,0.0855690811118729,0.1555832879196115,0.08949468770892512,0.21799993515014648,0.4750000238418579,0.35081918264688927,3.9200000762939453
GPRK,tb_287#0,bo_284#0,284,287,279,2,5.0,1.7313421696638045,0.37813473212801557,0.04812212868159609,1.0779367768145152,0.2575757740922593,287,2025-11-11,0.04788691993770214,0.03850773249504913,0.0476375380394351,0.03777244459208927,0.04388465444794318,0.30321794989296835,0.30321794989296835,0.3625510377261859,8.261453628540039
GPUS,tb_161#0,bo_158#0,158,161,155,2,3.0,7.13618674322457,1.1657636803007703,0.3259557251403048,2.7792938018812143,4.766423407205097,161,2025-05-13,0.21760120583186046,0.48511902586706834,0.1432867204670119,0.29364672006345977,0.17159465811414495,0.2900000214576721,2.109999656677246,1.1531160665250622,6.71999979019165
GRWG,tb_235_236#0,bo_230#0,230,236,222,3,7.0,1.0379467001987588,0.10805140893357737,0.13684210196096147,2.406261917631144,0.5619048192117246,235,2025-08-28,0.07313633703795544,0.20510130220870837,0.07808715845256739,0.09835168997844113,0.06438137689420992,0.13950002193450928,0.15500003099441528,0.11395503587477425,1.7699999809265137
GSKRF,tb_258_262#0,bo_256#0,256,262,243,4,4.0,1.1594290911049019,0.07134265375035925,0.1079145832497171,2.4080968162192513,0.1989617342824177,258,2025-10-01,0.057871121344666154,0.06807579646932985,0.053489648554651936,0.05064382241024658,0.05344158880129988,0.064799964427948,0.07006001472473145,0.07836247251344779,1.4663200378417969
GTBIF,tb_224_225#0,bo_222#0,222,225,217,2,5.0,5.446950294651516,0.5414998743954152,0.10456057890048032,1.7359183719715736,0.2592592592592593,224,2025-08-13,0.07920229719301859,0.10609452834459054,0.07068255860111455,0.11743819596717747,0.06568279214012787,0.434999942779541,0.8999996185302734,0.5891746630361447,8.970000267028809
GTBIF,tb_227#0,bo_224#0,224,227,217,3,2.0,2.8927921246038704,0.647874815209515,0.16000000635782877,2.2226516966163907,0.3288889284487124,227,2025-08-18,0.09347478880401323,0.17654159657295376,0.0905871372828225,0.10679779219201382,0.07674574607738845,0.6499998569488525,0.8849997520446777,0.634687355191417,8.270000457763672
GVHGF,tb_120_123#0,bo_113#0,113,123,113,1,52.0,695.2074973445926,0.23799121726702907,0.4625000372529015,18.656152882632984,1.8643411182238294,120,2025-03-14,0.20195466559895567,0.014595515041107093,0.17398410442689363,0.42510659899485,0.17052949094298653,0.3050000071525574,2.379499912261963,1.0163557725253836,5.960000038146973
HCWC,tb_253_261#1,bo_247#0,247,261,244,3,1.0,58.73272108304965,0.03624907499081393,0.349999987835787,9.46231027527496,0.7111111140545505,253,2025-09-24,0.16342601121697528,0.117928237242979,0.09751468779280717,0.22361751557613424,0.1302362200000477,0.04399999976158142,0.18449997901916504,0.08699779272437898,0.6679999828338623
HMY,tb_252#0,bo_250#0,250,252,250,1,127.0,5.793229425677724,0.6626234372638695,0.04061990158855352,1.125305142980394,0.12909700353555564,252,2025-09-23,0.04410981649696569,0.23200444895876493,0.05164816308984159,0.04319639104567605,0.04202090417925947,0.7554663489192306,0.6328262432018708,0.7445735248865103,17.7191219329834
HOVR,tb_258_260#1,bo_256#0,256,260,249,2,7.0,3.2784747283487166,0.18350478880081203,0.18493148895338166,2.942702287945075,0.563953495625227,258,2025-10-01,0.08289472993988542,0.5795399340789078,0.08469113766185413,0.11907909159471894,0.07795219479833805,0.17999988794326782,0.2774999737739563,0.1979985718141384,2.5399999618530273
HOWL,tb_255#0,bo_251#0,251,255,243,3,7.0,8.144066626788755,0.07692784670401723,0.1390134795234793,4.029750932475303,0.34306571311997414,255,2025-09-26,0.07321838707130279,0.1497585464712956,0.060231589100786714,0.07902017909882222,0.0649515227291165,0.08500003814697266,0.13800007104873657,0.1344496477132892,2.069999933242798
HOWL,tb_260_262#0,bo_256#0,256,262,243,4,5.0,4.066590624496324,0.1516224824865678,0.1995798824416145,3.132781730395607,0.5985401821883398,260,2025-10-03,0.10168864218927026,0.06722291530725914,0.088650101364436,0.12181795782007915,0.08335209795172654,0.15300005674362183,0.25499993562698364,0.17087179682650167,2.049999952316284
HPP-PC,tb_191_194#0,bo_186#0,186,194,182,2,4.0,0.2824363989488064,0.4308556253153828,0.04077529775403887,1.3053494460399175,0.21672074995107016,191,2025-06-26,0.028090554310323,0.10692897320397127,0.01761079825477388,0.020469769871132158,0.02787413149832409,0.2304531965335137,0.2812090113700698,0.3779168260202387,13.557976722717285
HPP-PC,tb_191_194#1,bo_187#0,187,194,182,3,1.0,0.18349079567483234,0.4162183951942962,0.04077529775403887,1.351254914060378,0.2388203919606986,191,2025-06-26,0.028090554310323,0.10692897320397127,0.01761079825477388,0.020469769871132158,0.02787413149832409,0.2304531965335137,0.2812090113700698,0.3779168260202387,13.557976722717285
HRTX,tb_115#0,bo_109#0,109,115,109,1,,3.850859863593734,0.10854692731406226,0.13059706504957194,3.2244131797345212,0.19883035472779853,115,2025-03-07,0.08112891660975888,0.07112963615630563,0.06497174180460791,0.10491070406967568,0.07097423516952477,0.12000006437301636,0.21500003337860107,0.16962842950065776,2.390000104904175
HRTX,tb_115#1,bo_110#0,110,115,109,2,1.0,2.169011583419361,0.13436500597807421,0.13059706504957194,2.6048459604747145,0.44444442895265923,115,2025-03-07,0.08112891660975888,0.07112963615630563,0.06497174180460791,0.10491070406967568,0.07097423516952477,0.12000006437301636,0.21500003337860107,0.16962842950065776,2.390000104904175
HTCR,tb_235#1,bo_232#0,232,235,228,3,2.0,25.944457583641093,1.1616815847312512,0.33532935150174265,8.207151246728028,1.4150942239622037,235,2025-08-28,0.12600398731732207,0.024000039252825678,0.1221850944734245,0.16324405945884712,0.09849027067424028,1.0810980463124973,2.783614747531659,2.096017112577885,21.281463623046875
HTZ,tb_148#0,bo_143#0,143,148,143,1,46.0,13.10614014322069,0.3760913846557098,0.10745481803051737,2.68286065399218,0.5643835312207488,148,2025-04-24,0.09652373290690386,-0.0011559856241032396,0.11107337783239492,0.11560064205189428,0.08139950185915115,0.475500226020813,0.8445005416870117,0.7041056600302118,8.649999618530273
HYPD,tb_171_174#0,bo_168#0,168,174,166,2,2.0,5.3413525508408375,0.15265587270254263,0.33962261710738867,4.716490080954138,0.796460159253062,171,2025-05-28,0.13310564764103214,9.08849749156721,0.10341217596669658,0.1738654822068945,0.12669100024870117,0.12000000476837158,0.2799999713897705,0.21157396497834308,1.6699999570846558
HZEN,tb_267_268#1,bo_265#0,265,268,259,3,1.0,3.215385931884306,0.09343056598015538,0.28484850630396796,5.03047395335331,0.5977653385730368,267,2025-10-14,0.09711582208158809,1.1589209759828782,0.10072368857993154,0.13347661419879486,0.09044978181585801,0.08500000834465027,0.1445000171661377,0.11758471204763372,1.2999999523162842
ILPT,tb_191_199#0,bo_184#0,184,199,184,1,94.0,5.582660807031562,0.15220635815913988,0.08941407938018961,2.7289624322386996,0.28152481288011577,191,2025-06-26,0.05347796783603427,0.37568790945342073,0.04032231699585784,0.04849972100475988,0.04878170251567478,0.14322973598013755,0.21245729324577423,0.21147277618972282,4.335083961486816
IMNM,tb_263_267#1,bo_261#0,261,267,253,3,1.0,2.4029817509868634,0.8207995523652267,0.06765899986920854,1.2183242511748293,0.3645832646600553,263,2025-10-08,0.06712436754896522,0.4489107577476238,0.07936802072327273,0.07653538268036106,0.061669849665880225,0.8465003967285156,1.0399999618530273,0.8639946079340903,14.010000228881836
IMNM,tb_271_281#0,bo_268#0,268,281,253,4,7.0,1.773776023250311,0.9237234815462799,0.09293200939188001,1.718046498646863,0.5482954291457489,271,2025-10-20,0.0700043250603176,0.5605617551810731,0.08290238406176798,0.07653538268036106,0.06109198727609737,1.0399999618530273,1.064499855041504,0.9927447932365823,16.25
IMRX,tb_180#0,bo_178#0,178,180,165,4,3.0,3.7517552657973923,0.1489797841422797,0.11850315560128521,1.913011805403784,0.47916668736272316,180,2025-06-10,0.07674359038392406,1.1608294768854845,0.08125955651376035,0.09636637833223186,0.07052324570031014,0.15000003576278687,0.19000005722045898,0.15303544855016965,2.1700000762939453
IMRX,tb_194_196#1,bo_186#0,186,196,165,6,2.0,22.89671427398617,0.24380032342952265,0.16860312256321955,2.6784208845336313,0.9236110214282001,194,2025-07-01,0.1115843346795114,0.7697547609134278,0.11145031883228651,0.1590363153088365,0.0946017231010934,0.3125,0.4950000047683716,0.3254299328809153,3.440000057220459
IMVT,tb_282#2,bo_279#0,279,282,271,4,2.0,3.5785854451142107,0.9538475335865517,0.10928546434901579,2.998383399491222,0.41747569219815994,282,2025-11-04,0.05055028289530703,0.1446878843624777,0.04653851960181353,0.04008630613848395,0.0458024665541574,0.9075002670288086,0.8950004577636719,1.1079616904062237,24.190000534057617
INSG,tb_236_243#0,bo_230#0,230,243,224,3,2.0,1.3688120192882478,0.6498765066508037,0.09589042587218195,1.9388302484965323,0.18612724639924538,236,2025-08-29,0.06270544567237582,0.40274790291648666,0.07550416866687157,0.07993558789716015,0.056609039590293314,0.7300000190734863,0.8000006675720215,0.6979894538293896,12.329999923706055
IOBTQ,tb_177_182#0,bo_173#0,173,182,169,2,4.0,3.1443758080735527,0.09973354461093689,0.14117647223819083,2.406412110117908,0.18333325054910787,177,2025-06-05,0.09182086671940747,0.6291702731527921,0.08570249714882983,0.13721284176940204,0.08048600014602254,0.09399998188018799,0.18894994258880615,0.12072900021903381,1.5
ITMSF,tb_208_211#0,bo_203#0,203,211,203,1,42.0,5.652637216264092,0.10080709323714863,0.13524596491221214,3.273580772221143,0.24539875909711317,208,2025-07-22,0.06970280854077181,0.1231782564671473,0.06428962333056103,0.08607955274193411,0.06324053800468936,0.10500001907348633,0.17499995231628418,0.14608563917217982,2.309999942779541
ITOC,tb_171_176#1,bo_169#0,169,176,161,3,1.0,9.775092547321366,0.7317575723724284,0.21887823764116027,2.1865163614846033,0.37749737814780215,171,2025-05-28,0.15937793832312314,4.1104024861053015,0.15372185002416247,0.18603797832826555,0.13654680698972896,0.6970000267028809,1.0429997444152832,0.8179153426153926,5.989999771118164
ITOC,tb_186#0,bo_177#0,177,186,161,4,8.0,10.906081239727637,0.844171801169215,0.10708656639786233,2.4165685294785053,0.8717138600062295,186,2025-06-18,0.0831315335412912,0.7679557638441104,0.09817275129100493,0.07722633644427745,0.07132998531642135,1.0749993324279785,1.3049993515014648,1.2910727614374564,18.100000381469727
ITRG,tb_235#0,bo_231#0,231,235,226,3,4.0,1.2168417354646057,0.0958964161048057,0.048401800833180374,1.105358791285697,0.17261910125985058,235,2025-08-28,0.04674859018148135,0.6157406809521333,0.04827121535989297,0.04683749870100003,0.044698588114892,0.09000009298324585,0.10049998760223389,0.09654895416467732,2.1600000858306885
IVA,tb_109_110#1,bo_106#0,106,110,103,3,1.0,1.2637290365011509,0.155832718438379,0.09424720315955697,1.9764774201847124,0.08785051876764238,109,2025-02-27,0.050975730669807616,0.2599669517824116,0.05851937716290885,0.06448900008371795,0.04947465684389118,0.16499996185302734,0.18499994277954102,0.16128738083925814,3.259999990463257
IVA,tb_109_110#2,bo_107#0,107,110,103,4,1.0,1.3066202090592336,0.1604160977363683,0.09424720315955697,1.920005870144232,0.15140186116230803,109,2025-02-27,0.050975730669807616,0.2599669517824116,0.05851937716290885,0.06448900008371795,0.04947465684389118,0.16499996185302734,0.18499994277954102,0.16128738083925814,3.259999990463257
IVA,tb_229#1,bo_224#0,224,229,220,3,1.0,4.046701428247563,0.26151575438534447,0.07112067525898476,1.2618739719206307,0.1485714231218611,229,2025-08-20,0.06804706549854217,0.42947599135279746,0.08939151496832087,0.0676597859387108,0.064216050444781,0.3049999475479126,0.305499792098999,0.2941095061378011,4.579999923706055
IVA,tb_229#2,bo_225#0,225,229,220,4,1.0,1.7543847089984967,0.268550352894563,0.07112067525898476,1.2288195496641843,0.20571422576904297,229,2025-08-20,0.06804706549854217,0.42947599135279746,0.08939151496832087,0.0676597859387108,0.064216050444781,0.3049999475479126,0.305499792098999,0.2941095061378011,4.579999923706055
JETMF,tb_93_96#1,bo_91#0,91,96,85,2,6.0,3.8534984335372227,0.04332051000755242,0.09333332379659016,1.6158626210826919,0.46000003814697266,93,2025-02-04,0.06966996668445033,0.08522664383146233,0.058390037093731,0.10077471649097614,0.06159676043389254,0.03500001132488251,0.06400001049041748,0.04434966927470008,0.7200000286102295
JETMF,tb_96_97#0,bo_94#0,94,97,85,3,3.0,2.7697253068381067,0.04749568717555798,0.03861007800230395,0.6316369501830004,0.527999997138977,96,2025-02-07,0.06106646858727749,0.04856739414089806,0.056573583487219685,0.09269703210151603,0.05570026058169885,0.03500001132488251,0.06150001287460327,0.04194229738665721,0.753000020980835
JETMF,tb_280_281#0,bo_277#0,277,281,274,2,3.0,4.7035907010633204,0.031767270413774626,0.14631333929334023,3.997824572164844,0.20147053422503047,280,2025-10-31,0.05727924637777949,0.009174310851576162,0.046656799874173545,0.059643173532253985,0.04924408869979623,0.030000030994415283,0.043500036001205444,0.038656610920817666,0.7850000262260437
KODK,tb_288#1,bo_286#0,286,288,285,2,1.0,4.052864491039187,0.4191189157884517,0.12247187892921872,2.600693108065074,0.47863243752882934,288,2025-11-12,0.0632058156653012,0.18712748874601837,0.047210451602937395,0.05135830699175353,0.05555507214120003,0.2999999523162842,0.30500006675720215,0.4661070743379886,8.390000343322754
KRMD,tb_302_303#0,bo_297#0,297,303,291,2,6.0,3.528127570714421,0.24666774825018517,0.15057284062034407,3.7297136849882224,0.21527772948697943,302,2025-12-03,0.05613090181851211,0.15931252243321747,0.06125759657753256,0.07558598466659275,0.05364212085917764,0.28299975395202637,0.43450021743774414,0.30683292005993124,5.71999979019165
KSS,tb_212#1,bo_208#0,208,212,200,3,1.0,23.31101742952391,0.4776528006764221,0.43338008098478625,18.822131361394224,0.5336898907506111,212,2025-07-28,0.10609893385077947,0.4332268056058799,0.05271228398302522,0.0757867515127135,0.0877633341965918,0.45097712530308964,0.7952708685084238,1.092046602436748,12.443084716796875
KYNB,tb_226#0,bo_223#0,223,226,221,2,2.0,6.1229887992995,0.5507559266081113,0.08178219627976384,1.499757285790925,0.16498739714595545,226,2025-08-15,0.06923217403603783,0.32701427417951123,0.05336157397874086,0.06975910968762564,0.06552092217140744,0.38500022888183594,0.6360001564025879,0.6221211485192392,9.494999885559082
KZIA,tb_185#0,bo_181#0,181,185,175,3,5.0,1729.2901193633952,0.5377705189279657,0.3141524159960109,7.512498025936199,1.523809532820052,185,2025-06-17,0.11995543463325023,0.2861736439579059,0.11580436236438188,0.13869603570275352,0.09892302575647574,0.5750000476837158,0.875,0.9229518227606908,9.329999923706055
LAC,tb_264#0,bo_253#0,253,264,246,4,2.0,32.52669340742417,0.16373844765889692,0.16983119561390272,9.832752659480615,1.1013987585060625,264,2025-10-09,0.10790954943322457,0.30845777458673806,0.1084996031092913,0.14630494037905983,0.08606816679533971,0.570000171661377,1.0750000476837158,0.6919880577512912,8.039999961853027
LBRT,tb_277#0,bo_275#0,275,277,270,2,5.0,1.2528788655809628,0.9525051175351534,0.07644743867736646,1.4124137607968648,0.37353413927329115,277,2025-10-28,0.05836775677901281,0.2351210034378881,0.049345096753765735,0.07292100002626535,0.051826628291592354,0.6875040498041898,1.0535136548695752,0.8741132104128309,16.86610221862793
LBRT,tb_281#0,bo_278#0,278,281,270,3,3.0,2.2712279221674176,0.9597652757410262,0.06770841342262197,1.3398903003108429,0.5862649202149155,281,2025-11-03,0.0561507377435171,0.14636964223361648,0.05088836682693061,0.05703650202468054,0.05025824678395848,0.7913725545484489,0.9100764888979009,0.9132861948372524,18.17186737060547
LI,tb_112_120#1,bo_108#0,108,120,105,3,1.0,3.0607598652445733,1.4095486635524515,0.1871980391165428,4.398570277073736,0.24819870565025792,112,2025-03-04,0.06221100057963227,0.04140067637021901,0.05566919562724576,0.058125305521003146,0.05479239843654753,1.4349994659423828,1.6700000762939453,1.5161056689195984,27.670000076293945
LION,tb_318_323#0,bo_316#0,316,323,307,4,3.0,3.563173398467393,0.35321861356957124,0.057385756706631125,1.5287981468356762,0.17385613467825922,318,2025-12-26,0.04314030683658576,0.08743222994157906,0.04234163221412361,0.046280802304927454,0.04012174283695329,0.3450000286102295,0.3899998664855957,0.3735334426477884,9.3100004196167
LITB,tb_135#1,bo_131#0,131,135,129,2,2.0,21.22971961540676,0.11257812682403438,0.12605049424770126,2.6648177509986426,0.6949153295778365,135,2025-04-04,0.08342158745941482,-0.0134529018534425,0.09500411066127815,0.12568919991587393,0.07487298079620085,0.12000000476837158,0.21000003814697266,0.16696674860361665,2.2300000190734863
LITB,tb_135#2,bo_132#0,132,135,129,3,1.0,5.797093275488069,0.1552511119750093,0.12605049424770126,1.932354537873804,0.9067797457750659,135,2025-04-04,0.08342158745941482,-0.0134529018534425,0.09500411066127815,0.12568919991587393,0.07487298079620085,0.12000000476837158,0.21000003814697266,0.16696674860361665,2.2300000190734863
LPSN,tb_77#1,bo_71#0,71,77,70,2,1.0,23.424226270680837,1.4603011442100713,0.37019233531970647,7.909328284925083,0.5833333222954358,77,2025-01-10,0.12945750359809463,0.10563380660057264,0.09464570218455004,0.15206865773531794,0.10899526953683455,1.5000004768371582,3.1499996185302734,2.3215991579777846,21.299999237060547
LPSN,tb_198#2,bo_196#0,196,198,190,3,3.0,0.9471895359542458,1.2254630465221987,0.1101695298806086,1.5912358748584507,0.4285714049802276,198,2025-07-08,0.07816932588642685,0.32110090993943263,0.07241156284696687,0.1044187786344841,0.073249984573231,0.8999996185302734,1.6500005722045898,1.1976372757149782,16.350000381469727
LRDC,tb_295_297#1,bo_286#0,286,297,283,2,3.0,12.96733110012935,0.02479640347822242,0.41333333651224774,12.501813122070102,0.3529411867828105,295,2025-11-21,0.12632752734675146,0.4765225849192467,0.10167308125255572,0.17708338675503119,0.1052160087516436,0.03999999165534973,0.09500002861022949,0.06418176684362967,0.6100000143051147
LRDC,tb_295_297#2,bo_288#0,288,297,283,3,2.0,1.205131304584328,0.049696902171373916,0.41333333651224774,6.237813401631902,0.5294116925203272,295,2025-11-21,0.12632752734675146,0.4765225849192467,0.10167308125255572,0.17708338675503119,0.1052160087516436,0.03999999165534973,0.09500002861022949,0.06418176684362967,0.6100000143051147
LU,tb_261#1,bo_258#0,258,261,250,4,3.0,2.447828618750466,0.16981791505424973,0.17505473975595748,4.71092929435211,0.3707165243235968,261,2025-10-06,0.056503279063231326,0.0024449270590736205,0.05423453496769745,0.06873069587477745,0.05020119403346893,0.17250001430511475,0.27500009536743164,0.20532289125698222,4.090000152587891
MAGN,tb_304_305#1,bo_299#0,299,305,296,2,3.0,0.5891239957226538,0.873668373923787,0.06801348167924254,1.156045313104056,0.22703638598092146,304,2025-12-05,0.05703684244133526,0.10110648175537074,0.05152471742631841,0.0518537064652347,0.05151172023751364,0.5750002861022949,0.7299995422363281,0.7278606128511163,14.130000114440918
MATH,tb_169_172#0,bo_167#0,167,172,158,3,8.0,2.5885081229598077,0.23794813462367456,0.1508943022612548,1.950004724274876,0.515625078580344,169,2025-05-23,0.09479635271263072,0.43242492669642607,0.10133929517178857,0.13598729028517598,0.08772804136462965,0.24049997329711914,0.35249996185302734,0.24651579121477055,2.809999942779541
MBAI,tb_254_256#0,bo_246#0,246,256,246,1,90.0,257.2883624641969,0.06871486957202301,0.3290735374277546,14.989480678978254,1.8418229337742051,254,2025-09-25,0.14122119310259734,0.075484519344499,0.12011602896989149,0.15048862282783493,0.11014752029232111,0.15000006556510925,0.35500001907348633,0.2489333948101971,2.259999990463257
MCFT,tb_244#1,bo_241#0,241,244,234,3,1.0,2.133029545788623,0.8398124932165879,0.05911840567166684,1.6848987358583891,0.1387559651416972,244,2025-09-11,0.03887416924256546,-4.3161982728245896e-05,0.034585496543036984,0.03715971383229476,0.03614087882271245,0.7849998474121094,0.8599996566772461,0.8384684162602312,23.200000762939453
MDWD,tb_168_169#0,bo_166#0,166,169,160,3,5.0,0.9668656475618118,0.877477352068644,0.06372783278502775,1.51570854856891,0.19087025925902146,168,2025-05-22,0.04524469030937716,0.10562568579680864,0.04196458528806453,0.04401308039277722,0.04449768895706729,0.8100004196166992,0.8675003051757812,0.9050830001765572,20.34000015258789
MDWD,tb_172_180#0,bo_170#0,170,180,160,4,4.0,1.3518617495100658,0.914316016229703,0.01627908751021984,0.3828002301797108,0.21654779794010692,172,2025-05-29,0.044042467802158224,0.019343022388578237,0.04401308039277722,0.04252805720767448,0.04188178176259916,0.8600006103515625,0.8724994659423828,0.8937572292045187,21.34000015258789
METCB,tb_213#0,bo_200#0,200,213,200,1,,8.564596503925351,0.4943707557826964,0.17195118536873638,5.5091433862540065,0.1830663827559369,213,2025-07-29,0.08156684629411981,0.49389812361630314,0.09597350517316178,0.09597350517316178,0.07105108072591809,1.2893450260162354,1.3810958862304688,0.9558937633013775,13.45361328125
METCB,tb_213#1,bo_201#0,201,213,200,2,1.0,7.931286525283348,0.5770242571832628,0.17195118536873638,4.720008467014299,0.36899307535448256,213,2025-07-29,0.08156684629411981,0.49389812361630314,0.09597350517316178,0.09597350517316178,0.07105108072591809,1.2893450260162354,1.3810958862304688,0.9558937633013775,13.45361328125
MGIH,tb_247#0,bo_241#0,241,247,233,3,2.0,1370.7202122527738,0.1422737614171731,0.47727274966365246,16.23630498124507,0.3063583615875425,247,2025-09-16,0.19629885850448034,0.12635375705508123,0.11722741078028284,0.23303573674389286,0.15264286248107944,0.25,0.5094999074935913,0.4228207261611585,2.7699999809265137
MIR,tb_174_178#0,bo_169#0,169,178,154,3,8.0,5.446909401652117,0.6782346234737925,0.04568535487430186,1.3269766755186645,0.19619048587859633,174,2025-06-02,0.03711415486320746,0.16401982129025078,0.03170243919174791,0.03629341145388607,0.03673202976288452,0.5900001525878906,0.7025003433227539,0.7078262303453735,19.270000457763672
MIR,tb_174_178#1,bo_170#0,170,178,154,4,1.0,2.48647548044544,0.7507893106642805,0.04568535487430186,1.1987404629970109,0.2342857481941345,174,2025-06-02,0.03711415486320746,0.16401982129025078,0.03170243919174791,0.03629341145388607,0.03673202976288452,0.5900001525878906,0.7025003433227539,0.7078262303453735,19.270000457763672
MLYS,tb_125#0,bo_122#0,122,125,116,2,6.0,2.501942791100838,1.3079321402700292,0.09902066256396441,1.3915092677885188,0.46673000320913216,125,2025-03-21,0.08393615505194417,0.028452846375681684,0.08574439608946549,0.08499612174741406,0.0739914735840603,1.061999797821045,1.2274994850158691,1.248236221459213,16.8700008392334
MNKD,tb_240_252#0,bo_237#0,237,252,234,2,3.0,8.482215771480533,0.19979106304777466,0.12903221588849148,4.00418167706734,0.41031929459970806,240,2025-09-05,0.0588721297188495,0.12419606754268596,0.045454532113285234,0.07370780648442345,0.0519032401595782,0.1800001859664917,0.32500016689300537,0.28754394850411175,5.539999961853027
MOB,tb_191#0,bo_187#0,187,191,176,3,8.0,4.9153611974376865,0.31266675183580095,0.21874999576671555,2.4626858353359053,0.8648648666064176,191,2025-06-26,0.1262444113481962,0.6901409633101498,0.1423872331059745,0.13842499839987504,0.11260440670542926,0.32249999046325684,0.4099999666213989,0.31979650537850535,2.8399999141693115
MPU,tb_202_208#2,bo_196#0,196,208,193,3,2.0,2.4042152960372474,0.16712501802984273,0.3183520597578739,5.0860130569444575,1.0999999031424537,202,2025-07-14,0.1380542790872028,1.035835067470846,0.14963601895642292,0.21667938681746862,0.10763850493587976,0.2399999499320984,0.4049999713897705,0.2346519479458633,2.180000066757202
MPU,tb_202_208#3,bo_198#0,198,208,193,4,2.0,20.22129650321114,0.18583738164540017,0.3183520597578739,4.573891519111903,2.0625000139698386,202,2025-07-14,0.1380542790872028,1.035835067470846,0.14963601895642292,0.21667938681746862,0.10763850493587976,0.2399999499320984,0.4049999713897705,0.2346519479458633,2.180000066757202
MTC,tb_287_289#0,bo_283#0,283,289,283,1,61.0,959.1338804706221,0.10295019746018956,0.46015428071966613,17.387049703948286,6.269737201348124,287,2025-11-11,0.2041833815271573,0.48437247901862485,0.1401106714624492,0.5275033278366547,0.17483787035270162,0.10199999809265137,0.3735000044107437,0.4213592825564657,2.4100000858306885
MTC,tb_287_289#1,bo_284#0,284,289,283,2,1.0,23.103930405984524,0.2317394724931856,0.46015428071966613,7.724192089564035,8.111842335513968,287,2025-11-11,0.2041833815271573,0.48437247901862485,0.1401106714624492,0.5275033278366547,0.17483787035270162,0.10199999809265137,0.3735000044107437,0.4213592825564657,2.4100000858306885
MXC,tb_194_196#2,bo_185#0,185,196,181,3,2.0,31.001492982979993,0.8590731631288009,0.4437500355233807,8.166332163825071,1.1051851846556024,194,2025-07-01,0.19369416371280654,0.005066912675586603,0.09867486418595726,0.25607033058463796,0.15317724912272268,0.8547024152699008,2.6663740508606297,1.3939676598211812,9.100357055664062
NAUT,tb_262_264#0,bo_259#0,259,264,254,3,2.0,0.4926848387235059,0.060297131913918896,0.08913045182457913,1.3599322979939108,0.20694442098891397,262,2025-10-07,0.06840602053911544,1.8570706919136324,0.07151047908924249,0.07589125012281175,0.06736827206474212,0.058999985456466675,0.06499999761581421,0.05834092338320081,0.8659999966621399
NBTX,tb_187_202#0,bo_182#0,182,202,172,5,2.0,5.126190848039982,0.21974943963757912,0.22569446858984357,5.915829377671604,0.4342630787676609,187,2025-06-20,0.07371394477600314,1.1322906227445328,0.05904436298321805,0.07152926773815163,0.06397538603541754,0.2599998712539673,0.35500001907348633,0.2859699621557462,4.46999979019165
NCL,tb_153_159#1,bo_149#0,149,159,146,2,3.0,9.649589533348554,1.623091578432937,0.21304351741514874,3.8642312915793613,0.7808218786608632,153,2025-05-01,0.10935146744491563,2.8097050680829128,0.08365727913928969,0.11178858149289761,0.09033991508292573,1.3760008811950684,2.9120006561279297,2.2491025176336525,24.895999908447266
NDLS,tb_90_91#2,bo_87#0,87,91,82,3,1.0,2.0333341504669917,0.9661465020855488,0.10967739504160097,1.407653656812415,1.0555555003660717,90,2025-01-30,0.09421665474614117,0.1797830155681598,0.15368943191997908,0.14029653110891133,0.0818229694427723,1.0,1.3199999332427979,0.9556923080619691,11.680000305175781
NGXXF,tb_173#2,bo_171#0,171,173,167,3,2.0,2.634776536312849,0.416516409412014,0.02887138363037687,0.79228552885085,0.28143016827126677,173,2025-05-30,0.0367641019395448,0.265529288397113,0.028161177050616194,0.034892460788989735,0.03404288805999422,0.2760000228881836,0.3334999084472656,0.38911022091479885,11.430000305175781
NIU,tb_228_234#1,bo_224#0,224,234,223,2,1.0,3.2973754440894356,0.2537983624305256,0.17318432926592117,3.6643255670855632,0.3090909316097836,228,2025-08-19,0.07203134478205575,0.22958942633032917,0.05435807820122211,0.07502630073692232,0.06419748568930511,0.2250000238418579,0.375,0.29402447955913796,4.579999923706055
NKTR,tb_193#0,bo_189#0,189,193,189,1,169.0,153.59585183393457,1.228494265253462,0.3303905839640051,10.052957291519537,1.5628931719817682,193,2025-06-30,0.13874216368220704,0.14938082769186756,0.1483752503020218,0.15839079028171965,0.11347454919676128,1.625,2.2799997329711914,2.9321823685591535,25.84000015258789
NMAD,tb_203_215#1,bo_200#0,200,215,195,2,5.0,1.017166034279733,0.4301085293363845,0.2584269452224451,2.673743435693289,2.5762711676055408,203,2025-07-15,0.17334884096091704,0.553303005641686,0.20223515315698912,0.33534901177503507,0.13186015973210197,0.4700000286102295,0.8649998903274536,0.4892011976361642,3.7100000381469727
NMG,tb_260#1,bo_256#0,256,260,249,3,3.0,4.896899962749886,0.1204622035390905,0.0625000206960564,1.4942451778975747,0.2757008809566066,260,2025-10-03,0.059567741648509163,1.1565836534449279,0.05749878115835956,0.07192739597054326,0.0521839938264492,0.13249993324279785,0.1949998140335083,0.14663701966633017,2.809999942779541
NOV,tb_290#0,bo_284#0,284,290,277,2,7.0,1.5119663077404089,0.5013026282189362,0.05624991776156449,1.7629040336798678,0.10179210236821468,290,2025-11-14,0.030676742712202068,0.16439056856764767,0.03219916357882633,0.027567613336400974,0.030403635889682243,0.45660406363105466,0.40259716160147274,0.4693154778232936,15.436162948608398
NOV,tb_290#1,bo_286#0,286,290,277,3,2.0,1.239579244417909,0.4886573228535136,0.05624991776156449,1.8085238551646672,0.12114696668038438,290,2025-11-14,0.030676742712202068,0.16439056856764767,0.03219916357882633,0.027567613336400974,0.030403635889682243,0.45660406363105466,0.40259716160147274,0.4693154778232936,15.436162948608398
NOV,tb_290#2,bo_287#0,287,290,277,4,1.0,1.9133808096565565,0.47760051663439546,0.05624991776156449,1.850392523879939,0.1247311157201636,290,2025-11-14,0.030676742712202068,0.16439056856764767,0.03219916357882633,0.027567613336400974,0.030403635889682243,0.45660406363105466,0.40259716160147274,0.4693154778232936,15.436162948608398
NPCE,tb_166_169#0,bo_162#0,162,169,162,1,79.0,3.512389763752466,0.7958147003477954,0.09598952066006883,2.201518529313598,0.20463325183284065,166,2025-05-20,0.06432225454223353,-0.01908922361890497,0.06027316126999392,0.06893329119609928,0.06022778352294409,0.7149996757507324,0.934999942779541,1.0834978117927185,17.989999771118164
NRSN,tb_169_173#0,bo_164#0,164,173,160,3,3.0,1.88900963252904,0.09486035216124213,0.14723927008517468,2.530034983728449,0.2643678305291557,169,2025-05-23,0.08682421005366504,0.6976534004364691,0.07451155624553393,0.10307316867880946,0.07761485494247065,0.08499997854232788,0.15399998426437378,0.11797457803216953,1.5199999809265137
NRSN,tb_169_173#1,bo_166#0,166,173,160,4,2.0,4.803778691510956,0.09276223987025971,0.14723927008517468,2.5872597500061985,0.5613026332120954,169,2025-05-23,0.08682421005366504,0.6976534004364691,0.07451155624553393,0.10307316867880946,0.07761485494247065,0.08499997854232788,0.15399998426437378,0.11797457803216953,1.5199999809265137
NTLA,tb_253#0,bo_251#0,251,253,249,2,2.0,1.805547688173927,0.9864206556567723,0.07886945315829196,1.4851677569672075,0.39081389533466515,253,2025-09-24,0.06310791746825789,0.5906531326536255,0.05719942685456991,0.0769399433511129,0.05676509670660096,0.7064995765686035,1.007500171661377,1.0081481305017326,17.760000228881836
NTLA,tb_261_262#0,bo_258#0,258,262,249,3,7.0,1.258214001887713,1.0858857120497165,0.05188458738918584,1.0268113474055127,0.5116841627354176,261,2025-10-06,0.06052010226130413,0.3787294886181384,0.07316934128554933,0.07316934128554933,0.05508014800672303,1.1619997024536133,1.2149991989135742,1.1313462904854725,20.540000915527344
NTLA,tb_267_270#0,bo_263#0,263,270,249,4,5.0,3.265410943337909,1.211983833931755,0.18880863833475922,4.203852459132732,0.9717969068675925,267,2025-10-14,0.07357152983347819,0.13674421869295994,0.08673181503068172,0.09968582859868394,0.067079867645571,1.5125007629394531,2.2649993896484375,1.6032088111402083,23.899999618530273
NTLA,tb_274_275#0,bo_271#0,271,275,249,5,8.0,1.320048124284459,1.8456733540407981,0.1408849395481886,2.156394322713049,1.2546333510286924,274,2025-10-23,0.08058211738676557,-0.16375297162729668,0.08819963427646113,0.0969394239384602,0.06826463325832628,1.982499122619629,2.4045000076293945,1.7673713133926419,25.889999389648438
NTWK,tb_202_203#2,bo_198#0,198,203,193,3,2.0,5.986917887115354,0.12123693449453277,0.08651403226780048,2.804427165743151,0.20408159624317213,202,2025-07-14,0.04600590519174619,0.24357021708711657,0.04328652320034058,0.057892795837344815,0.04138124674596642,0.1400001049041748,0.18500006198883057,0.1506277424963833,3.640000104904175
NVA,tb_263#0,bo_258#0,258,263,249,4,6.0,5.743683913148761,0.19733116942356715,0.07076794557575834,1.7838021266600426,0.5256916753937606,263,2025-10-08,0.07313037718407421,2.457943936592409,0.0736966468238727,0.11834096924034256,0.06299150909929076,0.21950006484985352,0.46900010108947754,0.29656403637355067,4.708000183105469
NVNXF,tb_267_268#0,bo_265#0,265,268,260,2,5.0,14.858045474283054,0.056643786746111424,0.2652124091260118,4.078117291738818,1.2812501105945584,267,2025-10-14,0.1435796547653821,-0.033520329036946406,0.14361573361558982,0.2086956761171773,0.12134228793641381,0.050499990582466125,0.10700000822544098,0.07887248426564339,0.6499999761581421
NXDT,tb_315_319#1,bo_312#0,312,319,308,3,2.0,3.4090625649553106,0.26667677087115654,0.18018020709561489,2.820067686430943,0.4200000727047266,315,2025-12-22,0.08064960880184772,0.3331981989598868,0.08510161616788753,0.09337597548739227,0.07081950562833061,0.22561393621727666,0.35252163284414273,0.26097181592695273,3.6850273609161377
NYXH,tb_86_101#0,bo_81#0,81,101,72,3,1.0,2.634980988593156,0.531524336691377,0.0896309707826205,1.9190098878876405,0.36374998092651367,86,2025-01-24,0.054461030524434996,0.11585722663619294,0.053183246183758776,0.053183246183758776,0.050085748171606444,0.49250030517578125,0.5250000953674316,0.541426958751882,10.8100004196167
OBIO,tb_274_286#0,bo_267#0,267,286,265,2,2.0,2.8217048669989335,0.18647724312304778,0.09693880281762098,2.0377827775487507,0.24041814799098704,274,2025-10-23,0.0762776612875906,0.41050112511158415,0.07393762115821627,0.0920091937876768,0.06560269470571961,0.23500001430511475,0.33750009536743164,0.24929023675355427,3.799999952316284
OBIO,tb_274_286#1,bo_269#0,269,286,265,3,2.0,1.4191199824094207,0.2179319185858542,0.09693880281762098,1.7436643374991307,0.2822300395459181,274,2025-10-23,0.0762776612875906,0.41050112511158415,0.07393762115821627,0.0920091937876768,0.06560269470571961,0.23500001430511475,0.33750009536743164,0.24929023675355427,3.799999952316284
OMER,tb_271#0,bo_268#0,268,271,261,2,7.0,111.58038632734431,0.22952810035400625,0.35041323258539525,18.472684788554762,1.2751092248626645,271,2025-10-20,0.11190578563771432,0.41939394401781493,0.06117813178028127,0.062440630633730926,0.08666230946244088,0.26999998092651367,0.3600001335144043,0.7149640530651373,8.25
OMEX,tb_151_152#0,bo_148#0,148,152,143,2,5.0,60.10459273164034,0.09278234894068245,0.3253588399395626,7.328979653044241,1.0189573847967193,151,2025-04-29,0.17943413138353975,0.08296142374246207,0.21800765338610054,0.3868023673225796,0.13306479750282155,0.08750000596046448,0.2594999819993973,0.19294396272411524,1.4500000476837158
OMEX,tb_151_152#1,bo_149#0,149,152,143,3,1.0,30.57589227689828,0.13715503734838796,0.3253588399395626,4.957892620601623,2.578199106354039,151,2025-04-29,0.17943413138353975,0.08296142374246207,0.21800765338610054,0.3868023673225796,0.13306479750282155,0.08750000596046448,0.2594999819993973,0.19294396272411524,1.4500000476837158
ONCY,tb_201_204#0,bo_196#0,196,204,185,3,3.0,1.853157675975,0.06988255479839324,0.2061068646717886,3.8636249305058548,0.43750005820766225,201,2025-07-11,0.09812512289251232,0.19260106316180725,0.1233107716107561,0.13052369327303237,0.08312204951906939,0.0899999737739563,0.15000009536743164,0.09808401407257687,1.1799999475479126
ONCY,tb_201_204#1,bo_198#0,198,204,185,4,2.0,4.241700944014262,0.08571505610002458,0.2061068646717886,3.149971466056548,0.9531250436557466,201,2025-07-11,0.09812512289251232,0.19260106316180725,0.1233107716107561,0.13052369327303237,0.08312204951906939,0.0899999737739563,0.15000009536743164,0.09808401407257687,1.1799999475479126
OPTT,tb_209#0,bo_205#0,205,209,205,1,50.0,6.75518837495908,0.04193033049634143,0.1333333421636513,2.861890267686824,0.20689656589884575,209,2025-07-23,0.07451731750231148,0.011904821881092875,0.08248294571637815,0.09490735451748553,0.06990427851995656,0.03999999165534973,0.07000002264976501,0.05871959212345085,0.8399999737739563
ORIO,tb_164_170#0,bo_161#0,161,170,154,2,7.0,1774.1134653507556,0.11407960507685547,0.5494505456117446,13.14871312001343,0.5612244302160996,164,2025-05-16,0.18459876247928828,1.8027997539504201,0.11834609953471523,0.15285062393064958,0.14894077548468848,0.1220000684261322,0.15750005841255188,0.1906441883591715,1.2799999713897705
ORMP,tb_261_262#0,bo_256#0,256,262,249,3,5.0,4.800257229713929,0.09006477952001721,0.13186815792339246,3.7263158633658664,0.18942732270160545,261,2025-10-06,0.052073451659494646,0.21302662812768147,0.055423495061301634,0.05869195038680061,0.04743478073884567,0.12585375877018956,0.1351762428709784,0.1083415556369067,2.284010887145996
OSS,tb_190_191#1,bo_184#0,184,191,176,4,3.0,12.520369821495157,0.303143594388639,0.2083333747254461,3.2987675046715625,0.6173285378778268,190,2025-06-25,0.097332441068642,0.6452877382664863,0.09814887219365953,0.11154314965910322,0.08692311432601726,0.3399999141693115,0.47550010681152344,0.3398693844753983,3.9100000858306885
PALI,tb_211#0,bo_209#0,209,211,207,2,2.0,35.93744305089759,0.062043094311801834,0.1764705933914052,3.868279172708676,0.6266667048136394,211,2025-07-25,0.09480273659605158,0.6379310610603359,0.0540639144018539,0.10425282775576075,0.08285497431172105,0.03999999165534973,0.10000002384185791,0.09611176743601328,1.159999966621399
PATH,tb_266#1,bo_264#0,264,266,263,2,1.0,6.087619339380462,0.7566202494944678,0.11366057560199802,2.815149557773203,0.24898789541448663,266,2025-10-13,0.05788761411132098,0.15752630449742577,0.04892467877957018,0.06325088039832935,0.049044926129440045,0.6424999237060547,0.9749994277954102,0.840630003923955,17.139999389648438
PAYS,tb_173#0,bo_171#0,171,173,155,5,8.0,5.325170742526142,0.23897916541593497,0.10480349936012201,2.0085433733859723,0.8669528099011863,173,2025-05-30,0.05830778526242096,0.9955057292254901,0.07550296399043399,0.07843927322160973,0.054504989704245464,0.2250000238418579,0.27500009536743164,0.24254719378789055,4.449999809265137
PBK,tb_104_107#2,bo_97#0,97,107,91,3,4.0,19.59005924120835,0.35281531494562746,0.3763607564639802,6.859111543470653,1.3754645838514579,104,2025-02-20,0.16030869951985166,0.17106716439449676,0.13387997480764602,0.19317571008292633,0.12260934187053099,0.532500147819519,0.8550000190734863,0.5394811159232744,4.400000095367432
PBK,tb_239_245#0,bo_232#0,232,245,223,4,5.0,3.04150414647874,0.19624264116509016,0.3411764788380133,4.433287279478059,0.6644295323491607,239,2025-09-04,0.10767853587797278,0.2514379745342074,0.10695669886409902,0.0956039092525676,0.09969712539128708,0.20450013875961304,0.19500011205673218,0.18045179125351435,1.809999942779541
PCSA,tb_268#1,bo_262#0,262,268,261,2,1.0,38.74619819704667,0.5365835508049214,0.2982456140350877,7.920481337202073,0.6901409056091632,268,2025-10-15,0.14603542756273669,0.058536622582412434,0.10615856473038837,0.22579805346806658,0.11904877707224179,0.5625,1.924999713897705,1.2202499649904783,10.25
PEPG,tb_249_252#0,bo_247#0,247,252,241,2,6.0,9.365042982607038,0.14160814699286656,0.13752911874490234,2.0832131720466354,0.38571435018461697,249,2025-09-18,0.09255095278596592,2.176717977405804,0.0915549256919613,0.13612233609960006,0.08016477720497234,0.12250000238418579,0.22699999809265137,0.16433778944763883,2.049999952316284
PEPG,tb_258_265#0,bo_254#0,254,265,241,3,7.0,129.23774620727653,0.252280963278043,0.2917981604013976,7.333095440224757,3.200000153269089,258,2025-10-01,0.11962253191558501,0.35118141582726564,0.14374607342195056,0.16157385594143697,0.09657339164995296,0.3174999952316284,0.5374999046325684,0.454860678355261,4.710000038146973
PHAT,tb_180_181#1,bo_178#0,178,181,174,2,4.0,32.73740424263791,0.43142239579860925,0.3258928156739474,9.306423191629266,1.0988235473632812,180,2025-06-10,0.11602398166274511,0.2526563013769262,0.09505778313355019,0.08995108060620491,0.09941198262623553,0.4450000524520874,0.41949987411499023,0.891725510703196,8.970000267028809
PHAT,tb_186#0,bo_182#0,182,186,174,3,4.0,1.3599108930536266,1.071194428884159,0.07801419638944644,0.8215129678723178,1.3599999371696923,186,2025-06-18,0.10265341199035623,0.028440406464757206,0.08995108060620491,0.13615975473757322,0.08649967949426361,0.6074999570846558,1.3174996376037598,0.9428464734904642,10.899999618530273
PHAT,tb_186#1,bo_183#0,183,186,174,4,1.0,1.4739818212250315,1.0975376539912405,0.07801419638944644,0.8017949190542681,1.5035294925465301,186,2025-06-18,0.10265341199035623,0.028440406464757206,0.08995108060620491,0.13615975473757322,0.08649967949426361,0.6074999570846558,1.3174996376037598,0.9428464734904642,10.899999618530273
PLBY,tb_308#0,bo_303#0,303,308,296,2,7.0,9.04581089598284,0.10099437377882335,0.15415014659915682,3.8615999277315334,0.2748538117692332,308,2025-12-11,0.07137959667490425,0.14253396008290498,0.0790865336530612,0.0843397791780244,0.0632490700684893,0.13999998569488525,0.17000001668930054,0.1397804472641219,2.2100000381469727
PLBY,tb_308#1,bo_305#0,305,308,296,3,2.0,9.470082141226722,0.1265716825214507,0.15415014659915682,3.0812568713345545,0.44444442895265923,308,2025-12-11,0.07137959667490425,0.14253396008290498,0.0790865336530612,0.0843397791780244,0.0632490700684893,0.13999998569488525,0.17000001668930054,0.1397804472641219,2.2100000381469727
PONY,tb_207_209#0,bo_204#0,204,209,197,2,7.0,1.0958385538455355,1.2602707491069824,0.06302453686452127,1.1918080378998923,0.4449633207563688,207,2025-09-29,0.06335031362117165,0.09580532154495806,0.06385022023496056,0.0752687473612923,0.05901333322852691,1.0600013732910156,1.5700006484985352,1.3407828904308912,22.719999313354492
PONY,tb_214_215#0,bo_210#0,210,215,197,3,6.0,1.300460626029918,1.4153068952028731,0.14285712098889444,2.5153551346417236,0.6050700355779692,214,2025-10-08,0.07049321821903878,0.03443530139690776,0.07381124800492664,0.07381124800492664,0.06243106558621055,1.6175003051757812,1.702500343322754,1.4646327414951519,23.459999084472656
PPIH,tb_190_202#0,bo_183#0,183,202,183,1,131.0,7.8530334728033475,0.6302959263197165,0.12137308527563449,4.712071249922635,0.1894303559843098,190,2025-06-25,0.07401143444360073,0.37801894104515615,0.047945191162705326,0.0958520008840309,0.06317574030634654,0.6999998092651367,2.0450000762939453,1.4056602218162104,22.25
PPIH,tb_190_202#1,bo_184#0,184,202,183,2,1.0,13.621355171874184,0.9117033383557525,0.12137308527563449,3.2576378613583397,0.5161290744868747,190,2025-06-25,0.07401143444360073,0.37801894104515615,0.047945191162705326,0.0958520008840309,0.06317574030634654,0.6999998092651367,2.0450000762939453,1.4056602218162104,22.25
PRE,tb_255_257#1,bo_251#0,251,257,241,3,3.0,4.790721237168378,0.8915732926038429,0.10670508683833858,1.6599864021430975,0.5315204091015187,255,2025-09-26,0.0838098006311669,0.3691947884104106,0.08782224579658648,0.08782224579658648,0.07364621558551535,0.9594998359680176,0.9594998359680176,0.9257329074348866,12.569999694824219
PSRHF,tb_270_276#0,bo_266#0,266,276,258,2,8.0,9.595710305302768,0.043026182653568404,0.3672297157610251,7.579105830141675,1.1537031487303997,270,2025-10-17,0.12382898371584283,0.04108678367576663,0.12383303056961154,0.23223271760029163,0.09592337369578445,0.058984994888305664,0.14214999973773956,0.07030224283204001,0.7329000234603882
PTN,tb_299_303#1,bo_292#0,292,303,291,2,1.0,7.061182519280205,1.2147216296763317,0.29691312445619844,6.017840791423793,0.25555557223504444,299,2025-11-28,0.144148524070971,0.5881260892288616,0.1491546310219935,0.1682953542023703,0.10599754988762669,2.145000457763672,2.570000648498535,2.071192221847881,19.540000915527344
PTN,tb_299_303#2,bo_294#0,294,303,291,3,2.0,4.7804154302670625,1.2994282641583739,0.29691312445619844,5.625552079264358,0.341666621779219,299,2025-11-28,0.144148524070971,0.5881260892288616,0.1491546310219935,0.1682953542023703,0.10599754988762669,2.145000457763672,2.570000648498535,2.071192221847881,19.540000915527344
PTN,tb_299_303#3,bo_295#0,295,303,291,4,1.0,70.14973262032085,1.331611959575633,0.29691312445619844,5.489588254840108,1.1129628973896786,299,2025-11-28,0.144148524070971,0.5881260892288616,0.1491546310219935,0.1682953542023703,0.10599754988762669,2.145000457763672,2.570000648498535,2.071192221847881,19.540000915527344
PUMP,tb_281#1,bo_278#0,278,281,274,3,2.0,9.454508295601212,0.40733555140567984,0.1097769939727128,3.1423717585023523,0.9237435733383403,281,2025-11-03,0.06768160372924192,0.06392692433408498,0.06562408313253923,0.07009134965290784,0.05503964505022077,0.4649999141693115,0.6000001430511475,0.6026841028019383,10.949999809265137
PYPD,tb_184_185#1,bo_180#0,180,185,178,3,1.0,4.38611296297859,0.2689664553018075,0.10121457698301198,1.3942259066440539,0.10759490662479965,184,2025-06-16,0.08337222919093436,0.08652192755570742,0.08030540334559472,0.08030540334559472,0.07338671657738359,0.25999999046325684,0.26499998569488525,0.26932925543795994,3.6700000762939453
PYPD,tb_190_191#0,bo_184#0,184,191,178,4,4.0,0.7237828704192628,0.284299308696982,0.052828164130458224,0.6964489471716211,0.16139239766165714,190,2025-06-25,0.0781665313971155,0.06881669196922935,0.0798799574535391,0.06401551133369542,0.07012420197884855,0.25999999046325684,0.21500003337860107,0.2622645160696501,3.740000009536743
PYPD,tb_307_308#0,bo_305#0,305,308,299,2,6.0,1.565950857748258,0.15741960964560667,0.026044270403445223,0.673360741088432,0.04736843921471201,307,2025-12-10,0.03798317279530578,0.28162000225933126,0.033467228382442836,0.0392790817721361,0.03717696360755807,0.12250006198883057,0.1549999713897705,0.14907963257543952,4.010000228881836
QNME,tb_241_243#0,bo_236#0,236,243,236,1,190.0,355.66363636363633,0.04657799693385197,0.23648649954813236,7.514278133061682,0.3028571265084403,241,2025-09-08,0.08781591723907956,0.42014478528826965,0.06453484882529643,0.07691666949126466,0.07752580349558087,0.05549997091293335,0.09200000762939453,0.09380622518702755,1.2100000381469727
QTTB,tb_271#1,bo_266#0,266,271,258,3,5.0,2.068153017031291,0.2567804423433131,0.20802003050682233,3.2323331018970376,0.9949494998146837,271,2025-10-20,0.0959675834478316,0.9129129223732,0.07607610357131472,0.14816248459810138,0.08271712736111733,0.17500007152557373,0.5039999485015869,0.27544802780170474,3.3299999237060547
QUBT,tb_252_254#1,bo_250#0,250,254,248,2,2.0,5.06002988716077,1.1160497495319741,0.16951620952074006,3.642309519278759,0.37937162419377213,252,2025-09-23,0.08382934273913888,0.223231728002837,0.06803137885755667,0.0814425524891193,0.07428605552372684,1.058000087738037,1.4134998321533203,1.5900930694935593,21.405000686645508
RAIL,tb_319#0,bo_316#0,316,319,316,1,119.0,4.660485157995532,0.4272019059201568,0.04782240971754219,1.310856557183437,0.20022128620072288,319,2025-12-29,0.047621770767241084,0.2800686579942935,0.04374251601089239,0.046283537507038945,0.044877242989823075,0.39999961853027344,0.47500038146972656,0.5223711238089193,11.640000343322754
REEMF,tb_88#0,bo_85#0,85,88,85,1,,3.2901783963928644,0.035719204855108745,0.09433959399563019,1.3998066956256814,0.1111111405455043,88,2025-01-28,0.06881687527632659,1.2115384968074836,0.0733452535847332,0.0733452535847332,0.06905810741151897,0.034999996423721313,0.034999996423721313,0.035910214536810994,0.5199999809265137
REEMF,tb_270_271#0,bo_265#0,265,271,265,1,43.0,5.395664183251242,0.11603386634135633,0.36458330422950225,6.032720881808064,0.15384621654663722,270,2025-10-17,0.14898517429735503,0.06916890303813872,0.11904767367061589,0.1960098677401364,0.12718078502946611,0.1300000548362732,0.23999997973442078,0.1818685159212389,1.4299999475479126
RENT,tb_316_320#1,bo_311#0,311,320,297,3,6.0,7.390174643380883,0.5838671432483068,0.16885849550227933,2.748913066325626,0.7995734493413396,316,2025-12-23,0.09087687527151558,0.19841167977728924,0.08401242938072523,0.15095279819358354,0.07686008142810216,0.630000114440918,1.013000249862671,0.6440874911634343,8.380000114440918
RERE,tb_200#0,bo_197#0,197,200,189,2,8.0,5.901066666666667,0.1765277716914391,0.17701147459190114,4.26323326950901,0.32055755111192585,200,2025-07-10,0.0702816837221346,0.3396738053092858,0.06457681058999712,0.09575781398355931,0.06439321575687709,0.19498639810705676,0.31911303516302514,0.23160579349078397,3.5967421531677246
RGS,tb_248_249#3,bo_246#0,246,249,241,4,2.0,4.477300751036879,1.3008537311919695,0.09210963457241514,2.144746060704974,0.22424493418226787,248,2025-09-17,0.04773220008418159,0.10623359453094727,0.06153847093892936,0.05560410551764972,0.04455729652888912,1.4899988174438477,1.5499992370605469,1.2689917847460506,28.479999542236328
RGTI,tb_174#0,bo_168#0,168,174,154,3,8.0,3.338161761146991,1.081051780668257,0.2272549145859997,3.2163123901076296,0.5164112840326858,174,2025-06-02,0.10828342758322211,0.4184338552197955,0.11184194169606318,0.11233681874098762,0.09997535569697326,1.179999828338623,1.3464999198913574,1.225697883727435,12.260000228881836
RKDA,tb_270#0,bo_268#0,268,270,263,2,5.0,121.1071464286039,0.4306353492345879,0.17832168152795302,2.3685932488809,0.6124259244785899,270,2025-10-17,0.10835925523961056,-0.045802906322469084,0.07332426639211126,0.15086278579593565,0.09179377329299872,0.2549999952316284,0.5899999141693115,0.5030298793964603,5.480000019073486
RKTO,tb_249_251#0,bo_246#0,246,251,241,3,3.0,3.174269007901052,0.11600682421880738,0.09844556641183673,1.6378341471774043,0.36842104791415564,249,2025-09-18,0.0767384076982552,0.12225624144703133,0.07739175080468905,0.10470093911213776,0.0666103330767682,0.11500000953674316,0.18499994277954102,0.12789183664878956,1.9199999570846558
RSSS,tb_240#1,bo_238#0,238,240,229,3,1.0,1.3112632337453578,0.1332267975503548,0.04154298849846096,1.0508386380201096,0.15492960229513142,240,2025-09-05,0.041535757769266775,0.24096384590432418,0.04745295385264217,0.03746939562237237,0.03972488827506085,0.14499998092651367,0.11500000953674316,0.13188662642127963,3.319999933242798
RUN,tb_166#2,bo_160#0,160,166,150,4,1.0,3.121701096592739,0.6466308818208185,0.14807253980130702,3.0295485243030837,0.4830852822950231,166,2025-05-20,0.08032000229261678,-0.0025996302487313327,0.06967972700298672,0.11425661389551327,0.07250885189384829,0.7250001430511475,1.179999828338623,0.8367521480890161,11.539999961853027
RUN,tb_166#3,bo_162#0,162,166,150,5,2.0,1.7651152176792,0.8380898474557485,0.13499615200090465,2.0988201084452363,0.7185385708680365,166,2025-05-20,0.08032000229261678,-0.0025996302487313327,0.06967972700298672,0.11425661389551327,0.07250885189384829,0.7250001430511475,1.179999828338623,0.8367521480890161,11.539999961853027
SBFM,tb_274_277#1,bo_268#0,268,277,262,3,1.0,12.354228924873167,0.9863156955084796,0.2551439938374584,6.286018648820658,0.26143784290590677,274,2025-10-23,0.07849997268297465,0.085315801000512,0.056474929047325866,0.09072390240746539,0.06787461875938834,0.994999885559082,1.6000003814697266,1.2556804470486842,18.5
SCTSF,tb_246_247#0,bo_231#0,231,247,220,3,7.0,0.5580133555926544,0.03763914077027071,0.148936116247491,5.579296302734722,0.14531037050702444,246,2025-09-15,0.057300855469312524,0.08322654329606283,0.05672024640811963,0.07449657692588238,0.05111172183797948,0.05200004577636719,0.09499996900558472,0.06542300249029565,1.2799999713897705
SDEV,tb_317_319#2,bo_311#0,311,319,305,3,5.0,1.6075062494504253,1.46499336977854,0.3214837156638906,7.099006675200029,1.6115701971268397,317,2025-12-24,0.15160272905679606,3.139446820780689,0.16738242808271792,0.20822464437433444,0.11805805349150006,2.624999523162842,4.049999237060547,2.8038787704231263,23.75
SDST,tb_270_271#1,bo_267#0,267,271,266,2,1.0,12.342999707819995,0.4419352763458161,0.3741851182543707,6.494163374532917,0.8415585268084669,270,2025-10-17,0.1384896207360041,0.02278863321617297,0.11813543419944002,0.12495523661719685,0.11952803330734763,0.4635000228881836,0.5799998044967651,0.634693850022567,5.309999942779541
SGMT,tb_186#1,bo_178#0,178,186,177,2,1.0,3.4135390545665554,0.4021385700005821,0.2885417028847653,6.888174038515286,0.3627451094972407,186,2025-06-18,0.1264605005196529,0.620738623471361,0.10835055943534794,0.16312950249048583,0.10282543885638755,0.5799999237060547,1.00600004196167,0.7238910856264892,7.039999961853027
SGMT,tb_186#2,bo_182#0,182,186,177,3,4.0,8.821864256107618,0.4971542828107443,0.2885417028847653,5.57171194845796,1.1102940729607615,186,2025-06-18,0.1264605005196529,0.620738623471361,0.10835055943534794,0.16312950249048583,0.10282543885638755,0.5799999237060547,1.00600004196167,0.7238910856264892,7.039999961853027
SHIM,tb_321_322#0,bo_318#0,318,322,311,2,7.0,5.973053892215569,0.19331578215959316,0.15882358386029682,2.7933580706090804,0.22692314393421853,321,2025-12-31,0.07887921807646664,0.5321917329502959,0.06526691434228406,0.07087159832050083,0.07372405166282109,0.1799999475479126,0.1950000524520874,0.21527423648013633,2.9200000762939453
SIFY,tb_108_122#0,bo_102#0,102,122,94,3,6.0,2.5995381062355656,0.271686334339563,0.23292467860257152,4.895350835142759,0.3720929394418204,108,2025-02-26,0.08181765197947853,0.05183318054223109,0.0847228349891958,0.09553317628000048,0.06988699824972129,0.3850001096725464,0.4549999237060547,0.33545760492854926,4.800000190734863
SLN,tb_274_275#3,bo_271#0,271,275,267,4,2.0,3.008066588900532,0.4381621302711604,0.11382639460147975,2.0198008174146542,0.307272737676447,274,2025-10-23,0.06696389274130282,0.06530466255956036,0.08361125332308308,0.08989898180453176,0.0669482169198482,0.5080001354217529,0.5874998569488525,0.4853745726688995,7.25
SLNH,tb_258_259#2,bo_253#0,253,259,243,3,2.0,5.2054340661193015,0.2413829212978892,0.3342857360839844,4.847070662675655,5.603773941387713,258,2025-10-01,0.18463634636162238,1.0522968034158284,0.23226255164352527,0.3081941417238737,0.13988481562780453,0.23999997973442078,0.8399999141693115,0.35530742635844126,2.5399999618530273
SLNHP,tb_250#1,bo_248#0,248,250,247,2,1.0,3.4841739130434783,0.5510730557134245,0.18732393543248693,2.4134729686324876,0.7753424245927778,250,2025-09-19,0.10874628645700474,0.9379845534327471,0.13961940554279473,0.1717384401603816,0.09866411424637835,0.3900001049041748,0.6485000848770142,0.636383518070454,6.449999809265137
SMTOY,tb_178_180#2,bo_174#0,174,180,168,3,5.0,3.278081140845706,0.08170160367803406,0.024941208783318014,0.8108786467859772,0.172737252527579,178,2025-06-06,0.029650955929319472,0.3013851318606131,0.020685775329956444,0.023086797123309914,0.029742744409001248,0.04687488079071045,0.05937504768371582,0.07714524331084699,2.59375
SNDX,tb_229_239#0,bo_225#0,225,239,218,2,7.0,1.3290716227025081,0.7244739422431419,0.05878751026528498,1.3250994717278395,0.41907508476262745,229,2025-08-20,0.052227874740821176,0.0732986412177131,0.055699948043535896,0.05206591943322586,0.04808604507987262,0.6725001335144043,0.6725001335144043,0.7568743385511728,15.739999771118164
SNES,tb_195_201#2,bo_186#0,186,201,183,3,1.0,5.848294481075749,0.23637869450044338,0.09852667851295298,2.2633167026443064,0.5178571687060964,195,2025-07-02,0.08587583919095178,0.23095817013540287,0.0884372796210765,0.10460186845935265,0.07272947132989882,0.34150004386901855,0.4250001907348633,0.3687384321274282,5.070000171661377
SNES,tb_195_201#3,bo_193#0,193,201,183,4,7.0,4.249480952151031,0.40664928052148824,0.0935185380596843,1.2418566529696162,0.8178572283107421,195,2025-07-02,0.08587583919095178,0.23095817013540287,0.0884372796210765,0.10460186845935265,0.07272947132989882,0.34150004386901855,0.4250001907348633,0.3687384321274282,5.070000171661377
SNOA,tb_123_125#0,bo_121#0,121,125,117,2,4.0,0.4488688764715456,0.42096294223604,0.21078429195524276,2.042934920892896,0.3835125261192256,123,2025-03-19,0.13719424586387188,0.22570732404346452,0.09411819059163945,0.17834754976002937,0.11041166454018332,0.20000004768371582,0.5999999046325684,0.3787120167436026,3.430000066757202
SNT,tb_179#0,bo_173#0,173,179,165,2,8.0,6.9366889500589854,0.18132087304455077,0.13519811861618966,3.1987487924986326,0.1601124103435625,179,2025-06-09,0.059724152605668886,0.3090909316097836,0.057389282212953405,0.06773544871417643,0.05578759699740822,0.2200000286102295,0.2549999952316284,0.21478224311970182,3.8499999046325684
SOS,tb_201#0,bo_198#0,198,201,198,1,,29.0650835532102,0.35365353626029084,0.1685720000340952,4.586408940661025,0.23078120901016574,201,2025-07-11,0.0735242479217794,0.043274839450884395,0.06130094651414426,0.1007839384726911,0.06741625395622497,0.36499977111816406,0.6085002422332764,0.5764089841843535,8.550000190734863
SPCE,tb_169#0,bo_164#0,164,169,158,2,6.0,57.591442659349966,0.24566022515451744,0.4698795102853562,12.700468232481015,0.684210649597792,169,2025-05-23,0.13812492086171077,0.2446236771053627,0.07888197195643373,0.10883886715013566,0.12062693058149103,0.23450005054473877,0.40000009536743164,0.4487321852143108,3.7200000286102295
SPPL,tb_258#0,bo_252#0,252,258,243,4,7.0,1.598639455782313,0.40749235702058295,0.14492109726395436,2.4123146967050713,0.8885448509632923,258,2025-10-01,0.08206476929896335,0.18443319470899544,0.07988245367622214,0.0882878131848574,0.07396807940793844,0.4789998531341553,0.5309998989105225,0.43715133801428296,5.909999847412109
SPWR,tb_150_151#0,bo_147#0,147,151,142,3,4.0,2.451675996492885,0.2542335839443981,0.06220090017276792,0.5113402958232708,0.2147239416354243,150,2025-04-28,0.12809051736503702,0.06633533853636386,0.12801991717297279,0.12150646281899957,0.10728002902757873,0.19249999523162842,0.2174999713897705,0.21992405439102597,2.049999952316284
SPWR,tb_153_154#0,bo_150#0,150,154,142,4,3.0,0.7510836391732664,0.25361922682590604,0.09268289874665095,0.7491543144778715,0.25766868608178894,153,2025-05-01,0.12344112975446465,0.12760726620448493,0.1291784660805898,0.10914527222035122,0.10976765796942446,0.20200002193450928,0.21449995040893555,0.21294926274163922,1.940000057220459
SSGC,tb_184_187#2,bo_176#0,176,187,174,3,1.0,7.356208024797658,0.0374005792083086,0.22012579653733758,9.358144479326802,0.612903304745535,184,2025-06-16,0.1369236483029596,0.04908069854249719,0.17817696360724544,0.289614501538838,0.1048751088963919,0.08650000393390656,0.23500001430511475,0.13948389933295263,1.3300000429153442
SSP,tb_295#3,bo_291#0,291,295,285,4,3.0,18.022410399786633,0.15577262511970438,0.21020428726343698,4.9715856691024705,1.0878053390746931,295,2025-11-21,0.08727749934688045,0.6076215588845584,0.08193852427427888,0.10267827507778102,0.07269489925876257,0.169172465801239,0.2406015396118164,0.22519018713979508,3.0977439880371094
STEX,tb_164_166#0,bo_158#0,158,166,148,3,4.0,4.907779843871841,0.16340742626045698,0.2597402506924976,4.895738037273502,1.796875002910383,164,2025-05-16,0.11500351745211065,3.9922731586391627,0.19678880400093002,0.19678880400093002,0.10057802824338288,0.2499999701976776,0.4150000214576721,0.26250864316417427,2.609999895095825
STEX,tb_164_166#1,bo_159#0,159,166,148,4,1.0,2.5770521636063966,0.17744975397793253,0.2597402506924976,4.508318182372749,2.031250157160688,164,2025-05-16,0.11500351745211065,3.9922731586391627,0.19678880400093002,0.19678880400093002,0.10057802824338288,0.2499999701976776,0.4150000214576721,0.26250864316417427,2.609999895095825
STEX,tb_164_166#2,bo_160#0,160,166,148,5,1.0,2.274781174630581,0.18906047970588816,0.2597402506924976,4.231449923118801,2.406250180443753,164,2025-05-16,0.11500351745211065,3.9922731586391627,0.19678880400093002,0.19678880400093002,0.10057802824338288,0.2499999701976776,0.4150000214576721,0.26250864316417427,2.609999895095825
STEX,tb_164_166#3,bo_161#0,161,166,148,6,1.0,2.4912612187057155,0.22484187809978606,0.2597402506924976,3.55805581716961,2.9375000582076622,164,2025-05-16,0.11500351745211065,3.9922731586391627,0.19678880400093002,0.19678880400093002,0.10057802824338288,0.2499999701976776,0.4150000214576721,0.26250864316417427,2.609999895095825
SUPV,tb_283#1,bo_280#0,280,283,274,3,4.0,1.0850926378386436,0.8880901894202616,0.08760149505162686,1.336576272093567,1.0562914163468937,283,2025-11-05,0.07676347585607328,0.001577247918613356,0.10466212773745057,0.10466212773745057,0.06946413059816417,0.8755002021789551,1.1015002727508545,0.880805197183492,12.680000305175781
SYRE,tb_274_275#1,bo_264#0,264,275,263,2,1.0,4.9969067872226525,0.9316282121736329,0.0884495331421777,2.280952822416193,0.32147312555377994,274,2025-10-23,0.06108756502630719,0.5446823586158959,0.05751014275745865,0.0635789756524777,0.055968828916295434,1.1524996757507324,1.4115009307861328,1.2520227498284393,22.3700008392334
SYRE,tb_274_275#2,bo_268#0,268,275,263,3,4.0,3.668305200309586,1.3648222624776414,0.0884495331421777,1.5569792920452248,0.38514356429395846,274,2025-10-23,0.06108756502630719,0.5446823586158959,0.05751014275745865,0.0635789756524777,0.055968828916295434,1.1524996757507324,1.4115009307861328,1.2520227498284393,22.3700008392334
TBLA,tb_292_307#0,bo_287#0,287,307,283,3,1.0,4.960442087930753,0.14544075935088055,0.09084514120871273,2.6608794128217395,0.24324323163289097,292,2025-11-18,0.03959326661280615,0.1562658196223381,0.039458604181433876,0.03821346938584552,0.03561765837826041,0.13750004768371582,0.1475001573562622,0.1403335760484048,3.940000057220459
TEO,tb_286_287#0,bo_281#0,281,287,276,2,5.0,3.083960126437657,0.6810848063875915,0.0759592977492092,1.4241989513370545,0.5214646558909497,286,2025-11-10,0.059380672170271404,0.06446805494986041,0.06272417389700227,0.06588998027412063,0.05277327168224338,0.5699996948242188,0.75,0.6723314691529374,12.739999771118164
TEO,tb_286_287#1,bo_283#0,283,287,276,3,2.0,0.6786380975570165,0.7289456335783593,0.0759592977492092,1.3306894538446217,0.566919157558796,286,2025-11-10,0.059380672170271404,0.06446805494986041,0.06272417389700227,0.06588998027412063,0.05277327168224338,0.5699996948242188,0.75,0.6723314691529374,12.739999771118164
TEO,tb_288_293#0,bo_286#0,286,293,276,4,3.0,1.0653905487516921,0.7060362124912629,0.07796101573891458,1.4730122102142136,0.6085858141910108,288,2025-11-12,0.05710674879824326,0.03654578994301708,0.060988521994282036,0.060988521994282036,0.05213940731688723,0.6499996185302734,0.7300000190734863,0.6934541272594029,13.300000190734863
TEO,tb_290_293#0,bo_288#0,288,293,276,5,2.0,0.7290209091272538,0.7252556988454415,0.1131794805081188,2.0958131872433556,0.6792929371988612,290,2025-11-14,0.05851094621736344,0.03523302822605179,0.06272417389700227,0.060988521994282036,0.05544911484833874,0.7300000190734863,0.7350006103515625,0.7274923804645567,13.119999885559082
TGB,tb_182_184#2,bo_178#0,178,184,174,4,1.0,3.415284600957274,0.1093564738938924,0.0859873281288736,2.468991635621605,0.372197272021056,182,2025-06-12,0.04759776016891342,0.24646674827301088,0.043267055879305516,0.04687213730414344,0.044527729383662736,0.09500002861022949,0.1350001096725464,0.13002097319749134,2.9200000762939453
TIC,tb_150#0,bo_147#0,147,150,147,1,49.0,9.580696953828538,0.39589107859530354,0.058423953447736675,2.172316217387387,0.22943330211662527,150,2025-09-23,0.04737538245457673,0.03777782222371151,0.035980219824878194,0.03636225276300718,0.04290908979141626,0.3900003433227539,0.4050002098083496,0.6178908766278755,14.399999618530273
TIL,tb_174_175#1,bo_172#0,172,175,168,3,1.0,3.9162604205728795,3.3951257104161976,0.23398694805070466,2.636132363370516,0.8711468351593277,174,2025-06-02,0.14784999227159276,0.43713704882885873,0.14076768827784256,0.26663405483299313,0.1305206811065378,1.994999885559082,6.305000305175781,3.8699381450191574,29.649999618530273
TISI,tb_144_145#0,bo_138#0,138,145,135,2,3.0,4.030194472876151,1.68459651757249,0.06625000635782878,0.9438462777301041,0.10192839781555518,144,2025-04-17,0.08133476084986098,0.02464697017059958,0.0835891181760691,0.08617513605256702,0.07340318053335505,1.5399999618530273,1.6449995040893555,1.7169003478734286,23.389999389648438
TKLF,tb_204#0,bo_202#0,202,204,200,2,2.0,1.5258883248730963,0.21233500530217536,0.09836067404450265,1.9780067619855728,0.09456634850118917,204,2025-07-16,0.056073604051757854,0.008457691555391778,0.0563491935144229,0.063446416266081,0.05719925852959269,0.20299994945526123,0.24900007247924805,0.22994101819797336,4.019999980926514
TLSA,tb_112#2,bo_110#0,110,112,107,3,1.0,3.3955609759267644,0.095371624371635,0.3082706864635346,4.298972875080694,0.41758233480818796,112,2025-03-04,0.09841884428038725,0.6608695706257524,0.08856211781153,0.14345346727321268,0.09873644390680632,0.07999998331069946,0.1550000011920929,0.113546908138767,1.149999976158142
TNEYF,tb_174#0,bo_170#0,170,174,160,4,3.0,1.1970149253731344,0.08985850615841466,0.052069925360185385,1.8793184797742328,0.15248228592678892,174,2025-06-02,0.02521355172692043,0.2263417923002251,0.026313137349899728,0.025318708734417765,0.02788515083474462,0.07886174798601542,0.0788617157688718,0.09013828681711736,3.232483386993408
TNEYF,tb_178#0,bo_175#0,175,178,160,5,5.0,0.12899008337855838,0.08606425682670793,0.014925359325276867,0.5742953857940997,0.18415063017296562,178,2025-06-06,0.025287921099378816,0.20424554138972617,0.025318708734417765,0.021186313773284157,0.02636105016841553,0.07886174798601542,0.0690866130907759,0.08677517354338829,3.291795015335083
TONX,tb_175#0,bo_173#0,173,175,166,2,7.0,4.0815755488592345,0.5236956948316501,0.13309772297613792,2.157740933820384,0.2800632805143142,175,2025-06-03,0.08793745528253158,0.514030568180657,0.09161463406111715,0.06933784766223797,0.07865970220572836,0.5469999313354492,0.4849998950958252,0.6166920772954284,7.840000152587891
TPCS,tb_169_172#1,bo_163#0,163,172,154,3,5.0,3.0856075542181176,0.23778017210018657,0.14705884256736027,2.733617734507989,0.556420273891931,169,2025-05-23,0.07127599904106617,0.07561949042732707,0.07187298885284096,0.08254792006873177,0.0655633517712843,0.2349998950958252,0.31999993324279785,0.25176326517438413,3.8399999141693115
TPCS,tb_169_172#2,bo_165#0,165,172,154,4,2.0,2.058123050751347,0.2490553433266521,0.14705884256736027,2.60986207597608,0.7003891046973936,169,2025-05-23,0.07127599904106617,0.07561949042732707,0.07187298885284096,0.08254792006873177,0.0655633517712843,0.2349998950958252,0.31999993324279785,0.25176326517438413,3.8399999141693115
TRIB,tb_231#0,bo_225#0,225,231,217,3,7.0,206.04449076775396,0.0966163090273209,0.5610465217017042,19.975924211837174,1.728571427355007,231,2025-08-22,0.1873570425032847,0.04458594325106491,0.10977242303398049,0.22074871230332319,0.1498056072512081,0.11500000953674316,0.26499998569488525,0.23519481124201352,1.5700000524520874
TRON,tb_193#1,bo_182#0,182,193,168,4,5.0,8.368281072968319,0.07017927871029273,0.41875000419095154,76.37582249371692,1.7251730995289511,193,2025-06-30,0.17928954333324634,0.6516129278367566,0.1891143371545318,0.22644333963221813,0.14387935401852409,0.6729997992515564,1.8199999332427979,1.1150649936435617,7.75
TRON,tb_193#2,bo_184#0,184,193,168,5,2.0,490.7211336468926,0.11956274177417045,0.41875000419095154,44.83002023856518,20.224017588463514,193,2025-06-30,0.17928954333324634,0.6516129278367566,0.1891143371545318,0.22644333963221813,0.14387935401852409,0.6729997992515564,1.8199999332427979,1.1150649936435617,7.75
TRT,tb_271_272#1,bo_266#0,266,272,263,2,3.0,6.507875974133643,0.1393409402249491,0.16273581510593207,4.95188146203089,0.23407639189179452,271,2025-10-20,0.055605725916542545,0.44536780897425343,0.053393578227988014,0.07169881784209063,0.04667108424810355,0.18750011920928955,0.23749983310699463,0.17221630354604298,3.690000057220459
TRT,tb_271_272#2,bo_267#0,267,272,263,3,1.0,5.648734177215189,0.15545944517579155,0.16273581510593207,4.438455431393293,0.2961783553142854,271,2025-10-20,0.055605725916542545,0.44536780897425343,0.053393578227988014,0.07169881784209063,0.04667108424810355,0.18750011920928955,0.23749983310699463,0.17221630354604298,3.690000057220459
TSNDF,tb_220_221#0,bo_218#0,218,221,211,3,6.0,3.545539675815478,0.05212148696379495,0.13396223359533888,1.3622017349995779,0.29999993294477556,220,2025-08-07,0.11001631976035949,1.3516163306076676,0.1305008828085517,0.13535064588494186,0.10311697385375225,0.0559999942779541,0.06449998915195465,0.05258965568201355,0.5099999904632568
TSNDF,tb_226#0,bo_224#0,224,226,211,4,6.0,2.080263223907554,0.06999217614903232,0.15684209568678825,2.1288092074103253,1.2249999310821305,226,2025-08-15,0.09705498711141498,0.5078407789529025,0.13535064588494186,0.13595395793001847,0.0879248284430936,0.06999997794628143,0.0950000137090683,0.072889682443918,0.8289999961853027
TULP,tb_172_173#0,bo_169#0,169,173,165,3,3.0,3.4520547945205475,0.3103005737834051,0.05444649333449182,0.9668051434035322,0.1517856753222191,172,2025-05-29,0.06649952202615261,0.056908533447050824,0.08025348465840651,0.09298786087111464,0.05595581212056424,0.3700000047683716,0.4249999523162842,0.29152978328268453,5.210000038146973
TULP,tb_175_193#0,bo_173#0,173,193,165,4,4.0,0.761860465116279,0.3225863028367962,0.08348790731205472,1.3949749425436764,0.20312496507540367,175,2025-06-03,0.0801513965221964,0.1267130940028664,0.08995102606718079,0.09236073747982942,0.06733763839100909,0.4249999523162842,0.48000001907348633,0.33736158375131786,5.010000228881836
TUNGF,tb_164#0,bo_160#0,160,164,155,2,5.0,16.482632003357704,0.056040625125748346,0.17850287630497685,3.153069681112132,0.42443632159587863,164,2025-08-15,0.10142878411292779,3.036135391038777,0.10775133242418364,0.11600992373116113,0.08928897087010472,0.062150001525878906,0.08124998211860657,0.07521613624449874,0.8423900008201599
TVRD,tb_149#0,bo_146#0,146,149,143,2,3.0,4.427771122062787,1.8808978217865167,0.18952378772553943,2.1160105010149035,0.2211779276023762,149,2025-04-25,0.11312348074452333,0.8201591872124874,0.07378532407567634,0.1473517946455907,0.09367479537901693,1.0934996604919434,2.5450000762939453,1.7657699286285677,18.850000381469727
TVRD,tb_158#0,bo_154#0,154,158,143,3,8.0,7.212508667170311,2.527325380475823,0.11476210759822468,1.29623161881795,0.6748119973901829,158,2025-05-08,0.10034793365423454,0.31708262488081806,0.12726853113237818,0.12132163707259508,0.08779065466453542,2.875,3.1700000762939453,2.2869464870321936,26.049999237060547
TWIN,tb_241_250#0,bo_238#0,238,250,230,3,6.0,0.8582035741430047,0.6134215904489365,0.04402979221713487,0.9549623665805675,0.5278423107561818,241,2025-09-08,0.047357628757260885,0.262023242300351,0.04256847934225484,0.038408499661579415,0.043018501472663874,0.48154421864412456,0.48154421864412456,0.5719127239513242,13.294575691223145
TWIN,tb_244_250#0,bo_241#0,241,250,230,4,3.0,0.7442849548112707,0.6122021857939196,0.0601449087269664,1.346098859404632,0.5533644985925936,244,2025-09-11,0.04862590884181756,0.27403606298247357,0.04553398614798798,0.04553398614798798,0.04539959995794134,0.6006879637766227,0.6006879637766227,0.5945531482334558,13.095999717712402
URGN,tb_192_193#1,bo_184#0,184,193,183,2,1.0,3.708863766576767,1.4431813754397413,0.1672004941755913,1.808504253931334,0.2942238493979543,192,2025-06-27,0.10648497322902474,0.5458810858441283,0.10377304769007231,0.08728328050530235,0.09586372030872536,0.940000057220459,1.241499900817871,1.293201565023241,13.489999771118164
VATE,tb_86#0,bo_83#0,83,86,83,1,,613.3858511837656,0.39572428029432755,0.11239966321089466,3.184035682482476,0.8630137395351276,86,2025-01-24,0.09042473995304347,0.30217183788077184,0.07376736016489346,0.09992712789758787,0.07471935123575803,0.38499999046325684,0.6450002193450928,0.7912779409879457,10.59000015258789
VCUFF,tb_185#2,bo_182#0,182,185,177,3,3.0,5.529848394239628,0.07188061116154354,0.2892950553853218,3.853612337700554,0.7191667493991571,185,2025-06-17,0.1187311293974497,0.6219839829693707,0.15226824016497267,0.1808093834905652,0.10340679282135112,0.07065001130104065,0.1250000149011612,0.07714146660648852,0.7459999918937683
VERI,tb_214_221#0,bo_207#0,207,221,204,2,3.0,12.946182027659926,0.16468002266283707,0.40438873289122507,7.833373230118142,0.8791945868422066,214,2025-07-30,0.12595805770182347,1.7441536493639278,0.09636584382120895,0.13210193988621918,0.10859616023092904,0.2294999361038208,0.2800000309944153,0.2269659655617585,2.0899999141693115
VIOT,tb_207_210#1,bo_197#0,197,210,196,2,1.0,88.78944190459761,0.08536202350389603,0.1769231339361192,7.373811782129999,0.7718121158537103,207,2025-07-21,0.10700651073686006,0.28699949184901186,0.12392175467637472,0.1558288177975407,0.08771107302397935,0.2691097554483308,0.492607778290449,0.2720450554290307,3.101604461669922
VNCE,tb_249#1,bo_244#0,244,249,243,2,1.0,286.64164086687305,0.08228659711399532,0.3904761764197657,19.930340104034563,1.0933334032694497,249,2025-09-18,0.11753077082793363,0.3854962874039638,0.05805608325228302,0.10318974192680838,0.09555875312232498,0.08499997854232788,0.24500000476837158,0.25036392224466003,2.619999885559082
VNRX,tb_191_194#0,bo_187#0,187,194,176,4,3.0,6.463398375954429,1.2213409629901588,0.24468083055702497,3.766351548983849,0.7037036382939439,191,2025-06-26,0.10677897597386882,0.056290826187906984,0.1101009916197796,0.14669050459963584,0.0893082314496935,1.299999713897705,2.000000476837158,1.5539631931562803,17.399999618530273
VOR,tb_195#2,bo_192#0,192,195,188,3,1.0,4.225758500408444,2.403641012855663,0.3137254773630905,5.325254132626658,3.4166666501098213,195,2025-07-02,0.14644027966100343,1.2689656224744073,0.18201165077569442,0.44064571746227643,0.12339416366838794,0.7399998903274536,6.9800004959106445,3.5784307463832503,29.0
VOR,tb_195#3,bo_193#0,193,195,188,4,1.0,5.421918668611293,2.717666736538057,0.3137254773630905,4.70992232600456,5.750000049670535,195,2025-07-02,0.14644027966100343,1.2689656224744073,0.18201165077569442,0.44064571746227643,0.12339416366838794,0.7399998903274536,6.9800004959106445,3.5784307463832503,29.0
VRCA,tb_302_319#0,bo_299#0,299,319,296,3,2.0,8.05270317711076,0.5103015018349448,0.33082171262271115,6.366824437702959,1.161520261048521,302,2025-12-03,0.12061065454552612,0.12419925971305777,0.10230886823167787,0.1876305561847792,0.09473812058615388,0.4450000524520874,0.998999834060669,0.7086411437914173,7.480000019073486
VRNO,tb_227_228#1,bo_224#0,224,228,218,3,2.0,2.8366049416534267,0.582284430560473,0.3179190340392288,4.722777012113913,1.1522693958228785,227,2025-08-18,0.13497570834520414,0.3214285714285714,0.1570167034317751,0.1845979807469692,0.10244482737523948,0.5749998092651367,1.1724998950958252,0.7171137916266763,7.0
VRNO,tb_232_236#0,bo_229#0,229,236,218,4,5.0,0.8698941230627589,0.8579893929106951,0.11680907841474651,1.1946530190227675,1.2547583880753566,232,2025-08-25,0.12764848574376797,0.09213826041746373,0.16797231199554585,0.17856706840059772,0.10130745939266626,1.0850002765655518,1.3374996185302734,0.8307211476969989,8.199999809265137
VRNO,tb_232_236#1,bo_230#0,230,236,218,5,1.0,1.0179156638566225,0.9217044362742168,0.11680907841474651,1.1120697462123588,1.5183017503763732,232,2025-08-25,0.12764848574376797,0.09213826041746373,0.16797231199554585,0.17856706840059772,0.10130745939266626,1.0850002765655518,1.3374996185302734,0.8307211476969989,8.199999809265137
VSAT,tb_189#0,bo_183#0,183,189,183,1,62.0,3.5230690476214903,0.6825680475092987,0.08387097435778237,1.7141149231395956,0.10526322834159552,189,2025-06-24,0.0621967829485249,1.2026195039188816,0.06159344966098652,0.05749733282954242,0.05792465452203758,0.6850004196166992,0.755000114440918,0.7518619891802453,12.979999542236328
VSAT,tb_189#1,bo_186#0,186,189,183,2,3.0,0.7521295994460706,0.7980109092265757,0.0732414961331238,1.265647144925272,0.16754393552626,189,2025-06-24,0.0621967829485249,1.2026195039188816,0.06159344966098652,0.05749733282954242,0.05792465452203758,0.6850004196166992,0.755000114440918,0.7518619891802453,12.979999542236328
VSTD,tb_101_103#0,bo_97#0,97,103,93,2,4.0,4.741543798785776,0.21775240921114572,0.20181817719430634,3.823149346280123,1.1467391174068302,101,2025-02-14,0.1566280474448508,0.6963653351235157,0.1422027714045978,0.31491320252052224,0.11204169965784867,0.1262499988079071,0.5600000023841858,0.3868239798223646,3.452500104904175
VVOS,tb_206#1,bo_194#0,194,206,187,3,3.0,190.46296732473985,0.27782074014054026,0.3383647352102204,9.682500950154116,0.5604838128206513,206,2025-07-18,0.11595953714824707,0.02113396297138359,0.1436052479739695,0.14832940852796128,0.10026390150951667,0.679999828338623,0.9699997901916504,0.5835359239968264,5.820000171661377
VVOS,tb_206#2,bo_196#0,196,206,187,4,2.0,1.630285446644636,0.381080106131396,0.3383647352102204,7.058882206398336,0.7862902396241294,206,2025-07-18,0.11595953714824707,0.02113396297138359,0.1436052479739695,0.14832940852796128,0.10026390150951667,0.679999828338623,0.9699997901916504,0.5835359239968264,5.820000171661377
VVOS,tb_206#3,bo_200#0,200,206,187,5,4.0,1.5238945081752147,0.5140476208587669,0.3383647352102204,5.232977395925679,1.689516139111087,206,2025-07-18,0.11595953714824707,0.02113396297138359,0.1436052479739695,0.14832940852796128,0.10026390150951667,0.679999828338623,0.9699997901916504,0.5835359239968264,5.820000171661377
WATT,tb_205#1,bo_200#0,200,205,199,2,1.0,6.029868629909393,0.551792906769761,0.11697245733145885,2.7727789070865914,0.2982456296899443,205,2025-07-17,0.07937016222745798,0.5223880573409712,0.07123009433491409,0.09058659630539845,0.07094558451414357,0.6149992942810059,0.945000171661377,0.8556037790105234,12.0600004196167
WATT,tb_209#0,bo_206#0,206,209,199,3,6.0,4.320844088021963,0.9073682138238841,0.15849677038930687,3.207078181439628,0.8245614074224861,209,2025-07-23,0.09530713559617499,0.04972372132713043,0.09058659630539845,0.17391776100483813,0.08077196238654107,0.869999885559082,2.205000400543213,1.315775341225694,16.290000915527344
WEXPF,tb_251_256#0,bo_246#0,246,256,237,3,2.0,1.5970090125779937,0.044100198710574134,0.1724502909101416,2.9523669421387693,0.5248958362243139,251,2025-09-22,0.07472529365987628,0.08036017831395277,0.08260530004843197,0.10257977074435372,0.0661220245953505,0.05140000581741333,0.0710500180721283,0.0435281276371418,0.65829998254776
WHWK,tb_273_278#0,bo_269#0,269,278,261,3,7.0,878.0564501831935,0.13453076486834797,0.41909812511928834,11.744524943809285,0.33163257362146625,273,2025-10-22,0.13306914448231238,0.12613226828683136,0.07618146511968518,0.12928100682984847,0.10734940491959592,0.15599989891052246,0.2800000309944153,0.2544180773742779,2.369999885559082
WIMI,tb_256#1,bo_251#0,251,256,244,3,2.0,1.4669354653959819,0.35037932772273767,0.2070796560257151,3.33923831607951,0.2666666352699829,256,2025-09-29,0.08750539600684763,0.08008566731674449,0.08723171706607734,0.11455433453135283,0.08840592381467183,0.36999988555908203,0.5450000762939453,0.41285567095935416,4.670000076293945
WRBY,tb_312_313#3,bo_308#0,308,313,305,4,1.0,4.529017274022623,1.6092697744259186,0.14322582367927797,2.75901567569149,0.6105486843359429,312,2025-12-17,0.06637361315625889,0.12128671524087598,0.06208028976049046,0.08508502695139349,0.058509342452732406,1.3374996185302734,2.145000457763672,1.566880231059351,26.780000686645508
WRD,tb_82#1,bo_75#0,75,82,73,2,2.0,196.21247543188167,1.1271294318755978,0.4988636537031694,19.474250376386316,0.9811321230026371,82,2025-02-26,0.1859081538107831,0.03898885353311399,0.09333916459875834,0.19798077075665327,0.14723408327785267,1.4699993133544922,5.3949995040893555,3.4364435261712196,23.34000015258789
WSTRF,tb_253_254#1,bo_251#0,251,254,244,4,1.0,7.750678476977977,0.04420689984486449,0.10000002384185791,2.262090854431967,0.5540765361311746,253,2025-09-24,0.059614894750107714,0.04578580324489623,0.052339590945093356,0.07372034052693657,0.056213021562545644,0.03199997544288635,0.06150001287460327,0.05160355282945643,0.9179999828338623
WWR,tb_263#0,bo_259#0,259,263,253,2,6.0,2.5669478565136536,0.09374712334910575,0.09999997764825855,1.7067186800556389,0.4814815359896156,263,2025-10-08,0.08180901570760277,1.4509804379889628,0.10947708663322012,0.14275057986621398,0.0691119130397131,0.10999998450279236,0.16499999165534973,0.10574122497345337,1.5299999713897705
WWR,tb_263#1,bo_261#0,261,263,253,3,2.0,3.2254382284620817,0.10195543197019787,0.09999997764825855,1.5693128215882386,0.7530863616110768,263,2025-10-08,0.08180901570760277,1.4509804379889628,0.10947708663322012,0.14275057986621398,0.0691119130397131,0.10999998450279236,0.16499999165534973,0.10574122497345337,1.5299999713897705
WYY,tb_162#0,bo_159#0,159,162,151,3,5.0,5.252159928189401,0.4637271146789474,0.09223296288949129,1.229170511667939,0.5855071636489211,162,2025-05-14,0.082473988668866,0.001666704813639397,0.1083881624984344,0.09038727047087425,0.07610940421268918,0.3949998617172241,0.45999979972839355,0.45665642527613504,6.0
XELB,tb_263_269#0,bo_260#0,260,269,251,3,6.0,43.10955590734176,0.10447030507102073,0.2593706283614587,6.603789669688725,0.7122303157802656,263,2025-10-08,0.1028467186175297,0.06797822160241473,0.06452356486495286,0.10013033082667822,0.08986733058712588,0.09724998474121094,0.18269991874694824,0.1833293509695702,2.0399999618530273
XNET,tb_92_94#1,bo_87#0,87,94,86,2,1.0,3.9869071175515716,0.113641792913552,0.14963506730060486,3.60782838178713,0.172092962393962,92,2025-02-03,0.06241501784027224,1.1705896913030653,0.05513470140132076,0.08254754485444171,0.05945226711175136,0.11000007390975952,0.21500003337860107,0.1492251898835149,2.509999990463257
XPON,tb_209_211#1,bo_206#0,206,211,205,2,1.0,391.5123773700691,0.9413887903268442,0.27118645437624717,6.118619945412777,0.7400880363236484,209,2025-07-23,0.10681103631183474,2.883172660390464,0.09386898725188825,0.07453558254081688,0.09360751631058752,1.0380001068115234,1.1040005683898926,1.5613734006273468,16.68000030517578
XTNT,tb_168_169#0,bo_165#0,165,169,161,2,4.0,0.7166176779340752,0.0595571003774937,0.10666664441426595,1.3432484591028044,0.38461549042245013,168,2025-05-22,0.08904642894877306,0.0612735426913259,0.10303029124698965,0.11072260760539977,0.08075725576996907,0.0599999874830246,0.06999999284744263,0.05895279825239984,0.7300000190734863
XTNT,tb_268#1,bo_266#0,266,268,261,3,1.0,7.75362484301861,0.046218853241588594,0.08333332742017395,1.514533311364275,0.23076929425347004,268,2025-10-15,0.06951355361235365,0.2337662488458374,0.06299597260710604,0.07789855948818557,0.06700948967645433,0.039999961853027344,0.05500000715255737,0.051597305772765244,0.7699999809265137
XYF,tb_108_112#0,bo_101#0,101,112,101,1,,6.803422553751645,0.28258085162870816,0.19967671701442521,8.126415461748145,0.022458583408337063,108,2025-02-26,0.07872724178901146,0.7373588801319106,0.0470807283019475,0.10745821467007155,0.06573387701259252,0.35328712020662945,1.0319711087546226,0.6319087813797177,9.613137245178223
XYF,tb_108_112#1,bo_102#0,102,112,101,2,1.0,7.695888354016693,0.3115379807118546,0.19967671701442521,7.371073654076976,0.12529562493884416,108,2025-02-26,0.07872724178901146,0.7373588801319106,0.0470807283019475,0.10745821467007155,0.06573387701259252,0.35328712020662945,1.0319711087546226,0.6319087813797177,9.613137245178223
YQ,tb_245#0,bo_242#0,242,245,239,2,3.0,1.6735498599149112,0.15563136435989575,0.057295379583597275,1.0344959321896694,0.30731713614387357,245,2025-09-12,0.0617135746326263,1.406716286790855,0.04585754965728723,0.06384732885322061,0.05666648252122661,0.09950000047683716,0.14300000667572021,0.15186617693978313,2.680000066757202
YQ,tb_256#0,bo_246#0,246,256,239,3,4.0,0.8201634877384196,0.1553546037725863,0.11627912005583652,3.218444940006397,0.4736585262033073,256,2025-09-29,0.06333944790433185,0.6124999523162842,0.08985236243258553,0.08302181551635812,0.055162119381544195,0.25500011444091797,0.2799999713897705,0.22064847752617678,4.0
YQ,tb_256#1,bo_248#0,248,256,239,4,2.0,1.1141275167785236,0.17920880620294663,0.11627912005583652,2.79004279428294,0.7317073340929388,256,2025-09-29,0.06333944790433185,0.6124999523162842,0.08985236243258553,0.08302181551635812,0.055162119381544195,0.25500011444091797,0.2799999713897705,0.22064847752617678,4.0
YSG,tb_123#2,bo_120#0,120,123,118,3,1.0,2.6790740363043035,0.2918828334286042,0.10277326307984526,2.158400708395955,0.3034825363134628,123,2025-03-19,0.06706233771824803,0.0,0.0750241774919235,0.09792991435805434,0.05805704519283896,0.3030000925064087,0.49500012397766113,0.3425365721745012,5.900000095367432
YSG,tb_123#3,bo_121#0,121,123,118,4,1.0,7.898095585736403,0.3138912297172558,0.10277326307984526,2.007065042908029,0.460198983435365,123,2025-03-19,0.06706233771824803,0.0,0.0750241774919235,0.09792991435805434,0.05805704519283896,0.3030000925064087,0.49500012397766113,0.3425365721745012,5.900000095367432
ZENA,tb_174_176#0,bo_172#0,172,176,168,3,3.0,2.2453297019150398,0.6104624214448633,0.1155962678260547,1.0320039620336583,0.6225165981173775,174,2025-06-12,0.13145992560288586,0.4035301142208499,0.08982192923333525,0.1387300127996006,0.1089871463871485,0.26499998569488525,0.5899999141693115,0.5503851100427484,5.050000190734863
ZEPP,tb_205_206#1,bo_198#0,198,206,197,2,1.0,516.8478084195698,0.25098051825021167,0.16656153184760705,10.51874608327504,0.718120755969305,205,2025-07-17,0.09950887942573963,3.0967009116609114,0.12473965564056491,0.2148693262951062,0.0779101651513801,0.3450000286102295,1.859999656677246,1.1047661656228653,14.180000305175781
ZH,tb_107_109#1,bo_101#0,101,109,97,3,1.0,12.779089300176981,0.24023179102587483,0.18512658932197154,4.870296605197966,0.4736843009022196,107,2025-02-25,0.07762420502676488,0.08503510464772919,0.06776725263710356,0.10722792960000341,0.06644678732407179,0.2625000476837158,0.6084997653961182,0.35881265788684713,5.400000095367432
ZTEK,tb_153_155#1,bo_150#0,150,155,149,2,1.0,7.391061452513967,0.09651314400740704,0.09836068991039305,1.8650316348971885,0.2148760184019729,153,2025-05-01,0.08432184931499918,0.026474070257619053,0.09045453681970864,0.0859951049862109,0.07220997730740085,0.09999996423721313,0.12000000476837158,0.12636746028795148,1.75
ZURA,tb_209_210#0,bo_205#0,205,210,200,2,5.0,14.055056426144827,0.09808268216105523,0.23853214872113043,5.301650491999645,0.45185185446824216,209,2025-07-23,0.09779169030065325,0.35312762295637246,0.0808722759198206,0.076923084790782,0.08741771595371174,0.0975000262260437,0.11500000953674316,0.14773594496385467,1.690000057220459
