symbol,match_id,tb_id,bo_id,burst_id,group,n_burst_variants,is_rep,own_burst_exists,own_burst_qualified,burst_count,bo_rank_in_burst,bars_bo_to_burst_end,first_bo_idx,last_bo_idx,tb_start,tb_end,tb_date,first_drought,distinct_pk,max_bar_vol_ratio,peak_age_max,fr,dd,fp_up,fp_down,fp_both,fp_none,n_buy_bars,fp4_up,fp4_down,fp6_up,fp6_down,atr_pct,close_at_buy
AIIO,bb_v1@156-162#bo:bo_156#0|burst:burst_156_162#0|tb:tb_160_161#0,tb_160_161#0,bo_156#0,burst_156_162#0,新增,2,1,1,0,3,1,6,156,162,160,161,2025-05-12,118,4,25.019502780669903,84,4.453997936627967,0.029159685273346003,2,0,0,0,2,2,0,2,0,0.11680196805912599,12.020000457763672
AIIO,bb_v1@156-164#bo:bo_156#0|burst:burst_156_164#0|tb:tb_160_161#0,tb_160_161#0,bo_156#0,burst_156_164#0,新增,2,0,1,0,4,1,8,156,164,160,161,2025-05-12,118,7,25.019502780669903,126,4.453997936627967,0.029159685273346003,2,0,0,0,2,2,0,2,0,0.11680196805912599,12.020000457763672
AIIO,bb_v1@156-162#bo:bo_157#0|burst:burst_156_162#0|tb:tb_160_161#1,tb_160_161#1,bo_157#0,burst_156_162#0,新增,2,1,1,0,3,2,5,156,162,160,161,2025-05-12,118,4,25.019502780669903,84,4.453997936627967,0.029159685273346003,2,0,0,0,2,2,0,2,0,0.11680196805912599,12.020000457763672
AIIO,bb_v1@156-164#bo:bo_157#0|burst:burst_156_164#0|tb:tb_160_161#1,tb_160_161#1,bo_157#0,burst_156_164#0,新增,2,0,1,0,4,2,7,156,164,160,161,2025-05-12,118,7,25.019502780669903,126,4.453997936627967,0.029159685273346003,2,0,0,0,2,2,0,2,0,0.11680196805912599,12.020000457763672
AIFA,bb_v1@151-160#bo:bo_151#0|burst:burst_151_160#0|tb:tb_158_159#0,tb_158_159#0,bo_151#0,burst_151_160#0,新增,1,1,1,0,4,1,9,151,160,158,159,2025-05-08,61,3,59.24075990642943,137,1.7881213261817588,0.01030452812913557,2,0,0,0,2,2,0,2,0,0.08346504966465496,7.980000019073486
AIFA,bb_v1@151-160#bo:bo_152#0|burst:burst_151_160#0|tb:tb_158_159#1,tb_158_159#1,bo_152#0,burst_151_160#0,新增,1,1,1,0,4,2,8,151,160,158,159,2025-05-08,61,3,59.24075990642943,137,1.7881213261817588,0.01030452812913557,2,0,0,0,2,2,0,2,0,0.08346504966465496,7.980000019073486
AIFA,bb_v1@151-160#bo:bo_154#0|burst:burst_151_160#0|tb:tb_158_159#2,tb_158_159#2,bo_154#0,burst_151_160#0,新增,1,1,1,0,4,3,6,151,160,158,159,2025-05-08,61,3,59.24075990642943,137,1.7881213261817588,0.01030452812913557,2,0,0,0,2,2,0,2,0,0.08346504966465496,7.980000019073486
AIFA,bb_v1@151-164#bo:bo_160#0|burst:burst_151_160#0|tb:tb_162_164#0,tb_162_164#0,bo_160#0,burst_151_160#0,原有,1,1,1,1,4,4,0,151,160,162,164,2025-05-14,61,3,59.24075990642943,137,1.1380952140136376,-0.1388069066630675,3,0,0,0,3,3,0,3,0,0.09061902144238189,10.680000305175781
ALOT,bb_v1@193-199#bo:bo_193#0|burst:burst_193_195#0|tb:tb_198_199#0,tb_198_199#0,bo_193#0,burst_193_195#0,新增,1,1,1,0,2,1,2,193,195,198,199,2025-07-08,148,3,7.22124424884977,91,0.04010933994149268,-0.13006255131536082,0,0,0,2,2,0,2,0,0,0.031532385763586766,11.710000038146973
ALOT,bb_v1@193-199#bo:bo_195#0|burst:burst_193_195#0|tb:tb_198_199#1,tb_198_199#1,bo_195#0,burst_193_195#0,原有,1,1,1,1,2,2,0,193,195,198,199,2025-07-08,148,3,7.22124424884977,91,0.04010933994149268,-0.13006255131536082,0,0,0,2,2,0,2,0,0,0.031532385763586766,11.710000038146973
ALT,bb_v1@180-185#bo:bo_182#0|burst:burst_180_182#0|tb:tb_185#0,tb_185#0,bo_182#0,burst_180_182#0,原有,2,1,1,1,2,2,0,180,182,185,185,2025-06-17,144,3,3.11892041708277,79,0.12191584453779569,-0.5791001231402572,0,1,0,0,1,0,1,0,1,0.06284296283918349,6.889999866485596
ALT,bb_v1@180-190#bo:bo_182#0|burst:burst_180_190#0|tb:tb_185#0,tb_185#0,bo_182#0,burst_180_190#0,原有,2,0,1,1,3,2,8,180,190,185,185,2025-06-17,144,4,3.11892041708277,104,0.12191584453779569,-0.5791001231402572,0,1,0,0,1,0,1,0,1,0.06284296283918349,6.889999866485596
ABAT,bb_v1@249-255#bo:bo_249#0|burst:burst_249_252#0|tb:tb_255#0,tb_255#0,bo_249#0,burst_249_252#0,新增,2,1,1,0,2,1,3,249,252,255,255,2025-09-26,45,4,3.2110749363741666,183,1.6232875504353261,-0.2625570925388486,1,0,0,0,1,1,0,1,0,0.07931434644591516,4.380000114440918
ABAT,bb_v1@249-255#bo:bo_249#0|burst:burst_249_253#0|tb:tb_255#0,tb_255#0,bo_249#0,burst_249_253#0,新增,2,0,1,0,3,1,4,249,253,255,255,2025-09-26,45,4,3.2110749363741666,184,1.6232875504353261,-0.2625570925388486,1,0,0,0,1,1,0,1,0,0.07931434644591516,4.380000114440918
ABAT,bb_v1@249-255#bo:bo_252#0|burst:burst_249_252#0|tb:tb_255#1,tb_255#1,bo_252#0,burst_249_252#0,原有,2,1,1,1,2,2,0,249,252,255,255,2025-09-26,45,4,3.2110749363741666,183,1.6232875504353261,-0.2625570925388486,1,0,0,0,1,1,0,1,0,0.07931434644591516,4.380000114440918
ABAT,bb_v1@249-255#bo:bo_252#0|burst:burst_249_253#0|tb:tb_255#1,tb_255#1,bo_252#0,burst_249_253#0,原有,2,0,1,1,3,2,1,249,253,255,255,2025-09-26,45,4,3.2110749363741666,184,1.6232875504353261,-0.2625570925388486,1,0,0,0,1,1,0,1,0,0.07931434644591516,4.380000114440918
ABAT,bb_v1@249-255#bo:bo_253#0|burst:burst_249_253#0|tb:tb_255#2,tb_255#2,bo_253#0,burst_249_253#0,原有,1,1,1,1,3,3,0,249,253,255,255,2025-09-26,45,4,3.2110749363741666,184,1.6232875504353261,-0.2625570925388486,1,0,0,0,1,1,0,1,0,0.07931434644591516,4.380000114440918
ABOS,bb_v1@254-263#bo:bo_256#0|burst:burst_254_261#0|tb:tb_263#0,tb_263#0,bo_256#0,burst_254_261#0,新增,2,1,1,0,4,2,5,254,261,263,263,2025-10-08,47,4,4.052056704624681,177,0.3085106619076796,-0.20212765755077033,0,0,0,1,1,1,0,0,0,0.07067997927223782,1.8799999952316284
ABOS,bb_v1@254-264#bo:bo_256#0|burst:burst_254_264#0|tb:tb_263#0,tb_263#0,bo_256#0,burst_254_264#0,新增,2,0,1,0,5,2,8,254,264,263,263,2025-10-08,47,5,4.052056704624681,190,0.3085106619076796,-0.20212765755077033,0,0,0,1,1,1,0,0,0,0.07067997927223782,1.8799999952316284
ABOS,bb_v1@254-263#bo:bo_257#0|burst:burst_254_261#0|tb:tb_263#1,tb_263#1,bo_257#0,burst_254_261#0,新增,2,1,1,0,4,3,4,254,261,263,263,2025-10-08,47,4,4.052056704624681,177,0.3085106619076796,-0.20212765755077033,0,0,0,1,1,1,0,0,0,0.07067997927223782,1.8799999952316284
ABOS,bb_v1@254-264#bo:bo_257#0|burst:burst_254_264#0|tb:tb_263#1,tb_263#1,bo_257#0,burst_254_264#0,新增,2,0,1,0,5,3,7,254,264,263,263,2025-10-08,47,5,4.052056704624681,190,0.3085106619076796,-0.20212765755077033,0,0,0,1,1,1,0,0,0,0.07067997927223782,1.8799999952316284
ABOS,bb_v1@254-263#bo:bo_261#0|burst:burst_254_261#0|tb:tb_263#2,tb_263#2,bo_261#0,burst_254_261#0,原有,2,1,1,1,4,4,0,254,261,263,263,2025-10-08,47,4,4.052056704624681,177,0.3085106619076796,-0.20212765755077033,0,0,0,1,1,1,0,0,0,0.07067997927223782,1.8799999952316284
ABOS,bb_v1@254-264#bo:bo_261#0|burst:burst_254_264#0|tb:tb_263#2,tb_263#2,bo_261#0,burst_254_264#0,原有,2,0,1,1,5,4,3,254,264,263,263,2025-10-08,47,5,4.052056704624681,190,0.3085106619076796,-0.20212765755077033,0,0,0,1,1,1,0,0,0,0.07067997927223782,1.8799999952316284
ABOS,bb_v1@254-269#bo:bo_264#0|burst:burst_254_264#0|tb:tb_267_269#0,tb_267_269#0,bo_264#0,burst_254_264#0,原有,1,1,1,1,5,5,0,254,264,267,269,2025-10-14,47,5,4.052056704624681,190,0.09655699145755355,-0.33136769850405196,0,2,0,1,3,0,3,0,1,0.07958029893572184,2.3299999237060547
ADUR,bb_v1@154-165#bo:bo_158#0|burst:burst_154_165#0|tb:tb_162#0,tb_162#0,bo_158#0,burst_154_165#0,新增,1,1,1,0,3,2,7,154,165,162,162,2025-05-14,116,4,6.079530127277632,125,0.909090957486735,-0.062200935832852355,1,0,0,0,1,1,0,1,0,0.057997986919337066,6.269999980926514
ADUR,bb_v1@154-167#bo:bo_165#0|burst:burst_154_165#0|tb:tb_167#0,tb_167#0,bo_165#0,burst_154_165#0,原有,1,1,1,1,3,3,0,154,165,167,167,2025-05-21,116,4,6.079530127277632,125,0.710344774969693,-0.013793090294147325,1,0,0,0,1,1,0,1,0,0.08228098763916682,7.25
AMPG,bb_v1@204-207#bo:bo_204#0|burst:burst_204#0|tb:tb_207#0,tb_207#0,bo_204#0,burst_204#0,原有,1,1,1,1,1,1,0,204,204,207,207,2025-07-21,40,3,4.1029495059682395,107,0.532423095159688,-0.12969286886791298,1,0,0,0,1,1,0,1,0,0.0648706091673668,2.930000066757202
ALTO,bb_v1@284-296#bo:bo_288#0|burst:burst_284_288#0|tb:tb_292_296#0,tb_292_296#0,bo_288#0,burst_284_288#0,原有,3,1,1,1,2,2,0,284,288,292,296,2025-11-18,104,4,58.323095620119034,182,0.502076520080583,-0.026283196269197374,5,0,0,0,5,5,0,1,0,0.08967207292126138,2.0399999618530273
ALTO,bb_v1@284-296#bo:bo_288#0|burst:burst_284_289#0|tb:tb_292_296#0,tb_292_296#0,bo_288#0,burst_284_289#0,原有,3,0,1,1,3,2,1,284,289,292,296,2025-11-18,104,5,58.323095620119034,214,0.502076520080583,-0.026283196269197374,5,0,0,0,5,5,0,1,0,0.08967207292126138,2.0399999618530273
ALTO,bb_v1@284-296#bo:bo_288#0|burst:burst_284_293#0|tb:tb_292_296#0,tb_292_296#0,bo_288#0,burst_284_293#0,原有,3,0,1,1,4,2,5,284,293,292,296,2025-11-18,104,6,58.323095620119034,261,0.502076520080583,-0.026283196269197374,5,0,0,0,5,5,0,1,0,0.08967207292126138,2.0399999618530273
ALTO,bb_v1@284-296#bo:bo_289#0|burst:burst_284_289#0|tb:tb_292_296#1,tb_292_296#1,bo_289#0,burst_284_289#0,原有,2,1,1,1,3,3,0,284,289,292,296,2025-11-18,104,5,58.323095620119034,214,0.502076520080583,-0.026283196269197374,5,0,0,0,5,5,0,1,0,0.08967207292126138,2.0399999618530273
ALTO,bb_v1@284-296#bo:bo_289#0|burst:burst_284_293#0|tb:tb_292_296#1,tb_292_296#1,bo_289#0,burst_284_293#0,原有,2,0,1,1,4,3,4,284,293,292,296,2025-11-18,104,6,58.323095620119034,261,0.502076520080583,-0.026283196269197374,5,0,0,0,5,5,0,1,0,0.08967207292126138,2.0399999618530273
ALTO,bb_v1@284-296#bo:bo_293#0|burst:burst_284_293#0|tb:tb_296#0,tb_296#0,bo_293#0,burst_284_293#0,原有,1,1,1,1,4,4,0,284,293,296,296,2025-11-24,104,6,58.323095620119034,261,0.4790697328847071,-0.018604743487125486,1,0,0,0,1,1,0,0,0,0.09308025006154805,2.1500000953674316
ALXO,bb_v1@210-226#bo:bo_218#0|burst:burst_210_219#0|tb:tb_223_226#0,tb_223_226#0,bo_218#0,burst_210_219#0,新增,2,1,1,0,3,2,1,210,219,223,226,2025-08-12,156,3,3.871590821531491,72,2.528935261599407,-0.018041919349413127,4,0,0,0,4,4,0,4,0,0.08394145949059292,0.6150000095367432
ALXO,bb_v1@210-227#bo:bo_218#0|burst:burst_210_227#0|tb:tb_223_226#0,tb_223_226#0,bo_218#0,burst_210_227#0,新增,2,0,1,0,4,2,9,210,227,223,226,2025-08-12,156,4,31.15356587330336,72,2.528935261599407,-0.018041919349413127,4,0,0,0,4,4,0,4,0,0.08394145949059292,0.6150000095367432
ALXO,bb_v1@210-226#bo:bo_219#0|burst:burst_210_219#0|tb:tb_223_226#1,tb_223_226#1,bo_219#0,burst_210_219#0,原有,2,1,1,1,3,3,0,210,219,223,226,2025-08-12,156,3,3.871590821531491,72,2.528935261599407,-0.018041919349413127,4,0,0,0,4,4,0,4,0,0.08394145949059292,0.6150000095367432
ALXO,bb_v1@210-227#bo:bo_219#0|burst:burst_210_227#0|tb:tb_223_226#1,tb_223_226#1,bo_219#0,burst_210_227#0,原有,2,0,1,1,4,3,8,210,227,223,226,2025-08-12,156,4,31.15356587330336,72,2.528935261599407,-0.018041919349413127,4,0,0,0,4,4,0,4,0,0.08394145949059292,0.6150000095367432
ALXO,bb_v1@210-236#bo:bo_227#0|burst:burst_210_227#0|tb:tb_233_236#0,tb_233_236#0,bo_227#0,burst_210_227#0,原有,1,1,1,1,4,4,0,210,227,233,236,2025-08-26,156,4,31.15356587330336,72,0.9716754876593824,-0.16616368204863147,4,0,0,0,4,4,0,4,0,0.10729489969322187,1.100000023841858
ALYAF,bb_v1@101-108#bo:bo_101#0|burst:burst_101_102#0|tb:tb_105_108#0,tb_105_108#0,bo_101#0,burst_101_102#0,新增,1,1,1,0,2,1,1,101,102,105,108,2025-02-21,81,3,7.678713858424726,76,0.009836030511854638,-0.38405981623415075,0,4,0,0,4,0,4,0,4,0.04634511746807178,1.5199999809265137
ALYAF,bb_v1@101-108#bo:bo_102#0|burst:burst_101_102#0|tb:tb_105_108#1,tb_105_108#1,bo_102#0,burst_101_102#0,原有,1,1,1,1,2,2,0,101,102,105,108,2025-02-21,81,3,7.678713858424726,76,0.009836030511854638,-0.38405981623415075,0,4,0,0,4,0,4,0,4,0.04634511746807178,1.5199999809265137
ALYAF,bb_v1@175-186#bo:bo_181#0|burst:burst_175_183#0|tb:tb_186#0,tb_186#0,bo_181#0,burst_175_183#0,新增,1,1,1,0,4,2,2,175,183,186,186,2025-06-18,73,4,9.086428700851602,80,0.10674160689570833,-0.15730335724171662,0,1,0,0,1,0,1,0,0,0.033376447207861794,1.7799999713897705
ALYAF,bb_v1@175-186#bo:bo_182#0|burst:burst_175_183#0|tb:tb_186#1,tb_186#1,bo_182#0,burst_175_183#0,新增,1,1,1,0,4,3,1,175,183,186,186,2025-06-18,73,4,9.086428700851602,80,0.10674160689570833,-0.15730335724171662,0,1,0,0,1,0,1,0,0,0.033376447207861794,1.7799999713897705
ALYAF,bb_v1@175-186#bo:bo_183#0|burst:burst_175_183#0|tb:tb_186#2,tb_186#2,bo_183#0,burst_175_183#0,原有,1,1,1,1,4,4,0,175,183,186,186,2025-06-18,73,4,9.086428700851602,80,0.10674160689570833,-0.15730335724171662,0,1,0,0,1,0,1,0,0,0.033376447207861794,1.7799999713897705
ACFN,bb_v1@212-224#bo:bo_212#0|burst:burst_212#0|tb:tb_219_224#0,tb_219_224#0,bo_212#0,burst_212#0,原有,1,1,1,1,1,1,0,212,212,219,224,2025-08-06,54,4,28.11778846153846,158,0.10736076060337496,-0.18643837845077385,0,0,0,6,6,0,0,0,0,0.06917495749568961,29.6200008392334
ACHR,bb_v1@154-172#bo:bo_161#0|burst:burst_154_163#0|tb:tb_170_172#0,tb_170_172#0,bo_161#0,burst_154_163#0,新增,2,1,1,0,3,2,2,154,163,170,172,2025-05-27,52,4,3.3674942253532114,77,0.2688300480883674,-0.1456420946493159,0,0,0,3,3,3,0,0,0,0.05904162335558703,10.920000076293945
ACHR,bb_v1@154-172#bo:bo_161#0|burst:burst_154_164#0|tb:tb_170_172#0,tb_170_172#0,bo_161#0,burst_154_164#0,新增,2,0,1,0,4,2,3,154,164,170,172,2025-05-27,52,5,3.3674942253532114,89,0.2688300480883674,-0.1456420946493159,0,0,0,3,3,3,0,0,0,0.05904162335558703,10.920000076293945
ACHR,bb_v1@154-172#bo:bo_163#0|burst:burst_154_163#0|tb:tb_170_172#1,tb_170_172#1,bo_163#0,burst_154_163#0,原有,2,1,1,1,3,3,0,154,163,170,172,2025-05-27,52,4,3.3674942253532114,77,0.2688300480883674,-0.1456420946493159,0,0,0,3,3,3,0,0,0,0.05904162335558703,10.920000076293945
ACHR,bb_v1@154-172#bo:bo_163#0|burst:burst_154_164#0|tb:tb_170_172#1,tb_170_172#1,bo_163#0,burst_154_164#0,原有,2,0,1,1,4,3,1,154,164,170,172,2025-05-27,52,5,3.3674942253532114,89,0.2688300480883674,-0.1456420946493159,0,0,0,3,3,3,0,0,0,0.05904162335558703,10.920000076293945
ACHR,bb_v1@154-172#bo:bo_164#0|burst:burst_154_164#0|tb:tb_170_172#2,tb_170_172#2,bo_164#0,burst_154_164#0,原有,1,1,1,1,4,4,0,154,164,170,172,2025-05-27,52,5,3.3674942253532114,89,0.2688300480883674,-0.1456420946493159,0,0,0,3,3,3,0,0,0,0.05904162335558703,10.920000076293945
ADNH,bb_v1@223-229#bo:bo_227#0|burst:burst_223_227#0|tb:tb_229#0,tb_229#0,bo_227#0,burst_223_227#0,原有,1,1,1,1,2,2,0,223,227,229,229,2025-08-20,141,4,544.7850204380047,70,0.3794642415239802,-0.38616071689911946,0,1,0,0,1,0,1,0,1,0.09737971561368106,4.480000019073486
AERG,bb_v1@162-168#bo:bo_162#0|burst:burst_162_168#0|tb:tb_164_166#0,tb_164_166#0,bo_162#0,burst_162_168#0,新增,1,1,1,0,3,1,6,162,168,164,166,2025-05-16,82,3,6.1924176811831035,84,1.4714147247205493,-0.09911833678253106,3,0,0,0,3,3,0,3,0,0.10661200752803363,1.2200000286102295
AERG,bb_v1@162-168#bo:bo_164#0|burst:burst_162_168#0|tb:tb_166_167#0,tb_166_167#0,bo_164#0,burst_162_168#0,新增,1,1,1,0,3,2,4,162,168,166,167,2025-05-20,82,3,6.1924176811831035,84,1.384324577886175,-0.04120600660819568,2,0,0,0,2,2,0,2,0,0.10812782989237604,1.2200000286102295
ADCT,bb_v1@162-184#bo:bo_165#0|burst:burst_162_165#0|tb:tb_177_184#0,tb_177_184#0,bo_165#0,burst_162_165#0,原有,1,1,1,1,2,2,0,162,165,177,184,2025-06-05,50,3,7.92829373650108,93,0.08760844679378332,-0.28385734112869665,0,0,0,8,8,0,0,0,0,0.11662330891023376,3.440000057220459
ACMR,bb_v1@90-103#bo:bo_95#0|burst:burst_90_103#0|tb:tb_97_101#0,tb_97_101#0,bo_95#0,burst_90_103#0,新增,2,1,1,0,3,2,8,90,103,97,101,2025-02-10,70,3,3.4635009650135293,91,0.3175004841062051,-0.2666479699997572,5,0,0,0,5,5,0,5,0,0.042864290953282605,23.360000610351562
ACMR,bb_v1@90-108#bo:bo_95#0|burst:burst_90_108#0|tb:tb_97_101#0,tb_97_101#0,bo_95#0,burst_90_108#0,新增,2,0,1,0,4,2,13,90,108,97,101,2025-02-10,70,3,3.8844609363086464,96,0.3175004841062051,-0.2666479699997572,5,0,0,0,5,5,0,5,0,0.042864290953282605,23.360000610351562
ACMR,bb_v1@90-117#bo:bo_103#0|burst:burst_90_103#0|tb:tb_112_117#0,tb_112_117#0,bo_103#0,burst_90_103#0,原有,2,1,1,1,3,3,0,90,103,112,117,2025-03-04,70,3,3.4635009650135293,91,0.1580222837201257,-0.36429716557524877,0,6,0,0,6,0,6,0,6,0.057200398922108195,25.540000915527344
ACMR,bb_v1@90-117#bo:bo_103#0|burst:burst_90_108#0|tb:tb_112_117#0,tb_112_117#0,bo_103#0,burst_90_108#0,原有,2,0,1,1,4,3,5,90,108,112,117,2025-03-04,70,3,3.8844609363086464,96,0.1580222837201257,-0.36429716557524877,0,6,0,0,6,0,6,0,6,0.057200398922108195,25.540000915527344
ACMR,bb_v1@90-119#bo:bo_108#0|burst:burst_90_108#0|tb:tb_112_119#0,tb_112_119#0,bo_108#0,burst_90_108#0,原有,1,1,1,1,4,4,0,90,108,112,119,2025-03-04,70,3,3.8844609363086464,96,0.14736669126676735,-0.37014661287890016,0,8,0,0,8,0,8,0,8,0.057200398922108195,25.540000915527344
ACOG,bb_v1@118-122#bo:bo_118#0|burst:burst_118_119#0|tb:tb_121_122#0,tb_121_122#0,bo_118#0,burst_118_119#0,新增,3,1,1,0,2,1,1,118,119,121,122,2025-05-09,98,4,3.546900309232808,106,0.5416568151245839,-0.11962201837731123,0,0,0,2,2,2,0,0,0,0.11647760739407483,7.429999828338623
ACOG,bb_v1@118-126#bo:bo_118#0|burst:burst_118_126#0|tb:tb_121_122#0,tb_121_122#0,bo_118#0,burst_118_126#0,新增,3,0,1,0,3,1,8,118,126,121,122,2025-05-09,98,5,9.709485119801139,106,0.5416568151245839,-0.11962201837731123,0,0,0,2,2,2,0,0,0,0.11647760739407483,7.429999828338623
ACOG,bb_v1@118-127#bo:bo_118#0|burst:burst_118_127#0|tb:tb_121_122#0,tb_121_122#0,bo_118#0,burst_118_127#0,新增,3,0,1,0,4,1,9,118,127,121,122,2025-05-09,98,5,9.709485119801139,106,0.5416568151245839,-0.11962201837731123,0,0,0,2,2,2,0,0,0,0.11647760739407483,7.429999828338623
ACOG,bb_v1@118-122#bo:bo_119#0|burst:burst_118_119#0|tb:tb_121_122#1,tb_121_122#1,bo_119#0,burst_118_119#0,原有,3,1,1,1,2,2,0,118,119,121,122,2025-05-09,98,4,3.546900309232808,106,0.5416568151245839,-0.11962201837731123,0,0,0,2,2,2,0,0,0,0.11647760739407483,7.429999828338623
ACOG,bb_v1@118-126#bo:bo_119#0|burst:burst_118_126#0|tb:tb_121_122#1,tb_121_122#1,bo_119#0,burst_118_126#0,原有,3,0,1,1,3,2,7,118,126,121,122,2025-05-09,98,5,9.709485119801139,106,0.5416568151245839,-0.11962201837731123,0,0,0,2,2,2,0,0,0,0.11647760739407483,7.429999828338623
ACOG,bb_v1@118-127#bo:bo_119#0|burst:burst_118_127#0|tb:tb_121_122#1,tb_121_122#1,bo_119#0,burst_118_127#0,原有,3,0,1,1,4,2,8,118,127,121,122,2025-05-09,98,5,9.709485119801139,106,0.5416568151245839,-0.11962201837731123,0,0,0,2,2,2,0,0,0,0.11647760739407483,7.429999828338623
ACOG,bb_v1@118-132#bo:bo_126#0|burst:burst_118_126#0|tb:tb_131_132#0,tb_131_132#0,bo_126#0,burst_118_126#0,原有,2,1,1,1,3,3,0,118,126,131,132,2025-05-23,98,5,9.709485119801139,106,0.28548603445737286,-0.15674787403135776,0,0,0,2,2,0,0,0,0,0.09395420640451538,9.140000343322754
ACOG,bb_v1@118-132#bo:bo_126#0|burst:burst_118_127#0|tb:tb_131_132#0,tb_131_132#0,bo_126#0,burst_118_127#0,原有,2,0,1,1,4,3,1,118,127,131,132,2025-05-23,98,5,9.709485119801139,106,0.28548603445737286,-0.15674787403135776,0,0,0,2,2,0,0,0,0,0.09395420640451538,9.140000343322754
ACOG,bb_v1@118-132#bo:bo_127#0|burst:burst_118_127#0|tb:tb_131_132#1,tb_131_132#1,bo_127#0,burst_118_127#0,原有,1,1,1,1,4,4,0,118,127,131,132,2025-05-23,98,5,9.709485119801139,106,0.28548603445737286,-0.15674787403135776,0,0,0,2,2,0,0,0,0,0.09395420640451538,9.140000343322754
AGMRF,bb_v1@197-217#bo:bo_197#0|burst:burst_197_200#0|tb:tb_213_217#0,tb_213_217#0,bo_197#0,burst_197_200#0,新增,2,1,1,0,3,1,3,197,200,213,217,2025-07-29,74,3,7.625320017418518,77,1.3354180546196361,-0.03924034943683417,5,0,0,0,5,5,0,5,0,0.1612922614024801,1.090000033378601
AGMRF,bb_v1@197-217#bo:bo_197#0|burst:burst_197_201#0|tb:tb_213_217#0,tb_213_217#0,bo_197#0,burst_197_201#0,新增,2,0,1,0,4,1,4,197,201,213,217,2025-07-29,74,4,7.625320017418518,177,1.3354180546196361,-0.03924034943683417,5,0,0,0,5,5,0,5,0,0.1612922614024801,1.090000033378601
AGMRF,bb_v1@197-218#bo:bo_198#0|burst:burst_197_200#0|tb:tb_213_218#0,tb_213_218#0,bo_198#0,burst_197_200#0,新增,2,1,1,0,3,2,2,197,200,213,218,2025-07-29,74,3,7.625320017418518,77,1.31139910829481,-0.03183071988054106,6,0,0,0,6,6,0,6,0,0.1612922614024801,1.090000033378601
AGMRF,bb_v1@197-218#bo:bo_198#0|burst:burst_197_201#0|tb:tb_213_218#0,tb_213_218#0,bo_198#0,burst_197_201#0,新增,2,0,1,0,4,2,3,197,201,213,218,2025-07-29,74,4,7.625320017418518,177,1.31139910829481,-0.03183071988054106,6,0,0,0,6,6,0,6,0,0.1612922614024801,1.090000033378601
AGMRF,bb_v1@197-220#bo:bo_200#0|burst:burst_197_200#0|tb:tb_213_220#0,tb_213_220#0,bo_200#0,burst_197_200#0,原有,2,1,1,1,3,3,0,197,200,213,220,2025-07-29,74,3,7.625320017418518,77,1.2585493063858397,-0.026477216407699247,8,0,0,0,8,8,0,8,0,0.1612922614024801,1.090000033378601
AGMRF,bb_v1@197-220#bo:bo_200#0|burst:burst_197_201#0|tb:tb_213_220#0,tb_213_220#0,bo_200#0,burst_197_201#0,原有,2,0,1,1,4,3,1,197,201,213,220,2025-07-29,74,4,7.625320017418518,177,1.2585493063858397,-0.026477216407699247,8,0,0,0,8,8,0,8,0,0.1612922614024801,1.090000033378601
AGMRF,bb_v1@197-221#bo:bo_201#0|burst:burst_197_201#0|tb:tb_213_221#0,tb_213_221#0,bo_201#0,burst_197_201#0,原有,1,1,1,1,4,4,0,197,201,213,221,2025-07-29,74,4,7.625320017418518,177,1.2409327057495163,-0.024461228479611644,9,0,0,0,9,9,0,9,0,0.1612922614024801,1.090000033378601
AMTD,bb_v1@244-252#bo:bo_244#0|burst:burst_244_246#0|tb:tb_249_252#0,tb_249_252#0,bo_244#0,burst_244_246#0,新增,2,1,1,0,3,1,2,244,246,249,252,2025-09-18,224,3,3.6438112199465715,119,0.2476862113554551,-0.3391043754272046,0,4,0,0,4,0,4,0,4,0.0631973439850897,1.309999942779541
AMTD,bb_v1@244-252#bo:bo_244#0|burst:burst_244_247#0|tb:tb_249_252#0,tb_249_252#0,bo_244#0,burst_244_247#0,新增,2,0,1,0,4,1,3,244,247,249,252,2025-09-18,224,4,3.6438112199465715,175,0.2476862113554551,-0.3391043754272046,0,4,0,0,4,0,4,0,4,0.0631973439850897,1.309999942779541
AMTD,bb_v1@244-252#bo:bo_245#0|burst:burst_244_246#0|tb:tb_249_252#1,tb_249_252#1,bo_245#0,burst_244_246#0,新增,2,1,1,0,3,2,1,244,246,249,252,2025-09-18,224,3,3.6438112199465715,119,0.2476862113554551,-0.3391043754272046,0,4,0,0,4,0,4,0,4,0.0631973439850897,1.309999942779541
AMTD,bb_v1@244-252#bo:bo_245#0|burst:burst_244_247#0|tb:tb_249_252#1,tb_249_252#1,bo_245#0,burst_244_247#0,新增,2,0,1,0,4,2,2,244,247,249,252,2025-09-18,224,4,3.6438112199465715,175,0.2476862113554551,-0.3391043754272046,0,4,0,0,4,0,4,0,4,0.0631973439850897,1.309999942779541
AMTD,bb_v1@244-252#bo:bo_246#0|burst:burst_244_246#0|tb:tb_249_252#2,tb_249_252#2,bo_246#0,burst_244_246#0,原有,2,1,1,1,3,3,0,244,246,249,252,2025-09-18,224,3,3.6438112199465715,119,0.2476862113554551,-0.3391043754272046,0,4,0,0,4,0,4,0,4,0.0631973439850897,1.309999942779541
AMTD,bb_v1@244-252#bo:bo_246#0|burst:burst_244_247#0|tb:tb_249_252#2,tb_249_252#2,bo_246#0,burst_244_247#0,原有,2,0,1,1,4,3,1,244,247,249,252,2025-09-18,224,4,3.6438112199465715,175,0.2476862113554551,-0.3391043754272046,0,4,0,0,4,0,4,0,4,0.0631973439850897,1.309999942779541
AMTD,bb_v1@244-252#bo:bo_247#0|burst:burst_244_247#0|tb:tb_249_252#3,tb_249_252#3,bo_247#0,burst_244_247#0,原有,1,1,1,1,4,4,0,244,247,249,252,2025-09-18,224,4,3.6438112199465715,175,0.2476862113554551,-0.3391043754272046,0,4,0,0,4,0,4,0,4,0.0631973439850897,1.309999942779541
ABUS,bb_v1@235-246#bo:bo_235#0|burst:burst_235_237#0|tb:tb_246#0,tb_246#0,bo_235#0,burst_235_237#0,新增,2,1,1,0,3,1,2,235,237,246,246,2025-09-15,53,4,3.4319509597950906,183,0.0927151390738139,-0.09492280027818656,0,0,0,1,1,0,0,0,0,0.04349485312004129,4.53000020980835
ABUS,bb_v1@235-246#bo:bo_235#0|burst:burst_235_240#0|tb:tb_246#0,tb_246#0,bo_235#0,burst_235_240#0,新增,2,0,1,0,4,1,5,235,240,246,246,2025-09-15,53,4,3.4443325461869705,186,0.0927151390738139,-0.09492280027818656,0,0,0,1,1,0,0,0,0,0.04349485312004129,4.53000020980835
ABUS,bb_v1@235-246#bo:bo_236#0|burst:burst_235_237#0|tb:tb_246#1,tb_246#1,bo_236#0,burst_235_237#0,新增,2,1,1,0,3,2,1,235,237,246,246,2025-09-15,53,4,3.4319509597950906,183,0.0927151390738139,-0.09492280027818656,0,0,0,1,1,0,0,0,0,0.04349485312004129,4.53000020980835
ABUS,bb_v1@235-246#bo:bo_236#0|burst:burst_235_240#0|tb:tb_246#1,tb_246#1,bo_236#0,burst_235_240#0,新增,2,0,1,0,4,2,4,235,240,246,246,2025-09-15,53,4,3.4443325461869705,186,0.0927151390738139,-0.09492280027818656,0,0,0,1,1,0,0,0,0,0.04349485312004129,4.53000020980835
ABUS,bb_v1@235-246#bo:bo_237#0|burst:burst_235_237#0|tb:tb_246#2,tb_246#2,bo_237#0,burst_235_237#0,原有,2,1,1,1,3,3,0,235,237,246,246,2025-09-15,53,4,3.4319509597950906,183,0.0927151390738139,-0.09492280027818656,0,0,0,1,1,0,0,0,0,0.04349485312004129,4.53000020980835
ABUS,bb_v1@235-246#bo:bo_237#0|burst:burst_235_240#0|tb:tb_246#2,tb_246#2,bo_237#0,burst_235_240#0,原有,2,0,1,1,4,3,3,235,240,246,246,2025-09-15,53,4,3.4443325461869705,186,0.0927151390738139,-0.09492280027818656,0,0,0,1,1,0,0,0,0,0.04349485312004129,4.53000020980835
ABUS,bb_v1@235-246#bo:bo_240#0|burst:burst_235_240#0|tb:tb_246#3,tb_246#3,bo_240#0,burst_235_240#0,原有,1,1,1,1,4,4,0,235,240,246,246,2025-09-15,53,4,3.4443325461869705,186,0.0927151390738139,-0.09492280027818656,0,0,0,1,1,0,0,0,0,0.04349485312004129,4.53000020980835
AMBO,bb_v1@225-237#bo:bo_227#0|burst:burst_225_227#0|tb:tb_231_237#0,tb_231_237#0,bo_227#0,burst_225_227#0,原有,1,1,1,1,2,2,0,225,227,231,237,2025-08-22,157,5,48.213260060273,120,0.9037350998598487,-0.179278621630955,7,0,0,0,7,7,0,7,0,0.09467356944795523,3.4800000190734863
AMBP,bb_v1@148-153#bo:bo_148#0|burst:burst_148#0|tb:tb_151_153#0,tb_151_153#0,bo_148#0,burst_148#0,原有,1,1,1,1,1,1,0,148,148,151,153,2025-04-29,128,3,6.875096660683754,96,0.20039459839531237,-0.04427935256230534,2,0,0,1,3,3,0,0,0,0.04102717171848999,3.412290573120117
AMC,bb_v1@166-174#bo:bo_168#0|burst:burst_166_170#0|tb:tb_173_174#0,tb_173_174#0,bo_168#0,burst_166_170#0,新增,1,1,1,0,3,2,2,166,170,173,174,2025-05-30,146,3,7.5887999509582675,68,0.02887376364885008,-0.20262282295119843,0,1,0,1,2,0,2,0,0,0.0481101794224206,3.559999942779541
AMC,bb_v1@166-174#bo:bo_170#0|burst:burst_166_170#0|tb:tb_173_174#1,tb_173_174#1,bo_170#0,burst_166_170#0,原有,1,1,1,1,3,3,0,166,170,173,174,2025-05-30,146,3,7.5887999509582675,68,0.02887376364885008,-0.20262282295119843,0,1,0,1,2,0,2,0,0,0.0481101794224206,3.559999942779541
ANIX,bb_v1@174-182#bo:bo_179#0|burst:burst_174_179#0|tb:tb_182#0,tb_182#0,bo_179#0,burst_174_179#0,原有,2,1,1,1,2,2,0,174,179,182,182,2025-06-12,79,3,33.780651530108585,75,0.05555557027275215,-0.1944443966135554,0,0,0,1,1,0,1,0,0,0.05667378146911687,3.5999999046325684
ANIX,bb_v1@174-184#bo:bo_179#0|burst:burst_174_184#0|tb:tb_182#0,tb_182#0,bo_179#0,burst_174_184#0,原有,2,0,1,1,3,2,5,174,184,182,182,2025-06-12,79,4,33.780651530108585,138,0.05555557027275215,-0.1944443966135554,0,0,0,1,1,0,1,0,0,0.05667378146911687,3.5999999046325684
ANIX,bb_v1@174-188#bo:bo_184#0|burst:burst_174_184#0|tb:tb_188#0,tb_188#0,bo_184#0,burst_174_184#0,原有,1,1,1,1,3,3,0,174,184,188,188,2025-06-23,79,4,33.780651530108585,138,0.00859598031741915,-0.1690544162054679,0,0,0,1,1,0,0,0,0,0.070672279266633,3.490000009536743
ANIX,bb_v1@262-269#bo:bo_262#0|burst:burst_262_263#0|tb:tb_266_269#0,tb_266_269#0,bo_262#0,burst_262_263#0,新增,1,1,1,0,2,1,1,262,263,266,269,2025-10-13,78,3,10.46170975937827,227,0.23283006796415895,-0.15282626400245983,0,0,0,4,4,3,0,0,0,0.054997360090340536,4.519999980926514
ANIX,bb_v1@262-269#bo:bo_263#0|burst:burst_262_263#0|tb:tb_266_269#1,tb_266_269#1,bo_263#0,burst_262_263#0,原有,1,1,1,1,2,2,0,262,263,266,269,2025-10-13,78,3,10.46170975937827,227,0.23283006796415895,-0.15282626400245983,0,0,0,4,4,3,0,0,0,0.054997360090340536,4.519999980926514
ANVS,bb_v1@288-296#bo:bo_291#0|burst:burst_288_291#0|tb:tb_296#0,tb_296#0,bo_291#0,burst_288_291#0,原有,4,1,1,1,2,2,0,288,291,296,296,2025-11-24,123,4,69.92178829651496,80,0.3447432261145398,-0.3398533137033434,0,1,0,0,1,0,1,0,0,0.091395413772039,4.090000152587891
ANVS,bb_v1@288-296#bo:bo_291#0|burst:burst_288_292#0|tb:tb_296#0,tb_296#0,bo_291#0,burst_288_292#0,原有,4,0,1,1,3,2,1,288,292,296,296,2025-11-24,123,5,69.92178829651496,103,0.3447432261145398,-0.3398533137033434,0,1,0,0,1,0,1,0,0,0.091395413772039,4.090000152587891
ANVS,bb_v1@288-296#bo:bo_291#0|burst:burst_288_294#0|tb:tb_296#0,tb_296#0,bo_291#0,burst_288_294#0,原有,4,0,1,1,4,2,3,288,294,296,296,2025-11-24,123,6,69.92178829651496,118,0.3447432261145398,-0.3398533137033434,0,1,0,0,1,0,1,0,0,0.091395413772039,4.090000152587891
ANVS,bb_v1@288-296#bo:bo_291#0|burst:burst_288_296#0|tb:tb_296#0,tb_296#0,bo_291#0,burst_288_296#0,原有,4,0,1,1,5,2,5,288,296,296,296,2025-11-24,123,6,69.92178829651496,118,0.3447432261145398,-0.3398533137033434,0,1,0,0,1,0,1,0,0,0.091395413772039,4.090000152587891
ANVS,bb_v1@288-296#bo:bo_292#0|burst:burst_288_292#0|tb:tb_296#1,tb_296#1,bo_292#0,burst_288_292#0,原有,3,1,1,1,3,3,0,288,292,296,296,2025-11-24,123,5,69.92178829651496,103,0.3447432261145398,-0.3398533137033434,0,1,0,0,1,0,1,0,0,0.091395413772039,4.090000152587891
ANVS,bb_v1@288-296#bo:bo_292#0|burst:burst_288_294#0|tb:tb_296#1,tb_296#1,bo_292#0,burst_288_294#0,原有,3,0,1,1,4,3,2,288,294,296,296,2025-11-24,123,6,69.92178829651496,118,0.3447432261145398,-0.3398533137033434,0,1,0,0,1,0,1,0,0,0.091395413772039,4.090000152587891
ANVS,bb_v1@288-296#bo:bo_292#0|burst:burst_288_296#0|tb:tb_296#1,tb_296#1,bo_292#0,burst_288_296#0,原有,3,0,1,1,5,3,4,288,296,296,296,2025-11-24,123,6,69.92178829651496,118,0.3447432261145398,-0.3398533137033434,0,1,0,0,1,0,1,0,0,0.091395413772039,4.090000152587891
ANVS,bb_v1@288-296#bo:bo_294#0|burst:burst_288_294#0|tb:tb_296#2,tb_296#2,bo_294#0,burst_288_294#0,原有,2,1,1,1,4,4,0,288,294,296,296,2025-11-24,123,6,69.92178829651496,118,0.3447432261145398,-0.3398533137033434,0,1,0,0,1,0,1,0,0,0.091395413772039,4.090000152587891
ANVS,bb_v1@288-296#bo:bo_294#0|burst:burst_288_296#0|tb:tb_296#2,tb_296#2,bo_294#0,burst_288_296#0,原有,2,0,1,1,5,4,2,288,296,296,296,2025-11-24,123,6,69.92178829651496,118,0.3447432261145398,-0.3398533137033434,0,1,0,0,1,0,1,0,0,0.091395413772039,4.090000152587891
ANVS,bb_v1@288-299#bo:bo_296#0|burst:burst_288_296#0|tb:tb_299#0,tb_299#0,bo_296#0,burst_288_296#0,原有,1,1,1,1,5,5,0,288,296,299,299,2025-11-28,123,6,69.92178829651496,118,0.0,-0.47058821604463574,0,1,0,0,1,0,1,0,1,0.13346487122109285,5.099999904632568
ANY,bb_v1@259-269#bo:bo_263#0|burst:burst_259_269#0|tb:tb_266_267#0,tb_266_267#0,bo_263#0,burst_259_269#0,新增,1,1,1,0,3,2,6,259,269,266,267,2025-10-13,101,3,6.380552824250576,103,0.4157304406211271,-0.5269662675735931,2,0,0,0,2,2,0,1,1,0.06912859860367189,8.899999618530273
ANY,bb_v1@259-271#bo:bo_269#0|burst:burst_259_269#0|tb:tb_271#0,tb_271#0,bo_269#0,burst_259_269#0,原有,1,1,1,1,3,3,0,259,269,271,271,2025-10-20,101,3,6.380552824250576,103,0.018099529937821268,-0.5475113200276349,0,1,0,0,1,0,1,0,1,0.08539711120232263,8.84000015258789
AP,bb_v1@155-164#bo:bo_158#0|burst:burst_155_160#0|tb:tb_163_164#0,tb_163_164#0,bo_158#0,burst_155_160#0,新增,1,1,1,0,3,2,2,155,160,163,164,2025-05-15,73,5,5.133191100274307,77,0.6108455576538537,-0.009511650366428648,2,0,0,0,2,2,0,1,0,0.07276484228285024,2.259999990463257
AP,bb_v1@155-164#bo:bo_160#0|burst:burst_155_160#0|tb:tb_163_164#1,tb_163_164#1,bo_160#0,burst_155_160#0,原有,1,1,1,1,3,3,0,155,160,163,164,2025-05-15,73,5,5.133191100274307,77,0.6108455576538537,-0.009511650366428648,2,0,0,0,2,2,0,1,0,0.07276484228285024,2.259999990463257
APYX,bb_v1@260-266#bo:bo_260#0|burst:burst_260_261#0|tb:tb_263_266#0,tb_263_266#0,bo_260#0,burst_260_261#0,新增,1,1,1,0,2,1,1,260,261,263,266,2025-10-08,63,4,3.845274503953454,64,0.5017344438041507,-0.08034816305710224,4,0,0,0,4,4,0,4,0,0.05514728119681547,2.869999885559082
APYX,bb_v1@260-266#bo:bo_261#0|burst:burst_260_261#0|tb:tb_263_266#1,tb_263_266#1,bo_261#0,burst_260_261#0,原有,1,1,1,1,2,2,0,260,261,263,266,2025-10-08,63,4,3.845274503953454,64,0.5017344438041507,-0.08034816305710224,4,0,0,0,4,4,0,4,0,0.05514728119681547,2.869999885559082
ARBB,bb_v1@250-270#bo:bo_250#0|burst:burst_250_251#0|tb:tb_259_270#0,tb_259_270#0,bo_250#0,burst_250_251#0,新增,1,1,1,0,2,1,1,250,251,259,270,2025-10-02,108,4,438.29485464055466,70,0.17436604805425016,-0.3091687538719119,0,2,0,10,12,1,3,0,0,0.10119657323010833,7.800000190734863
ARBB,bb_v1@250-271#bo:bo_251#0|burst:burst_250_251#0|tb:tb_259_271#0,tb_259_271#0,bo_251#0,burst_250_251#0,原有,1,1,1,1,2,2,0,250,251,259,271,2025-10-02,108,4,438.29485464055466,70,0.21227538951760777,-0.3028144298300294,1,2,0,10,13,2,3,0,0,0.10119657323010833,7.800000190734863
APCX,bb_v1@282-293#bo:bo_289#0|burst:burst_282_289#0|tb:tb_293#0,tb_293#0,bo_289#0,burst_282_289#0,原有,2,1,1,1,4,4,0,282,289,293,293,2025-11-19,71,5,10.707590003932644,156,0.0,-0.5549019562011037,0,1,0,0,1,0,1,0,1,0.17520108578989865,0.5099999904632568
APCX,bb_v1@282-293#bo:bo_289#0|burst:burst_282_290#0|tb:tb_293#0,tb_293#0,bo_289#0,burst_282_290#0,原有,2,0,1,1,5,4,1,282,290,293,293,2025-11-19,71,6,10.707590003932644,192,0.0,-0.5549019562011037,0,1,0,0,1,0,1,0,1,0.17520108578989865,0.5099999904632568
APCX,bb_v1@282-293#bo:bo_290#0|burst:burst_282_290#0|tb:tb_293#1,tb_293#1,bo_290#0,burst_282_290#0,原有,1,1,1,1,5,5,0,282,290,293,293,2025-11-19,71,6,10.707590003932644,192,0.0,-0.5549019562011037,0,1,0,0,1,0,1,0,1,0.17520108578989865,0.5099999904632568
BAIDF,bb_v1@241-251#bo:bo_248#0|burst:burst_241_248#0|tb:tb_250_251#0,tb_250_251#0,bo_248#0,burst_241_248#0,原有,1,1,1,1,2,2,0,241,248,250,251,2025-09-19,42,5,44.888475836431226,238,0.08447666408634136,-0.20862513701807517,0,0,0,2,2,0,2,0,0,0.053591476016918466,16.959999084472656
BALY,bb_v1@217-222#bo:bo_217#0|burst:burst_217_219#0|tb:tb_222#0,tb_222#0,bo_217#0,burst_217_219#0,新增,2,1,1,0,3,1,2,217,219,222,222,2025-10-28,155,3,5.0982611633830635,130,0.007194311592171543,-0.24357651800846913,0,0,0,1,1,0,0,0,0,0.0821564125372246,19.459999084472656
BALY,bb_v1@217-222#bo:bo_217#0|burst:burst_217_220#0|tb:tb_222#0,tb_222#0,bo_217#0,burst_217_220#0,新增,2,0,1,0,4,1,3,217,220,222,222,2025-10-28,155,4,5.0982611633830635,157,0.007194311592171543,-0.24357651800846913,0,0,0,1,1,0,0,0,0,0.0821564125372246,19.459999084472656
BALY,bb_v1@217-222#bo:bo_218#0|burst:burst_217_219#0|tb:tb_222#1,tb_222#1,bo_218#0,burst_217_219#0,新增,2,1,1,0,3,2,1,217,219,222,222,2025-10-28,155,3,5.0982611633830635,130,0.007194311592171543,-0.24357651800846913,0,0,0,1,1,0,0,0,0,0.0821564125372246,19.459999084472656
BALY,bb_v1@217-222#bo:bo_218#0|burst:burst_217_220#0|tb:tb_222#1,tb_222#1,bo_218#0,burst_217_220#0,新增,2,0,1,0,4,2,2,217,220,222,222,2025-10-28,155,4,5.0982611633830635,157,0.007194311592171543,-0.24357651800846913,0,0,0,1,1,0,0,0,0,0.0821564125372246,19.459999084472656
BALY,bb_v1@217-222#bo:bo_219#0|burst:burst_217_219#0|tb:tb_222#2,tb_222#2,bo_219#0,burst_217_219#0,原有,2,1,1,1,3,3,0,217,219,222,222,2025-10-28,155,3,5.0982611633830635,130,0.007194311592171543,-0.24357651800846913,0,0,0,1,1,0,0,0,0,0.0821564125372246,19.459999084472656
BALY,bb_v1@217-222#bo:bo_219#0|burst:burst_217_220#0|tb:tb_222#2,tb_222#2,bo_219#0,burst_217_220#0,原有,2,0,1,1,4,3,1,217,220,222,222,2025-10-28,155,4,5.0982611633830635,157,0.007194311592171543,-0.24357651800846913,0,0,0,1,1,0,0,0,0,0.0821564125372246,19.459999084472656
BALY,bb_v1@217-222#bo:bo_220#0|burst:burst_217_220#0|tb:tb_222#3,tb_222#3,bo_220#0,burst_217_220#0,原有,1,1,1,1,4,4,0,217,220,222,222,2025-10-28,155,4,5.0982611633830635,157,0.007194311592171543,-0.24357651800846913,0,0,0,1,1,0,0,0,0,0.0821564125372246,19.459999084472656
ARRY,bb_v1@160-166#bo:bo_160#0|burst:burst_160_161#0|tb:tb_166#0,tb_166#0,bo_160#0,burst_160_161#0,新增,1,1,1,0,2,1,1,160,161,166,166,2025-05-20,70,4,3.4035724138991363,129,0.06779654483922948,-0.2803129170770865,0,0,0,1,1,0,1,0,0,0.08877780724360412,7.670000076293945
ARRY,bb_v1@160-166#bo:bo_161#0|burst:burst_160_161#0|tb:tb_166#1,tb_166#1,bo_161#0,burst_160_161#0,原有,1,1,1,1,2,2,0,160,161,166,166,2025-05-20,70,4,3.4035724138991363,129,0.06779654483922948,-0.2803129170770865,0,0,0,1,1,0,1,0,0,0.08877780724360412,7.670000076293945
ARSMF,bb_v1@257-267#bo:bo_262#0|burst:burst_257_262#0|tb:tb_267#0,tb_267#0,bo_262#0,burst_257_262#0,原有,1,1,1,1,2,2,0,257,262,267,267,2025-10-14,92,3,8.12015162200282,85,0.014754103486559034,-0.5655738041305431,0,1,0,0,1,0,1,0,1,0.12128783835449788,0.6100000143051147
BABAF,bb_v1@236-252#bo:bo_244#0|burst:burst_236_244#0|tb:tb_246_252#0,tb_246_252#0,bo_244#0,burst_236_244#0,原有,1,1,1,1,3,3,0,236,244,246,252,2025-09-15,135,4,6.042920237061644,133,0.17472725165551742,-0.0890866994483643,0,0,0,7,7,0,0,0,0,0.06912488031380604,19.926000595092773
ASTI,bb_v1@307-317#bo:bo_307#0|burst:burst_307_310#0|tb:tb_316_317#0,tb_316_317#0,bo_307#0,burst_307_310#0,新增,2,1,1,0,2,1,3,307,310,316,317,2025-12-23,46,3,8.04212855521183,118,1.062300844224572,-0.358534597010548,1,0,0,1,2,2,0,0,0,0.20478519735436534,5.059999942779541
ASTI,bb_v1@307-317#bo:bo_307#0|burst:burst_307_316#0|tb:tb_316_317#0,tb_316_317#0,bo_307#0,burst_307_316#0,新增,2,0,1,0,3,1,9,307,316,316,317,2025-12-23,46,4,55.44973406941125,246,1.062300844224572,-0.358534597010548,1,0,0,1,2,2,0,0,0,0.20478519735436534,5.059999942779541
ASTI,bb_v1@307-317#bo:bo_310#0|burst:burst_307_310#0|tb:tb_316_317#1,tb_316_317#1,bo_310#0,burst_307_310#0,原有,2,1,1,1,2,2,0,307,310,316,317,2025-12-23,46,3,8.04212855521183,118,1.062300844224572,-0.358534597010548,1,0,0,1,2,2,0,0,0,0.20478519735436534,5.059999942779541
ASTI,bb_v1@307-317#bo:bo_310#0|burst:burst_307_316#0|tb:tb_316_317#1,tb_316_317#1,bo_310#0,burst_307_316#0,原有,2,0,1,1,3,2,6,307,316,316,317,2025-12-23,46,4,55.44973406941125,246,1.062300844224572,-0.358534597010548,1,0,0,1,2,2,0,0,0,0.20478519735436534,5.059999942779541
BCAB,bb_v1@233-241#bo:bo_233#0|burst:burst_233_241#0|tb:tb_236_237#0,tb_236_237#0,bo_233#0,burst_233_241#0,新增,2,1,1,0,3,1,8,233,241,236,237,2025-08-29,79,4,3.4572528024092355,87,1.3453164750796152,-0.030897548875918113,2,0,0,0,2,2,0,2,0,0.08353929537884967,22.799999237060547
BCAB,bb_v1@233-242#bo:bo_233#0|burst:burst_233_242#0|tb:tb_236_237#0,tb_236_237#0,bo_233#0,burst_233_242#0,新增,2,0,1,0,4,1,9,233,242,236,237,2025-08-29,79,5,3.4572528024092355,168,1.3453164750796152,-0.030897548875918113,2,0,0,0,2,2,0,2,0,0.08353929537884967,22.799999237060547
BCAB,bb_v1@233-241#bo:bo_234#0|burst:burst_233_241#0|tb:tb_236_237#1,tb_236_237#1,bo_234#0,burst_233_241#0,新增,2,1,1,0,3,2,7,233,241,236,237,2025-08-29,79,4,3.4572528024092355,87,1.3453164750796152,-0.030897548875918113,2,0,0,0,2,2,0,2,0,0.08353929537884967,22.799999237060547
BCAB,bb_v1@233-242#bo:bo_234#0|burst:burst_233_242#0|tb:tb_236_237#1,tb_236_237#1,bo_234#0,burst_233_242#0,新增,2,0,1,0,4,2,8,233,242,236,237,2025-08-29,79,5,3.4572528024092355,168,1.3453164750796152,-0.030897548875918113,2,0,0,0,2,2,0,2,0,0.08353929537884967,22.799999237060547
ASLE,bb_v1@220-236#bo:bo_220#0|burst:burst_220_227#0|tb:tb_227_236#0,tb_227_236#0,bo_220#0,burst_220_227#0,新增,1,1,1,0,3,1,7,220,227,227,236,2025-08-18,136,3,4.8047542404358055,106,0.024104868735143125,-0.1811697110586416,0,8,0,2,10,0,10,0,5,0.04164228252305416,8.829999923706055
ASLE,bb_v1@220-236#bo:bo_221#0|burst:burst_220_227#0|tb:tb_227_236#1,tb_227_236#1,bo_221#0,burst_220_227#0,新增,1,1,1,0,3,2,6,220,227,227,236,2025-08-18,136,3,4.8047542404358055,106,0.024104868735143125,-0.1811697110586416,0,8,0,2,10,0,10,0,5,0.04164228252305416,8.829999923706055
ASLE,bb_v1@220-233#bo:bo_227#0|burst:burst_220_227#0|tb:tb_230_233#0,tb_230_233#0,bo_227#0,burst_220_227#0,原有,1,1,1,1,3,3,0,220,227,230,233,2025-08-21,136,3,4.8047542404358055,106,0.020066623916005055,-0.1913271156137575,0,4,0,0,4,0,4,0,4,0.037835056161295025,8.850000381469727
AUST,bb_v1@233-244#bo:bo_238#0|burst:burst_233_238#0|tb:tb_240_244#0,tb_240_244#0,bo_238#0,burst_233_238#0,原有,2,1,1,1,2,2,0,233,238,240,244,2025-09-05,59,3,6.433697749196141,116,0.6247112729729036,-0.12377698951452239,5,0,0,0,5,5,0,5,0,0.06532825791716403,1.7899999618530273
AUST,bb_v1@233-244#bo:bo_238#0|burst:burst_233_241#0|tb:tb_240_244#0,tb_240_244#0,bo_238#0,burst_233_241#0,原有,2,0,1,1,3,2,3,233,241,240,244,2025-09-05,59,4,6.433697749196141,142,0.6247112729729036,-0.12377698951452239,5,0,0,0,5,5,0,5,0,0.06532825791716403,1.7899999618530273
AUST,bb_v1@233-246#bo:bo_241#0|burst:burst_233_241#0|tb:tb_246#0,tb_246#0,bo_241#0,burst_233_241#0,原有,1,1,1,1,3,3,0,233,241,246,246,2025-09-15,59,4,6.433697749196141,142,0.6333334083910362,-0.1888888462090187,1,0,0,0,1,1,0,1,0,0.07030545100354882,1.7999999523162842
AVAH,bb_v1@220-225#bo:bo_220#0|burst:burst_220_221#0|tb:tb_225#0,tb_225#0,bo_220#0,burst_220_221#0,新增,2,1,1,0,2,1,1,220,221,225,225,2025-08-14,60,4,26.846444816429383,174,0.2652777636124761,-0.033333302427220435,1,0,0,0,1,1,0,1,0,0.03887679717095799,7.199999809265137
AVAH,bb_v1@220-225#bo:bo_220#0|burst:burst_220_222#0|tb:tb_225#0,tb_225#0,bo_220#0,burst_220_222#0,新增,2,0,1,0,3,1,2,220,222,225,225,2025-08-14,60,5,26.846444816429383,184,0.2652777636124761,-0.033333302427220435,1,0,0,0,1,1,0,1,0,0.03887679717095799,7.199999809265137
AVAH,bb_v1@220-225#bo:bo_221#0|burst:burst_220_221#0|tb:tb_225#1,tb_225#1,bo_221#0,burst_220_221#0,原有,2,1,1,1,2,2,0,220,221,225,225,2025-08-14,60,4,26.846444816429383,174,0.2652777636124761,-0.033333302427220435,1,0,0,0,1,1,0,1,0,0.03887679717095799,7.199999809265137
AVAH,bb_v1@220-225#bo:bo_221#0|burst:burst_220_222#0|tb:tb_225#1,tb_225#1,bo_221#0,burst_220_222#0,原有,2,0,1,1,3,2,1,220,222,225,225,2025-08-14,60,5,26.846444816429383,184,0.2652777636124761,-0.033333302427220435,1,0,0,0,1,1,0,1,0,0.03887679717095799,7.199999809265137
AVAH,bb_v1@220-225#bo:bo_222#0|burst:burst_220_222#0|tb:tb_225#2,tb_225#2,bo_222#0,burst_220_222#0,原有,1,1,1,1,3,3,0,220,222,225,225,2025-08-14,60,5,26.846444816429383,184,0.2652777636124761,-0.033333302427220435,1,0,0,0,1,1,0,1,0,0.03887679717095799,7.199999809265137
ATHE,bb_v1@206-227#bo:bo_210#0|burst:burst_206_211#0|tb:tb_217_227#0,tb_217_227#0,bo_210#0,burst_206_211#0,新增,1,1,1,0,3,2,1,206,211,217,227,2025-08-04,51,3,5.493405517479698,121,0.06172446941641529,-0.2877519406742168,0,11,0,0,11,0,11,0,8,0.06783308158495582,5.210000038146973
ATHE,bb_v1@206-227#bo:bo_211#0|burst:burst_206_211#0|tb:tb_217_227#1,tb_217_227#1,bo_211#0,burst_206_211#0,原有,1,1,1,1,3,3,0,206,211,217,227,2025-08-04,51,3,5.493405517479698,121,0.06172446941641529,-0.2877519406742168,0,11,0,0,11,0,11,0,8,0.06783308158495582,5.210000038146973
ATXG,bb_v1@243-253#bo:bo_250#0|burst:burst_243_251#0|tb:tb_253#0,tb_253#0,bo_250#0,burst_243_251#0,新增,1,1,1,0,3,2,1,243,251,253,253,2025-09-24,148,4,9.50693976523048,77,0.14705875936447388,-0.5686274625911905,0,1,0,0,1,0,1,0,1,0.12458931822191466,15.300000190734863
ATXG,bb_v1@243-253#bo:bo_251#0|burst:burst_243_251#0|tb:tb_253#1,tb_253#1,bo_251#0,burst_243_251#0,原有,1,1,1,1,3,3,0,243,251,253,253,2025-09-24,148,4,9.50693976523048,77,0.14705875936447388,-0.5686274625911905,0,1,0,0,1,0,1,0,1,0.12458931822191466,15.300000190734863
BBBXF,bb_v1@172-182#bo:bo_172#0|burst:burst_172_182#0|tb:tb_176_177#0,tb_176_177#0,bo_172#0,burst_172_182#0,新增,1,1,1,0,4,1,10,172,182,176,177,2025-06-04,76,5,6.642942434443538,71,0.8668361149993609,-0.21897674941165768,2,0,0,0,2,2,0,2,0,0.09878050322239457,0.5299999713897705
BBBXF,bb_v1@172-182#bo:bo_174#0|burst:burst_172_182#0|tb:tb_176_177#1,tb_176_177#1,bo_174#0,burst_172_182#0,新增,1,1,1,0,4,2,8,172,182,176,177,2025-06-04,76,5,6.642942434443538,71,0.8668361149993609,-0.21897674941165768,2,0,0,0,2,2,0,2,0,0.09878050322239457,0.5299999713897705
BBBXF,bb_v1@172-191#bo:bo_181#0|burst:burst_172_182#0|tb:tb_189_191#0,tb_189_191#0,bo_181#0,burst_172_182#0,新增,1,1,1,0,4,3,1,172,182,189,191,2025-06-24,76,5,6.642942434443538,71,0.07183370512709912,-0.3135123087992651,0,0,0,3,3,0,0,0,0,0.1584114340598649,0.8600000143051147
BBBXF,bb_v1@172-191#bo:bo_182#0|burst:burst_172_182#0|tb:tb_189_191#1,tb_189_191#1,bo_182#0,burst_172_182#0,原有,1,1,1,1,4,4,0,172,182,189,191,2025-06-24,76,5,6.642942434443538,71,0.07183370512709912,-0.3135123087992651,0,0,0,3,3,0,0,0,0,0.1584114340598649,0.8600000143051147
BEAT,bb_v1@308-316#bo:bo_308#0|burst:burst_308_309#0|tb:tb_314_316#0,tb_314_316#0,bo_308#0,burst_308_309#0,新增,2,1,1,0,2,1,1,308,309,314,316,2025-12-19,48,5,24.398972005498216,194,0.018768406877121373,-0.5816046184617231,0,3,0,0,3,0,3,0,3,0.18500576521473877,3.0999999046325684
BEAT,bb_v1@308-316#bo:bo_308#0|burst:burst_308_310#0|tb:tb_314_316#0,tb_314_316#0,bo_308#0,burst_308_310#0,新增,2,0,1,0,3,1,2,308,310,314,316,2025-12-19,48,6,24.398972005498216,214,0.018768406877121373,-0.5816046184617231,0,3,0,0,3,0,3,0,3,0.18500576521473877,3.0999999046325684
BEAT,bb_v1@308-316#bo:bo_309#0|burst:burst_308_309#0|tb:tb_314_316#1,tb_314_316#1,bo_309#0,burst_308_309#0,原有,2,1,1,1,2,2,0,308,309,314,316,2025-12-19,48,5,24.398972005498216,194,0.018768406877121373,-0.5816046184617231,0,3,0,0,3,0,3,0,3,0.18500576521473877,3.0999999046325684
BEAT,bb_v1@308-316#bo:bo_309#0|burst:burst_308_310#0|tb:tb_314_316#1,tb_314_316#1,bo_309#0,burst_308_310#0,原有,2,0,1,1,3,2,1,308,310,314,316,2025-12-19,48,6,24.398972005498216,214,0.018768406877121373,-0.5816046184617231,0,3,0,0,3,0,3,0,3,0.18500576521473877,3.0999999046325684
BEAT,bb_v1@308-316#bo:bo_310#0|burst:burst_308_310#0|tb:tb_314_316#2,tb_314_316#2,bo_310#0,burst_308_310#0,原有,1,1,1,1,3,3,0,308,310,314,316,2025-12-19,48,6,24.398972005498216,214,0.018768406877121373,-0.5816046184617231,0,3,0,0,3,0,3,0,3,0.18500576521473877,3.0999999046325684
BCHT,bb_v1@187-192#bo:bo_187#0|burst:burst_187#0|tb:tb_191_192#0,tb_191_192#0,bo_187#0,burst_187#0,原有,1,1,1,1,1,1,0,187,187,191,192,2025-06-26,96,3,19.49763440860215,96,0.05041409880893111,-0.22298135814534548,0,2,0,0,2,0,2,0,2,0.039999961853027344,3.5
AYTU,bb_v1@310-323#bo:bo_310#0|burst:burst_310_323#0|tb:tb_314_317#0,tb_314_317#0,bo_310#0,burst_310_323#0,新增,1,1,1,0,4,1,13,310,323,314,317,2025-12-19,102,5,3.5282992197218137,106,0.19612804895555142,-0.170113049979724,0,0,0,4,4,0,1,0,0,0.05869827321353799,2.549999952316284
AYTU,bb_v1@310-323#bo:bo_315#0|burst:burst_310_323#0|tb:tb_319_321#0,tb_319_321#0,bo_315#0,burst_310_323#0,新增,1,1,1,0,4,2,8,310,323,319,321,2025-12-29,102,5,3.5282992197218137,106,0.19778407418578983,-0.16896408124792375,0,0,0,3,3,0,0,0,0,0.059719660340684946,2.5399999618530273
BEEM,bb_v1@202-212#bo:bo_205#0|burst:burst_202_205#0|tb:tb_212#0,tb_212#0,bo_205#0,burst_202_205#0,原有,1,1,1,1,2,2,0,202,205,212,212,2025-07-28,182,4,7.663308355896985,102,0.2337165356445381,-0.19540230305048822,0,0,0,1,1,0,0,0,0,0.08650735158096129,2.609999895095825
BELGF,bb_v1@240-249#bo:bo_245#0|burst:burst_240_249#0|tb:tb_247_248#0,tb_247_248#0,bo_245#0,burst_240_249#0,新增,2,1,1,0,4,2,4,240,249,247,248,2025-09-16,139,4,3.0872949580789726,105,0.3895454179698785,0.015151500099837789,2,0,0,0,2,2,0,2,0,0.03802690767976562,0.6600000262260437
BELGF,bb_v1@240-256#bo:bo_245#0|burst:burst_240_256#0|tb:tb_247_248#0,tb_247_248#0,bo_245#0,burst_240_256#0,新增,2,0,1,0,5,2,11,240,256,247,248,2025-09-16,139,5,5.17185321158181,133,0.3895454179698785,0.015151500099837789,2,0,0,0,2,2,0,2,0,0.03802690767976562,0.6600000262260437
BELGF,bb_v1@240-255#bo:bo_247#0|burst:burst_240_249#0|tb:tb_253_255#0,tb_253_255#0,bo_247#0,burst_240_249#0,新增,2,1,1,0,4,3,2,240,249,253,255,2025-09-24,139,4,3.0872949580789726,105,0.254689214187429,-0.03528329768883143,3,0,0,0,3,3,0,2,0,0.041716111268850484,0.7300000190734863
BELGF,bb_v1@240-256#bo:bo_247#0|burst:burst_240_256#0|tb:tb_253_255#0,tb_253_255#0,bo_247#0,burst_240_256#0,新增,2,0,1,0,5,3,9,240,256,253,255,2025-09-24,139,5,5.17185321158181,133,0.254689214187429,-0.03528329768883143,3,0,0,0,3,3,0,2,0,0.041716111268850484,0.7300000190734863
BELGF,bb_v1@240-255#bo:bo_249#0|burst:burst_240_249#0|tb:tb_253_255#1,tb_253_255#1,bo_249#0,burst_240_249#0,原有,2,1,1,1,4,4,0,240,249,253,255,2025-09-24,139,4,3.0872949580789726,105,0.254689214187429,-0.03528329768883143,3,0,0,0,3,3,0,2,0,0.041716111268850484,0.7300000190734863
BELGF,bb_v1@240-256#bo:bo_249#0|burst:burst_240_256#0|tb:tb_253_255#1,tb_253_255#1,bo_249#0,burst_240_256#0,原有,2,0,1,1,5,4,7,240,256,253,255,2025-09-24,139,5,5.17185321158181,133,0.254689214187429,-0.03528329768883143,3,0,0,0,3,3,0,2,0,0.041716111268850484,0.7300000190734863
BELGF,bb_v1@240-258#bo:bo_256#0|burst:burst_240_256#0|tb:tb_258#0,tb_258#0,bo_256#0,burst_240_256#0,原有,1,1,1,1,5,5,0,240,256,258,258,2025-10-01,139,5,5.17185321158181,133,0.14881620983462418,-0.10497308644681669,0,0,0,1,1,0,0,0,0,0.050086289622276445,0.79830002784729
BGDE,bb_v1@255-267#bo:bo_258#0|burst:burst_255_259#0|tb:tb_266_267#0,tb_266_267#0,bo_258#0,burst_255_259#0,新增,1,1,1,0,3,2,1,255,259,266,267,2025-10-13,105,5,42.85429894811019,99,1.1363636117336184,-0.7863636388266382,2,0,0,0,2,2,0,1,1,0.15333335210406762,17.600000381469727
BGDE,bb_v1@255-267#bo:bo_259#0|burst:burst_255_259#0|tb:tb_266_267#1,tb_266_267#1,bo_259#0,burst_255_259#0,原有,1,1,1,1,3,3,0,255,259,266,267,2025-10-13,105,5,42.85429894811019,99,1.1363636117336184,-0.7863636388266382,2,0,0,0,2,2,0,1,1,0.15333335210406762,17.600000381469727
BHC,bb_v1@224-234#bo:bo_224#0|burst:burst_224_225#0|tb:tb_234#0,tb_234#0,bo_224#0,burst_224_225#0,新增,2,1,1,0,2,1,1,224,225,234,234,2025-08-27,41,3,18.203896249070073,98,0.06464921477644237,-0.18982119918314577,0,1,0,0,1,0,1,0,0,0.04446844146855753,7.269999980926514
BHC,bb_v1@224-234#bo:bo_224#0|burst:burst_224_226#0|tb:tb_234#0,tb_234#0,bo_224#0,burst_224_226#0,新增,2,0,1,0,3,1,2,224,226,234,234,2025-08-27,41,5,18.203896249070073,140,0.06464921477644237,-0.18982119918314577,0,1,0,0,1,0,1,0,0,0.04446844146855753,7.269999980926514
BHC,bb_v1@224-234#bo:bo_225#0|burst:burst_224_225#0|tb:tb_234#1,tb_234#1,bo_225#0,burst_224_225#0,原有,2,1,1,1,2,2,0,224,225,234,234,2025-08-27,41,3,18.203896249070073,98,0.06464921477644237,-0.18982119918314577,0,1,0,0,1,0,1,0,0,0.04446844146855753,7.269999980926514
BHC,bb_v1@224-234#bo:bo_225#0|burst:burst_224_226#0|tb:tb_234#1,tb_234#1,bo_225#0,burst_224_226#0,原有,2,0,1,1,3,2,1,224,226,234,234,2025-08-27,41,5,18.203896249070073,140,0.06464921477644237,-0.18982119918314577,0,1,0,0,1,0,1,0,0,0.04446844146855753,7.269999980926514
BHC,bb_v1@224-234#bo:bo_226#0|burst:burst_224_226#0|tb:tb_234#2,tb_234#2,bo_226#0,burst_224_226#0,原有,1,1,1,1,3,3,0,224,226,234,234,2025-08-27,41,5,18.203896249070073,140,0.06464921477644237,-0.18982119918314577,0,1,0,0,1,0,1,0,0,0.04446844146855753,7.269999980926514
BLND,bb_v1@240-249#bo:bo_240#0|burst:burst_240#0|tb:tb_244_249#0,tb_244_249#0,bo_240#0,burst_240#0,原有,2,1,1,1,1,1,0,240,240,244,249,2025-09-11,205,4,3.355168179545115,116,0.040573022323388074,-0.395090049064327,0,6,0,0,6,0,6,0,6,0.06445036923143693,4.340000152587891
BLND,bb_v1@240-249#bo:bo_240#0|burst:burst_240_241#0|tb:tb_244_249#0,tb_244_249#0,bo_240#0,burst_240_241#0,原有,2,0,1,1,2,1,1,240,241,244,249,2025-09-11,205,6,3.355168179545115,148,0.040573022323388074,-0.395090049064327,0,6,0,0,6,0,6,0,6,0.06445036923143693,4.340000152587891
BLND,bb_v1@240-249#bo:bo_241#0|burst:burst_240_241#0|tb:tb_244_249#1,tb_244_249#1,bo_241#0,burst_240_241#0,原有,1,1,1,1,2,2,0,240,241,244,249,2025-09-11,205,6,3.355168179545115,148,0.040573022323388074,-0.395090049064327,0,6,0,0,6,0,6,0,6,0.06445036923143693,4.340000152587891
BLRX,bb_v1@166-173#bo:bo_168#0|burst:burst_166_173#0|tb:tb_170_172#0,tb_170_172#0,bo_168#0,burst_166_173#0,新增,1,1,1,0,3,2,5,166,173,170,172,2025-05-27,146,3,1336.873976421395,70,1.0705589611468256,-0.007167501043617741,3,0,0,0,3,3,0,3,0,0.05654191110452253,3.680000066757202
BLZE,bb_v1@220-231#bo:bo_220#0|burst:burst_220_231#0|tb:tb_226#0,tb_226#0,bo_220#0,burst_220_231#0,新增,2,1,1,0,4,1,11,220,231,226,226,2025-08-15,52,4,4.724981597672544,196,0.4101562715853415,-0.04414059320406449,1,0,0,0,1,1,0,1,0,0.04373983149830486,7.679999828338623
BLZE,bb_v1@220-235#bo:bo_220#0|burst:burst_220_235#0|tb:tb_226#0,tb_226#0,bo_220#0,burst_220_235#0,新增,2,0,1,0,5,1,15,220,235,226,226,2025-08-15,52,4,4.724981597672544,196,0.4101562715853415,-0.04414059320406449,1,0,0,0,1,1,0,1,0,0.04373983149830486,7.679999828338623
BLZE,bb_v1@220-231#bo:bo_223#0|burst:burst_220_231#0|tb:tb_226#1,tb_226#1,bo_223#0,burst_220_231#0,新增,2,1,1,0,4,2,8,220,231,226,226,2025-08-15,52,4,4.724981597672544,196,0.4101562715853415,-0.04414059320406449,1,0,0,0,1,1,0,1,0,0.04373983149830486,7.679999828338623
BLZE,bb_v1@220-235#bo:bo_223#0|burst:burst_220_235#0|tb:tb_226#1,tb_226#1,bo_223#0,burst_220_235#0,新增,2,0,1,0,5,2,12,220,235,226,226,2025-08-15,52,4,4.724981597672544,196,0.4101562715853415,-0.04414059320406449,1,0,0,0,1,1,0,1,0,0.04373983149830486,7.679999828338623
BLZE,bb_v1@220-231#bo:bo_224#0|burst:burst_220_231#0|tb:tb_226#2,tb_226#2,bo_224#0,burst_220_231#0,新增,2,1,1,0,4,3,7,220,231,226,226,2025-08-15,52,4,4.724981597672544,196,0.4101562715853415,-0.04414059320406449,1,0,0,0,1,1,0,1,0,0.04373983149830486,7.679999828338623
BLZE,bb_v1@220-235#bo:bo_224#0|burst:burst_220_235#0|tb:tb_226#2,tb_226#2,bo_224#0,burst_220_235#0,新增,2,0,1,0,5,3,11,220,235,226,226,2025-08-15,52,4,4.724981597672544,196,0.4101562715853415,-0.04414059320406449,1,0,0,0,1,1,0,1,0,0.04373983149830486,7.679999828338623
BLZE,bb_v1@220-238#bo:bo_231#0|burst:burst_220_231#0|tb:tb_233_238#0,tb_233_238#0,bo_231#0,burst_220_231#0,原有,2,1,1,1,4,4,0,220,231,233,238,2025-08-26,52,4,4.724981597672544,196,0.3098582526768627,-0.034524335265153396,6,0,0,0,6,6,0,3,0,0.05342295063050202,8.119999885559082
BLZE,bb_v1@220-238#bo:bo_231#0|burst:burst_220_235#0|tb:tb_233_238#0,tb_233_238#0,bo_231#0,burst_220_235#0,原有,2,0,1,1,5,4,4,220,235,233,238,2025-08-26,52,4,4.724981597672544,196,0.3098582526768627,-0.034524335265153396,6,0,0,0,6,6,0,3,0,0.05342295063050202,8.119999885559082
BLZE,bb_v1@220-240#bo:bo_235#0|burst:burst_220_235#0|tb:tb_238_240#0,tb_238_240#0,bo_235#0,burst_220_235#0,原有,1,1,1,1,5,5,0,220,235,238,240,2025-09-03,52,4,4.724981597672544,196,0.2633824217307548,-0.010774076586882638,1,0,0,2,3,3,0,0,0,0.053305745960024076,8.399999618530273
BTBD,bb_v1@212-226#bo:bo_217#0|burst:burst_212_217#0|tb:tb_226#0,tb_226#0,bo_217#0,burst_212_217#0,原有,1,1,1,1,2,2,0,212,217,226,226,2025-08-15,45,4,18686.302713987472,131,1.8124999580904846,-0.0625000139698384,1,0,0,0,1,1,0,1,0,0.11005092636919128,1.600000023841858
BTCY,bb_v1@224-232#bo:bo_224#0|burst:burst_224_232#0|tb:tb_226_228#0,tb_226_228#0,bo_224#0,burst_224_232#0,新增,1,1,1,0,3,1,8,224,232,226,228,2025-08-15,68,3,5.225132863662805,75,0.257149703497544,-0.23263153785191426,0,0,0,3,3,0,0,0,0,0.13351479135913652,0.6303600072860718
BTCY,bb_v1@224-235#bo:bo_232#0|burst:burst_224_232#0|tb:tb_234_235#0,tb_234_235#0,bo_232#0,burst_224_232#0,原有,1,1,1,1,3,3,0,224,232,234,235,2025-08-27,68,3,5.225132863662805,75,0.29083705214376243,-0.2548739288802494,0,0,0,2,2,0,0,0,0,0.14676891154394822,0.5982999801635742
BW-PA,bb_v1@177-186#bo:bo_177#0|burst:burst_177_184#0|tb:tb_181_186#0,tb_181_186#0,bo_177#0,burst_177_184#0,新增,1,1,1,0,3,1,7,177,184,181,186,2025-06-11,157,3,3.189858223079533,111,0.17094416565743117,-0.24528495411850115,0,0,0,6,6,0,0,0,0,0.12039595918004256,9.866031646728516
BW-PA,bb_v1@177-186#bo:bo_179#0|burst:burst_177_184#0|tb:tb_181_186#1,tb_181_186#1,bo_179#0,burst_177_184#0,新增,1,1,1,0,3,2,5,177,184,181,186,2025-06-11,157,3,3.189858223079533,111,0.17094416565743117,-0.24528495411850115,0,0,0,6,6,0,0,0,0,0.12039595918004256,9.866031646728516
BW-PA,bb_v1@177-202#bo:bo_184#0|burst:burst_177_184#0|tb:tb_190_202#0,tb_190_202#0,bo_184#0,burst_177_184#0,原有,1,1,1,1,3,3,0,177,184,190,202,2025-06-25,157,3,3.189858223079533,111,0.44448936405585704,-0.17048621427748628,9,0,0,4,13,10,1,8,0,0.09619441135378054,9.006176948547363
BWEN,bb_v1@203-206#bo:bo_203#0|burst:burst_203#0|tb:tb_206#0,tb_206#0,bo_203#0,burst_203#0,原有,2,1,1,1,1,1,0,203,203,206,206,2025-07-18,40,3,10.730058199246834,120,0.1882353051173511,-0.25098039124022076,0,1,0,0,1,1,0,0,1,0.04642379309960944,2.549999952316284
BWEN,bb_v1@203-206#bo:bo_203#0|burst:burst_203_204#0|tb:tb_206#0,tb_206#0,bo_203#0,burst_203_204#0,原有,2,0,1,1,2,1,1,203,204,206,206,2025-07-18,40,4,10.730058199246834,131,0.1882353051173511,-0.25098039124022076,0,1,0,0,1,1,0,0,1,0.04642379309960944,2.549999952316284
BWEN,bb_v1@203-206#bo:bo_204#0|burst:burst_203_204#0|tb:tb_206#1,tb_206#1,bo_204#0,burst_203_204#0,原有,1,1,1,1,2,2,0,203,204,206,206,2025-07-18,40,4,10.730058199246834,131,0.1882353051173511,-0.25098039124022076,0,1,0,0,1,1,0,0,1,0.04642379309960944,2.549999952316284
BRFH,bb_v1@84-92#bo:bo_84#0|burst:burst_84#0|tb:tb_89_92#0,tb_89_92#0,bo_84#0,burst_84#0,原有,1,1,1,1,1,1,0,84,84,89,92,2025-01-29,64,4,3.437044745057232,72,0.2474541854512851,-0.22302829725690088,0,0,0,4,4,0,0,0,0,0.08699027153883707,3.5299999713897705
BRFH,bb_v1@249-252#bo:bo_249#0|burst:burst_249_250#0|tb:tb_252#0,tb_252#0,bo_249#0,burst_249_250#0,新增,1,1,1,0,2,1,1,249,250,252,252,2025-09-23,57,3,493.6570289132602,128,0.020356275003996283,-0.2824427772670012,0,1,0,0,1,0,1,0,0,0.07019485171378807,3.930000066757202
BRFH,bb_v1@249-252#bo:bo_250#0|burst:burst_249_250#0|tb:tb_252#1,tb_252#1,bo_250#0,burst_249_250#0,原有,1,1,1,1,2,2,0,249,250,252,252,2025-09-23,57,3,493.6570289132602,128,0.020356275003996283,-0.2824427772670012,0,1,0,0,1,0,1,0,0,0.07019485171378807,3.930000066757202
BRNS,bb_v1@204-209#bo:bo_204#0|burst:burst_204#0|tb:tb_209#0,tb_209#0,bo_204#0,burst_204#0,原有,2,1,1,1,1,1,0,204,204,209,209,2025-07-23,139,7,2154.2556667647923,131,0.015706853991273695,-0.48167537861900844,0,1,0,0,1,0,1,0,1,0.09740359631210933,1.909999966621399
BRNS,bb_v1@204-209#bo:bo_204#0|burst:burst_204_207#0|tb:tb_209#0,tb_209#0,bo_204#0,burst_204_207#0,原有,2,0,1,1,2,1,3,204,207,209,209,2025-07-23,139,8,2154.2556667647923,181,0.015706853991273695,-0.48167537861900844,0,1,0,0,1,0,1,0,1,0.09740359631210933,1.909999966621399
BRNS,bb_v1@204-209#bo:bo_207#0|burst:burst_204_207#0|tb:tb_209#1,tb_209#1,bo_207#0,burst_204_207#0,原有,1,1,1,1,2,2,0,204,207,209,209,2025-07-23,139,8,2154.2556667647923,181,0.015706853991273695,-0.48167537861900844,0,1,0,0,1,0,1,0,1,0.09740359631210933,1.909999966621399
CATO,bb_v1@230-237#bo:bo_232#0|burst:burst_230_237#0|tb:tb_235#0,tb_235#0,bo_232#0,burst_230_237#0,新增,1,1,1,0,3,2,5,230,237,235,235,2025-08-28,50,3,59.81217611122815,174,0.25190839509415874,-0.06615775726380413,0,0,0,1,1,1,0,0,0,0.05124070682700753,3.930000066757202
CATO,bb_v1@230-241#bo:bo_237#0|burst:burst_230_237#0|tb:tb_241#0,tb_241#0,bo_237#0,burst_230_237#0,原有,1,1,1,1,3,3,0,230,237,241,241,2025-09-08,50,3,59.81217611122815,174,0.002118692653888754,-0.23093214495809844,0,0,0,1,1,0,1,0,0,0.06215611746593321,4.71999979019165
BZAI,bb_v1@193-206#bo:bo_198#0|burst:burst_193_206#0|tb:tb_200#0,tb_200#0,bo_198#0,burst_193_206#0,新增,1,1,1,0,3,2,8,193,206,200,200,2025-07-10,173,4,147.0510707198984,86,1.0816325736214663,-0.09183672641890273,1,0,0,0,1,1,0,1,0,0.09715080593977482,2.940000057220459
BZAI,bb_v1@193-209#bo:bo_206#0|burst:burst_193_206#0|tb:tb_208_209#0,tb_208_209#0,bo_206#0,burst_193_206#0,原有,1,1,1,1,3,3,0,193,206,208,209,2025-07-22,173,4,147.0510707198984,86,0.003817589648050901,-0.3655954302304527,0,2,0,0,2,0,2,0,1,0.09732288378872331,4.989999771118164
BZUN,bb_v1@236-244#bo:bo_236#0|burst:burst_236_244#0|tb:tb_243#0,tb_243#0,bo_236#0,burst_236_244#0,新增,1,1,1,0,2,1,8,236,244,243,243,2025-09-10,78,3,7.616986342264348,232,0.22921916354475447,-0.19874056137185447,0,0,0,1,1,0,1,0,0,0.057641107500849366,3.9700000286102295
BZUN,bb_v1@236-248#bo:bo_244#0|burst:burst_236_244#0|tb:tb_248#0,tb_248#0,bo_244#0,burst_236_244#0,原有,1,1,1,1,2,2,0,236,244,248,248,2025-09-17,78,3,7.616986342264348,232,-0.006550160146491013,-0.3253275184186164,0,1,0,0,1,0,1,0,1,0.06677084440051848,4.579999923706055
CARV,bb_v1@200-206#bo:bo_202#0|burst:burst_200_206#0|tb:tb_204_205#0,tb_204_205#0,bo_202#0,burst_200_206#0,新增,1,1,1,0,4,2,4,200,206,204,205,2025-07-16,180,4,6.395173176123803,174,1.0213454762712881,-0.1547100451102637,2,0,0,0,2,2,0,2,0,0.07961982484436272,1.8799999952316284
CARV,bb_v1@200-210#bo:bo_205#0|burst:burst_200_206#0|tb:tb_208_210#0,tb_208_210#0,bo_205#0,burst_200_206#0,新增,1,1,1,0,4,3,1,200,206,208,210,2025-07-22,180,4,6.395173176123803,174,0.46759529847121944,-0.3862783090748458,0,3,0,0,3,0,3,0,2,0.09864137455966873,2.759999990463257
CARV,bb_v1@200-210#bo:bo_206#0|burst:burst_200_206#0|tb:tb_208_210#1,tb_208_210#1,bo_206#0,burst_200_206#0,原有,1,1,1,1,4,4,0,200,206,208,210,2025-07-22,180,4,6.395173176123803,174,0.46759529847121944,-0.3862783090748458,0,3,0,0,3,0,3,0,2,0.09864137455966873,2.759999990463257
BURU,bb_v1@259-263#bo:bo_259#0|burst:burst_259_263#0|tb:tb_261#0,tb_261#0,bo_259#0,burst_259_263#0,新增,1,1,1,0,4,1,4,259,263,261,261,2025-10-06,86,4,24.317276380323605,90,2.3333333956649893,-0.26274508612286973,1,0,0,0,1,1,0,1,0,0.14474688716171225,1.274999976158142
CGEN,bb_v1@78-86#bo:bo_78#0|burst:burst_78#0|tb:tb_84_86#0,tb_84_86#0,bo_78#0,burst_78#0,原有,2,1,1,1,1,1,0,78,78,84,86,2025-01-22,58,3,9.132709842761642,68,0.09640678378464347,-0.3652382140143946,0,3,0,0,3,0,3,0,3,0.07209119967217259,2.380000114440918
CGEN,bb_v1@78-86#bo:bo_78#0|burst:burst_78_81#0|tb:tb_84_86#0,tb_84_86#0,bo_78#0,burst_78_81#0,原有,2,0,1,1,2,1,3,78,81,84,86,2025-01-22,58,3,9.132709842761642,71,0.09640678378464347,-0.3652382140143946,0,3,0,0,3,0,3,0,3,0.07209119967217259,2.380000114440918
CGEN,bb_v1@78-86#bo:bo_81#0|burst:burst_78_81#0|tb:tb_84_86#1,tb_84_86#1,bo_81#0,burst_78_81#0,原有,1,1,1,1,2,2,0,78,81,84,86,2025-01-22,58,3,9.132709842761642,71,0.09640678378464347,-0.3652382140143946,0,3,0,0,3,0,3,0,3,0.07209119967217259,2.380000114440918
CALC,bb_v1@201-204#bo:bo_201#0|burst:burst_201_202#0|tb:tb_204#0,tb_204#0,bo_201#0,burst_201_202#0,新增,3,1,1,0,2,1,1,201,202,204,204,2025-07-16,181,3,14.923947732883724,73,0.9496569063808233,0.016018346337421274,1,0,0,0,1,1,0,1,0,0.09440563288089099,2.184999942779541
CALC,bb_v1@201-207#bo:bo_201#0|burst:burst_201_207#0|tb:tb_204#0,tb_204#0,bo_201#0,burst_201_207#0,新增,3,0,1,0,3,1,6,201,207,204,204,2025-07-16,181,4,14.923947732883724,115,0.9496569063808233,0.016018346337421274,1,0,0,0,1,1,0,1,0,0.09440563288089099,2.184999942779541
CALC,bb_v1@201-208#bo:bo_201#0|burst:burst_201_208#0|tb:tb_204#0,tb_204#0,bo_201#0,burst_201_208#0,新增,3,0,1,0,4,1,7,201,208,204,204,2025-07-16,181,5,14.923947732883724,137,0.9496569063808233,0.016018346337421274,1,0,0,0,1,1,0,1,0,0.09440563288089099,2.184999942779541
CALC,bb_v1@201-204#bo:bo_202#0|burst:burst_201_202#0|tb:tb_204#1,tb_204#1,bo_202#0,burst_201_202#0,原有,3,1,1,1,2,2,0,201,202,204,204,2025-07-16,181,3,14.923947732883724,73,0.9496569063808233,0.016018346337421274,1,0,0,0,1,1,0,1,0,0.09440563288089099,2.184999942779541
CALC,bb_v1@201-207#bo:bo_202#0|burst:burst_201_207#0|tb:tb_204#1,tb_204#1,bo_202#0,burst_201_207#0,原有,3,0,1,1,3,2,5,201,207,204,204,2025-07-16,181,4,14.923947732883724,115,0.9496569063808233,0.016018346337421274,1,0,0,0,1,1,0,1,0,0.09440563288089099,2.184999942779541
CALC,bb_v1@201-208#bo:bo_202#0|burst:burst_201_208#0|tb:tb_204#1,tb_204#1,bo_202#0,burst_201_208#0,原有,3,0,1,1,4,2,6,201,208,204,204,2025-07-16,181,5,14.923947732883724,137,0.9496569063808233,0.016018346337421274,1,0,0,0,1,1,0,1,0,0.09440563288089099,2.184999942779541
CALC,bb_v1@201-213#bo:bo_207#0|burst:burst_201_207#0|tb:tb_211_213#0,tb_211_213#0,bo_207#0,burst_201_207#0,原有,2,1,1,1,3,3,0,201,207,211,213,2025-07-25,181,4,14.923947732883724,115,0.0230198127293962,-0.3861175607934923,0,1,0,2,3,0,3,0,0,0.15119577937641507,3.799999952316284
CALC,bb_v1@201-213#bo:bo_207#0|burst:burst_201_208#0|tb:tb_211_213#0,tb_211_213#0,bo_207#0,burst_201_208#0,原有,2,0,1,1,4,3,1,201,208,211,213,2025-07-25,181,5,14.923947732883724,137,0.0230198127293962,-0.3861175607934923,0,1,0,2,3,0,3,0,0,0.15119577937641507,3.799999952316284
CALC,bb_v1@201-213#bo:bo_208#0|burst:burst_201_208#0|tb:tb_211_213#1,tb_211_213#1,bo_208#0,burst_201_208#0,原有,1,1,1,1,4,4,0,201,208,211,213,2025-07-25,181,5,14.923947732883724,137,0.0230198127293962,-0.3861175607934923,0,1,0,2,3,0,3,0,0,0.15119577937641507,3.799999952316284
CALC,bb_v1@296-308#bo:bo_300#0|burst:burst_296_300#0|tb:tb_305_308#0,tb_305_308#0,bo_300#0,burst_296_300#0,原有,2,1,1,1,2,2,0,296,300,305,308,2025-12-08,88,3,25.767604488534722,91,0.5838258231174793,-0.8856125806069892,4,0,0,0,4,4,0,4,0,0.07988302118982687,4.409999847412109
CALC,bb_v1@296-308#bo:bo_300#0|burst:burst_296_301#0|tb:tb_305_308#0,tb_305_308#0,bo_300#0,burst_296_301#0,原有,2,0,1,1,3,2,1,296,301,305,308,2025-12-08,88,3,25.767604488534722,92,0.5838258231174793,-0.8856125806069892,4,0,0,0,4,4,0,4,0,0.07988302118982687,4.409999847412109
CALC,bb_v1@296-308#bo:bo_301#0|burst:burst_296_301#0|tb:tb_305_308#1,tb_305_308#1,bo_301#0,burst_296_301#0,原有,1,1,1,1,3,3,0,296,301,305,308,2025-12-08,88,3,25.767604488534722,92,0.5838258231174793,-0.8856125806069892,4,0,0,0,4,4,0,4,0,0.07988302118982687,4.409999847412109
CALY,bb_v1@285-317#bo:bo_297#0|burst:burst_285_297#0|tb:tb_306_317#0,tb_306_317#0,bo_297#0,burst_285_297#0,原有,2,1,1,1,3,3,0,285,297,306,317,2025-12-09,76,4,3.9762244679440766,256,0.4256525569958424,-0.025443916215790136,12,0,0,0,12,12,0,12,0,0.05089141317588804,11.350000381469727
CALY,bb_v1@285-317#bo:bo_297#0|burst:burst_285_298#0|tb:tb_306_317#0,tb_306_317#0,bo_297#0,burst_285_298#0,原有,2,0,1,1,4,3,1,285,298,306,317,2025-12-09,76,4,3.9762244679440766,256,0.4256525569958424,-0.025443916215790136,12,0,0,0,12,12,0,12,0,0.05089141317588804,11.350000381469727
CALY,bb_v1@285-318#bo:bo_298#0|burst:burst_285_298#0|tb:tb_306_318#0,tb_306_318#0,bo_298#0,burst_285_298#0,原有,1,1,1,1,4,4,0,285,298,306,318,2025-12-09,76,4,3.9762244679440766,256,0.4250814583456378,-0.024928176085205683,13,0,0,0,13,13,0,13,0,0.05089141317588804,11.350000381469727
CAN,bb_v1@245-268#bo:bo_253#0|burst:burst_245_268#0|tb:tb_255_257#0,tb_255_257#0,bo_253#0,burst_245_268#0,新增,1,1,1,0,5,2,15,245,268,255,257,2025-09-26,43,5,3.15573941848581,163,1.60715036433649,-0.03112658028006343,3,0,0,0,3,3,0,3,0,0.06590517335619232,0.7940000295639038
CAN,bb_v1@245-268#bo:bo_259#0|burst:burst_245_268#0|tb:tb_261#0,tb_261#0,bo_259#0,burst_245_268#0,新增,1,1,1,0,5,3,9,245,268,261,261,2025-10-06,43,5,3.15573941848581,163,0.6818181366631497,-0.3750000338662741,1,0,0,0,1,1,0,1,0,0.07503255620447744,1.3200000524520874
CAN,bb_v1@245-276#bo:bo_267#0|burst:burst_245_268#0|tb:tb_271_276#0,tb_271_276#0,bo_267#0,burst_245_268#0,新增,1,1,1,0,5,4,1,245,268,271,276,2025-10-20,43,5,3.15573941848581,163,0.03680820125923338,-0.5860903963058051,0,6,0,0,6,0,6,0,6,0.18732383039400916,2.049999952316284
CAN,bb_v1@245-276#bo:bo_268#0|burst:burst_245_268#0|tb:tb_271_276#1,tb_271_276#1,bo_268#0,burst_245_268#0,原有,1,1,1,1,5,5,0,245,268,271,276,2025-10-20,43,5,3.15573941848581,163,0.03680820125923338,-0.5860903963058051,0,6,0,0,6,0,6,0,6,0.18732383039400916,2.049999952316284
CCCC,bb_v1@199-208#bo:bo_202#0|burst:burst_199_202#0|tb:tb_205_208#0,tb_205_208#0,bo_202#0,burst_199_202#0,原有,1,1,1,1,2,2,0,199,202,205,208,2025-07-17,179,3,3.183430829686523,76,0.5578282428116821,-0.131894513197599,3,0,0,1,4,4,0,1,0,0.0935117716502903,2.180000066757202
CLNN,bb_v1@227-235#bo:bo_227#0|burst:burst_227_229#0|tb:tb_233_235#0,tb_233_235#0,bo_227#0,burst_227_229#0,新增,3,1,1,0,2,1,2,227,229,233,235,2025-08-26,53,4,4.408851529268786,127,1.0519622197924516,-0.04084411262356221,3,0,0,0,3,3,0,3,0,0.0661801238213117,5.380000114440918
CLNN,bb_v1@227-237#bo:bo_227#0|burst:burst_227_237#0|tb:tb_233_235#0,tb_233_235#0,bo_227#0,burst_227_237#0,新增,3,0,1,0,3,1,10,227,237,233,235,2025-08-26,53,5,4.408851529268786,162,1.0519622197924516,-0.04084411262356221,3,0,0,0,3,3,0,3,0,0.0661801238213117,5.380000114440918
CLNN,bb_v1@227-241#bo:bo_227#0|burst:burst_227_241#0|tb:tb_233_235#0,tb_233_235#0,bo_227#0,burst_227_241#0,新增,3,0,1,0,4,1,14,227,241,233,235,2025-08-26,53,6,4.408851529268786,210,1.0519622197924516,-0.04084411262356221,3,0,0,0,3,3,0,3,0,0.0661801238213117,5.380000114440918
CLNN,bb_v1@227-235#bo:bo_229#0|burst:burst_227_229#0|tb:tb_233_235#1,tb_233_235#1,bo_229#0,burst_227_229#0,原有,3,1,1,1,2,2,0,227,229,233,235,2025-08-26,53,4,4.408851529268786,127,1.0519622197924516,-0.04084411262356221,3,0,0,0,3,3,0,3,0,0.0661801238213117,5.380000114440918
CLNN,bb_v1@227-237#bo:bo_229#0|burst:burst_227_237#0|tb:tb_233_235#1,tb_233_235#1,bo_229#0,burst_227_237#0,原有,3,0,1,1,3,2,8,227,237,233,235,2025-08-26,53,5,4.408851529268786,162,1.0519622197924516,-0.04084411262356221,3,0,0,0,3,3,0,3,0,0.0661801238213117,5.380000114440918
CLNN,bb_v1@227-241#bo:bo_229#0|burst:burst_227_241#0|tb:tb_233_235#1,tb_233_235#1,bo_229#0,burst_227_241#0,原有,3,0,1,1,4,2,12,227,241,233,235,2025-08-26,53,6,4.408851529268786,210,1.0519622197924516,-0.04084411262356221,3,0,0,0,3,3,0,3,0,0.0661801238213117,5.380000114440918
CLNN,bb_v1@227-240#bo:bo_237#0|burst:burst_227_237#0|tb:tb_239_240#0,tb_239_240#0,bo_237#0,burst_227_237#0,原有,2,1,1,1,3,3,0,227,237,239,240,2025-09-04,53,5,4.408851529268786,162,0.9866257233247409,-0.06172779586854504,2,0,0,0,2,2,0,2,0,0.07381836954537918,5.949999809265137
CLNN,bb_v1@227-241#bo:bo_237#0|burst:burst_227_241#0|tb:tb_239_240#0,tb_239_240#0,bo_237#0,burst_227_241#0,原有,2,0,1,1,4,3,4,227,241,239,240,2025-09-04,53,6,4.408851529268786,210,0.9866257233247409,-0.06172779586854504,2,0,0,0,2,2,0,2,0,0.07381836954537918,5.949999809265137
CLNN,bb_v1@227-257#bo:bo_241#0|burst:burst_227_241#0|tb:tb_246_257#0,tb_246_257#0,bo_241#0,burst_227_241#0,原有,1,1,1,1,4,4,0,227,241,246,257,2025-09-15,53,6,4.408851529268786,210,1.196710085873044,-0.07831299161414697,12,0,0,0,12,12,0,12,0,0.09237750909941304,6.25
CLPT,bb_v1@251-257#bo:bo_251#0|burst:burst_251_253#0|tb:tb_257#0,tb_257#0,bo_251#0,burst_251_253#0,新增,2,1,1,0,2,1,2,251,253,257,257,2025-09-30,103,5,29.622696462613852,158,0.3813675592836143,-0.38825152071438296,1,0,0,0,1,1,0,1,0,0.06052942573780484,21.790000915527344
CLPT,bb_v1@251-257#bo:bo_251#0|burst:burst_251_255#0|tb:tb_257#0,tb_257#0,bo_251#0,burst_251_255#0,新增,2,0,1,0,3,1,4,251,255,257,257,2025-09-30,103,5,29.622696462613852,160,0.3813675592836143,-0.38825152071438296,1,0,0,0,1,1,0,1,0,0.06052942573780484,21.790000915527344
CLPT,bb_v1@251-257#bo:bo_253#0|burst:burst_251_253#0|tb:tb_257#1,tb_257#1,bo_253#0,burst_251_253#0,原有,2,1,1,1,2,2,0,251,253,257,257,2025-09-30,103,5,29.622696462613852,158,0.3813675592836143,-0.38825152071438296,1,0,0,0,1,1,0,1,0,0.06052942573780484,21.790000915527344
CLPT,bb_v1@251-257#bo:bo_253#0|burst:burst_251_255#0|tb:tb_257#1,tb_257#1,bo_253#0,burst_251_255#0,原有,2,0,1,1,3,2,2,251,255,257,257,2025-09-30,103,5,29.622696462613852,160,0.3813675592836143,-0.38825152071438296,1,0,0,0,1,1,0,1,0,0.06052942573780484,21.790000915527344
CLPT,bb_v1@251-257#bo:bo_255#0|burst:burst_251_255#0|tb:tb_257#2,tb_257#2,bo_255#0,burst_251_255#0,原有,1,1,1,1,3,3,0,251,255,257,257,2025-09-30,103,5,29.622696462613852,160,0.3813675592836143,-0.38825152071438296,1,0,0,0,1,1,0,1,0,0.06052942573780484,21.790000915527344
CCM,bb_v1@147-154#bo:bo_150#0|burst:burst_147_150#0|tb:tb_154#0,tb_154#0,bo_150#0,burst_147_150#0,原有,1,1,1,1,2,2,0,147,150,154,154,2025-05-02,75,3,4.810238907849829,60,0.39420286269529514,-0.28840582905084045,0,0,0,1,1,0,0,0,0,0.102749654922595,6.900000095367432
CNET,bb_v1@245-259#bo:bo_248#0|burst:burst_245_248#0|tb:tb_251_259#0,tb_251_259#0,bo_248#0,burst_245_248#0,原有,2,1,1,1,2,2,0,245,248,251,259,2025-09-22,177,3,220.24731580895966,164,0.14946458370745344,-0.3665738301014021,0,6,0,3,9,0,7,0,5,0.08358689793784299,2.180000066757202
CNET,bb_v1@245-259#bo:bo_248#0|burst:burst_245_251#0|tb:tb_251_259#0,tb_251_259#0,bo_248#0,burst_245_251#0,原有,2,0,1,1,3,2,3,245,251,251,259,2025-09-22,177,4,220.24731580895966,183,0.14946458370745344,-0.3665738301014021,0,6,0,3,9,0,7,0,5,0.08358689793784299,2.180000066757202
CNET,bb_v1@245-259#bo:bo_251#0|burst:burst_245_251#0|tb:tb_253_259#0,tb_253_259#0,bo_251#0,burst_245_251#0,原有,1,1,1,1,3,3,0,245,251,253,259,2025-09-24,177,4,220.24731580895966,183,0.1363377410318695,-0.42204936193842446,0,6,0,1,7,0,7,0,5,0.08788941594405367,2.2300000190734863
CLYM,bb_v1@307-314#bo:bo_307#0|burst:burst_307_309#0|tb:tb_313_314#0,tb_313_314#0,bo_307#0,burst_307_309#0,新增,2,1,1,0,2,1,2,307,309,313,314,2025-12-18,75,3,13.490980027203092,67,0.4366810734858484,-0.20081724489689967,2,0,0,0,2,2,0,0,0,0.07790938783662718,4.380000114440918
CLYM,bb_v1@307-314#bo:bo_307#0|burst:burst_307_311#0|tb:tb_313_314#0,tb_313_314#0,bo_307#0,burst_307_311#0,新增,2,0,1,0,3,1,4,307,311,313,314,2025-12-18,75,4,30.33347286411126,274,0.4366810734858484,-0.20081724489689967,2,0,0,0,2,2,0,0,0,0.07790938783662718,4.380000114440918
CLYM,bb_v1@307-314#bo:bo_309#0|burst:burst_307_309#0|tb:tb_313_314#1,tb_313_314#1,bo_309#0,burst_307_309#0,原有,2,1,1,1,2,2,0,307,309,313,314,2025-12-18,75,3,13.490980027203092,67,0.4366810734858484,-0.20081724489689967,2,0,0,0,2,2,0,0,0,0.07790938783662718,4.380000114440918
CLYM,bb_v1@307-314#bo:bo_309#0|burst:burst_307_311#0|tb:tb_313_314#1,tb_313_314#1,bo_309#0,burst_307_311#0,原有,2,0,1,1,3,2,2,307,311,313,314,2025-12-18,75,4,30.33347286411126,274,0.4366810734858484,-0.20081724489689967,2,0,0,0,2,2,0,0,0,0.07790938783662718,4.380000114440918
CLYM,bb_v1@307-314#bo:bo_311#0|burst:burst_307_311#0|tb:tb_313_314#2,tb_313_314#2,bo_311#0,burst_307_311#0,原有,1,1,1,1,3,3,0,307,311,313,314,2025-12-18,75,4,30.33347286411126,274,0.4366810734858484,-0.20081724489689967,2,0,0,0,2,2,0,0,0,0.07790938783662718,4.380000114440918
CMBMF,bb_v1@202-209#bo:bo_202#0|burst:burst_202_206#0|tb:tb_209#0,tb_209#0,bo_202#0,burst_202_206#0,新增,1,1,1,0,3,1,4,202,206,209,209,2025-07-23,41,3,9.364012632911766,83,0.09009011040820591,-0.44175675828061545,0,1,0,0,1,0,1,0,1,0.11416874230517776,1.1100000143051147
CMBMF,bb_v1@202-209#bo:bo_203#0|burst:burst_202_206#0|tb:tb_209#1,tb_209#1,bo_203#0,burst_202_206#0,新增,1,1,1,0,3,2,3,202,206,209,209,2025-07-23,41,3,9.364012632911766,83,0.09009011040820591,-0.44175675828061545,0,1,0,0,1,0,1,0,1,0.11416874230517776,1.1100000143051147
CMBMF,bb_v1@202-209#bo:bo_206#0|burst:burst_202_206#0|tb:tb_209#2,tb_209#2,bo_206#0,burst_202_206#0,原有,1,1,1,1,3,3,0,202,206,209,209,2025-07-23,41,3,9.364012632911766,83,0.09009011040820591,-0.44175675828061545,0,1,0,0,1,0,1,0,1,0.11416874230517776,1.1100000143051147
CMP,bb_v1@146-158#bo:bo_148#0|burst:burst_146_158#0|tb:tb_154_155#0,tb_154_155#0,bo_148#0,burst_146_158#0,新增,1,1,1,0,4,2,10,146,158,154,155,2025-05-02,105,6,3.4739912184567956,117,0.5940314981074654,-0.00913811571516887,2,0,0,0,2,2,0,2,0,0.05246748139734337,13.710000038146973
CMP,bb_v1@146-158#bo:bo_150#0|burst:burst_146_158#0|tb:tb_154_155#1,tb_154_155#1,bo_150#0,burst_146_158#0,新增,1,1,1,0,4,3,8,146,158,154,155,2025-05-02,105,6,3.4739912184567956,117,0.5940314981074654,-0.00913811571516887,2,0,0,0,2,2,0,2,0,0.05246748139734337,13.710000038146973
CMP,bb_v1@146-163#bo:bo_158#0|burst:burst_146_158#0|tb:tb_161_163#0,tb_161_163#0,bo_158#0,burst_146_158#0,原有,1,1,1,1,4,4,0,146,158,161,163,2025-05-13,105,6,3.4739912184567956,117,0.15454685423850875,-0.08816750863517313,0,0,0,3,3,0,0,0,0,0.046396476024055104,19.729999542236328
CNTB,bb_v1@290-299#bo:bo_290#0|burst:burst_290_291#0|tb:tb_298_299#0,tb_298_299#0,bo_290#0,burst_290_291#0,新增,2,1,1,0,2,1,1,290,291,298,299,2025-11-26,86,3,18.705351038653696,67,0.024835643595875312,-0.2833243367825296,0,0,0,2,2,0,0,0,0,0.10120456944114034,2.8299999237060547
CNTB,bb_v1@290-299#bo:bo_290#0|burst:burst_290_293#0|tb:tb_298_299#0,tb_298_299#0,bo_290#0,burst_290_293#0,新增,2,0,1,0,3,1,3,290,293,298,299,2025-11-26,86,4,18.705351038653696,85,0.024835643595875312,-0.2833243367825296,0,0,0,2,2,0,0,0,0,0.10120456944114034,2.8299999237060547
CNTB,bb_v1@290-299#bo:bo_291#0|burst:burst_290_291#0|tb:tb_298_299#1,tb_298_299#1,bo_291#0,burst_290_291#0,原有,2,1,1,1,2,2,0,290,291,298,299,2025-11-26,86,3,18.705351038653696,67,0.024835643595875312,-0.2833243367825296,0,0,0,2,2,0,0,0,0,0.10120456944114034,2.8299999237060547
CNTB,bb_v1@290-299#bo:bo_291#0|burst:burst_290_293#0|tb:tb_298_299#1,tb_298_299#1,bo_291#0,burst_290_293#0,原有,2,0,1,1,3,2,2,290,293,298,299,2025-11-26,86,4,18.705351038653696,85,0.024835643595875312,-0.2833243367825296,0,0,0,2,2,0,0,0,0,0.10120456944114034,2.8299999237060547
CNTB,bb_v1@290-299#bo:bo_293#0|burst:burst_290_293#0|tb:tb_298_299#2,tb_298_299#2,bo_293#0,burst_290_293#0,原有,1,1,1,1,3,3,0,290,293,298,299,2025-11-26,86,4,18.705351038653696,85,0.024835643595875312,-0.2833243367825296,0,0,0,2,2,0,0,0,0,0.10120456944114034,2.8299999237060547
CMPX,bb_v1@76-87#bo:bo_80#0|burst:burst_76_80#0|tb:tb_87#0,tb_87#0,bo_80#0,burst_76_80#0,原有,1,1,1,1,2,2,0,76,80,87,87,2025-01-27,56,3,50.72796937414563,63,0.4468085178336678,-0.2446807926014486,0,0,0,1,1,0,0,0,0,0.11853151822872662,2.819999933242798
CEPU,bb_v1@268-280#bo:bo_276#0|burst:burst_268_278#0|tb:tb_280#0,tb_280#0,bo_276#0,burst_268_278#0,新增,2,1,1,0,4,2,2,268,278,280,280,2025-10-31,106,4,4.698275722627501,111,0.18913880208334932,-0.13174808068452237,0,0,0,1,1,0,0,0,0,0.08412081102155256,15.5600004196167
CEPU,bb_v1@268-280#bo:bo_276#0|burst:burst_268_280#0|tb:tb_280#0,tb_280#0,bo_276#0,burst_268_280#0,新增,2,0,1,0,5,2,4,268,280,280,280,2025-10-31,106,4,4.698275722627501,113,0.18913880208334932,-0.13174808068452237,0,0,0,1,1,0,0,0,0,0.08412081102155256,15.5600004196167
CEPU,bb_v1@268-280#bo:bo_277#0|burst:burst_268_278#0|tb:tb_280#1,tb_280#1,bo_277#0,burst_268_278#0,新增,2,1,1,0,4,3,1,268,278,280,280,2025-10-31,106,4,4.698275722627501,111,0.18913880208334932,-0.13174808068452237,0,0,0,1,1,0,0,0,0,0.08412081102155256,15.5600004196167
CEPU,bb_v1@268-280#bo:bo_277#0|burst:burst_268_280#0|tb:tb_280#1,tb_280#1,bo_277#0,burst_268_280#0,新增,2,0,1,0,5,3,3,268,280,280,280,2025-10-31,106,4,4.698275722627501,113,0.18913880208334932,-0.13174808068452237,0,0,0,1,1,0,0,0,0,0.08412081102155256,15.5600004196167
CEPU,bb_v1@268-280#bo:bo_278#0|burst:burst_268_278#0|tb:tb_280#2,tb_280#2,bo_278#0,burst_268_278#0,原有,2,1,1,1,4,4,0,268,278,280,280,2025-10-31,106,4,4.698275722627501,111,0.18913880208334932,-0.13174808068452237,0,0,0,1,1,0,0,0,0,0.08412081102155256,15.5600004196167
CEPU,bb_v1@268-280#bo:bo_278#0|burst:burst_268_280#0|tb:tb_280#2,tb_280#2,bo_278#0,burst_268_280#0,原有,2,0,1,1,5,4,2,268,280,280,280,2025-10-31,106,4,4.698275722627501,113,0.18913880208334932,-0.13174808068452237,0,0,0,1,1,0,0,0,0,0.08412081102155256,15.5600004196167
CEPU,bb_v1@268-293#bo:bo_280#0|burst:burst_268_280#0|tb:tb_286_293#0,tb_286_293#0,bo_280#0,burst_268_280#0,原有,1,1,1,1,5,5,0,268,280,286,293,2025-11-10,106,4,4.698275722627501,113,0.24904865020327802,-0.08800479308437482,0,0,0,8,8,0,0,0,0,0.06719559439353016,14.869999885559082
CLF,bb_v1@255-271#bo:bo_263#0|burst:burst_255_271#0|tb:tb_266_270#0,tb_266_270#0,bo_263#0,burst_255_271#0,新增,1,1,1,0,4,3,8,255,271,266,270,2025-10-13,48,4,3.0826163684959336,211,0.2172490072874663,-0.27839735585250636,2,3,0,0,5,5,0,0,5,0.04792504521489525,13.829999923706055
CLF,bb_v1@255-278#bo:bo_271#0|burst:burst_255_271#0|tb:tb_274_278#0,tb_274_278#0,bo_271#0,burst_255_271#0,原有,1,1,1,1,4,4,0,255,271,274,278,2025-10-23,48,4,3.0826163684959336,211,0.07494336111624567,-0.2727511434101739,0,5,0,0,5,0,5,0,5,0.049505828865885046,13.0600004196167
CLIR,bb_v1@250-259#bo:bo_250#0|burst:burst_250_251#0|tb:tb_253_259#0,tb_253_259#0,bo_250#0,burst_250_251#0,新增,1,1,1,0,2,1,1,250,251,253,259,2025-09-24,180,3,429.40288474212446,87,0.42803528066219687,-0.08879515036860629,5,0,0,2,7,6,0,2,0,0.05217789164309378,7.599999904632568
CLIR,bb_v1@250-259#bo:bo_251#0|burst:burst_250_251#0|tb:tb_253_259#1,tb_253_259#1,bo_251#0,burst_250_251#0,原有,1,1,1,1,2,2,0,250,251,253,259,2025-09-24,180,3,429.40288474212446,87,0.42803528066219687,-0.08879515036860629,5,0,0,2,7,6,0,2,0,0.05217789164309378,7.599999904632568
CLLS,bb_v1@202-226#bo:bo_209#0|burst:burst_202_209#0|tb:tb_216_226#0,tb_216_226#0,bo_209#0,burst_202_209#0,原有,1,1,1,1,2,2,0,202,209,216,226,2025-08-01,51,4,21.62183074081015,135,0.47966610625507167,-0.09636480280233316,4,0,0,7,11,5,0,2,0,0.10471459293344915,2.950000047683716
COOT,bb_v1@263-274#bo:bo_267#0|burst:burst_263_268#0|tb:tb_274#0,tb_274#0,bo_267#0,burst_263_268#0,新增,1,1,1,0,3,2,1,263,268,274,274,2025-10-23,163,6,245.33605833465433,196,0.1271676451934678,-0.6919075222576834,0,1,0,0,1,0,1,0,1,0.15184116054360075,1.7300000190734863
COOT,bb_v1@263-274#bo:bo_268#0|burst:burst_263_268#0|tb:tb_274#1,tb_274#1,bo_268#0,burst_263_268#0,原有,1,1,1,1,3,3,0,263,268,274,274,2025-10-23,163,6,245.33605833465433,196,0.1271676451934678,-0.6919075222576834,0,1,0,0,1,0,1,0,1,0.15184116054360075,1.7300000190734863
CRCT,bb_v1@157-166#bo:bo_157#0|burst:burst_157_158#0|tb:tb_160_166#0,tb_160_166#0,bo_157#0,burst_157_158#0,新增,1,1,1,0,2,1,1,157,158,160,166,2025-05-12,137,3,6.082135147989609,95,0.1741248349121189,-0.08275256786966687,0,0,0,7,7,1,0,0,0,0.04891242193851474,5.279806137084961
CRCT,bb_v1@157-166#bo:bo_158#0|burst:burst_157_158#0|tb:tb_160_166#1,tb_160_166#1,bo_158#0,burst_157_158#0,原有,1,1,1,1,2,2,0,157,158,160,166,2025-05-12,137,3,6.082135147989609,95,0.1741248349121189,-0.08275256786966687,0,0,0,7,7,1,0,0,0,0.04891242193851474,5.279806137084961
CGTX,bb_v1@196-206#bo:bo_196#0|burst:burst_196_197#0|tb:tb_202_206#0,tb_202_206#0,bo_196#0,burst_196_197#0,新增,2,1,1,0,2,1,1,196,197,202,206,2025-07-14,128,3,30.74065455254409,70,5.153922590837511,-0.10762855877311309,5,0,0,0,5,5,0,5,0,0.123039193658222,0.6050000190734863
CGTX,bb_v1@196-206#bo:bo_196#0|burst:burst_196_200#0|tb:tb_202_206#0,tb_202_206#0,bo_196#0,burst_196_200#0,新增,2,0,1,0,3,1,4,196,200,202,206,2025-07-14,128,4,108.91219898222127,97,5.153922590837511,-0.10762855877311309,5,0,0,0,5,5,0,5,0,0.123039193658222,0.6050000190734863
CGTX,bb_v1@196-206#bo:bo_197#0|burst:burst_196_197#0|tb:tb_202_206#1,tb_202_206#1,bo_197#0,burst_196_197#0,原有,2,1,1,1,2,2,0,196,197,202,206,2025-07-14,128,3,30.74065455254409,70,5.153922590837511,-0.10762855877311309,5,0,0,0,5,5,0,5,0,0.123039193658222,0.6050000190734863
CGTX,bb_v1@196-206#bo:bo_197#0|burst:burst_196_200#0|tb:tb_202_206#1,tb_202_206#1,bo_197#0,burst_196_200#0,原有,2,0,1,1,3,2,3,196,200,202,206,2025-07-14,128,4,108.91219898222127,97,5.153922590837511,-0.10762855877311309,5,0,0,0,5,5,0,5,0,0.123039193658222,0.6050000190734863
CGTX,bb_v1@196-207#bo:bo_200#0|burst:burst_196_200#0|tb:tb_202_207#0,tb_202_207#0,bo_200#0,burst_196_200#0,原有,1,1,1,1,3,3,0,196,200,202,207,2025-07-14,128,4,108.91219898222127,97,5.040173584967108,-0.12397617903793286,6,0,0,0,6,6,0,6,0,0.123039193658222,0.6050000190734863
CHPGF,bb_v1@170-179#bo:bo_177#0|burst:burst_170_177#0|tb:tb_179#0,tb_179#0,bo_177#0,burst_170_177#0,原有,1,1,1,1,2,2,0,170,177,179,179,2025-06-09,93,4,6.1136412002553735,99,0.45714289606834124,-0.04761900436850974,1,0,0,0,1,1,0,1,0,0.05988240250155062,1.0499999523162842
CPIX,bb_v1@310-323#bo:bo_310#0|burst:burst_310_312#0|tb:tb_321_323#0,tb_321_323#0,bo_310#0,burst_310_312#0,新增,2,1,1,0,2,1,2,310,312,321,323,2025-12-31,93,3,12.668981859781011,74,0.35175881506384976,-0.11055280312090465,0,0,0,1,1,0,0,0,0,0.09672657882076266,3.086287498474121
CPIX,bb_v1@310-323#bo:bo_310#0|burst:burst_310_313#0|tb:tb_321_323#0,tb_321_323#0,bo_310#0,burst_310_313#0,新增,2,0,1,0,3,1,3,310,313,321,323,2025-12-31,93,4,12.668981859781011,96,0.35175881506384976,-0.11055280312090465,0,0,0,1,1,0,0,0,0,0.09672657882076266,3.086287498474121
CPIX,bb_v1@310-323#bo:bo_312#0|burst:burst_310_312#0|tb:tb_321_323#1,tb_321_323#1,bo_312#0,burst_310_312#0,原有,2,1,1,1,2,2,0,310,312,321,323,2025-12-31,93,3,12.668981859781011,74,0.35175881506384976,-0.11055280312090465,0,0,0,1,1,0,0,0,0,0.09672657882076266,3.086287498474121
CPIX,bb_v1@310-323#bo:bo_312#0|burst:burst_310_313#0|tb:tb_321_323#1,tb_321_323#1,bo_312#0,burst_310_313#0,原有,2,0,1,1,3,2,1,310,313,321,323,2025-12-31,93,4,12.668981859781011,96,0.35175881506384976,-0.11055280312090465,0,0,0,1,1,0,0,0,0,0.09672657882076266,3.086287498474121
CPIX,bb_v1@310-323#bo:bo_313#0|burst:burst_310_313#0|tb:tb_321_323#2,tb_321_323#2,bo_313#0,burst_310_313#0,原有,1,1,1,1,3,3,0,310,313,321,323,2025-12-31,93,4,12.668981859781011,96,0.35175881506384976,-0.11055280312090465,0,0,0,1,1,0,0,0,0,0.09672657882076266,3.086287498474121
COCH,bb_v1@159-166#bo:bo_162#0|burst:burst_159_162#0|tb:tb_164_166#0,tb_164_166#0,bo_162#0,burst_159_162#0,原有,1,1,1,1,2,2,0,159,162,164,166,2025-05-16,139,3,5.019820819789106,76,0.058921210312226746,-0.2058090572010387,0,0,0,3,3,0,0,0,0,0.09035714542683286,1.6799999475479126
CREX,bb_v1@163-178#bo:bo_167#0|burst:burst_163_169#0|tb:tb_175_178#0,tb_175_178#0,bo_167#0,burst_163_169#0,新增,1,1,1,0,4,3,2,163,169,175,178,2025-06-03,143,5,8.874390278286858,111,0.219277836442561,-0.22549552998182446,0,0,0,4,4,0,0,0,0,0.13248627972439087,3.1600000858306885
CREX,bb_v1@163-178#bo:bo_169#0|burst:burst_163_169#0|tb:tb_175_178#1,tb_175_178#1,bo_169#0,burst_163_169#0,原有,1,1,1,1,4,4,0,163,169,175,178,2025-06-03,143,5,8.874390278286858,111,0.219277836442561,-0.22549552998182446,0,0,0,4,4,0,0,0,0,0.13248627972439087,3.1600000858306885
CXDO,bb_v1@97-108#bo:bo_104#0|burst:burst_97_104#0|tb:tb_108#0,tb_108#0,bo_104#0,burst_97_104#0,原有,1,1,1,1,2,2,0,97,104,108,108,2025-02-26,77,3,5.258121960177631,81,0.10044978540183425,-0.43778111587614643,0,1,0,0,1,0,1,0,1,0.049676302556905916,6.670000076293945
COSM,bb_v1@210-215#bo:bo_210#0|burst:burst_210_213#0|tb:tb_215#0,tb_215#0,bo_210#0,burst_210_213#0,新增,2,1,1,0,2,1,3,210,213,215,215,2025-07-31,127,5,6.400828053160098,117,0.38378373502030594,-0.4,1,0,0,0,1,1,0,0,1,0.07516629887942017,0.925000011920929
COSM,bb_v1@210-219#bo:bo_210#0|burst:burst_210_219#0|tb:tb_215#0,tb_215#0,bo_210#0,burst_210_219#0,新增,2,0,1,0,3,1,9,210,219,215,215,2025-07-31,127,6,27.473771527887504,136,0.38378373502030594,-0.4,1,0,0,0,1,1,0,0,1,0.07516629887942017,0.925000011920929
COSM,bb_v1@210-215#bo:bo_213#0|burst:burst_210_213#0|tb:tb_215#1,tb_215#1,bo_213#0,burst_210_213#0,原有,2,1,1,1,2,2,0,210,213,215,215,2025-07-31,127,5,6.400828053160098,117,0.38378373502030594,-0.4,1,0,0,0,1,1,0,0,1,0.07516629887942017,0.925000011920929
COSM,bb_v1@210-219#bo:bo_213#0|burst:burst_210_219#0|tb:tb_215#1,tb_215#1,bo_213#0,burst_210_219#0,原有,2,0,1,1,3,2,6,210,219,215,215,2025-07-31,127,6,27.473771527887504,136,0.38378373502030594,-0.4,1,0,0,0,1,1,0,0,1,0.07516629887942017,0.925000011920929
CPPKF,bb_v1@191-199#bo:bo_195#0|burst:burst_191_195#0|tb:tb_198_199#0,tb_198_199#0,bo_195#0,burst_191_195#0,原有,1,1,1,1,2,2,0,191,195,198,199,2025-07-08,77,3,17.758389261744966,160,0.3090620673375013,-0.057857223448426975,2,0,0,0,2,2,0,2,0,0.02721868834114449,0.7889999747276306
COE,bb_v1@175-187#bo:bo_175#0|burst:burst_175_179#0|tb:tb_183_187#0,tb_183_187#0,bo_175#0,burst_175_179#0,新增,1,1,1,0,3,1,4,175,179,183,187,2025-06-13,80,4,6.984566929133858,82,0.47370325893694804,-0.11752984730590388,4,0,0,1,5,5,0,3,0,0.046867859512519046,27.530000686645508
COE,bb_v1@175-187#bo:bo_177#0|burst:burst_175_179#0|tb:tb_183_187#1,tb_183_187#1,bo_177#0,burst_175_179#0,新增,1,1,1,0,3,2,2,175,179,183,187,2025-06-13,80,4,6.984566929133858,82,0.47370325893694804,-0.11752984730590388,4,0,0,1,5,5,0,3,0,0.046867859512519046,27.530000686645508
COE,bb_v1@175-187#bo:bo_179#0|burst:burst_175_179#0|tb:tb_183_187#2,tb_183_187#2,bo_179#0,burst_175_179#0,原有,1,1,1,1,3,3,0,175,179,183,187,2025-06-13,80,4,6.984566929133858,82,0.47370325893694804,-0.11752984730590388,4,0,0,1,5,5,0,3,0,0.046867859512519046,27.530000686645508
COHN,bb_v1@286-299#bo:bo_286#0|burst:burst_286_288#0|tb:tb_296_299#0,tb_296_299#0,bo_286#0,burst_286_288#0,新增,2,1,1,0,2,1,2,286,288,296,299,2025-11-24,79,3,12.987893462469735,80,1.1896976815945137,-0.013747471567174346,4,0,0,0,4,4,0,4,0,0.06903626527569043,12.52792739868164
COHN,bb_v1@286-299#bo:bo_286#0|burst:burst_286_290#0|tb:tb_296_299#0,tb_296_299#0,bo_286#0,burst_286_290#0,新增,2,0,1,0,3,1,4,286,290,296,299,2025-11-24,79,3,12.987893462469735,82,1.1896976815945137,-0.013747471567174346,4,0,0,0,4,4,0,4,0,0.06903626527569043,12.52792739868164
COHN,bb_v1@286-299#bo:bo_288#0|burst:burst_286_288#0|tb:tb_296_299#1,tb_296_299#1,bo_288#0,burst_286_288#0,原有,2,1,1,1,2,2,0,286,288,296,299,2025-11-24,79,3,12.987893462469735,80,1.1896976815945137,-0.013747471567174346,4,0,0,0,4,4,0,4,0,0.06903626527569043,12.52792739868164
COHN,bb_v1@286-299#bo:bo_288#0|burst:burst_286_290#0|tb:tb_296_299#1,tb_296_299#1,bo_288#0,burst_286_290#0,原有,2,0,1,1,3,2,2,286,290,296,299,2025-11-24,79,3,12.987893462469735,82,1.1896976815945137,-0.013747471567174346,4,0,0,0,4,4,0,4,0,0.06903626527569043,12.52792739868164
COHN,bb_v1@286-299#bo:bo_290#0|burst:burst_286_290#0|tb:tb_296_299#2,tb_296_299#2,bo_290#0,burst_286_290#0,原有,1,1,1,1,3,3,0,286,290,296,299,2025-11-24,79,3,12.987893462469735,82,1.1896976815945137,-0.013747471567174346,4,0,0,0,4,4,0,4,0,0.06903626527569043,12.52792739868164
DFLI,bb_v1@254-260#bo:bo_254#0|burst:burst_254_260#0|tb:tb_258#0,tb_258#0,bo_254#0,burst_254_260#0,新增,1,1,1,0,4,1,6,254,260,258,258,2025-10-01,46,4,12.780451797743156,134,3.3572623336841287,-0.028380568606441336,1,0,0,0,1,1,0,1,0,0.08080123873621939,5.989999771118164
DFLI,bb_v1@254-260#bo:bo_255#0|burst:burst_254_260#0|tb:tb_258#1,tb_258#1,bo_255#0,burst_254_260#0,新增,1,1,1,0,4,2,5,254,260,258,258,2025-10-01,46,4,12.780451797743156,134,3.3572623336841287,-0.028380568606441336,1,0,0,0,1,1,0,1,0,0.08080123873621939,5.989999771118164
CRLBF,bb_v1@222-231#bo:bo_222#0|burst:burst_222_231#0|tb:tb_224#0,tb_224#0,bo_222#0,burst_222_231#0,新增,2,1,1,0,3,1,9,222,231,224,224,2025-08-13,70,3,8.438548783617817,136,0.4529147900558712,-0.14798208075910768,0,0,0,1,1,0,0,0,0,0.12315213385437385,1.1150000095367432
CRLBF,bb_v1@222-235#bo:bo_222#0|burst:burst_222_235#0|tb:tb_224#0,tb_224#0,bo_222#0,burst_222_235#0,新增,2,0,1,0,4,1,13,222,235,224,224,2025-08-13,70,4,8.438548783617817,195,0.4529147900558712,-0.14798208075910768,0,0,0,1,1,0,0,0,0,0.12315213385437385,1.1150000095367432
CRLBF,bb_v1@222-243#bo:bo_231#0|burst:burst_222_231#0|tb:tb_240_243#0,tb_240_243#0,bo_231#0,burst_222_231#0,原有,2,1,1,1,3,3,0,222,231,240,243,2025-09-05,70,3,8.438548783617817,136,0.27003218075347263,-0.20622988702907957,0,0,0,4,4,0,0,0,0,0.1619565323009125,1.2000000476837158
CRLBF,bb_v1@222-243#bo:bo_231#0|burst:burst_222_235#0|tb:tb_240_243#0,tb_240_243#0,bo_231#0,burst_222_235#0,原有,2,0,1,1,4,3,4,222,235,240,243,2025-09-05,70,4,8.438548783617817,195,0.27003218075347263,-0.20622988702907957,0,0,0,4,4,0,0,0,0,0.1619565323009125,1.2000000476837158
CRLBF,bb_v1@222-243#bo:bo_235#0|burst:burst_222_235#0|tb:tb_240_243#1,tb_240_243#1,bo_235#0,burst_222_235#0,原有,1,1,1,1,4,4,0,222,235,240,243,2025-09-05,70,4,8.438548783617817,195,0.27003218075347263,-0.20622988702907957,0,0,0,4,4,0,0,0,0,0.1619565323009125,1.2000000476837158
CTMX,bb_v1@253-270#bo:bo_253#0|burst:burst_253_256#0|tb:tb_258_270#0,tb_258_270#0,bo_253#0,burst_253_256#0,新增,1,1,1,0,3,1,3,253,256,258,270,2025-10-01,80,4,5.116824443238165,73,0.383495461460705,-0.06775117864576839,13,0,0,0,13,13,0,10,0,0.05970241199004807,3.3499999046325684
CTMX,bb_v1@253-270#bo:bo_254#0|burst:burst_253_256#0|tb:tb_258_270#1,tb_258_270#1,bo_254#0,burst_253_256#0,新增,1,1,1,0,3,2,2,253,256,258,270,2025-10-01,80,4,5.116824443238165,73,0.383495461460705,-0.06775117864576839,13,0,0,0,13,13,0,10,0,0.05970241199004807,3.3499999046325684
CTMX,bb_v1@253-270#bo:bo_256#0|burst:burst_253_256#0|tb:tb_258_270#2,tb_258_270#2,bo_256#0,burst_253_256#0,原有,1,1,1,1,3,3,0,253,256,258,270,2025-10-01,80,4,5.116824443238165,73,0.383495461460705,-0.06775117864576839,13,0,0,0,13,13,0,10,0,0.05970241199004807,3.3499999046325684
CTOR,bb_v1@178-185#bo:bo_178#0|burst:burst_178_181#0|tb:tb_185#0,tb_185#0,bo_178#0,burst_178_181#0,新增,2,1,1,0,3,1,3,178,181,185,185,2025-06-17,126,3,9.797718494007004,86,3.2689654163174655,-0.07172419871217794,1,0,0,0,1,1,0,1,0,0.07889419018711058,1.4500000476837158
CTOR,bb_v1@178-187#bo:bo_178#0|burst:burst_178_187#0|tb:tb_185#0,tb_185#0,bo_178#0,burst_178_187#0,新增,2,0,1,0,4,1,9,178,187,185,185,2025-06-17,126,6,13.710939120921957,150,3.2689654163174655,-0.07172419871217794,1,0,0,0,1,1,0,1,0,0.07889419018711058,1.4500000476837158
CTOR,bb_v1@178-185#bo:bo_179#0|burst:burst_178_181#0|tb:tb_185#1,tb_185#1,bo_179#0,burst_178_181#0,新增,2,1,1,0,3,2,2,178,181,185,185,2025-06-17,126,3,9.797718494007004,86,3.2689654163174655,-0.07172419871217794,1,0,0,0,1,1,0,1,0,0.07889419018711058,1.4500000476837158
CTOR,bb_v1@178-187#bo:bo_179#0|burst:burst_178_187#0|tb:tb_185#1,tb_185#1,bo_179#0,burst_178_187#0,新增,2,0,1,0,4,2,8,178,187,185,185,2025-06-17,126,6,13.710939120921957,150,3.2689654163174655,-0.07172419871217794,1,0,0,0,1,1,0,1,0,0.07889419018711058,1.4500000476837158
CTOR,bb_v1@178-185#bo:bo_181#0|burst:burst_178_181#0|tb:tb_185#2,tb_185#2,bo_181#0,burst_178_181#0,原有,2,1,1,1,3,3,0,178,181,185,185,2025-06-17,126,3,9.797718494007004,86,3.2689654163174655,-0.07172419871217794,1,0,0,0,1,1,0,1,0,0.07889419018711058,1.4500000476837158
CTOR,bb_v1@178-187#bo:bo_181#0|burst:burst_178_187#0|tb:tb_185#2,tb_185#2,bo_181#0,burst_178_187#0,原有,2,0,1,1,4,3,6,178,187,185,185,2025-06-17,126,6,13.710939120921957,150,3.2689654163174655,-0.07172419871217794,1,0,0,0,1,1,0,1,0,0.07889419018711058,1.4500000476837158
CTOR,bb_v1@178-190#bo:bo_187#0|burst:burst_178_187#0|tb:tb_189_190#0,tb_189_190#0,bo_187#0,burst_178_187#0,原有,1,1,1,1,4,4,0,178,187,189,190,2025-06-24,126,6,13.710939120921957,150,1.2849106336332095,-0.5016753826547683,2,0,0,0,2,2,0,2,0,0.1048413194247072,2.6600000858306885
DCTH,bb_v1@158-174#bo:bo_158#0|burst:burst_158_164#0|tb:tb_170_174#0,tb_170_174#0,bo_158#0,burst_158_164#0,新增,2,1,1,0,3,1,6,158,164,170,174,2025-05-27,77,3,3.1950235399101485,68,0.05625657940399997,-0.33745072988865976,0,5,0,0,5,0,5,0,5,0.04613505121926987,16.40999984741211
DCTH,bb_v1@158-174#bo:bo_158#0|burst:burst_158_165#0|tb:tb_170_174#0,tb_170_174#0,bo_158#0,burst_158_165#0,新增,2,0,1,0,4,1,7,158,165,170,174,2025-05-27,77,3,3.1950235399101485,69,0.05625657940399997,-0.33745072988865976,0,5,0,0,5,0,5,0,5,0.04613505121926987,16.40999984741211
DCTH,bb_v1@158-174#bo:bo_159#0|burst:burst_158_164#0|tb:tb_170_174#1,tb_170_174#1,bo_159#0,burst_158_164#0,新增,2,1,1,0,3,2,5,158,164,170,174,2025-05-27,77,3,3.1950235399101485,68,0.05625657940399997,-0.33745072988865976,0,5,0,0,5,0,5,0,5,0.04613505121926987,16.40999984741211
DCTH,bb_v1@158-174#bo:bo_159#0|burst:burst_158_165#0|tb:tb_170_174#1,tb_170_174#1,bo_159#0,burst_158_165#0,新增,2,0,1,0,4,2,6,158,165,170,174,2025-05-27,77,3,3.1950235399101485,69,0.05625657940399997,-0.33745072988865976,0,5,0,0,5,0,5,0,5,0.04613505121926987,16.40999984741211
DCTH,bb_v1@158-174#bo:bo_164#0|burst:burst_158_164#0|tb:tb_170_174#2,tb_170_174#2,bo_164#0,burst_158_164#0,原有,2,1,1,1,3,3,0,158,164,170,174,2025-05-27,77,3,3.1950235399101485,68,0.05625657940399997,-0.33745072988865976,0,5,0,0,5,0,5,0,5,0.04613505121926987,16.40999984741211
DCTH,bb_v1@158-174#bo:bo_164#0|burst:burst_158_165#0|tb:tb_170_174#2,tb_170_174#2,bo_164#0,burst_158_165#0,原有,2,0,1,1,4,3,1,158,165,170,174,2025-05-27,77,3,3.1950235399101485,69,0.05625657940399997,-0.33745072988865976,0,5,0,0,5,0,5,0,5,0.04613505121926987,16.40999984741211
DCTH,bb_v1@158-174#bo:bo_165#0|burst:burst_158_165#0|tb:tb_170_174#3,tb_170_174#3,bo_165#0,burst_158_165#0,原有,1,1,1,1,4,4,0,158,165,170,174,2025-05-27,77,3,3.1950235399101485,69,0.05625657940399997,-0.33745072988865976,0,5,0,0,5,0,5,0,5,0.04613505121926987,16.40999984741211
DDC,bb_v1@160-173#bo:bo_164#0|burst:burst_160_173#0|tb:tb_168#0,tb_168#0,bo_164#0,burst_160_173#0,新增,2,1,1,0,4,2,9,160,173,168,168,2025-05-22,50,4,22.2213208643085,66,3.810392803701226,-0.1755196313751367,1,0,0,0,1,1,0,1,0,0.15225191340069472,4.329999923706055
DDC,bb_v1@160-174#bo:bo_164#0|burst:burst_160_174#0|tb:tb_168#0,tb_168#0,bo_164#0,burst_160_174#0,新增,2,0,1,0,5,2,10,160,174,168,168,2025-05-22,50,5,22.2213208643085,165,3.810392803701226,-0.1755196313751367,1,0,0,0,1,1,0,1,0,0.15225191340069472,4.329999923706055
DDC,bb_v1@160-191#bo:bo_171#0|burst:burst_160_173#0|tb:tb_183_191#0,tb_183_191#0,bo_171#0,burst_160_173#0,新增,2,1,1,0,4,3,2,160,173,183,191,2025-06-13,50,4,22.2213208643085,66,0.9818288738550395,-0.16422822328654316,1,0,0,8,9,8,0,0,0,0.21324004234892174,11.010000228881836
DDC,bb_v1@160-191#bo:bo_171#0|burst:burst_160_174#0|tb:tb_183_191#0,tb_183_191#0,bo_171#0,burst_160_174#0,新增,2,0,1,0,5,3,3,160,174,183,191,2025-06-13,50,5,22.2213208643085,165,0.9818288738550395,-0.16422822328654316,1,0,0,8,9,8,0,0,0,0.21324004234892174,11.010000228881836
DDC,bb_v1@160-193#bo:bo_173#0|burst:burst_160_173#0|tb:tb_183_193#0,tb_183_193#0,bo_173#0,burst_160_173#0,原有,2,1,1,1,4,4,0,160,173,183,193,2025-06-13,50,4,22.2213208643085,66,0.9985826323891916,-0.15307052470408278,3,0,0,8,11,10,0,1,0,0.21324004234892174,11.010000228881836
DDC,bb_v1@160-193#bo:bo_173#0|burst:burst_160_174#0|tb:tb_183_193#0,tb_183_193#0,bo_173#0,burst_160_174#0,原有,2,0,1,1,5,4,1,160,174,183,193,2025-06-13,50,5,22.2213208643085,165,0.9985826323891916,-0.15307052470408278,3,0,0,8,11,10,0,1,0,0.21324004234892174,11.010000228881836
DDC,bb_v1@160-194#bo:bo_174#0|burst:burst_160_174#0|tb:tb_183_194#0,tb_183_194#0,bo_174#0,burst_160_174#0,原有,1,1,1,1,5,5,0,160,174,183,194,2025-06-13,50,5,22.2213208643085,165,0.9884079517411409,-0.15600533894241828,3,0,0,9,12,11,0,1,0,0.21324004234892174,11.010000228881836
DDL,bb_v1@304-317#bo:bo_311#0|burst:burst_304_312#0|tb:tb_315_317#0,tb_315_317#0,bo_311#0,burst_304_312#0,新增,1,1,1,0,3,2,1,304,312,315,317,2025-12-22,248,5,9.873142329570838,165,0.27635282554086843,-0.09981570919483755,1,0,0,2,3,3,0,0,0,0.06022073320803447,2.5799999237060547
DDL,bb_v1@304-317#bo:bo_312#0|burst:burst_304_312#0|tb:tb_315_317#1,tb_315_317#1,bo_312#0,burst_304_312#0,原有,1,1,1,1,3,3,0,304,312,315,317,2025-12-22,248,5,9.873142329570838,165,0.27635282554086843,-0.09981570919483755,1,0,0,2,3,3,0,0,0,0.06022073320803447,2.5799999237060547
DBGI,bb_v1@311-322#bo:bo_311#0|burst:burst_311_322#0|tb:tb_316_318#0,tb_316_318#0,bo_311#0,burst_311_322#0,新增,2,1,1,0,3,1,11,311,322,316,318,2025-12-23,145,4,3.1210558252427183,114,0.6692025156820636,-0.8358617543933478,2,1,0,0,3,3,0,2,1,0.1014930202051619,10.289999961853027
DBGI,bb_v1@311-329#bo:bo_311#0|burst:burst_311_329#0|tb:tb_316_318#0,tb_316_318#0,bo_311#0,burst_311_329#0,新增,2,0,1,0,4,1,18,311,329,316,318,2025-12-23,145,5,3.9115423959990907,159,0.6692025156820636,-0.8358617543933478,2,1,0,0,3,3,0,2,1,0.1014930202051619,10.289999961853027
DBGI,bb_v1@311-322#bo:bo_319#0|burst:burst_311_322#0|tb:tb_321#0,tb_321#0,bo_319#0,burst_311_322#0,新增,2,1,1,0,3,2,3,311,322,321,321,2025-12-31,145,4,3.1210558252427183,114,0.4195583254562445,-0.8604100995010208,0,1,0,0,1,0,1,0,1,0.11437750799514952,12.680000305175781
DBGI,bb_v1@311-329#bo:bo_319#0|burst:burst_311_329#0|tb:tb_321#0,tb_321#0,bo_319#0,burst_311_329#0,新增,2,0,1,0,4,2,10,311,329,321,321,2025-12-31,145,5,3.9115423959990907,159,0.4195583254562445,-0.8604100995010208,0,1,0,0,1,0,1,0,1,0.11437750799514952,12.680000305175781
DBI,bb_v1@298-311#bo:bo_304#0|burst:burst_298_306#0|tb:tb_309_311#0,tb_309_311#0,bo_304#0,burst_298_306#0,新增,1,1,1,0,3,2,2,298,306,309,311,2025-12-12,59,6,15.669681372443184,299,0.02240441593364939,-0.2860031306847663,0,3,0,0,3,0,3,0,0,0.06363793021476005,8.148164749145508
DBI,bb_v1@298-311#bo:bo_306#0|burst:burst_298_306#0|tb:tb_309_311#1,tb_309_311#1,bo_306#0,burst_298_306#0,原有,1,1,1,1,3,3,0,298,306,309,311,2025-12-12,59,6,15.669681372443184,299,0.02240441593364939,-0.2860031306847663,0,3,0,0,3,0,3,0,0,0.06363793021476005,8.148164749145508
DBVT,bb_v1@259-261#bo:bo_259#0|burst:burst_259_260#0|tb:tb_261#0,tb_261#0,bo_259#0,burst_259_260#0,新增,2,1,1,0,2,1,1,259,260,261,261,2025-10-06,65,4,7.244435596257217,98,0.3544018097566839,-0.05492848339591294,1,0,0,0,1,1,0,0,0,0.059809929323658154,13.289999961853027
DBVT,bb_v1@259-263#bo:bo_259#0|burst:burst_259_263#0|tb:tb_261#0,tb_261#0,bo_259#0,burst_259_263#0,新增,2,0,1,0,3,1,4,259,263,261,261,2025-10-06,65,4,7.244435596257217,101,0.3544018097566839,-0.05492848339591294,1,0,0,0,1,1,0,0,0,0.059809929323658154,13.289999961853027
DBVT,bb_v1@259-273#bo:bo_260#0|burst:burst_259_260#0|tb:tb_266_273#0,tb_266_273#0,bo_260#0,burst_259_260#0,原有,2,1,1,1,2,2,0,259,260,266,273,2025-10-13,65,4,7.244435596257217,98,0.3696716178150884,-0.22209281129686215,2,0,0,6,8,2,0,2,0,0.08345726621383037,16.424999237060547
DBVT,bb_v1@259-273#bo:bo_260#0|burst:burst_259_263#0|tb:tb_266_273#0,tb_266_273#0,bo_260#0,burst_259_263#0,原有,2,0,1,1,3,2,3,259,263,266,273,2025-10-13,65,4,7.244435596257217,101,0.3696716178150884,-0.22209281129686215,2,0,0,6,8,2,0,2,0,0.08345726621383037,16.424999237060547
DBVT,bb_v1@259-273#bo:bo_263#0|burst:burst_259_263#0|tb:tb_266_273#1,tb_266_273#1,bo_263#0,burst_259_263#0,原有,1,1,1,1,3,3,0,259,263,266,273,2025-10-13,65,4,7.244435596257217,101,0.3696716178150884,-0.22209281129686215,2,0,0,6,8,2,0,2,0,0.08345726621383037,16.424999237060547
DRIO,bb_v1@254-259#bo:bo_256#0|burst:burst_254_256#0|tb:tb_259#0,tb_259#0,bo_256#0,burst_254_256#0,原有,2,1,1,1,2,2,0,254,256,259,259,2025-10-02,107,3,70.67295834297697,77,0.027214782912365454,-0.47828604574058253,0,1,0,0,1,0,1,0,1,0.12016021429138923,17.270000457763672
DRIO,bb_v1@254-259#bo:bo_256#0|burst:burst_254_257#0|tb:tb_259#0,tb_259#0,bo_256#0,burst_254_257#0,原有,2,0,1,1,3,2,1,254,257,259,259,2025-10-02,107,4,70.67295834297697,107,0.027214782912365454,-0.47828604574058253,0,1,0,0,1,0,1,0,1,0.12016021429138923,17.270000457763672
DRIO,bb_v1@254-259#bo:bo_257#0|burst:burst_254_257#0|tb:tb_259#1,tb_259#1,bo_257#0,burst_254_257#0,原有,1,1,1,1,3,3,0,254,257,259,259,2025-10-02,107,4,70.67295834297697,107,0.027214782912365454,-0.47828604574058253,0,1,0,0,1,0,1,0,1,0.12016021429138923,17.270000457763672
DOMO,bb_v1@160-174#bo:bo_168#0|burst:burst_160_168#0|tb:tb_173_174#0,tb_173_174#0,bo_168#0,burst_160_168#0,原有,1,1,1,1,2,2,0,160,168,173,174,2025-05-30,114,5,12.291226306530337,114,0.288622589236846,-0.07567427189344239,2,0,0,0,2,2,0,1,0,0.04333899131190549,12.699999809265137
DOUG,bb_v1@161-169#bo:bo_161#0|burst:burst_161_169#0|tb:tb_165_166#0,tb_165_166#0,bo_161#0,burst_161_169#0,新增,2,1,1,0,3,1,8,161,169,165,166,2025-05-19,68,3,26.43724338803823,68,0.42545340909918095,-0.09127348223308124,2,0,0,0,2,2,0,2,0,0.051802856537016634,2.2300000190734863
DOUG,bb_v1@161-170#bo:bo_161#0|burst:burst_161_170#0|tb:tb_165_166#0,tb_165_166#0,bo_161#0,burst_161_170#0,新增,2,0,1,0,4,1,9,161,170,165,166,2025-05-19,68,4,26.43724338803823,123,0.42545340909918095,-0.09127348223308124,2,0,0,0,2,2,0,2,0,0.051802856537016634,2.2300000190734863
DOUG,bb_v1@161-169#bo:bo_164#0|burst:burst_161_169#0|tb:tb_168#0,tb_168#0,bo_164#0,burst_161_169#0,新增,2,1,1,0,3,2,5,161,169,168,168,2025-05-22,68,3,26.43724338803823,68,0.49532705178395586,-0.023364573964402724,1,0,0,0,1,1,0,1,0,0.056077611528657645,2.140000104904175
DOUG,bb_v1@161-170#bo:bo_164#0|burst:burst_161_170#0|tb:tb_168#0,tb_168#0,bo_164#0,burst_161_170#0,新增,2,0,1,0,4,2,6,161,170,168,168,2025-05-22,68,4,26.43724338803823,123,0.49532705178395586,-0.023364573964402724,1,0,0,0,1,1,0,1,0,0.056077611528657645,2.140000104904175
DOUG,bb_v1@161-187#bo:bo_169#0|burst:burst_161_169#0|tb:tb_177_187#0,tb_177_187#0,bo_169#0,burst_161_169#0,原有,2,1,1,1,3,3,0,161,169,177,187,2025-06-05,68,3,26.43724338803823,68,0.13054860105844898,-0.26051000007734015,0,11,0,0,11,0,11,0,3,0.06153577322157469,2.680000066757202
DOUG,bb_v1@161-187#bo:bo_169#0|burst:burst_161_170#0|tb:tb_177_187#0,tb_177_187#0,bo_169#0,burst_161_170#0,原有,2,0,1,1,4,3,1,161,170,177,187,2025-06-05,68,4,26.43724338803823,123,0.13054860105844898,-0.26051000007734015,0,11,0,0,11,0,11,0,3,0.06153577322157469,2.680000066757202
DOUG,bb_v1@161-187#bo:bo_170#0|burst:burst_161_170#0|tb:tb_177_187#1,tb_177_187#1,bo_170#0,burst_161_170#0,原有,1,1,1,1,4,4,0,161,170,177,187,2025-06-05,68,4,26.43724338803823,123,0.13054860105844898,-0.26051000007734015,0,11,0,0,11,0,11,0,3,0.06153577322157469,2.680000066757202
DRSHF,bb_v1@176-181#bo:bo_176#0|burst:burst_176_177#0|tb:tb_179_181#0,tb_179_181#0,bo_176#0,burst_176_177#0,新增,2,1,1,0,2,1,1,176,177,179,181,2025-06-09,56,3,3.2883678742654174,168,1.7780580161957282,9.337050950186665e-05,3,0,0,0,3,3,0,3,0,0.07273601904001757,1.0199999809265137
DRSHF,bb_v1@176-185#bo:bo_176#0|burst:burst_176_185#0|tb:tb_179_181#0,tb_179_181#0,bo_176#0,burst_176_185#0,新增,2,0,1,0,3,1,9,176,185,179,181,2025-06-09,56,4,3.574504062660127,168,1.7780580161957282,9.337050950186665e-05,3,0,0,0,3,3,0,3,0,0.07273601904001757,1.0199999809265137
DRSHF,bb_v1@176-181#bo:bo_177#0|burst:burst_176_177#0|tb:tb_179_181#1,tb_179_181#1,bo_177#0,burst_176_177#0,原有,2,1,1,1,2,2,0,176,177,179,181,2025-06-09,56,3,3.2883678742654174,168,1.7780580161957282,9.337050950186665e-05,3,0,0,0,3,3,0,3,0,0.07273601904001757,1.0199999809265137
DRSHF,bb_v1@176-185#bo:bo_177#0|burst:burst_176_185#0|tb:tb_179_181#1,tb_179_181#1,bo_177#0,burst_176_185#0,原有,2,0,1,1,3,2,8,176,185,179,181,2025-06-09,56,4,3.574504062660127,168,1.7780580161957282,9.337050950186665e-05,3,0,0,0,3,3,0,3,0,0.07273601904001757,1.0199999809265137
DRSHF,bb_v1@176-187#bo:bo_185#0|burst:burst_176_185#0|tb:tb_187#0,tb_187#0,bo_185#0,burst_176_185#0,原有,1,1,1,1,3,3,0,176,185,187,187,2025-06-20,56,4,3.574504062660127,168,1.3035020350464186,-0.17509729936681773,1,0,0,0,1,1,0,1,0,0.07807422519921828,1.284999966621399
DRTTF,bb_v1@274-280#bo:bo_274#0|burst:burst_274_277#0|tb:tb_280#0,tb_280#0,bo_274#0,burst_274_277#0,新增,2,1,1,0,2,1,3,274,277,280,280,2025-10-31,68,3,3.3388327024125655,105,0.09195404070689062,-0.14655172561446306,0,0,0,1,1,0,1,0,0,0.03825083497881733,0.6959999799728394
DRTTF,bb_v1@274-281#bo:bo_274#0|burst:burst_274_281#0|tb:tb_280#0,tb_280#0,bo_274#0,burst_274_281#0,新增,2,0,1,0,3,1,7,274,281,280,280,2025-10-31,68,5,3.3388327024125655,135,0.09195404070689062,-0.14655172561446306,0,0,0,1,1,0,1,0,0,0.03825083497881733,0.6959999799728394
DRTTF,bb_v1@274-280#bo:bo_277#0|burst:burst_274_277#0|tb:tb_280#1,tb_280#1,bo_277#0,burst_274_277#0,原有,2,1,1,1,2,2,0,274,277,280,280,2025-10-31,68,3,3.3388327024125655,105,0.09195404070689062,-0.14655172561446306,0,0,0,1,1,0,1,0,0,0.03825083497881733,0.6959999799728394
DRTTF,bb_v1@274-281#bo:bo_277#0|burst:burst_274_281#0|tb:tb_280#1,tb_280#1,bo_277#0,burst_274_281#0,原有,2,0,1,1,3,2,4,274,281,280,280,2025-10-31,68,5,3.3388327024125655,135,0.09195404070689062,-0.14655172561446306,0,0,0,1,1,0,1,0,0,0.03825083497881733,0.6959999799728394
DRTTF,bb_v1@274-301#bo:bo_281#0|burst:burst_274_281#0|tb:tb_285_301#0,tb_285_301#0,bo_281#0,burst_274_281#0,原有,1,1,1,1,3,3,0,274,281,285,301,2025-11-07,68,5,3.3388327024125655,135,0.06038976607222611,-0.15792318735333508,0,10,0,7,17,0,12,0,6,0.05099265911198542,0.6890000104904175
DVLT,bb_v1@252-257#bo:bo_254#0|burst:burst_252_255#0|tb:tb_256_257#0,tb_256_257#0,bo_254#0,burst_252_255#0,新增,4,1,1,0,3,2,1,252,255,256,257,2025-09-29,87,3,38.4281655063112,79,2.663342534759903,-0.08863185304945687,2,0,0,0,2,2,0,2,0,0.1746515808734761,1.149999976158142
DVLT,bb_v1@252-257#bo:bo_254#0|burst:burst_252_256#0|tb:tb_256_257#0,tb_256_257#0,bo_254#0,burst_252_256#0,新增,4,0,1,0,4,2,2,252,256,256,257,2025-09-29,87,4,38.4281655063112,91,2.663342534759903,-0.08863185304945687,2,0,0,0,2,2,0,2,0,0.1746515808734761,1.149999976158142
DVLT,bb_v1@252-258#bo:bo_254#0|burst:burst_252_258#0|tb:tb_256_257#0,tb_256_257#0,bo_254#0,burst_252_258#0,新增,4,0,1,0,5,2,4,252,258,256,257,2025-09-29,87,5,38.4281655063112,132,2.663342534759903,-0.08863185304945687,2,0,0,0,2,2,0,2,0,0.1746515808734761,1.149999976158142
DVLT,bb_v1@252-261#bo:bo_254#0|burst:burst_252_261#0|tb:tb_256_257#0,tb_256_257#0,bo_254#0,burst_252_261#0,新增,4,0,1,0,6,2,7,252,261,256,257,2025-09-29,87,6,38.4281655063112,162,2.663342534759903,-0.08863185304945687,2,0,0,0,2,2,0,2,0,0.1746515808734761,1.149999976158142
DVLT,bb_v1@252-274#bo:bo_255#0|burst:burst_252_255#0|tb:tb_267_274#0,tb_267_274#0,bo_255#0,burst_252_255#0,原有,4,1,1,1,3,3,0,252,255,267,274,2025-10-14,87,3,38.4281655063112,79,0.9275818701868866,-0.4511568858827393,2,1,0,5,8,3,4,0,1,0.2441019795305701,2.190000057220459
DVLT,bb_v1@252-274#bo:bo_255#0|burst:burst_252_256#0|tb:tb_267_274#0,tb_267_274#0,bo_255#0,burst_252_256#0,原有,4,0,1,1,4,3,1,252,256,267,274,2025-10-14,87,4,38.4281655063112,91,0.9275818701868866,-0.4511568858827393,2,1,0,5,8,3,4,0,1,0.2441019795305701,2.190000057220459
DVLT,bb_v1@252-274#bo:bo_255#0|burst:burst_252_258#0|tb:tb_267_274#0,tb_267_274#0,bo_255#0,burst_252_258#0,原有,4,0,1,1,5,3,3,252,258,267,274,2025-10-14,87,5,38.4281655063112,132,0.9275818701868866,-0.4511568858827393,2,1,0,5,8,3,4,0,1,0.2441019795305701,2.190000057220459
DVLT,bb_v1@252-274#bo:bo_255#0|burst:burst_252_261#0|tb:tb_267_274#0,tb_267_274#0,bo_255#0,burst_252_261#0,原有,4,0,1,1,6,3,6,252,261,267,274,2025-10-14,87,6,38.4281655063112,162,0.9275818701868866,-0.4511568858827393,2,1,0,5,8,3,4,0,1,0.2441019795305701,2.190000057220459
DVLT,bb_v1@252-274#bo:bo_256#0|burst:burst_252_256#0|tb:tb_267_274#1,tb_267_274#1,bo_256#0,burst_252_256#0,原有,3,1,1,1,4,4,0,252,256,267,274,2025-10-14,87,4,38.4281655063112,91,0.9275818701868866,-0.4511568858827393,2,1,0,5,8,3,4,0,1,0.2441019795305701,2.190000057220459
DVLT,bb_v1@252-274#bo:bo_256#0|burst:burst_252_258#0|tb:tb_267_274#1,tb_267_274#1,bo_256#0,burst_252_258#0,原有,3,0,1,1,5,4,2,252,258,267,274,2025-10-14,87,5,38.4281655063112,132,0.9275818701868866,-0.4511568858827393,2,1,0,5,8,3,4,0,1,0.2441019795305701,2.190000057220459
DVLT,bb_v1@252-274#bo:bo_256#0|burst:burst_252_261#0|tb:tb_267_274#1,tb_267_274#1,bo_256#0,burst_252_261#0,原有,3,0,1,1,6,4,5,252,261,267,274,2025-10-14,87,6,38.4281655063112,162,0.9275818701868866,-0.4511568858827393,2,1,0,5,8,3,4,0,1,0.2441019795305701,2.190000057220459
DVLT,bb_v1@252-274#bo:bo_258#0|burst:burst_252_258#0|tb:tb_267_274#2,tb_267_274#2,bo_258#0,burst_252_258#0,原有,2,1,1,1,5,5,0,252,258,267,274,2025-10-14,87,5,38.4281655063112,132,0.9275818701868866,-0.4511568858827393,2,1,0,5,8,3,4,0,1,0.2441019795305701,2.190000057220459
DVLT,bb_v1@252-274#bo:bo_258#0|burst:burst_252_261#0|tb:tb_267_274#2,tb_267_274#2,bo_258#0,burst_252_261#0,原有,2,0,1,1,6,5,3,252,261,267,274,2025-10-14,87,6,38.4281655063112,162,0.9275818701868866,-0.4511568858827393,2,1,0,5,8,3,4,0,1,0.2441019795305701,2.190000057220459
DVLT,bb_v1@252-274#bo:bo_261#0|burst:burst_252_261#0|tb:tb_267_274#3,tb_267_274#3,bo_261#0,burst_252_261#0,原有,1,1,1,1,6,6,0,252,261,267,274,2025-10-14,87,6,38.4281655063112,162,0.9275818701868866,-0.4511568858827393,2,1,0,5,8,3,4,0,1,0.2441019795305701,2.190000057220459
ELA,bb_v1@224-232#bo:bo_224#0|burst:burst_224_232#0|tb:tb_227_231#0,tb_227_231#0,bo_224#0,burst_224_232#0,新增,1,1,1,0,3,1,8,224,232,227,231,2025-08-18,69,3,3.286595722555375,148,0.17304707971806232,-0.03332823478144509,0,0,0,5,5,0,0,0,0,0.05596740907175528,7.059999942779541
ELA,bb_v1@224-238#bo:bo_227#0|burst:burst_224_232#0|tb:tb_229_238#0,tb_229_238#0,bo_227#0,burst_224_232#0,新增,1,1,1,0,3,2,5,224,232,229,238,2025-08-20,69,3,3.286595722555375,148,0.17742871920760653,-0.05671858482479375,1,0,0,9,10,2,0,0,0,0.05596740907175528,7.150000095367432
ELA,bb_v1@224-237#bo:bo_232#0|burst:burst_224_232#0|tb:tb_236_237#0,tb_236_237#0,bo_232#0,burst_224_232#0,原有,1,1,1,1,3,3,0,224,232,236,237,2025-08-29,69,3,3.286595722555375,148,0.21256603923184525,-0.07331853165376695,0,0,0,2,2,1,0,0,0,0.05203427341847597,7.46999979019165
EH,bb_v1@95-99#bo:bo_95#0|burst:burst_95_99#0|tb:tb_98#0,tb_98#0,bo_95#0,burst_95_99#0,新增,1,1,1,0,3,1,4,95,99,98,98,2025-02-11,75,5,4.360062763020483,87,0.4369870373965601,-0.3073394060271114,1,0,0,0,1,1,0,1,0,0.04338314143889822,20.709999084472656
EH,bb_v1@95-99#bo:bo_96#0|burst:burst_95_99#0|tb:tb_98#1,tb_98#1,bo_96#0,burst_95_99#0,新增,1,1,1,0,3,2,3,95,99,98,98,2025-02-11,75,5,4.360062763020483,87,0.4369870373965601,-0.3073394060271114,1,0,0,0,1,1,0,1,0,0.04338314143889822,20.709999084472656
EH,bb_v1@95-104#bo:bo_99#0|burst:burst_95_99#0|tb:tb_102_104#0,tb_102_104#0,bo_99#0,burst_95_99#0,原有,1,1,1,1,3,3,0,95,99,102,104,2025-02-18,75,5,4.360062763020483,87,0.08766386944259434,-0.4666300151769018,0,3,0,0,3,0,3,0,3,0.04998547911499511,26.34000015258789
ELVA,bb_v1@163-172#bo:bo_163#0|burst:burst_163#0|tb:tb_170_172#0,tb_170_172#0,bo_163#0,burst_163#0,原有,1,1,1,1,1,1,0,163,163,170,172,2025-05-27,111,3,3.2113424088883464,111,0.49544059508661387,-0.0618077890776052,3,0,0,0,3,3,0,3,0,0.05223952649067423,3.130000114440918
EMBC,bb_v1@221-230#bo:bo_221#0|burst:burst_221_223#0|tb:tb_228_230#0,tb_228_230#0,bo_221#0,burst_221_223#0,新增,3,1,1,0,2,1,2,221,223,228,230,2025-08-19,63,3,3.08551461456446,91,0.13975963564540414,-0.03981665694181058,0,0,0,3,3,0,0,0,0,0.041481601675883314,13.09488582611084
EMBC,bb_v1@221-230#bo:bo_221#0|burst:burst_221_224#0|tb:tb_228_230#0,tb_228_230#0,bo_221#0,burst_221_224#0,新增,3,0,1,0,3,1,3,221,224,228,230,2025-08-19,63,3,3.08551461456446,91,0.13975963564540414,-0.03981665694181058,0,0,0,3,3,0,0,0,0,0.041481601675883314,13.09488582611084
EMBC,bb_v1@221-231#bo:bo_221#0|burst:burst_221_231#0|tb:tb_228_230#0,tb_228_230#0,bo_221#0,burst_221_231#0,新增,3,0,1,0,4,1,10,221,231,228,230,2025-08-19,63,4,3.08551461456446,91,0.13975963564540414,-0.03981665694181058,0,0,0,3,3,0,0,0,0,0.041481601675883314,13.09488582611084
EMBC,bb_v1@221-230#bo:bo_223#0|burst:burst_221_223#0|tb:tb_228_230#1,tb_228_230#1,bo_223#0,burst_221_223#0,原有,3,1,1,1,2,2,0,221,223,228,230,2025-08-19,63,3,3.08551461456446,91,0.13975963564540414,-0.03981665694181058,0,0,0,3,3,0,0,0,0,0.041481601675883314,13.09488582611084
EMBC,bb_v1@221-230#bo:bo_223#0|burst:burst_221_224#0|tb:tb_228_230#1,tb_228_230#1,bo_223#0,burst_221_224#0,原有,3,0,1,1,3,2,1,221,224,228,230,2025-08-19,63,3,3.08551461456446,91,0.13975963564540414,-0.03981665694181058,0,0,0,3,3,0,0,0,0,0.041481601675883314,13.09488582611084
EMBC,bb_v1@221-231#bo:bo_223#0|burst:burst_221_231#0|tb:tb_228_230#1,tb_228_230#1,bo_223#0,burst_221_231#0,原有,3,0,1,1,4,2,8,221,231,228,230,2025-08-19,63,4,3.08551461456446,91,0.13975963564540414,-0.03981665694181058,0,0,0,3,3,0,0,0,0,0.041481601675883314,13.09488582611084
EMBC,bb_v1@221-230#bo:bo_224#0|burst:burst_221_224#0|tb:tb_228_230#2,tb_228_230#2,bo_224#0,burst_221_224#0,原有,2,1,1,1,3,3,0,221,224,228,230,2025-08-19,63,3,3.08551461456446,91,0.13975963564540414,-0.03981665694181058,0,0,0,3,3,0,0,0,0,0.041481601675883314,13.09488582611084
EMBC,bb_v1@221-231#bo:bo_224#0|burst:burst_221_231#0|tb:tb_228_230#2,tb_228_230#2,bo_224#0,burst_221_231#0,原有,2,0,1,1,4,3,7,221,231,228,230,2025-08-19,63,4,3.08551461456446,91,0.13975963564540414,-0.03981665694181058,0,0,0,3,3,0,0,0,0,0.041481601675883314,13.09488582611084
EMBC,bb_v1@221-239#bo:bo_231#0|burst:burst_221_231#0|tb:tb_234_239#0,tb_234_239#0,bo_231#0,burst_221_231#0,原有,1,1,1,1,4,4,0,221,231,234,239,2025-08-27,63,4,3.08551461456446,91,0.07631271229899661,-0.09326711882890244,0,0,0,6,6,0,0,0,0,0.03996222994884523,14.00692081451416
EU,bb_v1@252-268#bo:bo_257#0|burst:burst_252_268#0|tb:tb_259_265#0,tb_259_265#0,bo_257#0,burst_252_268#0,新增,1,1,1,0,5,2,11,252,268,259,265,2025-10-02,43,5,3.5690955368023447,194,0.23880786233173495,-0.32725025374406663,0,7,0,0,7,2,5,0,7,0.056726828215792446,3.309999942779541
EU,bb_v1@252-268#bo:bo_259#0|burst:burst_252_268#0|tb:tb_261_265#0,tb_261_265#0,bo_259#0,burst_252_268#0,新增,1,1,1,0,5,3,9,252,268,261,265,2025-10-06,43,5,3.5690955368023447,194,0.22453227877272988,-0.33500278382480025,0,5,0,0,5,0,5,0,5,0.0638839919658804,3.369999885559082
EU,bb_v1@252-268#bo:bo_262#0|burst:burst_252_268#0|tb:tb_266_267#0,tb_266_267#0,bo_262#0,burst_252_268#0,新增,1,1,1,0,5,4,6,252,268,266,267,2025-10-13,43,5,3.5690955368023447,194,0.1420764290473817,-0.3797814405211126,0,2,0,0,2,0,2,0,2,0.06752115090243235,3.6600000858306885
EU,bb_v1@252-271#bo:bo_268#0|burst:burst_252_268#0|tb:tb_271#0,tb_271#0,bo_268#0,burst_252_268#0,原有,1,1,1,1,5,5,0,252,268,271,271,2025-10-20,43,5,3.5690955368023447,194,0.0338461215679462,-0.30153846740722656,0,1,0,0,1,0,1,0,0,0.0815978043155583,3.25
FEAM,bb_v1@262-271#bo:bo_262#0|burst:burst_262_266#0|tb:tb_270_271#0,tb_270_271#0,bo_262#0,burst_262_266#0,新增,1,1,1,0,3,1,4,262,266,270,271,2025-10-17,40,4,17.602998514667657,144,0.02925768438118459,-0.45391703696433405,0,2,0,0,2,0,2,0,1,0.1427496908699079,6.440000057220459
FEAM,bb_v1@262-271#bo:bo_265#0|burst:burst_262_266#0|tb:tb_270_271#1,tb_270_271#1,bo_265#0,burst_262_266#0,新增,1,1,1,0,3,2,1,262,266,270,271,2025-10-17,40,4,17.602998514667657,144,0.02925768438118459,-0.45391703696433405,0,2,0,0,2,0,2,0,1,0.1427496908699079,6.440000057220459
FEAM,bb_v1@262-271#bo:bo_266#0|burst:burst_262_266#0|tb:tb_270_271#2,tb_270_271#2,bo_266#0,burst_262_266#0,原有,1,1,1,1,3,3,0,262,266,270,271,2025-10-17,40,4,17.602998514667657,144,0.02925768438118459,-0.45391703696433405,0,2,0,0,2,0,2,0,1,0.1427496908699079,6.440000057220459
ERAS,bb_v1@249-272#bo:bo_257#0|burst:burst_249_257#0|tb:tb_262_272#0,tb_262_272#0,bo_257#0,burst_249_257#0,原有,1,1,1,1,2,2,0,249,257,262,272,2025-10-07,40,4,4.207816356467303,171,0.4550287091176821,-0.13767480085866263,8,0,0,3,11,11,0,4,0,0.08405065753504509,2.4800000190734863
FBIO,bb_v1@226-245#bo:bo_235#0|burst:burst_226_235#0|tb:tb_243_245#0,tb_243_245#0,bo_235#0,burst_226_235#0,原有,1,1,1,1,3,3,0,226,235,243,245,2025-09-10,47,4,4.544160942100098,184,0.08812667881419271,-0.41448419156638844,0,3,0,0,3,0,3,0,3,0.08564196034854356,3.859999895095825
FBRX,bb_v1@292-299#bo:bo_292#0|burst:burst_292_294#0|tb:tb_296_299#0,tb_296_299#0,bo_292#0,burst_292_294#0,新增,1,1,1,0,2,1,2,292,294,296,299,2025-11-24,41,4,3.271056974192341,106,0.8550962323821043,-0.09545577867097049,4,0,0,0,4,4,0,4,0,0.11180722691200344,19.059999465942383
FBRX,bb_v1@292-299#bo:bo_294#0|burst:burst_292_294#0|tb:tb_296_299#1,tb_296_299#1,bo_294#0,burst_292_294#0,原有,1,1,1,1,2,2,0,292,294,296,299,2025-11-24,41,4,3.271056974192341,106,0.8550962323821043,-0.09545577867097049,4,0,0,0,4,4,0,4,0,0.11180722691200344,19.059999465942383
EVGO,bb_v1@156-158#bo:bo_156#0|burst:burst_156#0|tb:tb_158#0,tb_158#0,bo_156#0,burst_156#0,原有,1,1,1,1,1,1,0,156,156,158,158,2025-05-08,136,4,6.003551594931673,63,0.2532637823371544,-0.14621408718924034,0,0,0,1,1,1,0,0,0,0.0621289991053318,3.8299999237060547
FKWL,bb_v1@265-285#bo:bo_265#0|burst:burst_265_267#0|tb:tb_270_285#0,tb_270_285#0,bo_265#0,burst_265_267#0,新增,2,1,1,0,2,1,2,265,267,270,285,2025-10-17,178,3,4.228578629032258,111,0.04918519881755268,-0.1792779685678786,0,9,0,7,16,0,15,0,1,0.042142500832750195,4.951467037200928
FKWL,bb_v1@265-285#bo:bo_265#0|burst:burst_265_268#0|tb:tb_270_285#0,tb_270_285#0,bo_265#0,burst_265_268#0,新增,2,0,1,0,3,1,3,265,268,270,285,2025-10-17,178,3,4.228578629032258,112,0.04918519881755268,-0.1792779685678786,0,9,0,7,16,0,15,0,1,0.042142500832750195,4.951467037200928
FKWL,bb_v1@265-287#bo:bo_267#0|burst:burst_265_267#0|tb:tb_270_287#0,tb_270_287#0,bo_267#0,burst_265_267#0,原有,2,1,1,1,2,2,0,265,267,270,287,2025-10-17,178,3,4.228578629032258,111,0.04568010388947492,-0.18206433594357496,0,11,0,7,18,0,17,0,3,0.042142500832750195,4.951467037200928
FKWL,bb_v1@265-287#bo:bo_267#0|burst:burst_265_268#0|tb:tb_270_287#0,tb_270_287#0,bo_267#0,burst_265_268#0,原有,2,0,1,1,3,2,1,265,268,270,287,2025-10-17,178,3,4.228578629032258,112,0.04568010388947492,-0.18206433594357496,0,11,0,7,18,0,17,0,3,0.042142500832750195,4.951467037200928
FKWL,bb_v1@265-288#bo:bo_268#0|burst:burst_265_268#0|tb:tb_270_288#0,tb_270_288#0,bo_268#0,burst_265_268#0,原有,1,1,1,1,3,3,0,265,268,270,288,2025-10-17,178,3,4.228578629032258,112,0.04451749196822828,-0.18299265309237858,0,12,0,7,19,0,18,0,4,0.042142500832750195,4.951467037200928
FMCC,bb_v1@166-174#bo:bo_168#0|burst:burst_166_168#0|tb:tb_173_174#0,tb_173_174#0,bo_168#0,burst_166_168#0,原有,1,1,1,1,2,2,0,166,168,173,174,2025-05-30,93,4,9.319620002667484,88,0.07789623720151562,-0.2901965154850271,0,2,0,0,2,0,2,0,2,0.038738486639074074,7.940000057220459
EPOW,bb_v1@254-262#bo:bo_257#0|burst:burst_254_257#0|tb:tb_260_262#0,tb_260_262#0,bo_257#0,burst_254_257#0,原有,1,1,1,1,3,3,0,254,257,260,262,2025-10-03,54,5,281.14487617777036,240,0.10459972111313716,-0.2685758555347069,0,0,0,3,3,0,0,0,0,0.11309017218773854,1.3300000429153442
EQ,bb_v1@216-225#bo:bo_222#0|burst:burst_216_222#0|tb:tb_224_225#0,tb_224_225#0,bo_222#0,burst_216_222#0,原有,2,1,1,1,2,2,0,216,222,224,225,2025-08-13,121,3,183.40356490498021,107,1.4624203190696703,-0.10615538956463222,2,0,0,0,2,2,0,2,0,0.16442307255669908,0.9300000071525574
EQ,bb_v1@216-230#bo:bo_222#0|burst:burst_216_230#0|tb:tb_224_225#0,tb_224_225#0,bo_222#0,burst_216_230#0,原有,2,0,1,1,3,2,8,216,230,224,225,2025-08-13,121,5,183.40356490498021,201,1.4624203190696703,-0.10615538956463222,2,0,0,0,2,2,0,2,0,0.16442307255669908,0.9300000071525574
EQ,bb_v1@216-234#bo:bo_230#0|burst:burst_216_230#0|tb:tb_233_234#0,tb_233_234#0,bo_230#0,burst_216_230#0,原有,1,1,1,1,3,3,0,216,230,233,234,2025-08-26,121,5,183.40356490498021,201,0.2177472952350672,-0.3937173017086774,0,0,0,2,2,0,0,0,0,0.24954508710127443,1.9500000476837158
FCCN,bb_v1@312-332#bo:bo_312#0|burst:burst_312#0|tb:tb_319_332#0,tb_319_332#0,bo_312#0,burst_312#0,原有,3,1,1,1,1,1,0,312,312,319,332,2025-12-29,47,3,3.9438705662725573,85,0.05558417350994945,-0.3864567893221101,0,3,0,0,3,0,3,0,3,0.07371868599479253,4.119999885559082
FCCN,bb_v1@312-332#bo:bo_312#0|burst:burst_312_313#0|tb:tb_319_332#0,tb_319_332#0,bo_312#0,burst_312_313#0,原有,3,0,1,1,2,1,1,312,313,319,332,2025-12-29,47,5,6.564377682403434,150,0.05558417350994945,-0.3864567893221101,0,3,0,0,3,0,3,0,3,0.07371868599479253,4.119999885559082
FCCN,bb_v1@312-332#bo:bo_312#0|burst:burst_312_315#0|tb:tb_319_332#0,tb_319_332#0,bo_312#0,burst_312_315#0,原有,3,0,1,1,3,1,3,312,315,319,332,2025-12-29,47,7,6.564377682403434,171,0.05558417350994945,-0.3864567893221101,0,3,0,0,3,0,3,0,3,0.07371868599479253,4.119999885559082
FCCN,bb_v1@312-333#bo:bo_313#0|burst:burst_312_313#0|tb:tb_319_333#0,tb_319_333#0,bo_313#0,burst_312_313#0,原有,2,1,1,1,2,2,0,312,313,319,333,2025-12-29,47,5,6.564377682403434,150,0.05558417350994945,-0.3864567893221101,0,3,0,0,3,0,3,0,3,0.07371868599479253,4.119999885559082
FCCN,bb_v1@312-333#bo:bo_313#0|burst:burst_312_315#0|tb:tb_319_333#0,tb_319_333#0,bo_313#0,burst_312_315#0,原有,2,0,1,1,3,2,2,312,315,319,333,2025-12-29,47,7,6.564377682403434,171,0.05558417350994945,-0.3864567893221101,0,3,0,0,3,0,3,0,3,0.07371868599479253,4.119999885559082
FCCN,bb_v1@312-335#bo:bo_315#0|burst:burst_312_315#0|tb:tb_319_335#0,tb_319_335#0,bo_315#0,burst_312_315#0,原有,1,1,1,1,3,3,0,312,315,319,335,2025-12-29,47,7,6.564377682403434,171,0.05558417350994945,-0.3864567893221101,0,3,0,0,3,0,3,0,3,0.07371868599479253,4.119999885559082
FCEL,bb_v1@244-249#bo:bo_244#0|burst:burst_244_249#0|tb:tb_247#0,tb_247#0,bo_244#0,burst_244_249#0,新增,2,1,1,0,2,1,5,244,249,247,247,2025-09-16,65,3,3.8612377931719086,70,0.7658320822502669,-0.005891010615280079,1,0,0,0,1,1,0,1,0,0.061892947191088274,6.789999961853027
FCEL,bb_v1@244-251#bo:bo_244#0|burst:burst_244_251#0|tb:tb_247#0,tb_247#0,bo_244#0,burst_244_251#0,新增,2,0,1,0,3,1,7,244,251,247,247,2025-09-16,65,4,3.8612377931719086,148,0.7658320822502669,-0.005891010615280079,1,0,0,0,1,1,0,1,0,0.061892947191088274,6.789999961853027
FCEL,bb_v1@244-255#bo:bo_249#0|burst:burst_244_249#0|tb:tb_255#0,tb_255#0,bo_249#0,burst_244_249#0,原有,2,1,1,1,2,2,0,244,249,255,255,2025-09-26,65,3,3.8612377931719086,70,0.5177214716932867,-0.26582276952933337,1,0,0,0,1,1,0,0,0,0.09273121981325744,7.900000095367432
FCEL,bb_v1@244-255#bo:bo_249#0|burst:burst_244_251#0|tb:tb_255#0,tb_255#0,bo_249#0,burst_244_251#0,原有,2,0,1,1,3,2,2,244,251,255,255,2025-09-26,65,4,3.8612377931719086,148,0.5177214716932867,-0.26582276952933337,1,0,0,0,1,1,0,0,0,0.09273121981325744,7.900000095367432
FCEL,bb_v1@244-255#bo:bo_251#0|burst:burst_244_251#0|tb:tb_255#1,tb_255#1,bo_251#0,burst_244_251#0,原有,1,1,1,1,3,3,0,244,251,255,255,2025-09-26,65,4,3.8612377931719086,148,0.5177214716932867,-0.26582276952933337,1,0,0,0,1,1,0,0,0,0.09273121981325744,7.900000095367432
FNMAT,bb_v1@155-168#bo:bo_160#0|burst:burst_155_168#0|tb:tb_163_164#0,tb_163_164#0,bo_160#0,burst_155_168#0,新增,1,1,1,0,3,2,8,155,168,163,164,2025-05-15,121,3,16.927545084121096,86,0.305528037901063,-0.022889621611173305,2,0,0,0,2,2,0,2,0,0.027805391027515086,11.050000190734863
FNMAT,bb_v1@155-170#bo:bo_168#0|burst:burst_155_168#0|tb:tb_170#0,tb_170#0,bo_168#0,burst_155_168#0,原有,1,1,1,1,3,3,0,155,168,170,170,2025-05-27,121,3,16.927545084121096,86,0.14888533623282707,-0.07165609411914775,0,0,0,1,1,1,0,0,0,0.03251122689941211,12.5600004196167
FNUC,bb_v1@251-267#bo:bo_255#0|burst:burst_251_267#0|tb:tb_258_260#0,tb_258_260#0,bo_255#0,burst_251_267#0,新增,1,1,1,0,6,3,12,251,267,258,260,2025-10-01,46,5,21.54700780314673,117,0.5935962899997439,-0.498113692062661,3,0,0,0,3,3,0,2,1,0.08090698837738217,4.53000020980835
FNUC,bb_v1@251-267#bo:bo_260#0|burst:burst_251_267#0|tb:tb_263#0,tb_263#0,bo_260#0,burst_251_267#0,新增,1,1,1,0,6,4,7,251,267,263,263,2025-10-08,46,5,21.54700780314673,117,0.5194274092441857,-0.5214723971248181,1,0,0,0,1,1,0,0,1,0.09901964810573297,4.889999866485596
FNUC,bb_v1@251-275#bo:bo_266#0|burst:burst_251_267#0|tb:tb_274_275#0,tb_274_275#0,bo_266#0,burst_251_267#0,新增,1,1,1,0,6,5,1,251,267,274,275,2025-10-23,46,5,21.54700780314673,117,0.02578610420737637,-0.46379864610254834,0,2,0,0,2,0,2,0,2,0.12744734451608844,4.300000190734863
FNUC,bb_v1@251-275#bo:bo_267#0|burst:burst_251_267#0|tb:tb_274_275#1,tb_274_275#1,bo_267#0,burst_251_267#0,原有,1,1,1,1,6,6,0,251,267,274,275,2025-10-23,46,5,21.54700780314673,117,0.02578610420737637,-0.46379864610254834,0,2,0,0,2,0,2,0,2,0.12744734451608844,4.300000190734863
FLUX,bb_v1@195-200#bo:bo_195#0|burst:burst_195_197#0|tb:tb_199_200#0,tb_199_200#0,bo_195#0,burst_195_197#0,新增,1,1,1,0,2,1,2,195,197,199,200,2025-07-09,70,4,12.442938400096818,122,0.030683281163704557,-0.3301737970946932,0,1,0,1,2,0,2,0,0,0.09794521155431846,2.130000114440918
FLUX,bb_v1@195-200#bo:bo_197#0|burst:burst_195_197#0|tb:tb_199_200#1,tb_199_200#1,bo_197#0,burst_195_197#0,原有,1,1,1,1,2,2,0,195,197,199,200,2025-07-09,70,4,12.442938400096818,122,0.030683281163704557,-0.3301737970946932,0,1,0,1,2,0,2,0,0,0.09794521155431846,2.130000114440918
FLUX,bb_v1@246-253#bo:bo_246#0|burst:burst_246_253#0|tb:tb_250_252#0,tb_250_252#0,bo_246#0,burst_246_253#0,新增,1,1,1,0,3,1,7,246,253,250,252,2025-09-19,49,3,58.9730124719783,230,1.6949358934292178,-0.44557486479854475,3,0,0,0,3,3,0,3,0,0.07933830631370983,2.5799999237060547
FLUX,bb_v1@246-253#bo:bo_247#0|burst:burst_246_253#0|tb:tb_250_252#1,tb_250_252#1,bo_247#0,burst_246_253#0,新增,1,1,1,0,3,2,6,246,253,250,252,2025-09-19,49,3,58.9730124719783,230,1.6949358934292178,-0.44557486479854475,3,0,0,0,3,3,0,3,0,0.07933830631370983,2.5799999237060547
FLUX,bb_v1@246-259#bo:bo_253#0|burst:burst_246_253#0|tb:tb_258_259#0,tb_258_259#0,bo_253#0,burst_246_253#0,原有,1,1,1,1,3,3,0,246,253,258,259,2025-10-01,49,3,58.9730124719783,230,0.9249444781768937,-0.6379574824705425,2,0,0,0,2,2,0,2,0,0.13809564284073228,4.03000020980835
FLYX,bb_v1@224-230#bo:bo_226#0|burst:burst_224_227#0|tb:tb_229_230#0,tb_229_230#0,bo_226#0,burst_224_227#0,新增,1,1,1,0,3,2,1,224,227,229,230,2025-08-20,50,4,5.768222442899702,102,0.7935404194778882,-0.0897054014627946,2,0,0,0,2,2,0,1,0,0.1353614224059377,3.990000009536743
FLYX,bb_v1@224-230#bo:bo_227#0|burst:burst_224_227#0|tb:tb_229_230#1,tb_229_230#1,bo_227#0,burst_224_227#0,原有,1,1,1,1,3,3,0,224,227,229,230,2025-08-20,50,4,5.768222442899702,102,0.7935404194778882,-0.0897054014627946,2,0,0,0,2,2,0,1,0,0.1353614224059377,3.990000009536743
FOCL,bb_v1@235-244#bo:bo_235#0|burst:burst_235_237#0|tb:tb_240_244#0,tb_240_244#0,bo_235#0,burst_235_237#0,新增,1,1,1,0,2,1,2,235,237,240,244,2025-09-05,78,3,14.183584943352074,108,0.055581775110772114,-0.34269531672750403,0,2,0,3,5,0,5,0,0,0.10214624940258091,2.5199999809265137
FOCL,bb_v1@235-244#bo:bo_237#0|burst:burst_235_237#0|tb:tb_240_244#1,tb_240_244#1,bo_237#0,burst_235_237#0,原有,1,1,1,1,2,2,0,235,237,240,244,2025-09-05,78,3,14.183584943352074,108,0.055581775110772114,-0.34269531672750403,0,2,0,3,5,0,5,0,0,0.10214624940258091,2.5199999809265137
FNMA,bb_v1@158-172#bo:bo_165#0|burst:burst_158_168#0|tb:tb_171_172#0,tb_171_172#0,bo_165#0,burst_158_168#0,新增,1,1,1,0,4,2,3,158,168,171,172,2025-05-28,55,3,8.741156144856324,64,0.04299507186108187,-0.3202323822635992,0,2,0,0,2,0,2,0,2,0.04543755465228501,10.779999732971191
FNMA,bb_v1@158-172#bo:bo_166#0|burst:burst_158_168#0|tb:tb_171_172#1,tb_171_172#1,bo_166#0,burst_158_168#0,新增,1,1,1,0,4,3,2,158,168,171,172,2025-05-28,55,3,8.741156144856324,64,0.04299507186108187,-0.3202323822635992,0,2,0,0,2,0,2,0,2,0.04543755465228501,10.779999732971191
FNMA,bb_v1@158-172#bo:bo_168#0|burst:burst_158_168#0|tb:tb_171_172#2,tb_171_172#2,bo_168#0,burst_158_168#0,原有,1,1,1,1,4,4,0,158,168,171,172,2025-05-28,55,3,8.741156144856324,64,0.04299507186108187,-0.3202323822635992,0,2,0,0,2,0,2,0,2,0.04543755465228501,10.779999732971191
FOXX,bb_v1@205-216#bo:bo_212#0|burst:burst_205_212#0|tb:tb_216#0,tb_216#0,bo_212#0,burst_205_212#0,原有,1,1,1,1,2,2,0,205,212,216,216,2025-08-01,56,3,5.576086956521739,61,0.10909093160978367,-0.4155844011079962,0,1,0,0,1,0,1,0,1,0.10275550680794886,7.699999809265137
FSLY,bb_v1@244-248#bo:bo_246#0|burst:burst_244_246#0|tb:tb_248#0,tb_248#0,bo_246#0,burst_244_246#0,原有,1,1,1,1,2,2,0,244,246,248,248,2025-09-17,86,3,3.5115209706574917,84,0.453070659972455,-0.10370799177961487,1,0,0,0,1,1,0,1,0,0.04208825013524534,8.630000114440918
GAU,bb_v1@222-232#bo:bo_222#0|burst:burst_222_225#0|tb:tb_230_232#0,tb_230_232#0,bo_222#0,burst_222_225#0,新增,1,1,1,0,4,1,3,222,225,230,232,2025-08-21,66,4,4.2979510588755705,199,0.48102010293694164,-0.020597288179495615,3,0,0,0,3,3,0,3,0,0.05228981019003755,2.0999999046325684
GAU,bb_v1@222-232#bo:bo_223#0|burst:burst_222_225#0|tb:tb_230_232#1,tb_230_232#1,bo_223#0,burst_222_225#0,新增,1,1,1,0,4,2,2,222,225,230,232,2025-08-21,66,4,4.2979510588755705,199,0.48102010293694164,-0.020597288179495615,3,0,0,0,3,3,0,3,0,0.05228981019003755,2.0999999046325684
GAU,bb_v1@222-232#bo:bo_224#0|burst:burst_222_225#0|tb:tb_230_232#2,tb_230_232#2,bo_224#0,burst_222_225#0,新增,1,1,1,0,4,3,1,222,225,230,232,2025-08-21,66,4,4.2979510588755705,199,0.48102010293694164,-0.020597288179495615,3,0,0,0,3,3,0,3,0,0.05228981019003755,2.0999999046325684
GAU,bb_v1@222-232#bo:bo_225#0|burst:burst_222_225#0|tb:tb_230_232#3,tb_230_232#3,bo_225#0,burst_222_225#0,原有,1,1,1,1,4,4,0,222,225,230,232,2025-08-21,66,4,4.2979510588755705,199,0.48102010293694164,-0.020597288179495615,3,0,0,0,3,3,0,3,0,0.05228981019003755,2.0999999046325684
FULC,bb_v1@145-154#bo:bo_145#0|burst:burst_145_154#0|tb:tb_149_152#0,tb_149_152#0,bo_145#0,burst_145_154#0,新增,1,1,1,0,3,1,9,145,154,149,152,2025-04-25,87,4,10.399000572794248,80,1.0655945747671562,-0.022408080635726524,4,0,0,0,4,4,0,4,0,0.08451169497499358,3.5299999713897705
FULC,bb_v1@145-160#bo:bo_153#0|burst:burst_145_154#0|tb:tb_158_160#0,tb_158_160#0,bo_153#0,burst_145_154#0,新增,1,1,1,0,3,2,1,145,154,158,160,2025-05-08,87,4,10.399000572794248,80,0.476407525060817,-0.017986338801299406,1,0,0,2,3,3,0,0,0,0.10359826701144242,5.409999847412109
FULC,bb_v1@145-160#bo:bo_154#0|burst:burst_145_154#0|tb:tb_158_160#1,tb_158_160#1,bo_154#0,burst_145_154#0,原有,1,1,1,1,3,3,0,145,154,158,160,2025-05-08,87,4,10.399000572794248,80,0.476407525060817,-0.017986338801299406,1,0,0,2,3,3,0,0,0,0.10359826701144242,5.409999847412109
FURY,bb_v1@174-181#bo:bo_179#0|burst:burst_174_179#0|tb:tb_181#0,tb_181#0,bo_179#0,burst_174_179#0,原有,1,1,1,1,2,2,0,174,179,181,181,2025-06-11,154,3,10.034384249131385,156,0.10586010575374138,-0.11153116675137886,0,0,0,1,1,0,0,0,0,0.05790102150897283,0.5289999842643738
GEOS,bb_v1@185-192#bo:bo_187#0|burst:burst_185_187#0|tb:tb_191_192#0,tb_191_192#0,bo_187#0,burst_185_187#0,原有,2,1,1,1,2,2,0,185,187,191,192,2025-06-26,165,3,9.534119214505012,85,0.25455878183607483,-0.3576356877018981,0,2,0,0,2,0,2,0,2,0.056958245561896395,15.930000305175781
GEOS,bb_v1@185-192#bo:bo_187#0|burst:burst_185_188#0|tb:tb_191_192#0,tb_191_192#0,bo_187#0,burst_185_188#0,原有,2,0,1,1,3,2,1,185,188,191,192,2025-06-26,165,4,46.51999733368884,148,0.25455878183607483,-0.3576356877018981,0,2,0,0,2,0,2,0,2,0.056958245561896395,15.930000305175781
GEOS,bb_v1@185-192#bo:bo_188#0|burst:burst_185_188#0|tb:tb_191_192#1,tb_191_192#1,bo_188#0,burst_185_188#0,原有,1,1,1,1,3,3,0,185,188,191,192,2025-06-26,165,4,46.51999733368884,148,0.25455878183607483,-0.3576356877018981,0,2,0,0,2,0,2,0,2,0.056958245561896395,15.930000305175781
GNLX,bb_v1@83-91#bo:bo_83#0|burst:burst_83_86#0|tb:tb_88_91#0,tb_88_91#0,bo_83#0,burst_83_86#0,新增,1,1,1,0,3,1,3,83,86,88,91,2025-01-28,63,4,9.594868925831202,67,0.4827516361125241,-0.26870416583801926,4,0,0,0,4,4,0,0,0,0.0855690811118729,3.9200000762939453
GNLX,bb_v1@83-91#bo:bo_84#0|burst:burst_83_86#0|tb:tb_88_91#1,tb_88_91#1,bo_84#0,burst_83_86#0,新增,1,1,1,0,3,2,2,83,86,88,91,2025-01-28,63,4,9.594868925831202,67,0.4827516361125241,-0.26870416583801926,4,0,0,0,4,4,0,0,0,0.0855690811118729,3.9200000762939453
GNLX,bb_v1@83-91#bo:bo_86#0|burst:burst_83_86#0|tb:tb_88_91#2,tb_88_91#2,bo_86#0,burst_83_86#0,原有,1,1,1,1,3,3,0,83,86,88,91,2025-01-28,63,4,9.594868925831202,67,0.4827516361125241,-0.26870416583801926,4,0,0,0,4,4,0,0,0,0.0855690811118729,3.9200000762939453
GVHGF,bb_v1@113-123#bo:bo_113#0|burst:burst_113#0|tb:tb_120_123#0,tb_120_123#0,bo_113#0,burst_113#0,原有,1,1,1,1,1,1,0,113,113,120,123,2025-03-14,52,4,695.2074973445926,77,0.014595515041107093,-0.7207982423034255,0,4,0,0,4,0,4,0,4,0.17398410442689363,5.960000038146973
GRWG,bb_v1@222-230#bo:bo_222#0|burst:burst_222_230#0|tb:tb_229_230#0,tb_229_230#0,bo_222#0,burst_222_230#0,新增,1,1,1,0,3,1,8,222,230,229,230,2025-08-20,202,3,7.048364903789526,135,0.3070668932740541,-0.08067538305521144,1,0,0,1,2,2,0,0,0,0.06436742718225097,1.559999942779541
GRWG,bb_v1@222-230#bo:bo_223#0|burst:burst_222_230#0|tb:tb_229_230#1,tb_229_230#1,bo_223#0,burst_222_230#0,新增,1,1,1,0,3,2,7,222,230,229,230,2025-08-20,202,3,7.048364903789526,135,0.3070668932740541,-0.08067538305521144,1,0,0,1,2,2,0,0,0,0.06436742718225097,1.559999942779541
GRWG,bb_v1@222-236#bo:bo_230#0|burst:burst_222_230#0|tb:tb_235_236#0,tb_235_236#0,bo_230#0,burst_222_230#0,原有,1,1,1,1,3,3,0,222,230,235,236,2025-08-28,202,3,7.048364903789526,135,0.20510130220870837,-0.1523928126910361,0,0,0,2,2,0,0,0,0,0.07808715845256739,1.7699999809265137
GPRK,bb_v1@279-287#bo:bo_284#0|burst:burst_279_284#0|tb:tb_287#0,tb_287#0,bo_284#0,burst_279_284#0,原有,1,1,1,1,2,2,0,279,284,287,287,2025-11-11,104,3,4.444824936918353,156,0.03850773249504913,-0.17689529884849942,0,0,0,1,1,0,1,0,0,0.0476375380394351,8.261453628540039
GPUS,bb_v1@155-161#bo:bo_158#0|burst:burst_155_158#0|tb:tb_161#0,tb_161#0,bo_158#0,burst_155_158#0,原有,1,1,1,1,2,2,0,155,158,161,161,2025-05-13,135,5,3425.2481267433595,101,0.48511902586706834,-0.830357139689379,0,1,0,0,1,0,1,0,1,0.1432867204670119,6.71999979019165
GSKRF,bb_v1@243-256#bo:bo_252#0|burst:burst_243_256#0|tb:tb_255#0,tb_255#0,bo_252#0,burst_243_256#0,新增,1,1,1,0,4,3,4,243,256,255,255,2025-09-26,155,4,3.9979872453618794,111,0.1539682019724402,-0.15154493093570076,0,0,0,1,1,0,0,0,0,0.04497522976170303,1.3865200281143188
GSKRF,bb_v1@243-262#bo:bo_256#0|burst:burst_243_256#0|tb:tb_258_262#0,tb_258_262#0,bo_256#0,burst_243_256#0,原有,1,1,1,1,4,4,0,243,256,258,262,2025-10-01,155,4,3.9979872453618794,111,0.06807579646932985,-0.21469731825337215,0,3,0,2,5,0,5,0,0,0.053489648554651936,1.4663200378417969
GTBIF,bb_v1@217-225#bo:bo_222#0|burst:burst_217_222#0|tb:tb_224_225#0,tb_224_225#0,bo_222#0,burst_217_222#0,原有,2,1,1,1,2,2,0,217,222,224,225,2025-08-13,197,3,5.446950294651516,109,0.10609452834459054,-0.20311168945045782,0,0,0,2,2,0,0,0,0,0.07068255860111455,8.970000267028809
GTBIF,bb_v1@217-225#bo:bo_222#0|burst:burst_217_224#0|tb:tb_224_225#0,tb_224_225#0,bo_222#0,burst_217_224#0,原有,2,0,1,1,3,2,2,217,224,224,225,2025-08-13,197,4,5.446950294651516,152,0.10609452834459054,-0.20311168945045782,0,0,0,2,2,0,0,0,0,0.07068255860111455,8.970000267028809
GTBIF,bb_v1@217-227#bo:bo_224#0|burst:burst_217_224#0|tb:tb_227#0,tb_227#0,bo_224#0,burst_217_224#0,原有,1,1,1,1,3,3,0,217,224,227,227,2025-08-18,197,4,5.446950294651516,152,0.17654159657295376,-0.1523579394362643,0,0,0,1,1,0,0,0,0,0.0905871372828225,8.270000457763672
HMY,bb_v1@250-252#bo:bo_250#0|burst:burst_250#0|tb:tb_252#0,tb_252#0,bo_250#0,burst_250#0,原有,1,1,1,1,1,1,0,250,250,252,252,2025-09-23,127,3,5.793229425677724,94,0.23200444895876493,-0.1622370019742302,0,0,0,1,1,1,0,0,0,0.05164816308984159,17.7191219329834
HTCR,bb_v1@228-235#bo:bo_230#0|burst:burst_228_232#0|tb:tb_235#0,tb_235#0,bo_230#0,burst_228_232#0,新增,1,1,1,0,3,2,2,228,232,235,235,2025-08-28,56,4,25.944457583641093,107,0.024000039252825678,-0.455999981782403,0,1,0,0,1,0,1,0,1,0.1221850944734245,21.281463623046875
HTCR,bb_v1@228-235#bo:bo_232#0|burst:burst_228_232#0|tb:tb_235#1,tb_235#1,bo_232#0,burst_228_232#0,原有,1,1,1,1,3,3,0,228,232,235,235,2025-08-28,56,4,25.944457583641093,107,0.024000039252825678,-0.455999981782403,0,1,0,0,1,0,1,0,1,0.1221850944734245,21.281463623046875
HYPD,bb_v1@166-174#bo:bo_168#0|burst:burst_166_168#0|tb:tb_171_174#0,tb_171_174#0,bo_168#0,burst_166_168#0,原有,1,1,1,1,2,2,0,166,168,171,174,2025-05-28,95,3,164.40680073126143,60,9.08849749156721,-0.035225095937617634,4,0,0,0,4,4,0,4,0,0.10341217596669658,1.6699999570846558
HZEN,bb_v1@259-268#bo:bo_264#0|burst:burst_259_265#0|tb:tb_267_268#0,tb_267_268#0,bo_264#0,burst_259_265#0,新增,1,1,1,0,3,2,1,259,265,267,268,2025-10-14,207,3,3.294546389984565,85,1.1589209759828782,-0.3794017164669424,2,0,0,0,2,2,0,2,0,0.10072368857993154,1.2999999523162842
HZEN,bb_v1@259-268#bo:bo_265#0|burst:burst_259_265#0|tb:tb_267_268#1,tb_267_268#1,bo_265#0,burst_259_265#0,原有,1,1,1,1,3,3,0,259,265,267,268,2025-10-14,207,3,3.294546389984565,85,1.1589209759828782,-0.3794017164669424,2,0,0,0,2,2,0,2,0,0.10072368857993154,1.2999999523162842
HCWC,bb_v1@244-261#bo:bo_246#0|burst:burst_244_247#0|tb:tb_253_261#0,tb_253_261#0,bo_246#0,burst_244_247#0,新增,1,1,1,0,3,2,1,244,247,253,261,2025-09-24,40,3,58.73272108304965,123,0.117928237242979,-0.2423089410469611,0,0,0,9,9,0,0,0,0,0.09751468779280717,0.6679999828338623
HCWC,bb_v1@244-261#bo:bo_247#0|burst:burst_244_247#0|tb:tb_253_261#1,tb_253_261#1,bo_247#0,burst_244_247#0,原有,1,1,1,1,3,3,0,244,247,253,261,2025-09-24,40,3,58.73272108304965,123,0.117928237242979,-0.2423089410469611,0,0,0,9,9,0,0,0,0,0.09751468779280717,0.6679999828338623
HTZ,bb_v1@143-148#bo:bo_143#0|burst:burst_143#0|tb:tb_148#0,tb_148#0,bo_143#0,burst_143#0,原有,1,1,1,1,1,1,0,143,143,148,148,2025-04-24,46,3,13.10614014322069,93,-0.0011559856241032396,-0.36300572579469736,0,1,0,0,1,0,1,0,0,0.11107337783239492,8.649999618530273
HOWL,bb_v1@243-251#bo:bo_243#0|burst:burst_243_251#0|tb:tb_247#0,tb_247#0,bo_243#0,burst_243_251#0,新增,2,1,1,0,3,1,8,243,251,247,247,2025-09-16,68,6,8.144066626788755,178,0.6413793352923118,-0.26206895361048754,1,0,0,0,1,1,0,1,0,0.05742287516918683,1.4500000476837158
HOWL,bb_v1@243-256#bo:bo_243#0|burst:burst_243_256#0|tb:tb_247#0,tb_247#0,bo_243#0,burst_243_256#0,新增,2,0,1,0,4,1,13,243,256,247,247,2025-09-16,68,7,11.11993476698546,209,0.6413793352923118,-0.26206895361048754,1,0,0,0,1,1,0,1,0,0.05742287516918683,1.4500000476837158
HOWL,bb_v1@243-251#bo:bo_244#0|burst:burst_243_251#0|tb:tb_247#1,tb_247#1,bo_244#0,burst_243_251#0,新增,2,1,1,0,3,2,7,243,251,247,247,2025-09-16,68,6,8.144066626788755,178,0.6413793352923118,-0.26206895361048754,1,0,0,0,1,1,0,1,0,0.05742287516918683,1.4500000476837158
HOWL,bb_v1@243-256#bo:bo_244#0|burst:burst_243_256#0|tb:tb_247#1,tb_247#1,bo_244#0,burst_243_256#0,新增,2,0,1,0,4,2,12,243,256,247,247,2025-09-16,68,7,11.11993476698546,209,0.6413793352923118,-0.26206895361048754,1,0,0,0,1,1,0,1,0,0.05742287516918683,1.4500000476837158
HOWL,bb_v1@243-255#bo:bo_251#0|burst:burst_243_251#0|tb:tb_255#0,tb_255#0,bo_251#0,burst_243_251#0,原有,2,1,1,1,3,3,0,243,251,255,255,2025-09-26,68,6,8.144066626788755,178,0.1497585464712956,-0.6135265518256932,0,1,0,0,1,0,1,0,1,0.060231589100786714,2.069999933242798
HOWL,bb_v1@243-256#bo:bo_251#0|burst:burst_243_256#0|tb:tb_255#0,tb_255#0,bo_251#0,burst_243_256#0,原有,2,0,1,1,4,3,5,243,256,255,255,2025-09-26,68,7,11.11993476698546,209,0.1497585464712956,-0.6135265518256932,0,1,0,0,1,0,1,0,1,0.060231589100786714,2.069999933242798
HOWL,bb_v1@243-262#bo:bo_256#0|burst:burst_243_256#0|tb:tb_260_262#0,tb_260_262#0,bo_256#0,burst_243_256#0,原有,1,1,1,1,4,4,0,243,256,260,262,2025-10-03,68,7,11.11993476698546,209,0.06722291530725914,-0.6003865372762788,0,3,0,0,3,0,3,0,3,0.088650101364436,2.049999952316284
HPP-PC,bb_v1@182-194#bo:bo_186#0|burst:burst_182_186#0|tb:tb_191_194#0,tb_191_194#0,bo_186#0,burst_182_186#0,原有,2,1,1,1,2,2,0,182,186,191,194,2025-06-26,162,3,7.677158975150909,158,0.10692897320397127,-0.030499001743985704,4,0,0,0,4,4,0,1,0,0.01761079825477388,13.557976722717285
HPP-PC,bb_v1@182-194#bo:bo_186#0|burst:burst_182_187#0|tb:tb_191_194#0,tb_191_194#0,bo_186#0,burst_182_187#0,原有,2,0,1,1,3,2,1,182,187,191,194,2025-06-26,162,3,7.677158975150909,159,0.10692897320397127,-0.030499001743985704,4,0,0,0,4,4,0,1,0,0.01761079825477388,13.557976722717285
HPP-PC,bb_v1@182-194#bo:bo_187#0|burst:burst_182_187#0|tb:tb_191_194#1,tb_191_194#1,bo_187#0,burst_182_187#0,原有,1,1,1,1,3,3,0,182,187,191,194,2025-06-26,162,3,7.677158975150909,159,0.10692897320397127,-0.030499001743985704,4,0,0,0,4,4,0,1,0,0.01761079825477388,13.557976722717285
IMRX,bb_v1@165-178#bo:bo_171#0|burst:burst_165_178#0|tb:tb_173_174#0,tb_173_174#0,bo_171#0,burst_165_178#0,新增,3,1,1,0,4,2,7,165,178,173,174,2025-05-30,91,3,3.7517552657973923,83,1.6247959859072894,-0.07076964630557098,2,0,0,0,2,2,0,2,0,0.09057328523192593,1.7100000381469727
IMRX,bb_v1@165-184#bo:bo_171#0|burst:burst_165_184#0|tb:tb_173_174#0,tb_173_174#0,bo_171#0,burst_165_184#0,新增,3,0,1,0,5,2,13,165,184,173,174,2025-05-30,91,4,7.4924867893619025,98,1.6247959859072894,-0.07076964630557098,2,0,0,0,2,2,0,2,0,0.09057328523192593,1.7100000381469727
IMRX,bb_v1@165-186#bo:bo_171#0|burst:burst_165_186#0|tb:tb_173_174#0,tb_173_174#0,bo_171#0,burst_165_186#0,新增,3,0,1,0,6,2,15,165,186,173,174,2025-05-30,91,5,92.80404875754488,98,1.6247959859072894,-0.07076964630557098,2,0,0,0,2,2,0,2,0,0.09057328523192593,1.7100000381469727
IMRX,bb_v1@165-182#bo:bo_175#0|burst:burst_165_178#0|tb:tb_177_182#0,tb_177_182#0,bo_175#0,burst_165_178#0,新增,3,1,1,0,4,3,3,165,178,177,182,2025-06-05,91,3,3.7517552657973923,83,1.2357540214207867,-0.20849829424725422,6,0,0,0,6,6,0,6,0,0.09433908438829783,2.049999952316284
IMRX,bb_v1@165-184#bo:bo_175#0|burst:burst_165_184#0|tb:tb_177_182#0,tb_177_182#0,bo_175#0,burst_165_184#0,新增,3,0,1,0,5,3,9,165,184,177,182,2025-06-05,91,4,7.4924867893619025,98,1.2357540214207867,-0.20849829424725422,6,0,0,0,6,6,0,6,0,0.09433908438829783,2.049999952316284
IMRX,bb_v1@165-186#bo:bo_175#0|burst:burst_165_186#0|tb:tb_177_182#0,tb_177_182#0,bo_175#0,burst_165_186#0,新增,3,0,1,0,6,3,11,165,186,177,182,2025-06-05,91,5,92.80404875754488,98,1.2357540214207867,-0.20849829424725422,6,0,0,0,6,6,0,6,0,0.09433908438829783,2.049999952316284
IMRX,bb_v1@165-180#bo:bo_178#0|burst:burst_165_178#0|tb:tb_180#0,tb_180#0,bo_178#0,burst_165_178#0,原有,3,1,1,1,4,4,0,165,178,180,180,2025-06-10,91,3,3.7517552657973923,83,1.1608294768854845,-0.23502308375193925,1,0,0,0,1,1,0,1,0,0.08125955651376035,2.1700000762939453
IMRX,bb_v1@165-184#bo:bo_178#0|burst:burst_165_184#0|tb:tb_180#0,tb_180#0,bo_178#0,burst_165_184#0,原有,3,0,1,1,5,4,6,165,184,180,180,2025-06-10,91,4,7.4924867893619025,98,1.1608294768854845,-0.23502308375193925,1,0,0,0,1,1,0,1,0,0.08125955651376035,2.1700000762939453
IMRX,bb_v1@165-186#bo:bo_178#0|burst:burst_165_186#0|tb:tb_180#0,tb_180#0,bo_178#0,burst_165_186#0,原有,3,0,1,1,6,4,8,165,186,180,180,2025-06-10,91,5,92.80404875754488,98,1.1608294768854845,-0.23502308375193925,1,0,0,0,1,1,0,1,0,0.08125955651376035,2.1700000762939453
IMRX,bb_v1@165-196#bo:bo_186#0|burst:burst_165_186#0|tb:tb_194_196#1,tb_194_196#1,bo_186#0,burst_165_186#0,原有,1,1,1,1,6,6,0,165,186,194,196,2025-07-01,91,5,92.80404875754488,98,0.7697547609134278,-0.16953250518040444,3,0,0,0,3,3,0,3,0,0.11145031883228651,3.440000057220459
IMVT,bb_v1@271-282#bo:bo_276#0|burst:burst_271_279#0|tb:tb_282#0,tb_282#0,bo_276#0,burst_271_279#0,新增,1,1,1,0,4,2,3,271,279,282,282,2025-11-04,70,4,3.5785854451142107,184,0.1446878843624777,-0.11409674113053336,0,0,0,1,1,0,0,0,0,0.04653851960181353,24.190000534057617
IMVT,bb_v1@271-282#bo:bo_277#0|burst:burst_271_279#0|tb:tb_282#1,tb_282#1,bo_277#0,burst_271_279#0,新增,1,1,1,0,4,3,2,271,279,282,282,2025-11-04,70,4,3.5785854451142107,184,0.1446878843624777,-0.11409674113053336,0,0,0,1,1,0,0,0,0,0.04653851960181353,24.190000534057617
IMVT,bb_v1@271-282#bo:bo_279#0|burst:burst_271_279#0|tb:tb_282#2,tb_282#2,bo_279#0,burst_271_279#0,原有,1,1,1,1,4,4,0,271,279,282,282,2025-11-04,70,4,3.5785854451142107,184,0.1446878843624777,-0.11409674113053336,0,0,0,1,1,0,0,0,0,0.04653851960181353,24.190000534057617
HRTX,bb_v1@109-115#bo:bo_109#0|burst:burst_109#0|tb:tb_115#0,tb_115#0,bo_109#0,burst_109#0,原有,2,1,1,1,1,1,0,109,109,115,115,2025-03-07,89,3,3.850859863593734,82,0.07112963615630563,-0.30962347124068534,0,1,0,0,1,0,1,0,1,0.06497174180460791,2.390000104904175
HRTX,bb_v1@109-115#bo:bo_109#0|burst:burst_109_110#0|tb:tb_115#0,tb_115#0,bo_109#0,burst_109_110#0,原有,2,0,1,1,2,1,1,109,110,115,115,2025-03-07,89,4,3.850859863593734,101,0.07112963615630563,-0.30962347124068534,0,1,0,0,1,0,1,0,1,0.06497174180460791,2.390000104904175
HRTX,bb_v1@109-115#bo:bo_110#0|burst:burst_109_110#0|tb:tb_115#1,tb_115#1,bo_110#0,burst_109_110#0,原有,1,1,1,1,2,2,0,109,110,115,115,2025-03-07,89,4,3.850859863593734,101,0.07112963615630563,-0.30962347124068534,0,1,0,0,1,0,1,0,1,0.06497174180460791,2.390000104904175
HOVR,bb_v1@249-260#bo:bo_249#0|burst:burst_249_256#0|tb:tb_258_260#0,tb_258_260#0,bo_249#0,burst_249_256#0,新增,1,1,1,0,2,1,7,249,256,258,260,2025-10-01,66,4,3.9770973623308032,69,0.5795399340789078,-0.5616587688863736,3,0,0,0,3,3,0,2,1,0.08469113766185413,2.5399999618530273
HOVR,bb_v1@249-260#bo:bo_256#0|burst:burst_249_256#0|tb:tb_258_260#1,tb_258_260#1,bo_256#0,burst_249_256#0,原有,1,1,1,1,2,2,0,249,256,258,260,2025-10-01,66,4,3.9770973623308032,69,0.5795399340789078,-0.5616587688863736,3,0,0,0,3,3,0,2,1,0.08469113766185413,2.5399999618530273
ILPT,bb_v1@184-199#bo:bo_184#0|burst:burst_184#0|tb:tb_191_199#0,tb_191_199#0,bo_184#0,burst_184#0,原有,1,1,1,1,1,1,0,184,184,191,199,2025-06-26,94,4,5.582660807031562,94,0.37568790945342073,-0.013140014255495405,9,0,0,0,9,9,0,9,0,0.04032231699585784,4.335083961486816
INSG,bb_v1@224-230#bo:bo_228#0|burst:burst_224_230#0|tb:tb_230#0,tb_230#0,bo_228#0,burst_224_230#0,新增,1,1,1,0,3,2,2,224,230,230,230,2025-08-21,59,3,7.766335000532085,109,0.7651072325877757,-0.0155945266903319,1,0,0,0,1,1,0,1,0,0.06703613611878648,10.260000228881836
INSG,bb_v1@224-243#bo:bo_230#0|burst:burst_224_230#0|tb:tb_236_243#0,tb_236_243#0,bo_230#0,burst_224_230#0,原有,1,1,1,1,3,3,0,224,230,236,243,2025-08-29,59,3,7.766335000532085,109,0.40274790291648666,-0.028761015941041787,5,0,0,3,8,8,0,3,0,0.07550416866687157,12.329999923706055
IVA,bb_v1@103-107#bo:bo_103#0|burst:burst_103_106#0|tb:tb_106_107#0,tb_106_107#0,bo_103#0,burst_103_106#0,新增,2,1,1,0,3,1,3,103,106,106,107,2025-02-24,83,3,3.762780496035094,89,0.342862762596701,-0.10779553226076827,2,0,0,0,2,2,0,1,0,0.0566770372517406,2.9100000858306885
IVA,bb_v1@103-107#bo:bo_103#0|burst:burst_103_107#0|tb:tb_106_107#0,tb_106_107#0,bo_103#0,burst_103_107#0,新增,2,0,1,0,4,1,4,103,107,106,107,2025-02-24,83,3,3.762780496035094,89,0.342862762596701,-0.10779553226076827,2,0,0,0,2,2,0,1,0,0.0566770372517406,2.9100000858306885
IVA,bb_v1@103-110#bo:bo_105#0|burst:burst_103_106#0|tb:tb_109_110#0,tb_109_110#0,bo_105#0,burst_103_106#0,新增,2,1,1,0,3,2,1,103,106,109,110,2025-02-27,83,3,3.762780496035094,89,0.2599669517824116,-0.1693551360607521,0,0,0,2,2,2,0,0,0,0.05851937716290885,3.259999990463257
IVA,bb_v1@103-110#bo:bo_105#0|burst:burst_103_107#0|tb:tb_109_110#0,tb_109_110#0,bo_105#0,burst_103_107#0,新增,2,0,1,0,4,2,2,103,107,109,110,2025-02-27,83,3,3.762780496035094,89,0.2599669517824116,-0.1693551360607521,0,0,0,2,2,2,0,0,0,0.05851937716290885,3.259999990463257
IVA,bb_v1@103-110#bo:bo_106#0|burst:burst_103_106#0|tb:tb_109_110#1,tb_109_110#1,bo_106#0,burst_103_106#0,原有,2,1,1,1,3,3,0,103,106,109,110,2025-02-27,83,3,3.762780496035094,89,0.2599669517824116,-0.1693551360607521,0,0,0,2,2,2,0,0,0,0.05851937716290885,3.259999990463257
IVA,bb_v1@103-110#bo:bo_106#0|burst:burst_103_107#0|tb:tb_109_110#1,tb_109_110#1,bo_106#0,burst_103_107#0,原有,2,0,1,1,4,3,1,103,107,109,110,2025-02-27,83,3,3.762780496035094,89,0.2599669517824116,-0.1693551360607521,0,0,0,2,2,2,0,0,0,0.05851937716290885,3.259999990463257
IVA,bb_v1@103-110#bo:bo_107#0|burst:burst_103_107#0|tb:tb_109_110#2,tb_109_110#2,bo_107#0,burst_103_107#0,原有,1,1,1,1,4,4,0,103,107,109,110,2025-02-27,83,3,3.762780496035094,89,0.2599669517824116,-0.1693551360607521,0,0,0,2,2,2,0,0,0,0.05851937716290885,3.259999990463257
IVA,bb_v1@220-229#bo:bo_223#0|burst:burst_220_224#0|tb:tb_229#0,tb_229#0,bo_223#0,burst_220_224#0,新增,2,1,1,0,3,2,1,220,224,229,229,2025-08-20,80,4,4.046701428247563,61,0.42947599135279746,-0.101965068866531,0,0,0,1,1,1,0,0,0,0.08939151496832087,4.579999923706055
IVA,bb_v1@220-229#bo:bo_223#0|burst:burst_220_225#0|tb:tb_229#0,tb_229#0,bo_223#0,burst_220_225#0,新增,2,0,1,0,4,2,2,220,225,229,229,2025-08-20,80,5,4.046701428247563,78,0.42947599135279746,-0.101965068866531,0,0,0,1,1,1,0,0,0,0.08939151496832087,4.579999923706055
IVA,bb_v1@220-229#bo:bo_224#0|burst:burst_220_224#0|tb:tb_229#1,tb_229#1,bo_224#0,burst_220_224#0,原有,2,1,1,1,3,3,0,220,224,229,229,2025-08-20,80,4,4.046701428247563,61,0.42947599135279746,-0.101965068866531,0,0,0,1,1,1,0,0,0,0.08939151496832087,4.579999923706055
IVA,bb_v1@220-229#bo:bo_224#0|burst:burst_220_225#0|tb:tb_229#1,tb_229#1,bo_224#0,burst_220_225#0,原有,2,0,1,1,4,3,1,220,225,229,229,2025-08-20,80,5,4.046701428247563,78,0.42947599135279746,-0.101965068866531,0,0,0,1,1,1,0,0,0,0.08939151496832087,4.579999923706055
IVA,bb_v1@220-229#bo:bo_225#0|burst:burst_220_225#0|tb:tb_229#2,tb_229#2,bo_225#0,burst_220_225#0,原有,1,1,1,1,4,4,0,220,225,229,229,2025-08-20,80,5,4.046701428247563,78,0.42947599135279746,-0.101965068866531,0,0,0,1,1,1,0,0,0,0.08939151496832087,4.579999923706055
IXHL,bb_v1@203-210#bo:bo_203#0|burst:burst_203_210#0|tb:tb_208#0,tb_208#0,bo_203#0,burst_203_210#0,新增,1,1,1,0,2,1,7,203,210,208,208,2025-07-22,133,3,8.841046320161285,73,0.9761903860851957,-0.5952381150612569,1,0,0,0,1,1,0,1,0,0.08149352006626673,25.200000762939453
IMNM,bb_v1@253-267#bo:bo_260#0|burst:burst_253_261#0|tb:tb_263_267#0,tb_263_267#0,bo_260#0,burst_253_261#0,新增,2,1,1,0,3,2,1,253,261,263,267,2025-10-08,48,4,5.347533370351408,164,0.4489107577476238,-0.03652704645612068,5,0,0,0,5,5,0,1,0,0.07936802072327273,14.010000228881836
IMNM,bb_v1@253-268#bo:bo_260#0|burst:burst_253_268#0|tb:tb_263_267#0,tb_263_267#0,bo_260#0,burst_253_268#0,新增,2,0,1,0,4,2,8,253,268,263,267,2025-10-08,48,5,5.347533370351408,212,0.4489107577476238,-0.03652704645612068,5,0,0,0,5,5,0,1,0,0.07936802072327273,14.010000228881836
IMNM,bb_v1@253-267#bo:bo_261#0|burst:burst_253_261#0|tb:tb_263_267#1,tb_263_267#1,bo_261#0,burst_253_261#0,原有,2,1,1,1,3,3,0,253,261,263,267,2025-10-08,48,4,5.347533370351408,164,0.4489107577476238,-0.03652704645612068,5,0,0,0,5,5,0,1,0,0.07936802072327273,14.010000228881836
IMNM,bb_v1@253-268#bo:bo_261#0|burst:burst_253_268#0|tb:tb_263_267#1,tb_263_267#1,bo_261#0,burst_253_268#0,原有,2,0,1,1,4,3,7,253,268,263,267,2025-10-08,48,5,5.347533370351408,212,0.4489107577476238,-0.03652704645612068,5,0,0,0,5,5,0,1,0,0.07936802072327273,14.010000228881836
IMNM,bb_v1@253-281#bo:bo_268#0|burst:burst_253_268#0|tb:tb_271_281#0,tb_271_281#0,bo_268#0,burst_253_268#0,原有,1,1,1,1,4,4,0,253,268,271,281,2025-10-20,48,5,5.347533370351408,212,0.5605617551810731,-0.09697133120223449,11,0,0,0,11,11,0,11,0,0.08290238406176798,16.25
ITMSF,bb_v1@203-211#bo:bo_203#0|burst:burst_203#0|tb:tb_208_211#0,tb_208_211#0,bo_203#0,burst_203#0,原有,1,1,1,1,1,1,0,203,203,208,211,2025-07-22,42,3,5.652637216264092,106,0.1231782564671473,-0.13601669410378328,0,0,0,4,4,0,0,0,0,0.06428962333056103,2.309999942779541
ITOC,bb_v1@161-176#bo:bo_168#0|burst:burst_161_169#0|tb:tb_171_176#0,tb_171_176#0,bo_168#0,burst_161_169#0,新增,2,1,1,0,3,2,1,161,169,171,176,2025-05-28,141,5,9.775092547321366,160,4.1104024861053015,-0.6031361362216876,6,0,0,0,6,6,0,6,0,0.15372185002416247,5.989999771118164
ITOC,bb_v1@161-177#bo:bo_168#0|burst:burst_161_177#0|tb:tb_171_176#0,tb_171_176#0,bo_168#0,burst_161_177#0,新增,2,0,1,0,4,2,9,161,177,171,176,2025-05-28,141,6,10.906081239727637,160,4.1104024861053015,-0.6031361362216876,6,0,0,0,6,6,0,6,0,0.15372185002416247,5.989999771118164
ITOC,bb_v1@161-176#bo:bo_169#0|burst:burst_161_169#0|tb:tb_171_176#1,tb_171_176#1,bo_169#0,burst_161_169#0,原有,2,1,1,1,3,3,0,161,169,171,176,2025-05-28,141,5,9.775092547321366,160,4.1104024861053015,-0.6031361362216876,6,0,0,0,6,6,0,6,0,0.15372185002416247,5.989999771118164
ITOC,bb_v1@161-177#bo:bo_169#0|burst:burst_161_177#0|tb:tb_171_176#1,tb_171_176#1,bo_169#0,burst_161_177#0,原有,2,0,1,1,4,3,8,161,177,171,176,2025-05-28,141,6,10.906081239727637,160,4.1104024861053015,-0.6031361362216876,6,0,0,0,6,6,0,6,0,0.15372185002416247,5.989999771118164
ITOC,bb_v1@161-186#bo:bo_177#0|burst:burst_161_177#0|tb:tb_186#0,tb_186#0,bo_177#0,burst_161_177#0,原有,1,1,1,1,4,4,0,161,177,186,186,2025-06-18,141,6,10.906081239727637,160,0.7679557638441104,-0.9668508281106932,1,0,0,0,1,1,0,1,0,0.09817275129100493,18.100000381469727
ITRG,bb_v1@226-231#bo:bo_226#0|burst:burst_226_231#0|tb:tb_229_231#0,tb_229_231#0,bo_226#0,burst_226_231#0,新增,1,1,1,0,3,1,5,226,231,229,231,2025-08-20,70,3,3.675868411190196,75,0.8185307076238173,-0.003516282743603901,3,0,0,0,3,3,0,3,0,0.04631485443629747,1.8700000047683716
ITRG,bb_v1@226-231#bo:bo_227#0|burst:burst_226_231#0|tb:tb_229_231#1,tb_229_231#1,bo_227#0,burst_226_231#0,新增,1,1,1,0,3,2,4,226,231,229,231,2025-08-20,70,3,3.675868411190196,75,0.8185307076238173,-0.003516282743603901,3,0,0,0,3,3,0,3,0,0.04631485443629747,1.8700000047683716
ITRG,bb_v1@226-235#bo:bo_231#0|burst:burst_226_231#0|tb:tb_235#0,tb_235#0,bo_231#0,burst_226_231#0,原有,1,1,1,1,3,3,0,226,231,235,235,2025-08-28,70,3,3.675868411190196,75,0.6157406809521333,-0.004629625030506013,1,0,0,0,1,1,0,1,0,0.04827121535989297,2.1600000858306885
JETMF,bb_v1@85-96#bo:bo_85#0|burst:burst_85_91#0|tb:tb_93_96#0,tb_93_96#0,bo_85#0,burst_85_91#0,新增,2,1,1,0,2,1,6,85,91,93,96,2025-02-04,56,3,5.753351206434316,70,0.08522664383146233,-0.2711563893948728,0,4,0,0,4,0,4,0,3,0.058390037093731,0.7200000286102295
JETMF,bb_v1@85-96#bo:bo_85#0|burst:burst_85_94#0|tb:tb_93_96#0,tb_93_96#0,bo_85#0,burst_85_94#0,新增,2,0,1,0,3,1,9,85,94,93,96,2025-02-04,56,3,5.753351206434316,70,0.08522664383146233,-0.2711563893948728,0,4,0,0,4,0,4,0,3,0.058390037093731,0.7200000286102295
JETMF,bb_v1@85-96#bo:bo_91#0|burst:burst_85_91#0|tb:tb_93_96#1,tb_93_96#1,bo_91#0,burst_85_91#0,原有,2,1,1,1,2,2,0,85,91,93,96,2025-02-04,56,3,5.753351206434316,70,0.08522664383146233,-0.2711563893948728,0,4,0,0,4,0,4,0,3,0.058390037093731,0.7200000286102295
JETMF,bb_v1@85-96#bo:bo_91#0|burst:burst_85_94#0|tb:tb_93_96#1,tb_93_96#1,bo_91#0,burst_85_94#0,原有,2,0,1,1,3,2,3,85,94,93,96,2025-02-04,56,3,5.753351206434316,70,0.08522664383146233,-0.2711563893948728,0,4,0,0,4,0,4,0,3,0.058390037093731,0.7200000286102295
JETMF,bb_v1@85-97#bo:bo_94#0|burst:burst_85_94#0|tb:tb_96_97#0,tb_96_97#0,bo_94#0,burst_85_94#0,原有,1,1,1,1,3,3,0,85,94,96,97,2025-02-07,56,3,5.753351206434316,70,0.04856739414089806,-0.2957769237859315,0,2,0,0,2,0,2,0,2,0.056573583487219685,0.753000020980835
JETMF,bb_v1@274-281#bo:bo_277#0|burst:burst_274_277#0|tb:tb_280_281#0,tb_280_281#0,bo_277#0,burst_274_277#0,原有,1,1,1,1,2,2,0,274,277,280,281,2025-10-31,41,4,4.7035907010633204,174,0.009174310851576162,-0.353874680595834,0,2,0,0,2,0,2,0,2,0.046656799874173545,0.7850000262260437
IOBTQ,bb_v1@169-182#bo:bo_173#0|burst:burst_169_173#0|tb:tb_177_182#0,tb_177_182#0,bo_173#0,burst_169_173#0,原有,1,1,1,1,2,2,0,169,173,177,182,2025-06-05,65,3,3.1443758080735527,143,0.6291702731527921,-0.23525147217530876,6,0,0,0,6,6,0,6,0,0.08570249714882983,1.5
KYNB,bb_v1@221-226#bo:bo_223#0|burst:burst_221_223#0|tb:tb_226#0,tb_226#0,bo_223#0,burst_221_223#0,原有,1,1,1,1,2,2,0,221,223,226,226,2025-08-15,117,3,6.1229887992995,72,0.32701427417951123,0.013691428752793833,1,0,0,0,1,1,0,1,0,0.05336157397874086,9.494999885559082
KRMD,bb_v1@291-303#bo:bo_297#0|burst:burst_291_297#0|tb:tb_302_303#0,tb_302_303#0,bo_297#0,burst_291_297#0,原有,1,1,1,1,2,2,0,291,297,302,303,2025-12-03,60,3,3.528127570714421,204,0.15931252243321747,-0.09998886935756135,0,0,0,2,2,0,0,0,0,0.06125759657753256,5.71999979019165
LBRT,bb_v1@270-277#bo:bo_275#0|burst:burst_270_275#0|tb:tb_277#0,tb_277#0,bo_275#0,burst_270_275#0,原有,2,1,1,1,2,2,0,270,275,277,277,2025-10-28,87,3,6.464703993132248,146,0.2351210034378881,-0.13425222804485826,0,0,0,1,1,1,0,0,0,0.049345096753765735,16.86610221862793
LBRT,bb_v1@270-278#bo:bo_275#0|burst:burst_270_278#0|tb:tb_277#0,tb_277#0,bo_275#0,burst_270_278#0,原有,2,0,1,1,3,2,3,270,278,277,277,2025-10-28,87,4,6.464703993132248,173,0.2351210034378881,-0.13425222804485826,0,0,0,1,1,1,0,0,0,0.049345096753765735,16.86610221862793
LBRT,bb_v1@270-281#bo:bo_278#0|burst:burst_270_278#0|tb:tb_281#0,tb_281#0,bo_278#0,burst_270_278#0,原有,1,1,1,1,3,3,0,270,278,281,281,2025-11-03,87,4,6.464703993132248,173,0.14636964223361648,-0.19646175489017526,0,0,0,1,1,0,1,0,0,0.05088836682693061,18.17186737060547
KODK,bb_v1@285-288#bo:bo_285#0|burst:burst_285_286#0|tb:tb_288#0,tb_288#0,bo_285#0,burst_285_286#0,新增,1,1,1,0,2,1,1,285,286,288,288,2025-11-12,83,3,6.376261584988359,191,0.18712748874601837,-0.19547083149143862,0,1,0,0,1,0,1,0,0,0.047210451602937395,8.390000343322754
KODK,bb_v1@285-288#bo:bo_286#0|burst:burst_285_286#0|tb:tb_288#1,tb_288#1,bo_286#0,burst_285_286#0,原有,1,1,1,1,2,2,0,285,286,288,288,2025-11-12,83,3,6.376261584988359,191,0.18712748874601837,-0.19547083149143862,0,1,0,0,1,0,1,0,0,0.047210451602937395,8.390000343322754
KSS,bb_v1@200-212#bo:bo_207#0|burst:burst_200_208#0|tb:tb_212#0,tb_212#0,bo_207#0,burst_200_208#0,新增,1,1,1,0,3,2,1,200,208,212,212,2025-07-28,180,5,23.31101742952391,122,0.4332268056058799,-0.19485582039804739,1,0,0,0,1,0,1,1,0,0.05271228398302522,12.443084716796875
KSS,bb_v1@200-212#bo:bo_208#0|burst:burst_200_208#0|tb:tb_212#1,tb_212#1,bo_208#0,burst_200_208#0,原有,1,1,1,1,3,3,0,200,208,212,212,2025-07-28,180,5,23.31101742952391,122,0.4332268056058799,-0.19485582039804739,1,0,0,0,1,0,1,1,0,0.05271228398302522,12.443084716796875
KZIA,bb_v1@175-181#bo:bo_175#0|burst:burst_175_181#0|tb:tb_178#0,tb_178#0,bo_175#0,burst_175_181#0,新增,1,1,1,0,3,1,6,175,181,178,178,2025-06-06,143,3,1729.2901193633952,66,1.276106095506346,-0.10973449116707712,1,0,0,0,1,1,0,1,0,0.09294058970664236,5.650000095367432
KZIA,bb_v1@175-181#bo:bo_176#0|burst:burst_175_181#0|tb:tb_178#1,tb_178#1,bo_176#0,burst_175_181#0,新增,1,1,1,0,3,2,5,175,181,178,178,2025-06-06,143,3,1729.2901193633952,66,1.276106095506346,-0.10973449116707712,1,0,0,0,1,1,0,1,0,0.09294058970664236,5.650000095367432
KZIA,bb_v1@175-185#bo:bo_181#0|burst:burst_175_181#0|tb:tb_185#0,tb_185#0,bo_181#0,burst_175_181#0,原有,1,1,1,1,3,3,0,175,181,185,185,2025-06-17,143,3,1729.2901193633952,66,0.2861736439579059,-0.37513397948772254,0,1,0,0,1,0,1,0,0,0.11580436236438188,9.329999923706055
LAC,bb_v1@246-253#bo:bo_246#0|burst:burst_246_253#0|tb:tb_250_251#0,tb_250_251#0,bo_246#0,burst_246_253#0,新增,1,1,1,0,4,1,7,246,253,250,251,2025-09-19,41,8,32.52669340742417,225,2.21240109521605,-0.09613051800149502,2,0,0,0,2,2,0,2,0,0.04324446563857499,3.25
LAC,bb_v1@246-253#bo:bo_247#0|burst:burst_246_253#0|tb:tb_250_251#1,tb_250_251#1,bo_247#0,burst_246_253#0,新增,1,1,1,0,4,2,6,246,253,250,251,2025-09-19,41,8,32.52669340742417,225,2.21240109521605,-0.09613051800149502,2,0,0,0,2,2,0,2,0,0.04324446563857499,3.25
LAC,bb_v1@246-264#bo:bo_253#0|burst:burst_246_253#0|tb:tb_264#0,tb_264#0,bo_253#0,burst_246_253#0,原有,1,1,1,1,4,4,0,246,253,264,264,2025-10-09,41,8,32.52669340742417,225,0.30845777458673806,-0.4613184239084729,0,1,0,0,1,0,1,0,1,0.1084996031092913,8.039999961853027
LI,bb_v1@105-120#bo:bo_107#0|burst:burst_105_108#0|tb:tb_112_120#0,tb_112_120#0,bo_107#0,burst_105_108#0,新增,1,1,1,0,3,2,1,105,108,112,120,2025-03-04,85,3,4.856750881921598,96,0.04140067637021901,-0.32747714639904835,0,9,0,0,9,0,9,0,9,0.05566919562724576,27.670000076293945
LI,bb_v1@105-120#bo:bo_108#0|burst:burst_105_108#0|tb:tb_112_120#1,tb_112_120#1,bo_108#0,burst_105_108#0,原有,1,1,1,1,3,3,0,105,108,112,120,2025-03-04,85,3,4.856750881921598,96,0.04140067637021901,-0.32747714639904835,0,9,0,0,9,0,9,0,9,0.05566919562724576,27.670000076293945
MAGN,bb_v1@296-305#bo:bo_296#0|burst:burst_296_299#0|tb:tb_304_305#0,tb_304_305#0,bo_296#0,burst_296_299#0,新增,1,1,1,0,2,1,3,296,299,304,305,2025-12-05,198,3,4.121317218673495,90,0.10110648175537074,-0.10251313380607169,0,0,0,2,2,0,0,0,0,0.05152471742631841,14.130000114440918
MAGN,bb_v1@296-305#bo:bo_299#0|burst:burst_296_299#0|tb:tb_304_305#1,tb_304_305#1,bo_299#0,burst_296_299#0,原有,1,1,1,1,2,2,0,296,299,304,305,2025-12-05,198,3,4.121317218673495,90,0.10110648175537074,-0.10251313380607169,0,0,0,2,2,0,0,0,0,0.05152471742631841,14.130000114440918
LION,bb_v1@307-316#bo:bo_307#0|burst:burst_307_316#0|tb:tb_310_315#0,tb_310_315#0,bo_307#0,burst_307_316#0,新增,2,1,1,0,4,1,9,307,316,310,315,2025-12-15,63,3,3.563173398467393,159,0.2037330248658917,-0.05632207234940826,3,0,0,3,6,6,0,0,0,0.041851014464463515,8.239999771118164
LION,bb_v1@307-318#bo:bo_307#0|burst:burst_307_318#0|tb:tb_310_315#0,tb_310_315#0,bo_307#0,burst_307_318#0,新增,2,0,1,0,5,1,11,307,318,310,315,2025-12-15,63,4,3.563173398467393,217,0.2037330248658917,-0.05632207234940826,3,0,0,3,6,6,0,0,0,0.041851014464463515,8.239999771118164
LION,bb_v1@307-316#bo:bo_308#0|burst:burst_307_316#0|tb:tb_310_315#1,tb_310_315#1,bo_308#0,burst_307_316#0,新增,2,1,1,0,4,2,8,307,316,310,315,2025-12-15,63,3,3.563173398467393,159,0.2037330248658917,-0.05632207234940826,3,0,0,3,6,6,0,0,0,0.041851014464463515,8.239999771118164
LION,bb_v1@307-318#bo:bo_308#0|burst:burst_307_318#0|tb:tb_310_315#1,tb_310_315#1,bo_308#0,burst_307_318#0,新增,2,0,1,0,5,2,10,307,318,310,315,2025-12-15,63,4,3.563173398467393,217,0.2037330248658917,-0.05632207234940826,3,0,0,3,6,6,0,0,0,0.041851014464463515,8.239999771118164
LION,bb_v1@307-316#bo:bo_313#0|burst:burst_307_316#0|tb:tb_315#0,tb_315#0,bo_313#0,burst_307_316#0,新增,2,1,1,0,4,3,3,307,316,315,315,2025-12-22,63,3,3.563173398467393,159,0.20693786686089988,-0.05622007290589481,1,0,0,0,1,1,0,0,0,0.03845339374594577,8.359999656677246
LION,bb_v1@307-318#bo:bo_313#0|burst:burst_307_318#0|tb:tb_315#0,tb_315#0,bo_313#0,burst_307_318#0,新增,2,0,1,0,5,3,5,307,318,315,315,2025-12-22,63,4,3.563173398467393,217,0.20693786686089988,-0.05622007290589481,1,0,0,0,1,1,0,0,0,0.03845339374594577,8.359999656677246
LION,bb_v1@307-323#bo:bo_316#0|burst:burst_307_316#0|tb:tb_318_323#0,tb_318_323#0,bo_316#0,burst_307_316#0,原有,2,1,1,1,4,4,0,307,316,318,323,2025-12-26,63,3,3.563173398467393,159,0.08743222994157906,-0.1496689772744325,0,0,0,4,4,0,3,0,0,0.04234163221412361,9.3100004196167
LION,bb_v1@307-323#bo:bo_316#0|burst:burst_307_318#0|tb:tb_318_323#0,tb_318_323#0,bo_316#0,burst_307_318#0,原有,2,0,1,1,5,4,2,307,318,318,323,2025-12-26,63,4,3.563173398467393,217,0.08743222994157906,-0.1496689772744325,0,0,0,4,4,0,3,0,0,0.04234163221412361,9.3100004196167
LITB,bb_v1@129-135#bo:bo_129#0|burst:burst_129_131#0|tb:tb_135#0,tb_135#0,bo_129#0,burst_129_131#0,新增,2,1,1,0,2,1,2,129,131,135,135,2025-04-04,109,3,21.22971961540676,74,-0.0134529018534425,-0.5246637068550579,0,1,0,0,1,0,1,0,1,0.09500411066127815,2.2300000190734863
LITB,bb_v1@129-135#bo:bo_129#0|burst:burst_129_132#0|tb:tb_135#0,tb_135#0,bo_129#0,burst_129_132#0,新增,2,0,1,0,3,1,3,129,132,135,135,2025-04-04,109,4,21.22971961540676,84,-0.0134529018534425,-0.5246637068550579,0,1,0,0,1,0,1,0,1,0.09500411066127815,2.2300000190734863
LITB,bb_v1@129-135#bo:bo_131#0|burst:burst_129_131#0|tb:tb_135#1,tb_135#1,bo_131#0,burst_129_131#0,原有,2,1,1,1,2,2,0,129,131,135,135,2025-04-04,109,3,21.22971961540676,74,-0.0134529018534425,-0.5246637068550579,0,1,0,0,1,0,1,0,1,0.09500411066127815,2.2300000190734863
LITB,bb_v1@129-135#bo:bo_131#0|burst:burst_129_132#0|tb:tb_135#1,tb_135#1,bo_131#0,burst_129_132#0,原有,2,0,1,1,3,2,1,129,132,135,135,2025-04-04,109,4,21.22971961540676,84,-0.0134529018534425,-0.5246637068550579,0,1,0,0,1,0,1,0,1,0.09500411066127815,2.2300000190734863
LITB,bb_v1@129-135#bo:bo_132#0|burst:burst_129_132#0|tb:tb_135#2,tb_135#2,bo_132#0,burst_129_132#0,原有,1,1,1,1,3,3,0,129,132,135,135,2025-04-04,109,4,21.22971961540676,84,-0.0134529018534425,-0.5246637068550579,0,1,0,0,1,0,1,0,1,0.09500411066127815,2.2300000190734863
LU,bb_v1@250-258#bo:bo_250#0|burst:burst_250_258#0|tb:tb_254#0,tb_254#0,bo_250#0,burst_250_258#0,新增,1,1,1,0,4,1,8,250,258,254,254,2025-09-25,40,4,3.3247546922142273,249,0.33625733032544836,-0.307017592781076,1,0,0,0,1,1,0,1,0,0.03844430505896233,3.4200000762939453
LU,bb_v1@250-258#bo:bo_251#0|burst:burst_250_258#0|tb:tb_254#1,tb_254#1,bo_251#0,burst_250_258#0,新增,1,1,1,0,4,2,7,250,258,254,254,2025-09-25,40,4,3.3247546922142273,249,0.33625733032544836,-0.307017592781076,1,0,0,0,1,1,0,1,0,0.03844430505896233,3.4200000762939453
LU,bb_v1@250-261#bo:bo_255#0|burst:burst_250_258#0|tb:tb_261#0,tb_261#0,bo_255#0,burst_250_258#0,新增,1,1,1,0,4,3,3,250,258,261,261,2025-10-06,40,4,3.3247546922142273,249,0.0024449270590736205,-0.4205379469094891,0,1,0,0,1,0,1,0,1,0.05423453496769745,4.090000152587891
LU,bb_v1@250-261#bo:bo_258#0|burst:burst_250_258#0|tb:tb_261#1,tb_261#1,bo_258#0,burst_250_258#0,原有,1,1,1,1,4,4,0,250,258,261,261,2025-10-06,40,4,3.3247546922142273,249,0.0024449270590736205,-0.4205379469094891,0,1,0,0,1,0,1,0,1,0.05423453496769745,4.090000152587891
LPSN,bb_v1@70-77#bo:bo_70#0|burst:burst_70_71#0|tb:tb_77#0,tb_77#0,bo_70#0,burst_70_71#0,新增,1,1,1,0,2,1,1,70,71,77,77,2025-01-10,50,3,23.424226270680837,65,0.10563380660057264,-0.40845066512741535,0,1,0,0,1,0,1,0,1,0.09464570218455004,21.299999237060547
LPSN,bb_v1@70-77#bo:bo_71#0|burst:burst_70_71#0|tb:tb_77#1,tb_77#1,bo_71#0,burst_70_71#0,原有,1,1,1,1,2,2,0,70,71,77,77,2025-01-10,50,3,23.424226270680837,65,0.10563380660057264,-0.40845066512741535,0,1,0,0,1,0,1,0,1,0.09464570218455004,21.299999237060547
LPSN,bb_v1@190-198#bo:bo_190#0|burst:burst_190_196#0|tb:tb_198#0,tb_198#0,bo_190#0,burst_190_196#0,新增,1,1,1,0,3,1,6,190,196,198,198,2025-07-08,119,3,4.630965917947572,75,0.32110090993943263,-0.24770642790473152,0,0,0,1,1,0,1,0,0,0.07241156284696687,16.350000381469727
LPSN,bb_v1@190-198#bo:bo_193#0|burst:burst_190_196#0|tb:tb_198#1,tb_198#1,bo_193#0,burst_190_196#0,新增,1,1,1,0,3,2,3,190,196,198,198,2025-07-08,119,3,4.630965917947572,75,0.32110090993943263,-0.24770642790473152,0,0,0,1,1,0,1,0,0,0.07241156284696687,16.350000381469727
LPSN,bb_v1@190-198#bo:bo_196#0|burst:burst_190_196#0|tb:tb_198#2,tb_198#2,bo_196#0,burst_190_196#0,原有,1,1,1,1,3,3,0,190,196,198,198,2025-07-08,119,3,4.630965917947572,75,0.32110090993943263,-0.24770642790473152,0,0,0,1,1,0,1,0,0,0.07241156284696687,16.350000381469727
LRDC,bb_v1@283-297#bo:bo_283#0|burst:burst_283_286#0|tb:tb_295_297#0,tb_295_297#0,bo_283#0,burst_283_286#0,新增,2,1,1,0,2,1,3,283,286,295,297,2025-11-21,57,5,12.96733110012935,233,0.4765225849192467,-0.005296465100138,0,0,0,3,3,3,0,0,0,0.10167308125255572,0.6100000143051147
LRDC,bb_v1@283-297#bo:bo_283#0|burst:burst_283_288#0|tb:tb_295_297#0,tb_295_297#0,bo_283#0,burst_283_288#0,新增,2,0,1,0,3,1,5,283,288,295,297,2025-11-21,57,6,12.96733110012935,255,0.4765225849192467,-0.005296465100138,0,0,0,3,3,3,0,0,0,0.10167308125255572,0.6100000143051147
LRDC,bb_v1@283-297#bo:bo_286#0|burst:burst_283_286#0|tb:tb_295_297#1,tb_295_297#1,bo_286#0,burst_283_286#0,原有,2,1,1,1,2,2,0,283,286,295,297,2025-11-21,57,5,12.96733110012935,233,0.4765225849192467,-0.005296465100138,0,0,0,3,3,3,0,0,0,0.10167308125255572,0.6100000143051147
LRDC,bb_v1@283-297#bo:bo_286#0|burst:burst_283_288#0|tb:tb_295_297#1,tb_295_297#1,bo_286#0,burst_283_288#0,原有,2,0,1,1,3,2,2,283,288,295,297,2025-11-21,57,6,12.96733110012935,255,0.4765225849192467,-0.005296465100138,0,0,0,3,3,3,0,0,0,0.10167308125255572,0.6100000143051147
LRDC,bb_v1@283-297#bo:bo_288#0|burst:burst_283_288#0|tb:tb_295_297#2,tb_295_297#2,bo_288#0,burst_283_288#0,原有,1,1,1,1,3,3,0,283,288,295,297,2025-11-21,57,6,12.96733110012935,255,0.4765225849192467,-0.005296465100138,0,0,0,3,3,3,0,0,0,0.10167308125255572,0.6100000143051147
MATH,bb_v1@158-167#bo:bo_158#0|burst:burst_158_167#0|tb:tb_164_166#0,tb_164_166#0,bo_158#0,burst_158_167#0,新增,1,1,1,0,3,1,9,158,167,164,166,2025-05-16,61,3,5.362982557658924,65,0.7033153629505243,-0.05593567784196485,3,0,0,0,3,3,0,3,0,0.09640327283027571,2.4600000381469727
MATH,bb_v1@158-167#bo:bo_159#0|burst:burst_158_167#0|tb:tb_164_166#1,tb_164_166#1,bo_159#0,burst_158_167#0,新增,1,1,1,0,3,2,8,158,167,164,166,2025-05-16,61,3,5.362982557658924,65,0.7033153629505243,-0.05593567784196485,3,0,0,0,3,3,0,3,0,0.09640327283027571,2.4600000381469727
MATH,bb_v1@158-172#bo:bo_167#0|burst:burst_158_167#0|tb:tb_169_172#0,tb_169_172#0,bo_167#0,burst_158_167#0,原有,1,1,1,1,3,3,0,158,167,169,172,2025-05-23,61,3,5.362982557658924,65,0.43242492669642607,-0.06743984450567941,0,0,0,4,4,3,0,0,0,0.10133929517178857,2.809999942779541
MCFT,bb_v1@234-244#bo:bo_240#0|burst:burst_234_241#0|tb:tb_244#0,tb_244#0,bo_240#0,burst_234_241#0,新增,1,1,1,0,3,2,1,234,241,244,244,2025-09-11,55,3,6.916789862724393,207,-4.3161982728245896e-05,-0.16228453332688786,0,1,0,0,1,0,1,0,0,0.034585496543036984,23.200000762939453
MCFT,bb_v1@234-244#bo:bo_241#0|burst:burst_234_241#0|tb:tb_244#1,tb_244#1,bo_241#0,burst_234_241#0,原有,1,1,1,1,3,3,0,234,241,244,244,2025-09-11,55,3,6.916789862724393,207,-4.3161982728245896e-05,-0.16228453332688786,0,1,0,0,1,0,1,0,0,0.034585496543036984,23.200000762939453
MBAI,bb_v1@246-256#bo:bo_246#0|burst:burst_246#0|tb:tb_254_256#0,tb_254_256#0,bo_246#0,burst_246#0,原有,1,1,1,1,1,1,0,246,246,254,256,2025-09-25,90,4,257.2883624641969,171,0.075484519344499,-0.46666545946078886,0,3,0,0,3,0,3,0,3,0.12011602896989149,2.259999990463257
MIR,bb_v1@154-169#bo:bo_161#0|burst:burst_154_169#0|tb:tb_164_166#0,tb_164_166#0,bo_161#0,burst_154_169#0,新增,2,1,1,0,3,2,8,154,169,164,166,2025-05-16,111,4,8.688854326714797,115,0.27626276020898693,-0.03301649332281731,3,0,0,0,3,3,0,3,0,0.033997173633039585,17.229999542236328
MIR,bb_v1@154-170#bo:bo_161#0|burst:burst_154_170#0|tb:tb_164_166#0,tb_164_166#0,bo_161#0,burst_154_170#0,新增,2,0,1,0,4,2,9,154,170,164,166,2025-05-16,111,4,8.688854326714797,116,0.27626276020898693,-0.03301649332281731,3,0,0,0,3,3,0,3,0,0.033997173633039585,17.229999542236328
MIR,bb_v1@154-178#bo:bo_169#0|burst:burst_154_169#0|tb:tb_174_178#0,tb_174_178#0,bo_169#0,burst_154_169#0,原有,2,1,1,1,3,3,0,154,169,174,178,2025-06-02,111,4,8.688854326714797,115,0.16401982129025078,-0.04868259913626023,4,0,0,1,5,5,0,0,0,0.03170243919174791,19.270000457763672
MIR,bb_v1@154-178#bo:bo_169#0|burst:burst_154_170#0|tb:tb_174_178#0,tb_174_178#0,bo_169#0,burst_154_170#0,原有,2,0,1,1,4,3,1,154,170,174,178,2025-06-02,111,4,8.688854326714797,116,0.16401982129025078,-0.04868259913626023,4,0,0,1,5,5,0,0,0,0.03170243919174791,19.270000457763672
MIR,bb_v1@154-178#bo:bo_170#0|burst:burst_154_170#0|tb:tb_174_178#1,tb_174_178#1,bo_170#0,burst_154_170#0,原有,1,1,1,1,4,4,0,154,170,174,178,2025-06-02,111,4,8.688854326714797,116,0.16401982129025078,-0.04868259913626023,4,0,0,1,5,5,0,0,0,0.03170243919174791,19.270000457763672
MOB,bb_v1@176-187#bo:bo_176#0|burst:burst_176_187#0|tb:tb_182_183#0,tb_182_183#0,bo_176#0,burst_176_187#0,新增,1,1,1,0,3,1,11,176,187,182,183,2025-06-12,126,3,4.9153611974376865,85,0.7942241749608155,-0.0430804019963314,2,0,0,0,2,2,0,0,0,0.14145232073362846,2.440000057220459
MOB,bb_v1@176-187#bo:bo_179#0|burst:burst_176_187#0|tb:tb_182_183#1,tb_182_183#1,bo_179#0,burst_176_187#0,新增,1,1,1,0,3,2,8,176,187,182,183,2025-06-12,126,3,4.9153611974376865,85,0.7942241749608155,-0.0430804019963314,2,0,0,0,2,2,0,0,0,0.14145232073362846,2.440000057220459
MOB,bb_v1@176-191#bo:bo_187#0|burst:burst_176_187#0|tb:tb_191#0,tb_191#0,bo_187#0,burst_176_187#0,原有,1,1,1,1,3,3,0,176,187,191,191,2025-06-26,126,3,4.9153611974376865,85,0.6901409633101498,-0.15140839483595414,0,0,0,1,1,1,0,0,0,0.1423872331059745,2.8399999141693115
MNKD,bb_v1@234-252#bo:bo_237#0|burst:burst_234_237#0|tb:tb_240_252#0,tb_240_252#0,bo_237#0,burst_234_237#0,原有,1,1,1,1,2,2,0,234,237,240,252,2025-09-05,214,3,8.482215771480533,113,0.12419606754268596,-0.12616345044620525,0,0,0,13,13,0,1,0,0,0.045454532113285234,5.539999961853027
METCB,bb_v1@200-213#bo:bo_200#0|burst:burst_200#0|tb:tb_213#0,tb_213#0,bo_200#0,burst_200#0,原有,2,1,1,1,1,1,0,200,200,213,213,2025-07-29,180,3,8.564596503925351,83,0.49389812361630314,-0.10588662362083978,1,0,0,0,1,1,0,0,0,0.09597350517316178,13.45361328125
METCB,bb_v1@200-213#bo:bo_200#0|burst:burst_200_201#0|tb:tb_213#0,tb_213#0,bo_200#0,burst_200_201#0,原有,2,0,1,1,2,1,1,200,201,213,213,2025-07-29,180,4,8.564596503925351,167,0.49389812361630314,-0.10588662362083978,1,0,0,0,1,1,0,0,0,0.09597350517316178,13.45361328125
METCB,bb_v1@200-213#bo:bo_201#0|burst:burst_200_201#0|tb:tb_213#1,tb_213#1,bo_201#0,burst_200_201#0,原有,1,1,1,1,2,2,0,200,201,213,213,2025-07-29,180,4,8.564596503925351,167,0.49389812361630314,-0.10588662362083978,1,0,0,0,1,1,0,0,0,0.09597350517316178,13.45361328125
MDWD,bb_v1@160-166#bo:bo_160#0|burst:burst_160_166#0|tb:tb_163_165#0,tb_163_165#0,bo_160#0,burst_160_166#0,新增,2,1,1,0,3,1,6,160,166,163,165,2025-05-15,81,3,5.532119476268412,78,0.10731979515988499,-0.08973930351570536,0,0,0,3,3,0,0,0,0,0.04196458528806453,19.989999771118164
MDWD,bb_v1@160-170#bo:bo_160#0|burst:burst_160_170#0|tb:tb_163_165#0,tb_163_165#0,bo_160#0,burst_160_170#0,新增,2,0,1,0,4,1,10,160,170,163,165,2025-05-15,81,4,5.532119476268412,78,0.10731979515988499,-0.08973930351570536,0,0,0,3,3,0,0,0,0,0.04196458528806453,19.989999771118164
MDWD,bb_v1@160-166#bo:bo_161#0|burst:burst_160_166#0|tb:tb_163_165#1,tb_163_165#1,bo_161#0,burst_160_166#0,新增,2,1,1,0,3,2,5,160,166,163,165,2025-05-15,81,3,5.532119476268412,78,0.10731979515988499,-0.08973930351570536,0,0,0,3,3,0,0,0,0,0.04196458528806453,19.989999771118164
MDWD,bb_v1@160-170#bo:bo_161#0|burst:burst_160_170#0|tb:tb_163_165#1,tb_163_165#1,bo_161#0,burst_160_170#0,新增,2,0,1,0,4,2,9,160,170,163,165,2025-05-15,81,4,5.532119476268412,78,0.10731979515988499,-0.08973930351570536,0,0,0,3,3,0,0,0,0,0.04196458528806453,19.989999771118164
MDWD,bb_v1@160-169#bo:bo_166#0|burst:burst_160_166#0|tb:tb_168_169#0,tb_168_169#0,bo_166#0,burst_160_166#0,原有,2,1,1,1,3,3,0,160,166,168,169,2025-05-22,81,3,5.532119476268412,78,0.10562568579680864,-0.09113192846063534,0,0,0,2,2,0,0,0,0,0.04196458528806453,20.34000015258789
MDWD,bb_v1@160-170#bo:bo_166#0|burst:burst_160_170#0|tb:tb_168_169#0,tb_168_169#0,bo_166#0,burst_160_170#0,原有,2,0,1,1,4,3,4,160,170,168,169,2025-05-22,81,4,5.532119476268412,78,0.10562568579680864,-0.09113192846063534,0,0,0,2,2,0,0,0,0,0.04196458528806453,20.34000015258789
MDWD,bb_v1@160-180#bo:bo_170#0|burst:burst_160_170#0|tb:tb_172_180#0,tb_172_180#0,bo_170#0,burst_160_170#0,原有,1,1,1,1,4,4,0,160,170,172,180,2025-05-29,81,4,5.532119476268412,78,0.019343022388578237,-0.17559829528697718,0,4,0,5,9,0,7,0,3,0.04401308039277722,21.34000015258789
MGIH,bb_v1@233-247#bo:bo_241#0|burst:burst_233_241#0|tb:tb_247#0,tb_247#0,bo_241#0,burst_233_241#0,原有,1,1,1,1,3,3,0,233,241,247,247,2025-09-16,165,4,1370.7202122527738,148,0.12635375705508123,-0.46570396055437746,0,1,0,0,1,0,1,0,1,0.11722741078028284,2.7699999809265137
MLYS,bb_v1@116-125#bo:bo_122#0|burst:burst_116_122#0|tb:tb_125#0,tb_125#0,bo_122#0,burst_116_122#0,原有,1,1,1,1,2,2,0,116,122,125,125,2025-03-21,82,4,55.720032521269495,88,0.028452846375681684,-0.38115002602111836,0,1,0,0,1,0,1,0,1,0.08574439608946549,16.8700008392334
MTC,bb_v1@283-289#bo:bo_283#0|burst:burst_283#0|tb:tb_287_289#0,tb_287_289#0,bo_283#0,burst_283#0,原有,2,1,1,1,1,1,0,283,283,287,289,2025-11-11,61,3,959.1338804706221,209,0.48437247901862485,-0.23753546775024056,0,0,0,3,3,0,0,0,0,0.1401106714624492,2.4100000858306885
MTC,bb_v1@283-289#bo:bo_283#0|burst:burst_283_284#0|tb:tb_287_289#0,tb_287_289#0,bo_283#0,burst_283_284#0,原有,2,0,1,1,2,1,1,283,284,287,289,2025-11-11,61,4,959.1338804706221,228,0.48437247901862485,-0.23753546775024056,0,0,0,3,3,0,0,0,0,0.1401106714624492,2.4100000858306885
MTC,bb_v1@283-289#bo:bo_284#0|burst:burst_283_284#0|tb:tb_287_289#1,tb_287_289#1,bo_284#0,burst_283_284#0,原有,1,1,1,1,2,2,0,283,284,287,289,2025-11-11,61,4,959.1338804706221,228,0.48437247901862485,-0.23753546775024056,0,0,0,3,3,0,0,0,0,0.1401106714624492,2.4100000858306885
MXC,bb_v1@181-196#bo:bo_181#0|burst:burst_181_185#0|tb:tb_194_196#0,tb_194_196#0,bo_181#0,burst_181_185#0,新增,1,1,1,0,3,1,4,181,185,194,196,2025-07-01,161,3,78.55555555555556,108,0.005066912675586603,-0.14650736548134438,0,0,0,3,3,0,0,0,0,0.09867486418595726,9.100357055664062
MXC,bb_v1@181-196#bo:bo_183#0|burst:burst_181_185#0|tb:tb_194_196#1,tb_194_196#1,bo_183#0,burst_181_185#0,新增,1,1,1,0,3,2,2,181,185,194,196,2025-07-01,161,3,78.55555555555556,108,0.005066912675586603,-0.14650736548134438,0,0,0,3,3,0,0,0,0,0.09867486418595726,9.100357055664062
MXC,bb_v1@181-196#bo:bo_185#0|burst:burst_181_185#0|tb:tb_194_196#2,tb_194_196#2,bo_185#0,burst_181_185#0,原有,1,1,1,1,3,3,0,181,185,194,196,2025-07-01,161,3,78.55555555555556,108,0.005066912675586603,-0.14650736548134438,0,0,0,3,3,0,0,0,0,0.09867486418595726,9.100357055664062
MPU,bb_v1@193-208#bo:bo_193#0|burst:burst_193_196#0|tb:tb_202_208#0,tb_202_208#0,bo_193#0,burst_193_196#0,新增,2,1,1,0,3,1,3,193,196,202,208,2025-07-14,52,3,53.21295202079886,116,1.035835067470846,-0.4314334525798544,6,1,0,0,7,7,0,5,0,0.14963601895642292,2.180000066757202
MPU,bb_v1@193-208#bo:bo_193#0|burst:burst_193_198#0|tb:tb_202_208#0,tb_202_208#0,bo_193#0,burst_193_198#0,新增,2,0,1,0,4,1,5,193,198,202,208,2025-07-14,52,4,53.21295202079886,143,1.035835067470846,-0.4314334525798544,6,1,0,0,7,7,0,5,0,0.14963601895642292,2.180000066757202
MPU,bb_v1@193-208#bo:bo_194#0|burst:burst_193_196#0|tb:tb_202_208#1,tb_202_208#1,bo_194#0,burst_193_196#0,新增,2,1,1,0,3,2,2,193,196,202,208,2025-07-14,52,3,53.21295202079886,116,1.035835067470846,-0.4314334525798544,6,1,0,0,7,7,0,5,0,0.14963601895642292,2.180000066757202
MPU,bb_v1@193-208#bo:bo_194#0|burst:burst_193_198#0|tb:tb_202_208#1,tb_202_208#1,bo_194#0,burst_193_198#0,新增,2,0,1,0,4,2,4,193,198,202,208,2025-07-14,52,4,53.21295202079886,143,1.035835067470846,-0.4314334525798544,6,1,0,0,7,7,0,5,0,0.14963601895642292,2.180000066757202
MPU,bb_v1@193-208#bo:bo_196#0|burst:burst_193_196#0|tb:tb_202_208#2,tb_202_208#2,bo_196#0,burst_193_196#0,原有,2,1,1,1,3,3,0,193,196,202,208,2025-07-14,52,3,53.21295202079886,116,1.035835067470846,-0.4314334525798544,6,1,0,0,7,7,0,5,0,0.14963601895642292,2.180000066757202
MPU,bb_v1@193-208#bo:bo_196#0|burst:burst_193_198#0|tb:tb_202_208#2,tb_202_208#2,bo_196#0,burst_193_198#0,原有,2,0,1,1,4,3,2,193,198,202,208,2025-07-14,52,4,53.21295202079886,143,1.035835067470846,-0.4314334525798544,6,1,0,0,7,7,0,5,0,0.14963601895642292,2.180000066757202
MPU,bb_v1@193-208#bo:bo_198#0|burst:burst_193_198#0|tb:tb_202_208#3,tb_202_208#3,bo_198#0,burst_193_198#0,原有,1,1,1,1,4,4,0,193,198,202,208,2025-07-14,52,4,53.21295202079886,143,1.035835067470846,-0.4314334525798544,6,1,0,0,7,7,0,5,0,0.14963601895642292,2.180000066757202
NIU,bb_v1@223-234#bo:bo_223#0|burst:burst_223_224#0|tb:tb_228_234#0,tb_228_234#0,bo_223#0,burst_223_224#0,新增,1,1,1,0,2,1,1,223,224,228,234,2025-08-19,59,3,3.2973754440894356,95,0.22958942633032917,-0.12389044645016556,0,0,0,7,7,6,1,0,0,0.05435807820122211,4.579999923706055
NIU,bb_v1@223-234#bo:bo_224#0|burst:burst_223_224#0|tb:tb_228_234#1,tb_228_234#1,bo_224#0,burst_223_224#0,原有,1,1,1,1,2,2,0,223,224,228,234,2025-08-19,59,3,3.2973754440894356,95,0.22958942633032917,-0.12389044645016556,0,0,0,7,7,6,1,0,0,0.05435807820122211,4.579999923706055
NDLS,bb_v1@82-91#bo:bo_82#0|burst:burst_82_87#0|tb:tb_90_91#0,tb_90_91#0,bo_82#0,burst_82_87#0,新增,1,1,1,0,3,1,5,82,87,90,91,2025-01-30,62,4,3.324201961877891,63,0.1797830155681598,-0.3151834322174517,0,0,0,2,2,0,0,0,0,0.15368943191997908,11.680000305175781
NDLS,bb_v1@82-91#bo:bo_86#0|burst:burst_82_87#0|tb:tb_90_91#1,tb_90_91#1,bo_86#0,burst_82_87#0,新增,1,1,1,0,3,2,1,82,87,90,91,2025-01-30,62,4,3.324201961877891,63,0.1797830155681598,-0.3151834322174517,0,0,0,2,2,0,0,0,0,0.15368943191997908,11.680000305175781
NDLS,bb_v1@82-91#bo:bo_87#0|burst:burst_82_87#0|tb:tb_90_91#2,tb_90_91#2,bo_87#0,burst_82_87#0,原有,1,1,1,1,3,3,0,82,87,90,91,2025-01-30,62,4,3.324201961877891,63,0.1797830155681598,-0.3151834322174517,0,0,0,2,2,0,0,0,0,0.15368943191997908,11.680000305175781
NOV,bb_v1@277-290#bo:bo_284#0|burst:burst_277_284#0|tb:tb_290#0,tb_290#0,bo_284#0,burst_277_284#0,原有,3,1,1,1,2,2,0,277,284,290,290,2025-11-14,65,3,3.673281804888239,156,0.16439056856764767,-0.0903308708508247,1,0,0,0,1,1,0,0,0,0.03219916357882633,15.436162948608398
NOV,bb_v1@277-290#bo:bo_284#0|burst:burst_277_286#0|tb:tb_290#0,tb_290#0,bo_284#0,burst_277_286#0,原有,3,0,1,1,3,2,2,277,286,290,290,2025-11-14,65,3,3.673281804888239,158,0.16439056856764767,-0.0903308708508247,1,0,0,0,1,1,0,0,0,0.03219916357882633,15.436162948608398
NOV,bb_v1@277-290#bo:bo_284#0|burst:burst_277_287#0|tb:tb_290#0,tb_290#0,bo_284#0,burst_277_287#0,原有,3,0,1,1,4,2,3,277,287,290,290,2025-11-14,65,4,3.673281804888239,158,0.16439056856764767,-0.0903308708508247,1,0,0,0,1,1,0,0,0,0.03219916357882633,15.436162948608398
NOV,bb_v1@277-290#bo:bo_286#0|burst:burst_277_286#0|tb:tb_290#1,tb_290#1,bo_286#0,burst_277_286#0,原有,2,1,1,1,3,3,0,277,286,290,290,2025-11-14,65,3,3.673281804888239,158,0.16439056856764767,-0.0903308708508247,1,0,0,0,1,1,0,0,0,0.03219916357882633,15.436162948608398
NOV,bb_v1@277-290#bo:bo_286#0|burst:burst_277_287#0|tb:tb_290#1,tb_290#1,bo_286#0,burst_277_287#0,原有,2,0,1,1,4,3,1,277,287,290,290,2025-11-14,65,4,3.673281804888239,158,0.16439056856764767,-0.0903308708508247,1,0,0,0,1,1,0,0,0,0.03219916357882633,15.436162948608398
NOV,bb_v1@277-290#bo:bo_287#0|burst:burst_277_287#0|tb:tb_290#2,tb_290#2,bo_287#0,burst_277_287#0,原有,1,1,1,1,4,4,0,277,287,290,290,2025-11-14,65,4,3.673281804888239,158,0.16439056856764767,-0.0903308708508247,1,0,0,0,1,1,0,0,0,0.03219916357882633,15.436162948608398
NPCE,bb_v1@162-169#bo:bo_162#0|burst:burst_162#0|tb:tb_166_169#0,tb_166_169#0,bo_162#0,burst_162#0,原有,1,1,1,1,1,1,0,162,162,166,169,2025-05-20,79,3,3.512389763752466,76,-0.01908922361890497,-0.4993853404794037,0,4,0,0,4,0,4,0,4,0.06027316126999392,17.989999771118164
NBTX,bb_v1@172-182#bo:bo_176#0|burst:burst_172_182#0|tb:tb_178_180#0,tb_178_180#0,bo_176#0,burst_172_182#0,新增,1,1,1,0,5,2,6,172,182,178,180,2025-06-06,76,5,5.126190848039982,158,0.5675572375974491,-0.1189148525753166,3,0,0,0,3,3,0,3,0,0.0468874064470807,4.710000038146973
NBTX,bb_v1@172-182#bo:bo_177#0|burst:burst_172_182#0|tb:tb_180#0,tb_180#0,bo_177#0,burst_172_182#0,新增,1,1,1,0,5,3,5,172,182,180,180,2025-06-10,76,5,5.126190848039982,158,0.5958762728479969,-0.13814434834400346,1,0,0,0,1,1,0,1,0,0.0468874064470807,4.849999904632568
NBTX,bb_v1@172-200#bo:bo_180#0|burst:burst_172_182#0|tb:tb_187_200#0,tb_187_200#0,bo_180#0,burst_172_182#0,新增,1,1,1,0,5,4,2,172,182,187,200,2025-06-20,76,5,5.126190848039982,158,1.1437130995746194,-0.0188894772082494,14,0,0,0,14,14,0,14,0,0.05904436298321805,4.46999979019165
NBTX,bb_v1@172-202#bo:bo_182#0|burst:burst_172_182#0|tb:tb_187_202#0,tb_187_202#0,bo_182#0,burst_172_182#0,原有,1,1,1,1,5,5,0,172,182,187,202,2025-06-20,76,5,5.126190848039982,158,1.1322906227445328,-0.022099555580933218,16,0,0,0,16,16,0,16,0,0.05904436298321805,4.46999979019165
NCL,bb_v1@146-159#bo:bo_146#0|burst:burst_146_149#0|tb:tb_153_159#0,tb_153_159#0,bo_146#0,burst_146_149#0,新增,1,1,1,0,2,1,3,146,149,153,159,2025-05-01,74,6,18.281109489433277,94,2.8097050680829128,-0.602510694191189,7,0,0,0,7,7,0,7,0,0.08365727913928969,24.895999908447266
NCL,bb_v1@146-159#bo:bo_149#0|burst:burst_146_149#0|tb:tb_153_159#1,tb_153_159#1,bo_149#0,burst_146_149#0,原有,1,1,1,1,2,2,0,146,149,153,159,2025-05-01,74,6,18.281109489433277,94,2.8097050680829128,-0.602510694191189,7,0,0,0,7,7,0,7,0,0.08365727913928969,24.895999908447266
NTWK,bb_v1@193-203#bo:bo_193#0|burst:burst_193_198#0|tb:tb_202_203#0,tb_202_203#0,bo_193#0,burst_193_198#0,新增,1,1,1,0,3,1,5,193,198,202,203,2025-07-14,173,3,5.986917887115354,182,0.24357021708711657,0.010989000192372367,1,0,0,1,2,2,0,1,0,0.04328652320034058,3.640000104904175
NTWK,bb_v1@193-203#bo:bo_196#0|burst:burst_193_198#0|tb:tb_202_203#1,tb_202_203#1,bo_196#0,burst_193_198#0,新增,1,1,1,0,3,2,2,193,198,202,203,2025-07-14,173,3,5.986917887115354,182,0.24357021708711657,0.010989000192372367,1,0,0,1,2,2,0,1,0,0.04328652320034058,3.640000104904175
NTWK,bb_v1@193-203#bo:bo_198#0|burst:burst_193_198#0|tb:tb_202_203#2,tb_202_203#2,bo_198#0,burst_193_198#0,原有,1,1,1,1,3,3,0,193,198,202,203,2025-07-14,173,3,5.986917887115354,182,0.24357021708711657,0.010989000192372367,1,0,0,1,2,2,0,1,0,0.04328652320034058,3.640000104904175
NGXXF,bb_v1@167-173#bo:bo_167#0|burst:burst_167_171#0|tb:tb_173#0,tb_173#0,bo_167#0,burst_167_171#0,新增,1,1,1,0,3,1,4,167,171,173,173,2025-05-30,121,3,4.4533210640789695,103,0.265529288397113,-0.06824152806822803,1,0,0,0,1,1,0,1,0,0.028161177050616194,11.430000305175781
NGXXF,bb_v1@167-173#bo:bo_169#0|burst:burst_167_171#0|tb:tb_173#1,tb_173#1,bo_169#0,burst_167_171#0,新增,1,1,1,0,3,2,2,167,171,173,173,2025-05-30,121,3,4.4533210640789695,103,0.265529288397113,-0.06824152806822803,1,0,0,0,1,1,0,1,0,0.028161177050616194,11.430000305175781
NGXXF,bb_v1@167-173#bo:bo_171#0|burst:burst_167_171#0|tb:tb_173#2,tb_173#2,bo_171#0,burst_167_171#0,原有,1,1,1,1,3,3,0,167,171,173,173,2025-05-30,121,3,4.4533210640789695,103,0.265529288397113,-0.06824152806822803,1,0,0,0,1,1,0,1,0,0.028161177050616194,11.430000305175781
NMG,bb_v1@249-260#bo:bo_253#0|burst:burst_249_256#0|tb:tb_260#0,tb_260#0,bo_253#0,burst_249_256#0,新增,1,1,1,0,3,2,3,249,256,260,260,2025-10-03,44,3,5.501756627275631,181,1.1565836534449279,-0.18149466222365296,1,0,0,0,1,1,0,1,0,0.05749878115835956,2.809999942779541
NMG,bb_v1@249-260#bo:bo_256#0|burst:burst_249_256#0|tb:tb_260#1,tb_260#1,bo_256#0,burst_249_256#0,原有,1,1,1,1,3,3,0,249,256,260,260,2025-10-03,44,3,5.501756627275631,181,1.1565836534449279,-0.18149466222365296,1,0,0,0,1,1,0,1,0,0.05749878115835956,2.809999942779541
NRSN,bb_v1@160-164#bo:bo_160#0|burst:burst_160_164#0|tb:tb_163_164#0,tb_163_164#0,bo_160#0,burst_160_164#0,新增,2,1,1,0,3,1,4,160,164,163,164,2025-05-15,95,4,6.3054286624880485,71,1.0165944113010352,-0.05375179626009513,2,0,0,0,2,2,0,2,0,0.06854545182433036,1.2599999904632568
NRSN,bb_v1@160-166#bo:bo_160#0|burst:burst_160_166#0|tb:tb_163_164#0,tb_163_164#0,bo_160#0,burst_160_166#0,新增,2,0,1,0,4,1,6,160,166,163,164,2025-05-15,95,5,6.3054286624880485,101,1.0165944113010352,-0.05375179626009513,2,0,0,0,2,2,0,2,0,0.06854545182433036,1.2599999904632568
NRSN,bb_v1@160-164#bo:bo_161#0|burst:burst_160_164#0|tb:tb_163_164#1,tb_163_164#1,bo_161#0,burst_160_164#0,新增,2,1,1,0,3,2,3,160,164,163,164,2025-05-15,95,4,6.3054286624880485,71,1.0165944113010352,-0.05375179626009513,2,0,0,0,2,2,0,2,0,0.06854545182433036,1.2599999904632568
NRSN,bb_v1@160-166#bo:bo_161#0|burst:burst_160_166#0|tb:tb_163_164#1,tb_163_164#1,bo_161#0,burst_160_166#0,新增,2,0,1,0,4,2,5,160,166,163,164,2025-05-15,95,5,6.3054286624880485,101,1.0165944113010352,-0.05375179626009513,2,0,0,0,2,2,0,2,0,0.06854545182433036,1.2599999904632568
NRSN,bb_v1@160-173#bo:bo_164#0|burst:burst_160_164#0|tb:tb_169_173#0,tb_169_173#0,bo_164#0,burst_160_164#0,原有,2,1,1,1,3,3,0,160,164,169,173,2025-05-23,95,4,6.3054286624880485,71,0.6976534004364691,-0.0415793049805387,5,0,0,0,5,5,0,5,0,0.07451155624553393,1.5199999809265137
NRSN,bb_v1@160-173#bo:bo_164#0|burst:burst_160_166#0|tb:tb_169_173#0,tb_169_173#0,bo_164#0,burst_160_166#0,原有,2,0,1,1,4,3,2,160,166,169,173,2025-05-23,95,5,6.3054286624880485,101,0.6976534004364691,-0.0415793049805387,5,0,0,0,5,5,0,5,0,0.07451155624553393,1.5199999809265137
NRSN,bb_v1@160-173#bo:bo_166#0|burst:burst_160_166#0|tb:tb_169_173#1,tb_169_173#1,bo_166#0,burst_160_166#0,原有,1,1,1,1,4,4,0,160,166,169,173,2025-05-23,95,5,6.3054286624880485,101,0.6976534004364691,-0.0415793049805387,5,0,0,0,5,5,0,5,0,0.07451155624553393,1.5199999809265137
NVA,bb_v1@249-258#bo:bo_249#0|burst:burst_249_258#0|tb:tb_255_257#0,tb_255_257#0,bo_249#0,burst_249_258#0,新增,1,1,1,0,4,1,9,249,258,255,257,2025-09-26,72,4,5.743683913148761,184,4.081355588622675,0.027371470461154956,3,0,0,0,3,3,0,3,0,0.05615036611892267,3.059999942779541
NVA,bb_v1@249-258#bo:bo_250#0|burst:burst_249_258#0|tb:tb_255_257#1,tb_255_257#1,bo_250#0,burst_249_258#0,新增,1,1,1,0,4,2,8,249,258,255,257,2025-09-26,72,4,5.743683913148761,184,4.081355588622675,0.027371470461154956,3,0,0,0,3,3,0,3,0,0.05615036611892267,3.059999942779541
NVA,bb_v1@249-258#bo:bo_252#0|burst:burst_249_258#0|tb:tb_255_257#2,tb_255_257#2,bo_252#0,burst_249_258#0,新增,1,1,1,0,4,3,6,249,258,255,257,2025-09-26,72,4,5.743683913148761,184,4.081355588622675,0.027371470461154956,3,0,0,0,3,3,0,3,0,0.05615036611892267,3.059999942779541
NVA,bb_v1@249-263#bo:bo_258#0|burst:burst_249_258#0|tb:tb_263#0,tb_263#0,bo_258#0,burst_249_258#0,原有,1,1,1,1,4,4,0,249,258,263,263,2025-10-08,72,4,5.743683913148761,184,2.457943936592409,-0.08028892198344806,1,0,0,0,1,1,0,1,0,0.0736966468238727,4.708000183105469
NAUT,bb_v1@254-266#bo:bo_257#0|burst:burst_254_259#0|tb:tb_259_266#0,tb_259_266#0,bo_257#0,burst_254_259#0,新增,1,1,1,0,3,2,2,254,259,259,266,2025-10-02,93,3,3.4889221670036465,63,1.89361895639074,-0.060089680336677734,8,0,0,0,8,8,0,8,0,0.07945155788414243,0.8690000176429749
NAUT,bb_v1@254-264#bo:bo_259#0|burst:burst_254_259#0|tb:tb_262_264#0,tb_262_264#0,bo_259#0,burst_254_259#0,原有,1,1,1,1,3,3,0,254,259,262,264,2025-10-07,93,3,3.4889221670036465,63,1.8570706919136324,-0.07763858971688502,3,0,0,0,3,3,0,3,0,0.07151047908924249,0.8659999966621399
OBIO,bb_v1@265-285#bo:bo_265#0|burst:burst_265_267#0|tb:tb_274_285#0,tb_274_285#0,bo_265#0,burst_265_267#0,新增,2,1,1,0,2,1,2,265,267,274,285,2025-10-23,87,3,3.698067025798485,87,0.4084661697652752,-0.0935760609277193,6,0,0,6,12,12,0,1,0,0.07393762115821627,3.799999952316284
OBIO,bb_v1@265-285#bo:bo_265#0|burst:burst_265_269#0|tb:tb_274_285#0,tb_274_285#0,bo_265#0,burst_265_269#0,新增,2,0,1,0,3,1,4,265,269,274,285,2025-10-23,87,3,3.698067025798485,87,0.4084661697652752,-0.0935760609277193,6,0,0,6,12,12,0,1,0,0.07393762115821627,3.799999952316284
OBIO,bb_v1@265-286#bo:bo_267#0|burst:burst_265_267#0|tb:tb_274_286#0,tb_274_286#0,bo_267#0,burst_265_267#0,原有,2,1,1,1,2,2,0,265,267,274,286,2025-10-23,87,3,3.698067025798485,87,0.41050112511158415,-0.08770065489201836,7,0,0,6,13,13,0,1,0,0.07393762115821627,3.799999952316284
OBIO,bb_v1@265-286#bo:bo_267#0|burst:burst_265_269#0|tb:tb_274_286#0,tb_274_286#0,bo_267#0,burst_265_269#0,原有,2,0,1,1,3,2,2,265,269,274,286,2025-10-23,87,3,3.698067025798485,87,0.41050112511158415,-0.08770065489201836,7,0,0,6,13,13,0,1,0,0.07393762115821627,3.799999952316284
OBIO,bb_v1@265-286#bo:bo_269#0|burst:burst_265_269#0|tb:tb_274_286#1,tb_274_286#1,bo_269#0,burst_265_269#0,原有,1,1,1,1,3,3,0,265,269,274,286,2025-10-23,87,3,3.698067025798485,87,0.41050112511158415,-0.08770065489201836,7,0,0,6,13,13,0,1,0,0.07393762115821627,3.799999952316284
NXTC,bb_v1@261-270#bo:bo_261#0|burst:burst_261_270#0|tb:tb_265#0,tb_265#0,bo_261#0,burst_261_270#0,新增,1,1,1,0,3,1,9,261,270,265,265,2025-10-10,50,5,3.7797250484165734,196,1.3669172248708792,-0.06120301639294423,1,0,0,0,1,1,0,1,0,0.05686039982092769,6.650000095367432
NXTC,bb_v1@261-270#bo:bo_263#0|burst:burst_261_270#0|tb:tb_265#1,tb_265#1,bo_263#0,burst_261_270#0,新增,1,1,1,0,3,2,7,261,270,265,265,2025-10-10,50,5,3.7797250484165734,196,1.3669172248708792,-0.06120301639294423,1,0,0,0,1,1,0,1,0,0.05686039982092769,6.650000095367432
NYXH,bb_v1@72-81#bo:bo_72#0|burst:burst_72_81#0|tb:tb_78_79#0,tb_78_79#0,bo_72#0,burst_72_81#0,新增,1,1,1,0,3,1,9,72,81,78,79,2025-01-13,52,3,3.0261773386372384,67,0.22788239523064724,-0.009910201379478178,0,0,0,2,2,2,0,0,0,0.05018758746486579,9.329999923706055
NYXH,bb_v1@72-100#bo:bo_80#0|burst:burst_72_81#0|tb:tb_86_100#0,tb_86_100#0,bo_80#0,burst_72_81#0,新增,1,1,1,0,3,2,1,72,81,86,100,2025-01-24,52,3,3.0261773386372384,67,0.11509734319149742,-0.3554061663716538,0,12,0,3,15,0,12,0,12,0.053183246183758776,10.8100004196167
NYXH,bb_v1@72-101#bo:bo_81#0|burst:burst_72_81#0|tb:tb_86_101#0,tb_86_101#0,bo_81#0,burst_72_81#0,原有,1,1,1,1,3,3,0,72,81,86,101,2025-01-24,52,3,3.0261773386372384,67,0.11585722663619294,-0.3627516835643766,0,13,0,3,16,0,13,0,13,0.053183246183758776,10.8100004196167
NKTR,bb_v1@189-193#bo:bo_189#0|burst:burst_189#0|tb:tb_193#0,tb_193#0,bo_189#0,burst_189#0,原有,1,1,1,1,1,1,0,189,189,193,193,2025-06-30,169,6,153.59585183393457,168,0.14938082769186756,-0.18653249482823597,0,0,0,1,1,0,0,0,0,0.1483752503020218,25.84000015258789
NMAD,bb_v1@195-215#bo:bo_200#0|burst:burst_195_200#0|tb:tb_203_215#1,tb_203_215#1,bo_200#0,burst_195_200#0,原有,1,1,1,1,2,2,0,195,200,203,215,2025-07-15,103,3,159.03344823014717,107,0.553303005641686,-0.2288421862573053,0,0,0,13,13,1,0,0,0,0.20223515315698912,3.7100000381469727
NNDM,bb_v1@261-264#bo:bo_261#0|burst:burst_261_264#0|tb:tb_263_264#0,tb_263_264#0,bo_261#0,burst_261_264#0,新增,1,1,1,0,3,1,3,261,264,263,264,2025-10-08,193,3,3.04555123784743,115,0.2163908115181019,-0.17562138239364583,1,1,0,0,2,2,0,0,0,0.04072066427855407,1.7100000381469727
NXDT,bb_v1@308-319#bo:bo_310#0|burst:burst_308_312#0|tb:tb_315_319#0,tb_315_319#0,bo_310#0,burst_308_312#0,新增,1,1,1,0,3,2,2,308,312,315,319,2025-12-22,99,3,4.846918947803065,62,0.3331981989598868,-0.14405567064559152,0,0,0,5,5,2,0,0,0,0.08510161616788753,3.6850273609161377
NXDT,bb_v1@308-319#bo:bo_312#0|burst:burst_308_312#0|tb:tb_315_319#1,tb_315_319#1,bo_312#0,burst_308_312#0,原有,1,1,1,1,3,3,0,308,312,315,319,2025-12-22,99,3,4.846918947803065,62,0.3331981989598868,-0.14405567064559152,0,0,0,5,5,2,0,0,0,0.08510161616788753,3.6850273609161377
NVX,bb_v1@260-265#bo:bo_260#0|burst:burst_260_265#0|tb:tb_264#0,tb_264#0,bo_260#0,burst_260_265#0,新增,1,1,1,0,3,1,5,260,265,264,264,2025-10-09,53,4,44.024479992683915,218,0.7829099136759543,-0.5565819882413937,1,0,0,0,1,1,0,1,0,0.09234109692887207,2.1649999618530273
NVX,bb_v1@260-265#bo:bo_262#0|burst:burst_260_265#0|tb:tb_264#1,tb_264#1,bo_262#0,burst_260_265#0,新增,1,1,1,0,3,2,3,260,265,264,264,2025-10-09,53,4,44.024479992683915,218,0.7829099136759543,-0.5565819882413937,1,0,0,0,1,1,0,1,0,0.09234109692887207,2.1649999618530273
NTLA,bb_v1@249-253#bo:bo_251#0|burst:burst_249_251#0|tb:tb_253#0,tb_253#0,bo_251#0,burst_249_251#0,原有,4,1,1,1,2,2,0,249,251,253,253,2025-09-24,41,3,3.573059492538175,200,0.5906531326536255,-0.5382883049781692,1,0,0,0,1,1,0,1,0,0.05719942685456991,17.760000228881836
NTLA,bb_v1@249-258#bo:bo_251#0|burst:burst_249_258#0|tb:tb_253#0,tb_253#0,bo_251#0,burst_249_258#0,原有,4,0,1,1,3,2,7,249,258,253,253,2025-09-24,41,4,3.573059492538175,221,0.5906531326536255,-0.5382883049781692,1,0,0,0,1,1,0,1,0,0.05719942685456991,17.760000228881836
NTLA,bb_v1@249-263#bo:bo_251#0|burst:burst_249_263#0|tb:tb_253#0,tb_253#0,bo_251#0,burst_249_263#0,原有,4,0,1,1,4,2,12,249,263,253,253,2025-09-24,41,5,3.573059492538175,242,0.5906531326536255,-0.5382883049781692,1,0,0,0,1,1,0,1,0,0.05719942685456991,17.760000228881836
NTLA,bb_v1@249-271#bo:bo_251#0|burst:burst_249_271#0|tb:tb_253#0,tb_253#0,bo_251#0,burst_249_271#0,原有,4,0,1,1,5,2,20,249,271,253,253,2025-09-24,41,6,3.573059492538175,242,0.5906531326536255,-0.5382883049781692,1,0,0,0,1,1,0,1,0,0.05719942685456991,17.760000228881836
NTLA,bb_v1@249-262#bo:bo_258#0|burst:burst_249_258#0|tb:tb_261_262#0,tb_261_262#0,bo_258#0,burst_249_258#0,原有,3,1,1,1,3,3,0,249,258,261,262,2025-10-06,41,4,3.573059492538175,221,0.3787294886181384,-0.6120035691489408,2,0,0,0,2,2,0,0,2,0.07316934128554933,20.540000915527344
NTLA,bb_v1@249-263#bo:bo_258#0|burst:burst_249_263#0|tb:tb_261_262#0,tb_261_262#0,bo_258#0,burst_249_263#0,原有,3,0,1,1,4,3,5,249,263,261,262,2025-10-06,41,5,3.573059492538175,242,0.3787294886181384,-0.6120035691489408,2,0,0,0,2,2,0,0,2,0.07316934128554933,20.540000915527344
NTLA,bb_v1@249-271#bo:bo_258#0|burst:burst_249_271#0|tb:tb_261_262#0,tb_261_262#0,bo_258#0,burst_249_271#0,原有,3,0,1,1,5,3,13,249,271,261,262,2025-10-06,41,6,3.573059492538175,242,0.3787294886181384,-0.6120035691489408,2,0,0,0,2,2,0,0,2,0.07316934128554933,20.540000915527344
NTLA,bb_v1@249-270#bo:bo_263#0|burst:burst_249_263#0|tb:tb_267_270#0,tb_267_270#0,bo_263#0,burst_249_263#0,原有,2,1,1,1,4,4,0,249,263,267,270,2025-10-14,41,5,3.573059492538175,242,0.13674421869295994,-0.6801020771046982,0,4,0,0,4,0,4,0,4,0.08673181503068172,23.899999618530273
NTLA,bb_v1@249-271#bo:bo_263#0|burst:burst_249_271#0|tb:tb_267_270#0,tb_267_270#0,bo_263#0,burst_249_271#0,原有,2,0,1,1,5,4,8,249,271,267,270,2025-10-14,41,6,3.573059492538175,242,0.13674421869295994,-0.6801020771046982,0,4,0,0,4,0,4,0,4,0.08673181503068172,23.899999618530273
NTLA,bb_v1@249-275#bo:bo_271#0|burst:burst_249_271#0|tb:tb_274_275#0,tb_274_275#0,bo_271#0,burst_249_271#0,原有,1,1,1,1,5,5,0,249,271,274,275,2025-10-23,41,6,3.573059492538175,242,-0.16375297162729668,-0.6911923855207984,0,2,0,0,2,0,2,0,2,0.08819963427646113,25.889999389648438
PACB,bb_v1@271-280#bo:bo_276#0|burst:burst_271_280#0|tb:tb_278#0,tb_278#0,bo_276#0,burst_271_280#0,新增,1,1,1,0,3,2,4,271,280,278,278,2025-10-29,62,3,3.0201328535271212,204,0.35820897115740125,-0.24378110042866707,0,0,0,1,1,0,1,0,0,0.07930319609763722,2.009999990463257
NVNXF,bb_v1@260-265#bo:bo_260#0|burst:burst_260_265#0|tb:tb_264#0,tb_264#0,bo_260#0,burst_260_265#0,新增,1,1,1,0,2,1,5,260,265,264,264,2025-10-09,53,4,17.218644651393706,217,0.7419999837875366,-0.5419999957084656,1,0,0,0,1,1,0,0,1,0.12745409842196226,0.5
NVNXF,bb_v1@260-268#bo:bo_265#0|burst:burst_260_265#0|tb:tb_267_268#0,tb_267_268#0,bo_265#0,burst_260_265#0,原有,1,1,1,1,2,2,0,260,265,267,268,2025-10-14,53,4,17.218644651393706,217,-0.033520329036946406,-0.6415213093528198,0,2,0,0,2,0,2,0,2,0.14361573361558982,0.6499999761581421
PATH,bb_v1@263-266#bo:bo_263#0|burst:burst_263_264#0|tb:tb_266#0,tb_266#0,bo_263#0,burst_263_264#0,新增,1,1,1,0,2,1,1,263,264,266,266,2025-10-13,114,4,6.087619339380462,208,0.15752630449742577,-0.2791715296268896,0,1,0,0,1,0,1,0,1,0.04892467877957018,17.139999389648438
PATH,bb_v1@263-266#bo:bo_264#0|burst:burst_263_264#0|tb:tb_266#1,tb_266#1,bo_264#0,burst_263_264#0,原有,1,1,1,1,2,2,0,263,264,266,266,2025-10-13,114,4,6.087619339380462,208,0.15752630449742577,-0.2791715296268896,0,1,0,0,1,0,1,0,1,0.04892467877957018,17.139999389648438
PAYS,bb_v1@155-171#bo:bo_158#0|burst:burst_155_171#0|tb:tb_160#0,tb_160#0,bo_158#0,burst_155_171#0,新增,1,1,1,0,5,2,13,155,171,160,160,2025-05-12,135,9,5.325170742526142,152,1.9050845953555902,-0.016949136104436047,1,0,0,0,1,1,0,1,0,0.05534425112857948,2.950000047683716
PAYS,bb_v1@155-171#bo:bo_162#0|burst:burst_155_171#0|tb:tb_165#0,tb_165#0,bo_162#0,burst_155_171#0,新增,1,1,1,0,5,3,9,155,171,165,165,2025-05-19,135,9,5.325170742526142,152,1.3608813841991148,-0.08815431448289701,1,0,0,0,1,1,0,1,0,0.06608717533962896,3.630000114440918
PAYS,bb_v1@155-171#bo:bo_163#0|burst:burst_155_171#0|tb:tb_165#1,tb_165#1,bo_163#0,burst_155_171#0,新增,1,1,1,0,5,4,8,155,171,165,165,2025-05-19,135,9,5.325170742526142,152,1.3608813841991148,-0.08815431448289701,1,0,0,0,1,1,0,1,0,0.06608717533962896,3.630000114440918
PAYS,bb_v1@155-173#bo:bo_171#0|burst:burst_155_171#0|tb:tb_173#0,tb_173#0,bo_171#0,burst_155_171#0,原有,1,1,1,1,5,5,0,155,171,173,173,2025-05-30,135,9,5.325170742526142,152,0.9955057292254901,-0.05393253514718621,1,0,0,0,1,1,0,1,0,0.07550296399043399,4.449999809265137
OMER,bb_v1@261-271#bo:bo_268#0|burst:burst_261_268#0|tb:tb_271#0,tb_271#0,bo_268#0,burst_261_268#0,原有,1,1,1,1,2,2,0,261,268,271,271,2025-10-20,49,4,111.58038632734431,163,0.41939394401781493,-0.24363639137961646,0,1,0,0,1,0,1,1,0,0.06117813178028127,8.25
OMEX,bb_v1@143-152#bo:bo_148#0|burst:burst_143_148#0|tb:tb_151_152#0,tb_151_152#0,bo_148#0,burst_143_148#0,原有,2,1,1,1,2,2,0,143,148,151,152,2025-04-29,123,3,484.9247856573856,74,0.08296142374246207,-0.4870182461429618,0,0,0,2,2,0,2,0,0,0.21800765338610054,1.4500000476837158
OMEX,bb_v1@143-152#bo:bo_148#0|burst:burst_143_149#0|tb:tb_151_152#0,tb_151_152#0,bo_148#0,burst_143_149#0,原有,2,0,1,1,3,2,1,143,149,151,152,2025-04-29,123,4,484.9247856573856,98,0.08296142374246207,-0.4870182461429618,0,0,0,2,2,0,2,0,0,0.21800765338610054,1.4500000476837158
OMEX,bb_v1@143-152#bo:bo_149#0|burst:burst_143_149#0|tb:tb_151_152#1,tb_151_152#1,bo_149#0,burst_143_149#0,原有,1,1,1,1,3,3,0,143,149,151,152,2025-04-29,123,4,484.9247856573856,98,0.08296142374246207,-0.4870182461429618,0,0,0,2,2,0,2,0,0,0.21800765338610054,1.4500000476837158
ONCY,bb_v1@185-196#bo:bo_193#0|burst:burst_185_196#0|tb:tb_195#0,tb_195#0,bo_193#0,burst_185_196#0,新增,2,1,1,0,3,2,3,185,196,195,195,2025-07-02,165,5,3.9297238173366145,111,0.7088607432578284,-0.025316506313829312,1,0,0,0,1,1,0,1,0,0.1120645376064518,0.7900000214576721
ONCY,bb_v1@185-198#bo:bo_193#0|burst:burst_185_198#0|tb:tb_195#0,tb_195#0,bo_193#0,burst_185_198#0,新增,2,0,1,0,4,2,5,185,198,195,195,2025-07-02,165,6,4.241700944014262,130,0.7088607432578284,-0.025316506313829312,1,0,0,0,1,1,0,1,0,0.1120645376064518,0.7900000214576721
ONCY,bb_v1@185-204#bo:bo_196#0|burst:burst_185_196#0|tb:tb_201_204#0,tb_201_204#0,bo_196#0,burst_185_196#0,原有,2,1,1,1,3,3,0,185,196,201,204,2025-07-11,165,5,3.9297238173366145,111,0.19260106316180725,-0.3268506457782361,0,0,0,4,4,0,2,0,0,0.1233107716107561,1.1799999475479126
ONCY,bb_v1@185-204#bo:bo_196#0|burst:burst_185_198#0|tb:tb_201_204#0,tb_201_204#0,bo_196#0,burst_185_198#0,原有,2,0,1,1,4,3,2,185,198,201,204,2025-07-11,165,6,4.241700944014262,130,0.19260106316180725,-0.3268506457782361,0,0,0,4,4,0,2,0,0,0.1233107716107561,1.1799999475479126
ONCY,bb_v1@185-204#bo:bo_198#0|burst:burst_185_198#0|tb:tb_201_204#1,tb_201_204#1,bo_198#0,burst_185_198#0,原有,1,1,1,1,4,4,0,185,198,201,204,2025-07-11,165,6,4.241700944014262,130,0.19260106316180725,-0.3268506457782361,0,0,0,4,4,0,2,0,0,0.1233107716107561,1.1799999475479126
PCSA,bb_v1@261-268#bo:bo_261#0|burst:burst_261_262#0|tb:tb_268#0,tb_268#0,bo_261#0,burst_261_262#0,新增,1,1,1,0,2,1,1,261,262,268,268,2025-10-15,90,5,38.74619819704667,63,0.058536622582412434,-0.42926830198706645,0,1,0,0,1,0,1,0,1,0.10615856473038837,10.25
PCSA,bb_v1@261-268#bo:bo_262#0|burst:burst_261_262#0|tb:tb_268#1,tb_268#1,bo_262#0,burst_261_262#0,原有,1,1,1,1,2,2,0,261,262,268,268,2025-10-15,90,5,38.74619819704667,63,0.058536622582412434,-0.42926830198706645,0,1,0,0,1,0,1,0,1,0.10615856473038837,10.25
PBK,bb_v1@91-107#bo:bo_91#0|burst:burst_91_97#0|tb:tb_104_107#0,tb_104_107#0,bo_91#0,burst_91_97#0,新增,1,1,1,0,3,1,6,91,97,104,107,2025-02-20,71,3,33.3585,90,0.17106716439449676,-0.5125227656839839,0,4,0,0,4,0,4,0,4,0.13387997480764602,4.400000095367432
PBK,bb_v1@91-107#bo:bo_93#0|burst:burst_91_97#0|tb:tb_104_107#1,tb_104_107#1,bo_93#0,burst_91_97#0,新增,1,1,1,0,3,2,4,91,97,104,107,2025-02-20,71,3,33.3585,90,0.17106716439449676,-0.5125227656839839,0,4,0,0,4,0,4,0,4,0.13387997480764602,4.400000095367432
PBK,bb_v1@91-107#bo:bo_97#0|burst:burst_91_97#0|tb:tb_104_107#2,tb_104_107#2,bo_97#0,burst_91_97#0,原有,1,1,1,1,3,3,0,91,97,104,107,2025-02-20,71,3,33.3585,90,0.17106716439449676,-0.5125227656839839,0,4,0,0,4,0,4,0,4,0.13387997480764602,4.400000095367432
PBK,bb_v1@223-232#bo:bo_223#0|burst:burst_223_232#0|tb:tb_230_231#0,tb_230_231#0,bo_223#0,burst_223_232#0,新增,1,1,1,0,4,1,9,223,232,230,231,2025-08-21,126,4,4.630927483623699,81,0.11430206670382914,-0.3620074155620792,0,2,0,0,2,0,2,0,2,0.07439984251992848,2.3499999046325684
PBK,bb_v1@223-232#bo:bo_224#0|burst:burst_223_232#0|tb:tb_230_231#1,tb_230_231#1,bo_224#0,burst_223_232#0,新增,1,1,1,0,4,2,8,223,232,230,231,2025-08-21,126,4,4.630927483623699,81,0.11430206670382914,-0.3620074155620792,0,2,0,0,2,0,2,0,2,0.07439984251992848,2.3499999046325684
PBK,bb_v1@223-232#bo:bo_227#0|burst:burst_223_232#0|tb:tb_230_231#2,tb_230_231#2,bo_227#0,burst_223_232#0,新增,1,1,1,0,4,3,5,223,232,230,231,2025-08-21,126,4,4.630927483623699,81,0.11430206670382914,-0.3620074155620792,0,2,0,0,2,0,2,0,2,0.07439984251992848,2.3499999046325684
PBK,bb_v1@223-245#bo:bo_232#0|burst:burst_223_232#0|tb:tb_239_245#0,tb_239_245#0,bo_232#0,burst_223_232#0,原有,1,1,1,1,4,4,0,223,232,239,245,2025-09-04,126,4,4.630927483623699,81,0.2514379745342074,-0.22251082352950682,0,0,0,7,7,0,0,0,0,0.10695669886409902,1.809999942779541
ORIO,bb_v1@154-170#bo:bo_161#0|burst:burst_154_161#0|tb:tb_164_170#0,tb_164_170#0,bo_161#0,burst_154_161#0,原有,1,1,1,1,2,2,0,154,161,164,170,2025-05-16,134,4,1774.1134653507556,87,1.8027997539504201,-0.15842827299585988,7,0,0,0,7,7,0,7,0,0.11834609953471523,1.2799999713897705
ORMP,bb_v1@249-256#bo:bo_251#0|burst:burst_249_256#0|tb:tb_254_255#0,tb_254_255#0,bo_251#0,burst_249_256#0,新增,1,1,1,0,3,2,5,249,256,254,255,2025-09-25,229,3,4.800257229713929,140,0.13513997812143297,-0.13097348373748585,0,0,0,2,2,1,1,0,0,0.03204482395154967,2.237398386001587
ORMP,bb_v1@249-262#bo:bo_256#0|burst:burst_249_256#0|tb:tb_261_262#0,tb_261_262#0,bo_256#0,burst_249_256#0,原有,1,1,1,1,3,3,0,249,256,261,262,2025-10-06,229,3,4.800257229713929,140,0.21302662812768147,-0.15209850597081287,0,0,0,2,2,0,0,0,0,0.055423495061301634,2.284010887145996
OSCR,bb_v1@157-164#bo:bo_157#0|burst:burst_157_164#0|tb:tb_159#0,tb_159#0,bo_157#0,burst_157_164#0,新增,1,1,1,0,2,1,7,157,164,159,159,2025-05-09,137,3,5.8552072755677065,60,0.3313851475179721,-0.20689659785199777,0,1,0,0,1,0,1,1,0,0.04921327970119703,17.110000610351562
OPTT,bb_v1@205-209#bo:bo_205#0|burst:burst_205#0|tb:tb_209#0,tb_209#0,bo_205#0,burst_205#0,原有,1,1,1,1,1,1,0,205,205,209,209,2025-07-23,50,3,6.75518837495908,84,0.011904821881092875,-0.4404761744261865,0,1,0,0,1,0,1,0,1,0.08248294571637815,0.8399999737739563
OSS,bb_v1@176-184#bo:bo_176#0|burst:burst_176_184#0|tb:tb_178_180#0,tb_178_180#0,bo_176#0,burst_176_184#0,新增,1,1,1,0,4,1,8,176,184,178,180,2025-06-06,79,3,12.520369821495157,79,0.9835516550021367,-0.0175586527342787,3,0,0,0,3,3,0,3,0,0.0711719886432853,3.25
OSS,bb_v1@176-184#bo:bo_178#0|burst:burst_176_184#0|tb:tb_180#0,tb_180#0,bo_178#0,burst_176_184#0,新增,1,1,1,0,4,2,6,176,184,180,180,2025-06-10,79,3,12.520369821495157,79,0.9814241664318157,0.049535629995625774,1,0,0,0,1,1,0,1,0,0.06742261468972235,3.2300000190734863
OSS,bb_v1@176-191#bo:bo_181#0|burst:burst_176_184#0|tb:tb_190_191#0,tb_190_191#0,bo_181#0,burst_176_184#0,新增,1,1,1,0,4,3,3,176,184,190,191,2025-06-25,79,3,12.520369821495157,79,0.6452877382664863,-0.11051631994734146,2,0,0,0,2,2,0,2,0,0.09814887219365953,3.9100000858306885
OSS,bb_v1@176-191#bo:bo_184#0|burst:burst_176_184#0|tb:tb_190_191#1,tb_190_191#1,bo_184#0,burst_176_184#0,原有,1,1,1,1,4,4,0,176,184,190,191,2025-06-25,79,3,12.520369821495157,79,0.6452877382664863,-0.11051631994734146,2,0,0,0,2,2,0,2,0,0.09814887219365953,3.9100000858306885
PALI,bb_v1@207-211#bo:bo_209#0|burst:burst_207_209#0|tb:tb_211#0,tb_211#0,bo_209#0,burst_207_209#0,原有,1,1,1,1,2,2,0,207,209,211,211,2025-07-25,57,4,35.93744305089759,91,0.6379310610603359,-0.5431034597928122,0,0,1,0,1,0,1,0,0,0.0540639144018539,1.159999966621399
PPIH,bb_v1@183-202#bo:bo_183#0|burst:burst_183#0|tb:tb_190_202#0,tb_190_202#0,bo_183#0,burst_183#0,原有,2,1,1,1,1,1,0,183,183,190,202,2025-06-25,131,3,7.8530334728033475,99,0.37801894104515615,-0.10622276011875774,13,0,0,0,13,13,0,5,0,0.047945191162705326,22.25
PPIH,bb_v1@183-202#bo:bo_183#0|burst:burst_183_184#0|tb:tb_190_202#0,tb_190_202#0,bo_183#0,burst_183_184#0,原有,2,0,1,1,2,1,1,183,184,190,202,2025-06-25,131,5,13.621355171874184,130,0.37801894104515615,-0.10622276011875774,13,0,0,0,13,13,0,5,0,0.047945191162705326,22.25
PPIH,bb_v1@183-202#bo:bo_184#0|burst:burst_183_184#0|tb:tb_190_202#1,tb_190_202#1,bo_184#0,burst_183_184#0,原有,1,1,1,1,2,2,0,183,184,190,202,2025-06-25,131,5,13.621355171874184,130,0.37801894104515615,-0.10622276011875774,13,0,0,0,13,13,0,5,0,0.047945191162705326,22.25
PONY,bb_v1@197-208#bo:bo_197#0|burst:burst_197_204#0|tb:tb_203_208#0,tb_203_208#0,bo_197#0,burst_197_204#0,新增,2,1,1,0,2,1,7,197,204,203,208,2025-09-23,145,4,3.4918752552371015,93,0.14494808590206867,-0.4913540589048957,0,6,0,0,6,0,6,0,6,0.05139193241570353,21.34000015258789
PONY,bb_v1@197-210#bo:bo_197#0|burst:burst_197_210#0|tb:tb_203_208#0,tb_203_208#0,bo_197#0,burst_197_210#0,新增,2,0,1,0,3,1,13,197,210,203,208,2025-09-23,145,5,3.4918752552371015,154,0.14494808590206867,-0.4913540589048957,0,6,0,0,6,0,6,0,6,0.05139193241570353,21.34000015258789
PONY,bb_v1@197-209#bo:bo_204#0|burst:burst_197_204#0|tb:tb_207_209#0,tb_207_209#0,bo_204#0,burst_197_204#0,原有,2,1,1,1,2,2,0,197,204,207,209,2025-09-29,145,4,3.4918752552371015,93,0.09580532154495806,-0.5390318245097069,0,3,0,0,3,0,3,0,3,0.06385022023496056,22.719999313354492
PONY,bb_v1@197-210#bo:bo_204#0|burst:burst_197_210#0|tb:tb_207_209#0,tb_207_209#0,bo_204#0,burst_197_210#0,原有,2,0,1,1,3,2,6,197,210,207,209,2025-09-29,145,5,3.4918752552371015,154,0.09580532154495806,-0.5390318245097069,0,3,0,0,3,0,3,0,3,0.06385022023496056,22.719999313354492
PONY,bb_v1@197-215#bo:bo_210#0|burst:burst_197_210#0|tb:tb_214_215#0,tb_214_215#0,bo_210#0,burst_197_210#0,原有,1,1,1,1,3,3,0,197,210,214,215,2025-10-08,145,5,3.4918752552371015,154,0.03443530139690776,-0.5408981933084156,0,2,0,0,2,0,2,0,2,0.07381124800492664,23.459999084472656
PHAT,bb_v1@174-181#bo:bo_174#0|burst:burst_174_178#0|tb:tb_180_181#0,tb_180_181#0,bo_174#0,burst_174_178#0,新增,3,1,1,0,2,1,4,174,178,180,181,2025-06-10,154,6,32.73740424263791,106,0.2526563013769262,-0.15490116610001753,0,0,0,2,2,0,0,0,0,0.09505778313355019,8.970000267028809
PHAT,bb_v1@174-182#bo:bo_174#0|burst:burst_174_182#0|tb:tb_180_181#0,tb_180_181#0,bo_174#0,burst_174_182#0,新增,3,0,1,0,3,1,8,174,182,180,181,2025-06-10,154,8,32.73740424263791,136,0.2526563013769262,-0.15490116610001753,0,0,0,2,2,0,0,0,0,0.09505778313355019,8.970000267028809
PHAT,bb_v1@174-183#bo:bo_174#0|burst:burst_174_183#0|tb:tb_180_181#0,tb_180_181#0,bo_174#0,burst_174_183#0,新增,3,0,1,0,4,1,9,174,183,180,181,2025-06-10,154,8,32.73740424263791,137,0.2526563013769262,-0.15490116610001753,0,0,0,2,2,0,0,0,0,0.09505778313355019,8.970000267028809
PHAT,bb_v1@174-181#bo:bo_178#0|burst:burst_174_178#0|tb:tb_180_181#1,tb_180_181#1,bo_178#0,burst_174_178#0,原有,3,1,1,1,2,2,0,174,178,180,181,2025-06-10,154,6,32.73740424263791,106,0.2526563013769262,-0.15490116610001753,0,0,0,2,2,0,0,0,0,0.09505778313355019,8.970000267028809
PHAT,bb_v1@174-182#bo:bo_178#0|burst:burst_174_182#0|tb:tb_180_181#1,tb_180_181#1,bo_178#0,burst_174_182#0,原有,3,0,1,1,3,2,4,174,182,180,181,2025-06-10,154,8,32.73740424263791,136,0.2526563013769262,-0.15490116610001753,0,0,0,2,2,0,0,0,0,0.09505778313355019,8.970000267028809
PHAT,bb_v1@174-183#bo:bo_178#0|burst:burst_174_183#0|tb:tb_180_181#1,tb_180_181#1,bo_178#0,burst_174_183#0,原有,3,0,1,1,4,2,5,174,183,180,181,2025-06-10,154,8,32.73740424263791,137,0.2526563013769262,-0.15490116610001753,0,0,0,2,2,0,0,0,0,0.09505778313355019,8.970000267028809
PHAT,bb_v1@174-186#bo:bo_182#0|burst:burst_174_182#0|tb:tb_186#0,tb_186#0,bo_182#0,burst_174_182#0,原有,2,1,1,1,3,3,0,174,182,186,186,2025-06-18,154,8,32.73740424263791,136,0.028440406464757206,-0.3018348257024511,0,0,0,1,1,0,1,0,0,0.08995108060620491,10.899999618530273
PHAT,bb_v1@174-186#bo:bo_182#0|burst:burst_174_183#0|tb:tb_186#0,tb_186#0,bo_182#0,burst_174_183#0,原有,2,0,1,1,4,3,1,174,183,186,186,2025-06-18,154,8,32.73740424263791,137,0.028440406464757206,-0.3018348257024511,0,0,0,1,1,0,1,0,0,0.08995108060620491,10.899999618530273
PHAT,bb_v1@174-186#bo:bo_183#0|burst:burst_174_183#0|tb:tb_186#1,tb_186#1,bo_183#0,burst_174_183#0,原有,1,1,1,1,4,4,0,174,183,186,186,2025-06-18,154,8,32.73740424263791,137,0.028440406464757206,-0.3018348257024511,0,0,0,1,1,0,1,0,0,0.08995108060620491,10.899999618530273
PEPG,bb_v1@241-252#bo:bo_247#0|burst:burst_241_247#0|tb:tb_249_252#0,tb_249_252#0,bo_247#0,burst_241_247#0,原有,2,1,1,1,2,2,0,241,247,249,252,2025-09-18,221,3,9.365042982607038,101,2.176717977405804,-0.05075549264203502,4,0,0,0,4,4,0,4,0,0.0915549256919613,2.049999952316284
PEPG,bb_v1@241-254#bo:bo_247#0|burst:burst_241_254#0|tb:tb_249_252#0,tb_249_252#0,bo_247#0,burst_241_254#0,原有,2,0,1,1,3,2,7,241,254,249,252,2025-09-18,221,6,129.23774620727653,185,2.176717977405804,-0.05075549264203502,4,0,0,0,4,4,0,4,0,0.0915549256919613,2.049999952316284
PEPG,bb_v1@241-265#bo:bo_254#0|burst:burst_241_254#0|tb:tb_258_265#0,tb_258_265#0,bo_254#0,burst_241_254#0,原有,1,1,1,1,3,3,0,241,254,258,265,2025-10-01,221,6,129.23774620727653,185,0.35118141582726564,-0.1770347375119225,0,0,0,8,8,0,0,0,0,0.14374607342195056,4.710000038146973
PLBY,bb_v1@296-303#bo:bo_296#0|burst:burst_296_303#0|tb:tb_302#0,tb_302#0,bo_296#0,burst_296_303#0,新增,2,1,1,0,2,1,7,296,303,302,302,2025-12-03,87,4,9.04581089598284,94,0.3675675344780647,-0.19999999999999996,1,0,0,0,1,1,0,0,0,0.06409601670640333,1.850000023841858
PLBY,bb_v1@296-305#bo:bo_296#0|burst:burst_296_305#0|tb:tb_302#0,tb_302#0,bo_296#0,burst_296_305#0,新增,2,0,1,0,3,1,9,296,305,302,302,2025-12-03,87,6,9.470082141226722,214,0.3675675344780647,-0.19999999999999996,1,0,0,0,1,1,0,0,0,0.06409601670640333,1.850000023841858
PLBY,bb_v1@296-308#bo:bo_303#0|burst:burst_296_303#0|tb:tb_308#0,tb_308#0,bo_303#0,burst_296_303#0,原有,2,1,1,1,2,2,0,296,303,308,308,2025-12-11,87,4,9.04581089598284,94,0.14253396008290498,-0.3371040687370461,0,1,0,0,1,0,1,0,1,0.0790865336530612,2.2100000381469727
PLBY,bb_v1@296-308#bo:bo_303#0|burst:burst_296_305#0|tb:tb_308#0,tb_308#0,bo_303#0,burst_296_305#0,原有,2,0,1,1,3,2,2,296,305,308,308,2025-12-11,87,6,9.470082141226722,214,0.14253396008290498,-0.3371040687370461,0,1,0,0,1,0,1,0,1,0.0790865336530612,2.2100000381469727
PLBY,bb_v1@296-308#bo:bo_305#0|burst:burst_296_305#0|tb:tb_308#1,tb_308#1,bo_305#0,burst_296_305#0,原有,1,1,1,1,3,3,0,296,305,308,308,2025-12-11,87,6,9.470082141226722,214,0.14253396008290498,-0.3371040687370461,0,1,0,0,1,0,1,0,1,0.0790865336530612,2.2100000381469727
PYPD,bb_v1@178-185#bo:bo_178#0|burst:burst_178_180#0|tb:tb_180_185#0,tb_180_185#0,bo_178#0,burst_178_180#0,新增,2,1,1,0,3,1,2,178,180,180,185,2025-06-10,158,3,649.5734565548781,93,0.1178023014473382,-0.12233940780261864,0,0,0,6,6,0,0,0,0,0.09014442107044618,3.5
PYPD,bb_v1@178-185#bo:bo_178#0|burst:burst_178_184#0|tb:tb_180_185#0,tb_180_185#0,bo_178#0,burst_178_184#0,新增,2,0,1,0,4,1,6,178,184,180,185,2025-06-10,158,3,649.5734565548781,97,0.1178023014473382,-0.12233940780261864,0,0,0,6,6,0,0,0,0,0.09014442107044618,3.5
PYPD,bb_v1@178-185#bo:bo_179#0|burst:burst_178_180#0|tb:tb_184_185#0,tb_184_185#0,bo_179#0,burst_178_180#0,新增,2,1,1,0,3,2,1,178,180,184,185,2025-06-16,158,3,649.5734565548781,93,0.08652192755570742,-0.1468997002965034,0,0,0,2,2,0,0,0,0,0.08030540334559472,3.6700000762939453
PYPD,bb_v1@178-185#bo:bo_179#0|burst:burst_178_184#0|tb:tb_184_185#0,tb_184_185#0,bo_179#0,burst_178_184#0,新增,2,0,1,0,4,2,5,178,184,184,185,2025-06-16,158,3,649.5734565548781,97,0.08652192755570742,-0.1468997002965034,0,0,0,2,2,0,0,0,0,0.08030540334559472,3.6700000762939453
PYPD,bb_v1@178-185#bo:bo_180#0|burst:burst_178_180#0|tb:tb_184_185#1,tb_184_185#1,bo_180#0,burst_178_180#0,原有,2,1,1,1,3,3,0,178,180,184,185,2025-06-16,158,3,649.5734565548781,93,0.08652192755570742,-0.1468997002965034,0,0,0,2,2,0,0,0,0,0.08030540334559472,3.6700000762939453
PYPD,bb_v1@178-185#bo:bo_180#0|burst:burst_178_184#0|tb:tb_184_185#1,tb_184_185#1,bo_180#0,burst_178_184#0,原有,2,0,1,1,4,3,4,178,184,184,185,2025-06-16,158,3,649.5734565548781,97,0.08652192755570742,-0.1468997002965034,0,0,0,2,2,0,0,0,0,0.08030540334559472,3.6700000762939453
PYPD,bb_v1@178-191#bo:bo_184#0|burst:burst_178_184#0|tb:tb_190_191#0,tb_190_191#0,bo_184#0,burst_178_184#0,原有,1,1,1,1,4,4,0,178,184,190,191,2025-06-25,158,3,649.5734565548781,97,0.06881669196922935,-0.1608012529500471,0,0,0,2,2,0,0,0,0,0.0798799574535391,3.740000009536743
PYPD,bb_v1@299-308#bo:bo_305#0|burst:burst_299_305#0|tb:tb_307_308#0,tb_307_308#0,bo_305#0,burst_299_305#0,原有,1,1,1,1,2,2,0,299,305,307,308,2025-12-10,95,3,4.992404606820077,126,0.28162000225933126,-0.026269129947120662,2,0,0,0,2,2,0,2,0,0.033467228382442836,4.010000228881836
QZMRF,bb_v1@142-148#bo:bo_142#0|burst:burst_142_148#0|tb:tb_146_147#0,tb_146_147#0,bo_142#0,burst_142_148#0,新增,1,1,1,0,3,1,6,142,148,146,147,2025-04-22,41,4,3.0574916606648723,127,0.06314928952323762,-0.3693182007854949,0,2,0,0,2,1,1,0,2,0.009090900224102623,0.550000011920929
QZMRF,bb_v1@142-148#bo:bo_144#0|burst:burst_142_148#0|tb:tb_146_147#1,tb_146_147#1,bo_144#0,burst_142_148#0,新增,1,1,1,0,3,2,4,142,148,146,147,2025-04-22,41,4,3.0574916606648723,127,0.06314928952323762,-0.3693182007854949,0,2,0,0,2,1,1,0,2,0.009090900224102623,0.550000011920929
PRE,bb_v1@241-257#bo:bo_248#0|burst:burst_241_251#0|tb:tb_255_257#0,tb_255_257#0,bo_248#0,burst_241_251#0,新增,1,1,1,0,3,2,3,241,251,255,257,2025-09-26,77,3,4.790721237168378,83,0.3691947884104106,-0.1350250886671737,0,0,0,3,3,2,0,0,0,0.08782224579658648,12.569999694824219
PRE,bb_v1@241-257#bo:bo_251#0|burst:burst_241_251#0|tb:tb_255_257#1,tb_255_257#1,bo_251#0,burst_241_251#0,原有,1,1,1,1,3,3,0,241,251,255,257,2025-09-26,77,3,4.790721237168378,83,0.3691947884104106,-0.1350250886671737,0,0,0,3,3,2,0,0,0,0.08782224579658648,12.569999694824219
QTTB,bb_v1@258-271#bo:bo_261#0|burst:burst_258_266#0|tb:tb_271#0,tb_271#0,bo_261#0,burst_258_266#0,新增,1,1,1,0,3,2,5,258,266,271,271,2025-10-20,58,3,4.108929341188303,66,0.9129129223732,-0.42792792341279096,0,1,0,0,1,0,1,0,1,0.07607610357131472,3.3299999237060547
QTTB,bb_v1@258-271#bo:bo_266#0|burst:burst_258_266#0|tb:tb_271#1,tb_271#1,bo_266#0,burst_258_266#0,原有,1,1,1,1,3,3,0,258,266,271,271,2025-10-20,58,3,4.108929341188303,66,0.9129129223732,-0.42792792341279096,0,1,0,0,1,0,1,0,1,0.07607610357131472,3.3299999237060547
QUBT,bb_v1@248-254#bo:bo_248#0|burst:burst_248_250#0|tb:tb_252_254#0,tb_252_254#0,bo_248#0,burst_248_250#0,新增,1,1,1,0,2,1,2,248,250,252,254,2025-09-23,68,4,5.06002988716077,66,0.223231728002837,-0.5483889098462038,0,3,0,0,3,0,3,0,3,0.06803137885755667,21.405000686645508
QUBT,bb_v1@248-254#bo:bo_250#0|burst:burst_248_250#0|tb:tb_252_254#1,tb_252_254#1,bo_250#0,burst_248_250#0,原有,1,1,1,1,2,2,0,248,250,252,254,2025-09-23,68,4,5.06002988716077,66,0.223231728002837,-0.5483889098462038,0,3,0,0,3,0,3,0,3,0.06803137885755667,21.405000686645508
PTN,bb_v1@291-303#bo:bo_291#0|burst:burst_291_292#0|tb:tb_299_303#0,tb_299_303#0,bo_291#0,burst_291_292#0,新增,3,1,1,0,2,1,1,291,292,299,303,2025-11-28,82,3,11.966580976863753,72,0.5881260892288616,-0.29097853815302405,1,0,0,4,5,1,0,0,0,0.1491546310219935,19.540000915527344
PTN,bb_v1@291-303#bo:bo_291#0|burst:burst_291_294#0|tb:tb_299_303#0,tb_299_303#0,bo_291#0,burst_291_294#0,新增,3,0,1,0,3,1,3,291,294,299,303,2025-11-28,82,3,11.966580976863753,74,0.5881260892288616,-0.29097853815302405,1,0,0,4,5,1,0,0,0,0.1491546310219935,19.540000915527344
PTN,bb_v1@291-303#bo:bo_291#0|burst:burst_291_295#0|tb:tb_299_303#0,tb_299_303#0,bo_291#0,burst_291_295#0,新增,3,0,1,0,4,1,4,291,295,299,303,2025-11-28,82,4,70.14973262032085,85,0.5881260892288616,-0.29097853815302405,1,0,0,4,5,1,0,0,0,0.1491546310219935,19.540000915527344
PTN,bb_v1@291-303#bo:bo_292#0|burst:burst_291_292#0|tb:tb_299_303#1,tb_299_303#1,bo_292#0,burst_291_292#0,原有,3,1,1,1,2,2,0,291,292,299,303,2025-11-28,82,3,11.966580976863753,72,0.5881260892288616,-0.29097853815302405,1,0,0,4,5,1,0,0,0,0.1491546310219935,19.540000915527344
PTN,bb_v1@291-303#bo:bo_292#0|burst:burst_291_294#0|tb:tb_299_303#1,tb_299_303#1,bo_292#0,burst_291_294#0,原有,3,0,1,1,3,2,2,291,294,299,303,2025-11-28,82,3,11.966580976863753,74,0.5881260892288616,-0.29097853815302405,1,0,0,4,5,1,0,0,0,0.1491546310219935,19.540000915527344
PTN,bb_v1@291-303#bo:bo_292#0|burst:burst_291_295#0|tb:tb_299_303#1,tb_299_303#1,bo_292#0,burst_291_295#0,原有,3,0,1,1,4,2,3,291,295,299,303,2025-11-28,82,4,70.14973262032085,85,0.5881260892288616,-0.29097853815302405,1,0,0,4,5,1,0,0,0,0.1491546310219935,19.540000915527344
PTN,bb_v1@291-303#bo:bo_294#0|burst:burst_291_294#0|tb:tb_299_303#2,tb_299_303#2,bo_294#0,burst_291_294#0,原有,2,1,1,1,3,3,0,291,294,299,303,2025-11-28,82,3,11.966580976863753,74,0.5881260892288616,-0.29097853815302405,1,0,0,4,5,1,0,0,0,0.1491546310219935,19.540000915527344
PTN,bb_v1@291-303#bo:bo_294#0|burst:burst_291_295#0|tb:tb_299_303#2,tb_299_303#2,bo_294#0,burst_291_295#0,原有,2,0,1,1,4,3,1,291,295,299,303,2025-11-28,82,4,70.14973262032085,85,0.5881260892288616,-0.29097853815302405,1,0,0,4,5,1,0,0,0,0.1491546310219935,19.540000915527344
PTN,bb_v1@291-303#bo:bo_295#0|burst:burst_291_295#0|tb:tb_299_303#3,tb_299_303#3,bo_295#0,burst_291_295#0,原有,1,1,1,1,4,4,0,291,295,299,303,2025-11-28,82,4,70.14973262032085,85,0.5881260892288616,-0.29097853815302405,1,0,0,4,5,1,0,0,0,0.1491546310219935,19.540000915527344
PUMP,bb_v1@274-281#bo:bo_276#0|burst:burst_274_278#0|tb:tb_281#0,tb_281#0,bo_276#0,burst_274_278#0,新增,1,1,1,0,3,2,2,274,278,281,281,2025-11-03,89,5,9.454508295601212,173,0.06392692433408498,-0.19726026347365466,0,0,0,1,1,0,0,0,0,0.06562408313253923,10.949999809265137
PUMP,bb_v1@274-281#bo:bo_278#0|burst:burst_274_278#0|tb:tb_281#1,tb_281#1,bo_278#0,burst_274_278#0,原有,1,1,1,1,3,3,0,274,278,281,281,2025-11-03,89,5,9.454508295601212,173,0.06392692433408498,-0.19726026347365466,0,0,0,1,1,0,0,0,0,0.06562408313253923,10.949999809265137
PSRHF,bb_v1@258-276#bo:bo_266#0|burst:burst_258_266#0|tb:tb_270_276#0,tb_270_276#0,bo_266#0,burst_258_266#0,原有,1,1,1,1,2,2,0,258,266,270,276,2025-10-17,93,6,18.77270686896509,198,0.04108678367576663,-0.4705906341146112,0,7,0,0,7,0,7,0,5,0.12383303056961154,0.7329000234603882
REEMF,bb_v1@85-88#bo:bo_85#0|burst:burst_85#0|tb:tb_88#0,tb_88#0,bo_85#0,burst_85#0,原有,1,1,1,1,1,1,0,85,85,88,88,2025-01-28,65,3,3.2901783963928644,73,1.2115384968074836,0.0,1,0,0,0,1,1,0,1,0,0.0733452535847332,0.5199999809265137
REEMF,bb_v1@265-271#bo:bo_265#0|burst:burst_265#0|tb:tb_270_271#0,tb_270_271#0,bo_265#0,burst_265#0,原有,1,1,1,1,1,1,0,265,265,270,271,2025-10-17,43,3,5.395664183251242,121,0.06916890303813872,-0.4067836772941021,0,2,0,0,2,0,2,0,0,0.11904767367061589,1.4299999475479126
RENT,bb_v1@297-311#bo:bo_297#0|burst:burst_297_311#0|tb:tb_300#0,tb_300#0,bo_297#0,burst_297_311#0,新增,1,1,1,0,3,1,14,297,311,300,300,2025-12-01,56,4,11.10157848582286,67,1.0800822079029642,-0.06960980620044976,1,0,0,0,1,1,0,1,0,0.05560237159360026,4.869999885559082
RENT,bb_v1@297-320#bo:bo_305#0|burst:burst_297_311#0|tb:tb_316_320#0,tb_316_320#0,bo_305#0,burst_297_311#0,新增,1,1,1,0,3,2,6,297,311,316,320,2025-12-23,56,4,11.10157848582286,67,0.19841167977728924,-0.32922070690975447,0,5,0,0,5,0,5,0,1,0.08401242938072523,8.380000114440918
RENT,bb_v1@297-320#bo:bo_311#0|burst:burst_297_311#0|tb:tb_316_320#1,tb_316_320#1,bo_311#0,burst_297_311#0,原有,1,1,1,1,3,3,0,297,311,316,320,2025-12-23,56,4,11.10157848582286,67,0.19841167977728924,-0.32922070690975447,0,5,0,0,5,0,5,0,1,0.08401242938072523,8.380000114440918
RERE,bb_v1@189-197#bo:bo_189#0|burst:burst_189_197#0|tb:tb_194_196#0,tb_194_196#0,bo_189#0,burst_189_197#0,新增,1,1,1,0,2,1,8,189,197,194,196,2025-07-01,76,3,5.901066666666667,141,0.42949557420488027,-0.10982722988248954,3,0,0,0,3,3,0,3,0,0.05550985517404461,3.2839818000793457
RERE,bb_v1@189-200#bo:bo_197#0|burst:burst_189_197#0|tb:tb_200#0,tb_200#0,bo_197#0,burst_189_197#0,原有,1,1,1,1,2,2,0,189,197,200,200,2025-07-10,76,3,5.901066666666667,141,0.3396738053092858,-0.16576087128541594,1,0,0,0,1,1,0,0,0,0.06457681058999712,3.5967421531677246
QNME,bb_v1@236-243#bo:bo_236#0|burst:burst_236#0|tb:tb_241_243#0,tb_241_243#0,bo_236#0,burst_236#0,原有,1,1,1,1,1,1,0,236,236,241,243,2025-09-08,190,4,355.66363636363633,65,0.42014478528826965,-0.1293159917348552,3,0,0,0,3,3,0,3,0,0.06453484882529643,1.2100000381469727
RAIL,bb_v1@316-319#bo:bo_316#0|burst:burst_316#0|tb:tb_319#0,tb_319#0,bo_316#0,burst_316#0,原有,1,1,1,1,1,1,0,316,316,319,319,2025-12-29,119,3,4.660485157995532,65,0.2800686579942935,-0.10309284600904922,1,0,0,0,1,1,0,1,0,0.04374251601089239,11.640000343322754
RKDA,bb_v1@263-270#bo:bo_268#0|burst:burst_263_268#0|tb:tb_270#0,tb_270#0,bo_268#0,burst_263_268#0,原有,1,1,1,1,2,2,0,263,268,270,270,2025-10-17,85,5,766.3165128607893,184,-0.045802906322469084,-0.3642335847721184,0,1,0,0,1,0,1,0,1,0.07332426639211126,5.480000019073486
RKTO,bb_v1@241-246#bo:bo_243#0|burst:burst_241_246#0|tb:tb_245#0,tb_245#0,bo_243#0,burst_241_246#0,新增,1,1,1,0,3,2,3,241,246,245,245,2025-09-12,65,3,3.174269007901052,69,0.32187498626299216,-0.2625000437721604,1,0,0,0,1,1,0,1,0,0.05299385430218684,1.600000023841858
RKTO,bb_v1@241-251#bo:bo_246#0|burst:burst_241_246#0|tb:tb_249_251#0,tb_249_251#0,bo_246#0,burst_241_246#0,原有,1,1,1,1,3,3,0,241,246,249,251,2025-09-18,65,3,3.174269007901052,69,0.12225624144703133,-0.39371680803511544,0,3,0,0,3,0,3,0,3,0.07739175080468905,1.9199999570846558
RSSS,bb_v1@229-240#bo:bo_237#0|burst:burst_229_238#0|tb:tb_240#0,tb_240#0,bo_237#0,burst_229_238#0,新增,1,1,1,0,3,2,1,229,238,240,240,2025-09-05,70,3,3.021097302212792,78,0.24096384590432418,-0.06626507019093375,1,0,0,0,1,1,0,0,0,0.04745295385264217,3.319999933242798
RSSS,bb_v1@229-240#bo:bo_238#0|burst:burst_229_238#0|tb:tb_240#1,tb_240#1,bo_238#0,burst_229_238#0,原有,1,1,1,1,3,3,0,229,238,240,240,2025-09-05,70,3,3.021097302212792,78,0.24096384590432418,-0.06626507019093375,1,0,0,0,1,1,0,0,0,0.04745295385264217,3.319999933242798
RUN,bb_v1@150-166#bo:bo_158#0|burst:burst_150_160#0|tb:tb_166#0,tb_166#0,bo_158#0,burst_150_160#0,新增,2,1,1,0,4,2,2,150,160,166,166,2025-05-20,130,4,3.121701096592739,73,-0.0025996302487313327,-0.5337954824761517,0,1,0,0,1,0,1,0,1,0.06967972700298672,11.539999961853027
RUN,bb_v1@150-166#bo:bo_158#0|burst:burst_150_162#0|tb:tb_166#0,tb_166#0,bo_158#0,burst_150_162#0,新增,2,0,1,0,5,2,4,150,162,166,166,2025-05-20,130,6,3.4276910829723186,113,-0.0025996302487313327,-0.5337954824761517,0,1,0,0,1,0,1,0,1,0.06967972700298672,11.539999961853027
RUN,bb_v1@150-166#bo:bo_159#0|burst:burst_150_160#0|tb:tb_166#1,tb_166#1,bo_159#0,burst_150_160#0,新增,2,1,1,0,4,3,1,150,160,166,166,2025-05-20,130,4,3.121701096592739,73,-0.0025996302487313327,-0.5337954824761517,0,1,0,0,1,0,1,0,1,0.06967972700298672,11.539999961853027
RUN,bb_v1@150-166#bo:bo_159#0|burst:burst_150_162#0|tb:tb_166#1,tb_166#1,bo_159#0,burst_150_162#0,新增,2,0,1,0,5,3,3,150,162,166,166,2025-05-20,130,6,3.4276910829723186,113,-0.0025996302487313327,-0.5337954824761517,0,1,0,0,1,0,1,0,1,0.06967972700298672,11.539999961853027
RUN,bb_v1@150-166#bo:bo_160#0|burst:burst_150_160#0|tb:tb_166#2,tb_166#2,bo_160#0,burst_150_160#0,原有,2,1,1,1,4,4,0,150,160,166,166,2025-05-20,130,4,3.121701096592739,73,-0.0025996302487313327,-0.5337954824761517,0,1,0,0,1,0,1,0,1,0.06967972700298672,11.539999961853027
RUN,bb_v1@150-166#bo:bo_160#0|burst:burst_150_162#0|tb:tb_166#2,tb_166#2,bo_160#0,burst_150_162#0,原有,2,0,1,1,5,4,2,150,162,166,166,2025-05-20,130,6,3.4276910829723186,113,-0.0025996302487313327,-0.5337954824761517,0,1,0,0,1,0,1,0,1,0.06967972700298672,11.539999961853027
RUN,bb_v1@150-166#bo:bo_162#0|burst:burst_150_162#0|tb:tb_166#3,tb_166#3,bo_162#0,burst_150_162#0,原有,1,1,1,1,5,5,0,150,162,166,166,2025-05-20,130,6,3.4276910829723186,113,-0.0025996302487313327,-0.5337954824761517,0,1,0,0,1,0,1,0,1,0.06967972700298672,11.539999961853027
RMCO,bb_v1@143-149#bo:bo_143#0|burst:burst_143_148#0|tb:tb_147_149#0,tb_147_149#0,bo_143#0,burst_143_148#0,新增,1,1,1,0,2,1,5,143,148,147,149,2025-04-23,115,3,10.208882907133244,84,0.04861943212270314,-0.21877138632212764,0,0,0,3,3,0,0,0,0,0.0771635629326191,1.2113475799560547
RGS,bb_v1@241-249#bo:bo_241#0|burst:burst_241_246#0|tb:tb_248_249#0,tb_248_249#0,bo_241#0,burst_241_246#0,新增,1,1,1,0,4,1,5,241,246,248,249,2025-09-17,71,6,4.477300751036879,240,0.10623359453094727,-0.06935903952158406,0,0,0,2,2,0,0,0,0,0.06153847093892936,28.479999542236328
RGS,bb_v1@241-249#bo:bo_243#0|burst:burst_241_246#0|tb:tb_248_249#1,tb_248_249#1,bo_243#0,burst_241_246#0,新增,1,1,1,0,4,2,3,241,246,248,249,2025-09-17,71,6,4.477300751036879,240,0.10623359453094727,-0.06935903952158406,0,0,0,2,2,0,0,0,0,0.06153847093892936,28.479999542236328
RGS,bb_v1@241-249#bo:bo_244#0|burst:burst_241_246#0|tb:tb_248_249#2,tb_248_249#2,bo_244#0,burst_241_246#0,新增,1,1,1,0,4,3,2,241,246,248,249,2025-09-17,71,6,4.477300751036879,240,0.10623359453094727,-0.06935903952158406,0,0,0,2,2,0,0,0,0,0.06153847093892936,28.479999542236328
RGS,bb_v1@241-249#bo:bo_246#0|burst:burst_241_246#0|tb:tb_248_249#3,tb_248_249#3,bo_246#0,burst_241_246#0,原有,1,1,1,1,4,4,0,241,246,248,249,2025-09-17,71,6,4.477300751036879,240,0.10623359453094727,-0.06935903952158406,0,0,0,2,2,0,0,0,0,0.06153847093892936,28.479999542236328
RGTI,bb_v1@154-168#bo:bo_160#0|burst:burst_154_168#0|tb:tb_164_166#0,tb_164_166#0,bo_160#0,burst_154_168#0,新增,1,1,1,0,3,2,8,154,168,164,166,2025-05-16,107,3,3.338161761146991,63,0.43496193992944204,-0.1373119809718296,2,0,0,1,3,3,0,0,0,0.07786975889639311,11.850000381469727
RGTI,bb_v1@154-174#bo:bo_168#0|burst:burst_154_168#0|tb:tb_174#0,tb_174#0,bo_168#0,burst_154_168#0,原有,1,1,1,1,3,3,0,154,168,174,174,2025-06-02,107,3,3.338161761146991,63,0.4184338552197955,-0.1598694944172716,0,0,0,1,1,0,0,0,0,0.11184194169606318,12.260000228881836
SDEV,bb_v1@305-319#bo:bo_305#0|burst:burst_305_311#0|tb:tb_317_319#0,tb_317_319#0,bo_305#0,burst_305_311#0,新增,1,1,1,0,3,1,6,305,311,317,319,2025-12-24,76,3,4.868519031621238,72,3.139446820780689,-0.9381483199831654,3,0,0,0,3,3,0,3,0,0.16738242808271792,23.75
SDEV,bb_v1@305-319#bo:bo_306#0|burst:burst_305_311#0|tb:tb_317_319#1,tb_317_319#1,bo_306#0,burst_305_311#0,新增,1,1,1,0,3,2,5,305,311,317,319,2025-12-24,76,3,4.868519031621238,72,3.139446820780689,-0.9381483199831654,3,0,0,0,3,3,0,3,0,0.16738242808271792,23.75
SDEV,bb_v1@305-319#bo:bo_311#0|burst:burst_305_311#0|tb:tb_317_319#2,tb_317_319#2,bo_311#0,burst_305_311#0,原有,1,1,1,1,3,3,0,305,311,317,319,2025-12-24,76,3,4.868519031621238,72,3.139446820780689,-0.9381483199831654,3,0,0,0,3,3,0,3,0,0.16738242808271792,23.75
SDST,bb_v1@266-271#bo:bo_266#0|burst:burst_266_267#0|tb:tb_270_271#0,tb_270_271#0,bo_266#0,burst_266_267#0,新增,1,1,1,0,2,1,1,266,267,270,271,2025-10-17,105,5,12.342999707819995,93,0.02278863321617297,-0.4215418327956805,0,2,0,0,2,0,2,0,1,0.11813543419944002,5.309999942779541
SDST,bb_v1@266-271#bo:bo_267#0|burst:burst_266_267#0|tb:tb_270_271#1,tb_270_271#1,bo_267#0,burst_266_267#0,原有,1,1,1,1,2,2,0,266,267,270,271,2025-10-17,105,5,12.342999707819995,93,0.02278863321617297,-0.4215418327956805,0,2,0,0,2,0,2,0,1,0.11813543419944002,5.309999942779541
RILY,bb_v1@108-110#bo:bo_108#0|burst:burst_108_110#0|tb:tb_110#0,tb_110#0,bo_108#0,burst_108_110#0,新增,1,1,1,0,2,1,2,108,110,110,110,2025-02-28,88,4,14.322821227178293,61,0.07824726298077267,-0.5821596037430896,0,1,0,0,1,0,1,0,1,0.09799123718896788,6.389999866485596
SIFY,bb_v1@94-102#bo:bo_94#0|burst:burst_94_102#0|tb:tb_99#0,tb_99#0,bo_94#0,burst_94_102#0,新增,1,1,1,0,3,1,8,94,102,99,99,2025-02-12,74,3,3.6159199895508745,79,0.4098764862307096,-0.13580250983520747,1,0,0,0,1,1,0,0,0,0.07598274343251112,4.050000190734863
SIFY,bb_v1@94-102#bo:bo_96#0|burst:burst_94_102#0|tb:tb_99#1,tb_99#1,bo_96#0,burst_94_102#0,新增,1,1,1,0,3,2,6,94,102,99,99,2025-02-12,74,3,3.6159199895508745,79,0.4098764862307096,-0.13580250983520747,1,0,0,0,1,1,0,0,0,0.07598274343251112,4.050000190734863
SIFY,bb_v1@94-122#bo:bo_102#0|burst:burst_94_102#0|tb:tb_108_122#0,tb_108_122#0,bo_102#0,burst_94_102#0,原有,1,1,1,1,3,3,0,94,102,108,122,2025-02-26,74,3,3.6159199895508745,79,0.05183318054223109,-0.25887418842071536,0,0,0,15,15,0,11,0,0,0.0847228349891958,4.800000190734863
SBFM,bb_v1@262-277#bo:bo_267#0|burst:burst_262_268#0|tb:tb_274_277#0,tb_274_277#0,bo_267#0,burst_262_268#0,新增,1,1,1,0,3,2,1,262,268,274,277,2025-10-23,82,3,12.455017301038062,87,0.085315801000512,-0.3355081452964894,0,4,0,0,4,0,4,0,4,0.056474929047325866,18.5
SBFM,bb_v1@262-277#bo:bo_268#0|burst:burst_262_268#0|tb:tb_274_277#1,tb_274_277#1,bo_268#0,burst_262_268#0,原有,1,1,1,1,3,3,0,262,268,274,277,2025-10-23,82,3,12.455017301038062,87,0.085315801000512,-0.3355081452964894,0,4,0,0,4,0,4,0,4,0.056474929047325866,18.5
SBGI,bb_v1@284-288#bo:bo_284#0|burst:burst_284_287#0|tb:tb_288#0,tb_288#0,bo_284#0,burst_284_287#0,新增,3,1,1,0,2,1,3,284,287,288,288,2025-11-12,227,3,3.2317205345228324,213,0.07322924134518516,-0.13087089484769987,0,0,0,1,1,0,1,0,0,0.03160041035469778,15.82875919342041
SBGI,bb_v1@284-288#bo:bo_284#0|burst:burst_284_288#0|tb:tb_288#0,tb_288#0,bo_284#0,burst_284_288#0,新增,3,0,1,0,3,1,4,284,288,288,288,2025-11-12,227,4,3.2317205345228324,213,0.07322924134518516,-0.13087089484769987,0,0,0,1,1,0,1,0,0,0.03160041035469778,15.82875919342041
SBGI,bb_v1@284-291#bo:bo_284#0|burst:burst_284_291#0|tb:tb_288#0,tb_288#0,bo_284#0,burst_284_291#0,新增,3,0,1,0,4,1,7,284,291,288,288,2025-11-12,227,4,3.2317205345228324,217,0.07322924134518516,-0.13087089484769987,0,0,0,1,1,0,1,0,0,0.03160041035469778,15.82875919342041
SCTSF,bb_v1@220-231#bo:bo_224#0|burst:burst_220_231#0|tb:tb_226_230#0,tb_226_230#0,bo_224#0,burst_220_231#0,新增,1,1,1,0,3,2,7,220,231,226,230,2025-08-15,116,3,5.155959447391921,185,0.7511827018334232,-0.013397159294080719,5,0,0,0,5,5,0,5,0,0.0434227707378009,0.8119999766349792
SCTSF,bb_v1@220-247#bo:bo_231#0|burst:burst_220_231#0|tb:tb_246_247#0,tb_246_247#0,bo_231#0,burst_220_231#0,原有,1,1,1,1,3,3,0,220,231,246,247,2025-09-15,116,3,5.155959447391921,185,0.08322654329606283,-0.16403164160925027,0,0,0,2,2,0,0,0,0,0.05672024640811963,1.2799999713897705
SHIM,bb_v1@311-322#bo:bo_318#0|burst:burst_311_318#0|tb:tb_321_322#0,tb_321_322#0,bo_318#0,burst_311_318#0,原有,5,1,1,1,2,2,0,311,318,321,322,2025-12-31,78,3,5.973053892215569,60,0.5321917329502959,-0.017123352543991444,1,0,0,0,1,1,0,1,0,0.06526691434228406,2.9200000762939453
SHIM,bb_v1@311-325#bo:bo_318#0|burst:burst_311_325#0|tb:tb_321_322#0,tb_321_322#0,bo_318#0,burst_311_325#0,原有,5,0,1,1,3,2,7,311,325,321,322,2025-12-31,78,4,5.973053892215569,82,0.5321917329502959,-0.017123352543991444,1,0,0,0,1,1,0,1,0,0.06526691434228406,2.9200000762939453
SHIM,bb_v1@311-326#bo:bo_318#0|burst:burst_311_326#0|tb:tb_321_322#0,tb_321_322#0,bo_318#0,burst_311_326#0,原有,5,0,1,1,4,2,8,311,326,321,322,2025-12-31,78,5,5.973053892215569,92,0.5321917329502959,-0.017123352543991444,1,0,0,0,1,1,0,1,0,0.06526691434228406,2.9200000762939453
SHIM,bb_v1@311-334#bo:bo_318#0|burst:burst_311_334#0|tb:tb_321_322#0,tb_321_322#0,bo_318#0,burst_311_334#0,原有,5,0,1,1,5,2,16,311,334,321,322,2025-12-31,78,6,5.973053892215569,282,0.5321917329502959,-0.017123352543991444,1,0,0,0,1,1,0,1,0,0.06526691434228406,2.9200000762939453
SHIM,bb_v1@311-342#bo:bo_318#0|burst:burst_311_342#0|tb:tb_321_322#0,tb_321_322#0,bo_318#0,burst_311_342#0,原有,5,0,1,1,6,2,24,311,342,321,322,2025-12-31,78,7,5.973053892215569,282,0.5321917329502959,-0.017123352543991444,1,0,0,0,1,1,0,1,0,0.06526691434228406,2.9200000762939453
SPPL,bb_v1@243-252#bo:bo_243#0|burst:burst_243_252#0|tb:tb_247_248#0,tb_247_248#0,bo_243#0,burst_243_252#0,新增,1,1,1,0,4,1,9,243,252,247,248,2025-09-16,43,5,5.7735950044603035,154,0.5320881443103854,0.006357760447898042,2,0,0,0,2,2,0,2,0,0.071387035958734,4.5
SPPL,bb_v1@243-252#bo:bo_244#0|burst:burst_243_252#0|tb:tb_247_248#1,tb_247_248#1,bo_244#0,burst_243_252#0,新增,1,1,1,0,4,2,8,243,252,247,248,2025-09-16,43,5,5.7735950044603035,154,0.5320881443103854,0.006357760447898042,2,0,0,0,2,2,0,2,0,0.071387035958734,4.5
SPPL,bb_v1@243-252#bo:bo_245#0|burst:burst_243_252#0|tb:tb_247_248#2,tb_247_248#2,bo_245#0,burst_243_252#0,新增,1,1,1,0,4,3,7,243,252,247,248,2025-09-16,43,5,5.7735950044603035,154,0.5320881443103854,0.006357760447898042,2,0,0,0,2,2,0,2,0,0.071387035958734,4.5
SPPL,bb_v1@243-258#bo:bo_252#0|burst:burst_243_252#0|tb:tb_258#0,tb_258#0,bo_252#0,burst_243_252#0,原有,1,1,1,1,4,4,0,243,252,258,258,2025-10-01,43,5,5.7735950044603035,154,0.18443319470899544,-0.38917089876464483,0,1,0,0,1,0,1,0,1,0.07988245367622214,5.909999847412109
SPCE,bb_v1@158-169#bo:bo_164#0|burst:burst_158_164#0|tb:tb_169#0,tb_169#0,bo_164#0,burst_158_164#0,原有,1,1,1,1,2,2,0,158,164,169,169,2025-05-23,138,3,57.591442659349966,61,0.2446236771053627,-0.27956988006840566,0,0,0,1,1,0,1,0,0,0.07888197195643373,3.7200000286102295
SLN,bb_v1@267-275#bo:bo_267#0|burst:burst_267_271#0|tb:tb_274_275#0,tb_274_275#0,bo_267#0,burst_267_271#0,新增,1,1,1,0,4,1,4,267,271,274,275,2025-10-23,68,5,3.008066588900532,68,0.06530466255956036,-0.20273971018887876,0,0,0,2,2,0,0,0,0,0.08361125332308308,7.25
SLN,bb_v1@267-275#bo:bo_268#0|burst:burst_267_271#0|tb:tb_274_275#1,tb_274_275#1,bo_268#0,burst_267_271#0,新增,1,1,1,0,4,2,3,267,271,274,275,2025-10-23,68,5,3.008066588900532,68,0.06530466255956036,-0.20273971018887876,0,0,0,2,2,0,0,0,0,0.08361125332308308,7.25
SLN,bb_v1@267-275#bo:bo_269#0|burst:burst_267_271#0|tb:tb_274_275#2,tb_274_275#2,bo_269#0,burst_267_271#0,新增,1,1,1,0,4,3,2,267,271,274,275,2025-10-23,68,5,3.008066588900532,68,0.06530466255956036,-0.20273971018887876,0,0,0,2,2,0,0,0,0,0.08361125332308308,7.25
SLN,bb_v1@267-275#bo:bo_271#0|burst:burst_267_271#0|tb:tb_274_275#3,tb_274_275#3,bo_271#0,burst_267_271#0,原有,1,1,1,1,4,4,0,267,271,274,275,2025-10-23,68,5,3.008066588900532,68,0.06530466255956036,-0.20273971018887876,0,0,0,2,2,0,0,0,0,0.08361125332308308,7.25
SNOA,bb_v1@117-125#bo:bo_121#0|burst:burst_117_121#0|tb:tb_123_125#0,tb_123_125#0,bo_121#0,burst_117_121#0,原有,1,1,1,1,2,2,0,117,121,123,125,2025-03-19,97,3,72.61944420384967,78,0.22570732404346452,-0.5011656460625673,0,3,0,0,3,0,3,0,3,0.09411819059163945,3.430000066757202
SNT,bb_v1@165-179#bo:bo_173#0|burst:burst_165_173#0|tb:tb_179#0,tb_179#0,bo_173#0,burst_165_173#0,原有,1,1,1,1,2,2,0,165,173,179,179,2025-06-09,60,4,6.9366889500589854,85,0.3090909316097836,-0.03636360258532445,1,0,0,0,1,1,0,0,0,0.057389282212953405,3.8499999046325684
SLNH,bb_v1@243-259#bo:bo_243#0|burst:burst_243_253#0|tb:tb_258_259#0,tb_258_259#0,bo_243#0,burst_243_253#0,新增,1,1,1,0,3,1,10,243,253,258,259,2025-10-01,42,3,24.534985217825035,167,1.0522968034158284,-0.43701585613229293,0,0,0,2,2,2,0,0,0,0.23226255164352527,2.5399999618530273
SLNH,bb_v1@243-259#bo:bo_251#0|burst:burst_243_253#0|tb:tb_258_259#1,tb_258_259#1,bo_251#0,burst_243_253#0,新增,1,1,1,0,3,2,2,243,253,258,259,2025-10-01,42,3,24.534985217825035,167,1.0522968034158284,-0.43701585613229293,0,0,0,2,2,2,0,0,0,0.23226255164352527,2.5399999618530273
SLNH,bb_v1@243-259#bo:bo_253#0|burst:burst_243_253#0|tb:tb_258_259#2,tb_258_259#2,bo_253#0,burst_243_253#0,原有,1,1,1,1,3,3,0,243,253,258,259,2025-10-01,42,3,24.534985217825035,167,1.0522968034158284,-0.43701585613229293,0,0,0,2,2,2,0,0,0,0.23226255164352527,2.5399999618530273
SLNHP,bb_v1@247-250#bo:bo_247#0|burst:burst_247_248#0|tb:tb_250#0,tb_250#0,bo_247#0,burst_247_248#0,新增,1,1,1,0,2,1,1,247,248,250,250,2025-09-19,46,5,22.936217240290496,123,0.9379845534327471,-0.051937991946257145,1,0,0,0,1,1,0,1,0,0.13961940554279473,6.449999809265137
SLNHP,bb_v1@247-250#bo:bo_248#0|burst:burst_247_248#0|tb:tb_250#1,tb_250#1,bo_248#0,burst_247_248#0,原有,1,1,1,1,2,2,0,247,248,250,250,2025-09-19,46,5,22.936217240290496,123,0.9379845534327471,-0.051937991946257145,1,0,0,0,1,1,0,1,0,0.13961940554279473,6.449999809265137
SGMT,bb_v1@177-186#bo:bo_177#0|burst:burst_177_178#0|tb:tb_186#0,tb_186#0,bo_177#0,burst_177_178#0,新增,2,1,1,0,2,1,1,177,178,186,186,2025-06-18,103,3,7.3378845688333545,84,0.620738623471361,0.019886344779005638,1,0,0,0,1,1,0,0,0,0.10835055943534794,7.039999961853027
SGMT,bb_v1@177-186#bo:bo_177#0|burst:burst_177_182#0|tb:tb_186#0,tb_186#0,bo_177#0,burst_177_182#0,新增,2,0,1,0,3,1,5,177,182,186,186,2025-06-18,103,4,8.821864256107618,108,0.620738623471361,0.019886344779005638,1,0,0,0,1,1,0,0,0,0.10835055943534794,7.039999961853027
SGMT,bb_v1@177-186#bo:bo_178#0|burst:burst_177_178#0|tb:tb_186#1,tb_186#1,bo_178#0,burst_177_178#0,原有,2,1,1,1,2,2,0,177,178,186,186,2025-06-18,103,3,7.3378845688333545,84,0.620738623471361,0.019886344779005638,1,0,0,0,1,1,0,0,0,0.10835055943534794,7.039999961853027
SGMT,bb_v1@177-186#bo:bo_178#0|burst:burst_177_182#0|tb:tb_186#1,tb_186#1,bo_178#0,burst_177_182#0,原有,2,0,1,1,3,2,4,177,182,186,186,2025-06-18,103,4,8.821864256107618,108,0.620738623471361,0.019886344779005638,1,0,0,0,1,1,0,0,0,0.10835055943534794,7.039999961853027
SGMT,bb_v1@177-186#bo:bo_182#0|burst:burst_177_182#0|tb:tb_186#2,tb_186#2,bo_182#0,burst_177_182#0,原有,1,1,1,1,3,3,0,177,182,186,186,2025-06-18,103,4,8.821864256107618,108,0.620738623471361,0.019886344779005638,1,0,0,0,1,1,0,0,0,0.10835055943534794,7.039999961853027
SMR,bb_v1@161-169#bo:bo_161#0|burst:burst_161_169#0|tb:tb_165#0,tb_165#0,bo_161#0,burst_161_169#0,新增,2,1,1,0,2,1,8,161,169,165,165,2025-05-19,78,3,6.048026929402253,84,1.0093800790351741,-0.08156606699274138,1,0,0,0,1,1,0,1,0,0.07295218411664643,24.520000457763672
SMR,bb_v1@161-170#bo:bo_161#0|burst:burst_161_170#0|tb:tb_165#0,tb_165#0,bo_161#0,burst_161_170#0,新增,2,0,1,0,3,1,9,161,170,165,165,2025-05-19,78,4,6.048026929402253,120,1.0093800790351741,-0.08156606699274138,1,0,0,0,1,1,0,1,0,0.07295218411664643,24.520000457763672
SMTOY,bb_v1@168-180#bo:bo_168#0|burst:burst_168_174#0|tb:tb_178_180#0,tb_178_180#0,bo_168#0,burst_168_174#0,新增,1,1,1,0,3,1,6,168,174,178,180,2025-06-06,128,3,5.174223647762064,88,0.3013851318606131,-0.0833100841922166,3,0,0,0,3,0,3,3,0,0.020685775329956444,2.59375
SMTOY,bb_v1@168-180#bo:bo_169#0|burst:burst_168_174#0|tb:tb_178_180#1,tb_178_180#1,bo_169#0,burst_168_174#0,新增,1,1,1,0,3,2,5,168,174,178,180,2025-06-06,128,3,5.174223647762064,88,0.3013851318606131,-0.0833100841922166,3,0,0,0,3,0,3,3,0,0.020685775329956444,2.59375
SMTOY,bb_v1@168-180#bo:bo_174#0|burst:burst_168_174#0|tb:tb_178_180#2,tb_178_180#2,bo_174#0,burst_168_174#0,原有,1,1,1,1,3,3,0,168,174,178,180,2025-06-06,128,3,5.174223647762064,88,0.3013851318606131,-0.0833100841922166,3,0,0,0,3,0,3,3,0,0.020685775329956444,2.59375
SUPV,bb_v1@274-283#bo:bo_276#0|burst:burst_274_280#0|tb:tb_283#0,tb_283#0,bo_276#0,burst_274_280#0,新增,1,1,1,0,3,2,4,274,280,283,283,2025-11-05,128,4,7.110847075986948,60,0.001577247918613356,-0.2712934109830788,0,0,0,1,1,0,0,0,0,0.10466212773745057,12.680000305175781
SUPV,bb_v1@274-283#bo:bo_280#0|burst:burst_274_280#0|tb:tb_283#1,tb_283#1,bo_280#0,burst_274_280#0,原有,1,1,1,1,3,3,0,274,280,283,283,2025-11-05,128,4,7.110847075986948,60,0.001577247918613356,-0.2712934109830788,0,0,0,1,1,0,0,0,0,0.10466212773745057,12.680000305175781
SOS,bb_v1@198-201#bo:bo_198#0|burst:burst_198#0|tb:tb_201#0,tb_201#0,bo_198#0,burst_198#0,原有,1,1,1,1,1,1,0,198,198,201,201,2025-07-11,178,4,29.0650835532102,115,0.043274839450884395,-0.8807017592781076,0,1,0,0,1,0,1,0,1,0.06130094651414426,8.550000190734863
SNDX,bb_v1@218-239#bo:bo_225#0|burst:burst_218_225#0|tb:tb_229_239#0,tb_229_239#0,bo_225#0,burst_218_225#0,原有,1,1,1,1,2,2,0,218,225,229,239,2025-08-20,123,3,4.042019824384485,100,0.0732986412177131,-0.15093111233765213,0,1,0,10,11,0,5,0,0,0.055699948043535896,15.739999771118164
SNES,bb_v1@183-201#bo:bo_183#0|burst:burst_183_186#0|tb:tb_195_201#0,tb_195_201#0,bo_183#0,burst_183_186#0,新增,2,1,1,0,3,1,3,183,186,195,201,2025-07-02,123,3,21.957918406681657,89,0.23095817013540287,-0.15154624526991406,0,0,0,7,7,0,0,0,0,0.0884372796210765,5.070000171661377
SNES,bb_v1@183-201#bo:bo_183#0|burst:burst_183_193#0|tb:tb_195_201#0,tb_195_201#0,bo_183#0,burst_183_193#0,新增,2,0,1,0,4,1,10,183,193,195,201,2025-07-02,123,4,21.957918406681657,133,0.23095817013540287,-0.15154624526991406,0,0,0,7,7,0,0,0,0,0.0884372796210765,5.070000171661377
SNES,bb_v1@183-201#bo:bo_185#0|burst:burst_183_186#0|tb:tb_195_201#1,tb_195_201#1,bo_185#0,burst_183_186#0,新增,2,1,1,0,3,2,1,183,186,195,201,2025-07-02,123,3,21.957918406681657,89,0.23095817013540287,-0.15154624526991406,0,0,0,7,7,0,0,0,0,0.0884372796210765,5.070000171661377
SNES,bb_v1@183-201#bo:bo_185#0|burst:burst_183_193#0|tb:tb_195_201#1,tb_195_201#1,bo_185#0,burst_183_193#0,新增,2,0,1,0,4,2,8,183,193,195,201,2025-07-02,123,4,21.957918406681657,133,0.23095817013540287,-0.15154624526991406,0,0,0,7,7,0,0,0,0,0.0884372796210765,5.070000171661377
SNES,bb_v1@183-201#bo:bo_186#0|burst:burst_183_186#0|tb:tb_195_201#2,tb_195_201#2,bo_186#0,burst_183_186#0,原有,2,1,1,1,3,3,0,183,186,195,201,2025-07-02,123,3,21.957918406681657,89,0.23095817013540287,-0.15154624526991406,0,0,0,7,7,0,0,0,0,0.0884372796210765,5.070000171661377
SNES,bb_v1@183-201#bo:bo_186#0|burst:burst_183_193#0|tb:tb_195_201#2,tb_195_201#2,bo_186#0,burst_183_193#0,原有,2,0,1,1,4,3,7,183,193,195,201,2025-07-02,123,4,21.957918406681657,133,0.23095817013540287,-0.15154624526991406,0,0,0,7,7,0,0,0,0,0.0884372796210765,5.070000171661377
SNES,bb_v1@183-201#bo:bo_193#0|burst:burst_183_193#0|tb:tb_195_201#3,tb_195_201#3,bo_193#0,burst_183_193#0,原有,1,1,1,1,4,4,0,183,193,195,201,2025-07-02,123,4,21.957918406681657,133,0.23095817013540287,-0.15154624526991406,0,0,0,7,7,0,0,0,0,0.0884372796210765,5.070000171661377
SYRE,bb_v1@263-275#bo:bo_263#0|burst:burst_263_264#0|tb:tb_274_275#0,tb_274_275#0,bo_263#0,burst_263_264#0,新增,2,1,1,0,2,1,1,263,264,274,275,2025-10-23,88,6,4.9969067872226525,149,0.5446823586158959,-0.07498419966817621,2,0,0,0,2,2,0,2,0,0.05751014275745865,22.3700008392334
SYRE,bb_v1@263-275#bo:bo_263#0|burst:burst_263_268#0|tb:tb_274_275#0,tb_274_275#0,bo_263#0,burst_263_268#0,新增,2,0,1,0,3,1,5,263,268,274,275,2025-10-23,88,6,9.16041291253985,153,0.5446823586158959,-0.07498419966817621,2,0,0,0,2,2,0,2,0,0.05751014275745865,22.3700008392334
SYRE,bb_v1@263-275#bo:bo_264#0|burst:burst_263_264#0|tb:tb_274_275#1,tb_274_275#1,bo_264#0,burst_263_264#0,原有,2,1,1,1,2,2,0,263,264,274,275,2025-10-23,88,6,4.9969067872226525,149,0.5446823586158959,-0.07498419966817621,2,0,0,0,2,2,0,2,0,0.05751014275745865,22.3700008392334
SYRE,bb_v1@263-275#bo:bo_264#0|burst:burst_263_268#0|tb:tb_274_275#1,tb_274_275#1,bo_264#0,burst_263_268#0,原有,2,0,1,1,3,2,4,263,268,274,275,2025-10-23,88,6,9.16041291253985,153,0.5446823586158959,-0.07498419966817621,2,0,0,0,2,2,0,2,0,0.05751014275745865,22.3700008392334
SYRE,bb_v1@263-275#bo:bo_268#0|burst:burst_263_268#0|tb:tb_274_275#2,tb_274_275#2,bo_268#0,burst_263_268#0,原有,1,1,1,1,3,3,0,263,268,274,275,2025-10-23,88,6,9.16041291253985,153,0.5446823586158959,-0.07498419966817621,2,0,0,0,2,2,0,2,0,0.05751014275745865,22.3700008392334
TBLA,bb_v1@283-303#bo:bo_283#0|burst:burst_283_287#0|tb:tb_292_303#0,tb_292_303#0,bo_283#0,burst_283_287#0,新增,1,1,1,0,3,1,4,283,287,292,303,2025-11-18,112,3,5.580790862701712,186,0.16032363785654782,-0.035795770117912545,2,0,0,10,12,12,0,0,0,0.039458604181433876,3.940000057220459
TBLA,bb_v1@283-306#bo:bo_286#0|burst:burst_283_287#0|tb:tb_292_306#0,tb_292_306#0,bo_286#0,burst_283_287#0,新增,1,1,1,0,3,2,1,283,287,292,306,2025-11-18,112,3,5.580790862701712,186,0.1572486562049934,-0.05055099470362683,4,1,0,10,15,14,1,0,1,0.039458604181433876,3.940000057220459
TBLA,bb_v1@283-307#bo:bo_287#0|burst:burst_283_287#0|tb:tb_292_307#0,tb_292_307#0,bo_287#0,burst_283_287#0,原有,1,1,1,1,3,3,0,283,287,292,307,2025-11-18,112,3,5.580790862701712,186,0.1562658196223381,-0.05760347664127996,4,2,0,10,16,15,1,0,2,0.039458604181433876,3.940000057220459
SPWR,bb_v1@142-151#bo:bo_147#0|burst:burst_142_147#0|tb:tb_150_151#0,tb_150_151#0,bo_147#0,burst_142_147#0,原有,2,1,1,1,3,3,0,142,147,150,151,2025-04-28,122,3,4.247798892474404,62,0.06633533853636386,-0.41225606254847635,0,2,0,0,2,0,2,0,0,0.12801991717297279,2.049999952316284
SPWR,bb_v1@142-151#bo:bo_147#0|burst:burst_142_150#0|tb:tb_150_151#0,tb_150_151#0,bo_147#0,burst_142_150#0,原有,2,0,1,1,4,3,3,142,150,150,151,2025-04-28,122,4,4.247798892474404,75,0.06633533853636386,-0.41225606254847635,0,2,0,0,2,0,2,0,0,0.12801991717297279,2.049999952316284
SPWR,bb_v1@142-154#bo:bo_150#0|burst:burst_142_150#0|tb:tb_153_154#0,tb_153_154#0,bo_150#0,burst_142_150#0,原有,1,1,1,1,4,4,0,142,150,153,154,2025-05-01,122,4,4.247798892474404,75,0.12760726620448493,-0.3784841310355095,0,0,0,2,2,0,2,0,0,0.1291784660805898,1.940000057220459
SSGC,bb_v1@174-187#bo:bo_174#0|burst:burst_174_176#0|tb:tb_184_187#0,tb_184_187#0,bo_174#0,burst_174_176#0,新增,1,1,1,0,3,1,2,174,176,184,187,2025-06-16,95,4,7.356208024797658,90,0.04908069854249719,-0.7288659608192158,0,4,0,0,4,0,4,0,4,0.17817696360724544,1.3300000429153442
SSGC,bb_v1@174-187#bo:bo_175#0|burst:burst_174_176#0|tb:tb_184_187#1,tb_184_187#1,bo_175#0,burst_174_176#0,新增,1,1,1,0,3,2,1,174,176,184,187,2025-06-16,95,4,7.356208024797658,90,0.04908069854249719,-0.7288659608192158,0,4,0,0,4,0,4,0,4,0.17817696360724544,1.3300000429153442
SSGC,bb_v1@174-187#bo:bo_176#0|burst:burst_174_176#0|tb:tb_184_187#2,tb_184_187#2,bo_176#0,burst_174_176#0,原有,1,1,1,1,3,3,0,174,176,184,187,2025-06-16,95,4,7.356208024797658,90,0.04908069854249719,-0.7288659608192158,0,4,0,0,4,0,4,0,4,0.17817696360724544,1.3300000429153442
SSP,bb_v1@285-295#bo:bo_285#0|burst:burst_285_291#0|tb:tb_295#0,tb_295#0,bo_285#0,burst_285_291#0,新增,1,1,1,0,4,1,6,285,291,295,295,2025-11-21,85,5,18.022410399786633,91,0.6076215588845584,-0.07524251744032118,1,0,0,0,1,1,0,1,0,0.08193852427427888,3.0977439880371094
SSP,bb_v1@285-295#bo:bo_287#0|burst:burst_285_291#0|tb:tb_295#1,tb_295#1,bo_287#0,burst_285_291#0,新增,1,1,1,0,4,2,4,285,291,295,295,2025-11-21,85,5,18.022410399786633,91,0.6076215588845584,-0.07524251744032118,1,0,0,0,1,1,0,1,0,0.08193852427427888,3.0977439880371094
SSP,bb_v1@285-295#bo:bo_288#0|burst:burst_285_291#0|tb:tb_295#2,tb_295#2,bo_288#0,burst_285_291#0,新增,1,1,1,0,4,3,3,285,291,295,295,2025-11-21,85,5,18.022410399786633,91,0.6076215588845584,-0.07524251744032118,1,0,0,0,1,1,0,1,0,0.08193852427427888,3.0977439880371094
SSP,bb_v1@285-295#bo:bo_291#0|burst:burst_285_291#0|tb:tb_295#3,tb_295#3,bo_291#0,burst_285_291#0,原有,1,1,1,1,4,4,0,285,291,295,295,2025-11-21,85,5,18.022410399786633,91,0.6076215588845584,-0.07524251744032118,1,0,0,0,1,1,0,1,0,0.08193852427427888,3.0977439880371094
STEX,bb_v1@148-158#bo:bo_148#0|burst:burst_148_158#0|tb:tb_152#0,tb_152#0,bo_148#0,burst_148_158#0,新增,4,1,1,0,3,1,10,148,158,152,152,2025-04-30,116,3,8.406085066749457,84,7.543689742885231,0.0,1,0,0,0,1,1,0,1,0,0.16158329706124414,1.0299999713897705
STEX,bb_v1@148-159#bo:bo_148#0|burst:burst_148_159#0|tb:tb_152#0,tb_152#0,bo_148#0,burst_148_159#0,新增,4,0,1,0,4,1,11,148,159,152,152,2025-04-30,116,4,8.406085066749457,99,7.543689742885231,0.0,1,0,0,0,1,1,0,1,0,0.16158329706124414,1.0299999713897705
STEX,bb_v1@148-160#bo:bo_148#0|burst:burst_148_160#0|tb:tb_152#0,tb_152#0,bo_148#0,burst_148_160#0,新增,4,0,1,0,5,1,12,148,160,152,152,2025-04-30,116,5,8.406085066749457,114,7.543689742885231,0.0,1,0,0,0,1,1,0,1,0,0.16158329706124414,1.0299999713897705
STEX,bb_v1@148-161#bo:bo_148#0|burst:burst_148_161#0|tb:tb_152#0,tb_152#0,bo_148#0,burst_148_161#0,新增,4,0,1,0,6,1,13,148,161,152,152,2025-04-30,116,6,8.406085066749457,123,7.543689742885231,0.0,1,0,0,0,1,1,0,1,0,0.16158329706124414,1.0299999713897705
STEX,bb_v1@148-158#bo:bo_154#0|burst:burst_148_158#0|tb:tb_157#0,tb_157#0,bo_154#0,burst_148_158#0,新增,4,1,1,0,3,2,4,148,158,157,157,2025-05-07,116,3,8.406085066749457,84,7.6938772001614755,-0.006802714468455484,1,0,0,0,1,1,0,1,0,0.1700954095121412,1.4700000286102295
STEX,bb_v1@148-159#bo:bo_154#0|burst:burst_148_159#0|tb:tb_157#0,tb_157#0,bo_154#0,burst_148_159#0,新增,4,0,1,0,4,2,5,148,159,157,157,2025-05-07,116,4,8.406085066749457,99,7.6938772001614755,-0.006802714468455484,1,0,0,0,1,1,0,1,0,0.1700954095121412,1.4700000286102295
STEX,bb_v1@148-160#bo:bo_154#0|burst:burst_148_160#0|tb:tb_157#0,tb_157#0,bo_154#0,burst_148_160#0,新增,4,0,1,0,5,2,6,148,160,157,157,2025-05-07,116,5,8.406085066749457,114,7.6938772001614755,-0.006802714468455484,1,0,0,0,1,1,0,1,0,0.1700954095121412,1.4700000286102295
STEX,bb_v1@148-161#bo:bo_154#0|burst:burst_148_161#0|tb:tb_157#0,tb_157#0,bo_154#0,burst_148_161#0,新增,4,0,1,0,6,2,7,148,161,157,157,2025-05-07,116,6,8.406085066749457,123,7.6938772001614755,-0.006802714468455484,1,0,0,0,1,1,0,1,0,0.1700954095121412,1.4700000286102295
STEX,bb_v1@148-166#bo:bo_158#0|burst:burst_148_158#0|tb:tb_164_166#0,tb_164_166#0,bo_158#0,burst_148_158#0,原有,4,1,1,1,3,3,0,148,158,164,166,2025-05-16,116,3,8.406085066749457,84,3.9922731586391627,-0.025225808006480777,3,0,0,0,3,3,0,3,0,0.19678880400093002,2.609999895095825
STEX,bb_v1@148-166#bo:bo_158#0|burst:burst_148_159#0|tb:tb_164_166#0,tb_164_166#0,bo_158#0,burst_148_159#0,原有,4,0,1,1,4,3,1,148,159,164,166,2025-05-16,116,4,8.406085066749457,99,3.9922731586391627,-0.025225808006480777,3,0,0,0,3,3,0,3,0,0.19678880400093002,2.609999895095825
STEX,bb_v1@148-166#bo:bo_158#0|burst:burst_148_160#0|tb:tb_164_166#0,tb_164_166#0,bo_158#0,burst_148_160#0,原有,4,0,1,1,5,3,2,148,160,164,166,2025-05-16,116,5,8.406085066749457,114,3.9922731586391627,-0.025225808006480777,3,0,0,0,3,3,0,3,0,0.19678880400093002,2.609999895095825
STEX,bb_v1@148-166#bo:bo_158#0|burst:burst_148_161#0|tb:tb_164_166#0,tb_164_166#0,bo_158#0,burst_148_161#0,原有,4,0,1,1,6,3,3,148,161,164,166,2025-05-16,116,6,8.406085066749457,123,3.9922731586391627,-0.025225808006480777,3,0,0,0,3,3,0,3,0,0.19678880400093002,2.609999895095825
STEX,bb_v1@148-166#bo:bo_159#0|burst:burst_148_159#0|tb:tb_164_166#1,tb_164_166#1,bo_159#0,burst_148_159#0,原有,3,1,1,1,4,4,0,148,159,164,166,2025-05-16,116,4,8.406085066749457,99,3.9922731586391627,-0.025225808006480777,3,0,0,0,3,3,0,3,0,0.19678880400093002,2.609999895095825
STEX,bb_v1@148-166#bo:bo_159#0|burst:burst_148_160#0|tb:tb_164_166#1,tb_164_166#1,bo_159#0,burst_148_160#0,原有,3,0,1,1,5,4,1,148,160,164,166,2025-05-16,116,5,8.406085066749457,114,3.9922731586391627,-0.025225808006480777,3,0,0,0,3,3,0,3,0,0.19678880400093002,2.609999895095825
STEX,bb_v1@148-166#bo:bo_159#0|burst:burst_148_161#0|tb:tb_164_166#1,tb_164_166#1,bo_159#0,burst_148_161#0,原有,3,0,1,1,6,4,2,148,161,164,166,2025-05-16,116,6,8.406085066749457,123,3.9922731586391627,-0.025225808006480777,3,0,0,0,3,3,0,3,0,0.19678880400093002,2.609999895095825
STEX,bb_v1@148-166#bo:bo_160#0|burst:burst_148_160#0|tb:tb_164_166#2,tb_164_166#2,bo_160#0,burst_148_160#0,原有,2,1,1,1,5,5,0,148,160,164,166,2025-05-16,116,5,8.406085066749457,114,3.9922731586391627,-0.025225808006480777,3,0,0,0,3,3,0,3,0,0.19678880400093002,2.609999895095825
STEX,bb_v1@148-166#bo:bo_160#0|burst:burst_148_161#0|tb:tb_164_166#2,tb_164_166#2,bo_160#0,burst_148_161#0,原有,2,0,1,1,6,5,1,148,161,164,166,2025-05-16,116,6,8.406085066749457,123,3.9922731586391627,-0.025225808006480777,3,0,0,0,3,3,0,3,0,0.19678880400093002,2.609999895095825
STEX,bb_v1@148-166#bo:bo_161#0|burst:burst_148_161#0|tb:tb_164_166#3,tb_164_166#3,bo_161#0,burst_148_161#0,原有,1,1,1,1,6,6,0,148,161,164,166,2025-05-16,116,6,8.406085066749457,123,3.9922731586391627,-0.025225808006480777,3,0,0,0,3,3,0,3,0,0.19678880400093002,2.609999895095825
TIL,bb_v1@168-175#bo:bo_171#0|burst:burst_168_172#0|tb:tb_174_175#0,tb_174_175#0,bo_171#0,burst_168_172#0,新增,3,1,1,0,3,2,1,168,172,174,175,2025-06-02,148,4,10.74002047082907,97,0.43713704882885873,-0.30813220096576593,0,0,0,2,2,0,0,0,0,0.14076768827784256,29.649999618530273
TIL,bb_v1@168-176#bo:bo_171#0|burst:burst_168_176#0|tb:tb_174_175#0,tb_174_175#0,bo_171#0,burst_168_176#0,新增,3,0,1,0,4,2,5,168,176,174,175,2025-06-02,148,5,10.74002047082907,121,0.43713704882885873,-0.30813220096576593,0,0,0,2,2,0,0,0,0,0.14076768827784256,29.649999618530273
TIL,bb_v1@168-180#bo:bo_171#0|burst:burst_168_180#0|tb:tb_174_175#0,tb_174_175#0,bo_171#0,burst_168_180#0,新增,3,0,1,0,5,2,9,168,180,174,175,2025-06-02,148,6,10.74002047082907,141,0.43713704882885873,-0.30813220096576593,0,0,0,2,2,0,0,0,0,0.14076768827784256,29.649999618530273
TIL,bb_v1@168-175#bo:bo_172#0|burst:burst_168_172#0|tb:tb_174_175#1,tb_174_175#1,bo_172#0,burst_168_172#0,原有,3,1,1,1,3,3,0,168,172,174,175,2025-06-02,148,4,10.74002047082907,97,0.43713704882885873,-0.30813220096576593,0,0,0,2,2,0,0,0,0,0.14076768827784256,29.649999618530273
TIL,bb_v1@168-176#bo:bo_172#0|burst:burst_168_176#0|tb:tb_174_175#1,tb_174_175#1,bo_172#0,burst_168_176#0,原有,3,0,1,1,4,3,4,168,176,174,175,2025-06-02,148,5,10.74002047082907,121,0.43713704882885873,-0.30813220096576593,0,0,0,2,2,0,0,0,0,0.14076768827784256,29.649999618530273
TIL,bb_v1@168-180#bo:bo_172#0|burst:burst_168_180#0|tb:tb_174_175#1,tb_174_175#1,bo_172#0,burst_168_180#0,原有,3,0,1,1,5,3,8,168,180,174,175,2025-06-02,148,6,10.74002047082907,141,0.43713704882885873,-0.30813220096576593,0,0,0,2,2,0,0,0,0,0.14076768827784256,29.649999618530273
TISI,bb_v1@135-145#bo:bo_138#0|burst:burst_135_138#0|tb:tb_144_145#0,tb_144_145#0,bo_138#0,burst_135_138#0,原有,1,1,1,1,2,2,0,135,138,144,145,2025-04-17,50,4,9.904465414923632,82,0.02464697017059958,-0.30324006995504715,0,2,0,0,2,0,2,0,0,0.0835891181760691,23.389999389648438
TKLF,bb_v1@200-202#bo:bo_200#0|burst:burst_200_202#0|tb:tb_202#0,tb_202#0,bo_200#0,burst_200_202#0,新增,1,1,1,0,2,1,2,200,202,202,202,2025-07-14,40,4,3.117876424715057,98,0.019093060289627983,-0.21957042093795343,0,1,0,0,1,0,1,0,0,0.052356403514333655,4.190000057220459
TKLF,bb_v1@200-204#bo:bo_202#0|burst:burst_200_202#0|tb:tb_204#0,tb_204#0,bo_202#0,burst_200_202#0,原有,1,1,1,1,2,2,0,200,202,204,204,2025-07-16,40,4,3.117876424715057,98,0.008457691555391778,-0.18656716506430004,0,0,0,1,1,0,1,0,0,0.0563491935144229,4.019999980926514
TEO,bb_v1@276-287#bo:bo_281#0|burst:burst_276_281#0|tb:tb_286_287#0,tb_286_287#0,bo_281#0,burst_276_281#0,原有,4,1,1,1,2,2,0,276,281,286,287,2025-11-10,52,3,8.409893992932862,116,0.06446805494986041,-0.138362632516576,0,0,0,2,2,0,0,0,0,0.06272417389700227,12.739999771118164
TEO,bb_v1@276-287#bo:bo_281#0|burst:burst_276_283#0|tb:tb_286_287#0,tb_286_287#0,bo_281#0,burst_276_283#0,原有,4,0,1,1,3,2,2,276,283,286,287,2025-11-10,52,4,8.409893992932862,142,0.06446805494986041,-0.138362632516576,0,0,0,2,2,0,0,0,0,0.06272417389700227,12.739999771118164
TEO,bb_v1@276-287#bo:bo_281#0|burst:burst_276_286#0|tb:tb_286_287#0,tb_286_287#0,bo_281#0,burst_276_286#0,原有,4,0,1,1,4,2,5,276,286,286,287,2025-11-10,52,4,8.409893992932862,145,0.06446805494986041,-0.138362632516576,0,0,0,2,2,0,0,0,0,0.06272417389700227,12.739999771118164
TEO,bb_v1@276-288#bo:bo_281#0|burst:burst_276_288#0|tb:tb_286_287#0,tb_286_287#0,bo_281#0,burst_276_288#0,原有,4,0,1,1,5,2,7,276,288,286,287,2025-11-10,52,6,8.409893992932862,198,0.06446805494986041,-0.138362632516576,0,0,0,2,2,0,0,0,0,0.06272417389700227,12.739999771118164
TEO,bb_v1@276-287#bo:bo_283#0|burst:burst_276_283#0|tb:tb_286_287#1,tb_286_287#1,bo_283#0,burst_276_283#0,原有,3,1,1,1,3,3,0,276,283,286,287,2025-11-10,52,4,8.409893992932862,142,0.06446805494986041,-0.138362632516576,0,0,0,2,2,0,0,0,0,0.06272417389700227,12.739999771118164
TEO,bb_v1@276-287#bo:bo_283#0|burst:burst_276_286#0|tb:tb_286_287#1,tb_286_287#1,bo_283#0,burst_276_286#0,原有,3,0,1,1,4,3,3,276,286,286,287,2025-11-10,52,4,8.409893992932862,145,0.06446805494986041,-0.138362632516576,0,0,0,2,2,0,0,0,0,0.06272417389700227,12.739999771118164
TEO,bb_v1@276-288#bo:bo_283#0|burst:burst_276_288#0|tb:tb_286_287#1,tb_286_287#1,bo_283#0,burst_276_288#0,原有,3,0,1,1,5,3,5,276,288,286,287,2025-11-10,52,6,8.409893992932862,198,0.06446805494986041,-0.138362632516576,0,0,0,2,2,0,0,0,0,0.06272417389700227,12.739999771118164
TEO,bb_v1@276-293#bo:bo_286#0|burst:burst_276_286#0|tb:tb_288_293#0,tb_288_293#0,bo_286#0,burst_276_286#0,原有,2,1,1,1,4,4,0,276,286,288,293,2025-11-12,52,4,8.409893992932862,145,0.03654578994301708,-0.16931904821279828,0,0,0,6,6,0,0,0,0,0.060988521994282036,13.300000190734863
TEO,bb_v1@276-293#bo:bo_286#0|burst:burst_276_288#0|tb:tb_288_293#0,tb_288_293#0,bo_286#0,burst_276_288#0,原有,2,0,1,1,5,4,2,276,288,288,293,2025-11-12,52,6,8.409893992932862,198,0.03654578994301708,-0.16931904821279828,0,0,0,6,6,0,0,0,0,0.060988521994282036,13.300000190734863
TEO,bb_v1@276-293#bo:bo_288#0|burst:burst_276_288#0|tb:tb_290_293#0,tb_290_293#0,bo_288#0,burst_276_288#0,原有,1,1,1,1,5,5,0,276,288,290,293,2025-11-14,52,6,8.409893992932862,198,0.03523302822605179,-0.17455898835835276,0,0,0,4,4,0,0,0,0,0.06272417389700227,13.119999885559082
TNEYF,bb_v1@160-170#bo:bo_160#0|burst:burst_160_170#0|tb:tb_164_169#0,tb_164_169#0,bo_160#0,burst_160_170#0,新增,2,1,1,0,4,1,10,160,170,164,169,2025-05-16,140,3,4.330113942002054,66,0.19442736241292613,-0.017030829909640038,6,0,0,0,6,6,0,6,0,0.026261954663095586,3.085468292236328
TNEYF,bb_v1@160-175#bo:bo_160#0|burst:burst_160_175#0|tb:tb_164_169#0,tb_164_169#0,bo_160#0,burst_160_175#0,新增,2,0,1,0,5,1,15,160,175,164,169,2025-05-16,140,3,4.330113942002054,71,0.19442736241292613,-0.017030829909640038,6,0,0,0,6,6,0,6,0,0.026261954663095586,3.085468292236328
TNEYF,bb_v1@160-170#bo:bo_162#0|burst:burst_160_170#0|tb:tb_164_169#1,tb_164_169#1,bo_162#0,burst_160_170#0,新增,2,1,1,0,4,2,8,160,170,164,169,2025-05-16,140,3,4.330113942002054,66,0.19442736241292613,-0.017030829909640038,6,0,0,0,6,6,0,6,0,0.026261954663095586,3.085468292236328
TNEYF,bb_v1@160-175#bo:bo_162#0|burst:burst_160_175#0|tb:tb_164_169#1,tb_164_169#1,bo_162#0,burst_160_175#0,新增,2,0,1,0,5,2,13,160,175,164,169,2025-05-16,140,3,4.330113942002054,71,0.19442736241292613,-0.017030829909640038,6,0,0,0,6,6,0,6,0,0.026261954663095586,3.085468292236328
TNEYF,bb_v1@160-173#bo:bo_167#0|burst:burst_160_170#0|tb:tb_169_173#0,tb_169_173#0,bo_167#0,burst_160_170#0,新增,2,1,1,0,4,3,3,160,170,169,173,2025-05-23,140,3,4.330113942002054,66,0.19567445631314323,-0.032557013773076404,5,0,0,0,5,5,0,5,0,0.026768688341100175,3.1446144580841064
TNEYF,bb_v1@160-175#bo:bo_167#0|burst:burst_160_175#0|tb:tb_169_173#0,tb_169_173#0,bo_167#0,burst_160_175#0,新增,2,0,1,0,5,3,8,160,175,169,173,2025-05-23,140,3,4.330113942002054,71,0.19567445631314323,-0.032557013773076404,5,0,0,0,5,5,0,5,0,0.026768688341100175,3.1446144580841064
TNEYF,bb_v1@160-174#bo:bo_170#0|burst:burst_160_170#0|tb:tb_174#0,tb_174#0,bo_170#0,burst_160_170#0,原有,2,1,1,1,4,4,0,160,170,174,174,2025-06-02,140,3,4.330113942002054,66,0.2263417923002251,-0.006116233213438682,1,0,0,0,1,1,0,1,0,0.026313137349899728,3.232483386993408
TNEYF,bb_v1@160-175#bo:bo_170#0|burst:burst_160_175#0|tb:tb_174#0,tb_174#0,bo_170#0,burst_160_175#0,原有,2,0,1,1,5,4,5,160,175,174,174,2025-06-02,140,3,4.330113942002054,71,0.2263417923002251,-0.006116233213438682,1,0,0,0,1,1,0,1,0,0.026313137349899728,3.232483386993408
TNEYF,bb_v1@160-178#bo:bo_175#0|burst:burst_160_175#0|tb:tb_178#0,tb_178#0,bo_175#0,burst_160_175#0,原有,1,1,1,1,5,5,0,160,175,178,178,2025-06-06,140,3,4.330113942002054,71,0.20424554138972617,0.00900893296465144,1,0,0,0,1,1,0,1,0,0.025318708734417765,3.291795015335083
TIC,bb_v1@147-150#bo:bo_147#0|burst:burst_147#0|tb:tb_150#0,tb_150#0,bo_147#0,burst_147#0,原有,1,1,1,1,1,1,0,147,147,150,150,2025-09-23,49,5,9.580696953828538,128,0.03777782222371151,-0.3624999619192537,0,1,0,0,1,0,1,0,1,0.035980219824878194,14.399999618530273
TPCS,bb_v1@154-172#bo:bo_158#0|burst:burst_154_163#0|tb:tb_169_172#0,tb_169_172#0,bo_158#0,burst_154_163#0,新增,2,1,1,0,3,2,5,154,163,169,172,2025-05-23,134,3,4.275755228505035,93,0.07561949042732707,-0.19617645230167435,0,0,0,4,4,0,0,0,0,0.07187298885284096,3.8399999141693115
TPCS,bb_v1@154-172#bo:bo_158#0|burst:burst_154_165#0|tb:tb_169_172#0,tb_169_172#0,bo_158#0,burst_154_165#0,新增,2,0,1,0,4,2,7,154,165,169,172,2025-05-23,134,5,4.275755228505035,143,0.07561949042732707,-0.19617645230167435,0,0,0,4,4,0,0,0,0,0.07187298885284096,3.8399999141693115
TPCS,bb_v1@154-172#bo:bo_163#0|burst:burst_154_163#0|tb:tb_169_172#1,tb_169_172#1,bo_163#0,burst_154_163#0,原有,2,1,1,1,3,3,0,154,163,169,172,2025-05-23,134,3,4.275755228505035,93,0.07561949042732707,-0.19617645230167435,0,0,0,4,4,0,0,0,0,0.07187298885284096,3.8399999141693115
TPCS,bb_v1@154-172#bo:bo_163#0|burst:burst_154_165#0|tb:tb_169_172#1,tb_169_172#1,bo_163#0,burst_154_165#0,原有,2,0,1,1,4,3,2,154,165,169,172,2025-05-23,134,5,4.275755228505035,143,0.07561949042732707,-0.19617645230167435,0,0,0,4,4,0,0,0,0,0.07187298885284096,3.8399999141693115
TPCS,bb_v1@154-172#bo:bo_165#0|burst:burst_154_165#0|tb:tb_169_172#2,tb_169_172#2,bo_165#0,burst_154_165#0,原有,1,1,1,1,4,4,0,154,165,169,172,2025-05-23,134,5,4.275755228505035,143,0.07561949042732707,-0.19617645230167435,0,0,0,4,4,0,0,0,0,0.07187298885284096,3.8399999141693115
TONX,bb_v1@166-175#bo:bo_173#0|burst:burst_166_173#0|tb:tb_175#0,tb_175#0,bo_173#0,burst_166_173#0,原有,1,1,1,1,2,2,0,166,173,175,175,2025-06-03,146,4,4.0815755488592345,100,0.514030568180657,-0.1864796354044771,1,0,0,0,1,1,0,0,0,0.09161463406111715,7.840000152587891
TRON,bb_v1@168-182#bo:bo_168#0|burst:burst_168_182#0|tb:tb_176#0,tb_176#0,bo_168#0,burst_168_182#0,新增,2,1,1,0,4,1,14,168,182,176,176,2025-06-04,66,4,8.368281072968319,80,19.846905087178584,0.004885930401774985,1,0,0,0,1,1,0,1,0,0.10079009480008741,0.6140000224113464
TRON,bb_v1@168-184#bo:bo_168#0|burst:burst_168_184#0|tb:tb_176#0,tb_176#0,bo_168#0,burst_168_184#0,新增,2,0,1,0,5,1,16,168,184,176,176,2025-06-04,66,5,490.7211336468926,131,19.846905087178584,0.004885930401774985,1,0,0,0,1,1,0,1,0,0.10079009480008741,0.6140000224113464
TRON,bb_v1@168-182#bo:bo_169#0|burst:burst_168_182#0|tb:tb_176#1,tb_176#1,bo_169#0,burst_168_182#0,新增,2,1,1,0,4,2,13,168,182,176,176,2025-06-04,66,4,8.368281072968319,80,19.846905087178584,0.004885930401774985,1,0,0,0,1,1,0,1,0,0.10079009480008741,0.6140000224113464
TRON,bb_v1@168-184#bo:bo_169#0|burst:burst_168_184#0|tb:tb_176#1,tb_176#1,bo_169#0,burst_168_184#0,新增,2,0,1,0,5,2,15,168,184,176,176,2025-06-04,66,5,490.7211336468926,131,19.846905087178584,0.004885930401774985,1,0,0,0,1,1,0,1,0,0.10079009480008741,0.6140000224113464
TRON,bb_v1@168-193#bo:bo_177#0|burst:burst_168_182#0|tb:tb_193#0,tb_193#0,bo_177#0,burst_168_182#0,新增,2,1,1,0,4,3,5,168,182,193,193,2025-06-30,66,4,8.368281072968319,80,0.6516129278367566,-0.3754838512789819,0,0,0,1,1,0,0,0,0,0.1891143371545318,7.75
TRON,bb_v1@168-193#bo:bo_177#0|burst:burst_168_184#0|tb:tb_193#0,tb_193#0,bo_177#0,burst_168_184#0,新增,2,0,1,0,5,3,7,168,184,193,193,2025-06-30,66,5,490.7211336468926,131,0.6516129278367566,-0.3754838512789819,0,0,0,1,1,0,0,0,0,0.1891143371545318,7.75
TRON,bb_v1@168-193#bo:bo_182#0|burst:burst_168_182#0|tb:tb_193#1,tb_193#1,bo_182#0,burst_168_182#0,原有,2,1,1,1,4,4,0,168,182,193,193,2025-06-30,66,4,8.368281072968319,80,0.6516129278367566,-0.3754838512789819,0,0,0,1,1,0,0,0,0,0.1891143371545318,7.75
TRON,bb_v1@168-193#bo:bo_182#0|burst:burst_168_184#0|tb:tb_193#1,tb_193#1,bo_182#0,burst_168_184#0,原有,2,0,1,1,5,4,2,168,184,193,193,2025-06-30,66,5,490.7211336468926,131,0.6516129278367566,-0.3754838512789819,0,0,0,1,1,0,0,0,0,0.1891143371545318,7.75
TRON,bb_v1@168-193#bo:bo_184#0|burst:burst_168_184#0|tb:tb_193#2,tb_193#2,bo_184#0,burst_168_184#0,原有,1,1,1,1,5,5,0,168,184,193,193,2025-06-30,66,5,490.7211336468926,131,0.6516129278367566,-0.3754838512789819,0,0,0,1,1,0,0,0,0,0.1891143371545318,7.75
TRT,bb_v1@263-272#bo:bo_263#0|burst:burst_263_266#0|tb:tb_271_272#0,tb_271_272#0,bo_263#0,burst_263_266#0,新增,2,1,1,0,2,1,3,263,266,271,272,2025-10-20,243,3,9.011703511053316,233,0.44536780897425343,-0.12279264940524348,2,0,0,0,2,2,0,2,0,0.053393578227988014,3.690000057220459
TRT,bb_v1@263-272#bo:bo_263#0|burst:burst_263_267#0|tb:tb_271_272#0,tb_271_272#0,bo_263#0,burst_263_267#0,新增,2,0,1,0,3,1,4,263,267,271,272,2025-10-20,243,4,9.011703511053316,248,0.44536780897425343,-0.12279264940524348,2,0,0,0,2,2,0,2,0,0.053393578227988014,3.690000057220459
TRT,bb_v1@263-272#bo:bo_266#0|burst:burst_263_266#0|tb:tb_271_272#1,tb_271_272#1,bo_266#0,burst_263_266#0,原有,2,1,1,1,2,2,0,263,266,271,272,2025-10-20,243,3,9.011703511053316,233,0.44536780897425343,-0.12279264940524348,2,0,0,0,2,2,0,2,0,0.053393578227988014,3.690000057220459
TRT,bb_v1@263-272#bo:bo_266#0|burst:burst_263_267#0|tb:tb_271_272#1,tb_271_272#1,bo_266#0,burst_263_267#0,原有,2,0,1,1,3,2,1,263,267,271,272,2025-10-20,243,4,9.011703511053316,248,0.44536780897425343,-0.12279264940524348,2,0,0,0,2,2,0,2,0,0.053393578227988014,3.690000057220459
TRT,bb_v1@263-272#bo:bo_267#0|burst:burst_263_267#0|tb:tb_271_272#2,tb_271_272#2,bo_267#0,burst_263_267#0,原有,1,1,1,1,3,3,0,263,267,271,272,2025-10-20,243,4,9.011703511053316,248,0.44536780897425343,-0.12279264940524348,2,0,0,0,2,2,0,2,0,0.053393578227988014,3.690000057220459
TGB,bb_v1@174-184#bo:bo_176#0|burst:burst_174_178#0|tb:tb_182_184#0,tb_182_184#0,bo_176#0,burst_174_178#0,新增,1,1,1,0,4,2,2,174,178,182,184,2025-06-12,53,4,3.415284600957274,169,0.24646674827301088,-0.06176282437291166,2,0,0,1,3,3,0,1,0,0.043267055879305516,2.9200000762939453
TGB,bb_v1@174-184#bo:bo_177#0|burst:burst_174_178#0|tb:tb_182_184#1,tb_182_184#1,bo_177#0,burst_174_178#0,新增,1,1,1,0,4,3,1,174,178,182,184,2025-06-12,53,4,3.415284600957274,169,0.24646674827301088,-0.06176282437291166,2,0,0,1,3,3,0,1,0,0.043267055879305516,2.9200000762939453
TGB,bb_v1@174-184#bo:bo_178#0|burst:burst_174_178#0|tb:tb_182_184#2,tb_182_184#2,bo_178#0,burst_174_178#0,原有,1,1,1,1,4,4,0,174,178,182,184,2025-06-12,53,4,3.415284600957274,169,0.24646674827301088,-0.06176282437291166,2,0,0,1,3,3,0,1,0,0.043267055879305516,2.9200000762939453
TSNDF,bb_v1@211-221#bo:bo_218#0|burst:burst_211_218#0|tb:tb_220_221#0,tb_220_221#0,bo_218#0,burst_211_218#0,原有,2,1,1,1,3,3,0,211,218,220,221,2025-08-07,116,3,3.545539675815478,88,1.3516163306076676,-0.018865891558924597,2,0,0,0,2,2,0,2,0,0.1305008828085517,0.5099999904632568
TSNDF,bb_v1@211-224#bo:bo_218#0|burst:burst_211_224#0|tb:tb_220_221#0,tb_220_221#0,bo_218#0,burst_211_224#0,原有,2,0,1,1,4,3,6,211,224,220,221,2025-08-07,116,6,5.719867835081167,168,1.3516163306076676,-0.018865891558924597,2,0,0,0,2,2,0,2,0,0.1305008828085517,0.5099999904632568
TSNDF,bb_v1@211-226#bo:bo_224#0|burst:burst_211_224#0|tb:tb_226#0,tb_226#0,bo_224#0,burst_211_224#0,原有,1,1,1,1,4,4,0,211,224,226,226,2025-08-15,116,6,5.719867835081167,168,0.5078407789529025,-0.14957782080240933,0,0,0,1,1,0,0,0,0,0.13535064588494186,0.8289999961853027
TLSA,bb_v1@107-112#bo:bo_107#0|burst:burst_107_110#0|tb:tb_112#0,tb_112#0,bo_107#0,burst_107_110#0,新增,1,1,1,0,3,1,3,107,110,112,112,2025-03-04,87,6,7.6775432400569565,81,0.6608695706257524,-0.36521736155836193,1,0,0,0,1,1,0,1,0,0.08856211781153,1.149999976158142
TLSA,bb_v1@107-112#bo:bo_109#0|burst:burst_107_110#0|tb:tb_112#1,tb_112#1,bo_109#0,burst_107_110#0,新增,1,1,1,0,3,2,1,107,110,112,112,2025-03-04,87,6,7.6775432400569565,81,0.6608695706257524,-0.36521736155836193,1,0,0,0,1,1,0,1,0,0.08856211781153,1.149999976158142
TLSA,bb_v1@107-112#bo:bo_110#0|burst:burst_107_110#0|tb:tb_112#2,tb_112#2,bo_110#0,burst_107_110#0,原有,1,1,1,1,3,3,0,107,110,112,112,2025-03-04,87,6,7.6775432400569565,81,0.6608695706257524,-0.36521736155836193,1,0,0,0,1,1,0,1,0,0.08856211781153,1.149999976158142
TRIB,bb_v1@217-225#bo:bo_217#0|burst:burst_217_225#0|tb:tb_220#0,tb_220#0,bo_217#0,burst_217_225#0,新增,1,1,1,0,3,1,8,217,225,220,220,2025-08-07,63,4,206.04449076775396,136,2.865168665743978,-0.07865167862085831,1,0,0,0,1,1,0,1,0,0.06803037401576592,0.8899999856948853
TRIB,bb_v1@217-225#bo:bo_218#0|burst:burst_217_225#0|tb:tb_220#1,tb_220#1,bo_218#0,burst_217_225#0,新增,1,1,1,0,3,2,7,217,225,220,220,2025-08-07,63,4,206.04449076775396,136,2.865168665743978,-0.07865167862085831,1,0,0,0,1,1,0,1,0,0.06803037401576592,0.8899999856948853
TRIB,bb_v1@217-231#bo:bo_225#0|burst:burst_217_225#0|tb:tb_231#0,tb_231#0,bo_225#0,burst_217_225#0,原有,1,1,1,1,3,3,0,217,225,231,231,2025-08-22,63,4,206.04449076775396,136,0.04458594325106491,-0.38853506594285625,0,1,0,0,1,0,1,0,0,0.10977242303398049,1.5700000524520874
TULP,bb_v1@165-173#bo:bo_169#0|burst:burst_165_169#0|tb:tb_172_173#0,tb_172_173#0,bo_169#0,burst_165_169#0,原有,2,1,1,1,3,3,0,165,169,172,173,2025-05-29,123,3,8.420327624720775,89,0.056908533447050824,-0.22619197140458203,0,0,0,2,2,0,0,0,0,0.08025348465840651,5.210000038146973
TULP,bb_v1@165-173#bo:bo_169#0|burst:burst_165_173#0|tb:tb_172_173#0,tb_172_173#0,bo_169#0,burst_165_173#0,原有,2,0,1,1,4,3,4,165,173,172,173,2025-05-29,123,4,8.420327624720775,103,0.056908533447050824,-0.22619197140458203,0,0,0,2,2,0,0,0,0,0.08025348465840651,5.210000038146973
TULP,bb_v1@165-193#bo:bo_173#0|burst:burst_165_173#0|tb:tb_175_193#0,tb_175_193#0,bo_173#0,burst_165_173#0,原有,1,1,1,1,4,4,0,165,173,175,193,2025-06-03,123,4,8.420327624720775,103,0.1267130940028664,-0.17679991653956853,0,1,0,18,19,0,6,0,1,0.08995102606718079,5.010000228881836
TUNGF,bb_v1@155-164#bo:bo_160#0|burst:burst_155_160#0|tb:tb_164#0,tb_164#0,bo_160#0,burst_155_160#0,原有,1,1,1,1,2,2,0,155,160,164,164,2025-08-15,74,3,16.482632003357704,65,3.036135391038777,-0.2521278806511785,1,0,0,0,1,1,0,1,0,0.10775133242418364,0.8423900008201599
TVRD,bb_v1@143-149#bo:bo_146#0|burst:burst_143_146#0|tb:tb_149#0,tb_149#0,bo_146#0,burst_143_146#0,原有,2,1,1,1,2,2,0,143,146,149,149,2025-04-25,79,4,6.237671545064213,75,0.8201591872124874,-0.05305039680439683,1,0,0,0,1,1,0,1,0,0.07378532407567634,18.850000381469727
TVRD,bb_v1@143-154#bo:bo_146#0|burst:burst_143_154#0|tb:tb_149#0,tb_149#0,bo_146#0,burst_143_154#0,原有,2,0,1,1,3,2,8,143,154,149,149,2025-04-25,79,5,7.212508667170311,75,0.8201591872124874,-0.05305039680439683,1,0,0,0,1,1,0,1,0,0.07378532407567634,18.850000381469727
TVRD,bb_v1@143-158#bo:bo_154#0|burst:burst_143_154#0|tb:tb_158#0,tb_158#0,bo_154#0,burst_143_154#0,原有,1,1,1,1,3,3,0,143,154,158,158,2025-05-08,79,5,7.212508667170311,75,0.31708262488081806,-0.18848368488344525,0,0,0,1,1,0,0,0,0,0.12726853113237818,26.049999237060547
TWIN,bb_v1@230-238#bo:bo_232#0|burst:burst_230_238#0|tb:tb_236#0,tb_236#0,bo_232#0,burst_230_238#0,新增,2,1,1,0,3,2,6,230,238,236,236,2025-08-29,41,3,4.244310863031344,181,0.3053797969381833,-0.05063296668545503,1,0,0,0,1,1,0,1,0,0.034388326246234224,12.549920082092285
TWIN,bb_v1@230-241#bo:bo_232#0|burst:burst_230_241#0|tb:tb_236#0,tb_236#0,bo_232#0,burst_230_241#0,新增,2,0,1,0,4,2,9,230,241,236,236,2025-08-29,41,4,4.244310863031344,207,0.3053797969381833,-0.05063296668545503,1,0,0,0,1,1,0,1,0,0.034388326246234224,12.549920082092285
TWIN,bb_v1@230-250#bo:bo_238#0|burst:burst_230_238#0|tb:tb_241_250#0,tb_241_250#0,bo_238#0,burst_230_238#0,原有,2,1,1,1,3,3,0,230,238,241,250,2025-09-08,41,3,4.244310863031344,181,0.262023242300351,-0.03244554209224757,9,0,0,1,10,10,0,4,0,0.04256847934225484,13.294575691223145
TWIN,bb_v1@230-250#bo:bo_238#0|burst:burst_230_241#0|tb:tb_241_250#0,tb_241_250#0,bo_238#0,burst_230_241#0,原有,2,0,1,1,4,3,3,230,241,241,250,2025-09-08,41,4,4.244310863031344,207,0.262023242300351,-0.03244554209224757,9,0,0,1,10,10,0,4,0,0.04256847934225484,13.294575691223145
TWIN,bb_v1@230-250#bo:bo_241#0|burst:burst_230_241#0|tb:tb_244_250#0,tb_244_250#0,bo_241#0,burst_230_241#0,原有,1,1,1,1,4,4,0,230,241,244,250,2025-09-11,41,4,4.244310863031344,207,0.27403606298247357,-0.0277215073117907,7,0,0,0,7,7,0,4,0,0.04553398614798798,13.095999717712402
WATT,bb_v1@199-205#bo:bo_199#0|burst:burst_199_200#0|tb:tb_205#0,tb_205#0,bo_199#0,burst_199_200#0,新增,2,1,1,0,2,1,1,199,200,205,205,2025-07-17,129,3,6.029868629909393,79,0.5223880573409712,-0.46019900477841424,1,0,0,0,1,1,0,1,0,0.07123009433491409,12.0600004196167
WATT,bb_v1@199-206#bo:bo_199#0|burst:burst_199_206#0|tb:tb_205#0,tb_205#0,bo_199#0,burst_199_206#0,新增,2,0,1,0,3,1,7,199,206,205,205,2025-07-17,129,4,6.029868629909393,106,0.5223880573409712,-0.46019900477841424,1,0,0,0,1,1,0,1,0,0.07123009433491409,12.0600004196167
WATT,bb_v1@199-205#bo:bo_200#0|burst:burst_199_200#0|tb:tb_205#1,tb_205#1,bo_200#0,burst_199_200#0,原有,2,1,1,1,2,2,0,199,200,205,205,2025-07-17,129,3,6.029868629909393,79,0.5223880573409712,-0.46019900477841424,1,0,0,0,1,1,0,1,0,0.07123009433491409,12.0600004196167
WATT,bb_v1@199-206#bo:bo_200#0|burst:burst_199_206#0|tb:tb_205#1,tb_205#1,bo_200#0,burst_199_206#0,原有,2,0,1,1,3,2,6,199,206,205,205,2025-07-17,129,4,6.029868629909393,106,0.5223880573409712,-0.46019900477841424,1,0,0,0,1,1,0,1,0,0.07123009433491409,12.0600004196167
WATT,bb_v1@199-209#bo:bo_206#0|burst:burst_199_206#0|tb:tb_209#0,tb_209#0,bo_206#0,burst_199_206#0,原有,1,1,1,1,3,3,0,199,206,209,209,2025-07-23,129,4,6.029868629909393,106,0.04972372132713043,-0.6003683325347995,0,1,0,0,1,0,1,0,1,0.09058659630539845,16.290000915527344
VATE,bb_v1@83-86#bo:bo_83#0|burst:burst_83#0|tb:tb_86#0,tb_86#0,bo_83#0,burst_83#0,原有,1,1,1,1,1,1,0,83,83,86,86,2025-01-24,63,4,613.3858511837656,60,0.30217183788077184,-0.3314447760441338,0,1,0,0,1,1,0,0,1,0.07376736016489346,10.59000015258789
VVOS,bb_v1@187-194#bo:bo_187#0|burst:burst_187_194#0|tb:tb_190#0,tb_190#0,bo_187#0,burst_187_194#0,新增,3,1,1,0,3,1,7,187,194,190,190,2025-06-25,106,4,190.46296732473985,80,1.6065573552640906,0.0196721126942887,1,0,0,0,1,1,0,1,0,0.08363002237527507,3.049999952316284
VVOS,bb_v1@187-196#bo:bo_187#0|burst:burst_187_196#0|tb:tb_190#0,tb_190#0,bo_187#0,burst_187_196#0,新增,3,0,1,0,4,1,9,187,196,190,190,2025-06-25,106,5,190.46296732473985,94,1.6065573552640906,0.0196721126942887,1,0,0,0,1,1,0,1,0,0.08363002237527507,3.049999952316284
VVOS,bb_v1@187-200#bo:bo_187#0|burst:burst_187_200#0|tb:tb_190#0,tb_190#0,bo_187#0,burst_187_200#0,新增,3,0,1,0,5,1,13,187,200,190,190,2025-06-25,106,6,190.46296732473985,118,1.6065573552640906,0.0196721126942887,1,0,0,0,1,1,0,1,0,0.08363002237527507,3.049999952316284
VVOS,bb_v1@187-206#bo:bo_191#0|burst:burst_187_194#0|tb:tb_206#0,tb_206#0,bo_191#0,burst_187_194#0,新增,3,1,1,0,3,2,3,187,194,206,206,2025-07-18,106,4,190.46296732473985,80,0.02113396297138359,-0.4261168701622434,0,1,0,0,1,0,1,0,0,0.1436052479739695,5.820000171661377
VVOS,bb_v1@187-206#bo:bo_191#0|burst:burst_187_196#0|tb:tb_206#0,tb_206#0,bo_191#0,burst_187_196#0,新增,3,0,1,0,4,2,5,187,196,206,206,2025-07-18,106,5,190.46296732473985,94,0.02113396297138359,-0.4261168701622434,0,1,0,0,1,0,1,0,0,0.1436052479739695,5.820000171661377
VVOS,bb_v1@187-206#bo:bo_191#0|burst:burst_187_200#0|tb:tb_206#0,tb_206#0,bo_191#0,burst_187_200#0,新增,3,0,1,0,5,2,9,187,200,206,206,2025-07-18,106,6,190.46296732473985,118,0.02113396297138359,-0.4261168701622434,0,1,0,0,1,0,1,0,0,0.1436052479739695,5.820000171661377
VVOS,bb_v1@187-206#bo:bo_194#0|burst:burst_187_194#0|tb:tb_206#1,tb_206#1,bo_194#0,burst_187_194#0,原有,3,1,1,1,3,3,0,187,194,206,206,2025-07-18,106,4,190.46296732473985,80,0.02113396297138359,-0.4261168701622434,0,1,0,0,1,0,1,0,0,0.1436052479739695,5.820000171661377
VVOS,bb_v1@187-206#bo:bo_194#0|burst:burst_187_196#0|tb:tb_206#1,tb_206#1,bo_194#0,burst_187_196#0,原有,3,0,1,1,4,3,2,187,196,206,206,2025-07-18,106,5,190.46296732473985,94,0.02113396297138359,-0.4261168701622434,0,1,0,0,1,0,1,0,0,0.1436052479739695,5.820000171661377
VVOS,bb_v1@187-206#bo:bo_194#0|burst:burst_187_200#0|tb:tb_206#1,tb_206#1,bo_194#0,burst_187_200#0,原有,3,0,1,1,5,3,6,187,200,206,206,2025-07-18,106,6,190.46296732473985,118,0.02113396297138359,-0.4261168701622434,0,1,0,0,1,0,1,0,0,0.1436052479739695,5.820000171661377
VVOS,bb_v1@187-206#bo:bo_196#0|burst:burst_187_196#0|tb:tb_206#2,tb_206#2,bo_196#0,burst_187_196#0,原有,2,1,1,1,4,4,0,187,196,206,206,2025-07-18,106,5,190.46296732473985,94,0.02113396297138359,-0.4261168701622434,0,1,0,0,1,0,1,0,0,0.1436052479739695,5.820000171661377
VVOS,bb_v1@187-206#bo:bo_196#0|burst:burst_187_200#0|tb:tb_206#2,tb_206#2,bo_196#0,burst_187_200#0,原有,2,0,1,1,5,4,4,187,200,206,206,2025-07-18,106,6,190.46296732473985,118,0.02113396297138359,-0.4261168701622434,0,1,0,0,1,0,1,0,0,0.1436052479739695,5.820000171661377
VVOS,bb_v1@187-206#bo:bo_200#0|burst:burst_187_200#0|tb:tb_206#3,tb_206#3,bo_200#0,burst_187_200#0,原有,1,1,1,1,5,5,0,187,200,206,206,2025-07-18,106,6,190.46296732473985,118,0.02113396297138359,-0.4261168701622434,0,1,0,0,1,0,1,0,0,0.1436052479739695,5.820000171661377
URGN,bb_v1@183-193#bo:bo_183#0|burst:burst_183_184#0|tb:tb_192_193#0,tb_192_193#0,bo_183#0,burst_183_184#0,新增,1,1,1,0,2,1,1,183,184,192,193,2025-06-27,59,6,9.477724864247758,167,0.5458810858441283,-0.06357049313829338,2,0,0,0,2,2,0,0,0,0.10377304769007231,13.489999771118164
URGN,bb_v1@183-193#bo:bo_184#0|burst:burst_183_184#0|tb:tb_192_193#1,tb_192_193#1,bo_184#0,burst_183_184#0,原有,1,1,1,1,2,2,0,183,184,192,193,2025-06-27,59,6,9.477724864247758,167,0.5458810858441283,-0.06357049313829338,2,0,0,0,2,2,0,0,0,0.10377304769007231,13.489999771118164
VCUFF,bb_v1@177-185#bo:bo_177#0|burst:burst_177_182#0|tb:tb_185#0,tb_185#0,bo_177#0,burst_177_182#0,新增,1,1,1,0,3,1,5,177,182,185,185,2025-06-17,80,4,5.858614317336393,167,0.6219839829693707,-0.1327077455597535,0,0,0,1,1,1,0,0,0,0.15226824016497267,0.7459999918937683
VCUFF,bb_v1@177-185#bo:bo_179#0|burst:burst_177_182#0|tb:tb_185#1,tb_185#1,bo_179#0,burst_177_182#0,新增,1,1,1,0,3,2,3,177,182,185,185,2025-06-17,80,4,5.858614317336393,167,0.6219839829693707,-0.1327077455597535,0,0,0,1,1,1,0,0,0,0.15226824016497267,0.7459999918937683
VCUFF,bb_v1@177-185#bo:bo_182#0|burst:burst_177_182#0|tb:tb_185#2,tb_185#2,bo_182#0,burst_177_182#0,原有,1,1,1,1,3,3,0,177,182,185,185,2025-06-17,80,4,5.858614317336393,167,0.6219839829693707,-0.1327077455597535,0,0,0,1,1,1,0,0,0,0.15226824016497267,0.7459999918937683
VERI,bb_v1@204-207#bo:bo_204#0|burst:burst_204_207#0|tb:tb_206#0,tb_206#0,bo_204#0,burst_204_207#0,新增,1,1,1,0,2,1,3,204,207,206,206,2025-07-18,134,3,12.946182027659926,67,0.898230079626531,-0.15929204240010708,1,0,0,0,1,1,0,1,0,0.09107665752433858,2.259999990463257
VERI,bb_v1@204-221#bo:bo_207#0|burst:burst_204_207#0|tb:tb_214_221#0,tb_214_221#0,bo_207#0,burst_204_207#0,原有,1,1,1,1,2,2,0,204,207,214,221,2025-07-30,134,3,12.946182027659926,67,1.7441536493639278,-0.08243813373659029,8,0,0,0,8,8,0,8,0,0.09636584382120895,2.0899999141693115
VRCA,bb_v1@296-316#bo:bo_296#0|burst:burst_296_299#0|tb:tb_302_316#0,tb_302_316#0,bo_296#0,burst_296_299#0,新增,1,1,1,0,3,1,3,296,299,302,316,2025-12-03,99,3,8.05270317711076,75,0.1298240774445186,-0.2607033915726891,0,0,0,15,15,0,0,0,0,0.10230886823167787,7.480000019073486
VRCA,bb_v1@296-317#bo:bo_297#0|burst:burst_296_299#0|tb:tb_302_317#0,tb_302_317#0,bo_297#0,burst_296_299#0,新增,1,1,1,0,3,2,2,296,299,302,317,2025-12-03,99,3,8.05270317711076,75,0.12688714748701896,-0.26654328191245125,0,0,0,16,16,0,0,0,0,0.10230886823167787,7.480000019073486
VRCA,bb_v1@296-319#bo:bo_299#0|burst:burst_296_299#0|tb:tb_302_319#0,tb_302_319#0,bo_299#0,burst_296_299#0,原有,1,1,1,1,3,3,0,296,299,302,319,2025-12-03,99,3,8.05270317711076,75,0.12419925971305777,-0.27496006492014935,0,0,0,18,18,0,1,0,0,0.10230886823167787,7.480000019073486
VRNO,bb_v1@218-228#bo:bo_222#0|burst:burst_218_224#0|tb:tb_227_228#0,tb_227_228#0,bo_222#0,burst_218_224#0,新增,3,1,1,0,3,2,2,218,224,227,228,2025-08-18,69,3,7.027994531092405,130,0.3214285714285714,-0.24285711560930523,0,0,0,2,2,0,0,0,0,0.1570167034317751,7.0
VRNO,bb_v1@218-229#bo:bo_222#0|burst:burst_218_229#0|tb:tb_227_228#0,tb_227_228#0,bo_222#0,burst_218_229#0,新增,3,0,1,0,4,2,7,218,229,227,228,2025-08-18,69,5,7.027994531092405,172,0.3214285714285714,-0.24285711560930523,0,0,0,2,2,0,0,0,0,0.1570167034317751,7.0
VRNO,bb_v1@218-230#bo:bo_222#0|burst:burst_218_230#0|tb:tb_227_228#0,tb_227_228#0,bo_222#0,burst_218_230#0,新增,3,0,1,0,5,2,8,218,230,227,228,2025-08-18,69,5,7.027994531092405,173,0.3214285714285714,-0.24285711560930523,0,0,0,2,2,0,0,0,0,0.1570167034317751,7.0
VRNO,bb_v1@218-228#bo:bo_224#0|burst:burst_218_224#0|tb:tb_227_228#1,tb_227_228#1,bo_224#0,burst_218_224#0,原有,3,1,1,1,3,3,0,218,224,227,228,2025-08-18,69,3,7.027994531092405,130,0.3214285714285714,-0.24285711560930523,0,0,0,2,2,0,0,0,0,0.1570167034317751,7.0
VRNO,bb_v1@218-229#bo:bo_224#0|burst:burst_218_229#0|tb:tb_227_228#1,tb_227_228#1,bo_224#0,burst_218_229#0,原有,3,0,1,1,4,3,5,218,229,227,228,2025-08-18,69,5,7.027994531092405,172,0.3214285714285714,-0.24285711560930523,0,0,0,2,2,0,0,0,0,0.1570167034317751,7.0
VRNO,bb_v1@218-230#bo:bo_224#0|burst:burst_218_230#0|tb:tb_227_228#1,tb_227_228#1,bo_224#0,burst_218_230#0,原有,3,0,1,1,5,3,6,218,230,227,228,2025-08-18,69,5,7.027994531092405,173,0.3214285714285714,-0.24285711560930523,0,0,0,2,2,0,0,0,0,0.1570167034317751,7.0
VRNO,bb_v1@218-236#bo:bo_229#0|burst:burst_218_229#0|tb:tb_232_236#0,tb_232_236#0,bo_229#0,burst_218_229#0,原有,2,1,1,1,4,4,0,218,229,232,236,2025-08-25,69,5,7.027994531092405,172,0.09213826041746373,-0.36739127853959075,0,0,0,5,5,0,0,0,0,0.16797231199554585,8.199999809265137
VRNO,bb_v1@218-236#bo:bo_229#0|burst:burst_218_230#0|tb:tb_232_236#0,tb_232_236#0,bo_229#0,burst_218_230#0,原有,2,0,1,1,5,4,1,218,230,232,236,2025-08-25,69,5,7.027994531092405,173,0.09213826041746373,-0.36739127853959075,0,0,0,5,5,0,0,0,0,0.16797231199554585,8.199999809265137
VRNO,bb_v1@218-236#bo:bo_230#0|burst:burst_218_230#0|tb:tb_232_236#1,tb_232_236#1,bo_230#0,burst_218_230#0,原有,1,1,1,1,5,5,0,218,230,232,236,2025-08-25,69,5,7.027994531092405,173,0.09213826041746373,-0.36739127853959075,0,0,0,5,5,0,0,0,0,0.16797231199554585,8.199999809265137
VNRX,bb_v1@176-187#bo:bo_183#0|burst:burst_176_187#0|tb:tb_186#0,tb_186#0,bo_183#0,burst_176_187#0,新增,1,1,1,0,4,2,4,176,187,186,186,2025-06-18,156,7,6.463398375954429,176,0.40298505763111003,-0.10447758644666494,0,0,0,1,1,1,0,0,0,0.09672618916684818,13.399999618530273
VNRX,bb_v1@176-187#bo:bo_184#0|burst:burst_176_187#0|tb:tb_186#1,tb_186#1,bo_184#0,burst_176_187#0,新增,1,1,1,0,4,3,3,176,187,186,186,2025-06-18,156,7,6.463398375954429,176,0.40298505763111003,-0.10447758644666494,0,0,0,1,1,1,0,0,0,0.09672618916684818,13.399999618530273
VNRX,bb_v1@176-194#bo:bo_187#0|burst:burst_176_187#0|tb:tb_191_194#0,tb_191_194#0,bo_187#0,burst_176_187#0,原有,1,1,1,1,4,4,0,176,187,191,194,2025-06-26,156,7,6.463398375954429,176,0.056290826187906984,-0.2568411432757784,0,0,0,4,4,0,1,0,0,0.1101009916197796,17.399999618530273
VOR,bb_v1@188-195#bo:bo_188#0|burst:burst_188_192#0|tb:tb_195#0,tb_195#0,bo_188#0,burst_188_192#0,新增,3,1,1,0,3,1,4,188,192,195,195,2025-07-02,119,3,39.837560601829296,66,1.2689656224744073,0.062068939208984375,1,0,0,0,1,1,0,1,0,0.18201165077569442,29.0
VOR,bb_v1@188-195#bo:bo_188#0|burst:burst_188_193#0|tb:tb_195#0,tb_195#0,bo_188#0,burst_188_193#0,新增,3,0,1,0,4,1,5,188,193,195,195,2025-07-02,119,5,39.837560601829296,107,1.2689656224744073,0.062068939208984375,1,0,0,0,1,1,0,1,0,0.18201165077569442,29.0
VOR,bb_v1@188-196#bo:bo_188#0|burst:burst_188_196#0|tb:tb_195#0,tb_195#0,bo_188#0,burst_188_196#0,新增,3,0,1,0,5,1,8,188,196,195,195,2025-07-02,119,6,39.837560601829296,122,1.2689656224744073,0.062068939208984375,1,0,0,0,1,1,0,1,0,0.18201165077569442,29.0
VOR,bb_v1@188-195#bo:bo_191#0|burst:burst_188_192#0|tb:tb_195#1,tb_195#1,bo_191#0,burst_188_192#0,新增,3,1,1,0,3,2,1,188,192,195,195,2025-07-02,119,3,39.837560601829296,66,1.2689656224744073,0.062068939208984375,1,0,0,0,1,1,0,1,0,0.18201165077569442,29.0
VOR,bb_v1@188-195#bo:bo_191#0|burst:burst_188_193#0|tb:tb_195#1,tb_195#1,bo_191#0,burst_188_193#0,新增,3,0,1,0,4,2,2,188,193,195,195,2025-07-02,119,5,39.837560601829296,107,1.2689656224744073,0.062068939208984375,1,0,0,0,1,1,0,1,0,0.18201165077569442,29.0
VOR,bb_v1@188-196#bo:bo_191#0|burst:burst_188_196#0|tb:tb_195#1,tb_195#1,bo_191#0,burst_188_196#0,新增,3,0,1,0,5,2,5,188,196,195,195,2025-07-02,119,6,39.837560601829296,122,1.2689656224744073,0.062068939208984375,1,0,0,0,1,1,0,1,0,0.18201165077569442,29.0
VOR,bb_v1@188-195#bo:bo_192#0|burst:burst_188_192#0|tb:tb_195#2,tb_195#2,bo_192#0,burst_188_192#0,原有,3,1,1,1,3,3,0,188,192,195,195,2025-07-02,119,3,39.837560601829296,66,1.2689656224744073,0.062068939208984375,1,0,0,0,1,1,0,1,0,0.18201165077569442,29.0
VOR,bb_v1@188-195#bo:bo_192#0|burst:burst_188_193#0|tb:tb_195#2,tb_195#2,bo_192#0,burst_188_193#0,原有,3,0,1,1,4,3,1,188,193,195,195,2025-07-02,119,5,39.837560601829296,107,1.2689656224744073,0.062068939208984375,1,0,0,0,1,1,0,1,0,0.18201165077569442,29.0
VOR,bb_v1@188-196#bo:bo_192#0|burst:burst_188_196#0|tb:tb_195#2,tb_195#2,bo_192#0,burst_188_196#0,原有,3,0,1,1,5,3,4,188,196,195,195,2025-07-02,119,6,39.837560601829296,122,1.2689656224744073,0.062068939208984375,1,0,0,0,1,1,0,1,0,0.18201165077569442,29.0
VOR,bb_v1@188-195#bo:bo_193#0|burst:burst_188_193#0|tb:tb_195#3,tb_195#3,bo_193#0,burst_188_193#0,原有,2,1,1,1,4,4,0,188,193,195,195,2025-07-02,119,5,39.837560601829296,107,1.2689656224744073,0.062068939208984375,1,0,0,0,1,1,0,1,0,0.18201165077569442,29.0
VOR,bb_v1@188-196#bo:bo_193#0|burst:burst_188_196#0|tb:tb_195#3,tb_195#3,bo_193#0,burst_188_196#0,原有,2,0,1,1,5,4,3,188,196,195,195,2025-07-02,119,6,39.837560601829296,122,1.2689656224744073,0.062068939208984375,1,0,0,0,1,1,0,1,0,0.18201165077569442,29.0
VNCE,bb_v1@243-249#bo:bo_243#0|burst:burst_243_244#0|tb:tb_249#0,tb_249#0,bo_243#0,burst_243_244#0,新增,1,1,1,0,2,1,1,243,244,249,249,2025-09-18,180,4,288.4597711267606,90,0.3854962874039638,-0.12977096527496945,1,0,0,0,1,1,0,1,0,0.05805608325228302,2.619999885559082
VNCE,bb_v1@243-249#bo:bo_244#0|burst:burst_243_244#0|tb:tb_249#1,tb_249#1,bo_244#0,burst_243_244#0,原有,1,1,1,1,2,2,0,243,244,249,249,2025-09-18,180,4,288.4597711267606,90,0.3854962874039638,-0.12977096527496945,1,0,0,0,1,1,0,1,0,0.05805608325228302,2.619999885559082
VIOT,bb_v1@196-210#bo:bo_196#0|burst:burst_196_197#0|tb:tb_207_210#0,tb_207_210#0,bo_196#0,burst_196_197#0,新增,1,1,1,0,2,1,1,196,197,207,210,2025-07-21,70,3,88.78944190459761,71,0.28699949184901186,-0.16250591609921192,0,0,0,4,4,0,0,0,0,0.12392175467637472,3.101604461669922
VIOT,bb_v1@196-210#bo:bo_197#0|burst:burst_196_197#0|tb:tb_207_210#1,tb_207_210#1,bo_197#0,burst_196_197#0,原有,1,1,1,1,2,2,0,196,197,207,210,2025-07-21,70,3,88.78944190459761,71,0.28699949184901186,-0.16250591609921192,0,0,0,4,4,0,0,0,0,0.12392175467637472,3.101604461669922
WHWK,bb_v1@261-278#bo:bo_269#0|burst:burst_261_269#0|tb:tb_273_278#0,tb_273_278#0,bo_269#0,burst_261_269#0,原有,1,1,1,1,3,3,0,261,269,273,278,2025-10-22,95,6,878.0564501831935,146,0.12613226828683136,-0.18526190480859336,0,0,0,6,6,0,0,0,0,0.07618146511968518,2.369999885559082
VSAT,bb_v1@183-189#bo:bo_183#0|burst:burst_183#0|tb:tb_189#0,tb_189#0,bo_183#0,burst_183#0,原有,2,1,1,1,1,1,0,183,183,189,189,2025-06-24,62,5,3.5230690476214903,162,1.2026195039188816,0.004622528638884793,1,0,0,0,1,1,0,1,0,0.06159344966098652,12.979999542236328
VSAT,bb_v1@183-189#bo:bo_183#0|burst:burst_183_186#0|tb:tb_189#0,tb_189#0,bo_183#0,burst_183_186#0,原有,2,0,1,1,2,1,3,183,186,189,189,2025-06-24,62,5,3.5230690476214903,162,1.2026195039188816,0.004622528638884793,1,0,0,0,1,1,0,1,0,0.06159344966098652,12.979999542236328
VSAT,bb_v1@183-189#bo:bo_186#0|burst:burst_183_186#0|tb:tb_189#1,tb_189#1,bo_186#0,burst_183_186#0,原有,1,1,1,1,2,2,0,183,186,189,189,2025-06-24,62,5,3.5230690476214903,162,1.2026195039188816,0.004622528638884793,1,0,0,0,1,1,0,1,0,0.06159344966098652,12.979999542236328
VSTD,bb_v1@93-103#bo:bo_97#0|burst:burst_93_97#0|tb:tb_101_103#0,tb_101_103#0,bo_97#0,burst_93_97#0,原有,1,1,1,1,2,2,0,93,97,101,103,2025-02-14,73,5,16.840303503682215,90,0.6963653351235157,-0.5114467820464008,0,2,0,1,3,0,3,0,2,0.1422027714045978,3.452500104904175
WWR,bb_v1@253-263#bo:bo_259#0|burst:burst_253_259#0|tb:tb_263#0,tb_263#0,bo_259#0,burst_253_259#0,原有,2,1,1,1,2,2,0,253,259,263,263,2025-10-08,48,3,10.918036208289996,161,1.4509804379889628,-0.464052282234621,1,0,0,0,1,1,0,1,0,0.10947708663322012,1.5299999713897705
WWR,bb_v1@253-263#bo:bo_259#0|burst:burst_253_261#0|tb:tb_263#0,tb_263#0,bo_259#0,burst_253_261#0,原有,2,0,1,1,3,2,2,253,261,263,263,2025-10-08,48,4,10.918036208289996,175,1.4509804379889628,-0.464052282234621,1,0,0,0,1,1,0,1,0,0.10947708663322012,1.5299999713897705
WWR,bb_v1@253-263#bo:bo_261#0|burst:burst_253_261#0|tb:tb_263#1,tb_263#1,bo_261#0,burst_253_261#0,原有,1,1,1,1,3,3,0,253,261,263,263,2025-10-08,48,4,10.918036208289996,175,1.4509804379889628,-0.464052282234621,1,0,0,0,1,1,0,1,0,0.10947708663322012,1.5299999713897705
WYY,bb_v1@151-159#bo:bo_151#0|burst:burst_151_159#0|tb:tb_154#0,tb_154#0,bo_151#0,burst_151_159#0,新增,1,1,1,0,3,1,8,151,159,154,154,2025-05-02,96,3,6.255512714985055,89,0.34347825140493327,-0.3826087015112317,0,1,0,0,1,0,1,0,0,0.11930650952221405,4.599999904632568
WYY,bb_v1@151-159#bo:bo_154#0|burst:burst_151_159#0|tb:tb_157_159#0,tb_157_159#0,bo_154#0,burst_151_159#0,新增,1,1,1,0,3,2,5,151,159,157,159,2025-05-07,96,3,6.255512714985055,89,0.1981358087558275,-0.4494003740216151,0,3,0,0,3,0,3,0,3,0.1259149279987461,5.010000228881836
WYY,bb_v1@151-162#bo:bo_159#0|burst:burst_151_159#0|tb:tb_162#0,tb_162#0,bo_159#0,burst_151_159#0,原有,1,1,1,1,3,3,0,151,159,162,162,2025-05-14,96,3,6.255512714985055,89,0.001666704813639397,-0.5266666809717815,0,1,0,0,1,0,1,0,1,0.1083881624984344,6.0
WIMI,bb_v1@244-256#bo:bo_249#0|burst:burst_244_251#0|tb:tb_256#0,tb_256#0,bo_249#0,burst_244_251#0,新增,1,1,1,0,3,2,2,244,251,256,256,2025-09-29,45,3,3.9465439113860317,91,0.08008566731674449,-0.4282655176286797,0,1,0,0,1,0,1,0,1,0.08723171706607734,4.670000076293945
WIMI,bb_v1@244-256#bo:bo_251#0|burst:burst_244_251#0|tb:tb_256#1,tb_256#1,bo_251#0,burst_244_251#0,原有,1,1,1,1,3,3,0,244,251,256,256,2025-09-29,45,3,3.9465439113860317,91,0.08008566731674449,-0.4282655176286797,0,1,0,0,1,0,1,0,1,0.08723171706607734,4.670000076293945
WEXPF,bb_v1@237-246#bo:bo_244#0|burst:burst_237_246#0|tb:tb_246#0,tb_246#0,bo_244#0,burst_237_246#0,新增,1,1,1,0,3,2,2,237,246,246,246,2025-09-15,71,3,7.140101002062255,170,-0.01897666326848113,-0.3130131938033318,0,1,0,0,1,0,1,0,0,0.07859195014920733,0.7319499850273132
WEXPF,bb_v1@237-256#bo:bo_246#0|burst:burst_237_246#0|tb:tb_251_256#0,tb_251_256#0,bo_246#0,burst_237_246#0,原有,1,1,1,1,3,3,0,237,246,251,256,2025-09-22,71,3,7.140101002062255,170,0.08036017831395277,-0.2883221713940319,0,1,0,5,6,0,6,0,0,0.08260530004843197,0.65829998254776
WRBY,bb_v1@305-313#bo:bo_305#0|burst:burst_305_308#0|tb:tb_312_313#0,tb_312_313#0,bo_305#0,burst_305_308#0,新增,1,1,1,0,4,1,3,305,308,312,313,2025-12-17,99,4,8.945795708992224,88,0.12128671524087598,-0.21921070676657334,0,0,0,2,2,0,2,0,0,0.06208028976049046,26.780000686645508
WRBY,bb_v1@305-313#bo:bo_306#0|burst:burst_305_308#0|tb:tb_312_313#1,tb_312_313#1,bo_306#0,burst_305_308#0,新增,1,1,1,0,4,2,2,305,308,312,313,2025-12-17,99,4,8.945795708992224,88,0.12128671524087598,-0.21921070676657334,0,0,0,2,2,0,2,0,0,0.06208028976049046,26.780000686645508
WRBY,bb_v1@305-313#bo:bo_307#0|burst:burst_305_308#0|tb:tb_312_313#2,tb_312_313#2,bo_307#0,burst_305_308#0,新增,1,1,1,0,4,3,1,305,308,312,313,2025-12-17,99,4,8.945795708992224,88,0.12128671524087598,-0.21921070676657334,0,0,0,2,2,0,2,0,0,0.06208028976049046,26.780000686645508
WRBY,bb_v1@305-313#bo:bo_308#0|burst:burst_305_308#0|tb:tb_312_313#3,tb_312_313#3,bo_308#0,burst_305_308#0,原有,1,1,1,1,4,4,0,305,308,312,313,2025-12-17,99,4,8.945795708992224,88,0.12128671524087598,-0.21921070676657334,0,0,0,2,2,0,2,0,0,0.06208028976049046,26.780000686645508
WRD,bb_v1@73-82#bo:bo_73#0|burst:burst_73_75#0|tb:tb_82#0,tb_82#0,bo_73#0,burst_73_75#0,新增,1,1,1,0,2,1,2,73,75,82,82,2025-02-26,53,3,196.21247543188167,64,0.03898885353311399,-0.7043701777952913,0,1,0,0,1,0,1,0,1,0.09333916459875834,23.34000015258789
WRD,bb_v1@73-82#bo:bo_75#0|burst:burst_73_75#0|tb:tb_82#1,tb_82#1,bo_75#0,burst_73_75#0,原有,1,1,1,1,2,2,0,73,75,82,82,2025-02-26,53,3,196.21247543188167,64,0.03898885353311399,-0.7043701777952913,0,1,0,0,1,0,1,0,1,0.09333916459875834,23.34000015258789
XYF,bb_v1@101-112#bo:bo_101#0|burst:burst_101#0|tb:tb_108_112#0,tb_108_112#0,bo_101#0,burst_101#0,原有,2,1,1,1,1,1,0,101,101,108,112,2025-02-26,81,3,6.803422553751645,92,0.7373588801319106,-0.03285565516629898,5,0,0,0,5,5,0,5,0,0.0470807283019475,9.613137245178223
XYF,bb_v1@101-112#bo:bo_101#0|burst:burst_101_102#0|tb:tb_108_112#0,tb_108_112#0,bo_101#0,burst_101_102#0,原有,2,0,1,1,2,1,1,101,102,108,112,2025-02-26,81,3,7.695888354016693,93,0.7373588801319106,-0.03285565516629898,5,0,0,0,5,5,0,5,0,0.0470807283019475,9.613137245178223
XYF,bb_v1@101-112#bo:bo_102#0|burst:burst_101_102#0|tb:tb_108_112#1,tb_108_112#1,bo_102#0,burst_101_102#0,原有,1,1,1,1,2,2,0,101,102,108,112,2025-02-26,81,3,7.695888354016693,93,0.7373588801319106,-0.03285565516629898,5,0,0,0,5,5,0,5,0,0.0470807283019475,9.613137245178223
YQ,bb_v1@239-245#bo:bo_242#0|burst:burst_239_242#0|tb:tb_245#0,tb_245#0,bo_242#0,burst_239_242#0,原有,3,1,1,1,2,2,0,239,242,245,245,2025-09-12,115,4,3.874775820234202,84,1.406716286790855,0.018656698160751883,1,0,0,0,1,1,0,1,0,0.04585754965728723,2.680000066757202
YQ,bb_v1@239-246#bo:bo_242#0|burst:burst_239_246#0|tb:tb_245#0,tb_245#0,bo_242#0,burst_239_246#0,原有,3,0,1,1,3,2,4,239,246,245,245,2025-09-12,115,5,3.874775820234202,120,1.406716286790855,0.018656698160751883,1,0,0,0,1,1,0,1,0,0.04585754965728723,2.680000066757202
YQ,bb_v1@239-248#bo:bo_242#0|burst:burst_239_248#0|tb:tb_245#0,tb_245#0,bo_242#0,burst_239_248#0,原有,3,0,1,1,4,2,6,239,248,245,245,2025-09-12,115,6,3.874775820234202,240,1.406716286790855,0.018656698160751883,1,0,0,0,1,1,0,1,0,0.04585754965728723,2.680000066757202
YQ,bb_v1@239-256#bo:bo_246#0|burst:burst_239_246#0|tb:tb_256#0,tb_256#0,bo_246#0,burst_239_246#0,原有,2,1,1,1,3,3,0,239,246,256,256,2025-09-29,115,5,3.874775820234202,120,0.6124999523162842,-0.03750002384185791,1,0,0,0,1,1,0,1,0,0.08985236243258553,4.0
YQ,bb_v1@239-256#bo:bo_246#0|burst:burst_239_248#0|tb:tb_256#0,tb_256#0,bo_246#0,burst_239_248#0,原有,2,0,1,1,4,3,2,239,248,256,256,2025-09-29,115,6,3.874775820234202,240,0.6124999523162842,-0.03750002384185791,1,0,0,0,1,1,0,1,0,0.08985236243258553,4.0
YQ,bb_v1@239-256#bo:bo_248#0|burst:burst_239_248#0|tb:tb_256#1,tb_256#1,bo_248#0,burst_239_248#0,原有,1,1,1,1,4,4,0,239,248,256,256,2025-09-29,115,6,3.874775820234202,240,0.6124999523162842,-0.03750002384185791,1,0,0,0,1,1,0,1,0,0.08985236243258553,4.0
YSG,bb_v1@118-123#bo:bo_118#0|burst:burst_118_120#0|tb:tb_123#0,tb_123#0,bo_118#0,burst_118_120#0,新增,2,1,1,0,3,1,2,118,120,123,123,2025-03-19,87,3,3.8033919037728876,64,0.0,-0.42033897948929444,0,1,0,0,1,0,1,0,1,0.0750241774919235,5.900000095367432
YSG,bb_v1@118-123#bo:bo_118#0|burst:burst_118_121#0|tb:tb_123#0,tb_123#0,bo_118#0,burst_118_121#0,新增,2,0,1,0,4,1,3,118,121,123,123,2025-03-19,87,3,7.898095585736403,65,0.0,-0.42033897948929444,0,1,0,0,1,0,1,0,1,0.0750241774919235,5.900000095367432
YSG,bb_v1@118-123#bo:bo_119#0|burst:burst_118_120#0|tb:tb_123#1,tb_123#1,bo_119#0,burst_118_120#0,新增,2,1,1,0,3,2,1,118,120,123,123,2025-03-19,87,3,3.8033919037728876,64,0.0,-0.42033897948929444,0,1,0,0,1,0,1,0,1,0.0750241774919235,5.900000095367432
YSG,bb_v1@118-123#bo:bo_119#0|burst:burst_118_121#0|tb:tb_123#1,tb_123#1,bo_119#0,burst_118_121#0,新增,2,0,1,0,4,2,2,118,121,123,123,2025-03-19,87,3,7.898095585736403,65,0.0,-0.42033897948929444,0,1,0,0,1,0,1,0,1,0.0750241774919235,5.900000095367432
YSG,bb_v1@118-123#bo:bo_120#0|burst:burst_118_120#0|tb:tb_123#2,tb_123#2,bo_120#0,burst_118_120#0,原有,2,1,1,1,3,3,0,118,120,123,123,2025-03-19,87,3,3.8033919037728876,64,0.0,-0.42033897948929444,0,1,0,0,1,0,1,0,1,0.0750241774919235,5.900000095367432
YSG,bb_v1@118-123#bo:bo_120#0|burst:burst_118_121#0|tb:tb_123#2,tb_123#2,bo_120#0,burst_118_121#0,原有,2,0,1,1,4,3,1,118,121,123,123,2025-03-19,87,3,7.898095585736403,65,0.0,-0.42033897948929444,0,1,0,0,1,0,1,0,1,0.0750241774919235,5.900000095367432
YSG,bb_v1@118-123#bo:bo_121#0|burst:burst_118_121#0|tb:tb_123#3,tb_123#3,bo_121#0,burst_118_121#0,原有,1,1,1,1,4,4,0,118,121,123,123,2025-03-19,87,3,7.898095585736403,65,0.0,-0.42033897948929444,0,1,0,0,1,0,1,0,1,0.0750241774919235,5.900000095367432
WSTRF,bb_v1@244-251#bo:bo_246#0|burst:burst_244_251#0|tb:tb_248#0,tb_248#0,bo_246#0,burst_244_251#0,新增,1,1,1,0,4,2,5,244,251,248,248,2025-09-17,75,4,7.750678476977977,73,0.4534883227314175,-0.34447675917081977,1,0,0,0,1,1,0,1,0,0.04723064816339173,0.6880000233650208
WSTRF,bb_v1@244-254#bo:bo_250#0|burst:burst_244_251#0|tb:tb_253_254#0,tb_253_254#0,bo_250#0,burst_244_251#0,新增,1,1,1,0,4,3,1,244,251,253,254,2025-09-24,75,4,7.750678476977977,73,0.04578580324489623,-0.6158337787746333,0,2,0,0,2,0,2,0,2,0.052339590945093356,0.9179999828338623
WSTRF,bb_v1@244-254#bo:bo_251#0|burst:burst_244_251#0|tb:tb_253_254#1,tb_253_254#1,bo_251#0,burst_244_251#0,原有,1,1,1,1,4,4,0,244,251,253,254,2025-09-24,75,4,7.750678476977977,73,0.04578580324489623,-0.6158337787746333,0,2,0,0,2,0,2,0,2,0.052339590945093356,0.9179999828338623
XNET,bb_v1@86-94#bo:bo_86#0|burst:burst_86_87#0|tb:tb_92_94#0,tb_92_94#0,bo_86#0,burst_86_87#0,新增,1,1,1,0,2,1,1,86,87,92,94,2025-02-03,66,3,4.513038897181491,75,1.1705896913030653,-0.009099941272439368,3,0,0,0,3,3,0,3,0,0.05513470140132076,2.509999990463257
XNET,bb_v1@86-94#bo:bo_87#0|burst:burst_86_87#0|tb:tb_92_94#1,tb_92_94#1,bo_87#0,burst_86_87#0,原有,1,1,1,1,2,2,0,86,87,92,94,2025-02-03,66,3,4.513038897181491,75,1.1705896913030653,-0.009099941272439368,3,0,0,0,3,3,0,3,0,0.05513470140132076,2.509999990463257
ZOOZ,bb_v1@205-208#bo:bo_205#0|burst:burst_205_208#0|tb:tb_207#0,tb_207#0,bo_205#0,burst_205_208#0,新增,3,1,1,0,2,1,3,205,208,207,207,2025-07-21,167,3,612.7661507402423,74,2.151079168280709,-0.021582679517531345,1,0,0,0,1,1,0,1,0,0.11254960346292564,27.799999237060547
ZOOZ,bb_v1@205-209#bo:bo_205#0|burst:burst_205_209#0|tb:tb_207#0,tb_207#0,bo_205#0,burst_205_209#0,新增,3,0,1,0,3,1,4,205,209,207,207,2025-07-21,167,7,612.7661507402423,161,2.151079168280709,-0.021582679517531345,1,0,0,0,1,1,0,1,0,0.11254960346292564,27.799999237060547
ZOOZ,bb_v1@205-211#bo:bo_205#0|burst:burst_205_211#0|tb:tb_207#0,tb_207#0,bo_205#0,burst_205_211#0,新增,3,0,1,0,4,1,6,205,211,207,207,2025-07-21,167,7,612.7661507402423,163,2.151079168280709,-0.021582679517531345,1,0,0,0,1,1,0,1,0,0.11254960346292564,27.799999237060547
XPON,bb_v1@205-211#bo:bo_205#0|burst:burst_205_206#0|tb:tb_209_211#0,tb_209_211#0,bo_205#0,burst_205_206#0,新增,1,1,1,0,2,1,1,205,206,209,211,2025-07-23,46,3,391.5123773700691,104,2.883172660390464,-0.2374860935334591,3,0,0,0,3,3,0,3,0,0.09386898725188825,16.68000030517578
XPON,bb_v1@205-211#bo:bo_206#0|burst:burst_205_206#0|tb:tb_209_211#1,tb_209_211#1,bo_206#0,burst_205_206#0,原有,1,1,1,1,2,2,0,205,206,209,211,2025-07-23,46,3,391.5123773700691,104,2.883172660390464,-0.2374860935334591,3,0,0,0,3,3,0,3,0,0.09386898725188825,16.68000030517578
XTNT,bb_v1@161-168#bo:bo_161#0|burst:burst_161_165#0|tb:tb_164_168#0,tb_164_168#0,bo_161#0,burst_161_165#0,新增,1,1,1,0,2,1,4,161,165,164,168,2025-05-16,141,3,67.1906700013981,72,0.11567297261463398,-0.1990039868707097,0,0,0,5,5,0,0,0,0,0.10874700763291606,0.6600000262260437
XTNT,bb_v1@161-169#bo:bo_165#0|burst:burst_161_165#0|tb:tb_168_169#0,tb_168_169#0,bo_165#0,burst_161_165#0,原有,1,1,1,1,2,2,0,161,165,168,169,2025-05-22,141,3,67.1906700013981,72,0.0612735426913259,-0.23805998944013546,0,0,0,2,2,0,0,0,0,0.10303029124698965,0.7300000190734863
XTNT,bb_v1@261-268#bo:bo_265#0|burst:burst_261_266#0|tb:tb_268#0,tb_268#0,bo_265#0,burst_261_266#0,新增,1,1,1,0,3,2,1,261,266,268,268,2025-10-15,96,4,7.75362484301861,73,0.2337662488458374,-0.2727272516158278,0,1,0,0,1,0,1,0,0,0.06299597260710604,0.7699999809265137
XTNT,bb_v1@261-268#bo:bo_266#0|burst:burst_261_266#0|tb:tb_268#1,tb_268#1,bo_266#0,burst_261_266#0,原有,1,1,1,1,3,3,0,261,266,268,268,2025-10-15,96,4,7.75362484301861,73,0.2337662488458374,-0.2727272516158278,0,1,0,0,1,0,1,0,0,0.06299597260710604,0.7699999809265137
ZENA,bb_v1@168-172#bo:bo_168#0|burst:burst_168_172#0|tb:tb_171#0,tb_171#0,bo_168#0,burst_168_172#0,新增,1,1,1,0,3,1,4,168,172,171,171,2025-06-09,129,3,83.78356328022328,62,0.5528634911832389,-0.2885462453274684,1,0,0,0,1,1,0,1,0,0.08312254640772969,4.539999961853027
ZENA,bb_v1@168-172#bo:bo_169#0|burst:burst_168_172#0|tb:tb_171#1,tb_171#1,bo_169#0,burst_168_172#0,新增,1,1,1,0,3,2,3,168,172,171,171,2025-06-09,129,3,83.78356328022328,62,0.5528634911832389,-0.2885462453274684,1,0,0,0,1,1,0,1,0,0.08312254640772969,4.539999961853027
ZENA,bb_v1@168-176#bo:bo_172#0|burst:burst_168_172#0|tb:tb_174_176#0,tb_174_176#0,bo_172#0,burst_168_172#0,原有,1,1,1,1,3,3,0,168,172,174,176,2025-06-12,129,3,83.78356328022328,62,0.4035301142208499,-0.35696423077245126,0,3,0,0,3,0,3,0,2,0.08982192923333525,5.050000190734863
ZEPP,bb_v1@197-206#bo:bo_197#0|burst:burst_197_198#0|tb:tb_205_206#0,tb_205_206#0,bo_197#0,burst_197_198#0,新增,1,1,1,0,2,1,1,197,198,205,206,2025-07-17,75,4,516.8478084195698,191,3.0967009116609114,-0.2375848806506214,2,0,0,0,2,2,0,2,0,0.12473965564056491,14.180000305175781
ZEPP,bb_v1@197-206#bo:bo_198#0|burst:burst_197_198#0|tb:tb_205_206#1,tb_205_206#1,bo_198#0,burst_197_198#0,原有,1,1,1,1,2,2,0,197,198,205,206,2025-07-17,75,4,516.8478084195698,191,3.0967009116609114,-0.2375848806506214,2,0,0,0,2,2,0,2,0,0.12473965564056491,14.180000305175781
ZH,bb_v1@97-109#bo:bo_100#0|burst:burst_97_101#0|tb:tb_107_109#0,tb_107_109#0,bo_100#0,burst_97_101#0,新增,1,1,1,0,3,2,1,97,101,107,109,2025-02-25,77,3,12.779089300176981,89,0.08503510464772919,-0.3992565317112855,0,3,0,0,3,0,3,0,3,0.06776725263710356,5.400000095367432
ZH,bb_v1@97-109#bo:bo_101#0|burst:burst_97_101#0|tb:tb_107_109#1,tb_107_109#1,bo_101#0,burst_97_101#0,原有,1,1,1,1,3,3,0,97,101,107,109,2025-02-25,77,3,12.779089300176981,89,0.08503510464772919,-0.3992565317112855,0,3,0,0,3,0,3,0,3,0.06776725263710356,5.400000095367432
XELB,bb_v1@251-266#bo:bo_254#0|burst:burst_251_260#0|tb:tb_263_266#0,tb_263_266#0,bo_254#0,burst_251_260#0,新增,1,1,1,0,3,2,6,251,260,263,266,2025-10-08,231,3,43.10955590734176,67,0.11711714845760024,-0.6376997252457148,0,4,0,0,4,0,4,0,4,0.06452356486495286,2.0399999618530273
XELB,bb_v1@251-269#bo:bo_260#0|burst:burst_251_260#0|tb:tb_263_269#0,tb_263_269#0,bo_260#0,burst_251_260#0,原有,1,1,1,1,3,3,0,251,260,263,269,2025-10-08,231,3,43.10955590734176,67,0.06797822160241473,-0.6470906065309847,0,7,0,0,7,0,7,0,7,0.06452356486495286,2.0399999618530273
ZSTK,bb_v1@246-251#bo:bo_246#0|burst:burst_246_251#0|tb:tb_250#0,tb_250#0,bo_246#0,burst_246_251#0,新增,1,1,1,0,3,1,5,246,251,250,250,2025-09-19,65,3,101.02351472219597,70,0.7279411280031449,-0.7325000066616953,1,0,0,0,1,1,0,1,0,0.08326883055781906,27.200000762939453
ZSTK,bb_v1@246-251#bo:bo_248#0|burst:burst_246_251#0|tb:tb_250#1,tb_250#1,bo_248#0,burst_246_251#0,新增,1,1,1,0,3,2,3,246,251,250,250,2025-09-19,65,3,101.02351472219597,70,0.7279411280031449,-0.7325000066616953,1,0,0,0,1,1,0,1,0,0.08326883055781906,27.200000762939453
ZTEK,bb_v1@149-155#bo:bo_149#0|burst:burst_149_150#0|tb:tb_153_155#0,tb_153_155#0,bo_149#0,burst_149_150#0,新增,1,1,1,0,2,1,1,149,150,153,155,2025-05-01,67,3,7.391061452513967,108,0.026474070257619053,-0.41473516564456325,0,3,0,0,3,0,3,0,3,0.09045453681970864,1.75
ZTEK,bb_v1@149-155#bo:bo_150#0|burst:burst_149_150#0|tb:tb_153_155#1,tb_153_155#1,bo_150#0,burst_149_150#0,原有,1,1,1,1,2,2,0,149,150,153,155,2025-05-01,67,3,7.391061452513967,108,0.026474070257619053,-0.41473516564456325,0,3,0,0,3,0,3,0,3,0.09045453681970864,1.75
ZURA,bb_v1@200-210#bo:bo_205#0|burst:burst_200_205#0|tb:tb_209_210#0,tb_209_210#0,bo_205#0,burst_200_205#0,原有,1,1,1,1,2,2,0,200,205,209,210,2025-07-23,180,3,14.055056426144827,114,0.35312762295637246,-0.2017733708653246,0,0,0,2,2,2,0,0,0,0.0808722759198206,1.690000057220459
