symbol,match_id,tb_id,bo_id,burst_id,group,n_burst_variants,is_rep,own_burst_exists,own_burst_qualified,burst_count,bo_rank_in_burst,bars_bo_to_burst_end,first_bo_idx,last_bo_idx,tb_start,tb_end,tb_date,first_drought,distinct_pk,max_bar_vol_ratio,peak_age_max,fr,dd,fp_up,fp_down,fp_both,fp_none,n_buy_bars,fp4_up,fp4_down,fp6_up,fp6_down,atr_pct,close_at_buy
AIP,bb_v1@300-310#bo:bo_305#0|burst:burst_300_310#0|tb:tb_307#0,tb_307#0,bo_305#0,burst_300_310#0,新增,1,1,1,0,3,2,5,300,310,307,307,2024-12-06,94,4,4.655402896398069,152,0.40600674806809334,-0.04115682925240627,1,0,0,0,1,1,0,1,0,0.05030309022308495,8.989999771118164
AIP,bb_v1@300-314#bo:bo_310#0|burst:burst_300_310#0|tb:tb_314#0,tb_314#0,bo_310#0,burst_300_310#0,原有,1,1,1,1,3,3,0,300,310,314,314,2024-12-17,94,4,4.655402896398069,152,0.2640000343322755,-0.1279999732971191,1,0,0,0,1,1,0,0,0,0.05171594377438808,10.0
AHCO,bb_v1@110-116#bo:bo_110#0|burst:burst_110#0|tb:tb_113_116#0,tb_113_116#0,bo_110#0,burst_110#0,原有,1,1,1,1,1,1,0,110,110,113,116,2024-03-01,57,3,4.97228354901279,102,0.11853421499261074,-0.13368424702093412,0,0,0,4,4,0,0,0,0,0.0634624652628096,10.520000457763672
ALGS,bb_v1@107-112#bo:bo_109#0|burst:burst_107_109#0|tb:tb_112#0,tb_112#0,bo_109#0,burst_107_109#0,原有,1,1,1,1,2,2,0,107,109,112,112,2024-02-29,87,5,5.241554095861321,100,0.21212121212121215,-0.26262626262626265,0,0,0,1,1,0,1,0,0,0.07539914515323873,24.75
AAOI,bb_v1@238-247#bo:bo_238#0|burst:burst_238_247#0|tb:tb_246#0,tb_246#0,bo_238#0,burst_238_247#0,新增,2,1,1,0,3,1,9,238,247,246,246,2024-09-11,66,5,3.012757567557119,102,0.5610130905159905,-0.04681501682104405,1,0,0,0,1,1,0,1,0,0.07934082494471568,13.029999732971191
AAOI,bb_v1@238-255#bo:bo_238#0|burst:burst_238_255#0|tb:tb_246#0,tb_246#0,bo_238#0,burst_238_255#0,新增,2,0,1,0,4,1,17,238,255,246,246,2024-09-11,66,7,3.012757567557119,128,0.5610130905159905,-0.04681501682104405,1,0,0,0,1,1,0,1,0,0.07934082494471568,13.029999732971191
AAOI,bb_v1@238-247#bo:bo_240#0|burst:burst_238_247#0|tb:tb_246#1,tb_246#1,bo_240#0,burst_238_247#0,新增,2,1,1,0,3,2,7,238,247,246,246,2024-09-11,66,5,3.012757567557119,102,0.5610130905159905,-0.04681501682104405,1,0,0,0,1,1,0,1,0,0.07934082494471568,13.029999732971191
AAOI,bb_v1@238-255#bo:bo_240#0|burst:burst_238_255#0|tb:tb_246#1,tb_246#1,bo_240#0,burst_238_255#0,新增,2,0,1,0,4,2,15,238,255,246,246,2024-09-11,66,7,3.012757567557119,128,0.5610130905159905,-0.04681501682104405,1,0,0,0,1,1,0,1,0,0.07934082494471568,13.029999732971191
AAOI,bb_v1@238-254#bo:bo_247#0|burst:burst_238_247#0|tb:tb_250_254#0,tb_250_254#0,bo_247#0,burst_238_247#0,原有,2,1,1,1,3,3,0,238,247,250,254,2024-09-17,66,5,3.012757567557119,102,1.1126632521609234,-0.09882521563380646,5,0,0,0,5,5,0,5,0,0.08771660677984355,13.579999923706055
AAOI,bb_v1@238-255#bo:bo_247#0|burst:burst_238_255#0|tb:tb_250_254#0,tb_250_254#0,bo_247#0,burst_238_255#0,原有,2,0,1,1,4,3,8,238,255,250,254,2024-09-17,66,7,3.012757567557119,128,1.1126632521609234,-0.09882521563380646,5,0,0,0,5,5,0,5,0,0.08771660677984355,13.579999923706055
AAOI,bb_v1@238-259#bo:bo_255#0|burst:burst_238_255#0|tb:tb_259#0,tb_259#0,bo_255#0,burst_238_255#0,原有,1,1,1,1,4,4,0,238,255,259,259,2024-09-30,66,7,3.012757567557119,128,1.7679943709891615,-0.13207549181702805,1,0,0,0,1,1,0,1,0,0.09229724871970682,14.3100004196167
ADAPY,bb_v1@69-83#bo:bo_75#0|burst:burst_69_75#0|tb:tb_82_83#0,tb_82_83#0,bo_75#0,burst_69_75#0,原有,1,1,1,1,2,2,0,69,75,82,83,2024-01-17,49,3,3.3730629590698333,69,1.8314970217938933,-0.05661469124070406,2,0,0,0,2,2,0,2,0,0.13497750789041849,0.7250000238418579
ACIC,bb_v1@277-289#bo:bo_285#0|burst:burst_277_285#0|tb:tb_288_289#0,tb_288_289#0,bo_285#0,burst_277_285#0,原有,2,1,1,1,2,2,0,277,285,288,289,2024-11-08,174,3,4.246139907131262,60,0.13608736864518123,-0.0774726786832613,0,0,0,2,2,0,0,0,0,0.046082562637094315,11.90058708190918
ACIC,bb_v1@277-289#bo:bo_285#0|burst:burst_277_286#0|tb:tb_288_289#0,tb_288_289#0,bo_285#0,burst_277_286#0,原有,2,0,1,1,3,2,1,277,286,288,289,2024-11-08,174,3,4.246139907131262,60,0.13608736864518123,-0.0774726786832613,0,0,0,2,2,0,0,0,0,0.046082562637094315,11.90058708190918
ACIC,bb_v1@277-289#bo:bo_286#0|burst:burst_277_286#0|tb:tb_288_289#1,tb_288_289#1,bo_286#0,burst_277_286#0,原有,1,1,1,1,3,3,0,277,286,288,289,2024-11-08,174,3,4.246139907131262,60,0.13608736864518123,-0.0774726786832613,0,0,0,2,2,0,0,0,0,0.046082562637094315,11.90058708190918
AMBIQ,bb_v1@214-219#bo:bo_217#0|burst:burst_214_219#0|tb:tb_219#0,tb_219#0,bo_217#0,burst_214_219#0,新增,1,1,1,0,3,2,2,214,219,219,219,2024-08-02,144,3,7.210794281071638,71,0.16593975771091785,-0.3173758872743404,0,1,0,0,1,0,1,0,0,0.08976081718325855,5.639999866485596
AMBIQ,bb_v1@214-221#bo:bo_219#0|burst:burst_214_219#0|tb:tb_221#0,tb_221#0,bo_219#0,burst_214_219#0,原有,1,1,1,1,3,3,0,214,219,221,221,2024-08-06,144,3,7.210794281071638,71,0.2163627243558901,-0.28785469405712294,0,0,0,1,1,0,1,0,0,0.09558726334815584,5.406199932098389
AMBR,bb_v1@296-315#bo:bo_296#0|burst:burst_296#0|tb:tb_311_315#0,tb_311_315#0,bo_296#0,burst_296#0,原有,2,1,1,1,1,1,0,296,296,311,315,2024-12-12,95,3,3.9049907578558223,79,0.4187865778605088,-0.1085831225839979,0,0,0,5,5,0,0,0,0,0.1382361897453565,7.710000038146973
AMBR,bb_v1@296-315#bo:bo_296#0|burst:burst_296_297#0|tb:tb_311_315#0,tb_311_315#0,bo_296#0,burst_296_297#0,原有,2,0,1,1,2,1,1,296,297,311,315,2024-12-12,95,4,3.9049907578558223,162,0.4187865778605088,-0.1085831225839979,0,0,0,5,5,0,0,0,0,0.1382361897453565,7.710000038146973
AMBR,bb_v1@296-315#bo:bo_297#0|burst:burst_296_297#0|tb:tb_311_315#1,tb_311_315#1,bo_297#0,burst_296_297#0,原有,1,1,1,1,2,2,0,296,297,311,315,2024-12-12,95,4,3.9049907578558223,162,0.4187865778605088,-0.1085831225839979,0,0,0,5,5,0,0,0,0,0.1382361897453565,7.710000038146973
ACB,bb_v1@128-138#bo:bo_135#0|burst:burst_128_135#0|tb:tb_138#0,tb_138#0,bo_135#0,burst_128_135#0,原有,1,1,1,1,2,2,0,128,135,138,138,2024-04-08,108,3,20.378870835028835,97,0.3338088553759069,-0.2239657803708528,0,0,0,1,1,0,0,0,0,0.15064791871381245,7.010000228881836
ACHR,bb_v1@288-295#bo:bo_288#0|burst:burst_288_295#0|tb:tb_292#0,tb_292#0,bo_288#0,burst_288_295#0,新增,4,1,1,0,3,1,7,288,295,292,292,2024-11-14,90,3,4.088027180196122,80,1.9079255227035623,-0.05594400308910452,1,0,0,0,1,1,0,1,0,0.07169691097632461,4.289999961853027
ACHR,bb_v1@288-297#bo:bo_288#0|burst:burst_288_297#0|tb:tb_292#0,tb_292#0,bo_288#0,burst_288_297#0,新增,4,0,1,0,4,1,9,288,297,292,292,2024-11-14,90,6,4.088027180196122,197,1.9079255227035623,-0.05594400308910452,1,0,0,0,1,1,0,1,0,0.07169691097632461,4.289999961853027
ACHR,bb_v1@288-298#bo:bo_288#0|burst:burst_288_298#0|tb:tb_292#0,tb_292#0,bo_288#0,burst_288_298#0,新增,4,0,1,0,5,1,10,288,298,292,292,2024-11-14,90,7,4.088027180196122,213,1.9079255227035623,-0.05594400308910452,1,0,0,0,1,1,0,1,0,0.07169691097632461,4.289999961853027
ACHR,bb_v1@288-299#bo:bo_288#0|burst:burst_288_299#0|tb:tb_292#0,tb_292#0,bo_288#0,burst_288_299#0,新增,4,0,1,0,6,1,11,288,299,292,292,2024-11-14,90,8,5.06119267120289,238,1.9079255227035623,-0.05594400308910452,1,0,0,0,1,1,0,1,0,0.07169691097632461,4.289999961853027
ACHR,bb_v1@288-295#bo:bo_289#0|burst:burst_288_295#0|tb:tb_292#1,tb_292#1,bo_289#0,burst_288_295#0,新增,4,1,1,0,3,2,6,288,295,292,292,2024-11-14,90,3,4.088027180196122,80,1.9079255227035623,-0.05594400308910452,1,0,0,0,1,1,0,1,0,0.07169691097632461,4.289999961853027
ACHR,bb_v1@288-297#bo:bo_289#0|burst:burst_288_297#0|tb:tb_292#1,tb_292#1,bo_289#0,burst_288_297#0,新增,4,0,1,0,4,2,8,288,297,292,292,2024-11-14,90,6,4.088027180196122,197,1.9079255227035623,-0.05594400308910452,1,0,0,0,1,1,0,1,0,0.07169691097632461,4.289999961853027
ACHR,bb_v1@288-298#bo:bo_289#0|burst:burst_288_298#0|tb:tb_292#1,tb_292#1,bo_289#0,burst_288_298#0,新增,4,0,1,0,5,2,9,288,298,292,292,2024-11-14,90,7,4.088027180196122,213,1.9079255227035623,-0.05594400308910452,1,0,0,0,1,1,0,1,0,0.07169691097632461,4.289999961853027
ACHR,bb_v1@288-299#bo:bo_289#0|burst:burst_288_299#0|tb:tb_292#1,tb_292#1,bo_289#0,burst_288_299#0,新增,4,0,1,0,6,2,10,288,299,292,292,2024-11-14,90,8,5.06119267120289,238,1.9079255227035623,-0.05594400308910452,1,0,0,0,1,1,0,1,0,0.07169691097632461,4.289999961853027
AENT,bb_v1@81-86#bo:bo_81#0|burst:burst_81_83#0|tb:tb_86#0,tb_86#0,bo_81#0,burst_81_83#0,新增,1,1,1,0,2,1,2,81,83,86,86,2024-01-23,61,3,7.50301762291784,74,0.6357142863224965,-0.2357142352328,0,0,0,1,1,1,0,0,0,0.14721297520116372,1.399999976158142
AENT,bb_v1@81-86#bo:bo_83#0|burst:burst_81_83#0|tb:tb_86#1,tb_86#1,bo_83#0,burst_81_83#0,原有,1,1,1,1,2,2,0,81,83,86,86,2024-01-23,61,3,7.50301762291784,74,0.6357142863224965,-0.2357142352328,0,0,0,1,1,1,0,0,0,0.14721297520116372,1.399999976158142
AMST,bb_v1@66-83#bo:bo_76#0|burst:burst_66_78#0|tb:tb_83#0,tb_83#0,bo_76#0,burst_66_78#0,新增,1,1,1,0,4,3,2,66,78,83,83,2024-01-18,46,3,9.597526165556612,61,0.18385093695047727,-0.23395442937301147,0,0,0,1,1,0,0,0,0,0.10242672584006915,2.4149999618530273
AMST,bb_v1@66-83#bo:bo_78#0|burst:burst_66_78#0|tb:tb_83#1,tb_83#1,bo_78#0,burst_66_78#0,原有,1,1,1,1,4,4,0,66,78,83,83,2024-01-18,46,3,9.597526165556612,61,0.18385093695047727,-0.23395442937301147,0,0,0,1,1,0,0,0,0,0.10242672584006915,2.4149999618530273
AMST,bb_v1@304-308#bo:bo_304#0|burst:burst_304_308#0|tb:tb_306_307#0,tb_306_307#0,bo_304#0,burst_304_308#0,新增,1,1,1,0,3,1,4,304,308,306,307,2024-12-05,153,5,8.131303254644504,141,0.8839366601599222,-0.2792207341746525,2,0,0,0,2,2,0,2,0,0.0607031524130622,3.299999952316284
AMST,bb_v1@304-313#bo:bo_306#0|burst:burst_304_308#0|tb:tb_313#0,tb_313#0,bo_306#0,burst_304_308#0,新增,1,1,1,0,3,2,2,304,308,313,313,2024-12-16,153,5,8.131303254644504,141,0.592131896544734,-0.39086292880397744,1,0,0,0,1,1,0,1,0,0.07537846643850979,3.940000057220459
AMST,bb_v1@304-313#bo:bo_308#0|burst:burst_304_308#0|tb:tb_313#1,tb_313#1,bo_308#0,burst_304_308#0,原有,1,1,1,1,3,3,0,304,308,313,313,2024-12-16,153,5,8.131303254644504,141,0.592131896544734,-0.39086292880397744,1,0,0,0,1,1,0,1,0,0.07537846643850979,3.940000057220459
ADNH,bb_v1@282-299#bo:bo_285#0|burst:burst_282_290#0|tb:tb_294_299#0,tb_294_299#0,bo_285#0,burst_282_290#0,新增,1,1,1,0,4,2,5,282,290,294,299,2024-11-18,74,5,1398.5027453152331,152,0.1471717036066741,-0.39931827370644185,0,0,0,6,6,0,2,0,0,0.19686014088073656,6.25
ADNH,bb_v1@282-299#bo:bo_287#0|burst:burst_282_290#0|tb:tb_294_299#1,tb_294_299#1,bo_287#0,burst_282_290#0,新增,1,1,1,0,4,3,3,282,290,294,299,2024-11-18,74,5,1398.5027453152331,152,0.1471717036066741,-0.39931827370644185,0,0,0,6,6,0,2,0,0,0.19686014088073656,6.25
ADNH,bb_v1@282-299#bo:bo_290#0|burst:burst_282_290#0|tb:tb_294_299#2,tb_294_299#2,bo_290#0,burst_282_290#0,原有,1,1,1,1,4,4,0,282,290,294,299,2024-11-18,74,5,1398.5027453152331,152,0.1471717036066741,-0.39931827370644185,0,0,0,6,6,0,2,0,0,0.19686014088073656,6.25
API,bb_v1@260-262#bo:bo_260#0|burst:burst_260_261#0|tb:tb_262#0,tb_262#0,bo_260#0,burst_260_261#0,新增,1,1,1,0,2,1,1,260,261,262,262,2024-10-03,94,5,514.3264029107775,225,0.3111111153924775,-0.4707070734315766,0,1,0,0,1,0,1,0,1,0.052935265621664576,4.949999809265137
API,bb_v1@260-268#bo:bo_261#0|burst:burst_260_261#0|tb:tb_267_268#0,tb_267_268#0,bo_261#0,burst_260_261#0,原有,1,1,1,1,2,2,0,260,261,267,268,2024-10-10,94,5,514.3264029107775,225,1.0230488119621588,-0.19258679027151032,2,0,0,0,2,2,0,2,0,0.08133751416659432,3.2300000190734863
APLD,bb_v1@180-191#bo:bo_187#0|burst:burst_180_187#0|tb:tb_191#0,tb_191#0,bo_187#0,burst_180_187#0,原有,2,1,1,1,2,2,0,180,187,191,191,2024-06-24,103,3,3.7329858348261586,87,0.18914475490099192,-0.4078947450975964,0,1,0,0,1,0,1,0,1,0.10338188713376922,6.079999923706055
APLD,bb_v1@180-191#bo:bo_187#0|burst:burst_180_189#0|tb:tb_191#0,tb_191#0,bo_187#0,burst_180_189#0,原有,2,0,1,1,3,2,2,180,189,191,191,2024-06-24,103,4,3.7329858348261586,98,0.18914475490099192,-0.4078947450975964,0,1,0,0,1,0,1,0,1,0.10338188713376922,6.079999923706055
APLD,bb_v1@180-191#bo:bo_189#0|burst:burst_180_189#0|tb:tb_191#1,tb_191#1,bo_189#0,burst_180_189#0,原有,1,1,1,1,3,3,0,180,189,191,191,2024-06-24,103,4,3.7329858348261586,98,0.18914475490099192,-0.4078947450975964,0,1,0,0,1,0,1,0,1,0.10338188713376922,6.079999923706055
ARMP,bb_v1@70-81#bo:bo_78#0|burst:burst_70_78#0|tb:tb_80_81#0,tb_80_81#0,bo_78#0,burst_70_78#0,原有,1,1,1,1,2,2,0,70,78,80,81,2024-01-12,50,4,9.530090972708187,72,0.19946667482151748,-0.2610428578183273,0,0,0,2,2,0,0,0,0,0.11366391529169968,3.7300000190734863
ARQ,bb_v1@287-294#bo:bo_287#0|burst:burst_287_294#0|tb:tb_290_291#0,tb_290_291#0,bo_287#0,burst_287_294#0,新增,1,1,1,0,3,1,7,287,294,290,291,2024-11-12,166,4,3.0962196194491365,88,0.14145019724870767,-0.1414492738446433,0,1,0,1,2,2,0,0,0,0.033271581919608086,7.099999904632568
ARQ,bb_v1@287-294#bo:bo_290#0|burst:burst_287_294#0|tb:tb_293#0,tb_293#0,bo_290#0,burst_287_294#0,新增,1,1,1,0,3,2,4,287,294,293,293,2024-11-15,166,4,3.0962196194491365,88,0.17706818778415157,-0.11465892266497024,1,0,0,0,1,1,0,0,0,0.033271581919608086,6.889999866485596
ARQ,bb_v1@287-302#bo:bo_294#0|burst:burst_287_294#0|tb:tb_297_302#0,tb_297_302#0,bo_294#0,burst_287_294#0,原有,1,1,1,1,3,3,0,287,294,297,302,2024-11-21,166,4,3.0962196194491365,88,0.0324049728436005,-0.2056101541493279,0,5,0,1,6,0,6,0,1,0.04246310983442467,7.570000171661377
ARQQ,bb_v1@297-301#bo:bo_297#0|burst:burst_297_299#0|tb:tb_301#0,tb_301#0,bo_297#0,burst_297_299#0,新增,2,1,1,0,3,1,2,297,299,301,301,2024-11-27,183,3,15.953635701369503,146,1.949162125170023,-0.12849158022772034,1,0,0,0,1,1,0,1,0,0.16128441923209536,17.899999618530273
ARQQ,bb_v1@297-304#bo:bo_297#0|burst:burst_297_304#0|tb:tb_301#0,tb_301#0,bo_297#0,burst_297_304#0,新增,2,0,1,0,4,1,7,297,304,301,301,2024-11-27,183,4,15.953635701369503,186,1.949162125170023,-0.12849158022772034,1,0,0,0,1,1,0,1,0,0.16128441923209536,17.899999618530273
ARQQ,bb_v1@297-301#bo:bo_298#0|burst:burst_297_299#0|tb:tb_301#1,tb_301#1,bo_298#0,burst_297_299#0,新增,2,1,1,0,3,2,1,297,299,301,301,2024-11-27,183,3,15.953635701369503,146,1.949162125170023,-0.12849158022772034,1,0,0,0,1,1,0,1,0,0.16128441923209536,17.899999618530273
ARQQ,bb_v1@297-304#bo:bo_298#0|burst:burst_297_304#0|tb:tb_301#1,tb_301#1,bo_298#0,burst_297_304#0,新增,2,0,1,0,4,2,6,297,304,301,301,2024-11-27,183,4,15.953635701369503,186,1.949162125170023,-0.12849158022772034,1,0,0,0,1,1,0,1,0,0.16128441923209536,17.899999618530273
ARQQ,bb_v1@297-301#bo:bo_299#0|burst:burst_297_299#0|tb:tb_301#2,tb_301#2,bo_299#0,burst_297_299#0,原有,2,1,1,1,3,3,0,297,299,301,301,2024-11-27,183,3,15.953635701369503,146,1.949162125170023,-0.12849158022772034,1,0,0,0,1,1,0,1,0,0.16128441923209536,17.899999618530273
ARQQ,bb_v1@297-304#bo:bo_299#0|burst:burst_297_304#0|tb:tb_301#2,tb_301#2,bo_299#0,burst_297_304#0,原有,2,0,1,1,4,3,5,297,304,301,301,2024-11-27,183,4,15.953635701369503,186,1.949162125170023,-0.12849158022772034,1,0,0,0,1,1,0,1,0,0.16128441923209536,17.899999618530273
ARQQ,bb_v1@297-313#bo:bo_304#0|burst:burst_297_304#0|tb:tb_307_313#0,tb_307_313#0,bo_304#0,burst_297_304#0,原有,1,1,1,1,4,4,0,297,304,307,313,2024-12-06,183,4,15.953635701369503,186,1.1636474433618382,-0.3606194287471059,2,0,0,5,7,6,0,2,0,0.1849380166292781,22.84000015258789
ARBB,bb_v1@271-285#bo:bo_271#0|burst:burst_271_278#0|tb:tb_282_285#0,tb_282_285#0,bo_271#0,burst_271_278#0,新增,1,1,1,0,2,1,7,271,278,282,285,2024-10-31,203,4,2113.1536908332723,78,1.2045649987287206,-0.250054174030487,4,0,0,0,4,4,0,4,0,0.12691902721432669,7.5
ARBB,bb_v1@271-285#bo:bo_278#0|burst:burst_271_278#0|tb:tb_282_285#1,tb_282_285#1,bo_278#0,burst_271_278#0,原有,1,1,1,1,2,2,0,271,278,282,285,2024-10-31,203,4,2113.1536908332723,78,1.2045649987287206,-0.250054174030487,4,0,0,0,4,4,0,4,0,0.12691902721432669,7.5
BAER,bb_v1@273-278#bo:bo_273#0|burst:burst_273_275#0|tb:tb_277_278#0,tb_277_278#0,bo_273#0,burst_273_275#0,新增,1,1,1,0,3,1,2,273,275,277,278,2024-10-24,208,3,30.364932713983197,65,0.20528650134875237,-0.3916172950083206,0,2,0,0,2,0,2,0,2,0.09172429750351717,3.5199999809265137
BAER,bb_v1@273-278#bo:bo_274#0|burst:burst_273_275#0|tb:tb_277_278#1,tb_277_278#1,bo_274#0,burst_273_275#0,新增,1,1,1,0,3,2,1,273,275,277,278,2024-10-24,208,3,30.364932713983197,65,0.20528650134875237,-0.3916172950083206,0,2,0,0,2,0,2,0,2,0.09172429750351717,3.5199999809265137
BAER,bb_v1@273-278#bo:bo_275#0|burst:burst_273_275#0|tb:tb_277_278#2,tb_277_278#2,bo_275#0,burst_273_275#0,原有,1,1,1,1,3,3,0,273,275,277,278,2024-10-24,208,3,30.364932713983197,65,0.20528650134875237,-0.3916172950083206,0,2,0,0,2,0,2,0,2,0.09172429750351717,3.5199999809265137
ATHE,bb_v1@302-314#bo:bo_302#0|burst:burst_302_304#0|tb:tb_312_314#0,tb_312_314#0,bo_302#0,burst_302_304#0,新增,3,1,1,0,3,1,2,302,304,312,314,2024-12-13,161,3,71.14461335095837,68,1.5242872660014488,-0.12273491878295413,3,0,0,0,3,3,0,3,0,0.09902093445859941,2.4000000953674316
ATHE,bb_v1@302-314#bo:bo_302#0|burst:burst_302_305#0|tb:tb_312_314#0,tb_312_314#0,bo_302#0,burst_302_305#0,新增,3,0,1,0,4,1,3,302,305,312,314,2024-12-13,161,3,71.14461335095837,69,1.5242872660014488,-0.12273491878295413,3,0,0,0,3,3,0,3,0,0.09902093445859941,2.4000000953674316
ATHE,bb_v1@302-314#bo:bo_302#0|burst:burst_302_308#0|tb:tb_312_314#0,tb_312_314#0,bo_302#0,burst_302_308#0,新增,3,0,1,0,5,1,6,302,308,312,314,2024-12-13,161,4,71.14461335095837,101,1.5242872660014488,-0.12273491878295413,3,0,0,0,3,3,0,3,0,0.09902093445859941,2.4000000953674316
ATHE,bb_v1@302-314#bo:bo_303#0|burst:burst_302_304#0|tb:tb_312_314#1,tb_312_314#1,bo_303#0,burst_302_304#0,新增,3,1,1,0,3,2,1,302,304,312,314,2024-12-13,161,3,71.14461335095837,68,1.5242872660014488,-0.12273491878295413,3,0,0,0,3,3,0,3,0,0.09902093445859941,2.4000000953674316
ATHE,bb_v1@302-314#bo:bo_303#0|burst:burst_302_305#0|tb:tb_312_314#1,tb_312_314#1,bo_303#0,burst_302_305#0,新增,3,0,1,0,4,2,2,302,305,312,314,2024-12-13,161,3,71.14461335095837,69,1.5242872660014488,-0.12273491878295413,3,0,0,0,3,3,0,3,0,0.09902093445859941,2.4000000953674316
ATHE,bb_v1@302-314#bo:bo_303#0|burst:burst_302_308#0|tb:tb_312_314#1,tb_312_314#1,bo_303#0,burst_302_308#0,新增,3,0,1,0,5,2,5,302,308,312,314,2024-12-13,161,4,71.14461335095837,101,1.5242872660014488,-0.12273491878295413,3,0,0,0,3,3,0,3,0,0.09902093445859941,2.4000000953674316
ATHE,bb_v1@302-314#bo:bo_304#0|burst:burst_302_304#0|tb:tb_312_314#2,tb_312_314#2,bo_304#0,burst_302_304#0,原有,3,1,1,1,3,3,0,302,304,312,314,2024-12-13,161,3,71.14461335095837,68,1.5242872660014488,-0.12273491878295413,3,0,0,0,3,3,0,3,0,0.09902093445859941,2.4000000953674316
ATHE,bb_v1@302-314#bo:bo_304#0|burst:burst_302_305#0|tb:tb_312_314#2,tb_312_314#2,bo_304#0,burst_302_305#0,原有,3,0,1,1,4,3,1,302,305,312,314,2024-12-13,161,3,71.14461335095837,69,1.5242872660014488,-0.12273491878295413,3,0,0,0,3,3,0,3,0,0.09902093445859941,2.4000000953674316
ATHE,bb_v1@302-314#bo:bo_304#0|burst:burst_302_308#0|tb:tb_312_314#2,tb_312_314#2,bo_304#0,burst_302_308#0,原有,3,0,1,1,5,3,4,302,308,312,314,2024-12-13,161,4,71.14461335095837,101,1.5242872660014488,-0.12273491878295413,3,0,0,0,3,3,0,3,0,0.09902093445859941,2.4000000953674316
ATHE,bb_v1@302-314#bo:bo_305#0|burst:burst_302_305#0|tb:tb_312_314#3,tb_312_314#3,bo_305#0,burst_302_305#0,原有,2,1,1,1,4,4,0,302,305,312,314,2024-12-13,161,3,71.14461335095837,69,1.5242872660014488,-0.12273491878295413,3,0,0,0,3,3,0,3,0,0.09902093445859941,2.4000000953674316
ATHE,bb_v1@302-314#bo:bo_305#0|burst:burst_302_308#0|tb:tb_312_314#3,tb_312_314#3,bo_305#0,burst_302_308#0,原有,2,0,1,1,5,4,3,302,308,312,314,2024-12-13,161,4,71.14461335095837,101,1.5242872660014488,-0.12273491878295413,3,0,0,0,3,3,0,3,0,0.09902093445859941,2.4000000953674316
ATHE,bb_v1@302-314#bo:bo_308#0|burst:burst_302_308#0|tb:tb_312_314#4,tb_312_314#4,bo_308#0,burst_302_308#0,原有,1,1,1,1,5,5,0,302,308,312,314,2024-12-13,161,4,71.14461335095837,101,1.5242872660014488,-0.12273491878295413,3,0,0,0,3,3,0,3,0,0.09902093445859941,2.4000000953674316
BCRX,bb_v1@158-176#bo:bo_165#0|burst:burst_158_166#0|tb:tb_169_176#0,tb_169_176#0,bo_165#0,burst_158_166#0,新增,1,1,1,0,3,2,1,158,166,169,176,2024-05-21,82,4,3.08983725389328,66,0.22115612156282738,-0.06894554526515367,0,0,0,8,8,1,0,0,0,0.06303910490558075,6.420000076293945
BCRX,bb_v1@158-176#bo:bo_166#0|burst:burst_158_166#0|tb:tb_169_176#1,tb_169_176#1,bo_166#0,burst_158_166#0,原有,1,1,1,1,3,3,0,158,166,169,176,2024-05-21,82,4,3.08983725389328,66,0.22115612156282738,-0.06894554526515367,0,0,0,8,8,1,0,0,0,0.06303910490558075,6.420000076293945
AUST,bb_v1@255-260#bo:bo_255#0|burst:burst_255_260#0|tb:tb_257_259#0,tb_257_259#0,bo_255#0,burst_255_260#0,新增,2,1,1,0,2,1,5,255,260,257,259,2024-09-26,139,3,5.658771604730299,91,1.7982456993418292,-0.01725146666641571,3,0,0,0,3,3,0,3,0,0.06735855055413742,1.1399999856948853
AUST,bb_v1@255-267#bo:bo_255#0|burst:burst_255_267#0|tb:tb_257_259#0,tb_257_259#0,bo_255#0,burst_255_267#0,新增,2,0,1,0,3,1,12,255,267,257,259,2024-09-26,139,5,9.14262881291651,144,1.7982456993418292,-0.01725146666641571,3,0,0,0,3,3,0,3,0,0.06735855055413742,1.1399999856948853
AUST,bb_v1@255-266#bo:bo_260#0|burst:burst_255_260#0|tb:tb_265_266#0,tb_265_266#0,bo_260#0,burst_255_260#0,原有,2,1,1,1,2,2,0,255,260,265,266,2024-10-08,139,3,5.658771604730299,91,1.4856665142277758,-0.003190270548499019,2,0,0,0,2,2,0,2,0,0.07352399936986681,1.2699999809265137
AUST,bb_v1@255-267#bo:bo_260#0|burst:burst_255_267#0|tb:tb_265_266#0,tb_265_266#0,bo_260#0,burst_255_267#0,原有,2,0,1,1,3,2,7,255,267,265,266,2024-10-08,139,5,9.14262881291651,144,1.4856665142277758,-0.003190270548499019,2,0,0,0,2,2,0,2,0,0.07352399936986681,1.2699999809265137
AUST,bb_v1@255-272#bo:bo_267#0|burst:burst_255_267#0|tb:tb_272#0,tb_272#0,bo_267#0,burst_255_267#0,原有,1,1,1,1,3,3,0,255,267,272,272,2024-10-17,139,5,9.14262881291651,144,0.7722223009592242,-0.24444441648177084,1,0,0,0,1,1,0,1,0,0.10287157879684589,1.7999999523162842
ASTS,bb_v1@166-182#bo:bo_166#0|burst:burst_166#0|tb:tb_177_182#0,tb_177_182#0,bo_166#0,burst_166#0,原有,2,1,1,1,1,1,0,166,166,177,182,2024-06-03,116,4,23.351065862379563,66,1.4582066613906246,-0.06836917581909387,6,0,0,0,6,6,0,6,0,0.13996171147299044,8.380000114440918
ASTS,bb_v1@166-182#bo:bo_166#0|burst:burst_166_174#0|tb:tb_177_182#0,tb_177_182#0,bo_166#0,burst_166_174#0,原有,2,0,1,1,2,1,8,166,174,177,182,2024-06-03,116,5,23.351065862379563,105,1.4582066613906246,-0.06836917581909387,6,0,0,0,6,6,0,6,0,0.13996171147299044,8.380000114440918
ASTS,bb_v1@166-182#bo:bo_174#0|burst:burst_166_174#0|tb:tb_177_182#1,tb_177_182#1,bo_174#0,burst_166_174#0,原有,1,1,1,1,2,2,0,166,174,177,182,2024-06-03,116,5,23.351065862379563,105,1.4582066613906246,-0.06836917581909387,6,0,0,0,6,6,0,6,0,0.13996171147299044,8.380000114440918
ATAI,bb_v1@288-305#bo:bo_295#0|burst:burst_288_295#0|tb:tb_298_305#0,tb_298_305#0,bo_295#0,burst_288_295#0,原有,1,1,1,1,3,3,0,288,295,298,305,2024-11-22,83,3,8.005738518578278,80,0.17357362567806495,-0.313145638584535,0,0,0,8,8,0,2,0,0,0.12484985466804033,1.6100000143051147
AVXL,bb_v1@203-215#bo:bo_203#0|burst:burst_203_215#0|tb:tb_207#0,tb_207#0,bo_203#0,burst_203_215#0,新增,1,1,1,0,4,1,12,203,215,207,207,2024-07-17,143,4,3.031684699681917,126,0.26520264773494295,-0.16722976945890256,0,0,0,1,1,0,0,0,0,0.06632302456479527,5.920000076293945
AVXL,bb_v1@203-215#bo:bo_205#0|burst:burst_203_215#0|tb:tb_207#1,tb_207#1,bo_205#0,burst_203_215#0,新增,1,1,1,0,4,2,10,203,215,207,207,2024-07-17,143,4,3.031684699681917,126,0.26520264773494295,-0.16722976945890256,0,0,0,1,1,0,0,0,0,0.06632302456479527,5.920000076293945
AVXL,bb_v1@203-215#bo:bo_211#0|burst:burst_203_215#0|tb:tb_213_215#0,tb_213_215#0,bo_211#0,burst_203_215#0,新增,1,1,1,0,4,3,4,203,215,213,215,2024-07-25,143,4,3.031684699681917,126,0.0744501961427378,-0.2825005772108504,0,3,0,0,3,0,3,0,0,0.07151964586092399,6.840000152587891
AVXL,bb_v1@203-221#bo:bo_215#0|burst:burst_203_215#0|tb:tb_217_221#0,tb_217_221#0,bo_215#0,burst_203_215#0,原有,1,1,1,1,4,4,0,203,215,217,221,2024-07-31,143,4,3.031684699681917,126,0.08098987763259569,-0.2556871473830148,0,0,0,5,5,0,4,0,0,0.07819268845288652,6.795000076293945
AVXL,bb_v1@282-301#bo:bo_282#0|burst:burst_282_284#0|tb:tb_294_301#0,tb_294_301#0,bo_282#0,burst_282_284#0,新增,2,1,1,0,3,1,2,282,284,294,301,2024-11-18,67,3,8.722985173527706,62,0.6700428499113025,-0.126945376198722,8,0,0,0,8,8,0,8,0,0.07607130942036376,7.449999809265137
AVXL,bb_v1@282-301#bo:bo_282#0|burst:burst_282_285#0|tb:tb_294_301#0,tb_294_301#0,bo_282#0,burst_282_285#0,新增,2,0,1,0,4,1,3,282,285,294,301,2024-11-18,67,4,8.722985173527706,70,0.6700428499113025,-0.126945376198722,8,0,0,0,8,8,0,8,0,0.07607130942036376,7.449999809265137
AVXL,bb_v1@282-301#bo:bo_283#0|burst:burst_282_284#0|tb:tb_294_301#1,tb_294_301#1,bo_283#0,burst_282_284#0,新增,2,1,1,0,3,2,1,282,284,294,301,2024-11-18,67,3,8.722985173527706,62,0.6700428499113025,-0.126945376198722,8,0,0,0,8,8,0,8,0,0.07607130942036376,7.449999809265137
AVXL,bb_v1@282-301#bo:bo_283#0|burst:burst_282_285#0|tb:tb_294_301#1,tb_294_301#1,bo_283#0,burst_282_285#0,新增,2,0,1,0,4,2,2,282,285,294,301,2024-11-18,67,4,8.722985173527706,70,0.6700428499113025,-0.126945376198722,8,0,0,0,8,8,0,8,0,0.07607130942036376,7.449999809265137
AVXL,bb_v1@282-301#bo:bo_284#0|burst:burst_282_284#0|tb:tb_294_301#2,tb_294_301#2,bo_284#0,burst_282_284#0,原有,2,1,1,1,3,3,0,282,284,294,301,2024-11-18,67,3,8.722985173527706,62,0.6700428499113025,-0.126945376198722,8,0,0,0,8,8,0,8,0,0.07607130942036376,7.449999809265137
AVXL,bb_v1@282-301#bo:bo_284#0|burst:burst_282_285#0|tb:tb_294_301#2,tb_294_301#2,bo_284#0,burst_282_285#0,原有,2,0,1,1,4,3,1,282,285,294,301,2024-11-18,67,4,8.722985173527706,70,0.6700428499113025,-0.126945376198722,8,0,0,0,8,8,0,8,0,0.07607130942036376,7.449999809265137
AVXL,bb_v1@282-301#bo:bo_285#0|burst:burst_282_285#0|tb:tb_294_301#3,tb_294_301#3,bo_285#0,burst_282_285#0,原有,1,1,1,1,4,4,0,282,285,294,301,2024-11-18,67,4,8.722985173527706,70,0.6700428499113025,-0.126945376198722,8,0,0,0,8,8,0,8,0,0.07607130942036376,7.449999809265137
AYTU,bb_v1@100-105#bo:bo_100#0|burst:burst_100_105#0|tb:tb_104_105#0,tb_104_105#0,bo_100#0,burst_100_105#0,新增,1,1,1,0,4,1,5,100,105,104,105,2024-02-16,79,3,3.88736877373241,69,0.04836695798942048,-0.17805548976688046,0,1,0,1,2,0,2,0,0,0.045389389569885474,3.1700000762939453
AYTU,bb_v1@100-105#bo:bo_101#0|burst:burst_100_105#0|tb:tb_104_105#1,tb_104_105#1,bo_101#0,burst_100_105#0,新增,1,1,1,0,4,2,4,100,105,104,105,2024-02-16,79,3,3.88736877373241,69,0.04836695798942048,-0.17805548976688046,0,1,0,1,2,0,2,0,0,0.045389389569885474,3.1700000762939453
AYTU,bb_v1@100-105#bo:bo_102#0|burst:burst_100_105#0|tb:tb_104_105#2,tb_104_105#2,bo_102#0,burst_100_105#0,新增,1,1,1,0,4,3,3,100,105,104,105,2024-02-16,79,3,3.88736877373241,69,0.04836695798942048,-0.17805548976688046,0,1,0,1,2,0,2,0,0,0.045389389569885474,3.1700000762939453
BE,bb_v1@285-293#bo:bo_288#0|burst:burst_285_293#0|tb:tb_291#0,tb_291#0,bo_288#0,burst_285_293#0,新增,1,1,1,0,3,2,5,285,293,291,291,2024-11-13,115,4,11.76124392611946,123,1.1102941145533922,-0.060294163639568854,1,0,0,0,1,1,0,1,0,0.06306284392352654,13.600000381469727
BE,bb_v1@285-308#bo:bo_293#0|burst:burst_285_293#0|tb:tb_300_308#0,tb_300_308#0,bo_293#0,burst_285_293#0,原有,1,1,1,1,3,3,0,285,293,300,308,2024-11-26,115,4,11.76124392611946,123,0.11982225900306413,-0.2558297983590514,0,5,0,4,9,0,9,0,0,0.07060284658205748,26.170000076293945
BEAT,bb_v1@168-179#bo:bo_172#0|burst:burst_168_173#0|tb:tb_179#0,tb_179#0,bo_172#0,burst_168_173#0,新增,1,1,1,0,3,2,1,168,173,179,179,2024-06-05,51,3,5.743155912884185,103,0.18749999452163202,-0.25735295600028996,0,0,0,1,1,0,1,0,0,0.07774555671866709,2.7200000286102295
BEAT,bb_v1@168-179#bo:bo_173#0|burst:burst_168_173#0|tb:tb_179#1,tb_179#1,bo_173#0,burst_168_173#0,原有,1,1,1,1,3,3,0,168,173,179,179,2024-06-05,51,3,5.743155912884185,103,0.18749999452163202,-0.25735295600028996,0,0,0,1,1,0,1,0,0,0.07774555671866709,2.7200000286102295
BILI,bb_v1@253-263#bo:bo_253#0|burst:burst_253_255#0|tb:tb_263#0,tb_263#0,bo_253#0,burst_253_255#0,新增,1,1,1,0,2,1,2,253,255,263,263,2024-10-04,63,4,3.2994293018534533,64,0.007979732431568687,-0.3500181256926851,0,1,0,0,1,0,1,0,1,0.05635886023200585,27.56999969482422
BILI,bb_v1@253-263#bo:bo_255#0|burst:burst_253_255#0|tb:tb_263#1,tb_263#1,bo_255#0,burst_253_255#0,原有,1,1,1,1,2,2,0,253,255,263,263,2024-10-04,63,4,3.2994293018534533,64,0.007979732431568687,-0.3500181256926851,0,1,0,0,1,0,1,0,1,0.05635886023200585,27.56999969482422
BEKE,bb_v1@255-263#bo:bo_260#0|burst:burst_255_260#0|tb:tb_262_263#0,tb_262_263#0,bo_260#0,burst_255_260#0,原有,1,1,1,1,2,2,0,255,260,262,263,2024-10-03,99,3,7.513665511752874,93,0.008259167881852547,-0.3007161589544287,0,2,0,0,2,0,2,0,2,0.051958572448023384,24.72446060180664
BLFS,bb_v1@162-170#bo:bo_162#0|burst:burst_162#0|tb:tb_170#0,tb_170#0,bo_162#0,burst_162#0,原有,1,1,1,1,1,1,0,162,162,170,170,2024-05-22,64,3,4.238220509050448,62,0.06489945753015247,-0.14533814075867324,0,0,0,1,1,0,0,0,0,0.0501325102870692,21.8799991607666
BNTC,bb_v1@106-126#bo:bo_106#0|burst:burst_106_109#0|tb:tb_119_126#0,tb_119_126#0,bo_106#0,burst_106_109#0,新增,1,1,1,0,2,1,3,106,109,119,126,2024-03-11,86,3,5.978808353808354,75,1.010539984211492,-0.07190816711287856,8,0,0,0,8,8,0,8,0,0.07464109356175164,4.960000038146973
BNTC,bb_v1@106-129#bo:bo_109#0|burst:burst_106_109#0|tb:tb_119_129#0,tb_119_129#0,bo_109#0,burst_106_109#0,原有,1,1,1,1,2,2,0,106,109,119,129,2024-03-11,86,3,5.978808353808354,75,1.0386186384913085,-0.06589142979872863,11,0,0,0,11,11,0,11,0,0.07464109356175164,4.960000038146973
BNTC,bb_v1@307-316#bo:bo_307#0|burst:burst_307_310#0|tb:tb_313_316#0,tb_313_316#0,bo_307#0,burst_307_310#0,新增,1,1,1,0,3,1,3,307,310,313,316,2024-12-16,47,4,3.2993858751279426,103,0.05954343457414518,-0.21326086461473825,0,0,0,4,4,0,1,0,0,0.07879260284693508,12.579999923706055
BNTC,bb_v1@307-316#bo:bo_308#0|burst:burst_307_310#0|tb:tb_313_316#1,tb_313_316#1,bo_308#0,burst_307_310#0,新增,1,1,1,0,3,2,2,307,310,313,316,2024-12-16,47,4,3.2993858751279426,103,0.05954343457414518,-0.21326086461473825,0,0,0,4,4,0,1,0,0,0.07879260284693508,12.579999923706055
BNTC,bb_v1@307-316#bo:bo_310#0|burst:burst_307_310#0|tb:tb_313_316#2,tb_313_316#2,bo_310#0,burst_307_310#0,原有,1,1,1,1,3,3,0,307,310,313,316,2024-12-16,47,4,3.2993858751279426,103,0.05954343457414518,-0.21326086461473825,0,0,0,4,4,0,1,0,0,0.07879260284693508,12.579999923706055
BOF,bb_v1@237-249#bo:bo_237#0|burst:burst_237_240#0|tb:tb_247_249#0,tb_247_249#0,bo_237#0,burst_237_240#0,新增,1,1,1,0,3,1,3,237,240,247,249,2024-09-12,137,3,2132.541517503564,86,0.21392611567082218,-0.3900125930668252,0,0,0,3,3,0,0,0,0,0.20359609208774138,2.200000047683716
BOF,bb_v1@237-249#bo:bo_238#0|burst:burst_237_240#0|tb:tb_247_249#1,tb_247_249#1,bo_238#0,burst_237_240#0,新增,1,1,1,0,3,2,2,237,240,247,249,2024-09-12,137,3,2132.541517503564,86,0.21392611567082218,-0.3900125930668252,0,0,0,3,3,0,0,0,0,0.20359609208774138,2.200000047683716
BOF,bb_v1@237-249#bo:bo_240#0|burst:burst_237_240#0|tb:tb_247_249#2,tb_247_249#2,bo_240#0,burst_237_240#0,原有,1,1,1,1,3,3,0,237,240,247,249,2024-09-12,137,3,2132.541517503564,86,0.21392611567082218,-0.3900125930668252,0,0,0,3,3,0,0,0,0,0.20359609208774138,2.200000047683716
CCEL,bb_v1@281-300#bo:bo_287#0|burst:burst_281_287#0|tb:tb_297_300#0,tb_297_300#0,bo_287#0,burst_281_287#0,原有,2,1,1,1,2,2,0,281,287,297,300,2024-11-21,129,3,50.066098081023455,75,0.05581173916136928,-0.21800319487969164,0,0,0,4,4,0,2,0,0,0.0721084372183308,7.806941509246826
CCEL,bb_v1@281-300#bo:bo_287#0|burst:burst_281_289#0|tb:tb_297_300#0,tb_297_300#0,bo_287#0,burst_281_289#0,原有,2,0,1,1,3,2,2,281,289,297,300,2024-11-21,129,4,50.066098081023455,99,0.05581173916136928,-0.21800319487969164,0,0,0,4,4,0,2,0,0,0.0721084372183308,7.806941509246826
CCEL,bb_v1@281-300#bo:bo_289#0|burst:burst_281_289#0|tb:tb_297_300#1,tb_297_300#1,bo_289#0,burst_281_289#0,原有,1,1,1,1,3,3,0,281,289,297,300,2024-11-21,129,4,50.066098081023455,99,0.05581173916136928,-0.21800319487969164,0,0,0,4,4,0,2,0,0,0.0721084372183308,7.806941509246826
CAPR,bb_v1@250-265#bo:bo_254#0|burst:burst_250_255#0|tb:tb_265#0,tb_265#0,bo_254#0,burst_250_255#0,新增,1,1,1,0,3,2,1,250,255,265,265,2024-10-08,83,7,71.3712130208256,130,0.2105535287577951,-0.35281943723446485,0,0,0,1,1,0,0,0,0,0.14684177566105122,19.329999923706055
CAPR,bb_v1@250-265#bo:bo_255#0|burst:burst_250_255#0|tb:tb_265#1,tb_265#1,bo_255#0,burst_250_255#0,原有,1,1,1,1,3,3,0,250,255,265,265,2024-10-08,83,7,71.3712130208256,130,0.2105535287577951,-0.35281943723446485,0,0,0,1,1,0,0,0,0,0.14684177566105122,19.329999923706055
CHRS,bb_v1@296-304#bo:bo_300#0|burst:burst_296_304#0|tb:tb_303#0,tb_303#0,bo_300#0,burst_296_304#0,新增,1,1,1,0,3,2,4,296,304,303,303,2024-12-02,90,4,38.619573480595875,76,0.7737226702915572,-0.24817520598190468,1,0,0,0,1,1,0,1,0,0.11281017949758065,1.3700000047683716
CHRS,bb_v1@296-310#bo:bo_304#0|burst:burst_296_304#0|tb:tb_307_310#0,tb_307_310#0,bo_304#0,burst_296_304#0,原有,1,1,1,1,3,3,0,296,304,307,310,2024-12-06,90,4,38.619573480595875,76,0.07537946120575567,-0.3810603541256169,0,0,0,4,4,0,4,0,0,0.13395654557125558,1.7000000476837158
BTDR,bb_v1@178-196#bo:bo_184#0|burst:burst_178_185#0|tb:tb_189_196#0,tb_189_196#0,bo_184#0,burst_178_185#0,新增,1,1,1,0,3,2,1,178,185,189,196,2024-06-20,125,6,4.281603557854563,94,0.31266142145226505,-0.37891197623693584,0,7,0,1,8,0,8,0,5,0.0902970973317752,9.859999656677246
BTDR,bb_v1@178-196#bo:bo_185#0|burst:burst_178_185#0|tb:tb_189_196#1,tb_189_196#1,bo_185#0,burst_178_185#0,原有,1,1,1,1,3,3,0,178,185,189,196,2024-06-20,125,6,4.281603557854563,94,0.31266142145226505,-0.37891197623693584,0,7,0,1,8,0,8,0,5,0.0902970973317752,9.859999656677246
BTG,bb_v1@247-253#bo:bo_247#0|burst:burst_247_249#0|tb:tb_252_253#0,tb_252_253#0,bo_247#0,burst_247_249#0,新增,1,1,1,0,3,1,2,247,249,252,253,2024-09-19,41,4,3.60351544930118,226,0.0464524691042949,-0.20617540364114428,0,2,0,0,2,0,2,0,2,0.029704223310445116,3.1938626766204834
BTG,bb_v1@247-253#bo:bo_248#0|burst:burst_247_249#0|tb:tb_252_253#1,tb_252_253#1,bo_248#0,burst_247_249#0,新增,1,1,1,0,3,2,1,247,249,252,253,2024-09-19,41,4,3.60351544930118,226,0.0464524691042949,-0.20617540364114428,0,2,0,0,2,0,2,0,2,0.029704223310445116,3.1938626766204834
BTG,bb_v1@247-253#bo:bo_249#0|burst:burst_247_249#0|tb:tb_252_253#2,tb_252_253#2,bo_249#0,burst_247_249#0,原有,1,1,1,1,3,3,0,247,249,252,253,2024-09-19,41,4,3.60351544930118,226,0.0464524691042949,-0.20617540364114428,0,2,0,0,2,0,2,0,2,0.029704223310445116,3.1938626766204834
CNK,bb_v1@103-115#bo:bo_111#0|burst:burst_103_113#0|tb:tb_115#0,tb_115#0,bo_111#0,burst_103_113#0,新增,2,1,1,0,3,2,2,103,113,115,115,2024-03-05,83,3,3.417488377506353,80,0.18466927871560213,-0.015679222987702968,0,0,0,1,1,1,0,0,0,0.03943820155383751,16.90350341796875
CNK,bb_v1@103-120#bo:bo_111#0|burst:burst_103_120#0|tb:tb_115#0,tb_115#0,bo_111#0,burst_103_120#0,新增,2,0,1,0,4,2,9,103,120,115,115,2024-03-05,83,3,3.417488377506353,87,0.18466927871560213,-0.015679222987702968,0,0,0,1,1,1,0,0,0,0.03943820155383751,16.90350341796875
CNK,bb_v1@103-115#bo:bo_113#0|burst:burst_103_113#0|tb:tb_115#1,tb_115#1,bo_113#0,burst_103_113#0,原有,2,1,1,1,3,3,0,103,113,115,115,2024-03-05,83,3,3.417488377506353,80,0.18466927871560213,-0.015679222987702968,0,0,0,1,1,1,0,0,0,0.03943820155383751,16.90350341796875
CNK,bb_v1@103-120#bo:bo_113#0|burst:burst_103_120#0|tb:tb_115#1,tb_115#1,bo_113#0,burst_103_120#0,原有,2,0,1,1,4,3,7,103,120,115,115,2024-03-05,83,3,3.417488377506353,87,0.18466927871560213,-0.015679222987702968,0,0,0,1,1,1,0,0,0,0.03943820155383751,16.90350341796875
CNK,bb_v1@103-128#bo:bo_120#0|burst:burst_103_120#0|tb:tb_128#0,tb_128#0,bo_120#0,burst_103_120#0,原有,1,1,1,1,4,4,0,103,120,128,128,2024-03-22,83,3,3.417488377506353,87,0.1352255115849903,-0.07178629023485095,0,0,0,1,1,0,0,0,0,0.0372476703908712,17.639720916748047
BWEN,bb_v1@166-171#bo:bo_166#0|burst:burst_166_167#0|tb:tb_170_171#0,tb_170_171#0,bo_166#0,burst_166_167#0,新增,2,1,1,0,2,1,1,166,167,170,171,2024-05-22,146,4,14.371730167148552,98,0.26876088596953307,-0.17325906035613226,0,0,0,2,2,2,0,0,0,0.05641973135905913,3.6700000762939453
BWEN,bb_v1@166-171#bo:bo_166#0|burst:burst_166_168#0|tb:tb_170_171#0,tb_170_171#0,bo_166#0,burst_166_168#0,新增,2,0,1,0,3,1,2,166,168,170,171,2024-05-22,146,5,14.371730167148552,155,0.26876088596953307,-0.17325906035613226,0,0,0,2,2,2,0,0,0,0.05641973135905913,3.6700000762939453
BWEN,bb_v1@166-171#bo:bo_167#0|burst:burst_166_167#0|tb:tb_170_171#1,tb_170_171#1,bo_167#0,burst_166_167#0,原有,2,1,1,1,2,2,0,166,167,170,171,2024-05-22,146,4,14.371730167148552,98,0.26876088596953307,-0.17325906035613226,0,0,0,2,2,2,0,0,0,0.05641973135905913,3.6700000762939453
BWEN,bb_v1@166-171#bo:bo_167#0|burst:burst_166_168#0|tb:tb_170_171#1,tb_170_171#1,bo_167#0,burst_166_168#0,原有,2,0,1,1,3,2,1,166,168,170,171,2024-05-22,146,5,14.371730167148552,155,0.26876088596953307,-0.17325906035613226,0,0,0,2,2,2,0,0,0,0.05641973135905913,3.6700000762939453
BWEN,bb_v1@166-171#bo:bo_168#0|burst:burst_166_168#0|tb:tb_170_171#2,tb_170_171#2,bo_168#0,burst_166_168#0,原有,1,1,1,1,3,3,0,166,168,170,171,2024-05-22,146,5,14.371730167148552,155,0.26876088596953307,-0.17325906035613226,0,0,0,2,2,2,0,0,0,0.05641973135905913,3.6700000762939453
CAN,bb_v1@280-296#bo:bo_289#0|burst:burst_280_289#0|tb:tb_293_296#0,tb_293_296#0,bo_289#0,burst_280_289#0,原有,1,1,1,1,3,3,0,280,289,293,296,2024-11-15,217,3,8.118887116850786,162,1.0334401795006642,-0.07690263923311158,4,0,0,0,4,4,0,4,0,0.1281892420254629,1.649999976158142
CANG,bb_v1@278-285#bo:bo_278#0|burst:burst_278#0|tb:tb_285#0,tb_285#0,bo_278#0,burst_278#0,原有,1,1,1,1,1,1,0,278,278,285,285,2024-11-05,74,3,9.330316742081449,73,2.4134275999420383,-0.11660775003622614,1,0,0,0,1,1,0,1,0,0.08532881275577839,14.149999618530273
BYRN,bb_v1@241-251#bo:bo_247#0|burst:burst_241_247#0|tb:tb_251#0,tb_251#0,bo_247#0,burst_241_247#0,原有,1,1,1,1,2,2,0,241,247,251,251,2024-09-18,108,4,7.327854948451665,108,0.1684716664063477,-0.2117930373056487,0,1,0,0,1,0,1,0,0,0.05167648141329784,16.6200008392334
BYSI,bb_v1@93-99#bo:bo_93#0|burst:burst_93_99#0|tb:tb_97#0,tb_97#0,bo_93#0,burst_93_99#0,新增,1,1,1,0,4,1,6,93,99,97,97,2024-02-07,73,4,9.575712656784493,82,2.636363557547579,-0.04545460949259217,1,0,0,0,1,1,0,1,0,0.06666667108182565,1.100000023841858
BYSI,bb_v1@93-99#bo:bo_95#0|burst:burst_93_99#0|tb:tb_97#1,tb_97#1,bo_95#0,burst_93_99#0,新增,1,1,1,0,4,2,4,93,99,97,97,2024-02-07,73,4,9.575712656784493,82,2.636363557547579,-0.04545460949259217,1,0,0,0,1,1,0,1,0,0.06666667108182565,1.100000023841858
BYSI,bb_v1@93-103#bo:bo_97#0|burst:burst_93_99#0|tb:tb_101_103#0,tb_101_103#0,bo_97#0,burst_93_99#0,新增,1,1,1,0,4,3,2,93,99,101,103,2024-02-13,73,4,9.575712656784493,82,1.9057046364706682,-0.23725256756514812,3,0,0,0,3,0,3,3,0,0.06666667108182565,1.3700000047683716
BYSI,bb_v1@93-103#bo:bo_99#0|burst:burst_93_99#0|tb:tb_101_103#1,tb_101_103#1,bo_99#0,burst_93_99#0,原有,1,1,1,1,4,4,0,93,99,101,103,2024-02-13,73,4,9.575712656784493,82,1.9057046364706682,-0.23725256756514812,3,0,0,0,3,0,3,3,0,0.06666667108182565,1.3700000047683716
BZ,bb_v1@109-120#bo:bo_109#0|burst:burst_109_120#0|tb:tb_112#0,tb_112#0,bo_109#0,burst_109_120#0,新增,1,1,1,0,4,1,11,109,120,112,112,2024-02-29,89,3,5.253470292588897,73,0.3623002774742379,-0.007028735156811128,1,0,0,0,1,1,0,1,0,0.03606267946337072,15.540678024291992
BZ,bb_v1@109-120#bo:bo_110#0|burst:burst_109_120#0|tb:tb_112#1,tb_112#1,bo_110#0,burst_109_120#0,新增,1,1,1,0,4,2,10,109,120,112,112,2024-02-29,89,3,5.253470292588897,73,0.3623002774742379,-0.007028735156811128,1,0,0,0,1,1,0,1,0,0.03606267946337072,15.540678024291992
BZ,bb_v1@109-120#bo:bo_117#0|burst:burst_109_120#0|tb:tb_119#0,tb_119#0,bo_117#0,burst_109_120#0,新增,1,1,1,0,4,3,3,109,120,119,119,2024-03-11,89,3,5.253470292588897,73,0.21828573054111367,-0.0005713458843676911,1,0,0,0,1,1,0,1,0,0.029930221420077053,17.37775421142578
BZ,bb_v1@109-126#bo:bo_120#0|burst:burst_109_120#0|tb:tb_126#0,tb_126#0,bo_120#0,burst_109_120#0,原有,1,1,1,1,4,4,0,109,120,126,126,2024-03-20,89,3,5.253470292588897,73,0.14818655875332798,-0.09378230122931897,0,0,0,1,1,1,0,0,0,0.029930221420077053,19.165180206298828
BZUN,bb_v1@258-260#bo:bo_258#0|burst:burst_258#0|tb:tb_260#0,tb_260#0,bo_258#0,burst_258#0,原有,1,1,1,1,1,1,0,258,258,260,260,2024-10-01,95,3,8.16430933137399,217,0.19863010566841788,-0.3643835965409058,0,1,0,0,1,1,0,0,1,0.04465722207916938,3.6500000953674316
CGC,bb_v1@128-134#bo:bo_131#0|burst:burst_128_131#0|tb:tb_134#0,tb_134#0,bo_131#0,burst_128_131#0,原有,1,1,1,1,2,2,0,128,131,134,134,2024-04-02,75,3,17.847113027073444,73,0.7868262748112353,-0.27065869768068707,1,0,0,0,1,1,0,0,0,0.14871344455195726,8.350000381469727
CRBU,bb_v1@284-289#bo:bo_284#0|burst:burst_284_287#0|tb:tb_289#0,tb_289#0,bo_284#0,burst_284_287#0,新增,1,1,1,0,2,1,3,284,287,289,289,2024-11-11,175,3,3.537972528450891,81,-0.028673808171997717,-0.44802867996090956,0,1,0,0,1,0,1,0,1,0.081916561740522,2.7899999618530273
CRBU,bb_v1@284-289#bo:bo_287#0|burst:burst_284_287#0|tb:tb_289#1,tb_289#1,bo_287#0,burst_284_287#0,原有,1,1,1,1,2,2,0,284,287,289,289,2024-11-11,175,3,3.537972528450891,81,-0.028673808171997717,-0.44802867996090956,0,1,0,0,1,0,1,0,1,0.081916561740522,2.7899999618530273
CRCT,bb_v1@156-166#bo:bo_160#0|burst:burst_156_160#0|tb:tb_163_166#0,tb_163_166#0,bo_160#0,burst_156_160#0,原有,1,1,1,1,2,2,0,156,160,163,166,2024-05-13,136,3,9.031286838906995,98,0.019742745803729977,-0.24499736776847789,0,4,0,0,4,0,4,0,4,0.04547317596462162,5.4182209968566895
CMTL,bb_v1@253-258#bo:bo_253#0|burst:burst_253_254#0|tb:tb_258#0,tb_258#0,bo_253#0,burst_253_254#0,新增,1,1,1,0,2,1,1,253,254,258,258,2024-09-27,65,4,3.1658205819499923,66,0.2285714480341705,-0.4404761877730319,0,1,0,0,1,0,1,0,1,0.06105483797709211,4.199999809265137
CMTL,bb_v1@253-258#bo:bo_254#0|burst:burst_253_254#0|tb:tb_258#1,tb_258#1,bo_254#0,burst_253_254#0,原有,1,1,1,1,2,2,0,253,254,258,258,2024-09-27,65,4,3.1658205819499923,66,0.2285714480341705,-0.4404761877730319,0,1,0,0,1,0,1,0,1,0.06105483797709211,4.199999809265137
COYA,bb_v1@269-275#bo:bo_269#0|burst:burst_269_275#0|tb:tb_272_274#0,tb_272_274#0,bo_269#0,burst_269_275#0,新增,2,1,1,0,3,1,6,269,275,272,274,2024-10-17,163,3,3.252525252525252,91,0.25465076611770493,-0.3285015631001768,0,3,0,0,3,0,3,0,3,0.07010759796948346,8.220000267028809
COYA,bb_v1@269-277#bo:bo_269#0|burst:burst_269_277#0|tb:tb_272_274#0,tb_272_274#0,bo_269#0,burst_269_277#0,新增,2,0,1,0,4,1,8,269,277,272,274,2024-10-17,163,4,4.728563465258878,109,0.25465076611770493,-0.3285015631001768,0,3,0,0,3,0,3,0,3,0.07010759796948346,8.220000267028809
COYA,bb_v1@269-275#bo:bo_270#0|burst:burst_269_275#0|tb:tb_272_274#1,tb_272_274#1,bo_270#0,burst_269_275#0,新增,2,1,1,0,3,2,5,269,275,272,274,2024-10-17,163,3,3.252525252525252,91,0.25465076611770493,-0.3285015631001768,0,3,0,0,3,0,3,0,3,0.07010759796948346,8.220000267028809
COYA,bb_v1@269-277#bo:bo_270#0|burst:burst_269_277#0|tb:tb_272_274#1,tb_272_274#1,bo_270#0,burst_269_277#0,新增,2,0,1,0,4,2,7,269,277,272,274,2024-10-17,163,4,4.728563465258878,109,0.25465076611770493,-0.3285015631001768,0,3,0,0,3,0,3,0,3,0.07010759796948346,8.220000267028809
COYA,bb_v1@269-277#bo:bo_275#0|burst:burst_269_275#0|tb:tb_277#0,tb_277#0,bo_275#0,burst_269_275#0,原有,2,1,1,1,3,3,0,269,275,277,277,2024-10-24,163,3,3.252525252525252,91,0.03329969008952416,-0.4883955348409664,0,1,0,0,1,0,1,0,1,0.08206539348534822,9.90999984741211
COYA,bb_v1@269-277#bo:bo_275#0|burst:burst_269_277#0|tb:tb_277#0,tb_277#0,bo_275#0,burst_269_277#0,原有,2,0,1,1,4,3,2,269,277,277,277,2024-10-24,163,4,4.728563465258878,109,0.03329969008952416,-0.4883955348409664,0,1,0,0,1,0,1,0,1,0.08206539348534822,9.90999984741211
CRMD,bb_v1@230-239#bo:bo_234#0|burst:burst_230_235#0|tb:tb_238_239#0,tb_238_239#0,bo_234#0,burst_230_235#0,新增,1,1,1,0,3,2,1,230,235,238,239,2024-08-29,94,3,3.550319827578745,77,1.2089590208743037,-0.13712220223438365,2,0,0,0,2,2,0,2,0,0.06627942785208543,6.070000171661377
CRMD,bb_v1@230-239#bo:bo_235#0|burst:burst_230_235#0|tb:tb_238_239#1,tb_238_239#1,bo_235#0,burst_230_235#0,原有,1,1,1,1,3,3,0,230,235,238,239,2024-08-29,94,3,3.550319827578745,77,1.2089590208743037,-0.13712220223438365,2,0,0,0,2,2,0,2,0,0.06627942785208543,6.070000171661377
CLPS,bb_v1@234-244#bo:bo_234#0|burst:burst_234_237#0|tb:tb_244#0,tb_244#0,bo_234#0,burst_234_237#0,新增,2,1,1,0,2,1,3,234,237,244,244,2024-09-09,214,3,3.906678082191781,132,0.41666669425701497,-0.15833337585695006,0,0,0,1,1,1,0,0,0,0.0921091365768408,1.1006369590759277
CLPS,bb_v1@234-244#bo:bo_234#0|burst:burst_234_240#0|tb:tb_244#0,tb_244#0,bo_234#0,burst_234_240#0,新增,2,0,1,0,3,1,6,234,240,244,244,2024-09-09,214,4,5.18577648766328,188,0.41666669425701497,-0.15833337585695006,0,0,0,1,1,1,0,0,0,0.0921091365768408,1.1006369590759277
CLPS,bb_v1@234-244#bo:bo_237#0|burst:burst_234_237#0|tb:tb_244#1,tb_244#1,bo_237#0,burst_234_237#0,原有,2,1,1,1,2,2,0,234,237,244,244,2024-09-09,214,3,3.906678082191781,132,0.41666669425701497,-0.15833337585695006,0,0,0,1,1,1,0,0,0,0.0921091365768408,1.1006369590759277
CLPS,bb_v1@234-244#bo:bo_237#0|burst:burst_234_240#0|tb:tb_244#1,tb_244#1,bo_237#0,burst_234_240#0,原有,2,0,1,1,3,2,3,234,240,244,244,2024-09-09,214,4,5.18577648766328,188,0.41666669425701497,-0.15833337585695006,0,0,0,1,1,1,0,0,0,0.0921091365768408,1.1006369590759277
CLPS,bb_v1@234-244#bo:bo_240#0|burst:burst_234_240#0|tb:tb_244#2,tb_244#2,bo_240#0,burst_234_240#0,原有,1,1,1,1,3,3,0,234,240,244,244,2024-09-09,214,4,5.18577648766328,188,0.41666669425701497,-0.15833337585695006,0,0,0,1,1,1,0,0,0,0.0921091365768408,1.1006369590759277
COHN,bb_v1@158-165#bo:bo_158#0|burst:burst_158_159#0|tb:tb_164_165#0,tb_164_165#0,bo_158#0,burst_158_159#0,新增,1,1,1,0,2,1,1,158,159,164,165,2024-05-14,76,3,5.680406122139718,118,0.4055749268983462,-0.1612597690476476,2,0,0,0,2,2,0,0,0,0.07494224407719655,6.736216068267822
COHN,bb_v1@158-165#bo:bo_159#0|burst:burst_158_159#0|tb:tb_164_165#1,tb_164_165#1,bo_159#0,burst_158_159#0,原有,1,1,1,1,2,2,0,158,159,164,165,2024-05-14,76,3,5.680406122139718,118,0.4055749268983462,-0.1612597690476476,2,0,0,0,2,2,0,0,0,0.07494224407719655,6.736216068267822
CLLS,bb_v1@156-161#bo:bo_156#0|burst:burst_156_158#0|tb:tb_160_161#0,tb_160_161#0,bo_156#0,burst_156_158#0,新增,1,1,1,0,2,1,2,156,158,160,161,2024-05-08,93,3,7.777970082828532,60,0.04011350187475371,-0.4255873906139649,0,2,0,0,2,0,2,0,2,0.061776684831411084,3.0999999046325684
CLLS,bb_v1@156-161#bo:bo_158#0|burst:burst_156_158#0|tb:tb_160_161#1,tb_160_161#1,bo_158#0,burst_156_158#0,原有,1,1,1,1,2,2,0,156,158,160,161,2024-05-08,93,3,7.777970082828532,60,0.04011350187475371,-0.4255873906139649,0,2,0,0,2,0,2,0,2,0.061776684831411084,3.0999999046325684
CSBR,bb_v1@308-315#bo:bo_308#0|burst:burst_308_310#0|tb:tb_314_315#0,tb_314_315#0,bo_308#0,burst_308_310#0,新增,3,1,1,0,2,1,2,308,310,314,315,2024-12-17,60,3,6.228645587541293,101,0.8043019334920706,-0.006947580068602688,2,0,0,0,2,2,0,2,0,0.0922929798808596,6.400000095367432
CSBR,bb_v1@308-315#bo:bo_308#0|burst:burst_308_312#0|tb:tb_314_315#0,tb_314_315#0,bo_308#0,burst_308_312#0,新增,3,0,1,0,3,1,4,308,312,314,315,2024-12-17,60,4,6.228645587541293,195,0.8043019334920706,-0.006947580068602688,2,0,0,0,2,2,0,2,0,0.0922929798808596,6.400000095367432
CSBR,bb_v1@308-316#bo:bo_308#0|burst:burst_308_316#0|tb:tb_314_315#0,tb_314_315#0,bo_308#0,burst_308_316#0,新增,3,0,1,0,4,1,8,308,316,314,315,2024-12-17,60,5,6.228645587541293,234,0.8043019334920706,-0.006947580068602688,2,0,0,0,2,2,0,2,0,0.0922929798808596,6.400000095367432
CSBR,bb_v1@308-315#bo:bo_310#0|burst:burst_308_310#0|tb:tb_314_315#1,tb_314_315#1,bo_310#0,burst_308_310#0,原有,3,1,1,1,2,2,0,308,310,314,315,2024-12-17,60,3,6.228645587541293,101,0.8043019334920706,-0.006947580068602688,2,0,0,0,2,2,0,2,0,0.0922929798808596,6.400000095367432
CSBR,bb_v1@308-315#bo:bo_310#0|burst:burst_308_312#0|tb:tb_314_315#1,tb_314_315#1,bo_310#0,burst_308_312#0,原有,3,0,1,1,3,2,2,308,312,314,315,2024-12-17,60,4,6.228645587541293,195,0.8043019334920706,-0.006947580068602688,2,0,0,0,2,2,0,2,0,0.0922929798808596,6.400000095367432
CSBR,bb_v1@308-316#bo:bo_310#0|burst:burst_308_316#0|tb:tb_314_315#1,tb_314_315#1,bo_310#0,burst_308_316#0,原有,3,0,1,1,4,2,6,308,316,314,315,2024-12-17,60,5,6.228645587541293,234,0.8043019334920706,-0.006947580068602688,2,0,0,0,2,2,0,2,0,0.0922929798808596,6.400000095367432
CSBR,bb_v1@308-315#bo:bo_312#0|burst:burst_308_312#0|tb:tb_314_315#2,tb_314_315#2,bo_312#0,burst_308_312#0,原有,2,1,1,1,3,3,0,308,312,314,315,2024-12-17,60,4,6.228645587541293,195,0.8043019334920706,-0.006947580068602688,2,0,0,0,2,2,0,2,0,0.0922929798808596,6.400000095367432
CSBR,bb_v1@308-316#bo:bo_312#0|burst:burst_308_316#0|tb:tb_314_315#2,tb_314_315#2,bo_312#0,burst_308_316#0,原有,2,0,1,1,4,3,4,308,316,314,315,2024-12-17,60,5,6.228645587541293,234,0.8043019334920706,-0.006947580068602688,2,0,0,0,2,2,0,2,0,0.0922929798808596,6.400000095367432
CSBR,bb_v1@308-324#bo:bo_316#0|burst:burst_308_316#0|tb:tb_318_324#0,tb_318_324#0,bo_316#0,burst_308_316#0,原有,1,1,1,1,4,4,0,308,316,318,324,2024-12-23,60,5,6.228645587541293,234,0.45135356435486385,-0.0714450723646728,0,0,0,6,6,3,0,0,0,0.11253770919749981,8.109999656677246
CSPI,bb_v1@296-310#bo:bo_296#0|burst:burst_296_299#0|tb:tb_302_310#0,tb_302_310#0,bo_296#0,burst_296_299#0,新增,1,1,1,0,3,1,3,296,299,302,310,2024-11-29,86,3,5.493887530562347,89,0.2890343477291586,-0.2601216143819893,3,5,0,1,9,6,3,2,2,0.04613228859103738,15.97782039642334
CSPI,bb_v1@296-310#bo:bo_298#0|burst:burst_296_299#0|tb:tb_302_310#1,tb_302_310#1,bo_298#0,burst_296_299#0,新增,1,1,1,0,3,2,1,296,299,302,310,2024-11-29,86,3,5.493887530562347,89,0.2890343477291586,-0.2601216143819893,3,5,0,1,9,6,3,2,2,0.04613228859103738,15.97782039642334
CSPI,bb_v1@296-310#bo:bo_299#0|burst:burst_296_299#0|tb:tb_302_310#2,tb_302_310#2,bo_299#0,burst_296_299#0,原有,1,1,1,1,3,3,0,296,299,302,310,2024-11-29,86,3,5.493887530562347,89,0.2890343477291586,-0.2601216143819893,3,5,0,1,9,6,3,2,2,0.04613228859103738,15.97782039642334
CRVO,bb_v1@99-102#bo:bo_99#0|burst:burst_99_100#0|tb:tb_102#0,tb_102#0,bo_99#0,burst_99_100#0,新增,1,1,1,0,2,1,1,99,100,102,102,2024-02-14,79,4,5.076822916666667,77,0.7824323527563926,-0.19594598208316616,1,0,0,0,1,1,0,1,0,0.05661877684524394,14.800000190734863
CRVO,bb_v1@99-102#bo:bo_100#0|burst:burst_99_100#0|tb:tb_102#1,tb_102#1,bo_100#0,burst_99_100#0,原有,1,1,1,1,2,2,0,99,100,102,102,2024-02-14,79,4,5.076822916666667,77,0.7824323527563926,-0.19594598208316616,1,0,0,0,1,1,0,1,0,0.05661877684524394,14.800000190734863
CTGO,bb_v1@168-177#bo:bo_173#0|burst:burst_168_177#0|tb:tb_175_177#0,tb_175_177#0,bo_173#0,burst_168_177#0,新增,1,1,1,0,3,2,4,168,177,175,177,2024-05-30,52,4,8.263687853996224,132,0.03590157268842161,-0.32126352859001256,0,3,0,0,3,0,3,0,3,0.041087640123226646,24.459999084472656
CTGO,bb_v1@168-182#bo:bo_177#0|burst:burst_168_177#0|tb:tb_179_182#0,tb_179_182#0,bo_177#0,burst_168_177#0,原有,1,1,1,1,3,3,0,168,177,179,182,2024-06-05,52,4,8.263687853996224,132,0.016219140610112703,-0.3223324765253666,0,4,0,0,4,0,4,0,4,0.0466764455639078,25.06999969482422
CNTX,bb_v1@129-134#bo:bo_129#0|burst:burst_129_131#0|tb:tb_131_134#0,tb_131_134#0,bo_129#0,burst_129_131#0,新增,1,1,1,0,2,1,2,129,131,131,134,2024-03-27,109,3,4.410839626832519,97,0.5368861323988929,-0.10411478276124447,4,0,0,0,4,4,0,3,0,0.09068847725865198,1.3819999694824219
CNTY,bb_v1@279-287#bo:bo_279#0|burst:burst_279_284#0|tb:tb_287#0,tb_287#0,bo_279#0,burst_279_284#0,新增,1,1,1,0,3,1,5,279,284,287,287,2024-11-07,62,5,7.872983354673495,185,0.23543696455641538,-0.29611646215521603,0,1,0,0,1,0,1,0,0,0.07067933990147074,4.119999885559082
CNTY,bb_v1@279-287#bo:bo_280#0|burst:burst_279_284#0|tb:tb_287#1,tb_287#1,bo_280#0,burst_279_284#0,新增,1,1,1,0,3,2,4,279,284,287,287,2024-11-07,62,5,7.872983354673495,185,0.23543696455641538,-0.29611646215521603,0,1,0,0,1,0,1,0,0,0.07067933990147074,4.119999885559082
CNTY,bb_v1@279-287#bo:bo_284#0|burst:burst_279_284#0|tb:tb_287#2,tb_287#2,bo_284#0,burst_279_284#0,原有,1,1,1,1,3,3,0,279,284,287,287,2024-11-07,62,5,7.872983354673495,185,0.23543696455641538,-0.29611646215521603,0,1,0,0,1,0,1,0,0,0.07067933990147074,4.119999885559082
CNVS,bb_v1@256-270#bo:bo_265#0|burst:burst_256_265#0|tb:tb_268_270#0,tb_268_270#0,bo_265#0,burst_256_265#0,原有,2,1,1,1,3,3,0,256,265,268,270,2024-10-11,154,4,14.662336049284578,92,1.8635330593379091,-0.03443426599717362,3,0,0,0,3,3,0,3,0,0.0677280080568059,1.4500000476837158
CNVS,bb_v1@256-271#bo:bo_265#0|burst:burst_256_271#0|tb:tb_268_270#0,tb_268_270#0,bo_265#0,burst_256_271#0,原有,2,0,1,1,4,3,6,256,271,268,270,2024-10-11,154,5,14.662336049284578,133,1.8635330593379091,-0.03443426599717362,3,0,0,0,3,3,0,3,0,0.0677280080568059,1.4500000476837158
CNVS,bb_v1@256-275#bo:bo_271#0|burst:burst_256_271#0|tb:tb_275#0,tb_275#0,bo_271#0,burst_256_271#0,原有,1,1,1,1,4,4,0,256,271,275,275,2024-10-22,154,5,14.662336049284578,133,0.8458150186901263,-0.08370046643917117,1,0,0,0,1,1,0,0,0,0.14499398691403428,2.2699999809265137
COCP,bb_v1@161-169#bo:bo_164#0|burst:burst_161_165#0|tb:tb_169#0,tb_169#0,bo_164#0,burst_161_165#0,新增,2,1,1,0,3,2,1,161,165,169,169,2024-05-21,141,5,6.217337669619827,125,0.6315789176486533,-0.06842105098048068,1,0,0,0,1,1,0,1,0,0.05750859565720546,1.899999976158142
COCP,bb_v1@161-172#bo:bo_164#0|burst:burst_161_172#0|tb:tb_169#0,tb_169#0,bo_164#0,burst_161_172#0,新增,2,0,1,0,4,2,8,161,172,169,169,2024-05-21,141,6,7.769211514392992,159,0.6315789176486533,-0.06842105098048068,1,0,0,0,1,1,0,1,0,0.05750859565720546,1.899999976158142
COCP,bb_v1@161-169#bo:bo_165#0|burst:burst_161_165#0|tb:tb_169#1,tb_169#1,bo_165#0,burst_161_165#0,原有,2,1,1,1,3,3,0,161,165,169,169,2024-05-21,141,5,6.217337669619827,125,0.6315789176486533,-0.06842105098048068,1,0,0,0,1,1,0,1,0,0.05750859565720546,1.899999976158142
COCP,bb_v1@161-172#bo:bo_165#0|burst:burst_161_172#0|tb:tb_169#1,tb_169#1,bo_165#0,burst_161_172#0,原有,2,0,1,1,4,3,7,161,172,169,169,2024-05-21,141,6,7.769211514392992,159,0.6315789176486533,-0.06842105098048068,1,0,0,0,1,1,0,1,0,0.05750859565720546,1.899999976158142
COCP,bb_v1@161-179#bo:bo_172#0|burst:burst_161_172#0|tb:tb_175_179#0,tb_175_179#0,bo_172#0,burst_161_172#0,原有,1,1,1,1,4,4,0,161,172,175,179,2024-05-30,141,6,7.769211514392992,159,0.34700382815505504,-0.17564856854097802,0,0,0,5,5,1,0,0,0,0.09354168345915179,2.359999895095825
CTSO,bb_v1@200-207#bo:bo_204#0|burst:burst_200_204#0|tb:tb_206_207#0,tb_206_207#0,bo_204#0,burst_200_204#0,原有,1,1,1,1,2,2,0,200,204,206,207,2024-07-16,140,4,4.496497509339975,106,0.12621751777670065,-0.23146917918733406,0,0,0,2,2,0,0,0,0,0.09952407391287268,1.1200000047683716
CURI,bb_v1@236-244#bo:bo_236#0|burst:burst_236_239#0|tb:tb_243_244#0,tb_243_244#0,bo_236#0,burst_236_239#0,新增,1,1,1,0,3,1,3,236,239,243,244,2024-09-06,109,4,5.147504059504478,98,0.8501979296210274,-0.0365855080966202,2,0,0,0,2,2,0,2,0,0.08687942873294419,1.4164509773254395
CURI,bb_v1@236-244#bo:bo_237#0|burst:burst_236_239#0|tb:tb_243_244#1,tb_243_244#1,bo_237#0,burst_236_239#0,新增,1,1,1,0,3,2,2,236,239,243,244,2024-09-06,109,4,5.147504059504478,98,0.8501979296210274,-0.0365855080966202,2,0,0,0,2,2,0,2,0,0.08687942873294419,1.4164509773254395
CURI,bb_v1@236-244#bo:bo_239#0|burst:burst_236_239#0|tb:tb_243_244#2,tb_243_244#2,bo_239#0,burst_236_239#0,原有,1,1,1,1,3,3,0,236,239,243,244,2024-09-06,109,4,5.147504059504478,98,0.8501979296210274,-0.0365855080966202,2,0,0,0,2,2,0,2,0,0.08687942873294419,1.4164509773254395
CVRX,bb_v1@274-283#bo:bo_280#0|burst:burst_274_281#0|tb:tb_283#0,tb_283#0,bo_280#0,burst_274_281#0,新增,1,1,1,0,3,2,1,274,281,283,283,2024-11-01,75,4,4.5155291503646815,81,0.19514924220609653,-0.1503730930605388,0,0,0,1,1,0,0,0,0,0.08356500752747126,13.399999618530273
CVRX,bb_v1@274-283#bo:bo_281#0|burst:burst_274_281#0|tb:tb_283#1,tb_283#1,bo_281#0,burst_274_281#0,原有,1,1,1,1,3,3,0,274,281,283,283,2024-11-01,75,4,4.5155291503646815,81,0.19514924220609653,-0.1503730930605388,0,0,0,1,1,0,0,0,0,0.08356500752747126,13.399999618530273
CVU,bb_v1@234-238#bo:bo_234#0|burst:burst_234_236#0|tb:tb_238#0,tb_238#0,bo_234#0,burst_234_236#0,新增,1,1,1,0,3,1,2,234,236,238,238,2024-08-29,94,3,4.038289249146758,95,0.16393442879246,-0.08196721439623,0,0,0,1,1,0,0,0,0,0.04554232003009499,3.049999952316284
CVU,bb_v1@234-238#bo:bo_235#0|burst:burst_234_236#0|tb:tb_238#1,tb_238#1,bo_235#0,burst_234_236#0,新增,1,1,1,0,3,2,1,234,236,238,238,2024-08-29,94,3,4.038289249146758,95,0.16393442879246,-0.08196721439623,0,0,0,1,1,0,0,0,0,0.04554232003009499,3.049999952316284
CVU,bb_v1@234-238#bo:bo_236#0|burst:burst_234_236#0|tb:tb_238#2,tb_238#2,bo_236#0,burst_234_236#0,原有,1,1,1,1,3,3,0,234,236,238,238,2024-08-29,94,3,4.038289249146758,95,0.16393442879246,-0.08196721439623,0,0,0,1,1,0,0,0,0,0.04554232003009499,3.049999952316284
CVV,bb_v1@304-322#bo:bo_312#0|burst:burst_304_312#0|tb:tb_317_322#0,tb_317_322#0,bo_312#0,burst_304_312#0,原有,1,1,1,1,2,2,0,304,312,317,322,2024-12-20,170,3,3.52462798477333,105,0.2162964238048151,-0.23624423765990799,0,0,0,6,6,0,4,0,0,0.0786443208256725,3.759999990463257
CYPH,bb_v1@278-283#bo:bo_278#0|burst:burst_278_280#0|tb:tb_283#0,tb_283#0,bo_278#0,burst_278_280#0,新增,1,1,1,0,2,1,2,278,280,283,283,2024-11-01,47,3,9.555206535265544,139,0.04812835997278464,-0.33957218654762056,0,1,0,0,1,0,1,0,0,0.08806944217112413,3.740000009536743
CYPH,bb_v1@278-283#bo:bo_280#0|burst:burst_278_280#0|tb:tb_283#1,tb_283#1,bo_280#0,burst_278_280#0,原有,1,1,1,1,2,2,0,278,280,283,283,2024-11-01,47,3,9.555206535265544,139,0.04812835997278464,-0.33957218654762056,0,1,0,0,1,0,1,0,0,0.08806944217112413,3.740000009536743
CRGO,bb_v1@287-291#bo:bo_287#0|burst:burst_287_289#0|tb:tb_291#0,tb_291#0,bo_287#0,burst_287_289#0,新增,1,1,1,0,3,1,2,287,289,291,291,2024-11-13,93,3,12.952057274981195,95,0.3778705547378203,-0.2734864202948267,0,0,0,1,1,0,0,0,0,0.09647489466134958,2.3949999809265137
CRGO,bb_v1@287-291#bo:bo_288#0|burst:burst_287_289#0|tb:tb_291#1,tb_291#1,bo_288#0,burst_287_289#0,新增,1,1,1,0,3,2,1,287,289,291,291,2024-11-13,93,3,12.952057274981195,95,0.3778705547378203,-0.2734864202948267,0,0,0,1,1,0,0,0,0,0.09647489466134958,2.3949999809265137
CRGO,bb_v1@287-291#bo:bo_289#0|burst:burst_287_289#0|tb:tb_291#2,tb_291#2,bo_289#0,burst_287_289#0,原有,1,1,1,1,3,3,0,287,289,291,291,2024-11-13,93,3,12.952057274981195,95,0.3778705547378203,-0.2734864202948267,0,0,0,1,1,0,0,0,0,0.09647489466134958,2.3949999809265137
DCGO,bb_v1@288-293#bo:bo_288#0|burst:burst_288#0|tb:tb_290_293#0,tb_290_293#0,bo_288#0,burst_288#0,原有,2,1,1,1,1,1,0,288,288,290,293,2024-11-12,74,3,5.566718853192709,65,0.11540903677774189,-0.07789652893908905,0,0,0,4,4,0,0,0,0,0.05189050683056022,4.159999847412109
DCGO,bb_v1@288-293#bo:bo_288#0|burst:burst_288_291#0|tb:tb_290_293#0,tb_290_293#0,bo_288#0,burst_288_291#0,原有,2,0,1,1,2,1,3,288,291,290,293,2024-11-12,74,5,5.566718853192709,166,0.11540903677774189,-0.07789652893908905,0,0,0,4,4,0,0,0,0,0.05189050683056022,4.159999847412109
DCGO,bb_v1@288-300#bo:bo_291#0|burst:burst_288_291#0|tb:tb_295_300#0,tb_295_300#0,bo_291#0,burst_288_291#0,原有,1,1,1,1,2,2,0,288,291,295,300,2024-11-19,74,5,5.566718853192709,166,0.1580426996342028,-0.058065609059874734,0,0,0,6,6,0,0,0,0,0.05302204091199714,4.019999980926514
DDL,bb_v1@232-246#bo:bo_238#0|burst:burst_232_242#0|tb:tb_245_246#0,tb_245_246#0,bo_238#0,burst_232_242#0,新增,1,1,1,0,4,2,4,232,242,245,246,2024-09-10,61,6,5.161169111691117,193,0.59239130261946,-0.06948472278541679,2,0,0,0,2,2,0,2,0,0.07600117063232682,2.759999990463257
DDL,bb_v1@232-246#bo:bo_240#0|burst:burst_232_242#0|tb:tb_245_246#1,tb_245_246#1,bo_240#0,burst_232_242#0,新增,1,1,1,0,4,3,2,232,242,245,246,2024-09-10,61,6,5.161169111691117,193,0.59239130261946,-0.06948472278541679,2,0,0,0,2,2,0,2,0,0.07600117063232682,2.759999990463257
DDL,bb_v1@232-246#bo:bo_242#0|burst:burst_232_242#0|tb:tb_245_246#2,tb_245_246#2,bo_242#0,burst_232_242#0,原有,1,1,1,1,4,4,0,232,242,245,246,2024-09-10,61,6,5.161169111691117,193,0.59239130261946,-0.06948472278541679,2,0,0,0,2,2,0,2,0,0.07600117063232682,2.759999990463257
DGXX,bb_v1@273-286#bo:bo_279#0|burst:burst_273_280#0|tb:tb_285_286#0,tb_285_286#0,bo_279#0,burst_273_280#0,新增,1,1,1,0,3,2,1,273,280,285,286,2024-11-05,206,4,7.737408082587411,123,0.3509956648200112,-0.10337507058293693,0,0,0,2,2,1,0,0,0,0.1042163606502853,1.5700000524520874
DGXX,bb_v1@273-286#bo:bo_280#0|burst:burst_273_280#0|tb:tb_285_286#1,tb_285_286#1,bo_280#0,burst_273_280#0,原有,1,1,1,1,3,3,0,273,280,285,286,2024-11-05,206,4,7.737408082587411,123,0.3509956648200112,-0.10337507058293693,0,0,0,2,2,1,0,0,0,0.1042163606502853,1.5700000524520874
DOMH,bb_v1@131-143#bo:bo_136#0|burst:burst_131_136#0|tb:tb_139_143#0,tb_139_143#0,bo_136#0,burst_131_136#0,原有,1,1,1,1,2,2,0,131,136,139,143,2024-04-09,64,3,7.134550696780394,63,0.06565617620668651,-0.30904224730723284,0,5,0,0,5,0,5,0,5,0.057426268445222334,2.3265769481658936
DERM,bb_v1@180-184#bo:bo_180#0|burst:burst_180_183#0|tb:tb_184#0,tb_184#0,bo_180#0,burst_180_183#0,新增,2,1,1,0,3,1,3,180,183,184,184,2024-06-12,44,3,3.4898044790380087,97,0.04377100160607417,-0.20707070828700425,0,0,0,1,1,0,0,0,0,0.07918964001550292,5.940000057220459
DERM,bb_v1@180-184#bo:bo_180#0|burst:burst_180_184#0|tb:tb_184#0,tb_184#0,bo_180#0,burst_180_184#0,新增,2,0,1,0,4,1,4,180,184,184,184,2024-06-12,44,3,3.4898044790380087,98,0.04377100160607417,-0.20707070828700425,0,0,0,1,1,0,0,0,0,0.07918964001550292,5.940000057220459
DERM,bb_v1@180-184#bo:bo_182#0|burst:burst_180_183#0|tb:tb_184#1,tb_184#1,bo_182#0,burst_180_183#0,新增,2,1,1,0,3,2,1,180,183,184,184,2024-06-12,44,3,3.4898044790380087,97,0.04377100160607417,-0.20707070828700425,0,0,0,1,1,0,0,0,0,0.07918964001550292,5.940000057220459
DERM,bb_v1@180-184#bo:bo_182#0|burst:burst_180_184#0|tb:tb_184#1,tb_184#1,bo_182#0,burst_180_184#0,新增,2,0,1,0,4,2,2,180,184,184,184,2024-06-12,44,3,3.4898044790380087,98,0.04377100160607417,-0.20707070828700425,0,0,0,1,1,0,0,0,0,0.07918964001550292,5.940000057220459
DERM,bb_v1@180-189#bo:bo_183#0|burst:burst_180_183#0|tb:tb_186_189#0,tb_186_189#0,bo_183#0,burst_180_183#0,原有,2,1,1,1,3,3,0,180,183,186,189,2024-06-14,44,3,3.4898044790380087,97,0.1280208069626667,-0.23403745380013433,0,0,0,4,4,0,0,0,0,0.08759613316677427,5.570000171661377
DERM,bb_v1@180-189#bo:bo_183#0|burst:burst_180_184#0|tb:tb_186_189#0,tb_186_189#0,bo_183#0,burst_180_184#0,原有,2,0,1,1,4,3,1,180,184,186,189,2024-06-14,44,3,3.4898044790380087,98,0.1280208069626667,-0.23403745380013433,0,0,0,4,4,0,0,0,0,0.08759613316677427,5.570000171661377
DERM,bb_v1@180-189#bo:bo_184#0|burst:burst_180_184#0|tb:tb_186_189#1,tb_186_189#1,bo_184#0,burst_180_184#0,原有,1,1,1,1,4,4,0,180,184,186,189,2024-06-14,44,3,3.4898044790380087,98,0.1280208069626667,-0.23403745380013433,0,0,0,4,4,0,0,0,0,0.08759613316677427,5.570000171661377
DQ,bb_v1@257-263#bo:bo_257#0|burst:burst_257_263#0|tb:tb_260_262#0,tb_260_262#0,bo_257#0,burst_257_263#0,新增,2,1,1,0,3,1,6,257,263,260,262,2024-10-01,139,3,3.9807862825428364,84,0.42683773582658696,-0.18644811408225573,3,0,0,0,3,3,0,3,0,0.0588599836822341,20.709999084472656
DQ,bb_v1@257-264#bo:bo_257#0|burst:burst_257_264#0|tb:tb_260_262#0,tb_260_262#0,bo_257#0,burst_257_264#0,新增,2,0,1,0,4,1,7,257,264,260,262,2024-10-01,139,4,5.361902516717744,112,0.42683773582658696,-0.18644811408225573,3,0,0,0,3,3,0,3,0,0.0588599836822341,20.709999084472656
DQ,bb_v1@257-263#bo:bo_258#0|burst:burst_257_263#0|tb:tb_260_262#1,tb_260_262#1,bo_258#0,burst_257_263#0,新增,2,1,1,0,3,2,5,257,263,260,262,2024-10-01,139,3,3.9807862825428364,84,0.42683773582658696,-0.18644811408225573,3,0,0,0,3,3,0,3,0,0.0588599836822341,20.709999084472656
DQ,bb_v1@257-264#bo:bo_258#0|burst:burst_257_264#0|tb:tb_260_262#1,tb_260_262#1,bo_258#0,burst_257_264#0,新增,2,0,1,0,4,2,6,257,264,260,262,2024-10-01,139,4,5.361902516717744,112,0.42683773582658696,-0.18644811408225573,3,0,0,0,3,3,0,3,0,0.0588599836822341,20.709999084472656
DQ,bb_v1@257-268#bo:bo_263#0|burst:burst_257_263#0|tb:tb_268#0,tb_268#0,bo_263#0,burst_257_263#0,原有,2,1,1,1,3,3,0,257,263,268,268,2024-10-11,139,3,3.9807862825428364,84,0.5048780673887672,-0.1419512120688834,1,0,0,0,1,1,0,0,0,0.08749754681577843,20.5
DQ,bb_v1@257-268#bo:bo_263#0|burst:burst_257_264#0|tb:tb_268#0,tb_268#0,bo_263#0,burst_257_264#0,原有,2,0,1,1,4,3,1,257,264,268,268,2024-10-11,139,4,5.361902516717744,112,0.5048780673887672,-0.1419512120688834,1,0,0,0,1,1,0,0,0,0.08749754681577843,20.5
DQ,bb_v1@257-268#bo:bo_264#0|burst:burst_257_264#0|tb:tb_268#1,tb_268#1,bo_264#0,burst_257_264#0,原有,1,1,1,1,4,4,0,257,264,268,268,2024-10-11,139,4,5.361902516717744,112,0.5048780673887672,-0.1419512120688834,1,0,0,0,1,1,0,0,0,0.08749754681577843,20.5
EBON,bb_v1@286-292#bo:bo_286#0|burst:burst_286_289#0|tb:tb_292#0,tb_292#0,bo_286#0,burst_286_289#0,新增,1,1,1,0,2,1,3,286,289,292,292,2024-11-14,221,3,6.909907722195241,82,0.09988560272545732,-0.35697940128892247,0,1,0,0,1,0,1,0,1,0.07589638734549672,8.739999771118164
EBON,bb_v1@286-292#bo:bo_289#0|burst:burst_286_289#0|tb:tb_292#1,tb_292#1,bo_289#0,burst_286_289#0,原有,1,1,1,1,2,2,0,286,289,292,292,2024-11-14,221,3,6.909907722195241,82,0.09988560272545732,-0.35697940128892247,0,1,0,0,1,0,1,0,1,0.07589638734549672,8.739999771118164
DUOT,bb_v1@259-270#bo:bo_259#0|burst:burst_259_270#0|tb:tb_261#0,tb_261#0,bo_259#0,burst_259_270#0,新增,2,1,1,0,3,1,11,259,270,261,261,2024-10-02,131,3,6.33563796354494,78,1.077419437206005,-0.08580638780305883,1,0,0,0,1,1,0,1,0,0.0662514843497525,3.0999999046325684
DUOT,bb_v1@259-271#bo:bo_259#0|burst:burst_259_271#0|tb:tb_261#0,tb_261#0,bo_259#0,burst_259_271#0,新增,2,0,1,0,4,1,12,259,271,261,261,2024-10-02,131,4,6.33563796354494,112,1.077419437206005,-0.08580638780305883,1,0,0,0,1,1,0,1,0,0.0662514843497525,3.0999999046325684
DUOT,bb_v1@259-270#bo:bo_264#0|burst:burst_259_270#0|tb:tb_266#0,tb_266#0,bo_264#0,burst_259_270#0,新增,2,1,1,0,3,2,6,259,270,266,266,2024-10-09,131,3,6.33563796354494,78,0.9815384791447566,-0.04615387549767125,1,0,0,0,1,1,0,1,0,0.08264426348314259,3.25
DUOT,bb_v1@259-271#bo:bo_264#0|burst:burst_259_271#0|tb:tb_266#0,tb_266#0,bo_264#0,burst_259_271#0,新增,2,0,1,0,4,2,7,259,271,266,266,2024-10-09,131,4,6.33563796354494,112,0.9815384791447566,-0.04615387549767125,1,0,0,0,1,1,0,1,0,0.08264426348314259,3.25
DUOT,bb_v1@259-280#bo:bo_270#0|burst:burst_259_270#0|tb:tb_273_280#0,tb_273_280#0,bo_270#0,burst_259_270#0,原有,2,1,1,1,3,3,0,259,270,273,280,2024-10-18,131,3,6.33563796354494,78,0.5831139303573841,-0.09436287893845217,8,0,0,0,8,8,0,8,0,0.08439985951711144,3.9100000858306885
DUOT,bb_v1@259-280#bo:bo_270#0|burst:burst_259_271#0|tb:tb_273_280#0,tb_273_280#0,bo_270#0,burst_259_271#0,原有,2,0,1,1,4,3,1,259,271,273,280,2024-10-18,131,4,6.33563796354494,112,0.5831139303573841,-0.09436287893845217,8,0,0,0,8,8,0,8,0,0.08439985951711144,3.9100000858306885
DUOT,bb_v1@259-280#bo:bo_271#0|burst:burst_259_271#0|tb:tb_273_280#1,tb_273_280#1,bo_271#0,burst_259_271#0,原有,1,1,1,1,4,4,0,259,271,273,280,2024-10-18,131,4,6.33563796354494,112,0.5831139303573841,-0.09436287893845217,8,0,0,0,8,8,0,8,0,0.08439985951711144,3.9100000858306885
EDN,bb_v1@230-243#bo:bo_239#0|burst:burst_230_243#0|tb:tb_241#0,tb_241#0,bo_239#0,burst_230_243#0,新增,2,1,1,0,4,3,4,230,243,241,241,2024-09-04,171,4,3.3764610811278826,83,0.443050666758541,-0.011038696303782403,1,0,0,0,1,1,0,1,0,0.05137244809710952,19.93000030517578
EDN,bb_v1@230-244#bo:bo_239#0|burst:burst_230_244#0|tb:tb_241#0,tb_241#0,bo_239#0,burst_230_244#0,新增,2,0,1,0,5,3,5,230,244,241,241,2024-09-04,171,6,3.3764610811278826,180,0.443050666758541,-0.011038696303782403,1,0,0,0,1,1,0,1,0,0.05137244809710952,19.93000030517578
EDN,bb_v1@230-246#bo:bo_243#0|burst:burst_230_243#0|tb:tb_246#0,tb_246#0,bo_243#0,burst_230_243#0,原有,2,1,1,1,4,4,0,230,243,246,246,2024-09-11,171,4,3.3764610811278826,83,0.5010979191053002,-0.06148439132125394,1,0,0,0,1,1,0,1,0,0.05321526659855938,22.770000457763672
EDN,bb_v1@230-246#bo:bo_243#0|burst:burst_230_244#0|tb:tb_246#0,tb_246#0,bo_243#0,burst_230_244#0,原有,2,0,1,1,5,4,1,230,244,246,246,2024-09-11,171,6,3.3764610811278826,180,0.5010979191053002,-0.06148439132125394,1,0,0,0,1,1,0,1,0,0.05321526659855938,22.770000457763672
EDN,bb_v1@230-246#bo:bo_244#0|burst:burst_230_244#0|tb:tb_246#1,tb_246#1,bo_244#0,burst_230_244#0,原有,1,1,1,1,5,5,0,230,244,246,246,2024-09-11,171,6,3.3764610811278826,180,0.5010979191053002,-0.06148439132125394,1,0,0,0,1,1,0,1,0,0.05321526659855938,22.770000457763672
DAO,bb_v1@258-260#bo:bo_258#0|burst:burst_258_260#0|tb:tb_260#0,tb_260#0,bo_258#0,burst_258_260#0,新增,2,1,1,0,2,1,2,258,260,260,260,2024-10-01,148,3,4.744664277924911,120,0.4699073269227436,-0.02546299285726661,1,0,0,0,1,1,0,1,0,0.05302607320396807,4.320000171661377
DAO,bb_v1@258-261#bo:bo_258#0|burst:burst_258_261#0|tb:tb_260#0,tb_260#0,bo_258#0,burst_258_261#0,新增,2,0,1,0,3,1,3,258,261,260,260,2024-10-01,148,5,11.41771411867875,151,0.4699073269227436,-0.02546299285726661,1,0,0,0,1,1,0,1,0,0.05302607320396807,4.320000171661377
DAO,bb_v1@258-265#bo:bo_260#0|burst:burst_258_260#0|tb:tb_263_265#0,tb_263_265#0,bo_260#0,burst_258_260#0,原有,2,1,1,1,2,2,0,258,260,263,265,2024-10-04,148,3,4.744664277924911,120,0.3214416701009542,-0.22268137052885043,0,0,0,3,3,1,2,0,0,0.061446754107136764,5.480000019073486
DAO,bb_v1@258-265#bo:bo_260#0|burst:burst_258_261#0|tb:tb_263_265#0,tb_263_265#0,bo_260#0,burst_258_261#0,原有,2,0,1,1,3,2,1,258,261,263,265,2024-10-04,148,5,11.41771411867875,151,0.3214416701009542,-0.22268137052885043,0,0,0,3,3,1,2,0,0,0.061446754107136764,5.480000019073486
DAO,bb_v1@258-265#bo:bo_261#0|burst:burst_258_261#0|tb:tb_263_265#1,tb_263_265#1,bo_261#0,burst_258_261#0,原有,1,1,1,1,3,3,0,258,261,263,265,2024-10-04,148,5,11.41771411867875,151,0.3214416701009542,-0.22268137052885043,0,0,0,3,3,1,2,0,0,0.061446754107136764,5.480000019073486
CYDVF,bb_v1@106-118#bo:bo_115#0|burst:burst_106_115#0|tb:tb_118#0,tb_118#0,bo_115#0,burst_106_115#0,原有,2,1,1,1,3,3,0,106,115,118,118,2024-03-08,85,3,3.5227846041175037,71,0.33962267333818863,-0.4528301748867849,0,1,0,0,1,0,1,0,1,0.09838709832478262,0.5299999713897705
CYDVF,bb_v1@106-118#bo:bo_115#0|burst:burst_106_116#0|tb:tb_118#0,tb_118#0,bo_115#0,burst_106_116#0,原有,2,0,1,1,4,3,1,106,116,118,118,2024-03-08,85,4,3.5227846041175037,84,0.33962267333818863,-0.4528301748867849,0,1,0,0,1,0,1,0,1,0.09838709832478262,0.5299999713897705
CYDVF,bb_v1@106-118#bo:bo_116#0|burst:burst_106_116#0|tb:tb_118#1,tb_118#1,bo_116#0,burst_106_116#0,原有,1,1,1,1,4,4,0,106,116,118,118,2024-03-08,85,4,3.5227846041175037,84,0.33962267333818863,-0.4528301748867849,0,1,0,0,1,0,1,0,1,0.09838709832478262,0.5299999713897705
DYAI,bb_v1@296-301#bo:bo_296#0|burst:burst_296_297#0|tb:tb_301#0,tb_301#0,bo_296#0,burst_296_297#0,新增,1,1,1,0,2,1,1,296,297,301,301,2024-11-27,121,4,19.164809384164222,92,0.17647061073468806,-0.27272726693197424,0,0,0,1,1,0,0,0,0,0.09431838074326226,1.8700000047683716
DYAI,bb_v1@296-301#bo:bo_297#0|burst:burst_296_297#0|tb:tb_301#1,tb_301#1,bo_297#0,burst_296_297#0,原有,1,1,1,1,2,2,0,296,297,301,301,2024-11-27,121,4,19.164809384164222,92,0.17647061073468806,-0.27272726693197424,0,0,0,1,1,0,0,0,0,0.09431838074326226,1.8700000047683716
DTST,bb_v1@288-291#bo:bo_288#0|burst:burst_288_291#0|tb:tb_291#0,tb_291#0,bo_288#0,burst_288_291#0,新增,1,1,1,0,3,1,3,288,291,291,291,2024-11-13,114,3,4.181933717860984,65,0.025291851715514513,-0.28015561404799416,0,1,0,0,1,0,1,0,1,0.051877061156799784,5.139999866485596
DTST,bb_v1@288-291#bo:bo_289#0|burst:burst_288_291#0|tb:tb_291#1,tb_291#1,bo_289#0,burst_288_291#0,新增,1,1,1,0,3,2,2,288,291,291,291,2024-11-13,114,3,4.181933717860984,65,0.025291851715514513,-0.28015561404799416,0,1,0,0,1,0,1,0,1,0.051877061156799784,5.139999866485596
EMBC,bb_v1@300-305#bo:bo_300#0|burst:burst_300#0|tb:tb_305#0,tb_305#0,bo_300#0,burst_300#0,原有,2,1,1,1,1,1,0,300,300,305,305,2024-12-04,89,5,5.131070473374067,201,0.043491053241119904,-0.14279395478002976,0,0,0,1,1,0,0,0,0,0.053828540445191975,19.056318283081055
EMBC,bb_v1@300-305#bo:bo_300#0|burst:burst_300_301#0|tb:tb_305#0,tb_305#0,bo_300#0,burst_300_301#0,原有,2,0,1,1,2,1,1,300,301,305,305,2024-12-04,89,6,5.131070473374067,229,0.043491053241119904,-0.14279395478002976,0,0,0,1,1,0,0,0,0,0.053828540445191975,19.056318283081055
EMBC,bb_v1@300-305#bo:bo_301#0|burst:burst_300_301#0|tb:tb_305#1,tb_305#1,bo_301#0,burst_300_301#0,原有,1,1,1,1,2,2,0,300,301,305,305,2024-12-04,89,6,5.131070473374067,229,0.043491053241119904,-0.14279395478002976,0,0,0,1,1,0,0,0,0,0.053828540445191975,19.056318283081055
ECOR,bb_v1@81-85#bo:bo_81#0|burst:burst_81_85#0|tb:tb_84#0,tb_84#0,bo_81#0,burst_81_85#0,新增,1,1,1,0,2,1,4,81,85,84,84,2024-01-19,61,5,5.299322700458816,74,0.2187028332181875,-0.09954755850029462,0,0,0,1,1,0,0,0,0,0.0675634967274116,6.630000114440918
ECOR,bb_v1@81-94#bo:bo_85#0|burst:burst_81_85#0|tb:tb_87_94#0,tb_87_94#0,bo_85#0,burst_81_85#0,原有,1,1,1,1,2,2,0,81,85,87,94,2024-01-24,61,5,5.299322700458816,74,0.045063385934478783,-0.22197919864190763,0,4,0,4,8,0,6,0,1,0.06348454908074916,7.440000057220459
EH,bb_v1@128-141#bo:bo_132#0|burst:burst_128_132#0|tb:tb_135_141#0,tb_135_141#0,bo_132#0,burst_128_132#0,原有,1,1,1,1,2,2,0,128,132,135,141,2024-04-03,108,3,3.899962915580074,83,0.10446356867652581,-0.21168769213965266,0,0,0,7,7,0,0,0,0,0.09996369141340272,18.889999389648438
EPRX,bb_v1@146-151#bo:bo_146#0|burst:burst_146#0|tb:tb_150_151#0,tb_150_151#0,bo_146#0,burst_146#0,原有,2,1,1,1,1,1,0,146,146,150,151,2024-11-07,126,3,39.03964757709251,65,0.2794829511997915,-0.13446740217053404,0,0,0,2,2,0,0,0,0,0.08223451455122284,3.1630001068115234
EPRX,bb_v1@146-151#bo:bo_146#0|burst:burst_146_147#0|tb:tb_150_151#0,tb_150_151#0,bo_146#0,burst_146_147#0,原有,2,0,1,1,2,1,1,146,147,150,151,2024-11-07,126,4,39.03964757709251,114,0.2794829511997915,-0.13446740217053404,0,0,0,2,2,0,0,0,0,0.08223451455122284,3.1630001068115234
EPRX,bb_v1@146-151#bo:bo_147#0|burst:burst_146_147#0|tb:tb_150_151#1,tb_150_151#1,bo_147#0,burst_146_147#0,原有,1,1,1,1,2,2,0,146,147,150,151,2024-11-07,126,4,39.03964757709251,114,0.2794829511997915,-0.13446740217053404,0,0,0,2,2,0,0,0,0,0.08223451455122284,3.1630001068115234
ESOA,bb_v1@226-236#bo:bo_230#0|burst:burst_226_230#0|tb:tb_233_236#0,tb_233_236#0,bo_230#0,burst_226_230#0,原有,1,1,1,1,2,2,0,226,230,233,236,2024-08-22,88,5,9.550586947265982,91,0.07014549486397231,-0.11483317599082266,0,0,0,4,4,0,0,0,0,0.05964801635672478,10.104660987854004
ESP,bb_v1@252-261#bo:bo_259#0|burst:burst_252_259#0|tb:tb_261#0,tb_261#0,bo_259#0,burst_252_259#0,原有,1,1,1,1,2,2,0,252,259,261,261,2024-10-02,153,3,25.38186882755128,157,0.09126974603253135,-0.09821427707681751,0,0,0,1,1,0,0,0,0,0.049800337114524654,28.434804916381836
ETCG,bb_v1@289-298#bo:bo_294#0|burst:burst_289_298#0|tb:tb_297_298#0,tb_297_298#0,bo_294#0,burst_289_298#0,新增,3,1,1,0,3,2,4,289,298,297,298,2024-11-21,177,3,3.8556506937638626,93,0.3425606254465179,-0.22047376180819134,0,0,0,2,2,2,0,0,0,0.07822025000487187,12.710000038146973
ETCG,bb_v1@289-299#bo:bo_294#0|burst:burst_289_299#0|tb:tb_297_298#0,tb_297_298#0,bo_294#0,burst_289_299#0,新增,3,0,1,0,4,2,5,289,299,297,298,2024-11-21,177,4,3.8556506937638626,105,0.3425606254465179,-0.22047376180819134,0,0,0,2,2,2,0,0,0,0.07822025000487187,12.710000038146973
ETCG,bb_v1@289-307#bo:bo_294#0|burst:burst_289_307#0|tb:tb_297_298#0,tb_297_298#0,bo_294#0,burst_289_307#0,新增,3,0,1,0,5,2,13,289,307,297,298,2024-11-21,177,5,3.8556506937638626,135,0.3425606254465179,-0.22047376180819134,0,0,0,2,2,2,0,0,0,0.07822025000487187,12.710000038146973
ETCG,bb_v1@289-302#bo:bo_298#0|burst:burst_289_298#0|tb:tb_301_302#0,tb_301_302#0,bo_298#0,burst_289_298#0,原有,3,1,1,1,3,3,0,289,298,301,302,2024-11-27,177,3,3.8556506937638626,93,0.19424049995177783,-0.30659235286742054,0,1,0,1,2,0,2,0,0,0.0910443176822405,14.135000228881836
ETCG,bb_v1@289-302#bo:bo_298#0|burst:burst_289_299#0|tb:tb_301_302#0,tb_301_302#0,bo_298#0,burst_289_299#0,原有,3,0,1,1,4,3,1,289,299,301,302,2024-11-27,177,4,3.8556506937638626,105,0.19424049995177783,-0.30659235286742054,0,1,0,1,2,0,2,0,0,0.0910443176822405,14.135000228881836
ETCG,bb_v1@289-307#bo:bo_298#0|burst:burst_289_307#0|tb:tb_301_302#0,tb_301_302#0,bo_298#0,burst_289_307#0,原有,3,0,1,1,5,3,9,289,307,301,302,2024-11-27,177,5,3.8556506937638626,135,0.19424049995177783,-0.30659235286742054,0,1,0,1,2,0,2,0,0,0.0910443176822405,14.135000228881836
ETCG,bb_v1@289-302#bo:bo_299#0|burst:burst_289_299#0|tb:tb_301_302#1,tb_301_302#1,bo_299#0,burst_289_299#0,原有,2,1,1,1,4,4,0,289,299,301,302,2024-11-27,177,4,3.8556506937638626,105,0.19424049995177783,-0.30659235286742054,0,1,0,1,2,0,2,0,0,0.0910443176822405,14.135000228881836
ETCG,bb_v1@289-307#bo:bo_299#0|burst:burst_289_307#0|tb:tb_301_302#1,tb_301_302#1,bo_299#0,burst_289_307#0,原有,2,0,1,1,5,4,8,289,307,301,302,2024-11-27,177,5,3.8556506937638626,135,0.19424049995177783,-0.30659235286742054,0,1,0,1,2,0,2,0,0,0.0910443176822405,14.135000228881836
ETCG,bb_v1@289-314#bo:bo_307#0|burst:burst_289_307#0|tb:tb_310_314#0,tb_310_314#0,bo_307#0,burst_289_307#0,原有,1,1,1,1,5,5,0,289,307,310,314,2024-12-11,177,5,3.8556506937638626,135,0.014974175575384052,-0.4220911947156617,0,5,0,0,5,0,5,0,5,0.08681073752320491,15.649999618530273
EOSE,bb_v1@183-194#bo:bo_191#0|burst:burst_183_192#0|tb:tb_194#0,tb_194#0,bo_191#0,burst_183_192#0,新增,4,1,1,0,3,2,1,183,192,194,194,2024-06-27,163,7,7.877249534981524,124,0.8749999452163197,-0.06617649443524909,1,0,0,0,1,1,0,1,0,0.11775516516428339,1.3600000143051147
EOSE,bb_v1@183-198#bo:bo_191#0|burst:burst_183_198#0|tb:tb_194#0,tb_194#0,bo_191#0,burst_183_198#0,新增,4,0,1,0,4,2,7,183,198,194,194,2024-06-27,163,8,7.877249534981524,137,0.8749999452163197,-0.06617649443524909,1,0,0,0,1,1,0,1,0,0.11775516516428339,1.3600000143051147
EOSE,bb_v1@183-199#bo:bo_191#0|burst:burst_183_199#0|tb:tb_194#0,tb_194#0,bo_191#0,burst_183_199#0,新增,4,0,1,0,5,2,8,183,199,194,194,2024-06-27,163,8,7.877249534981524,138,0.8749999452163197,-0.06617649443524909,1,0,0,0,1,1,0,1,0,0.11775516516428339,1.3600000143051147
EOSE,bb_v1@183-203#bo:bo_191#0|burst:burst_183_203#0|tb:tb_194#0,tb_194#0,bo_191#0,burst_183_203#0,新增,4,0,1,0,6,2,12,183,203,194,194,2024-06-27,163,9,7.877249534981524,170,0.8749999452163197,-0.06617649443524909,1,0,0,0,1,1,0,1,0,0.11775516516428339,1.3600000143051147
EOSE,bb_v1@183-194#bo:bo_192#0|burst:burst_183_192#0|tb:tb_194#1,tb_194#1,bo_192#0,burst_183_192#0,原有,4,1,1,1,3,3,0,183,192,194,194,2024-06-27,163,7,7.877249534981524,124,0.8749999452163197,-0.06617649443524909,1,0,0,0,1,1,0,1,0,0.11775516516428339,1.3600000143051147
EOSE,bb_v1@183-198#bo:bo_192#0|burst:burst_183_198#0|tb:tb_194#1,tb_194#1,bo_192#0,burst_183_198#0,原有,4,0,1,1,4,3,6,183,198,194,194,2024-06-27,163,8,7.877249534981524,137,0.8749999452163197,-0.06617649443524909,1,0,0,0,1,1,0,1,0,0.11775516516428339,1.3600000143051147
EOSE,bb_v1@183-199#bo:bo_192#0|burst:burst_183_199#0|tb:tb_194#1,tb_194#1,bo_192#0,burst_183_199#0,原有,4,0,1,1,5,3,7,183,199,194,194,2024-06-27,163,8,7.877249534981524,138,0.8749999452163197,-0.06617649443524909,1,0,0,0,1,1,0,1,0,0.11775516516428339,1.3600000143051147
EOSE,bb_v1@183-203#bo:bo_192#0|burst:burst_183_203#0|tb:tb_194#1,tb_194#1,bo_192#0,burst_183_203#0,原有,4,0,1,1,6,3,11,183,203,194,194,2024-06-27,163,9,7.877249534981524,170,0.8749999452163197,-0.06617649443524909,1,0,0,0,1,1,0,1,0,0.11775516516428339,1.3600000143051147
EOSE,bb_v1@183-203#bo:bo_198#0|burst:burst_183_198#0|tb:tb_202_203#0,tb_202_203#0,bo_198#0,burst_183_198#0,原有,3,1,1,1,4,4,0,183,198,202,203,2024-07-10,163,8,7.877249534981524,137,0.344774711344667,-0.33239831499048283,0,0,0,2,2,0,0,0,0,0.1366966821518611,2.059999942779541
EOSE,bb_v1@183-203#bo:bo_198#0|burst:burst_183_199#0|tb:tb_202_203#0,tb_202_203#0,bo_198#0,burst_183_199#0,原有,3,0,1,1,5,4,1,183,199,202,203,2024-07-10,163,8,7.877249534981524,138,0.344774711344667,-0.33239831499048283,0,0,0,2,2,0,0,0,0,0.1366966821518611,2.059999942779541
EOSE,bb_v1@183-203#bo:bo_198#0|burst:burst_183_203#0|tb:tb_202_203#0,tb_202_203#0,bo_198#0,burst_183_203#0,原有,3,0,1,1,6,4,5,183,203,202,203,2024-07-10,163,9,7.877249534981524,170,0.344774711344667,-0.33239831499048283,0,0,0,2,2,0,0,0,0,0.1366966821518611,2.059999942779541
EOSE,bb_v1@183-203#bo:bo_199#0|burst:burst_183_199#0|tb:tb_202_203#1,tb_202_203#1,bo_199#0,burst_183_199#0,原有,2,1,1,1,5,5,0,183,199,202,203,2024-07-10,163,8,7.877249534981524,138,0.344774711344667,-0.33239831499048283,0,0,0,2,2,0,0,0,0,0.1366966821518611,2.059999942779541
EOSE,bb_v1@183-203#bo:bo_199#0|burst:burst_183_203#0|tb:tb_202_203#1,tb_202_203#1,bo_199#0,burst_183_203#0,原有,2,0,1,1,6,5,4,183,203,202,203,2024-07-10,163,9,7.877249534981524,170,0.344774711344667,-0.33239831499048283,0,0,0,2,2,0,0,0,0,0.1366966821518611,2.059999942779541
EOSE,bb_v1@183-207#bo:bo_203#0|burst:burst_183_203#0|tb:tb_207#0,tb_207#0,bo_203#0,burst_183_203#0,原有,1,1,1,1,6,6,0,183,203,207,207,2024-07-17,163,9,7.877249534981524,170,0.4336734122904289,-0.28826532970612717,0,0,0,1,1,0,0,0,0,0.1366966821518611,1.9600000381469727
ELBM,bb_v1@98-101#bo:bo_98#0|burst:burst_98_99#0|tb:tb_101#0,tb_101#0,bo_98#0,burst_98_99#0,新增,1,1,1,0,2,1,1,98,99,101,101,2024-02-13,78,3,7.332675556791905,78,0.17741937654695672,-0.29193547239660855,0,0,0,1,1,0,1,0,0,0.08565228060908464,2.4800000190734863
ELBM,bb_v1@98-101#bo:bo_99#0|burst:burst_98_99#0|tb:tb_101#1,tb_101#1,bo_99#0,burst_98_99#0,原有,1,1,1,1,2,2,0,98,99,101,101,2024-02-13,78,3,7.332675556791905,78,0.17741937654695672,-0.29193547239660855,0,0,0,1,1,0,1,0,0,0.08565228060908464,2.4800000190734863
ELDN,bb_v1@274-280#bo:bo_274#0|burst:burst_274_276#0|tb:tb_280#0,tb_280#0,bo_274#0,burst_274_276#0,新增,1,1,1,0,3,1,2,274,276,280,280,2024-10-29,108,3,4.153188320193123,108,0.5431755137339398,-0.025069614574109722,1,0,0,0,1,1,0,1,0,0.06010478540077478,3.5899999141693115
ELDN,bb_v1@274-280#bo:bo_275#0|burst:burst_274_276#0|tb:tb_280#1,tb_280#1,bo_275#0,burst_274_276#0,新增,1,1,1,0,3,2,1,274,276,280,280,2024-10-29,108,3,4.153188320193123,108,0.5431755137339398,-0.025069614574109722,1,0,0,0,1,1,0,1,0,0.06010478540077478,3.5899999141693115
ELDN,bb_v1@274-280#bo:bo_276#0|burst:burst_274_276#0|tb:tb_280#2,tb_280#2,bo_276#0,burst_274_276#0,原有,1,1,1,1,3,3,0,274,276,280,280,2024-10-29,108,3,4.153188320193123,108,0.5431755137339398,-0.025069614574109722,1,0,0,0,1,1,0,1,0,0.06010478540077478,3.5899999141693115
ESLA,bb_v1@198-210#bo:bo_198#0|burst:burst_198_203#0|tb:tb_208_210#0,tb_208_210#0,bo_198#0,burst_198_203#0,新增,2,1,1,0,3,1,5,198,203,208,210,2024-07-18,148,3,4.642340954863168,70,1.3228893403453326,-0.37289181297714163,3,0,0,0,3,3,0,3,0,0.09274466587602087,1.3300000429153442
ESLA,bb_v1@198-210#bo:bo_198#0|burst:burst_198_204#0|tb:tb_208_210#0,tb_208_210#0,bo_198#0,burst_198_204#0,新增,2,0,1,0,4,1,6,198,204,208,210,2024-07-18,148,5,4.642340954863168,110,1.3228893403453326,-0.37289181297714163,3,0,0,0,3,3,0,3,0,0.09274466587602087,1.3300000429153442
ESLA,bb_v1@198-210#bo:bo_200#0|burst:burst_198_203#0|tb:tb_208_210#1,tb_208_210#1,bo_200#0,burst_198_203#0,新增,2,1,1,0,3,2,3,198,203,208,210,2024-07-18,148,3,4.642340954863168,70,1.3228893403453326,-0.37289181297714163,3,0,0,0,3,3,0,3,0,0.09274466587602087,1.3300000429153442
ESLA,bb_v1@198-210#bo:bo_200#0|burst:burst_198_204#0|tb:tb_208_210#1,tb_208_210#1,bo_200#0,burst_198_204#0,新增,2,0,1,0,4,2,4,198,204,208,210,2024-07-18,148,5,4.642340954863168,110,1.3228893403453326,-0.37289181297714163,3,0,0,0,3,3,0,3,0,0.09274466587602087,1.3300000429153442
ESLA,bb_v1@198-210#bo:bo_203#0|burst:burst_198_203#0|tb:tb_208_210#2,tb_208_210#2,bo_203#0,burst_198_203#0,原有,2,1,1,1,3,3,0,198,203,208,210,2024-07-18,148,3,4.642340954863168,70,1.3228893403453326,-0.37289181297714163,3,0,0,0,3,3,0,3,0,0.09274466587602087,1.3300000429153442
ESLA,bb_v1@198-210#bo:bo_203#0|burst:burst_198_204#0|tb:tb_208_210#2,tb_208_210#2,bo_203#0,burst_198_204#0,原有,2,0,1,1,4,3,1,198,204,208,210,2024-07-18,148,5,4.642340954863168,110,1.3228893403453326,-0.37289181297714163,3,0,0,0,3,3,0,3,0,0.09274466587602087,1.3300000429153442
ESLA,bb_v1@198-210#bo:bo_204#0|burst:burst_198_204#0|tb:tb_208_210#3,tb_208_210#3,bo_204#0,burst_198_204#0,原有,1,1,1,1,4,4,0,198,204,208,210,2024-07-18,148,5,4.642340954863168,110,1.3228893403453326,-0.37289181297714163,3,0,0,0,3,3,0,3,0,0.09274466587602087,1.3300000429153442
EVGO,bb_v1@193-204#bo:bo_193#0|burst:burst_193_204#0|tb:tb_198#0,tb_198#0,bo_193#0,burst_193_204#0,新增,1,1,1,0,4,1,11,193,204,198,198,2024-07-03,82,5,3.6831127822672785,136,0.8577074554998314,-0.017786591621669512,1,0,0,0,1,1,0,1,0,0.06883541116194647,2.5299999713897705
EVGO,bb_v1@193-204#bo:bo_194#0|burst:burst_193_204#0|tb:tb_198#1,tb_198#1,bo_194#0,burst_193_204#0,新增,1,1,1,0,4,2,10,193,204,198,198,2024-07-03,82,5,3.6831127822672785,136,0.8577074554998314,-0.017786591621669512,1,0,0,0,1,1,0,1,0,0.06883541116194647,2.5299999713897705
EVGO,bb_v1@193-206#bo:bo_199#0|burst:burst_193_204#0|tb:tb_206#0,tb_206#0,bo_199#0,burst_193_204#0,新增,1,1,1,0,4,3,5,193,204,206,206,2024-07-16,82,5,3.6831127822672785,136,0.14914416477253112,-0.19315407598988588,0,0,0,1,1,0,0,0,0,0.07958504728171537,4.090000152587891
EVGO,bb_v1@193-206#bo:bo_204#0|burst:burst_193_204#0|tb:tb_206#1,tb_206#1,bo_204#0,burst_193_204#0,原有,1,1,1,1,4,4,0,193,204,206,206,2024-07-16,82,5,3.6831127822672785,136,0.14914416477253112,-0.19315407598988588,0,0,0,1,1,0,0,0,0,0.07958504728171537,4.090000152587891
EYPT,bb_v1@269-279#bo:bo_271#0|burst:burst_269_279#0|tb:tb_275#0,tb_275#0,bo_271#0,burst_269_279#0,新增,1,1,1,0,3,2,8,269,279,275,275,2024-10-22,183,3,7.8433493480501495,75,0.30139532754587584,-0.3293023220328397,1,0,0,0,1,1,0,0,1,0.05221785439470214,10.75
EYPT,bb_v1@269-289#bo:bo_279#0|burst:burst_269_279#0|tb:tb_282_289#0,tb_282_289#0,bo_279#0,burst_269_279#0,原有,1,1,1,1,3,3,0,269,279,282,289,2024-10-31,183,3,7.8433493480501495,75,0.047940299791068605,-0.4152801307155886,0,8,0,0,8,0,8,0,8,0.0656600673781895,11.760000228881836
FMCKO,bb_v1@168-188#bo:bo_176#0|burst:burst_168_176#0|tb:tb_182_188#0,tb_182_188#0,bo_176#0,burst_168_176#0,原有,1,1,1,1,2,2,0,168,176,182,188,2024-06-10,87,3,102.86567926455567,81,0.0570719620593827,-0.3523573798473955,0,6,0,0,6,0,6,0,6,0.0056308121798687005,4.03000020980835
EVTL,bb_v1@124-133#bo:bo_127#0|burst:burst_124_127#0|tb:tb_133#0,tb_133#0,bo_127#0,burst_124_127#0,原有,1,1,1,1,2,2,0,124,127,133,133,2024-04-01,104,3,4.664095714024179,69,0.04310344685839129,-0.43620691838077286,0,1,0,0,1,0,1,0,1,0.07577072384496789,11.600000381469727
EXFY,bb_v1@288-292#bo:bo_288#0|burst:burst_288_289#0|tb:tb_292#0,tb_292#0,bo_288#0,burst_288_289#0,新增,2,1,1,0,2,1,1,288,289,292,292,2024-11-14,44,4,6.726198888057824,234,0.44405603703791074,-0.08041950667526199,1,0,0,0,1,1,0,1,0,0.059069120875405424,2.859999895095825
EXFY,bb_v1@288-296#bo:bo_288#0|burst:burst_288_296#0|tb:tb_292#0,tb_292#0,bo_288#0,burst_288_296#0,新增,2,0,1,0,3,1,8,288,296,292,292,2024-11-14,44,5,6.726198888057824,234,0.44405603703791074,-0.08041950667526199,1,0,0,0,1,1,0,1,0,0.059069120875405424,2.859999895095825
EXFY,bb_v1@288-292#bo:bo_289#0|burst:burst_288_289#0|tb:tb_292#1,tb_292#1,bo_289#0,burst_288_289#0,原有,2,1,1,1,2,2,0,288,289,292,292,2024-11-14,44,4,6.726198888057824,234,0.44405603703791074,-0.08041950667526199,1,0,0,0,1,1,0,1,0,0.059069120875405424,2.859999895095825
EXFY,bb_v1@288-296#bo:bo_289#0|burst:burst_288_296#0|tb:tb_292#1,tb_292#1,bo_289#0,burst_288_296#0,原有,2,0,1,1,3,2,7,288,296,292,292,2024-11-14,44,5,6.726198888057824,234,0.44405603703791074,-0.08041950667526199,1,0,0,0,1,1,0,1,0,0.059069120875405424,2.859999895095825
EXFY,bb_v1@288-301#bo:bo_296#0|burst:burst_288_296#0|tb:tb_300_301#0,tb_300_301#0,bo_296#0,burst_288_296#0,原有,1,1,1,1,3,3,0,288,296,300,301,2024-11-26,44,5,6.726198888057824,234,0.24976199820385736,-0.07100020708483334,0,0,0,2,2,0,0,0,0,0.06689606039290097,3.3399999141693115
FLNT,bb_v1@154-162#bo:bo_159#0|burst:burst_154_161#0|tb:tb_161_162#0,tb_161_162#0,bo_159#0,burst_154_161#0,新增,1,1,1,0,3,2,2,154,161,161,162,2024-05-09,77,3,3.253018297075349,71,0.011870857912195332,-0.2251141419559649,0,0,0,2,2,0,0,0,0,0.08805364964019943,4.210000038146973
FLNT,bb_v1@154-165#bo:bo_161#0|burst:burst_154_161#0|tb:tb_165#0,tb_165#0,bo_161#0,burst_154_161#0,原有,1,1,1,1,3,3,0,154,161,165,165,2024-05-15,77,3,3.253018297075349,71,0.0680100102171668,-0.1763224288763453,0,0,0,1,1,0,0,0,0,0.07255731171972168,3.9700000286102295
FNMAP,bb_v1@168-179#bo:bo_175#0|burst:burst_168_175#0|tb:tb_177_179#0,tb_177_179#0,bo_175#0,burst_168_175#0,原有,1,1,1,1,2,2,0,168,175,177,179,2024-06-03,148,4,11.52367688022284,81,0.12106762734836211,-0.16720389986125314,0,2,0,1,3,2,1,0,2,0.029462988608010266,7.050000190734863
GDLC,bb_v1@265-275#bo:bo_268#0|burst:burst_265_273#0|tb:tb_275#0,tb_275#0,bo_268#0,burst_265_273#0,新增,1,1,1,0,4,2,5,265,273,275,275,2024-10-22,93,4,7.287006978349224,154,0.7186951808706381,-0.09786043118656151,1,0,0,0,1,1,0,1,0,0.03768897703106043,28.510000228881836
GDLC,bb_v1@265-275#bo:bo_271#0|burst:burst_265_273#0|tb:tb_275#1,tb_275#1,bo_271#0,burst_265_273#0,新增,1,1,1,0,4,3,2,265,273,275,275,2024-10-22,93,4,7.287006978349224,154,0.7186951808706381,-0.09786043118656151,1,0,0,0,1,1,0,1,0,0.03768897703106043,28.510000228881836
GDLC,bb_v1@265-275#bo:bo_273#0|burst:burst_265_273#0|tb:tb_275#2,tb_275#2,bo_273#0,burst_265_273#0,原有,1,1,1,1,4,4,0,265,273,275,275,2024-10-22,93,4,7.287006978349224,154,0.7186951808706381,-0.09786043118656151,1,0,0,0,1,1,0,1,0,0.03768897703106043,28.510000228881836
FOSL,bb_v1@164-170#bo:bo_167#0|burst:burst_164_167#0|tb:tb_170#0,tb_170#0,bo_167#0,burst_164_167#0,原有,1,1,1,1,2,2,0,164,167,170,170,2024-05-22,144,3,3.7302765057098135,60,0.21678326808361215,-0.19580418297909696,0,0,0,1,1,0,0,0,0,0.09055350071655266,1.4299999475479126
FSI,bb_v1@227-234#bo:bo_227#0|burst:burst_227_229#0|tb:tb_233_234#0,tb_233_234#0,bo_227#0,burst_227_229#0,新增,1,1,1,0,2,1,2,227,229,233,234,2024-08-22,91,3,8.925844668714348,221,0.25459776403792056,0.009999991798078645,2,0,0,0,2,2,0,1,0,0.0406604361094126,2.8340909481048584
FSI,bb_v1@227-234#bo:bo_229#0|burst:burst_227_229#0|tb:tb_233_234#1,tb_233_234#1,bo_229#0,burst_227_229#0,原有,1,1,1,1,2,2,0,227,229,233,234,2024-08-22,91,3,8.925844668714348,221,0.25459776403792056,0.009999991798078645,2,0,0,0,2,2,0,1,0,0.0406604361094126,2.8340909481048584
FTCI,bb_v1@246-252#bo:bo_250#0|burst:burst_246_250#0|tb:tb_252#0,tb_252#0,bo_250#0,burst_246_250#0,原有,2,1,1,1,2,2,0,246,250,252,252,2024-09-19,188,3,197.42845199944267,80,0.4041745962333845,-0.27134726222632644,0,0,0,1,1,0,0,0,0,0.12782476275673887,5.269999980926514
FTCI,bb_v1@246-258#bo:bo_250#0|burst:burst_246_258#0|tb:tb_252#0,tb_252#0,bo_250#0,burst_246_258#0,原有,2,0,1,1,3,2,8,246,258,252,252,2024-09-19,188,5,197.42845199944267,126,0.4041745962333845,-0.27134726222632644,0,0,0,1,1,0,0,0,0,0.12782476275673887,5.269999980926514
FTCI,bb_v1@246-263#bo:bo_258#0|burst:burst_246_258#0|tb:tb_263#0,tb_263#0,bo_258#0,burst_246_258#0,原有,1,1,1,1,3,3,0,246,258,263,263,2024-10-04,188,5,197.42845199944267,126,0.4068440633776387,-0.42775668070586403,0,1,0,0,1,0,1,0,0,0.13276272016661142,5.260000228881836
FNMA,bb_v1@269-278#bo:bo_275#0|burst:burst_269_276#0|tb:tb_278#0,tb_278#0,bo_275#0,burst_269_276#0,新增,1,1,1,0,3,2,1,269,276,278,278,2024-10-25,150,3,4.9443600962887775,96,1.3701299907666984,-0.22077917051387563,1,0,0,0,1,0,1,1,0,0.06786573749212707,1.5399999618530273
FNMA,bb_v1@269-278#bo:bo_276#0|burst:burst_269_276#0|tb:tb_278#1,tb_278#1,bo_276#0,burst_269_276#0,原有,1,1,1,1,3,3,0,269,276,278,278,2024-10-25,150,3,4.9443600962887775,96,1.3701299907666984,-0.22077917051387563,1,0,0,0,1,0,1,1,0,0.06786573749212707,1.5399999618530273
GFAI,bb_v1@298-314#bo:bo_306#0|burst:burst_298_308#0|tb:tb_313_314#0,tb_313_314#0,bo_306#0,burst_298_308#0,新增,1,1,1,0,3,2,2,298,308,313,314,2024-12-16,175,3,14.129986168301562,72,2.1040000915527344,-0.2464000225067139,2,0,0,0,2,2,0,2,0,0.11254686327010836,1.25
GFAI,bb_v1@298-314#bo:bo_308#0|burst:burst_298_308#0|tb:tb_313_314#1,tb_313_314#1,bo_308#0,burst_298_308#0,原有,1,1,1,1,3,3,0,298,308,313,314,2024-12-16,175,3,14.129986168301562,72,2.1040000915527344,-0.2464000225067139,2,0,0,0,2,2,0,2,0,0.11254686327010836,1.25
GGRP,bb_v1@299-309#bo:bo_303#0|burst:burst_299_309#0|tb:tb_307_308#0,tb_307_308#0,bo_303#0,burst_299_309#0,新增,4,1,1,0,3,2,6,299,309,307,308,2024-12-06,195,3,244.85779975151462,76,7.948087605389271,0.08657301847759435,2,0,0,0,2,2,0,2,0,0.12620034934412425,0.7319999933242798
GGRP,bb_v1@299-310#bo:bo_303#0|burst:burst_299_310#0|tb:tb_307_308#0,tb_307_308#0,bo_303#0,burst_299_310#0,新增,4,0,1,0,4,2,7,299,310,307,308,2024-12-06,195,7,244.85779975151462,174,7.948087605389271,0.08657301847759435,2,0,0,0,2,2,0,2,0,0.12620034934412425,0.7319999933242798
GGRP,bb_v1@299-315#bo:bo_303#0|burst:burst_299_315#0|tb:tb_307_308#0,tb_307_308#0,bo_303#0,burst_299_315#0,新增,4,0,1,0,5,2,12,299,315,307,308,2024-12-06,195,10,244.85779975151462,238,7.948087605389271,0.08657301847759435,2,0,0,0,2,2,0,2,0,0.12620034934412425,0.7319999933242798
GGRP,bb_v1@299-317#bo:bo_303#0|burst:burst_299_317#0|tb:tb_307_308#0,tb_307_308#0,bo_303#0,burst_299_317#0,新增,4,0,1,0,6,2,14,299,317,307,308,2024-12-06,195,11,244.85779975151462,311,7.948087605389271,0.08657301847759435,2,0,0,0,2,2,0,2,0,0.12620034934412425,0.7319999933242798
GGRP,bb_v1@299-317#bo:bo_309#0|burst:burst_299_309#0|tb:tb_317#0,tb_317#0,bo_309#0,burst_299_309#0,原有,4,1,1,1,3,3,0,299,309,317,317,2024-12-20,195,3,244.85779975151462,76,0.2836676237339477,-0.5702005742403686,0,1,0,0,1,0,1,0,1,0.2187423900627323,3.490000009536743
GGRP,bb_v1@299-317#bo:bo_309#0|burst:burst_299_310#0|tb:tb_317#0,tb_317#0,bo_309#0,burst_299_310#0,原有,4,0,1,1,4,3,1,299,310,317,317,2024-12-20,195,7,244.85779975151462,174,0.2836676237339477,-0.5702005742403686,0,1,0,0,1,0,1,0,1,0.2187423900627323,3.490000009536743
GGRP,bb_v1@299-317#bo:bo_309#0|burst:burst_299_315#0|tb:tb_317#0,tb_317#0,bo_309#0,burst_299_315#0,原有,4,0,1,1,5,3,6,299,315,317,317,2024-12-20,195,10,244.85779975151462,238,0.2836676237339477,-0.5702005742403686,0,1,0,0,1,0,1,0,1,0.2187423900627323,3.490000009536743
GGRP,bb_v1@299-317#bo:bo_309#0|burst:burst_299_317#0|tb:tb_317#0,tb_317#0,bo_309#0,burst_299_317#0,原有,4,0,1,1,6,3,8,299,317,317,317,2024-12-20,195,11,244.85779975151462,311,0.2836676237339477,-0.5702005742403686,0,1,0,0,1,0,1,0,1,0.2187423900627323,3.490000009536743
GGRP,bb_v1@299-317#bo:bo_310#0|burst:burst_299_310#0|tb:tb_317#1,tb_317#1,bo_310#0,burst_299_310#0,原有,3,1,1,1,4,4,0,299,310,317,317,2024-12-20,195,7,244.85779975151462,174,0.2836676237339477,-0.5702005742403686,0,1,0,0,1,0,1,0,1,0.2187423900627323,3.490000009536743
GGRP,bb_v1@299-317#bo:bo_310#0|burst:burst_299_315#0|tb:tb_317#1,tb_317#1,bo_310#0,burst_299_315#0,原有,3,0,1,1,5,4,5,299,315,317,317,2024-12-20,195,10,244.85779975151462,238,0.2836676237339477,-0.5702005742403686,0,1,0,0,1,0,1,0,1,0.2187423900627323,3.490000009536743
GGRP,bb_v1@299-317#bo:bo_310#0|burst:burst_299_317#0|tb:tb_317#1,tb_317#1,bo_310#0,burst_299_317#0,原有,3,0,1,1,6,4,7,299,317,317,317,2024-12-20,195,11,244.85779975151462,311,0.2836676237339477,-0.5702005742403686,0,1,0,0,1,0,1,0,1,0.2187423900627323,3.490000009536743
GGRP,bb_v1@299-317#bo:bo_315#0|burst:burst_299_315#0|tb:tb_317#2,tb_317#2,bo_315#0,burst_299_315#0,原有,2,1,1,1,5,5,0,299,315,317,317,2024-12-20,195,10,244.85779975151462,238,0.2836676237339477,-0.5702005742403686,0,1,0,0,1,0,1,0,1,0.2187423900627323,3.490000009536743
GGRP,bb_v1@299-317#bo:bo_315#0|burst:burst_299_317#0|tb:tb_317#2,tb_317#2,bo_315#0,burst_299_317#0,原有,2,0,1,1,6,5,2,299,317,317,317,2024-12-20,195,11,244.85779975151462,311,0.2836676237339477,-0.5702005742403686,0,1,0,0,1,0,1,0,1,0.2187423900627323,3.490000009536743
FURY,bb_v1@135-141#bo:bo_138#0|burst:burst_135_138#0|tb:tb_141#0,tb_141#0,bo_138#0,burst_135_138#0,原有,1,1,1,1,2,2,0,135,138,141,141,2024-04-11,115,3,5.51930988162203,84,0.051660511735571735,-0.2988929921762855,0,0,0,1,1,0,1,0,0,0.09935063092421156,0.5419999957084656
GENK,bb_v1@126-135#bo:bo_126#0|burst:burst_126_132#0|tb:tb_135#0,tb_135#0,bo_126#0,burst_126_132#0,新增,1,1,1,0,3,1,6,126,132,135,135,2024-04-03,43,3,5.402734631867758,111,0.07806085773146632,-0.30073951417951217,0,0,0,1,1,0,1,0,0,0.10411684424305578,12.083890914916992
GENK,bb_v1@126-135#bo:bo_127#0|burst:burst_126_132#0|tb:tb_135#1,tb_135#1,bo_127#0,burst_126_132#0,新增,1,1,1,0,3,2,5,126,132,135,135,2024-04-03,43,3,5.402734631867758,111,0.07806085773146632,-0.30073951417951217,0,0,0,1,1,0,1,0,0,0.10411684424305578,12.083890914916992
GENK,bb_v1@126-135#bo:bo_132#0|burst:burst_126_132#0|tb:tb_135#2,tb_135#2,bo_132#0,burst_126_132#0,原有,1,1,1,1,3,3,0,126,132,135,135,2024-04-03,43,3,5.402734631867758,111,0.07806085773146632,-0.30073951417951217,0,0,0,1,1,0,1,0,0,0.10411684424305578,12.083890914916992
GLGI,bb_v1@84-96#bo:bo_84#0|burst:burst_84_96#0|tb:tb_92_95#0,tb_92_95#0,bo_84#0,burst_84_96#0,新增,1,1,1,0,3,1,12,84,96,92,95,2024-01-31,64,3,3.1413382218148485,64,0.9708831647992544,-0.13616609117556014,4,0,0,0,4,3,1,4,0,0.04188600544444715,1.1799999475479126
GLGI,bb_v1@84-96#bo:bo_89#0|burst:burst_84_96#0|tb:tb_92_95#1,tb_92_95#1,bo_89#0,burst_84_96#0,新增,1,1,1,0,3,2,7,84,96,92,95,2024-01-31,64,3,3.1413382218148485,64,0.9708831647992544,-0.13616609117556014,4,0,0,0,4,3,1,4,0,0.04188600544444715,1.1799999475479126
GLGI,bb_v1@84-99#bo:bo_96#0|burst:burst_84_96#0|tb:tb_98_99#0,tb_98_99#0,bo_96#0,burst_84_96#0,原有,1,1,1,1,3,3,0,84,96,98,99,2024-02-08,64,3,3.1413382218148485,64,0.9183991916921166,-0.15916970521495122,2,0,0,0,2,2,0,2,0,0.04878376195954204,1.2200000286102295
GRWG,bb_v1@129-134#bo:bo_129#0|burst:burst_129_131#0|tb:tb_133_134#0,tb_133_134#0,bo_129#0,burst_129_131#0,新增,2,1,1,0,3,1,2,129,131,133,134,2024-04-01,77,5,6.487248017548946,78,0.1736677538473057,-0.2812153580311323,0,2,0,0,2,0,2,0,1,0.06630811288654422,2.9000000953674316
GRWG,bb_v1@129-135#bo:bo_129#0|burst:burst_129_135#0|tb:tb_133_134#0,tb_133_134#0,bo_129#0,burst_129_135#0,新增,2,0,1,0,4,1,6,129,135,133,134,2024-04-01,77,5,6.487248017548946,82,0.1736677538473057,-0.2812153580311323,0,2,0,0,2,0,2,0,1,0.06630811288654422,2.9000000953674316
GRWG,bb_v1@129-134#bo:bo_130#0|burst:burst_129_131#0|tb:tb_133_134#1,tb_133_134#1,bo_130#0,burst_129_131#0,新增,2,1,1,0,3,2,1,129,131,133,134,2024-04-01,77,5,6.487248017548946,78,0.1736677538473057,-0.2812153580311323,0,2,0,0,2,0,2,0,1,0.06630811288654422,2.9000000953674316
GRWG,bb_v1@129-135#bo:bo_130#0|burst:burst_129_135#0|tb:tb_133_134#1,tb_133_134#1,bo_130#0,burst_129_135#0,新增,2,0,1,0,4,2,5,129,135,133,134,2024-04-01,77,5,6.487248017548946,82,0.1736677538473057,-0.2812153580311323,0,2,0,0,2,0,2,0,1,0.06630811288654422,2.9000000953674316
GRWG,bb_v1@129-134#bo:bo_131#0|burst:burst_129_131#0|tb:tb_133_134#2,tb_133_134#2,bo_131#0,burst_129_131#0,原有,2,1,1,1,3,3,0,129,131,133,134,2024-04-01,77,5,6.487248017548946,78,0.1736677538473057,-0.2812153580311323,0,2,0,0,2,0,2,0,1,0.06630811288654422,2.9000000953674316
GRWG,bb_v1@129-135#bo:bo_131#0|burst:burst_129_135#0|tb:tb_133_134#2,tb_133_134#2,bo_131#0,burst_129_135#0,原有,2,0,1,1,4,3,4,129,135,133,134,2024-04-01,77,5,6.487248017548946,82,0.1736677538473057,-0.2812153580311323,0,2,0,0,2,0,2,0,1,0.06630811288654422,2.9000000953674316
GRWG,bb_v1@129-137#bo:bo_135#0|burst:burst_129_135#0|tb:tb_137#0,tb_137#0,bo_135#0,burst_129_135#0,原有,1,1,1,1,4,4,0,129,135,137,137,2024-04-05,77,5,6.487248017548946,82,0.11130744371467949,-0.2685512406191133,0,0,0,1,1,0,0,0,0,0.09486890838807732,2.8299999237060547
HIPO,bb_v1@282-287#bo:bo_285#0|burst:burst_282_285#0|tb:tb_287#0,tb_287#0,bo_285#0,burst_282_285#0,原有,2,1,1,1,2,2,0,282,285,287,287,2024-11-07,75,4,4.66976519587131,132,0.4496189865325202,0.005503774604049605,1,0,0,0,1,1,0,1,0,0.050333345385565276,23.6200008392334
HIPO,bb_v1@282-288#bo:bo_285#0|burst:burst_282_288#0|tb:tb_287#0,tb_287#0,bo_285#0,burst_282_288#0,原有,2,0,1,1,3,2,3,282,288,287,287,2024-11-07,75,5,4.66976519587131,150,0.4496189865325202,0.005503774604049605,1,0,0,0,1,1,0,1,0,0.050333345385565276,23.6200008392334
HIPO,bb_v1@282-296#bo:bo_288#0|burst:burst_282_288#0|tb:tb_293_296#0,tb_293_296#0,bo_288#0,burst_282_288#0,原有,1,1,1,1,3,3,0,282,288,293,296,2024-11-15,75,5,4.66976519587131,150,0.205391646503656,-0.19628826376428393,0,1,0,3,4,1,3,0,0,0.0517463518715479,27.290000915527344
HIMX,bb_v1@307-323#bo:bo_307#0|burst:burst_307_311#0|tb:tb_317_323#0,tb_317_323#0,bo_307#0,burst_307_311#0,新增,1,1,1,0,2,1,4,307,311,317,323,2024-12-20,124,4,25.178381405210654,122,0.736441316879028,-0.11492670517556351,7,0,0,0,7,7,0,7,0,0.05213626642136384,7.289124488830566
HIMX,bb_v1@307-323#bo:bo_311#0|burst:burst_307_311#0|tb:tb_317_323#1,tb_317_323#1,bo_311#0,burst_307_311#0,原有,1,1,1,1,2,2,0,307,311,317,323,2024-12-20,124,4,25.178381405210654,122,0.736441316879028,-0.11492670517556351,7,0,0,0,7,7,0,7,0,0.05213626642136384,7.289124488830566
GSKRF,bb_v1@131-151#bo:bo_131#0|burst:burst_131_134#0|tb:tb_138_151#0,tb_138_151#0,bo_131#0,burst_131_134#0,新增,2,1,1,0,3,1,3,131,134,138,151,2024-04-08,111,3,7.130533135023119,87,0.5884123312327788,-0.031054019580911814,8,0,0,6,14,11,0,8,0,0.07722502093978681,0.6200000047683716
GSKRF,bb_v1@131-151#bo:bo_131#0|burst:burst_131_135#0|tb:tb_138_151#0,tb_138_151#0,bo_131#0,burst_131_135#0,新增,2,0,1,0,4,1,4,131,135,138,151,2024-04-08,111,4,7.130533135023119,122,0.5884123312327788,-0.031054019580911814,8,0,0,6,14,11,0,8,0,0.07722502093978681,0.6200000047683716
GSKRF,bb_v1@131-151#bo:bo_133#0|burst:burst_131_134#0|tb:tb_138_151#1,tb_138_151#1,bo_133#0,burst_131_134#0,新增,2,1,1,0,3,2,1,131,134,138,151,2024-04-08,111,3,7.130533135023119,87,0.5884123312327788,-0.031054019580911814,8,0,0,6,14,11,0,8,0,0.07722502093978681,0.6200000047683716
GSKRF,bb_v1@131-151#bo:bo_133#0|burst:burst_131_135#0|tb:tb_138_151#1,tb_138_151#1,bo_133#0,burst_131_135#0,新增,2,0,1,0,4,2,2,131,135,138,151,2024-04-08,111,4,7.130533135023119,122,0.5884123312327788,-0.031054019580911814,8,0,0,6,14,11,0,8,0,0.07722502093978681,0.6200000047683716
GSKRF,bb_v1@131-151#bo:bo_134#0|burst:burst_131_134#0|tb:tb_138_151#2,tb_138_151#2,bo_134#0,burst_131_134#0,原有,2,1,1,1,3,3,0,131,134,138,151,2024-04-08,111,3,7.130533135023119,87,0.5884123312327788,-0.031054019580911814,8,0,0,6,14,11,0,8,0,0.07722502093978681,0.6200000047683716
GSKRF,bb_v1@131-151#bo:bo_134#0|burst:burst_131_135#0|tb:tb_138_151#2,tb_138_151#2,bo_134#0,burst_131_135#0,原有,2,0,1,1,4,3,1,131,135,138,151,2024-04-08,111,4,7.130533135023119,122,0.5884123312327788,-0.031054019580911814,8,0,0,6,14,11,0,8,0,0.07722502093978681,0.6200000047683716
GSKRF,bb_v1@131-151#bo:bo_135#0|burst:burst_131_135#0|tb:tb_138_151#3,tb_138_151#3,bo_135#0,burst_131_135#0,原有,1,1,1,1,4,4,0,131,135,138,151,2024-04-08,111,4,7.130533135023119,122,0.5884123312327788,-0.031054019580911814,8,0,0,6,14,11,0,8,0,0.07722502093978681,0.6200000047683716
GWSO,bb_v1@92-110#bo:bo_95#0|burst:burst_92_96#0|tb:tb_104_110#0,tb_104_110#0,bo_95#0,burst_92_96#0,新增,1,1,1,0,3,2,1,92,96,104,110,2024-02-16,72,3,31.960460100647015,77,0.07295748382297738,-0.603753011580518,0,7,0,0,7,0,7,0,7,0.17789289628097654,4.670000076293945
GWSO,bb_v1@92-110#bo:bo_96#0|burst:burst_92_96#0|tb:tb_104_110#1,tb_104_110#1,bo_96#0,burst_92_96#0,原有,1,1,1,1,3,3,0,92,96,104,110,2024-02-16,72,3,31.960460100647015,77,0.07295748382297738,-0.603753011580518,0,7,0,0,7,0,7,0,7,0.17789289628097654,4.670000076293945
HERE,bb_v1@81-94#bo:bo_89#0|burst:burst_81_89#0|tb:tb_93_94#0,tb_93_94#0,bo_89#0,burst_81_89#0,原有,2,1,1,1,3,3,0,81,89,93,94,2024-02-01,61,5,6.530345339121709,73,0.10075266276285733,-0.35915087536648554,0,0,0,2,2,0,0,0,0,0.167358590111784,3.798321485519409
HERE,bb_v1@81-94#bo:bo_89#0|burst:burst_81_90#0|tb:tb_93_94#0,tb_93_94#0,bo_89#0,burst_81_90#0,原有,2,0,1,1,4,3,1,81,90,93,94,2024-02-01,61,5,6.530345339121709,73,0.10075266276285733,-0.35915087536648554,0,0,0,2,2,0,0,0,0,0.167358590111784,3.798321485519409
HERE,bb_v1@81-94#bo:bo_90#0|burst:burst_81_90#0|tb:tb_93_94#1,tb_93_94#1,bo_90#0,burst_81_90#0,原有,1,1,1,1,4,4,0,81,90,93,94,2024-02-01,61,5,6.530345339121709,73,0.10075266276285733,-0.35915087536648554,0,0,0,2,2,0,0,0,0,0.167358590111784,3.798321485519409
HERE,bb_v1@255-271#bo:bo_261#0|burst:burst_255_264#0|tb:tb_268_271#0,tb_268_271#0,bo_261#0,burst_255_264#0,新增,1,1,1,0,4,3,3,255,264,268,271,2024-10-11,126,4,98.0722770568205,174,0.08060528297823494,-0.3087201953901876,0,0,0,4,4,0,0,0,0,0.1349653134790004,3.3564374446868896
HERE,bb_v1@255-271#bo:bo_264#0|burst:burst_255_264#0|tb:tb_268_271#1,tb_268_271#1,bo_264#0,burst_255_264#0,原有,1,1,1,1,4,4,0,255,264,268,271,2024-10-11,126,4,98.0722770568205,174,0.08060528297823494,-0.3087201953901876,0,0,0,4,4,0,0,0,0,0.1349653134790004,3.3564374446868896
HANNF,bb_v1@304-310#bo:bo_307#0|burst:burst_304_307#0|tb:tb_310#0,tb_310#0,bo_307#0,burst_304_307#0,原有,1,1,1,1,2,2,0,304,307,310,310,2024-12-11,107,4,5.037061034080601,95,0.5465517941255511,-0.2241379292626443,0,0,0,1,1,1,0,0,0,0.10934383112047744,0.5799999833106995
HCHDF,bb_v1@121-135#bo:bo_127#0|burst:burst_121_127#0|tb:tb_133_135#0,tb_133_135#0,bo_127#0,burst_121_127#0,原有,1,1,1,1,2,2,0,121,127,133,135,2024-04-01,76,3,7.5650782361308675,78,0.42693603480692516,-0.008155625909104569,3,0,0,0,3,3,0,3,0,0.026476829993674473,1.6121479272842407
IBIO,bb_v1@259-266#bo:bo_259#0|burst:burst_259_266#0|tb:tb_262#0,tb_262#0,bo_259#0,burst_259_266#0,新增,1,1,1,0,3,1,7,259,266,262,262,2024-10-03,90,3,19.102080922331155,82,0.3938053578140688,-0.0884955966936618,1,0,0,0,1,1,0,0,0,0.06878499239485639,2.259999990463257
IBIO,bb_v1@259-266#bo:bo_264#0|burst:burst_259_266#0|tb:tb_266#0,tb_266#0,bo_264#0,burst_259_266#0,新增,1,1,1,0,3,2,2,259,266,266,266,2024-10-09,90,3,19.102080922331155,82,0.10915499667851014,-0.2746478855503478,0,1,0,0,1,0,1,0,0,0.07251230209058514,2.8399999141693115
IBIO,bb_v1@259-268#bo:bo_266#0|burst:burst_259_266#0|tb:tb_268#0,tb_268#0,bo_266#0,burst_259_266#0,原有,1,1,1,1,3,3,0,259,266,268,268,2024-10-11,90,3,19.102080922331155,82,0.19771861532297108,-0.21673009386258024,0,0,0,1,1,0,0,0,0,0.0879619821053362,2.630000114440918
HNST,bb_v1@286-297#bo:bo_286#0|burst:burst_286_291#0|tb:tb_297#0,tb_297#0,bo_286#0,burst_286_291#0,新增,1,1,1,0,3,1,5,286,291,297,297,2024-11-21,58,3,10.088908739377962,174,0.1725490398961853,-0.26405228179667006,0,1,0,0,1,0,1,0,0,0.05980602092210913,7.650000095367432
HNST,bb_v1@286-297#bo:bo_289#0|burst:burst_286_291#0|tb:tb_297#1,tb_297#1,bo_289#0,burst_286_291#0,新增,1,1,1,0,3,2,2,286,291,297,297,2024-11-21,58,3,10.088908739377962,174,0.1725490398961853,-0.26405228179667006,0,1,0,0,1,0,1,0,0,0.05980602092210913,7.650000095367432
HNST,bb_v1@286-297#bo:bo_291#0|burst:burst_286_291#0|tb:tb_297#2,tb_297#2,bo_291#0,burst_286_291#0,原有,1,1,1,1,3,3,0,286,291,297,297,2024-11-21,58,3,10.088908739377962,174,0.1725490398961853,-0.26405228179667006,0,1,0,0,1,0,1,0,0,0.05980602092210913,7.650000095367432
HOUR,bb_v1@224-229#bo:bo_224#0|burst:burst_224_225#0|tb:tb_227_229#0,tb_227_229#0,bo_224#0,burst_224_225#0,新增,1,1,1,0,2,1,1,224,225,227,229,2024-08-14,95,3,85.08060109289617,85,0.21278790093224695,-0.0644425993453015,0,0,0,3,3,0,0,0,0,0.07751029131910214,1.3300000429153442
HOUR,bb_v1@224-229#bo:bo_225#0|burst:burst_224_225#0|tb:tb_227_229#1,tb_227_229#1,bo_225#0,burst_224_225#0,原有,1,1,1,1,2,2,0,224,225,227,229,2024-08-14,95,3,85.08060109289617,85,0.21278790093224695,-0.0644425993453015,0,0,0,3,3,0,0,0,0,0.07751029131910214,1.3300000429153442
IDN,bb_v1@128-131#bo:bo_128#0|burst:burst_128#0|tb:tb_131#0,tb_131#0,bo_128#0,burst_128#0,原有,1,1,1,1,1,1,0,128,128,131,131,2024-03-27,66,3,489.00599300815713,118,0.059490096274503745,-0.2521246101130138,0,1,0,0,1,0,1,0,1,0.05489840418922511,3.5299999713897705
HYFM,bb_v1@130-135#bo:bo_130#0|burst:burst_130_135#0|tb:tb_134#0,tb_134#0,bo_130#0,burst_130_135#0,新增,1,1,1,0,3,1,5,130,135,134,134,2024-04-02,40,4,4.392482564985055,102,0.18811876700679786,-0.24752479033801422,0,0,0,1,1,0,1,0,0,0.06638563094135755,10.100000381469727
HYFM,bb_v1@130-135#bo:bo_132#0|burst:burst_130_135#0|tb:tb_134#1,tb_134#1,bo_132#0,burst_130_135#0,新增,1,1,1,0,3,2,3,130,135,134,134,2024-04-02,40,4,4.392482564985055,102,0.18811876700679786,-0.24752479033801422,0,0,0,1,1,0,1,0,0,0.06638563094135755,10.100000381469727
HYFM,bb_v1@130-140#bo:bo_135#0|burst:burst_130_135#0|tb:tb_138_140#0,tb_138_140#0,bo_135#0,burst_130_135#0,原有,1,1,1,1,3,3,0,130,135,138,140,2024-04-08,40,4,4.392482564985055,102,0.03018199177751864,-0.2519982577633131,0,1,0,2,3,0,3,0,0,0.0694996271072708,10.100000381469727
HYPR,bb_v1@198-206#bo:bo_202#0|burst:burst_198_206#0|tb:tb_204_205#0,tb_204_205#0,bo_202#0,burst_198_206#0,新增,1,1,1,0,3,2,4,198,206,204,205,2024-07-12,83,3,7.31166169895678,66,0.20002704452687037,-0.19239888352162987,0,0,0,2,2,0,0,0,0,0.08364108733397681,1.0499999523162842
HYPR,bb_v1@198-209#bo:bo_206#0|burst:burst_198_206#0|tb:tb_208_209#0,tb_208_209#0,bo_206#0,burst_198_206#0,原有,1,1,1,1,3,3,0,198,206,208,209,2024-07-18,83,3,7.31166169895678,66,0.03088606256244486,-0.3029246587422441,0,1,0,1,2,0,2,0,0,0.0838414047949485,1.2400000095367432
IONQ,bb_v1@249-267#bo:bo_258#0|burst:burst_249_258#0|tb:tb_265_267#0,tb_265_267#0,bo_258#0,burst_249_258#0,原有,1,1,1,1,3,3,0,249,258,265,267,2024-10-08,44,4,9.741351351997897,93,2.922841762638211,-0.037606537150739396,3,0,0,0,3,3,0,3,0,0.0659570997882401,9.550000190734863
HTZ,bb_v1@290-299#bo:bo_290#0|burst:burst_290_299#0|tb:tb_294#0,tb_294#0,bo_290#0,burst_290_299#0,新增,2,1,1,0,3,1,9,290,299,294,294,2024-11-18,84,3,3.2442597170850576,81,0.27764429138786206,-0.24278841083924263,0,0,0,1,1,1,0,0,0,0.06459494521697165,4.159999847412109
HTZ,bb_v1@290-302#bo:bo_290#0|burst:burst_290_302#0|tb:tb_294#0,tb_294#0,bo_290#0,burst_290_302#0,新增,2,0,1,0,4,1,12,290,302,294,294,2024-11-18,84,4,3.2442597170850576,95,0.27764429138786206,-0.24278841083924263,0,0,0,1,1,1,0,0,0,0.06459494521697165,4.159999847412109
HTZ,bb_v1@290-299#bo:bo_292#0|burst:burst_290_299#0|tb:tb_294#1,tb_294#1,bo_292#0,burst_290_299#0,新增,2,1,1,0,3,2,7,290,299,294,294,2024-11-18,84,3,3.2442597170850576,81,0.27764429138786206,-0.24278841083924263,0,0,0,1,1,1,0,0,0,0.06459494521697165,4.159999847412109
HTZ,bb_v1@290-302#bo:bo_292#0|burst:burst_290_302#0|tb:tb_294#1,tb_294#1,bo_292#0,burst_290_302#0,新增,2,0,1,0,4,2,10,290,302,294,294,2024-11-18,84,4,3.2442597170850576,95,0.27764429138786206,-0.24278841083924263,0,0,0,1,1,1,0,0,0,0.06459494521697165,4.159999847412109
HTZ,bb_v1@290-303#bo:bo_299#0|burst:burst_290_299#0|tb:tb_301_303#0,tb_301_303#0,bo_299#0,burst_290_299#0,原有,2,1,1,1,3,3,0,290,299,301,303,2024-11-27,84,3,3.2442597170850576,81,0.08640815103949977,-0.33685497917655716,0,3,0,0,3,0,3,0,2,0.0783986913377151,4.619999885559082
HTZ,bb_v1@290-303#bo:bo_299#0|burst:burst_290_302#0|tb:tb_301_303#0,tb_301_303#0,bo_299#0,burst_290_302#0,原有,2,0,1,1,4,3,3,290,302,301,303,2024-11-27,84,4,3.2442597170850576,95,0.08640815103949977,-0.33685497917655716,0,3,0,0,3,0,3,0,2,0.0783986913377151,4.619999885559082
HTZ,bb_v1@290-310#bo:bo_302#0|burst:burst_290_302#0|tb:tb_306_310#0,tb_306_310#0,bo_302#0,burst_290_302#0,原有,1,1,1,1,4,4,0,290,302,306,310,2024-12-05,84,4,3.2442597170850576,95,0.052125348013843206,-0.31281993481786247,0,5,0,0,5,0,5,0,1,0.07980830074680768,4.599999904632568
HRTG,bb_v1@224-237#bo:bo_224#0|burst:burst_224_225#0|tb:tb_232_237#0,tb_232_237#0,bo_224#0,burst_224_225#0,新增,2,1,1,0,2,1,1,224,225,232,237,2024-08-21,97,3,3.8497345687153786,75,0.11468471609145574,-0.4261682227049775,0,6,0,0,6,0,6,0,6,0.08882541097942467,14.609999656677246
HRTG,bb_v1@224-237#bo:bo_224#0|burst:burst_224_226#0|tb:tb_232_237#0,tb_232_237#0,bo_224#0,burst_224_226#0,新增,2,0,1,0,3,1,2,224,226,232,237,2024-08-21,97,4,3.8497345687153786,93,0.11468471609145574,-0.4261682227049775,0,6,0,0,6,0,6,0,6,0.08882541097942467,14.609999656677246
HRTG,bb_v1@224-237#bo:bo_225#0|burst:burst_224_225#0|tb:tb_232_237#1,tb_232_237#1,bo_225#0,burst_224_225#0,原有,2,1,1,1,2,2,0,224,225,232,237,2024-08-21,97,3,3.8497345687153786,75,0.11468471609145574,-0.4261682227049775,0,6,0,0,6,0,6,0,6,0.08882541097942467,14.609999656677246
HRTG,bb_v1@224-237#bo:bo_225#0|burst:burst_224_226#0|tb:tb_232_237#1,tb_232_237#1,bo_225#0,burst_224_226#0,原有,2,0,1,1,3,2,1,224,226,232,237,2024-08-21,97,4,3.8497345687153786,93,0.11468471609145574,-0.4261682227049775,0,6,0,0,6,0,6,0,6,0.08882541097942467,14.609999656677246
HRTG,bb_v1@224-237#bo:bo_226#0|burst:burst_224_226#0|tb:tb_232_237#2,tb_232_237#2,bo_226#0,burst_224_226#0,原有,1,1,1,1,3,3,0,224,226,232,237,2024-08-21,97,4,3.8497345687153786,93,0.11468471609145574,-0.4261682227049775,0,6,0,0,6,0,6,0,6,0.08882541097942467,14.609999656677246
IPI,bb_v1@161-172#bo:bo_161#0|burst:burst_161_172#0|tb:tb_166#0,tb_166#0,bo_161#0,burst_161_172#0,新增,1,1,1,0,3,1,11,161,172,166,166,2024-05-16,100,3,3.6403322878697977,104,0.11687276987804229,-0.10809729228006904,0,0,0,1,1,1,0,0,0,0.027192600347824433,25.06999969482422
IPI,bb_v1@161-177#bo:bo_169#0|burst:burst_161_172#0|tb:tb_175_177#0,tb_175_177#0,bo_169#0,burst_161_172#0,新增,1,1,1,0,3,2,3,161,172,175,177,2024-05-30,100,3,3.6403322878697977,104,0.025636086226220083,-0.15779022626330133,0,2,0,1,3,0,3,0,0,0.03650786780524644,26.739999771118164
IPI,bb_v1@161-177#bo:bo_172#0|burst:burst_161_172#0|tb:tb_175_177#1,tb_175_177#1,bo_172#0,burst_161_172#0,原有,1,1,1,1,3,3,0,161,172,175,177,2024-05-30,100,3,3.6403322878697977,104,0.025636086226220083,-0.15779022626330133,0,2,0,1,3,0,3,0,0,0.03650786780524644,26.739999771118164
IPI,bb_v1@279-289#bo:bo_285#0|burst:burst_279_285#0|tb:tb_289#0,tb_289#0,bo_285#0,burst_279_285#0,原有,1,1,1,1,2,2,0,279,285,289,289,2024-11-11,107,3,5.342336683417086,112,0.045421782237853536,-0.24621485148017885,0,1,0,0,1,0,1,0,1,0.029395335358885114,27.739999771118164
JUSH,bb_v1@93-96#bo:bo_93#0|burst:burst_93_94#0|tb:tb_96#0,tb_96#0,bo_93#0,burst_93_94#0,新增,2,1,1,0,2,1,1,93,94,96,96,2024-02-06,73,3,3.183607527047845,74,0.13541672681458428,-0.41562499786571905,0,1,0,0,1,0,1,0,1,0.11414494338406042,0.9599999785423279
JUSH,bb_v1@93-96#bo:bo_93#0|burst:burst_93_96#0|tb:tb_96#0,tb_96#0,bo_93#0,burst_93_96#0,新增,2,0,1,0,3,1,3,93,96,96,96,2024-02-06,73,4,3.183607527047845,90,0.13541672681458428,-0.41562499786571905,0,1,0,0,1,0,1,0,1,0.11414494338406042,0.9599999785423279
JUSH,bb_v1@93-96#bo:bo_94#0|burst:burst_93_94#0|tb:tb_96#1,tb_96#1,bo_94#0,burst_93_94#0,原有,2,1,1,1,2,2,0,93,94,96,96,2024-02-06,73,3,3.183607527047845,74,0.13541672681458428,-0.41562499786571905,0,1,0,0,1,0,1,0,1,0.11414494338406042,0.9599999785423279
JUSH,bb_v1@93-96#bo:bo_94#0|burst:burst_93_96#0|tb:tb_96#1,tb_96#1,bo_94#0,burst_93_96#0,原有,2,0,1,1,3,2,2,93,96,96,96,2024-02-06,73,4,3.183607527047845,90,0.13541672681458428,-0.41562499786571905,0,1,0,0,1,0,1,0,1,0.11414494338406042,0.9599999785423279
JVA,bb_v1@297-304#bo:bo_302#0|burst:burst_297_302#0|tb:tb_304#0,tb_304#0,bo_302#0,burst_297_302#0,原有,1,1,1,1,2,2,0,297,302,304,304,2024-12-03,46,4,3.099100389640156,91,0.26682686359436003,-0.20192310033873284,0,0,0,1,1,0,0,0,0,0.09044798050814119,4.051948070526123
JWEL,bb_v1@179-184#bo:bo_182#0|burst:burst_179_182#0|tb:tb_184#0,tb_184#0,bo_182#0,burst_179_182#0,原有,1,1,1,1,2,2,0,179,182,184,184,2024-06-12,69,6,3650.429555084746,105,-0.01702126105374524,-0.476595715323741,0,1,0,0,1,0,1,0,1,0.0714513394574686,2.3499999046325684
INUV,bb_v1@314-322#bo:bo_317#0|burst:burst_314_322#0|tb:tb_320#0,tb_320#0,bo_317#0,burst_314_322#0,新增,2,1,1,0,3,2,5,314,322,320,320,2024-12-26,106,3,5.47994366549624,210,0.7954545282135328,-0.11363636117336184,1,0,0,0,1,1,0,0,0,0.1403941028446577,4.400000095367432
INUV,bb_v1@314-323#bo:bo_317#0|burst:burst_314_323#0|tb:tb_320#0,tb_320#0,bo_317#0,burst_314_323#0,新增,2,0,1,0,4,2,6,314,323,320,320,2024-12-26,106,4,5.613027818972964,248,0.7954545282135328,-0.11363636117336184,1,0,0,0,1,1,0,0,0,0.1403941028446577,4.400000095367432
INVZ,bb_v1@311-317#bo:bo_311#0|burst:burst_311_313#0|tb:tb_317#0,tb_317#0,bo_311#0,burst_311_313#0,新增,4,1,1,0,3,1,2,311,313,317,317,2024-12-20,63,4,22.773698087526334,107,1.7304349304372315,-0.3217391412515047,1,0,0,0,1,1,0,1,0,0.1206806423877792,1.149999976158142
INVZ,bb_v1@311-318#bo:bo_311#0|burst:burst_311_318#0|tb:tb_317#0,tb_317#0,bo_311#0,burst_311_318#0,新增,4,0,1,0,4,1,7,311,318,317,317,2024-12-20,63,5,22.773698087526334,158,1.7304349304372315,-0.3217391412515047,1,0,0,0,1,1,0,1,0,0.1206806423877792,1.149999976158142
INVZ,bb_v1@311-319#bo:bo_311#0|burst:burst_311_319#0|tb:tb_317#0,tb_317#0,bo_311#0,burst_311_319#0,新增,4,0,1,0,5,1,8,311,319,317,317,2024-12-20,63,6,22.773698087526334,183,1.7304349304372315,-0.3217391412515047,1,0,0,0,1,1,0,1,0,0.1206806423877792,1.149999976158142
INVZ,bb_v1@311-326#bo:bo_311#0|burst:burst_311_326#0|tb:tb_317#0,tb_317#0,bo_311#0,burst_311_326#0,新增,4,0,1,0,6,1,15,311,326,317,317,2024-12-20,63,7,22.773698087526334,215,1.7304349304372315,-0.3217391412515047,1,0,0,0,1,1,0,1,0,0.1206806423877792,1.149999976158142
INVZ,bb_v1@311-317#bo:bo_312#0|burst:burst_311_313#0|tb:tb_317#1,tb_317#1,bo_312#0,burst_311_313#0,新增,4,1,1,0,3,2,1,311,313,317,317,2024-12-20,63,4,22.773698087526334,107,1.7304349304372315,-0.3217391412515047,1,0,0,0,1,1,0,1,0,0.1206806423877792,1.149999976158142
INVZ,bb_v1@311-318#bo:bo_312#0|burst:burst_311_318#0|tb:tb_317#1,tb_317#1,bo_312#0,burst_311_318#0,新增,4,0,1,0,4,2,6,311,318,317,317,2024-12-20,63,5,22.773698087526334,158,1.7304349304372315,-0.3217391412515047,1,0,0,0,1,1,0,1,0,0.1206806423877792,1.149999976158142
INVZ,bb_v1@311-319#bo:bo_312#0|burst:burst_311_319#0|tb:tb_317#1,tb_317#1,bo_312#0,burst_311_319#0,新增,4,0,1,0,5,2,7,311,319,317,317,2024-12-20,63,6,22.773698087526334,183,1.7304349304372315,-0.3217391412515047,1,0,0,0,1,1,0,1,0,0.1206806423877792,1.149999976158142
INVZ,bb_v1@311-326#bo:bo_312#0|burst:burst_311_326#0|tb:tb_317#1,tb_317#1,bo_312#0,burst_311_326#0,新增,4,0,1,0,6,2,14,311,326,317,317,2024-12-20,63,7,22.773698087526334,215,1.7304349304372315,-0.3217391412515047,1,0,0,0,1,1,0,1,0,0.1206806423877792,1.149999976158142
INVZ,bb_v1@311-317#bo:bo_313#0|burst:burst_311_313#0|tb:tb_317#2,tb_317#2,bo_313#0,burst_311_313#0,原有,4,1,1,1,3,3,0,311,313,317,317,2024-12-20,63,4,22.773698087526334,107,1.7304349304372315,-0.3217391412515047,1,0,0,0,1,1,0,1,0,0.1206806423877792,1.149999976158142
INVZ,bb_v1@311-318#bo:bo_313#0|burst:burst_311_318#0|tb:tb_317#2,tb_317#2,bo_313#0,burst_311_318#0,原有,4,0,1,1,4,3,5,311,318,317,317,2024-12-20,63,5,22.773698087526334,158,1.7304349304372315,-0.3217391412515047,1,0,0,0,1,1,0,1,0,0.1206806423877792,1.149999976158142
INVZ,bb_v1@311-319#bo:bo_313#0|burst:burst_311_319#0|tb:tb_317#2,tb_317#2,bo_313#0,burst_311_319#0,原有,4,0,1,1,5,3,6,311,319,317,317,2024-12-20,63,6,22.773698087526334,183,1.7304349304372315,-0.3217391412515047,1,0,0,0,1,1,0,1,0,0.1206806423877792,1.149999976158142
INVZ,bb_v1@311-326#bo:bo_313#0|burst:burst_311_326#0|tb:tb_317#2,tb_317#2,bo_313#0,burst_311_326#0,原有,4,0,1,1,6,3,13,311,326,317,317,2024-12-20,63,7,22.773698087526334,215,1.7304349304372315,-0.3217391412515047,1,0,0,0,1,1,0,1,0,0.1206806423877792,1.149999976158142
INVZ,bb_v1@311-322#bo:bo_318#0|burst:burst_311_318#0|tb:tb_322#0,tb_322#0,bo_318#0,burst_311_318#0,原有,3,1,1,1,4,4,0,311,318,322,322,2024-12-30,63,5,22.773698087526334,158,0.70652176518634,-0.6353260914986998,0,1,0,0,1,1,0,0,1,0.16251148087093034,1.840000033378601
INVZ,bb_v1@311-322#bo:bo_318#0|burst:burst_311_319#0|tb:tb_322#0,tb_322#0,bo_318#0,burst_311_319#0,原有,3,0,1,1,5,4,1,311,319,322,322,2024-12-30,63,6,22.773698087526334,183,0.70652176518634,-0.6353260914986998,0,1,0,0,1,1,0,0,1,0.16251148087093034,1.840000033378601
INVZ,bb_v1@311-326#bo:bo_318#0|burst:burst_311_326#0|tb:tb_322#0,tb_322#0,bo_318#0,burst_311_326#0,原有,3,0,1,1,6,4,8,311,326,322,322,2024-12-30,63,7,22.773698087526334,215,0.70652176518634,-0.6353260914986998,0,1,0,0,1,1,0,0,1,0.16251148087093034,1.840000033378601
INVZ,bb_v1@311-322#bo:bo_319#0|burst:burst_311_319#0|tb:tb_322#1,tb_322#1,bo_319#0,burst_311_319#0,原有,2,1,1,1,5,5,0,311,319,322,322,2024-12-30,63,6,22.773698087526334,183,0.70652176518634,-0.6353260914986998,0,1,0,0,1,1,0,0,1,0.16251148087093034,1.840000033378601
INVZ,bb_v1@311-326#bo:bo_319#0|burst:burst_311_326#0|tb:tb_322#1,tb_322#1,bo_319#0,burst_311_326#0,原有,2,0,1,1,6,5,7,311,326,322,322,2024-12-30,63,7,22.773698087526334,215,0.70652176518634,-0.6353260914986998,0,1,0,0,1,1,0,0,1,0.16251148087093034,1.840000033378601
KC,bb_v1@257-264#bo:bo_257#0|burst:burst_257_260#0|tb:tb_263_264#0,tb_263_264#0,bo_257#0,burst_257_260#0,新增,2,1,1,0,3,1,3,257,260,263,264,2024-10-04,131,4,6.630455101013732,74,0.9325321133065448,-0.3613701643966704,0,2,0,0,2,0,2,0,2,0.05483480865387837,3.9000000953674316
KC,bb_v1@257-264#bo:bo_257#0|burst:burst_257_261#0|tb:tb_263_264#0,tb_263_264#0,bo_257#0,burst_257_261#0,新增,2,0,1,0,4,1,4,257,261,263,264,2024-10-04,131,6,9.10545637415137,135,0.9325321133065448,-0.3613701643966704,0,2,0,0,2,0,2,0,2,0.05483480865387837,3.9000000953674316
KC,bb_v1@257-264#bo:bo_258#0|burst:burst_257_260#0|tb:tb_263_264#1,tb_263_264#1,bo_258#0,burst_257_260#0,新增,2,1,1,0,3,2,2,257,260,263,264,2024-10-04,131,4,6.630455101013732,74,0.9325321133065448,-0.3613701643966704,0,2,0,0,2,0,2,0,2,0.05483480865387837,3.9000000953674316
KC,bb_v1@257-264#bo:bo_258#0|burst:burst_257_261#0|tb:tb_263_264#1,tb_263_264#1,bo_258#0,burst_257_261#0,新增,2,0,1,0,4,2,3,257,261,263,264,2024-10-04,131,6,9.10545637415137,135,0.9325321133065448,-0.3613701643966704,0,2,0,0,2,0,2,0,2,0.05483480865387837,3.9000000953674316
KC,bb_v1@257-264#bo:bo_260#0|burst:burst_257_260#0|tb:tb_263_264#2,tb_263_264#2,bo_260#0,burst_257_260#0,原有,2,1,1,1,3,3,0,257,260,263,264,2024-10-04,131,4,6.630455101013732,74,0.9325321133065448,-0.3613701643966704,0,2,0,0,2,0,2,0,2,0.05483480865387837,3.9000000953674316
KC,bb_v1@257-264#bo:bo_260#0|burst:burst_257_261#0|tb:tb_263_264#2,tb_263_264#2,bo_260#0,burst_257_261#0,原有,2,0,1,1,4,3,1,257,261,263,264,2024-10-04,131,6,9.10545637415137,135,0.9325321133065448,-0.3613701643966704,0,2,0,0,2,0,2,0,2,0.05483480865387837,3.9000000953674316
KC,bb_v1@257-264#bo:bo_261#0|burst:burst_257_261#0|tb:tb_263_264#3,tb_263_264#3,bo_261#0,burst_257_261#0,原有,1,1,1,1,4,4,0,257,261,263,264,2024-10-04,131,6,9.10545637415137,135,0.9325321133065448,-0.3613701643966704,0,2,0,0,2,0,2,0,2,0.05483480865387837,3.9000000953674316
JOBY,bb_v1@203-211#bo:bo_203#0|burst:burst_203_206#0|tb:tb_211#0,tb_211#0,bo_203#0,burst_203_206#0,新增,1,1,1,0,3,1,3,203,206,211,211,2024-07-23,142,3,4.178753016807541,137,0.02544911387164306,-0.30239521449642104,0,1,0,0,1,0,1,0,1,0.061253633571709515,6.679999828338623
JOBY,bb_v1@203-211#bo:bo_204#0|burst:burst_203_206#0|tb:tb_211#1,tb_211#1,bo_204#0,burst_203_206#0,新增,1,1,1,0,3,2,2,203,206,211,211,2024-07-23,142,3,4.178753016807541,137,0.02544911387164306,-0.30239521449642104,0,1,0,0,1,0,1,0,1,0.061253633571709515,6.679999828338623
JOBY,bb_v1@203-211#bo:bo_206#0|burst:burst_203_206#0|tb:tb_211#2,tb_211#2,bo_206#0,burst_203_206#0,原有,1,1,1,1,3,3,0,203,206,211,211,2024-07-23,142,3,4.178753016807541,137,0.02544911387164306,-0.30239521449642104,0,1,0,0,1,0,1,0,1,0.061253633571709515,6.679999828338623
IMRX,bb_v1@248-253#bo:bo_248#0|burst:burst_248_253#0|tb:tb_252#0,tb_252#0,bo_248#0,burst_248_253#0,新增,1,1,1,0,3,1,5,248,253,252,252,2024-09-19,202,3,76.29121599359463,120,0.45041317347335275,-0.3045454894752979,1,0,0,0,1,1,0,0,0,0.08986571554409714,2.4200000762939453
IMRX,bb_v1@248-253#bo:bo_249#0|burst:burst_248_253#0|tb:tb_252#1,tb_252#1,bo_249#0,burst_248_253#0,新增,1,1,1,0,3,2,4,248,253,252,252,2024-09-19,202,3,76.29121599359463,120,0.45041317347335275,-0.3045454894752979,1,0,0,0,1,1,0,0,0,0.08986571554409714,2.4200000762939453
IMRX,bb_v1@248-256#bo:bo_253#0|burst:burst_248_253#0|tb:tb_255_256#0,tb_255_256#0,bo_253#0,burst_248_253#0,原有,1,1,1,1,3,3,0,248,253,255,256,2024-09-24,202,3,76.29121599359463,120,0.08871839887197164,-0.425590602538826,0,2,0,0,2,0,2,0,0,0.13411571711971546,2.9200000762939453
IMUX,bb_v1@203-218#bo:bo_203#0|burst:burst_203_206#0|tb:tb_206_218#0,tb_206_218#0,bo_203#0,burst_203_206#0,新增,1,1,1,0,2,1,3,203,206,206,218,2024-07-16,91,3,6.557893375697344,64,0.35361041860011366,-0.2292238624881628,8,0,0,5,13,5,6,5,0,0.07977024498721899,14.800000190734863
IMUX,bb_v1@203-218#bo:bo_206#0|burst:burst_203_206#0|tb:tb_209_218#0,tb_209_218#0,bo_206#0,burst_203_206#0,原有,1,1,1,1,2,2,0,203,206,209,218,2024-07-19,91,3,6.557893375697344,64,0.41684594772012495,-0.2279497803067187,8,0,0,2,10,5,4,5,0,0.07977024498721899,14.100000381469727
JETMF,bb_v1@273-285#bo:bo_281#0|burst:burst_273_281#0|tb:tb_285#0,tb_285#0,bo_281#0,burst_273_281#0,原有,1,1,1,1,2,2,0,273,281,285,285,2024-11-05,61,5,9.358560850406578,163,0.03787875024959453,-0.39393940899107127,0,1,0,0,1,0,1,0,1,0.05764791396923945,0.6600000262260437
INDO,bb_v1@260-268#bo:bo_264#0|burst:burst_260_264#0|tb:tb_267_268#0,tb_267_268#0,bo_264#0,burst_260_264#0,原有,1,1,1,1,2,2,0,260,264,267,268,2024-10-10,118,3,45.17852352715907,110,-0.00015782848332568378,-0.44602271815619876,0,2,0,0,2,0,2,0,2,0.06999885869872864,4.949999809265137
INO,bb_v1@67-79#bo:bo_75#0|burst:burst_67_75#0|tb:tb_79#0,tb_79#0,bo_75#0,burst_67_75#0,原有,1,1,1,1,2,2,0,67,75,79,79,2024-01-11,47,3,4.692009720703438,60,0.197565505279498,-0.5571161157381974,0,1,0,0,1,0,1,0,1,0.09003543979703305,10.680000305175781
KLTR,bb_v1@285-293#bo:bo_285#0|burst:burst_285_288#0|tb:tb_293#0,tb_293#0,bo_285#0,burst_285_288#0,新增,3,1,1,0,2,1,3,285,288,293,293,2024-11-15,46,3,10.462552926714523,203,0.3823529343016556,-0.053921576648068514,1,0,0,0,1,1,0,1,0,0.03759616292165838,2.0399999618530273
KLTR,bb_v1@285-293#bo:bo_285#0|burst:burst_285_289#0|tb:tb_293#0,tb_293#0,bo_285#0,burst_285_289#0,新增,3,0,1,0,3,1,4,285,289,293,293,2024-11-15,46,4,10.462552926714523,218,0.3823529343016556,-0.053921576648068514,1,0,0,0,1,1,0,1,0,0.03759616292165838,2.0399999618530273
KLTR,bb_v1@285-297#bo:bo_285#0|burst:burst_285_297#0|tb:tb_293#0,tb_293#0,bo_285#0,burst_285_297#0,新增,3,0,1,0,4,1,12,285,297,293,293,2024-11-15,46,5,10.462552926714523,218,0.3823529343016556,-0.053921576648068514,1,0,0,0,1,1,0,1,0,0.03759616292165838,2.0399999618530273
KLTR,bb_v1@285-293#bo:bo_288#0|burst:burst_285_288#0|tb:tb_293#1,tb_293#1,bo_288#0,burst_285_288#0,原有,3,1,1,1,2,2,0,285,288,293,293,2024-11-15,46,3,10.462552926714523,203,0.3823529343016556,-0.053921576648068514,1,0,0,0,1,1,0,1,0,0.03759616292165838,2.0399999618530273
KLTR,bb_v1@285-293#bo:bo_288#0|burst:burst_285_289#0|tb:tb_293#1,tb_293#1,bo_288#0,burst_285_289#0,原有,3,0,1,1,3,2,1,285,289,293,293,2024-11-15,46,4,10.462552926714523,218,0.3823529343016556,-0.053921576648068514,1,0,0,0,1,1,0,1,0,0.03759616292165838,2.0399999618530273
KLTR,bb_v1@285-297#bo:bo_288#0|burst:burst_285_297#0|tb:tb_293#1,tb_293#1,bo_288#0,burst_285_297#0,原有,3,0,1,1,4,2,9,285,297,293,293,2024-11-15,46,5,10.462552926714523,218,0.3823529343016556,-0.053921576648068514,1,0,0,0,1,1,0,1,0,0.03759616292165838,2.0399999618530273
KLTR,bb_v1@285-293#bo:bo_289#0|burst:burst_285_289#0|tb:tb_293#2,tb_293#2,bo_289#0,burst_285_289#0,原有,2,1,1,1,3,3,0,285,289,293,293,2024-11-15,46,4,10.462552926714523,218,0.3823529343016556,-0.053921576648068514,1,0,0,0,1,1,0,1,0,0.03759616292165838,2.0399999618530273
KLTR,bb_v1@285-297#bo:bo_289#0|burst:burst_285_297#0|tb:tb_293#2,tb_293#2,bo_289#0,burst_285_297#0,原有,2,0,1,1,4,3,8,285,297,293,293,2024-11-15,46,5,10.462552926714523,218,0.3823529343016556,-0.053921576648068514,1,0,0,0,1,1,0,1,0,0.03759616292165838,2.0399999618530273
KLTR,bb_v1@285-303#bo:bo_297#0|burst:burst_285_297#0|tb:tb_299_303#0,tb_299_303#0,bo_297#0,burst_285_297#0,原有,1,1,1,1,4,4,0,285,297,299,303,2024-11-25,46,5,10.462552926714523,218,0.27865440891927873,-0.12489255299083693,4,0,0,1,5,5,0,0,0,0.05236941262202195,2.2300000190734863
IMMX,bb_v1@301-306#bo:bo_301#0|burst:burst_301_306#0|tb:tb_304_305#0,tb_304_305#0,bo_301#0,burst_301_306#0,新增,2,1,1,0,3,1,5,301,306,304,305,2024-12-03,133,3,5.664466587908984,69,0.19149082959231456,-0.19541393409791435,0,0,0,2,2,0,0,0,0,0.10887618070503613,2.240000009536743
IMMX,bb_v1@301-307#bo:bo_301#0|burst:burst_301_307#0|tb:tb_304_305#0,tb_304_305#0,bo_301#0,burst_301_307#0,新增,2,0,1,0,4,1,6,301,307,304,305,2024-12-03,133,4,5.664466587908984,108,0.19149082959231456,-0.19541393409791435,0,0,0,2,2,0,0,0,0,0.10887618070503613,2.240000009536743
IMMX,bb_v1@301-306#bo:bo_302#0|burst:burst_301_306#0|tb:tb_304_305#1,tb_304_305#1,bo_302#0,burst_301_306#0,新增,2,1,1,0,3,2,4,301,306,304,305,2024-12-03,133,3,5.664466587908984,69,0.19149082959231456,-0.19541393409791435,0,0,0,2,2,0,0,0,0,0.10887618070503613,2.240000009536743
IMMX,bb_v1@301-307#bo:bo_302#0|burst:burst_301_307#0|tb:tb_304_305#1,tb_304_305#1,bo_302#0,burst_301_307#0,新增,2,0,1,0,4,2,5,301,307,304,305,2024-12-03,133,4,5.664466587908984,108,0.19149082959231456,-0.19541393409791435,0,0,0,2,2,0,0,0,0,0.10887618070503613,2.240000009536743
IMMX,bb_v1@301-310#bo:bo_306#0|burst:burst_301_306#0|tb:tb_310#0,tb_310#0,bo_306#0,burst_301_306#0,原有,2,1,1,1,3,3,0,301,306,310,310,2024-12-11,133,3,5.664466587908984,69,0.0732758970627756,-0.21120685535647943,0,0,0,1,1,0,0,0,0,0.11512897338515912,2.319999933242798
IMMX,bb_v1@301-310#bo:bo_306#0|burst:burst_301_307#0|tb:tb_310#0,tb_310#0,bo_306#0,burst_301_307#0,原有,2,0,1,1,4,3,1,301,307,310,310,2024-12-11,133,4,5.664466587908984,108,0.0732758970627756,-0.21120685535647943,0,0,0,1,1,0,0,0,0,0.11512897338515912,2.319999933242798
IMMX,bb_v1@301-310#bo:bo_307#0|burst:burst_301_307#0|tb:tb_310#1,tb_310#1,bo_307#0,burst_301_307#0,原有,1,1,1,1,4,4,0,301,307,310,310,2024-12-11,133,4,5.664466587908984,108,0.0732758970627756,-0.21120685535647943,0,0,0,1,1,0,0,0,0,0.11512897338515912,2.319999933242798
KPTI,bb_v1@94-103#bo:bo_94#0|burst:burst_94_96#0|tb:tb_102_103#0,tb_102_103#0,bo_94#0,burst_94_96#0,新增,1,1,1,0,2,1,2,94,96,102,103,2024-02-14,74,3,11.726620205378568,88,0.2788461655333393,-0.18755651539912582,0,0,0,2,2,0,0,0,0,0.13313988789424694,20.399999618530273
KPTI,bb_v1@94-103#bo:bo_96#0|burst:burst_94_96#0|tb:tb_102_103#1,tb_102_103#1,bo_96#0,burst_94_96#0,原有,1,1,1,1,2,2,0,94,96,102,103,2024-02-14,74,3,11.726620205378568,88,0.2788461655333393,-0.18755651539912582,0,0,0,2,2,0,0,0,0,0.13313988789424694,20.399999618530273
KGEI,bb_v1@292-309#bo:bo_295#0|burst:burst_292_295#0|tb:tb_308_309#0,tb_308_309#0,bo_295#0,burst_292_295#0,原有,2,1,1,1,2,2,0,292,295,308,309,2024-12-09,272,3,8.714657980456026,157,0.7521878014594845,-0.038775208936468186,2,0,0,0,2,2,0,2,0,0.04344240271787761,4.619999885559082
KGEI,bb_v1@292-309#bo:bo_295#0|burst:burst_292_296#0|tb:tb_308_309#0,tb_308_309#0,bo_295#0,burst_292_296#0,原有,2,0,1,1,3,2,1,292,296,308,309,2024-12-09,272,6,8.714657980456026,225,0.7521878014594845,-0.038775208936468186,2,0,0,0,2,2,0,2,0,0.04344240271787761,4.619999885559082
KGEI,bb_v1@292-309#bo:bo_296#0|burst:burst_292_296#0|tb:tb_308_309#1,tb_308_309#1,bo_296#0,burst_292_296#0,原有,1,1,1,1,3,3,0,292,296,308,309,2024-12-09,272,6,8.714657980456026,225,0.7521878014594845,-0.038775208936468186,2,0,0,0,2,2,0,2,0,0.04344240271787761,4.619999885559082
LDI,bb_v1@220-227#bo:bo_224#0|burst:burst_220_226#0|tb:tb_226_227#0,tb_226_227#0,bo_224#0,burst_220_226#0,新增,3,1,1,0,3,2,2,220,226,226,227,2024-08-13,150,3,3.2535311115912284,69,0.29842271950701105,-0.17652541107895925,0,0,0,2,2,1,0,0,0,0.07873437310701106,2.430000066757202
LDI,bb_v1@220-227#bo:bo_224#0|burst:burst_220_227#0|tb:tb_226_227#0,tb_226_227#0,bo_224#0,burst_220_227#0,新增,3,0,1,0,4,2,3,220,227,226,227,2024-08-13,150,4,3.2535311115912284,77,0.29842271950701105,-0.17652541107895925,0,0,0,2,2,1,0,0,0,0.07873437310701106,2.430000066757202
LDI,bb_v1@220-229#bo:bo_224#0|burst:burst_220_229#0|tb:tb_226_227#0,tb_226_227#0,bo_224#0,burst_220_229#0,新增,3,0,1,0,5,2,5,220,229,226,227,2024-08-13,150,7,4.984509228477883,116,0.29842271950701105,-0.17652541107895925,0,0,0,2,2,1,0,0,0,0.07873437310701106,2.430000066757202
LDI,bb_v1@220-233#bo:bo_226#0|burst:burst_220_226#0|tb:tb_231_233#0,tb_231_233#0,bo_226#0,burst_220_226#0,原有,3,1,1,1,3,3,0,220,226,231,233,2024-08-20,150,3,3.2535311115912284,69,0.15055707121303477,-0.28826002157113123,0,2,0,1,3,0,3,0,0,0.08260805980823302,2.759999990463257
LDI,bb_v1@220-233#bo:bo_226#0|burst:burst_220_227#0|tb:tb_231_233#0,tb_231_233#0,bo_226#0,burst_220_227#0,原有,3,0,1,1,4,3,1,220,227,231,233,2024-08-20,150,4,3.2535311115912284,77,0.15055707121303477,-0.28826002157113123,0,2,0,1,3,0,3,0,0,0.08260805980823302,2.759999990463257
LDI,bb_v1@220-233#bo:bo_226#0|burst:burst_220_229#0|tb:tb_231_233#0,tb_231_233#0,bo_226#0,burst_220_229#0,原有,3,0,1,1,5,3,3,220,229,231,233,2024-08-20,150,7,4.984509228477883,116,0.15055707121303477,-0.28826002157113123,0,2,0,1,3,0,3,0,0,0.08260805980823302,2.759999990463257
LDI,bb_v1@220-233#bo:bo_227#0|burst:burst_220_227#0|tb:tb_231_233#1,tb_231_233#1,bo_227#0,burst_220_227#0,原有,2,1,1,1,4,4,0,220,227,231,233,2024-08-20,150,4,3.2535311115912284,77,0.15055707121303477,-0.28826002157113123,0,2,0,1,3,0,3,0,0,0.08260805980823302,2.759999990463257
LDI,bb_v1@220-233#bo:bo_227#0|burst:burst_220_229#0|tb:tb_231_233#1,tb_231_233#1,bo_227#0,burst_220_229#0,原有,2,0,1,1,5,4,2,220,229,231,233,2024-08-20,150,7,4.984509228477883,116,0.15055707121303477,-0.28826002157113123,0,2,0,1,3,0,3,0,0,0.08260805980823302,2.759999990463257
LDI,bb_v1@220-233#bo:bo_229#0|burst:burst_220_229#0|tb:tb_231_233#2,tb_231_233#2,bo_229#0,burst_220_229#0,原有,1,1,1,1,5,5,0,220,229,231,233,2024-08-20,150,7,4.984509228477883,116,0.15055707121303477,-0.28826002157113123,0,2,0,1,3,0,3,0,0,0.08260805980823302,2.759999990463257
LEE,bb_v1@265-273#bo:bo_265#0|burst:burst_265_266#0|tb:tb_272_273#0,tb_272_273#0,bo_265#0,burst_265_266#0,新增,2,1,1,0,2,1,1,265,266,272,273,2024-10-17,141,4,42.0356900067981,95,0.38552045549871394,-0.04644001675152948,2,0,0,0,2,2,0,2,0,0.053363554649509835,14.0
LEE,bb_v1@265-273#bo:bo_265#0|burst:burst_265_268#0|tb:tb_272_273#0,tb_272_273#0,bo_265#0,burst_265_268#0,新增,2,0,1,0,3,1,3,265,268,272,273,2024-10-17,141,5,42.0356900067981,138,0.38552045549871394,-0.04644001675152948,2,0,0,0,2,2,0,2,0,0.053363554649509835,14.0
LEE,bb_v1@265-273#bo:bo_266#0|burst:burst_265_266#0|tb:tb_272_273#1,tb_272_273#1,bo_266#0,burst_265_266#0,原有,2,1,1,1,2,2,0,265,266,272,273,2024-10-17,141,4,42.0356900067981,95,0.38552045549871394,-0.04644001675152948,2,0,0,0,2,2,0,2,0,0.053363554649509835,14.0
LEE,bb_v1@265-273#bo:bo_266#0|burst:burst_265_268#0|tb:tb_272_273#1,tb_272_273#1,bo_266#0,burst_265_268#0,原有,2,0,1,1,3,2,2,265,268,272,273,2024-10-17,141,5,42.0356900067981,138,0.38552045549871394,-0.04644001675152948,2,0,0,0,2,2,0,2,0,0.053363554649509835,14.0
LEE,bb_v1@265-273#bo:bo_268#0|burst:burst_265_268#0|tb:tb_272_273#2,tb_272_273#2,bo_268#0,burst_265_268#0,原有,1,1,1,1,3,3,0,265,268,272,273,2024-10-17,141,5,42.0356900067981,138,0.38552045549871394,-0.04644001675152948,2,0,0,0,2,2,0,2,0,0.053363554649509835,14.0
KOD,bb_v1@269-284#bo:bo_271#0|burst:burst_269_273#0|tb:tb_280_284#0,tb_280_284#0,bo_271#0,burst_269_273#0,新增,1,1,1,0,3,2,2,269,273,280,284,2024-10-29,139,4,3.0329136017952876,96,1.9872374260209462,-0.02391899497275367,5,0,0,0,5,5,0,5,0,0.05589227178836445,3.930000066757202
KOD,bb_v1@269-284#bo:bo_273#0|burst:burst_269_273#0|tb:tb_280_284#1,tb_280_284#1,bo_273#0,burst_269_273#0,原有,1,1,1,1,3,3,0,269,273,280,284,2024-10-29,139,4,3.0329136017952876,96,1.9872374260209462,-0.02391899497275367,5,0,0,0,5,5,0,5,0,0.05589227178836445,3.930000066757202
KODK,bb_v1@299-303#bo:bo_299#0|burst:burst_299#0|tb:tb_302_303#0,tb_302_303#0,bo_299#0,burst_299#0,原有,1,1,1,1,1,1,0,299,299,302,303,2024-11-29,117,3,12.925716115366617,115,0.07809728152869011,-0.18589837320706332,0,0,0,2,2,0,0,0,0,0.07380689631052659,7.25
KOPN,bb_v1@291-302#bo:bo_297#0|burst:burst_291_302#0|tb:tb_301#0,tb_301#0,bo_297#0,burst_291_302#0,新增,1,1,1,0,3,2,5,291,302,301,301,2024-11-27,92,3,4.490407178616655,69,0.9727272993276921,-0.06363640994079744,1,0,0,0,1,1,0,1,0,0.10746703912703226,1.100000023841858
KOPN,bb_v1@291-307#bo:bo_302#0|burst:burst_291_302#0|tb:tb_304_307#0,tb_304_307#0,bo_302#0,burst_291_302#0,原有,1,1,1,1,3,3,0,291,302,304,307,2024-12-03,92,3,4.490407178616655,69,0.7973697066152333,-0.1468706537779139,4,0,0,0,4,4,0,4,0,0.10050503737512217,1.2300000190734863
LSPD,bb_v1@252-263#bo:bo_256#0|burst:burst_252_257#0|tb:tb_263#0,tb_263#0,bo_256#0,burst_252_257#0,新增,1,1,1,0,3,2,1,252,257,263,263,2024-10-04,191,4,11.95734415029889,90,0.17763966678501708,-0.08385095338404513,1,0,0,0,1,1,0,0,0,0.03127735444648369,16.100000381469727
LSPD,bb_v1@252-263#bo:bo_257#0|burst:burst_252_257#0|tb:tb_263#1,tb_263#1,bo_257#0,burst_252_257#0,原有,1,1,1,1,3,3,0,252,257,263,263,2024-10-04,191,4,11.95734415029889,90,0.17763966678501708,-0.08385095338404513,1,0,0,0,1,1,0,0,0,0.03127735444648369,16.100000381469727
LAC,bb_v1@255-267#bo:bo_262#0|burst:burst_255_262#0|tb:tb_266_267#0,tb_266_267#0,bo_262#0,burst_255_262#0,原有,2,1,1,1,2,2,0,255,262,266,267,2024-10-22,235,3,11.034230569173516,65,0.5983907857698292,-0.10858969207885544,2,0,0,0,2,2,0,2,0,0.07671343449440751,3.3299999237060547
LAC,bb_v1@255-269#bo:bo_262#0|burst:burst_255_269#0|tb:tb_266_267#0,tb_266_267#0,bo_262#0,burst_255_269#0,原有,2,0,1,1,3,2,7,255,269,266,267,2024-10-22,235,3,11.034230569173516,72,0.5983907857698292,-0.10858969207885544,2,0,0,0,2,2,0,2,0,0.07671343449440751,3.3299999237060547
LAC,bb_v1@255-276#bo:bo_269#0|burst:burst_255_269#0|tb:tb_274_276#0,tb_274_276#0,bo_269#0,burst_255_269#0,原有,1,1,1,1,3,3,0,255,269,274,276,2024-11-01,235,3,11.034230569173516,72,0.06814315477161677,-0.3163883537818801,0,1,0,2,3,0,3,0,0,0.09456106934704597,4.269999980926514
LAKE,bb_v1@179-187#bo:bo_179#0|burst:burst_179#0|tb:tb_185_187#0,tb_185_187#0,bo_179#0,burst_179#0,原有,1,1,1,1,1,1,0,179,179,185,187,2024-06-13,159,3,6.2745301573426575,115,0.08020474769502191,-0.0822615074616528,0,0,0,3,3,0,0,0,0,0.05371202408210628,22.652145385742188
LIND,bb_v1@285-291#bo:bo_285#0|burst:burst_285#0|tb:tb_290_291#0,tb_290_291#0,bo_285#0,burst_285#0,原有,1,1,1,1,1,1,0,285,285,290,291,2024-11-12,80,4,6.597363465160075,214,0.05573724213144071,-0.16542215289138734,0,0,0,2,2,0,1,0,0,0.04553643481548257,13.5
LINK,bb_v1@278-283#bo:bo_278#0|burst:burst_278_279#0|tb:tb_282_283#0,tb_282_283#0,bo_278#0,burst_278_279#0,新增,2,1,1,0,2,1,1,278,279,282,283,2024-10-31,194,3,459.4535686876439,71,0.4679976996873255,-0.23468375576366035,0,2,0,0,2,0,2,2,0,0.05768084613446988,3.4066669940948486
LINK,bb_v1@278-284#bo:bo_278#0|burst:burst_278_284#0|tb:tb_282_283#0,tb_282_283#0,bo_278#0,burst_278_284#0,新增,2,0,1,0,3,1,6,278,284,282,283,2024-10-31,194,4,459.4535686876439,114,0.4679976996873255,-0.23468375576366035,0,2,0,0,2,0,2,2,0,0.05768084613446988,3.4066669940948486
LINK,bb_v1@278-283#bo:bo_279#0|burst:burst_278_279#0|tb:tb_282_283#1,tb_282_283#1,bo_279#0,burst_278_279#0,原有,2,1,1,1,2,2,0,278,279,282,283,2024-10-31,194,3,459.4535686876439,71,0.4679976996873255,-0.23468375576366035,0,2,0,0,2,0,2,2,0,0.05768084613446988,3.4066669940948486
LINK,bb_v1@278-284#bo:bo_279#0|burst:burst_278_284#0|tb:tb_282_283#1,tb_282_283#1,bo_279#0,burst_278_284#0,原有,2,0,1,1,3,2,5,278,284,282,283,2024-10-31,194,4,459.4535686876439,114,0.4679976996873255,-0.23468375576366035,0,2,0,0,2,0,2,2,0,0.05768084613446988,3.4066669940948486
LINK,bb_v1@278-296#bo:bo_284#0|burst:burst_278_284#0|tb:tb_295_296#0,tb_295_296#0,bo_284#0,burst_278_284#0,原有,1,1,1,1,3,3,0,278,284,295,296,2024-11-19,194,4,459.4535686876439,114,0.9915965345035258,-0.2370143081677727,2,0,0,0,2,2,0,2,0,0.11156534168123042,3.446666955947876
LFVN,bb_v1@165-176#bo:bo_170#0|burst:burst_165_170#0|tb:tb_172_176#0,tb_172_176#0,bo_170#0,burst_165_170#0,原有,1,1,1,1,2,2,0,165,170,172,176,2024-05-24,145,3,3.5425063392499667,66,0.1061907764284776,-0.31326325634109586,0,5,0,0,5,0,5,0,5,0.04350636494175037,7.2030110359191895
KRNT,bb_v1@222-234#bo:bo_230#0|burst:burst_222_231#0|tb:tb_234#0,tb_234#0,bo_230#0,burst_222_231#0,新增,1,1,1,0,3,2,1,222,231,234,234,2024-08-23,119,4,3.9796272789409812,161,0.32669320173640926,-0.133466151163269,1,0,0,0,1,1,0,1,0,0.046339999712000826,20.079999923706055
KRNT,bb_v1@222-234#bo:bo_231#0|burst:burst_222_231#0|tb:tb_234#1,tb_234#1,bo_231#0,burst_222_231#0,原有,1,1,1,1,3,3,0,222,231,234,234,2024-08-23,119,4,3.9796272789409812,161,0.32669320173640926,-0.133466151163269,1,0,0,0,1,1,0,1,0,0.046339999712000826,20.079999923706055
KSCP,bb_v1@273-280#bo:bo_273#0|burst:burst_273_280#0|tb:tb_278_279#0,tb_278_279#0,bo_273#0,burst_273_280#0,新增,2,1,1,0,3,1,7,273,280,278,279,2024-10-25,143,6,22.59649330390561,86,0.8543632720031749,-0.23738164230552894,2,0,0,0,2,2,0,0,0,0.1716210750626954,14.979999542236328
KSCP,bb_v1@273-287#bo:bo_273#0|burst:burst_273_287#0|tb:tb_278_279#0,tb_278_279#0,bo_273#0,burst_273_287#0,新增,2,0,1,0,4,1,14,273,287,278,279,2024-10-25,143,7,22.59649330390561,86,0.8543632720031749,-0.23738164230552894,2,0,0,0,2,2,0,0,0,0.1716210750626954,14.979999542236328
KSCP,bb_v1@273-280#bo:bo_275#0|burst:burst_273_280#0|tb:tb_278_279#1,tb_278_279#1,bo_275#0,burst_273_280#0,新增,2,1,1,0,3,2,5,273,280,278,279,2024-10-25,143,6,22.59649330390561,86,0.8543632720031749,-0.23738164230552894,2,0,0,0,2,2,0,0,0,0.1716210750626954,14.979999542236328
KSCP,bb_v1@273-287#bo:bo_275#0|burst:burst_273_287#0|tb:tb_278_279#1,tb_278_279#1,bo_275#0,burst_273_287#0,新增,2,0,1,0,4,2,12,273,287,278,279,2024-10-25,143,7,22.59649330390561,86,0.8543632720031749,-0.23738164230552894,2,0,0,0,2,2,0,0,0,0.1716210750626954,14.979999542236328
KSCP,bb_v1@273-286#bo:bo_280#0|burst:burst_273_280#0|tb:tb_284_286#0,tb_284_286#0,bo_280#0,burst_273_280#0,原有,2,1,1,1,3,3,0,273,280,284,286,2024-11-04,143,6,22.59649330390561,86,0.5270262782442865,-0.37200100430539346,0,0,0,3,3,0,1,0,0,0.15319497009130295,18.600000381469727
KSCP,bb_v1@273-287#bo:bo_280#0|burst:burst_273_287#0|tb:tb_284_286#0,tb_284_286#0,bo_280#0,burst_273_287#0,原有,2,0,1,1,4,3,7,273,287,284,286,2024-11-04,143,7,22.59649330390561,86,0.5270262782442865,-0.37200100430539346,0,0,0,3,3,0,1,0,0,0.15319497009130295,18.600000381469727
LTBR,bb_v1@256-271#bo:bo_262#0|burst:burst_256_271#0|tb:tb_265#0,tb_265#0,bo_262#0,burst_256_271#0,新增,2,1,1,0,4,2,9,256,271,265,265,2024-10-08,63,3,20.690778688524592,71,3.6710526274512016,-0.039473647060816464,1,0,0,0,1,1,0,1,0,0.0879933311393481,3.0399999618530273
LTBR,bb_v1@256-273#bo:bo_262#0|burst:burst_256_273#0|tb:tb_265#0,tb_265#0,bo_262#0,burst_256_273#0,新增,2,0,1,0,5,2,11,256,273,265,265,2024-10-08,63,4,33.45834480290685,253,3.6710526274512016,-0.039473647060816464,1,0,0,0,1,1,0,1,0,0.0879933311393481,3.0399999618530273
MDAI,bb_v1@302-310#bo:bo_302#0|burst:burst_302#0|tb:tb_307_310#0,tb_307_310#0,bo_302#0,burst_302#0,原有,2,1,1,1,1,1,0,302,302,307,310,2024-12-06,106,3,8.589615667108271,76,0.5664571874280528,-0.17339257577684306,0,0,0,4,4,1,0,0,0,0.1330672885042939,2.0899999141693115
MDAI,bb_v1@302-310#bo:bo_302#0|burst:burst_302_303#0|tb:tb_307_310#0,tb_307_310#0,bo_302#0,burst_302_303#0,原有,2,0,1,1,2,1,1,302,303,307,310,2024-12-06,106,5,12.363449513243737,134,0.5664571874280528,-0.17339257577684306,0,0,0,4,4,1,0,0,0,0.1330672885042939,2.0899999141693115
MDAI,bb_v1@302-310#bo:bo_303#0|burst:burst_302_303#0|tb:tb_307_310#1,tb_307_310#1,bo_303#0,burst_302_303#0,原有,1,1,1,1,2,2,0,302,303,307,310,2024-12-06,106,5,12.363449513243737,134,0.5664571874280528,-0.17339257577684306,0,0,0,4,4,1,0,0,0,0.1330672885042939,2.0899999141693115
LKNCY,bb_v1@257-264#bo:bo_259#0|burst:burst_257_259#0|tb:tb_263_264#0,tb_263_264#0,bo_259#0,burst_257_259#0,原有,2,1,1,1,2,2,0,257,259,263,264,2024-10-04,70,5,5.81822659153272,133,0.006048190508573192,-0.25060618901509685,0,2,0,0,2,0,2,0,2,0.0410466454902131,28.31999969482422
LKNCY,bb_v1@257-264#bo:bo_259#0|burst:burst_257_261#0|tb:tb_263_264#0,tb_263_264#0,bo_259#0,burst_257_261#0,原有,2,0,1,1,3,2,2,257,261,263,264,2024-10-04,70,7,5.81822659153272,190,0.006048190508573192,-0.25060618901509685,0,2,0,0,2,0,2,0,2,0.0410466454902131,28.31999969482422
LKNCY,bb_v1@257-264#bo:bo_261#0|burst:burst_257_261#0|tb:tb_263_264#1,tb_263_264#1,bo_261#0,burst_257_261#0,原有,1,1,1,1,3,3,0,257,261,263,264,2024-10-04,70,7,5.81822659153272,190,0.006048190508573192,-0.25060618901509685,0,2,0,0,2,0,2,0,2,0.0410466454902131,28.31999969482422
KULR,bb_v1@126-133#bo:bo_126#0|burst:burst_126_130#0|tb:tb_133#0,tb_133#0,bo_126#0,burst_126_130#0,新增,2,1,1,0,4,1,4,126,130,133,133,2024-04-01,106,5,39.83228532280176,81,1.1951219122158774,-0.1951219122158776,1,0,0,0,1,1,0,1,0,0.15679445512225798,3.2799999713897705
KULR,bb_v1@126-134#bo:bo_126#0|burst:burst_126_134#0|tb:tb_133#0,tb_133#0,bo_126#0,burst_126_134#0,新增,2,0,1,0,5,1,8,126,134,133,133,2024-04-01,106,6,39.83228532280176,113,1.1951219122158774,-0.1951219122158776,1,0,0,0,1,1,0,1,0,0.15679445512225798,3.2799999713897705
KULR,bb_v1@126-133#bo:bo_127#0|burst:burst_126_130#0|tb:tb_133#1,tb_133#1,bo_127#0,burst_126_130#0,新增,2,1,1,0,4,2,3,126,130,133,133,2024-04-01,106,5,39.83228532280176,81,1.1951219122158774,-0.1951219122158776,1,0,0,0,1,1,0,1,0,0.15679445512225798,3.2799999713897705
KULR,bb_v1@126-134#bo:bo_127#0|burst:burst_126_134#0|tb:tb_133#1,tb_133#1,bo_127#0,burst_126_134#0,新增,2,0,1,0,5,2,7,126,134,133,133,2024-04-01,106,6,39.83228532280176,113,1.1951219122158774,-0.1951219122158776,1,0,0,0,1,1,0,1,0,0.15679445512225798,3.2799999713897705
KULR,bb_v1@126-133#bo:bo_129#0|burst:burst_126_130#0|tb:tb_133#2,tb_133#2,bo_129#0,burst_126_130#0,新增,2,1,1,0,4,3,1,126,130,133,133,2024-04-01,106,5,39.83228532280176,81,1.1951219122158774,-0.1951219122158776,1,0,0,0,1,1,0,1,0,0.15679445512225798,3.2799999713897705
KULR,bb_v1@126-134#bo:bo_129#0|burst:burst_126_134#0|tb:tb_133#2,tb_133#2,bo_129#0,burst_126_134#0,新增,2,0,1,0,5,3,5,126,134,133,133,2024-04-01,106,6,39.83228532280176,113,1.1951219122158774,-0.1951219122158776,1,0,0,0,1,1,0,1,0,0.15679445512225798,3.2799999713897705
KULR,bb_v1@126-133#bo:bo_130#0|burst:burst_126_130#0|tb:tb_133#3,tb_133#3,bo_130#0,burst_126_130#0,原有,2,1,1,1,4,4,0,126,130,133,133,2024-04-01,106,5,39.83228532280176,81,1.1951219122158774,-0.1951219122158776,1,0,0,0,1,1,0,1,0,0.15679445512225798,3.2799999713897705
KULR,bb_v1@126-134#bo:bo_130#0|burst:burst_126_134#0|tb:tb_133#3,tb_133#3,bo_130#0,burst_126_134#0,原有,2,0,1,1,5,4,4,126,134,133,133,2024-04-01,106,6,39.83228532280176,113,1.1951219122158774,-0.1951219122158776,1,0,0,0,1,1,0,1,0,0.15679445512225798,3.2799999713897705
KULR,bb_v1@126-138#bo:bo_134#0|burst:burst_126_134#0|tb:tb_138#0,tb_138#0,bo_134#0,burst_126_134#0,原有,1,1,1,1,5,5,0,126,134,138,138,2024-04-08,106,6,39.83228532280176,113,0.26760563853240593,-0.5915492951834492,0,1,0,0,1,0,1,0,1,0.20526317646959175,5.679999828338623
MAPS,bb_v1@292-302#bo:bo_294#0|burst:burst_292_295#0|tb:tb_298_302#0,tb_298_302#0,bo_294#0,burst_292_295#0,新增,1,1,1,0,3,2,1,292,295,298,302,2024-11-22,161,6,6.371272262548554,107,0.33622857109147164,-0.13347596253612398,1,0,0,4,5,3,0,0,0,0.06833439205414339,1.2000000476837158
MAPS,bb_v1@292-302#bo:bo_295#0|burst:burst_292_295#0|tb:tb_298_302#1,tb_298_302#1,bo_295#0,burst_292_295#0,原有,1,1,1,1,3,3,0,292,295,298,302,2024-11-22,161,6,6.371272262548554,107,0.33622857109147164,-0.13347596253612398,1,0,0,4,5,3,0,0,0,0.06833439205414339,1.2000000476837158
LUMN,bb_v1@208-224#bo:bo_208#0|burst:burst_208_215#0|tb:tb_224#0,tb_224#0,bo_208#0,burst_208_215#0,新增,2,1,1,0,4,1,7,208,215,224,224,2024-08-09,90,4,4.104803417137118,96,0.36086170378791027,-0.19569122423613383,0,0,0,1,1,0,0,0,0,0.127002228659519,5.570000171661377
LUMN,bb_v1@208-224#bo:bo_208#0|burst:burst_208_216#0|tb:tb_224#0,tb_224#0,bo_208#0,burst_208_216#0,新增,2,0,1,0,5,1,8,208,216,224,224,2024-08-09,90,5,14.628244568476951,144,0.36086170378791027,-0.19569122423613383,0,0,0,1,1,0,0,0,0,0.127002228659519,5.570000171661377
LUMN,bb_v1@208-224#bo:bo_210#0|burst:burst_208_215#0|tb:tb_224#1,tb_224#1,bo_210#0,burst_208_215#0,新增,2,1,1,0,4,2,5,208,215,224,224,2024-08-09,90,4,4.104803417137118,96,0.36086170378791027,-0.19569122423613383,0,0,0,1,1,0,0,0,0,0.127002228659519,5.570000171661377
LUMN,bb_v1@208-224#bo:bo_210#0|burst:burst_208_216#0|tb:tb_224#1,tb_224#1,bo_210#0,burst_208_216#0,新增,2,0,1,0,5,2,6,208,216,224,224,2024-08-09,90,5,14.628244568476951,144,0.36086170378791027,-0.19569122423613383,0,0,0,1,1,0,0,0,0,0.127002228659519,5.570000171661377
LUMN,bb_v1@208-224#bo:bo_211#0|burst:burst_208_215#0|tb:tb_224#2,tb_224#2,bo_211#0,burst_208_215#0,新增,2,1,1,0,4,3,4,208,215,224,224,2024-08-09,90,4,4.104803417137118,96,0.36086170378791027,-0.19569122423613383,0,0,0,1,1,0,0,0,0,0.127002228659519,5.570000171661377
LUMN,bb_v1@208-224#bo:bo_211#0|burst:burst_208_216#0|tb:tb_224#2,tb_224#2,bo_211#0,burst_208_216#0,新增,2,0,1,0,5,3,5,208,216,224,224,2024-08-09,90,5,14.628244568476951,144,0.36086170378791027,-0.19569122423613383,0,0,0,1,1,0,0,0,0,0.127002228659519,5.570000171661377
LUMN,bb_v1@208-224#bo:bo_215#0|burst:burst_208_215#0|tb:tb_224#3,tb_224#3,bo_215#0,burst_208_215#0,原有,2,1,1,1,4,4,0,208,215,224,224,2024-08-09,90,4,4.104803417137118,96,0.36086170378791027,-0.19569122423613383,0,0,0,1,1,0,0,0,0,0.127002228659519,5.570000171661377
LUMN,bb_v1@208-224#bo:bo_215#0|burst:burst_208_216#0|tb:tb_224#3,tb_224#3,bo_215#0,burst_208_216#0,原有,2,0,1,1,5,4,1,208,216,224,224,2024-08-09,90,5,14.628244568476951,144,0.36086170378791027,-0.19569122423613383,0,0,0,1,1,0,0,0,0,0.127002228659519,5.570000171661377
LUMN,bb_v1@208-224#bo:bo_216#0|burst:burst_208_216#0|tb:tb_224#4,tb_224#4,bo_216#0,burst_208_216#0,原有,1,1,1,1,5,5,0,208,216,224,224,2024-08-09,90,5,14.628244568476951,144,0.36086170378791027,-0.19569122423613383,0,0,0,1,1,0,0,0,0,0.127002228659519,5.570000171661377
LUNR,bb_v1@91-99#bo:bo_91#0|burst:burst_91_99#0|tb:tb_94#0,tb_94#0,bo_91#0,burst_91_99#0,新增,1,1,1,0,3,1,8,91,99,94,94,2024-02-02,71,4,8.488183111193708,85,2.542780739629254,-0.10160430841495827,1,0,0,0,1,1,0,1,0,0.10715937755720076,3.740000009536743
LUNR,bb_v1@91-99#bo:bo_92#0|burst:burst_91_99#0|tb:tb_94#1,tb_94#1,bo_92#0,burst_91_99#0,新增,1,1,1,0,3,2,7,91,99,94,94,2024-02-02,71,4,8.488183111193708,85,2.542780739629254,-0.10160430841495827,1,0,0,0,1,1,0,1,0,0.10715937755720076,3.740000009536743
LUNR,bb_v1@91-108#bo:bo_99#0|burst:burst_91_99#0|tb:tb_108#0,tb_108#0,bo_99#0,burst_91_99#0,原有,1,1,1,1,3,3,0,91,99,108,108,2024-02-23,71,4,8.488183111193708,85,-0.2023983267839079,-0.5349322244855828,0,1,0,0,1,0,1,0,1,0.18989074345086238,9.59000015258789
LUXE,bb_v1@111-122#bo:bo_111#0|burst:burst_111_120#0|tb:tb_122#0,tb_122#0,bo_111#0,burst_111_120#0,新增,1,1,1,0,4,1,9,111,120,122,122,2024-03-14,91,4,3.709571314189262,86,0.3438320111427209,-0.1784776479136997,1,0,0,0,1,1,0,0,0,0.06360834795800607,3.809999942779541
LUXE,bb_v1@111-122#bo:bo_114#0|burst:burst_111_120#0|tb:tb_122#1,tb_122#1,bo_114#0,burst_111_120#0,新增,1,1,1,0,4,2,6,111,120,122,122,2024-03-14,91,4,3.709571314189262,86,0.3438320111427209,-0.1784776479136997,1,0,0,0,1,1,0,0,0,0.06360834795800607,3.809999942779541
LUXE,bb_v1@111-122#bo:bo_117#0|burst:burst_111_120#0|tb:tb_122#2,tb_122#2,bo_117#0,burst_111_120#0,新增,1,1,1,0,4,3,3,111,120,122,122,2024-03-14,91,4,3.709571314189262,86,0.3438320111427209,-0.1784776479136997,1,0,0,0,1,1,0,0,0,0.06360834795800607,3.809999942779541
LUXE,bb_v1@111-122#bo:bo_120#0|burst:burst_111_120#0|tb:tb_122#3,tb_122#3,bo_120#0,burst_111_120#0,原有,1,1,1,1,4,4,0,111,120,122,122,2024-03-14,91,4,3.709571314189262,86,0.3438320111427209,-0.1784776479136997,1,0,0,0,1,1,0,0,0,0.06360834795800607,3.809999942779541
LUXE,bb_v1@263-269#bo:bo_263#0|burst:burst_263_264#0|tb:tb_267_269#0,tb_267_269#0,bo_263#0,burst_263_264#0,新增,1,1,1,0,2,1,1,263,264,267,269,2024-10-10,91,4,376.2019853853578,82,0.04653516216441034,-0.2253507501134249,0,0,0,3,3,0,2,0,0,0.07457463828940336,7.5
LUXE,bb_v1@263-269#bo:bo_264#0|burst:burst_263_264#0|tb:tb_267_269#1,tb_267_269#1,bo_264#0,burst_263_264#0,原有,1,1,1,1,2,2,0,263,264,267,269,2024-10-10,91,4,376.2019853853578,82,0.04653516216441034,-0.2253507501134249,0,0,0,3,3,0,2,0,0,0.07457463828940336,7.5
MOB,bb_v1@267-278#bo:bo_267#0|burst:burst_267_268#0|tb:tb_271_278#0,tb_271_278#0,bo_267#0,burst_267_268#0,新增,1,1,1,0,2,1,1,267,268,271,278,2024-10-16,247,4,3.8838920142471958,62,1.8488369913085658,-0.054525030233269,8,0,0,0,8,8,0,8,0,0.06356420668133586,1.315000057220459
MOB,bb_v1@267-278#bo:bo_268#0|burst:burst_267_268#0|tb:tb_271_278#1,tb_271_278#1,bo_268#0,burst_267_268#0,原有,1,1,1,1,2,2,0,267,268,271,278,2024-10-16,247,4,3.8838920142471958,62,1.8488369913085658,-0.054525030233269,8,0,0,0,8,8,0,8,0,0.06356420668133586,1.315000057220459
MOBQ,bb_v1@290-296#bo:bo_290#0|burst:burst_290_291#0|tb:tb_293_296#0,tb_293_296#0,bo_290#0,burst_290_291#0,新增,1,1,1,0,2,1,1,290,291,293,296,2024-11-15,62,3,3.106548279689234,62,0.23278693842549658,-0.33423443072105496,0,3,0,1,4,0,4,0,2,0.08516097109003828,3.4000000953674316
MOBQ,bb_v1@290-296#bo:bo_291#0|burst:burst_290_291#0|tb:tb_293_296#1,tb_293_296#1,bo_291#0,burst_290_291#0,原有,1,1,1,1,2,2,0,290,291,293,296,2024-11-15,62,3,3.106548279689234,62,0.23278693842549658,-0.33423443072105496,0,3,0,1,4,0,4,0,2,0.08516097109003828,3.4000000953674316
LWAY,bb_v1@126-136#bo:bo_126#0|burst:burst_126_129#0|tb:tb_133_136#0,tb_133_136#0,bo_126#0,burst_126_129#0,新增,1,1,1,0,3,1,3,126,129,133,136,2024-04-01,86,3,4.650139134834303,82,0.528742378138203,-0.21788170018772754,4,0,0,0,4,4,0,4,0,0.07942994127260788,18.899999618530273
LWAY,bb_v1@126-136#bo:bo_128#0|burst:burst_126_129#0|tb:tb_133_136#1,tb_133_136#1,bo_128#0,burst_126_129#0,新增,1,1,1,0,3,2,1,126,129,133,136,2024-04-01,86,3,4.650139134834303,82,0.528742378138203,-0.21788170018772754,4,0,0,0,4,4,0,4,0,0.07942994127260788,18.899999618530273
LWAY,bb_v1@126-136#bo:bo_129#0|burst:burst_126_129#0|tb:tb_133_136#2,tb_133_136#2,bo_129#0,burst_126_129#0,原有,1,1,1,1,3,3,0,126,129,133,136,2024-04-01,86,3,4.650139134834303,82,0.528742378138203,-0.21788170018772754,4,0,0,0,4,4,0,4,0,0.07942994127260788,18.899999618530273
LX,bb_v1@257-262#bo:bo_257#0|burst:burst_257#0|tb:tb_262#0,tb_262#0,bo_257#0,burst_257#0,原有,2,1,1,1,1,1,0,257,257,262,262,2024-10-03,131,5,7.593084786530367,213,0.49999980317444903,-0.22794115604831977,1,0,0,0,1,1,0,1,0,0.03830350254714321,2.9832022190093994
LX,bb_v1@257-262#bo:bo_257#0|burst:burst_257_258#0|tb:tb_262#0,tb_262#0,bo_257#0,burst_257_258#0,原有,2,0,1,1,2,1,1,257,258,262,262,2024-10-03,131,6,10.765538055267378,243,0.49999980317444903,-0.22794115604831977,1,0,0,0,1,1,0,1,0,0.03830350254714321,2.9832022190093994
LX,bb_v1@257-262#bo:bo_258#0|burst:burst_257_258#0|tb:tb_262#1,tb_262#1,bo_258#0,burst_257_258#0,原有,1,1,1,1,2,2,0,257,258,262,262,2024-10-03,131,6,10.765538055267378,243,0.49999980317444903,-0.22794115604831977,1,0,0,0,1,1,0,1,0,0.03830350254714321,2.9832022190093994
MDNAF,bb_v1@99-107#bo:bo_99#0|burst:burst_99_100#0|tb:tb_105_107#0,tb_105_107#0,bo_99#0,burst_99_100#0,新增,1,1,1,0,2,1,1,99,100,105,107,2024-02-20,65,3,4.794388305207994,62,1.0173741342910994,-0.05665481286787607,3,0,0,0,3,3,0,3,0,0.06936038458728708,0.75
MDNAF,bb_v1@99-107#bo:bo_100#0|burst:burst_99_100#0|tb:tb_105_107#1,tb_105_107#1,bo_100#0,burst_99_100#0,原有,1,1,1,1,2,2,0,99,100,105,107,2024-02-20,65,3,4.794388305207994,62,1.0173741342910994,-0.05665481286787607,3,0,0,0,3,3,0,3,0,0.06936038458728708,0.75
NAMS,bb_v1@286-294#bo:bo_286#0|burst:burst_286#0|tb:tb_292_294#0,tb_292_294#0,bo_286#0,burst_286#0,原有,3,1,1,1,1,1,0,286,286,292,294,2024-11-14,84,3,3.4931884231891015,83,0.09851534661773553,-0.291137586096154,0,3,0,0,3,0,3,0,3,0.04947500095360109,24.969999313354492
NAMS,bb_v1@286-294#bo:bo_286#0|burst:burst_286_288#0|tb:tb_292_294#0,tb_292_294#0,bo_286#0,burst_286_288#0,原有,3,0,1,1,2,1,2,286,288,292,294,2024-11-14,84,4,3.4931884231891015,132,0.09851534661773553,-0.291137586096154,0,3,0,0,3,0,3,0,3,0.04947500095360109,24.969999313354492
NAMS,bb_v1@286-294#bo:bo_286#0|burst:burst_286_292#0|tb:tb_292_294#0,tb_292_294#0,bo_286#0,burst_286_292#0,原有,3,0,1,1,3,1,6,286,292,292,294,2024-11-14,84,5,3.4931884231891015,159,0.09851534661773553,-0.291137586096154,0,3,0,0,3,0,3,0,3,0.04947500095360109,24.969999313354492
NAMS,bb_v1@286-294#bo:bo_288#0|burst:burst_286_288#0|tb:tb_292_294#1,tb_292_294#1,bo_288#0,burst_286_288#0,原有,2,1,1,1,2,2,0,286,288,292,294,2024-11-14,84,4,3.4931884231891015,132,0.09851534661773553,-0.291137586096154,0,3,0,0,3,0,3,0,3,0.04947500095360109,24.969999313354492
NAMS,bb_v1@286-294#bo:bo_288#0|burst:burst_286_292#0|tb:tb_292_294#1,tb_292_294#1,bo_288#0,burst_286_292#0,原有,2,0,1,1,3,2,4,286,292,292,294,2024-11-14,84,5,3.4931884231891015,159,0.09851534661773553,-0.291137586096154,0,3,0,0,3,0,3,0,3,0.04947500095360109,24.969999313354492
MOLN,bb_v1@183-185#bo:bo_183#0|burst:burst_183#0|tb:tb_185#0,tb_185#0,bo_183#0,burst_183#0,原有,2,1,1,1,1,1,0,183,183,185,185,2024-06-13,110,3,4.735294117647059,87,1.1344538178789736,-0.04201680806959163,1,0,0,0,1,1,0,1,0,0.07278705391340218,5.949999809265137
MOLN,bb_v1@183-185#bo:bo_183#0|burst:burst_183_184#0|tb:tb_185#0,tb_185#0,bo_183#0,burst_183_184#0,原有,2,0,1,1,2,1,1,183,184,185,185,2024-06-13,110,4,5.614446529080675,111,1.1344538178789736,-0.04201680806959163,1,0,0,0,1,1,0,1,0,0.07278705391340218,5.949999809265137
MOLN,bb_v1@183-188#bo:bo_184#0|burst:burst_183_184#0|tb:tb_188#0,tb_188#0,bo_184#0,burst_183_184#0,原有,1,1,1,1,2,2,0,183,184,188,188,2024-06-18,110,4,5.614446529080675,111,0.5954773553269479,-0.2839196253833117,1,0,0,0,1,1,0,1,0,0.09065949749750257,7.960000038146973
MPT,bb_v1@244-260#bo:bo_247#0|burst:burst_244_248#0|tb:tb_254_260#0,tb_254_260#0,bo_247#0,burst_244_248#0,新增,1,1,1,0,3,2,1,244,248,254,260,2024-09-23,80,3,3.692851476087838,84,0.0150146433328735,-0.30048343333038463,0,7,0,0,7,0,7,0,7,0.04770245164274007,5.200582504272461
MPT,bb_v1@244-260#bo:bo_248#0|burst:burst_244_248#0|tb:tb_254_260#1,tb_254_260#1,bo_248#0,burst_244_248#0,原有,1,1,1,1,3,3,0,244,248,254,260,2024-09-23,80,3,3.692851476087838,84,0.0150146433328735,-0.30048343333038463,0,7,0,0,7,0,7,0,7,0.04770245164274007,5.200582504272461
MNOV,bb_v1@240-242#bo:bo_240#0|burst:burst_240_241#0|tb:tb_242#0,tb_242#0,bo_240#0,burst_240_241#0,新增,1,1,1,0,2,1,1,240,241,242,242,2024-09-05,220,3,15.48842105263158,169,0.17222219499540836,-0.13888889256818804,0,0,0,1,1,0,0,0,0,0.06541592264953328,1.7999999523162842
MNOV,bb_v1@240-247#bo:bo_241#0|burst:burst_240_241#0|tb:tb_245_247#0,tb_245_247#0,bo_241#0,burst_240_241#0,原有,1,1,1,1,2,2,0,240,241,245,247,2024-09-10,220,3,15.48842105263158,169,0.06782100202045371,-0.23541541265837232,0,1,0,2,3,0,1,0,0,0.07919311250489026,1.9600000381469727
MNPR,bb_v1@105-117#bo:bo_107#0|burst:burst_105_107#0|tb:tb_113_117#0,tb_113_117#0,bo_107#0,burst_105_107#0,原有,1,1,1,1,2,2,0,105,107,113,117,2024-03-01,85,3,628.9498955743411,76,0.11816797001197817,-0.4794672846795809,0,3,0,2,5,0,5,0,2,0.13073579610528668,4.480000019073486
MHH,bb_v1@222-233#bo:bo_226#0|burst:burst_222_229#0|tb:tb_231_233#0,tb_231_233#0,bo_226#0,burst_222_229#0,新增,1,1,1,0,3,2,3,222,229,231,233,2024-08-20,202,3,5.292407108239096,190,0.04050796817538201,-0.1677856054908504,0,0,0,3,3,0,3,0,0,0.041083630122629174,10.449999809265137
MHH,bb_v1@222-233#bo:bo_229#0|burst:burst_222_229#0|tb:tb_231_233#1,tb_231_233#1,bo_229#0,burst_222_229#0,原有,1,1,1,1,3,3,0,222,229,231,233,2024-08-20,202,3,5.292407108239096,190,0.04050796817538201,-0.1677856054908504,0,0,0,3,3,0,3,0,0,0.041083630122629174,10.449999809265137
MYSE,bb_v1@278-293#bo:bo_286#0|burst:burst_278_286#0|tb:tb_288_293#0,tb_288_293#0,bo_286#0,burst_278_286#0,原有,1,1,1,1,2,2,0,278,286,288,293,2024-11-08,73,3,263.16163141993957,79,3.124190890735012,-0.28908487316880577,6,0,0,0,6,6,0,6,0,0.16855036094016668,2.1500000953674316
MIND,bb_v1@308-312#bo:bo_308#0|burst:burst_308_310#0|tb:tb_312#0,tb_312#0,bo_308#0,burst_308_310#0,新增,4,1,1,0,2,1,2,308,310,312,312,2024-12-13,254,4,59.01928460342147,128,0.6525285359419308,0.0,1,0,0,0,1,1,0,1,0,0.03398841059433502,6.130000114440918
MIND,bb_v1@308-313#bo:bo_308#0|burst:burst_308_313#0|tb:tb_312#0,tb_312#0,bo_308#0,burst_308_313#0,新增,4,0,1,0,3,1,5,308,313,312,312,2024-12-13,254,4,59.01928460342147,131,0.6525285359419308,0.0,1,0,0,0,1,1,0,1,0,0.03398841059433502,6.130000114440918
MIND,bb_v1@308-314#bo:bo_308#0|burst:burst_308_314#0|tb:tb_312#0,tb_312#0,bo_308#0,burst_308_314#0,新增,4,0,1,0,4,1,6,308,314,312,312,2024-12-13,254,7,59.01928460342147,245,0.6525285359419308,0.0,1,0,0,0,1,1,0,1,0,0.03398841059433502,6.130000114440918
MIND,bb_v1@308-322#bo:bo_308#0|burst:burst_308_322#0|tb:tb_312#0,tb_312#0,bo_308#0,burst_308_322#0,新增,4,0,1,0,5,1,14,308,322,312,312,2024-12-13,254,8,59.01928460342147,298,0.6525285359419308,0.0,1,0,0,0,1,1,0,1,0,0.03398841059433502,6.130000114440918
MIND,bb_v1@308-312#bo:bo_310#0|burst:burst_308_310#0|tb:tb_312#1,tb_312#1,bo_310#0,burst_308_310#0,原有,4,1,1,1,2,2,0,308,310,312,312,2024-12-13,254,4,59.01928460342147,128,0.6525285359419308,0.0,1,0,0,0,1,1,0,1,0,0.03398841059433502,6.130000114440918
MIND,bb_v1@308-313#bo:bo_310#0|burst:burst_308_313#0|tb:tb_312#1,tb_312#1,bo_310#0,burst_308_313#0,原有,4,0,1,1,3,2,3,308,313,312,312,2024-12-13,254,4,59.01928460342147,131,0.6525285359419308,0.0,1,0,0,0,1,1,0,1,0,0.03398841059433502,6.130000114440918
MIND,bb_v1@308-314#bo:bo_310#0|burst:burst_308_314#0|tb:tb_312#1,tb_312#1,bo_310#0,burst_308_314#0,原有,4,0,1,1,4,2,4,308,314,312,312,2024-12-13,254,7,59.01928460342147,245,0.6525285359419308,0.0,1,0,0,0,1,1,0,1,0,0.03398841059433502,6.130000114440918
MIND,bb_v1@308-322#bo:bo_310#0|burst:burst_308_322#0|tb:tb_312#1,tb_312#1,bo_310#0,burst_308_322#0,原有,4,0,1,1,5,2,12,308,322,312,312,2024-12-13,254,8,59.01928460342147,298,0.6525285359419308,0.0,1,0,0,0,1,1,0,1,0,0.03398841059433502,6.130000114440918
MIND,bb_v1@308-325#bo:bo_313#0|burst:burst_308_313#0|tb:tb_321_325#0,tb_321_325#0,bo_313#0,burst_308_313#0,原有,3,1,1,1,3,3,0,308,313,321,325,2024-12-27,254,4,59.01928460342147,131,0.3867460387018536,-0.18794153677600645,1,0,0,2,3,2,0,0,0,0.08256964164592184,7.789999961853027
MIND,bb_v1@308-325#bo:bo_313#0|burst:burst_308_314#0|tb:tb_321_325#0,tb_321_325#0,bo_313#0,burst_308_314#0,原有,3,0,1,1,4,3,1,308,314,321,325,2024-12-27,254,7,59.01928460342147,245,0.3867460387018536,-0.18794153677600645,1,0,0,2,3,2,0,0,0,0.08256964164592184,7.789999961853027
MIND,bb_v1@308-325#bo:bo_313#0|burst:burst_308_322#0|tb:tb_321_325#0,tb_321_325#0,bo_313#0,burst_308_322#0,原有,3,0,1,1,5,3,9,308,322,321,325,2024-12-27,254,8,59.01928460342147,298,0.3867460387018536,-0.18794153677600645,1,0,0,2,3,2,0,0,0,0.08256964164592184,7.789999961853027
MIND,bb_v1@308-325#bo:bo_314#0|burst:burst_308_314#0|tb:tb_321_325#1,tb_321_325#1,bo_314#0,burst_308_314#0,原有,2,1,1,1,4,4,0,308,314,321,325,2024-12-27,254,7,59.01928460342147,245,0.3867460387018536,-0.18794153677600645,1,0,0,2,3,2,0,0,0,0.08256964164592184,7.789999961853027
MIND,bb_v1@308-325#bo:bo_314#0|burst:burst_308_322#0|tb:tb_321_325#1,tb_321_325#1,bo_314#0,burst_308_322#0,原有,2,0,1,1,5,4,8,308,322,321,325,2024-12-27,254,8,59.01928460342147,298,0.3867460387018536,-0.18794153677600645,1,0,0,2,3,2,0,0,0,0.08256964164592184,7.789999961853027
MIST,bb_v1@285-301#bo:bo_285#0|burst:burst_285_286#0|tb:tb_294_301#0,tb_294_301#0,bo_285#0,burst_285_286#0,新增,2,1,1,0,2,1,1,285,286,294,301,2024-11-18,176,3,5.3286952121940425,117,0.512651776374852,-0.07590730728436063,8,0,0,0,8,8,0,8,0,0.0709887263393058,1.7000000476837158
MIST,bb_v1@285-301#bo:bo_285#0|burst:burst_285_287#0|tb:tb_294_301#0,tb_294_301#0,bo_285#0,burst_285_287#0,新增,2,0,1,0,3,1,2,285,287,294,301,2024-11-18,176,4,10.266774821544452,129,0.512651776374852,-0.07590730728436063,8,0,0,0,8,8,0,8,0,0.0709887263393058,1.7000000476837158
MIST,bb_v1@285-301#bo:bo_286#0|burst:burst_285_286#0|tb:tb_294_301#1,tb_294_301#1,bo_286#0,burst_285_286#0,原有,2,1,1,1,2,2,0,285,286,294,301,2024-11-18,176,3,5.3286952121940425,117,0.512651776374852,-0.07590730728436063,8,0,0,0,8,8,0,8,0,0.0709887263393058,1.7000000476837158
MIST,bb_v1@285-301#bo:bo_286#0|burst:burst_285_287#0|tb:tb_294_301#1,tb_294_301#1,bo_286#0,burst_285_287#0,原有,2,0,1,1,3,2,1,285,287,294,301,2024-11-18,176,4,10.266774821544452,129,0.512651776374852,-0.07590730728436063,8,0,0,0,8,8,0,8,0,0.0709887263393058,1.7000000476837158
MIST,bb_v1@285-301#bo:bo_287#0|burst:burst_285_287#0|tb:tb_294_301#2,tb_294_301#2,bo_287#0,burst_285_287#0,原有,1,1,1,1,3,3,0,285,287,294,301,2024-11-18,176,4,10.266774821544452,129,0.512651776374852,-0.07590730728436063,8,0,0,0,8,8,0,8,0,0.0709887263393058,1.7000000476837158
MRT,bb_v1@79-86#bo:bo_79#0|burst:burst_79_83#0|tb:tb_82_86#0,tb_82_86#0,bo_79#0,burst_79_83#0,新增,1,1,1,0,3,1,4,79,83,82,86,2024-01-17,59,3,7.547267379851976,75,0.09044289372166774,-0.1689677473653613,0,0,0,5,5,0,0,0,0,0.09676397561354216,0.8600000143051147
MRT,bb_v1@79-86#bo:bo_80#0|burst:burst_79_83#0|tb:tb_82_86#1,tb_82_86#1,bo_80#0,burst_79_83#0,新增,1,1,1,0,3,2,3,79,83,82,86,2024-01-17,59,3,7.547267379851976,75,0.09044289372166774,-0.1689677473653613,0,0,0,5,5,0,0,0,0,0.09676397561354216,0.8600000143051147
MRT,bb_v1@79-86#bo:bo_83#0|burst:burst_79_83#0|tb:tb_86#0,tb_86#0,bo_83#0,burst_79_83#0,原有,1,1,1,1,3,3,0,79,83,86,86,2024-01-23,59,3,7.547267379851976,75,0.09953699471871125,-0.1620370852639592,0,0,0,1,1,0,0,0,0,0.08616116528001068,0.8640000224113464
MRT,bb_v1@223-234#bo:bo_231#0|burst:burst_223_231#0|tb:tb_234#0,tb_234#0,bo_231#0,burst_223_231#0,原有,1,1,1,1,2,2,0,223,231,234,234,2024-08-23,76,4,8.569560989663989,76,0.02788841972460654,-0.2968127520314735,0,1,0,0,1,0,1,0,0,0.07092557934399185,2.509999990463257
NIU,bb_v1@257-263#bo:bo_257#0|burst:burst_257_261#0|tb:tb_263#0,tb_263#0,bo_257#0,burst_257_261#0,新增,2,1,1,0,3,1,4,257,261,263,263,2024-10-04,91,4,6.735274985215848,213,0.2500000212873734,-0.382142839808853,0,1,0,0,1,1,0,0,1,0.06043293715446021,2.799999952316284
NIU,bb_v1@257-264#bo:bo_257#0|burst:burst_257_264#0|tb:tb_263#0,tb_263#0,bo_257#0,burst_257_264#0,新增,2,0,1,0,4,1,7,257,264,263,263,2024-10-04,91,5,12.141244537951126,256,0.2500000212873734,-0.382142839808853,0,1,0,0,1,1,0,0,1,0.06043293715446021,2.799999952316284
NIU,bb_v1@257-263#bo:bo_260#0|burst:burst_257_261#0|tb:tb_263#1,tb_263#1,bo_260#0,burst_257_261#0,新增,2,1,1,0,3,2,1,257,261,263,263,2024-10-04,91,4,6.735274985215848,213,0.2500000212873734,-0.382142839808853,0,1,0,0,1,1,0,0,1,0.06043293715446021,2.799999952316284
NIU,bb_v1@257-264#bo:bo_260#0|burst:burst_257_264#0|tb:tb_263#1,tb_263#1,bo_260#0,burst_257_264#0,新增,2,0,1,0,4,2,4,257,264,263,263,2024-10-04,91,5,12.141244537951126,256,0.2500000212873734,-0.382142839808853,0,1,0,0,1,1,0,0,1,0.06043293715446021,2.799999952316284
NIU,bb_v1@257-263#bo:bo_261#0|burst:burst_257_261#0|tb:tb_263#2,tb_263#2,bo_261#0,burst_257_261#0,原有,2,1,1,1,3,3,0,257,261,263,263,2024-10-04,91,4,6.735274985215848,213,0.2500000212873734,-0.382142839808853,0,1,0,0,1,1,0,0,1,0.06043293715446021,2.799999952316284
NIU,bb_v1@257-264#bo:bo_261#0|burst:burst_257_264#0|tb:tb_263#2,tb_263#2,bo_261#0,burst_257_264#0,原有,2,0,1,1,4,3,3,257,264,263,263,2024-10-04,91,5,12.141244537951126,256,0.2500000212873734,-0.382142839808853,0,1,0,0,1,1,0,0,1,0.06043293715446021,2.799999952316284
NIU,bb_v1@257-268#bo:bo_264#0|burst:burst_257_264#0|tb:tb_268#0,tb_268#0,bo_264#0,burst_257_264#0,原有,1,1,1,1,4,4,0,257,264,268,268,2024-10-11,91,5,12.141244537951126,256,0.06037729873738917,-0.3471698276170757,0,1,0,0,1,0,1,0,1,0.07984114296877395,2.6500000953674316
NPCE,bb_v1@286-298#bo:bo_291#0|burst:burst_286_292#0|tb:tb_295_298#0,tb_295_298#0,bo_291#0,burst_286_292#0,新增,2,1,1,0,3,2,1,286,292,295,298,2024-11-19,80,5,6.750756341633698,80,0.5567129520655114,-0.036963217974596174,4,0,0,0,4,4,0,3,0,0.09202983670203399,9.180000305175781
NPCE,bb_v1@286-299#bo:bo_291#0|burst:burst_286_299#0|tb:tb_295_298#0,tb_295_298#0,bo_291#0,burst_286_299#0,新增,2,0,1,0,4,2,8,286,299,295,298,2024-11-19,80,6,6.750756341633698,80,0.5567129520655114,-0.036963217974596174,4,0,0,0,4,4,0,3,0,0.09202983670203399,9.180000305175781
NPCE,bb_v1@286-298#bo:bo_292#0|burst:burst_286_292#0|tb:tb_295_298#1,tb_295_298#1,bo_292#0,burst_286_292#0,原有,2,1,1,1,3,3,0,286,292,295,298,2024-11-19,80,5,6.750756341633698,80,0.5567129520655114,-0.036963217974596174,4,0,0,0,4,4,0,3,0,0.09202983670203399,9.180000305175781
NPCE,bb_v1@286-299#bo:bo_292#0|burst:burst_286_299#0|tb:tb_295_298#1,tb_295_298#1,bo_292#0,burst_286_299#0,原有,2,0,1,1,4,3,7,286,299,295,298,2024-11-19,80,6,6.750756341633698,80,0.5567129520655114,-0.036963217974596174,4,0,0,0,4,4,0,3,0,0.09202983670203399,9.180000305175781
NPCE,bb_v1@286-303#bo:bo_299#0|burst:burst_286_299#0|tb:tb_301_303#0,tb_301_303#0,bo_299#0,burst_286_299#0,原有,1,1,1,1,4,4,0,286,299,301,303,2024-11-27,80,6,6.750756341633698,80,0.4126568069545893,-0.07256413294662327,1,0,0,2,3,2,0,0,0,0.09202983670203399,10.25
NEOV,bb_v1@135-144#bo:bo_141#0|burst:burst_135_141#0|tb:tb_144#0,tb_144#0,bo_141#0,burst_135_141#0,原有,2,1,1,1,3,3,0,135,141,144,144,2024-04-16,115,4,7.944140153040677,92,0.5023924563902171,-0.1722487607081602,0,0,0,1,1,0,0,0,0,0.14814224944791266,2.0899999141693115
NEOV,bb_v1@135-144#bo:bo_141#0|burst:burst_135_142#0|tb:tb_144#0,tb_144#0,bo_141#0,burst_135_142#0,原有,2,0,1,1,4,3,1,135,142,144,144,2024-04-16,115,5,7.944140153040677,109,0.5023924563902171,-0.1722487607081602,0,0,0,1,1,0,0,0,0,0.14814224944791266,2.0899999141693115
NEOV,bb_v1@135-144#bo:bo_142#0|burst:burst_135_142#0|tb:tb_144#1,tb_144#1,bo_142#0,burst_135_142#0,原有,1,1,1,1,4,4,0,135,142,144,144,2024-04-16,115,5,7.944140153040677,109,0.5023924563902171,-0.1722487607081602,0,0,0,1,1,0,0,0,0,0.14814224944791266,2.0899999141693115
NVAX,bb_v1@162-173#bo:bo_162#0|burst:burst_162#0|tb:tb_172_173#0,tb_172_173#0,bo_162#0,burst_162#0,原有,1,1,1,1,1,1,0,162,162,172,173,2024-05-24,52,4,24.9474593880061,152,0.5383630030448523,-0.24693713808038925,1,0,0,1,2,2,0,0,0,0.10558004431738224,15.5
NVCR,bb_v1@299-309#bo:bo_301#0|burst:burst_299_303#0|tb:tb_307_309#0,tb_307_309#0,bo_301#0,burst_299_303#0,新增,1,1,1,0,3,2,2,299,303,307,309,2024-12-06,135,5,11.734164881329052,135,0.18677716846621117,-0.22961330374276845,0,1,0,2,3,0,2,0,0,0.0680248630622828,27.959999084472656
NVCR,bb_v1@299-309#bo:bo_303#0|burst:burst_299_303#0|tb:tb_307_309#1,tb_307_309#1,bo_303#0,burst_299_303#0,原有,1,1,1,1,3,3,0,299,303,307,309,2024-12-06,135,5,11.734164881329052,135,0.18677716846621117,-0.22961330374276845,0,1,0,2,3,0,2,0,0,0.0680248630622828,27.959999084472656
NVCT,bb_v1@273-276#bo:bo_273#0|burst:burst_273_276#0|tb:tb_275#0,tb_275#0,bo_273#0,burst_273_276#0,新增,1,1,1,0,4,1,3,273,276,275,275,2024-10-22,150,3,4.425976009418053,118,0.4622057790538605,-0.44485747354528615,0,1,0,0,1,0,1,0,1,0.052359684988712706,8.069999694824219
NVCT,bb_v1@273-281#bo:bo_274#0|burst:burst_273_276#0|tb:tb_280_281#0,tb_280_281#0,bo_274#0,burst_273_276#0,新增,1,1,1,0,4,2,2,273,276,280,281,2024-10-29,150,3,4.425976009418053,118,0.49746438828759265,-0.43654729981250534,0,2,0,0,2,0,2,2,0,0.059774623747575764,7.869999885559082
NVCT,bb_v1@273-281#bo:bo_275#0|burst:burst_273_276#0|tb:tb_280_281#1,tb_280_281#1,bo_275#0,burst_273_276#0,新增,1,1,1,0,4,3,1,273,276,280,281,2024-10-29,150,3,4.425976009418053,118,0.49746438828759265,-0.43654729981250534,0,2,0,0,2,0,2,2,0,0.059774623747575764,7.869999885559082
NVCT,bb_v1@273-281#bo:bo_276#0|burst:burst_273_276#0|tb:tb_280_281#2,tb_280_281#2,bo_276#0,burst_273_276#0,原有,1,1,1,1,4,4,0,273,276,280,281,2024-10-29,150,3,4.425976009418053,118,0.49746438828759265,-0.43654729981250534,0,2,0,0,2,0,2,2,0,0.059774623747575764,7.869999885559082
NTRP,bb_v1@302-313#bo:bo_306#0|burst:burst_302_307#0|tb:tb_310_313#0,tb_310_313#0,bo_306#0,burst_302_307#0,新增,1,1,1,0,3,2,1,302,307,310,313,2024-12-11,98,4,6.425085279454212,167,0.9197999912730694,-0.11915057069983936,3,0,0,1,4,4,0,2,0,0.14428615666484623,4.150000095367432
NTRP,bb_v1@302-313#bo:bo_307#0|burst:burst_302_307#0|tb:tb_310_313#1,tb_310_313#1,bo_307#0,burst_302_307#0,原有,1,1,1,1,3,3,0,302,307,310,313,2024-12-11,98,4,6.425085279454212,167,0.9197999912730694,-0.11915057069983936,3,0,0,1,4,4,0,2,0,0.14428615666484623,4.150000095367432
NTPIF,bb_v1@313-321#bo:bo_313#0|burst:burst_313_321#0|tb:tb_315#0,tb_315#0,bo_313#0,burst_313_321#0,新增,3,1,1,0,2,1,8,313,321,315,315,2024-12-18,293,3,7.505991703794746,126,0.7714285169328963,0.0,1,0,0,0,1,1,0,1,0,0.033222926478078195,3.5
NTPIF,bb_v1@313-323#bo:bo_313#0|burst:burst_313_323#0|tb:tb_315#0,tb_315#0,bo_313#0,burst_313_323#0,新增,3,0,1,0,3,1,10,313,323,315,315,2024-12-18,293,4,7.505991703794746,151,0.7714285169328963,0.0,1,0,0,0,1,1,0,1,0,0.033222926478078195,3.5
NTPIF,bb_v1@313-324#bo:bo_313#0|burst:burst_313_324#0|tb:tb_315#0,tb_315#0,bo_313#0,burst_313_324#0,新增,3,0,1,0,4,1,11,313,324,315,315,2024-12-18,293,8,7.505991703794746,310,0.7714285169328963,0.0,1,0,0,0,1,1,0,1,0,0.033222926478078195,3.5
NTPIF,bb_v1@313-323#bo:bo_321#0|burst:burst_313_321#0|tb:tb_323#0,tb_323#0,bo_321#0,burst_313_321#0,原有,3,1,1,1,2,2,0,313,321,323,323,2024-12-31,293,3,7.505991703794746,126,0.34736844112998555,0.05263157894736836,0,0,0,1,1,1,0,0,0,0.08058826596129175,4.75
NTPIF,bb_v1@313-323#bo:bo_321#0|burst:burst_313_323#0|tb:tb_323#0,tb_323#0,bo_321#0,burst_313_323#0,原有,3,0,1,1,3,2,2,313,323,323,323,2024-12-31,293,4,7.505991703794746,151,0.34736844112998555,0.05263157894736836,0,0,0,1,1,1,0,0,0,0.08058826596129175,4.75
NTPIF,bb_v1@313-324#bo:bo_321#0|burst:burst_313_324#0|tb:tb_323#0,tb_323#0,bo_321#0,burst_313_324#0,原有,3,0,1,1,4,2,3,313,324,323,323,2024-12-31,293,8,7.505991703794746,310,0.34736844112998555,0.05263157894736836,0,0,0,1,1,1,0,0,0,0.08058826596129175,4.75
NTRB,bb_v1@129-138#bo:bo_129#0|burst:burst_129_131#0|tb:tb_137_138#0,tb_137_138#0,bo_129#0,burst_129_131#0,新增,1,1,1,0,2,1,2,129,131,137,138,2024-04-05,62,3,30.55743243243243,63,0.5143740932456288,-0.28207449324488953,1,0,0,1,2,1,1,0,0,0.09971652707786743,4.570000171661377
NTRB,bb_v1@129-138#bo:bo_131#0|burst:burst_129_131#0|tb:tb_137_138#1,tb_137_138#1,bo_131#0,burst_129_131#0,原有,1,1,1,1,2,2,0,129,131,137,138,2024-04-05,62,3,30.55743243243243,63,0.5143740932456288,-0.28207449324488953,1,0,0,1,2,1,1,0,0,0.09971652707786743,4.570000171661377
NCI,bb_v1@103-124#bo:bo_111#0|burst:burst_103_111#0|tb:tb_117_124#0,tb_117_124#0,bo_111#0,burst_103_111#0,原有,1,1,1,1,2,2,0,103,111,117,124,2024-10-09,83,3,99.56023592236879,73,1.7243855766428244,-0.24019913651203073,8,0,0,0,8,8,0,7,0,0.18885048995787054,22.399999618530273
ORBS,bb_v1@118-127#bo:bo_123#0|burst:burst_118_123#0|tb:tb_127#0,tb_127#0,bo_123#0,burst_118_123#0,原有,1,1,1,1,2,2,0,118,123,127,127,2024-03-21,98,4,4.344327035397756,105,0.16905067675221686,-0.3302990823086037,0,1,0,0,1,0,1,0,0,0.08708382054029891,3.8450000286102295
ORBS,bb_v1@251-262#bo:bo_256#0|burst:burst_251_256#0|tb:tb_261_262#2,tb_261_262#2,bo_256#0,burst_251_256#0,原有,1,1,1,1,3,3,0,251,256,261,262,2024-10-02,128,3,813.7668522446548,90,0.11051061920427652,-0.32000547122158934,0,0,0,2,2,0,0,0,0,0.14281882422760744,2.240000009536743
OMEX,bb_v1@173-178#bo:bo_173#0|burst:burst_173_178#0|tb:tb_175_177#0,tb_175_177#0,bo_173#0,burst_173_178#0,新增,1,1,1,0,3,1,5,173,178,175,177,2024-05-30,105,3,6.811940298507462,86,0.14326609525782774,-0.17502580383893884,0,2,0,1,3,0,2,0,0,0.047541100753260665,4.710000038146973
OMEX,bb_v1@173-183#bo:bo_176#0|burst:burst_173_178#0|tb:tb_181_183#0,tb_181_183#0,bo_176#0,burst_173_178#0,新增,1,1,1,0,3,2,2,173,178,181,183,2024-06-07,105,3,6.811940298507462,86,0.09117126466070287,-0.3091215402265493,0,3,0,0,3,0,3,0,3,0.04912202454896074,5.059999942779541
OMEX,bb_v1@173-183#bo:bo_178#0|burst:burst_173_178#0|tb:tb_181_183#1,tb_181_183#1,bo_178#0,burst_173_178#0,原有,1,1,1,1,3,3,0,173,178,181,183,2024-06-07,105,3,6.811940298507462,86,0.09117126466070287,-0.3091215402265493,0,3,0,0,3,0,3,0,3,0.04912202454896074,5.059999942779541
ORKA,bb_v1@232-238#bo:bo_232#0|burst:burst_232_238#0|tb:tb_234#0,tb_234#0,bo_232#0,burst_232_238#0,新增,1,1,1,0,3,1,6,232,238,234,234,2024-08-23,66,4,19.43050759106014,71,0.22913766367067323,-0.19951921137474882,0,0,0,1,1,0,0,0,0,0.0799283044715354,26.84809112548828
ORKA,bb_v1@232-241#bo:bo_238#0|burst:burst_232_238#0|tb:tb_241#0,tb_241#0,bo_238#0,burst_232_238#0,原有,1,1,1,1,3,3,0,232,238,241,241,2024-09-04,66,4,19.43050759106014,71,0.11218290158360356,-0.1957841938923821,0,0,0,1,1,0,0,0,0,0.09744859186418336,27.989999771118164
MUX,bb_v1@114-120#bo:bo_114#0|burst:burst_114_120#0|tb:tb_117_120#0,tb_117_120#0,bo_114#0,burst_114_120#0,新增,2,1,1,0,2,1,6,114,120,117,120,2024-03-07,50,3,4.268765688728772,75,0.5329819567344203,-0.030467448208079645,4,0,0,0,4,4,0,4,0,0.03657464354141357,8.0600004196167
MUX,bb_v1@114-121#bo:bo_114#0|burst:burst_114_121#0|tb:tb_117_120#0,tb_117_120#0,bo_114#0,burst_114_121#0,新增,2,0,1,0,3,1,7,114,121,117,120,2024-03-07,50,4,4.268765688728772,100,0.5329819567344203,-0.030467448208079645,4,0,0,0,4,4,0,4,0,0.03657464354141357,8.0600004196167
MUX,bb_v1@114-124#bo:bo_120#0|burst:burst_114_120#0|tb:tb_123_124#0,tb_123_124#0,bo_120#0,burst_114_120#0,原有,2,1,1,1,2,2,0,114,120,123,124,2024-03-15,50,3,4.268765688728772,75,0.46551483605836763,-0.030967931460001652,2,0,0,0,2,2,0,2,0,0.04699484619561721,8.600000381469727
MUX,bb_v1@114-124#bo:bo_120#0|burst:burst_114_121#0|tb:tb_123_124#0,tb_123_124#0,bo_120#0,burst_114_121#0,原有,2,0,1,1,3,2,1,114,121,123,124,2024-03-15,50,4,4.268765688728772,100,0.46551483605836763,-0.030967931460001652,2,0,0,0,2,2,0,2,0,0.04699484619561721,8.600000381469727
MUX,bb_v1@114-124#bo:bo_121#0|burst:burst_114_121#0|tb:tb_123_124#1,tb_123_124#1,bo_121#0,burst_114_121#0,原有,1,1,1,1,3,3,0,114,121,123,124,2024-03-15,50,4,4.268765688728772,100,0.46551483605836763,-0.030967931460001652,2,0,0,0,2,2,0,2,0,0.04699484619561721,8.600000381469727
OKLO,bb_v1@263-278#bo:bo_270#0|burst:burst_263_270#0|tb:tb_278#0,tb_278#0,bo_270#0,burst_263_270#0,原有,3,1,1,1,2,2,0,263,270,278,278,2024-10-25,102,3,11.37629760224984,78,0.47148089697083906,-0.10308744938689374,0,0,0,1,1,0,0,0,0,0.12001393120227646,19.110000610351562
OKLO,bb_v1@263-278#bo:bo_270#0|burst:burst_263_271#0|tb:tb_278#0,tb_278#0,bo_270#0,burst_263_271#0,原有,3,0,1,1,3,2,1,263,271,278,278,2024-10-25,102,4,14.47549685656784,98,0.47148089697083906,-0.10308744938689374,0,0,0,1,1,0,0,0,0,0.12001393120227646,19.110000610351562
OKLO,bb_v1@263-278#bo:bo_270#0|burst:burst_263_274#0|tb:tb_278#0,tb_278#0,bo_270#0,burst_263_274#0,原有,3,0,1,1,4,2,4,263,274,278,278,2024-10-25,102,5,14.47549685656784,113,0.47148089697083906,-0.10308744938689374,0,0,0,1,1,0,0,0,0,0.12001393120227646,19.110000610351562
OKLO,bb_v1@263-278#bo:bo_271#0|burst:burst_263_271#0|tb:tb_278#1,tb_278#1,bo_271#0,burst_263_271#0,原有,2,1,1,1,3,3,0,263,271,278,278,2024-10-25,102,4,14.47549685656784,98,0.47148089697083906,-0.10308744938689374,0,0,0,1,1,0,0,0,0,0.12001393120227646,19.110000610351562
OKLO,bb_v1@263-278#bo:bo_271#0|burst:burst_263_274#0|tb:tb_278#1,tb_278#1,bo_271#0,burst_263_274#0,原有,2,0,1,1,4,3,3,263,274,278,278,2024-10-25,102,5,14.47549685656784,113,0.47148089697083906,-0.10308744938689374,0,0,0,1,1,0,0,0,0,0.12001393120227646,19.110000610351562
OKLO,bb_v1@263-278#bo:bo_274#0|burst:burst_263_274#0|tb:tb_278#2,tb_278#2,bo_274#0,burst_263_274#0,原有,1,1,1,1,4,4,0,263,274,278,278,2024-10-25,102,5,14.47549685656784,113,0.47148089697083906,-0.10308744938689374,0,0,0,1,1,0,0,0,0,0.12001393120227646,19.110000610351562
ONCY,bb_v1@263-266#bo:bo_263#0|burst:burst_263_264#0|tb:tb_266#0,tb_266#0,bo_263#0,burst_263_264#0,新增,1,1,1,0,2,1,1,263,264,266,266,2024-10-09,243,4,20.579661472326706,176,0.04580157603787627,-0.34351141078649383,0,1,0,0,1,0,1,0,1,0.052357469535637656,1.309999942779541
ONCY,bb_v1@263-266#bo:bo_264#0|burst:burst_263_264#0|tb:tb_266#1,tb_266#1,bo_264#0,burst_263_264#0,原有,1,1,1,1,2,2,0,263,264,266,266,2024-10-09,243,4,20.579661472326706,176,0.04580157603787627,-0.34351141078649383,0,1,0,0,1,0,1,0,1,0.052357469535637656,1.309999942779541
ONDS,bb_v1@312-322#bo:bo_318#0|burst:burst_312_318#0|tb:tb_322#0,tb_322#0,bo_318#0,burst_312_318#0,原有,2,1,1,1,4,4,0,312,318,322,322,2024-12-30,67,5,9.666243445185229,215,0.21863804367554973,-0.6716845802482767,0,1,0,0,1,0,1,0,1,0.2280536693455388,2.7899999618530273
ONDS,bb_v1@312-322#bo:bo_318#0|burst:burst_312_319#0|tb:tb_322#0,tb_322#0,bo_318#0,burst_312_319#0,原有,2,0,1,1,5,4,1,312,319,322,322,2024-12-30,67,6,9.666243445185229,247,0.21863804367554973,-0.6716845802482767,0,1,0,0,1,0,1,0,1,0.2280536693455388,2.7899999618530273
ONDS,bb_v1@312-322#bo:bo_319#0|burst:burst_312_319#0|tb:tb_322#1,tb_322#1,bo_319#0,burst_312_319#0,原有,1,1,1,1,5,5,0,312,319,322,322,2024-12-30,67,6,9.666243445185229,247,0.21863804367554973,-0.6716845802482767,0,1,0,0,1,0,1,0,1,0.2280536693455388,2.7899999618530273
NRGV,bb_v1@270-279#bo:bo_273#0|burst:burst_270_273#0|tb:tb_279#0,tb_279#0,bo_273#0,burst_270_273#0,原有,1,1,1,1,2,2,0,270,273,279,279,2024-10-28,64,3,4.422388004579532,115,0.3313953045125013,-0.19186048687568125,0,0,0,1,1,0,0,0,0,0.087556242997335,1.7200000286102295
OUST,bb_v1@131-141#bo:bo_131#0|burst:burst_131_133#0|tb:tb_141#0,tb_141#0,bo_131#0,burst_131_133#0,新增,1,1,1,0,2,1,2,131,133,141,141,2024-04-11,79,3,13.283324747734918,64,0.6670588325051701,-0.19411765827852134,1,0,0,0,1,1,0,1,0,0.08493887366455669,8.5
OUST,bb_v1@131-141#bo:bo_133#0|burst:burst_131_133#0|tb:tb_141#1,tb_141#1,bo_133#0,burst_131_133#0,原有,1,1,1,1,2,2,0,131,133,141,141,2024-04-11,79,3,13.283324747734918,64,0.6670588325051701,-0.19411765827852134,1,0,0,0,1,1,0,1,0,0.08493887366455669,8.5
OXBR,bb_v1@159-167#bo:bo_159#0|burst:burst_159_167#0|tb:tb_162_164#0,tb_162_164#0,bo_159#0,burst_159_167#0,新增,1,1,1,0,3,1,8,159,167,162,164,2024-05-10,139,4,22.951026287360463,157,1.1120064251151733,0.013500646339106082,3,0,0,0,3,3,0,3,0,0.0675173052505605,1.3300000429153442
OXBR,bb_v1@159-167#bo:bo_160#0|burst:burst_159_167#0|tb:tb_162_164#1,tb_162_164#1,bo_160#0,burst_159_167#0,新增,1,1,1,0,3,2,7,159,167,162,164,2024-05-10,139,4,22.951026287360463,157,1.1120064251151733,0.013500646339106082,3,0,0,0,3,3,0,3,0,0.0675173052505605,1.3300000429153442
OXBR,bb_v1@159-169#bo:bo_167#0|burst:burst_159_167#0|tb:tb_169#0,tb_169#0,bo_167#0,burst_159_167#0,原有,1,1,1,1,3,3,0,159,167,169,169,2024-05-21,139,4,22.951026287360463,157,0.5117370214111066,-0.07981223810336124,1,0,0,0,1,1,0,0,0,0.08716243062655873,2.130000114440918
PASG,bb_v1@300-313#bo:bo_302#0|burst:burst_300_302#0|tb:tb_307_313#0,tb_307_313#0,bo_302#0,burst_300_302#0,原有,1,1,1,1,2,2,0,300,302,307,313,2024-12-06,141,4,55.95313928811746,67,0.3130464699344637,-0.31684783610870904,0,0,0,7,7,0,0,0,0,0.16332713431908136,15.5
NXGL,bb_v1@210-217#bo:bo_210#0|burst:burst_210_214#0|tb:tb_216_217#0,tb_216_217#0,bo_210#0,burst_210_214#0,新增,2,1,1,0,3,1,4,210,214,216,217,2024-07-30,96,3,15.734362934362935,85,-0.0015424380763301992,-0.2858954350037701,0,0,0,2,2,0,2,0,0,0.09157958936517784,3.190000057220459
NXGL,bb_v1@210-217#bo:bo_210#0|burst:burst_210_216#0|tb:tb_216_217#0,tb_216_217#0,bo_210#0,burst_210_216#0,新增,2,0,1,0,4,1,6,210,216,216,217,2024-07-30,96,4,15.734362934362935,100,-0.0015424380763301992,-0.2858954350037701,0,0,0,2,2,0,2,0,0,0.09157958936517784,3.190000057220459
NXGL,bb_v1@210-217#bo:bo_211#0|burst:burst_210_214#0|tb:tb_216_217#1,tb_216_217#1,bo_211#0,burst_210_214#0,新增,2,1,1,0,3,2,3,210,214,216,217,2024-07-30,96,3,15.734362934362935,85,-0.0015424380763301992,-0.2858954350037701,0,0,0,2,2,0,2,0,0,0.09157958936517784,3.190000057220459
NXGL,bb_v1@210-217#bo:bo_211#0|burst:burst_210_216#0|tb:tb_216_217#1,tb_216_217#1,bo_211#0,burst_210_216#0,新增,2,0,1,0,4,2,5,210,216,216,217,2024-07-30,96,4,15.734362934362935,100,-0.0015424380763301992,-0.2858954350037701,0,0,0,2,2,0,2,0,0,0.09157958936517784,3.190000057220459
NXGL,bb_v1@210-217#bo:bo_214#0|burst:burst_210_214#0|tb:tb_216_217#2,tb_216_217#2,bo_214#0,burst_210_214#0,原有,2,1,1,1,3,3,0,210,214,216,217,2024-07-30,96,3,15.734362934362935,85,-0.0015424380763301992,-0.2858954350037701,0,0,0,2,2,0,2,0,0,0.09157958936517784,3.190000057220459
NXGL,bb_v1@210-217#bo:bo_214#0|burst:burst_210_216#0|tb:tb_216_217#2,tb_216_217#2,bo_214#0,burst_210_216#0,原有,2,0,1,1,4,3,2,210,216,216,217,2024-07-30,96,4,15.734362934362935,100,-0.0015424380763301992,-0.2858954350037701,0,0,0,2,2,0,2,0,0,0.09157958936517784,3.190000057220459
NXGL,bb_v1@210-229#bo:bo_216#0|burst:burst_210_216#0|tb:tb_221_229#0,tb_221_229#0,bo_216#0,burst_210_216#0,原有,1,1,1,1,4,4,0,210,216,221,229,2024-08-06,96,4,15.734362934362935,100,0.10815815794396319,-0.12615511374837507,0,0,0,9,9,0,0,0,0,0.10397545811926467,2.6600000858306885
NVX,bb_v1@104-109#bo:bo_107#0|burst:burst_104_107#0|tb:tb_109#0,tb_109#0,bo_107#0,burst_104_107#0,原有,2,1,1,1,2,2,0,104,107,109,109,2024-02-26,84,3,12.195251396648043,99,0.3025209057020506,-0.1941176930218692,0,0,0,1,1,0,0,0,0,0.09024364299314916,2.380000114440918
NVX,bb_v1@104-113#bo:bo_107#0|burst:burst_104_113#0|tb:tb_109#0,tb_109#0,bo_107#0,burst_104_113#0,原有,2,0,1,1,3,2,6,104,113,109,109,2024-02-26,84,4,12.195251396648043,99,0.3025209057020506,-0.1941176930218692,0,0,0,1,1,0,0,0,0,0.09024364299314916,2.380000114440918
NVX,bb_v1@104-118#bo:bo_113#0|burst:burst_104_113#0|tb:tb_116_118#0,tb_116_118#0,bo_113#0,burst_104_113#0,原有,1,1,1,1,3,3,0,104,113,116,118,2024-03-06,84,4,12.195251396648043,99,0.2068524100551674,-0.2533087183939206,0,0,0,3,3,0,1,0,0,0.08929264616524762,2.549999952316284
NVX,bb_v1@258-280#bo:bo_266#0|burst:burst_258_266#0|tb:tb_273_280#0,tb_273_280#0,bo_266#0,burst_258_266#0,原有,2,1,1,1,2,2,0,258,266,273,280,2024-10-18,117,3,5.349027024336833,74,0.30288595882247515,-0.2811119990631411,0,7,0,1,8,6,2,0,2,0.07313043461512408,2.0399999618530273
NVX,bb_v1@258-280#bo:bo_266#0|burst:burst_258_267#0|tb:tb_273_280#0,tb_273_280#0,bo_266#0,burst_258_267#0,原有,2,0,1,1,3,2,1,258,267,273,280,2024-10-18,117,3,5.870527634693024,75,0.30288595882247515,-0.2811119990631411,0,7,0,1,8,6,2,0,2,0.07313043461512408,2.0399999618530273
NVX,bb_v1@258-280#bo:bo_267#0|burst:burst_258_267#0|tb:tb_273_280#1,tb_273_280#1,bo_267#0,burst_258_267#0,原有,1,1,1,1,3,3,0,258,267,273,280,2024-10-18,117,3,5.870527634693024,75,0.30288595882247515,-0.2811119990631411,0,7,0,1,8,6,2,0,2,0.07313043461512408,2.0399999618530273
OSTX,bb_v1@92-99#bo:bo_96#0|burst:burst_92_96#0|tb:tb_99#0,tb_99#0,bo_96#0,burst_92_96#0,原有,1,1,1,1,3,3,0,92,96,99,99,2024-12-20,72,3,14.792647058823528,79,0.7632241686533381,-0.5717884041731779,0,1,0,0,1,1,0,0,1,0.1551734959667369,3.9700000286102295
OPRA,bb_v1@113-122#bo:bo_117#0|burst:burst_113_117#0|tb:tb_120_122#0,tb_120_122#0,bo_117#0,burst_113_117#0,原有,1,1,1,1,2,2,0,113,117,120,122,2024-03-12,93,3,5.014452196502861,111,0.04304264746816785,-0.23956624946029337,0,0,0,3,3,0,2,0,0,0.06971322998770205,14.520153045654297
OPRA,bb_v1@278-293#bo:bo_278#0|burst:burst_278_280#0|tb:tb_286_293#0,tb_286_293#0,bo_278#0,burst_278_280#0,新增,1,1,1,0,3,1,2,278,280,286,293,2024-11-06,45,3,6.240498536717045,159,0.1414885939419552,-0.03775779544464265,1,0,0,7,8,1,0,0,0,0.03450801169489166,15.986679077148438
OPRA,bb_v1@278-293#bo:bo_279#0|burst:burst_278_280#0|tb:tb_286_293#1,tb_286_293#1,bo_279#0,burst_278_280#0,新增,1,1,1,0,3,2,1,278,280,286,293,2024-11-06,45,3,6.240498536717045,159,0.1414885939419552,-0.03775779544464265,1,0,0,7,8,1,0,0,0,0.03450801169489166,15.986679077148438
OPRA,bb_v1@278-293#bo:bo_280#0|burst:burst_278_280#0|tb:tb_286_293#2,tb_286_293#2,bo_280#0,burst_278_280#0,原有,1,1,1,1,3,3,0,278,280,286,293,2024-11-06,45,3,6.240498536717045,159,0.1414885939419552,-0.03775779544464265,1,0,0,7,8,1,0,0,0,0.03450801169489166,15.986679077148438
PRFX,bb_v1@295-304#bo:bo_297#0|burst:burst_295_297#0|tb:tb_301_304#0,tb_301_304#0,bo_297#0,burst_295_297#0,原有,1,1,1,1,2,2,0,295,297,301,304,2024-11-27,182,3,473.4230161908477,66,4.781758396987574,-0.24903198262943546,4,0,0,0,4,4,0,4,0,0.15376896492807468,13.75
PPTA,bb_v1@115-121#bo:bo_117#0|burst:burst_115_121#0|tb:tb_119_120#0,tb_119_120#0,bo_117#0,burst_115_121#0,新增,1,1,1,0,3,2,4,115,121,119,120,2024-03-11,54,3,5.131655741171495,107,0.7859589662802936,-0.030640528997817607,2,0,0,0,2,2,0,2,0,0.0533017761152289,3.809999942779541
PPTA,bb_v1@115-123#bo:bo_121#0|burst:burst_115_121#0|tb:tb_123#0,tb_123#0,bo_121#0,burst_115_121#0,原有,1,1,1,1,3,3,0,115,121,123,123,2024-03-15,54,3,5.131655741171495,107,0.7274999618530273,-0.05449998378753662,1,0,0,0,1,1,0,1,0,0.05831600069124696,4.0
PAY,bb_v1@271-273#bo:bo_271#0|burst:burst_271#0|tb:tb_273#0,tb_273#0,bo_271#0,burst_271#0,原有,1,1,1,1,1,1,0,271,271,273,273,2024-10-18,46,3,3.927636744307773,150,0.4617116936511636,-0.107732695106591,1,0,0,0,1,1,0,1,0,0.038323325968981456,26.639999389648438
PLAG,bb_v1@268-280#bo:bo_272#0|burst:burst_268_276#0|tb:tb_275_280#0,tb_275_280#0,bo_272#0,burst_268_276#0,新增,1,1,1,0,3,2,4,268,276,275,280,2024-10-22,248,3,14.291330810988649,98,1.1173038305759608,-0.501359621685028,0,6,0,0,6,0,6,0,6,0.08826255145139074,2.5899999141693115
PLAG,bb_v1@268-280#bo:bo_276#0|burst:burst_268_276#0|tb:tb_278_280#0,tb_278_280#0,bo_276#0,burst_268_276#0,原有,1,1,1,1,3,3,0,268,276,278,280,2024-10-25,248,3,14.291330810988649,98,1.1125427293854462,-0.5024808954788738,0,3,0,0,3,0,3,0,3,0.10418358907833951,2.640000104904175
PLBY,bb_v1@274-288#bo:bo_282#0|burst:burst_274_283#0|tb:tb_288#0,tb_288#0,bo_282#0,burst_274_283#0,新增,1,1,1,0,3,2,1,274,283,288,288,2024-11-08,213,3,387.46163452936645,145,0.7610619627735762,-0.245132753258818,1,0,0,0,1,1,0,1,0,0.08969697871702995,1.1299999952316284
PLBY,bb_v1@274-288#bo:bo_283#0|burst:burst_274_283#0|tb:tb_288#1,tb_288#1,bo_283#0,burst_274_283#0,原有,1,1,1,1,3,3,0,274,283,288,288,2024-11-08,213,3,387.46163452936645,145,0.7610619627735762,-0.245132753258818,1,0,0,0,1,1,0,1,0,0.08969697871702995,1.1299999952316284
PLCE,bb_v1@246-259#bo:bo_246#0|burst:burst_246_250#0|tb:tb_254_259#0,tb_254_259#0,bo_246#0,burst_246_250#0,新增,1,1,1,0,3,1,4,246,250,254,259,2024-09-23,78,3,131.2813974885417,82,0.06960624715351166,-0.3754310750893351,0,2,0,4,6,0,5,0,1,0.09774063108681737,17.579999923706055
PLCE,bb_v1@246-259#bo:bo_247#0|burst:burst_246_250#0|tb:tb_254_259#1,tb_254_259#1,bo_247#0,burst_246_250#0,新增,1,1,1,0,3,2,3,246,250,254,259,2024-09-23,78,3,131.2813974885417,82,0.06960624715351166,-0.3754310750893351,0,2,0,4,6,0,5,0,1,0.09774063108681737,17.579999923706055
PLCE,bb_v1@246-259#bo:bo_250#0|burst:burst_246_250#0|tb:tb_254_259#2,tb_254_259#2,bo_250#0,burst_246_250#0,原有,1,1,1,1,3,3,0,246,250,254,259,2024-09-23,78,3,131.2813974885417,82,0.06960624715351166,-0.3754310750893351,0,2,0,4,6,0,5,0,1,0.09774063108681737,17.579999923706055
PULM,bb_v1@291-300#bo:bo_291#0|burst:burst_291#0|tb:tb_296_300#0,tb_296_300#0,bo_291#0,burst_291#0,原有,1,1,1,1,1,1,0,291,291,296,300,2024-11-20,65,3,316.0186567164179,73,0.3344080346073619,-0.10243104997861507,1,0,0,4,5,2,0,1,0,0.059938157030940714,5.619999885559082
PHAT,bb_v1@104-110#bo:bo_104#0|burst:burst_104_107#0|tb:tb_110#0,tb_110#0,bo_104#0,burst_104_107#0,新增,1,1,1,0,3,1,3,104,107,110,110,2024-02-27,84,3,9.063828031295046,75,0.2088670856068835,-0.256157588720372,0,0,0,1,1,0,1,0,0,0.07854583311337834,10.149999618530273
PHAT,bb_v1@104-110#bo:bo_105#0|burst:burst_104_107#0|tb:tb_110#1,tb_110#1,bo_105#0,burst_104_107#0,新增,1,1,1,0,3,2,2,104,107,110,110,2024-02-27,84,3,9.063828031295046,75,0.2088670856068835,-0.256157588720372,0,0,0,1,1,0,1,0,0,0.07854583311337834,10.149999618530273
PHAT,bb_v1@104-110#bo:bo_107#0|burst:burst_104_107#0|tb:tb_110#2,tb_110#2,bo_107#0,burst_104_107#0,原有,1,1,1,1,3,3,0,104,107,110,110,2024-02-27,84,3,9.063828031295046,75,0.2088670856068835,-0.256157588720372,0,0,0,1,1,0,1,0,0,0.07854583311337834,10.149999618530273
PLSE,bb_v1@168-180#bo:bo_168#0|burst:burst_168_178#0|tb:tb_180#0,tb_180#0,bo_168#0,burst_168_178#0,新增,1,1,1,0,3,1,10,168,178,180,180,2024-06-06,58,3,4.773350372815284,111,0.4051563848839377,-0.3331041761165333,0,0,0,1,1,0,1,0,0,0.10935089737329466,14.545000076293945
PLSE,bb_v1@168-180#bo:bo_170#0|burst:burst_168_178#0|tb:tb_180#1,tb_180#1,bo_170#0,burst_168_178#0,新增,1,1,1,0,3,2,8,168,178,180,180,2024-06-06,58,3,4.773350372815284,111,0.4051563848839377,-0.3331041761165333,0,0,0,1,1,0,1,0,0,0.10935089737329466,14.545000076293945
PLSE,bb_v1@168-180#bo:bo_178#0|burst:burst_168_178#0|tb:tb_180#2,tb_180#2,bo_178#0,burst_168_178#0,原有,1,1,1,1,3,3,0,168,178,180,180,2024-06-06,58,3,4.773350372815284,111,0.4051563848839377,-0.3331041761165333,0,0,0,1,1,0,1,0,0,0.10935089737329466,14.545000076293945
POET,bb_v1@196-202#bo:bo_196#0|burst:burst_196_199#0|tb:tb_202#0,tb_202#0,bo_196#0,burst_196_199#0,新增,2,1,1,0,2,1,3,196,199,202,202,2024-07-10,47,3,13.047979678251133,185,0.2776025530793451,-0.28391169517561143,0,0,0,1,1,0,1,0,0,0.08040807290305602,3.1700000762939453
POET,bb_v1@196-206#bo:bo_196#0|burst:burst_196_206#0|tb:tb_202#0,tb_202#0,bo_196#0,burst_196_206#0,新增,2,0,1,0,3,1,10,196,206,202,202,2024-07-10,47,3,13.047979678251133,192,0.2776025530793451,-0.28391169517561143,0,0,0,1,1,0,1,0,0,0.08040807290305602,3.1700000762939453
POET,bb_v1@196-202#bo:bo_199#0|burst:burst_196_199#0|tb:tb_202#1,tb_202#1,bo_199#0,burst_196_199#0,原有,2,1,1,1,2,2,0,196,199,202,202,2024-07-10,47,3,13.047979678251133,185,0.2776025530793451,-0.28391169517561143,0,0,0,1,1,0,1,0,0,0.08040807290305602,3.1700000762939453
POET,bb_v1@196-206#bo:bo_199#0|burst:burst_196_206#0|tb:tb_202#1,tb_202#1,bo_199#0,burst_196_206#0,原有,2,0,1,1,3,2,7,196,206,202,202,2024-07-10,47,3,13.047979678251133,192,0.2776025530793451,-0.28391169517561143,0,0,0,1,1,0,1,0,0,0.08040807290305602,3.1700000762939453
POET,bb_v1@196-211#bo:bo_206#0|burst:burst_196_206#0|tb:tb_210_211#0,tb_210_211#0,bo_206#0,burst_196_206#0,原有,1,1,1,1,3,3,0,196,206,210,211,2024-07-22,47,3,13.047979678251133,192,0.127491447857917,-0.2770040698552585,0,0,0,2,2,0,0,0,0,0.15004234024614904,3.1700000762939453
RCON,bb_v1@216-225#bo:bo_221#0|burst:burst_216_221#0|tb:tb_225#0,tb_225#0,bo_221#0,burst_216_221#0,原有,1,1,1,1,3,3,0,216,221,225,225,2024-08-12,160,3,34.61524495507456,62,0.4913793697014166,-0.2241379292626443,0,0,0,1,1,1,0,0,0,0.10499097463547136,2.319999933242798
REAL,bb_v1@285-291#bo:bo_285#0|burst:burst_285_291#0|tb:tb_288_290#0,tb_288_290#0,bo_285#0,burst_285_291#0,新增,2,1,1,0,2,1,6,285,291,288,290,2024-11-08,127,4,3.9559154022765095,83,2.019930404091955,-0.00800216880852996,3,0,0,0,3,3,0,3,0,0.054253689416454726,3.759999990463257
REAL,bb_v1@285-298#bo:bo_285#0|burst:burst_285_298#0|tb:tb_288_290#0,tb_288_290#0,bo_285#0,burst_285_298#0,新增,2,0,1,0,3,1,13,285,298,288,290,2024-11-08,127,6,3.9559154022765095,133,2.019930404091955,-0.00800216880852996,3,0,0,0,3,3,0,3,0,0.054253689416454726,3.759999990463257
REAL,bb_v1@285-294#bo:bo_291#0|burst:burst_285_291#0|tb:tb_293_294#0,tb_293_294#0,bo_291#0,burst_285_291#0,原有,2,1,1,1,2,2,0,285,291,293,294,2024-11-15,127,4,3.9559154022765095,83,1.8437676891865022,-0.027119886756164835,2,0,0,0,2,2,0,2,0,0.05200390763648434,3.990000009536743
REAL,bb_v1@285-298#bo:bo_291#0|burst:burst_285_298#0|tb:tb_293_294#0,tb_293_294#0,bo_291#0,burst_285_298#0,原有,2,0,1,1,3,2,7,285,298,293,294,2024-11-15,127,6,3.9559154022765095,133,1.8437676891865022,-0.027119886756164835,2,0,0,0,2,2,0,2,0,0.05200390763648434,3.990000009536743
REAL,bb_v1@285-306#bo:bo_298#0|burst:burst_285_298#0|tb:tb_305_306#0,tb_305_306#0,bo_298#0,burst_285_298#0,原有,1,1,1,1,3,3,0,285,298,305,306,2024-12-04,127,6,3.9559154022765095,133,0.8541268163642314,-0.00402520251372096,2,0,0,0,2,2,0,2,0,0.059957123612539,6.150000095367432
REEAF,bb_v1@249-257#bo:bo_249#0|burst:burst_249_250#0|tb:tb_254_257#0,tb_254_257#0,bo_249#0,burst_249_250#0,新增,3,1,1,0,2,1,1,249,250,254,257,2024-09-23,85,3,527.739737129925,81,0.4085181617926948,-0.033920199152674135,1,0,0,3,4,4,0,0,0,0.08996179735715713,6.090000152587891
REEAF,bb_v1@249-257#bo:bo_249#0|burst:burst_249_257#0|tb:tb_254_257#0,tb_254_257#0,bo_249#0,burst_249_257#0,新增,3,0,1,0,3,1,8,249,257,254,257,2024-09-23,85,4,527.739737129925,126,0.4085181617926948,-0.033920199152674135,1,0,0,3,4,4,0,0,0,0.08996179735715713,6.090000152587891
REEAF,bb_v1@249-258#bo:bo_249#0|burst:burst_249_258#0|tb:tb_254_257#0,tb_254_257#0,bo_249#0,burst_249_258#0,新增,3,0,1,0,4,1,9,249,258,254,257,2024-09-23,85,5,527.739737129925,126,0.4085181617926948,-0.033920199152674135,1,0,0,3,4,4,0,0,0,0.08996179735715713,6.090000152587891
REEAF,bb_v1@249-257#bo:bo_250#0|burst:burst_249_250#0|tb:tb_254_257#1,tb_254_257#1,bo_250#0,burst_249_250#0,原有,3,1,1,1,2,2,0,249,250,254,257,2024-09-23,85,3,527.739737129925,81,0.4085181617926948,-0.033920199152674135,1,0,0,3,4,4,0,0,0,0.08996179735715713,6.090000152587891
REEAF,bb_v1@249-257#bo:bo_250#0|burst:burst_249_257#0|tb:tb_254_257#1,tb_254_257#1,bo_250#0,burst_249_257#0,原有,3,0,1,1,3,2,7,249,257,254,257,2024-09-23,85,4,527.739737129925,126,0.4085181617926948,-0.033920199152674135,1,0,0,3,4,4,0,0,0,0.08996179735715713,6.090000152587891
REEAF,bb_v1@249-258#bo:bo_250#0|burst:burst_249_258#0|tb:tb_254_257#1,tb_254_257#1,bo_250#0,burst_249_258#0,原有,3,0,1,1,4,2,8,249,258,254,257,2024-09-23,85,5,527.739737129925,126,0.4085181617926948,-0.033920199152674135,1,0,0,3,4,4,0,0,0,0.08996179735715713,6.090000152587891
REEAF,bb_v1@249-264#bo:bo_257#0|burst:burst_249_257#0|tb:tb_260_264#0,tb_260_264#0,bo_257#0,burst_249_257#0,原有,2,1,1,1,3,3,0,249,257,260,264,2024-10-01,85,4,527.739737129925,126,0.15639921217563843,-0.1895996585365488,0,0,0,5,5,0,0,0,0,0.09282611979955707,7.53000020980835
REEAF,bb_v1@249-264#bo:bo_257#0|burst:burst_249_258#0|tb:tb_260_264#0,tb_260_264#0,bo_257#0,burst_249_258#0,原有,2,0,1,1,4,3,1,249,258,260,264,2024-10-01,85,5,527.739737129925,126,0.15639921217563843,-0.1895996585365488,0,0,0,5,5,0,0,0,0,0.09282611979955707,7.53000020980835
REEAF,bb_v1@249-264#bo:bo_258#0|burst:burst_249_258#0|tb:tb_260_264#1,tb_260_264#1,bo_258#0,burst_249_258#0,原有,1,1,1,1,4,4,0,249,258,260,264,2024-10-01,85,5,527.739737129925,126,0.15639921217563843,-0.1895996585365488,0,0,0,5,5,0,0,0,0,0.09282611979955707,7.53000020980835
PRLD,bb_v1@204-213#bo:bo_204#0|burst:burst_204_206#0|tb:tb_213#0,tb_213#0,bo_204#0,burst_204_206#0,新增,1,1,1,0,2,1,2,204,206,213,213,2024-07-25,63,3,5.511543134872418,63,0.13522545084596804,-0.5993321891363914,0,1,0,0,1,0,1,0,1,0.11335659955214303,5.989999771118164
PRLD,bb_v1@204-213#bo:bo_206#0|burst:burst_204_206#0|tb:tb_213#1,tb_213#1,bo_206#0,burst_204_206#0,原有,1,1,1,1,2,2,0,204,206,213,213,2024-07-25,63,3,5.511543134872418,63,0.13522545084596804,-0.5993321891363914,0,1,0,0,1,0,1,0,1,0.11335659955214303,5.989999771118164
RAVE,bb_v1@260-269#bo:bo_260#0|burst:burst_260_269#0|tb:tb_265_267#0,tb_265_267#0,bo_260#0,burst_260_269#0,新增,1,1,1,0,4,1,9,260,269,265,267,2024-10-08,225,3,4.706324110671937,227,0.34365414469880523,-0.03758039316702455,3,0,0,0,3,3,0,3,0,0.04434486489082606,2.490000009536743
RAVE,bb_v1@260-269#bo:bo_262#0|burst:burst_260_269#0|tb:tb_265_267#1,tb_265_267#1,bo_262#0,burst_260_269#0,新增,1,1,1,0,4,2,7,260,269,265,267,2024-10-08,225,3,4.706324110671937,227,0.34365414469880523,-0.03758039316702455,3,0,0,0,3,3,0,3,0,0.04434486489082606,2.490000009536743
RAVE,bb_v1@260-269#bo:bo_263#0|burst:burst_260_269#0|tb:tb_265_267#2,tb_265_267#2,bo_263#0,burst_260_269#0,新增,1,1,1,0,4,3,6,260,269,265,267,2024-10-08,225,3,4.706324110671937,227,0.34365414469880523,-0.03758039316702455,3,0,0,0,3,3,0,3,0,0.04434486489082606,2.490000009536743
RAVE,bb_v1@260-284#bo:bo_269#0|burst:burst_260_269#0|tb:tb_275_284#0,tb_275_284#0,bo_269#0,burst_260_269#0,原有,1,1,1,1,4,4,0,260,269,275,284,2024-10-22,225,3,4.706324110671937,227,0.16741959560935457,-0.11367745511162905,0,0,0,10,10,0,0,0,0,0.06708231340923022,2.990000009536743
RGBP,bb_v1@171-177#bo:bo_171#0|burst:burst_171_177#0|tb:tb_174_176#0,tb_174_176#0,bo_171#0,burst_171_177#0,新增,1,1,1,0,3,1,6,171,177,174,176,2024-05-29,151,4,3.4863153743020736,86,0.19506175727710526,-0.7411098025051258,0,3,0,0,3,0,3,0,3,0.1728951128531156,0.5062500238418579
RGBP,bb_v1@171-177#bo:bo_172#0|burst:burst_171_177#0|tb:tb_174_176#1,tb_174_176#1,bo_172#0,burst_171_177#0,新增,1,1,1,0,3,2,5,171,177,174,176,2024-05-29,151,4,3.4863153743020736,86,0.19506175727710526,-0.7411098025051258,0,3,0,0,3,0,3,0,3,0.1728951128531156,0.5062500238418579
RILYP,bb_v1@149-153#bo:bo_149#0|burst:burst_149_153#0|tb:tb_152#0,tb_152#0,bo_149#0,burst_149_153#0,新增,2,1,1,0,4,1,4,149,153,152,152,2024-04-26,129,4,3.2421654537353337,119,0.12644309522344188,-0.0654205653433757,1,0,0,0,1,1,0,0,0,0.02471767170830998,16.952375411987305
RILYP,bb_v1@149-156#bo:bo_149#0|burst:burst_149_156#0|tb:tb_152#0,tb_152#0,bo_149#0,burst_149_156#0,新增,2,0,1,0,5,1,7,149,156,152,152,2024-04-26,129,4,3.2421654537353337,122,0.12644309522344188,-0.0654205653433757,1,0,0,0,1,1,0,0,0,0.02471767170830998,16.952375411987305
RILYP,bb_v1@149-153#bo:bo_150#0|burst:burst_149_153#0|tb:tb_152#1,tb_152#1,bo_150#0,burst_149_153#0,新增,2,1,1,0,4,2,3,149,153,152,152,2024-04-26,129,4,3.2421654537353337,119,0.12644309522344188,-0.0654205653433757,1,0,0,0,1,1,0,0,0,0.02471767170830998,16.952375411987305
RILYP,bb_v1@149-156#bo:bo_150#0|burst:burst_149_156#0|tb:tb_152#1,tb_152#1,bo_150#0,burst_149_156#0,新增,2,0,1,0,5,2,6,149,156,152,152,2024-04-26,129,4,3.2421654537353337,122,0.12644309522344188,-0.0654205653433757,1,0,0,0,1,1,0,0,0,0.02471767170830998,16.952375411987305
RILYP,bb_v1@149-155#bo:bo_152#0|burst:burst_149_153#0|tb:tb_155#0,tb_155#0,bo_152#0,burst_149_153#0,新增,2,1,1,0,4,3,1,149,153,155,155,2024-05-01,129,4,3.2421654537353337,119,0.06441558772935174,-0.11688311425756415,0,0,0,1,1,0,1,0,0,0.02866836827975077,17.94025421142578
RILYP,bb_v1@149-156#bo:bo_152#0|burst:burst_149_156#0|tb:tb_155#0,tb_155#0,bo_152#0,burst_149_156#0,新增,2,0,1,0,5,3,4,149,156,155,155,2024-05-01,129,4,3.2421654537353337,122,0.06441558772935174,-0.11688311425756415,0,0,0,1,1,0,1,0,0,0.02866836827975077,17.94025421142578
RILYP,bb_v1@149-155#bo:bo_153#0|burst:burst_149_153#0|tb:tb_155#1,tb_155#1,bo_153#0,burst_149_153#0,原有,2,1,1,1,4,4,0,149,153,155,155,2024-05-01,129,4,3.2421654537353337,119,0.06441558772935174,-0.11688311425756415,0,0,0,1,1,0,1,0,0,0.02866836827975077,17.94025421142578
RILYP,bb_v1@149-156#bo:bo_153#0|burst:burst_149_156#0|tb:tb_155#1,tb_155#1,bo_153#0,burst_149_156#0,原有,2,0,1,1,5,4,3,149,156,155,155,2024-05-01,129,4,3.2421654537353337,122,0.06441558772935174,-0.11688311425756415,0,0,0,1,1,0,1,0,0,0.02866836827975077,17.94025421142578
RILYP,bb_v1@149-160#bo:bo_156#0|burst:burst_149_156#0|tb:tb_160#0,tb_160#0,bo_156#0,burst_149_156#0,原有,1,1,1,1,5,5,0,149,156,160,160,2024-05-08,129,4,3.2421654537353337,122,0.01861177752466414,-0.14486919994451675,0,1,0,0,1,0,1,0,0,0.031642681797175026,18.527389526367188
RSSS,bb_v1@295-303#bo:bo_299#0|burst:burst_295_303#0|tb:tb_302#0,tb_302#0,bo_299#0,burst_295_303#0,新增,1,1,1,0,3,2,4,295,303,302,302,2024-11-29,185,4,5.871217891019871,186,0.2219019412562735,-0.01152736643320651,1,0,0,0,1,1,0,0,0,0.0407722009627861,3.4700000286102295
RSSS,bb_v1@295-307#bo:bo_303#0|burst:burst_295_303#0|tb:tb_306_307#0,tb_306_307#0,bo_303#0,burst_295_303#0,原有,1,1,1,1,3,3,0,295,303,306,307,2024-12-05,185,4,5.871217891019871,186,0.14810413790890353,-0.038733524800195374,0,0,0,2,2,1,0,0,0,0.04252907850869206,3.609999895095825
RGTI,bb_v1@271-279#bo:bo_271#0|burst:burst_271_279#0|tb:tb_278#0,tb_278#0,bo_271#0,burst_271_279#0,新增,1,1,1,0,3,1,8,271,279,278,278,2024-10-25,66,4,3.988761865265501,121,9.4508194270489,-0.1311476082610863,1,0,0,0,1,1,0,1,0,0.07504084284348622,1.2200000286102295
RGTI,bb_v1@271-279#bo:bo_273#0|burst:burst_271_279#0|tb:tb_278#1,tb_278#1,bo_273#0,burst_271_279#0,新增,1,1,1,0,3,2,6,271,279,278,278,2024-10-25,66,4,3.988761865265501,121,9.4508194270489,-0.1311476082610863,1,0,0,0,1,1,0,1,0,0.07504084284348622,1.2200000286102295
RGTI,bb_v1@271-287#bo:bo_279#0|burst:burst_271_279#0|tb:tb_286_287#0,tb_286_287#0,bo_279#0,burst_271_279#0,原有,1,1,1,1,3,3,0,271,279,286,287,2024-11-06,66,4,3.988761865265501,121,15.414510468041833,-0.05877038437823401,2,0,0,0,2,2,0,2,0,0.11666669978035689,1.2000000476837158
PSNL,bb_v1@316-322#bo:bo_316#0|burst:burst_316_320#0|tb:tb_322#0,tb_322#0,bo_316#0,burst_316_320#0,新增,1,1,1,0,3,1,4,316,320,322,322,2024-12-30,90,3,10.642518981125898,68,0.16917927376500175,-0.34505858907154685,0,1,0,0,1,0,1,0,1,0.08456886602602504,5.96999979019165
PSNL,bb_v1@316-322#bo:bo_318#0|burst:burst_316_320#0|tb:tb_322#1,tb_322#1,bo_318#0,burst_316_320#0,新增,1,1,1,0,3,2,2,316,320,322,322,2024-12-30,90,3,10.642518981125898,68,0.16917927376500175,-0.34505858907154685,0,1,0,0,1,0,1,0,1,0.08456886602602504,5.96999979019165
PSNL,bb_v1@316-322#bo:bo_320#0|burst:burst_316_320#0|tb:tb_322#2,tb_322#2,bo_320#0,burst_316_320#0,原有,1,1,1,1,3,3,0,316,320,322,322,2024-12-30,90,3,10.642518981125898,68,0.16917927376500175,-0.34505858907154685,0,1,0,0,1,0,1,0,1,0.08456886602602504,5.96999979019165
QS,bb_v1@203-211#bo:bo_203#0|burst:burst_203#0|tb:tb_211#0,tb_211#0,bo_203#0,burst_203#0,原有,2,1,1,1,1,1,0,203,203,211,211,2024-07-23,129,3,14.83793614939603,71,-0.006211203670828613,-0.3465838379810443,0,1,0,0,1,0,1,0,1,0.052554045447246865,8.050000190734863
QS,bb_v1@203-211#bo:bo_203#0|burst:burst_203_204#0|tb:tb_211#0,tb_211#0,bo_203#0,burst_203_204#0,原有,2,0,1,1,2,1,1,203,204,211,211,2024-07-23,129,4,14.83793614939603,104,-0.006211203670828613,-0.3465838379810443,0,1,0,0,1,0,1,0,1,0.052554045447246865,8.050000190734863
QS,bb_v1@203-211#bo:bo_204#0|burst:burst_203_204#0|tb:tb_211#1,tb_211#1,bo_204#0,burst_203_204#0,原有,1,1,1,1,2,2,0,203,204,211,211,2024-07-23,129,4,14.83793614939603,104,-0.006211203670828613,-0.3465838379810443,0,1,0,0,1,0,1,0,1,0.052554045447246865,8.050000190734863
REPL,bb_v1@181-185#bo:bo_181#0|burst:burst_181_185#0|tb:tb_185#0,tb_185#0,bo_181#0,burst_181_185#0,新增,1,1,1,0,2,1,4,181,185,185,185,2024-06-13,72,3,3.5624362922936963,66,0.19661729906732472,-0.22727273643738533,0,0,0,1,1,0,0,0,0,0.09491359736809729,9.460000038146973
RKDA,bb_v1@273-284#bo:bo_277#0|burst:burst_273_277#0|tb:tb_284#0,tb_284#0,bo_277#0,burst_273_277#0,原有,1,1,1,1,2,2,0,273,277,284,284,2024-11-04,107,5,9.3515625,207,1.6334611800958547,-0.34355045765405856,1,0,0,0,1,0,1,1,0,0.12124323879854992,3.9149999618530273
RVLV,bb_v1@215-227#bo:bo_222#0|burst:burst_215_222#0|tb:tb_226_227#0,tb_226_227#0,bo_222#0,burst_215_222#0,原有,2,1,1,1,2,2,0,215,222,226,227,2024-08-13,104,3,4.196186529952946,108,0.17845484283404733,-0.0659634553951009,0,0,0,2,2,1,0,0,0,0.04554014457166644,22.3799991607666
RVLV,bb_v1@215-228#bo:bo_222#0|burst:burst_215_228#0|tb:tb_226_227#0,tb_226_227#0,bo_222#0,burst_215_228#0,原有,2,0,1,1,3,2,6,215,228,226,227,2024-08-13,104,3,4.196186529952946,114,0.17845484283404733,-0.0659634553951009,0,0,0,2,2,1,0,0,0,0.04554014457166644,22.3799991607666
RVLV,bb_v1@215-237#bo:bo_228#0|burst:burst_215_228#0|tb:tb_234_237#0,tb_234_237#0,bo_228#0,burst_215_228#0,原有,1,1,1,1,3,3,0,215,228,234,237,2024-08-23,104,3,4.196186529952946,114,0.13501745943717108,-0.11985173710578612,0,0,0,4,4,0,0,0,0,0.04554014457166644,23.989999771118164
SKIL,bb_v1@310-321#bo:bo_313#0|burst:burst_310_321#0|tb:tb_317_320#0,tb_317_320#0,bo_313#0,burst_310_321#0,新增,1,1,1,0,3,2,8,310,321,317,320,2024-12-20,52,5,8.939518592432696,304,0.782298397503544,-0.031423689591576875,4,0,0,0,4,4,0,4,0,0.06725801392152991,19.299999237060547
SATL,bb_v1@296-310#bo:bo_302#0|burst:burst_296_302#0|tb:tb_310#0,tb_310#0,bo_302#0,burst_296_302#0,原有,2,1,1,1,2,2,0,296,302,310,310,2024-12-11,182,5,11.947835738068813,142,0.2864321258850091,-0.3329145832497171,0,0,0,1,1,0,0,0,0,0.13175363103950577,3.9800000190734863
SATL,bb_v1@296-310#bo:bo_302#0|burst:burst_296_305#0|tb:tb_310#0,tb_310#0,bo_302#0,burst_296_305#0,原有,2,0,1,1,3,2,3,296,305,310,310,2024-12-11,182,7,11.947835738068813,249,0.2864321258850091,-0.3329145832497171,0,0,0,1,1,0,0,0,0,0.13175363103950577,3.9800000190734863
SATL,bb_v1@296-310#bo:bo_305#0|burst:burst_296_305#0|tb:tb_310#1,tb_310#1,bo_305#0,burst_296_305#0,原有,1,1,1,1,3,3,0,296,305,310,310,2024-12-11,182,7,11.947835738068813,249,0.2864321258850091,-0.3329145832497171,0,0,0,1,1,0,0,0,0,0.13175363103950577,3.9800000190734863
SGHT,bb_v1@134-141#bo:bo_139#0|burst:burst_134_139#0|tb:tb_141#0,tb_141#0,bo_139#0,burst_134_139#0,原有,1,1,1,1,2,2,0,134,139,141,141,2024-04-11,66,3,3.6079572192513365,69,0.21967215959630493,-0.18032785603770052,0,0,0,1,1,0,0,0,0,0.066217017502745,6.099999904632568
SFIX,bb_v1@179-184#bo:bo_179#0|burst:burst_179#0|tb:tb_182_184#0,tb_182_184#0,bo_179#0,burst_179#0,原有,1,1,1,1,1,1,0,179,179,182,184,2024-06-10,119,3,13.708533754294736,65,0.3188669866334232,-0.12131894742703368,1,0,0,2,3,3,0,0,0,0.06572071015516448,3.819999933242798
RNXT,bb_v1@296-302#bo:bo_296#0|burst:burst_296_300#0|tb:tb_300_302#0,tb_300_302#0,bo_296#0,burst_296_300#0,新增,1,1,1,0,3,1,4,296,300,300,302,2024-11-26,134,3,7.29074099627432,95,0.3048752370398209,-0.15067293298487075,0,0,0,3,3,0,0,0,0,0.09941524211381755,1.3600000143051147
RNXT,bb_v1@296-302#bo:bo_298#0|burst:burst_296_300#0|tb:tb_300_302#1,tb_300_302#1,bo_298#0,burst_296_300#0,新增,1,1,1,0,3,2,2,296,300,300,302,2024-11-26,134,3,7.29074099627432,95,0.3048752370398209,-0.15067293298487075,0,0,0,3,3,0,0,0,0,0.09941524211381755,1.3600000143051147
RNXT,bb_v1@296-302#bo:bo_300#0|burst:burst_296_300#0|tb:tb_302#0,tb_302#0,bo_300#0,burst_296_300#0,原有,1,1,1,1,3,3,0,296,300,302,302,2024-11-29,134,3,7.29074099627432,95,0.33070872645804217,-0.1338582359352748,0,0,0,1,1,0,0,0,0,0.10393687517034197,1.2699999809265137
SLDP,bb_v1@203-207#bo:bo_203#0|burst:burst_203_204#0|tb:tb_206_207#0,tb_206_207#0,bo_203#0,burst_203_204#0,新增,1,1,1,0,2,1,1,203,204,206,207,2024-07-16,71,3,4.1013454713381305,71,0.05864442374830969,-0.4684253552383812,0,2,0,0,2,0,2,0,2,0.05439306077163186,2.240000009536743
SLDP,bb_v1@203-207#bo:bo_204#0|burst:burst_203_204#0|tb:tb_206_207#1,tb_206_207#1,bo_204#0,burst_203_204#0,原有,1,1,1,1,2,2,0,203,204,206,207,2024-07-16,71,3,4.1013454713381305,71,0.05864442374830969,-0.4684253552383812,0,2,0,0,2,0,2,0,2,0.05439306077163186,2.240000009536743
SLDP,bb_v1@317-322#bo:bo_317#0|burst:burst_317_320#0|tb:tb_322#0,tb_322#0,bo_317#0,burst_317_320#0,新增,1,1,1,0,2,1,3,317,320,322,322,2024-12-30,113,3,8.08319637684116,86,0.08878495770465755,-0.4626168599138284,0,1,0,0,1,0,1,0,1,0.05358851956555839,2.140000104904175
SLDP,bb_v1@317-322#bo:bo_320#0|burst:burst_317_320#0|tb:tb_322#1,tb_322#1,bo_320#0,burst_317_320#0,原有,1,1,1,1,2,2,0,317,320,322,322,2024-12-30,113,3,8.08319637684116,86,0.08878495770465755,-0.4626168599138284,0,1,0,0,1,0,1,0,1,0.05358851956555839,2.140000104904175
SLNHP,bb_v1@171-187#bo:bo_178#0|burst:burst_171_184#0|tb:tb_184_187#0,tb_184_187#0,bo_178#0,burst_171_184#0,新增,2,1,1,0,4,2,6,171,184,184,187,2024-06-12,127,3,5.680590932246561,94,1.1453372334260752,-0.13625969353075157,4,0,0,0,4,4,0,4,0,0.1139807047714196,4.159999847412109
SLNHP,bb_v1@171-192#bo:bo_178#0|burst:burst_171_192#0|tb:tb_184_187#0,tb_184_187#0,bo_178#0,burst_171_192#0,新增,2,0,1,0,5,2,14,171,192,184,187,2024-06-12,127,5,14.606205250596659,125,1.1453372334260752,-0.13625969353075157,4,0,0,0,4,4,0,4,0,0.1139807047714196,4.159999847412109
SLNHP,bb_v1@171-187#bo:bo_181#0|burst:burst_171_184#0|tb:tb_184_187#1,tb_184_187#1,bo_181#0,burst_171_184#0,新增,2,1,1,0,4,3,3,171,184,184,187,2024-06-12,127,3,5.680590932246561,94,1.1453372334260752,-0.13625969353075157,4,0,0,0,4,4,0,4,0,0.1139807047714196,4.159999847412109
SLNHP,bb_v1@171-192#bo:bo_181#0|burst:burst_171_192#0|tb:tb_184_187#1,tb_184_187#1,bo_181#0,burst_171_192#0,新增,2,0,1,0,5,3,11,171,192,184,187,2024-06-12,127,5,14.606205250596659,125,1.1453372334260752,-0.13625969353075157,4,0,0,0,4,4,0,4,0,0.1139807047714196,4.159999847412109
SLNHP,bb_v1@171-186#bo:bo_184#0|burst:burst_171_184#0|tb:tb_186#0,tb_186#0,bo_184#0,burst_171_184#0,原有,2,1,1,1,4,4,0,171,184,186,186,2024-06-14,127,3,5.680590932246561,94,1.1589743257431047,-0.1307692251261876,1,0,0,0,1,1,0,1,0,0.11336911158166643,3.9000000953674316
SLNHP,bb_v1@171-192#bo:bo_184#0|burst:burst_171_192#0|tb:tb_186#0,tb_186#0,bo_184#0,burst_171_192#0,原有,2,0,1,1,5,4,8,171,192,186,186,2024-06-14,127,5,14.606205250596659,125,1.1589743257431047,-0.1307692251261876,1,0,0,0,1,1,0,1,0,0.11336911158166643,3.9000000953674316
SLNHP,bb_v1@171-196#bo:bo_192#0|burst:burst_171_192#0|tb:tb_195_196#0,tb_195_196#0,bo_192#0,burst_171_192#0,原有,1,1,1,1,5,5,0,171,192,195,196,2024-06-28,127,5,14.606205250596659,125,0.5917335656560806,-0.10110531849478716,2,0,0,0,2,2,0,0,0,0.11279981982263543,5.320000171661377
SLNHP,bb_v1@271-282#bo:bo_271#0|burst:burst_271_274#0|tb:tb_282#0,tb_282#0,bo_271#0,burst_271_274#0,新增,1,1,1,0,3,1,3,271,274,282,282,2024-10-31,61,3,12.387288977159882,65,-0.007407435664424145,-0.4644444430315936,0,1,0,0,1,0,1,0,1,0.13559038104295743,13.5
SLNHP,bb_v1@271-282#bo:bo_273#0|burst:burst_271_274#0|tb:tb_282#1,tb_282#1,bo_273#0,burst_271_274#0,新增,1,1,1,0,3,2,1,271,274,282,282,2024-10-31,61,3,12.387288977159882,65,-0.007407435664424145,-0.4644444430315936,0,1,0,0,1,0,1,0,1,0.13559038104295743,13.5
SLNHP,bb_v1@271-282#bo:bo_274#0|burst:burst_271_274#0|tb:tb_282#2,tb_282#2,bo_274#0,burst_271_274#0,原有,1,1,1,1,3,3,0,271,274,282,282,2024-10-31,61,3,12.387288977159882,65,-0.007407435664424145,-0.4644444430315936,0,1,0,0,1,0,1,0,1,0.13559038104295743,13.5
SLSN,bb_v1@141-149#bo:bo_141#0|burst:burst_141_149#0|tb:tb_145_147#0,tb_145_147#0,bo_141#0,burst_141_149#0,新增,1,1,1,0,3,1,8,141,149,145,147,2024-04-17,40,5,6.237345999703132,129,0.8209942803868029,0.00010741139340038804,3,0,0,0,3,3,0,3,0,0.08090061897346636,0.949999988079071
SLSN,bb_v1@141-157#bo:bo_148#0|burst:burst_141_149#0|tb:tb_156_157#0,tb_156_157#0,bo_148#0,burst_141_149#0,新增,1,1,1,0,3,2,1,141,149,156,157,2024-05-02,40,5,6.237345999703132,129,0.24828976110027612,-0.12052311133164406,0,0,0,2,2,0,0,0,0,0.08090061897346636,1.399999976158142
SLSN,bb_v1@141-157#bo:bo_149#0|burst:burst_141_149#0|tb:tb_156_157#1,tb_156_157#1,bo_149#0,burst_141_149#0,原有,1,1,1,1,3,3,0,141,149,156,157,2024-05-02,40,5,6.237345999703132,129,0.24828976110027612,-0.12052311133164406,0,0,0,2,2,0,0,0,0,0.08090061897346636,1.399999976158142
SNAL,bb_v1@263-276#bo:bo_263#0|burst:burst_263#0|tb:tb_273_276#0,tb_273_276#0,bo_263#0,burst_263#0,原有,2,1,1,1,1,1,0,263,263,273,276,2024-10-18,243,3,369.9157764995892,77,0.04159300251219206,-0.5685086150956731,0,4,0,0,4,0,4,0,4,0.12459491886874599,9.649999618530273
SNAL,bb_v1@263-276#bo:bo_263#0|burst:burst_263_264#0|tb:tb_273_276#0,tb_273_276#0,bo_263#0,burst_263_264#0,原有,2,0,1,1,2,1,1,263,264,273,276,2024-10-18,243,7,369.9157764995892,223,0.04159300251219206,-0.5685086150956731,0,4,0,0,4,0,4,0,4,0.12459491886874599,9.649999618530273
SNAL,bb_v1@263-276#bo:bo_264#0|burst:burst_263_264#0|tb:tb_273_276#1,tb_273_276#1,bo_264#0,burst_263_264#0,原有,1,1,1,1,2,2,0,263,264,273,276,2024-10-18,243,7,369.9157764995892,223,0.04159300251219206,-0.5685086150956731,0,4,0,0,4,0,4,0,4,0.12459491886874599,9.649999618530273
SGMOQ,bb_v1@213-230#bo:bo_221#0|burst:burst_213_221#0|tb:tb_223_230#0,tb_223_230#0,bo_221#0,burst_213_221#0,原有,1,1,1,1,3,3,0,213,221,223,230,2024-08-08,113,3,17.449330988138648,94,0.12137337858649114,-0.25463138328854296,0,0,0,8,8,0,0,0,0,0.20730892725058525,0.9200000166893005
SGMOQ,bb_v1@275-278#bo:bo_275#0|burst:burst_275_276#0|tb:tb_278#0,tb_278#0,bo_275#0,burst_275_276#0,新增,1,1,1,0,2,1,1,275,276,278,278,2024-10-25,54,3,4.5278083309882975,172,1.1200000445048013,0.026666641235351562,1,0,0,0,1,1,0,1,0,0.09274411852964021,1.5
SGMOQ,bb_v1@275-278#bo:bo_276#0|burst:burst_275_276#0|tb:tb_278#1,tb_278#1,bo_276#0,burst_275_276#0,原有,1,1,1,1,2,2,0,275,276,278,278,2024-10-25,54,3,4.5278083309882975,172,1.1200000445048013,0.026666641235351562,1,0,0,0,1,1,0,1,0,0.09274411852964021,1.5
SNT,bb_v1@143-148#bo:bo_143#0|burst:burst_143_144#0|tb:tb_147_148#0,tb_147_148#0,bo_143#0,burst_143_144#0,新增,1,1,1,0,2,1,1,143,144,147,148,2024-04-19,123,3,4.576899482955043,103,0.5104166563186384,-0.12409631296979523,2,0,0,0,2,2,0,2,0,0.05791112030100276,1.440000057220459
SNT,bb_v1@143-148#bo:bo_144#0|burst:burst_143_144#0|tb:tb_147_148#1,tb_147_148#1,bo_144#0,burst_143_144#0,原有,1,1,1,1,2,2,0,143,144,147,148,2024-04-19,123,3,4.576899482955043,103,0.5104166563186384,-0.12409631296979523,2,0,0,0,2,2,0,2,0,0.05791112030100276,1.440000057220459
ROMA,bb_v1@180-187#bo:bo_183#0|burst:burst_180_187#0|tb:tb_186#0,tb_186#0,bo_183#0,burst_180_187#0,新增,1,1,1,0,3,2,4,180,187,186,186,2024-10-04,160,4,4.6980740099545555,96,0.3510253436937567,-0.2521109678874043,1,0,0,0,1,1,0,0,0,0.06760205327640506,0.8289999961853027
ROMA,bb_v1@180-194#bo:bo_187#0|burst:burst_180_187#0|tb:tb_189_194#0,tb_189_194#0,bo_187#0,burst_180_187#0,原有,1,1,1,1,3,3,0,180,187,189,194,2024-10-09,160,4,4.6980740099545555,96,0.187465729218675,-0.34265289763983825,0,6,0,0,6,0,6,0,6,0.07481678598279004,0.9200000166893005
RPID,bb_v1@279-286#bo:bo_279#0|burst:burst_279#0|tb:tb_283_286#0,tb_283_286#0,bo_279#0,burst_279#0,原有,2,1,1,1,1,1,0,279,279,283,286,2024-11-01,56,3,7.031211414460145,141,0.2159297440322484,-0.21055309197356153,2,1,0,1,4,3,1,0,1,0.0427904939705894,1.100000023841858
RPID,bb_v1@279-287#bo:bo_279#0|burst:burst_279_287#0|tb:tb_283_286#0,tb_283_286#0,bo_279#0,burst_279_287#0,原有,2,0,1,1,2,1,8,279,287,283,286,2024-11-01,56,5,7.031211414460145,237,0.2159297440322484,-0.21055309197356153,2,1,0,1,4,3,1,0,1,0.0427904939705894,1.100000023841858
RPID,bb_v1@279-289#bo:bo_287#0|burst:burst_279_287#0|tb:tb_289#0,tb_289#0,bo_287#0,burst_279_287#0,原有,1,1,1,1,2,2,0,279,287,289,289,2024-11-11,56,5,7.031211414460145,237,0.023622025071121877,-0.3149606158783772,0,1,0,0,1,0,1,0,1,0.06481486080605124,1.2699999809265137
SKYH,bb_v1@308-314#bo:bo_310#0|burst:burst_308_310#0|tb:tb_313_314#0,tb_313_314#0,bo_310#0,burst_308_310#0,原有,2,1,1,1,2,2,0,308,310,313,314,2024-12-16,60,3,4.0001617697611875,146,0.008751138965442107,-0.23312565647407335,0,2,0,0,2,0,2,0,2,0.03889875147762985,13.720000267028809
SKYH,bb_v1@308-314#bo:bo_310#0|burst:burst_308_311#0|tb:tb_313_314#0,tb_313_314#0,bo_310#0,burst_308_311#0,原有,2,0,1,1,3,2,1,308,311,313,314,2024-12-16,60,5,4.0001617697611875,196,0.008751138965442107,-0.23312565647407335,0,2,0,0,2,0,2,0,2,0.03889875147762985,13.720000267028809
SKYH,bb_v1@308-314#bo:bo_311#0|burst:burst_308_311#0|tb:tb_313_314#1,tb_313_314#1,bo_311#0,burst_308_311#0,原有,1,1,1,1,3,3,0,308,311,313,314,2024-12-16,60,5,4.0001617697611875,196,0.008751138965442107,-0.23312565647407335,0,2,0,0,2,0,2,0,2,0.03889875147762985,13.720000267028809
STI,bb_v1@280-282#bo:bo_280#0|burst:burst_280_282#0|tb:tb_282#0,tb_282#0,bo_280#0,burst_280_282#0,新增,1,1,1,0,3,1,2,280,282,282,282,2024-10-31,142,3,307.6165190705831,76,1.282157640225143,-0.35062243274637384,0,1,0,0,1,0,1,0,1,0.06102649213433767,24.100000381469727
SWIM,bb_v1@214-232#bo:bo_222#0|burst:burst_214_222#0|tb:tb_232#0,tb_232#0,bo_222#0,burst_214_222#0,原有,1,1,1,1,3,3,0,214,222,232,232,2024-08-21,87,4,43.56865755899288,90,0.2465986022183957,-0.06292514938059013,0,0,0,1,1,0,0,0,0,0.07836333040438274,5.880000114440918
SCWO,bb_v1@244-252#bo:bo_244#0|burst:burst_244_245#0|tb:tb_252#0,tb_252#0,bo_244#0,burst_244_245#0,新增,2,1,1,0,2,1,1,244,245,252,252,2024-09-19,86,3,4.215466706748835,69,0.17469876818602303,-0.2710843311198514,0,0,0,1,1,0,1,0,0,0.08748214608496713,16.600000381469727
SCWO,bb_v1@244-252#bo:bo_244#0|burst:burst_244_248#0|tb:tb_252#0,tb_252#0,bo_244#0,burst_244_248#0,新增,2,0,1,0,3,1,4,244,248,252,252,2024-09-19,86,4,4.215466706748835,90,0.17469876818602303,-0.2710843311198514,0,0,0,1,1,0,1,0,0,0.08748214608496713,16.600000381469727
SCWO,bb_v1@244-252#bo:bo_245#0|burst:burst_244_245#0|tb:tb_252#1,tb_252#1,bo_245#0,burst_244_245#0,原有,2,1,1,1,2,2,0,244,245,252,252,2024-09-19,86,3,4.215466706748835,69,0.17469876818602303,-0.2710843311198514,0,0,0,1,1,0,1,0,0,0.08748214608496713,16.600000381469727
SCWO,bb_v1@244-252#bo:bo_245#0|burst:burst_244_248#0|tb:tb_252#1,tb_252#1,bo_245#0,burst_244_248#0,原有,2,0,1,1,3,2,3,244,248,252,252,2024-09-19,86,4,4.215466706748835,90,0.17469876818602303,-0.2710843311198514,0,0,0,1,1,0,1,0,0,0.08748214608496713,16.600000381469727
SCWO,bb_v1@244-252#bo:bo_248#0|burst:burst_244_248#0|tb:tb_252#2,tb_252#2,bo_248#0,burst_244_248#0,原有,1,1,1,1,3,3,0,244,248,252,252,2024-09-19,86,4,4.215466706748835,90,0.17469876818602303,-0.2710843311198514,0,0,0,1,1,0,1,0,0,0.08748214608496713,16.600000381469727
SWVL,bb_v1@293-300#bo:bo_293#0|burst:burst_293_295#0|tb:tb_299_300#0,tb_299_300#0,bo_293#0,burst_293_295#0,新增,1,1,1,0,2,1,2,293,295,299,300,2024-11-25,76,4,12.407849089332176,67,0.14226762716118024,-0.3209853036918177,0,1,0,1,2,0,2,0,0,0.09930259204222194,6.409999847412109
SWVL,bb_v1@293-300#bo:bo_295#0|burst:burst_293_295#0|tb:tb_299_300#1,tb_299_300#1,bo_295#0,burst_293_295#0,原有,1,1,1,1,2,2,0,293,295,299,300,2024-11-25,76,4,12.407849089332176,67,0.14226762716118024,-0.3209853036918177,0,1,0,1,2,0,2,0,0,0.09930259204222194,6.409999847412109
SXGCF,bb_v1@228-238#bo:bo_228#0|burst:burst_228_238#0|tb:tb_232_235#0,tb_232_235#0,bo_228#0,burst_228_238#0,新增,1,1,1,0,4,1,10,228,238,232,235,2024-08-21,75,4,48.02587465334293,76,0.39922514367740364,-0.05633657363308203,1,0,0,3,4,4,0,0,0,0.08333392658561667,1.9682539701461792
SXGCF,bb_v1@228-238#bo:bo_229#0|burst:burst_228_238#0|tb:tb_232_235#1,tb_232_235#1,bo_229#0,burst_228_238#0,新增,1,1,1,0,4,2,9,228,238,232,235,2024-08-21,75,4,48.02587465334293,76,0.39922514367740364,-0.05633657363308203,1,0,0,3,4,4,0,0,0,0.08333392658561667,1.9682539701461792
SXGCF,bb_v1@228-242#bo:bo_236#0|burst:burst_228_238#0|tb:tb_241_242#0,tb_241_242#0,bo_236#0,burst_228_238#0,新增,1,1,1,0,4,3,2,228,238,241,242,2024-09-04,75,4,48.02587465334293,76,0.2647061032407556,-0.14705871308550456,0,0,0,2,2,2,0,0,0,0.06486706244723367,2.1587300300598145
SXGCF,bb_v1@228-242#bo:bo_238#0|burst:burst_228_238#0|tb:tb_241_242#1,tb_241_242#1,bo_238#0,burst_228_238#0,原有,1,1,1,1,4,4,0,228,238,241,242,2024-09-04,75,4,48.02587465334293,76,0.2647061032407556,-0.14705871308550456,0,0,0,2,2,2,0,0,0,0.06486706244723367,2.1587300300598145
TDAY,bb_v1@147-156#bo:bo_149#0|burst:burst_147_156#0|tb:tb_152#0,tb_152#0,bo_149#0,burst_147_156#0,新增,1,1,1,0,3,2,7,147,156,152,152,2024-04-26,127,5,6.370897218645763,136,0.7906976830149122,-0.08914729685073075,1,0,0,0,1,1,0,1,0,0.059957495377503854,2.5799999237060547
TDAY,bb_v1@147-159#bo:bo_156#0|burst:burst_147_156#0|tb:tb_159#0,tb_159#0,bo_156#0,burst_147_156#0,原有,1,1,1,1,3,3,0,147,156,159,159,2024-05-07,127,5,6.370897218645763,136,0.5202492387688511,-0.03426795395862481,1,0,0,0,1,1,0,1,0,0.058236474146275204,3.2100000381469727
SOUN,bb_v1@279-293#bo:bo_287#0|burst:burst_279_287#0|tb:tb_292_293#0,tb_292_293#0,bo_287#0,burst_279_287#0,原有,1,1,1,1,2,2,0,279,287,292,293,2024-11-14,75,3,3.9504436980000857,83,2.8476975705360257,-0.08043418295577176,2,0,0,0,2,2,0,2,0,0.07621756735124127,6.630000114440918
TIGR,bb_v1@255-268#bo:bo_259#0|burst:burst_255_259#0|tb:tb_268#0,tb_268#0,bo_259#0,burst_255_259#0,原有,2,1,1,1,2,2,0,255,259,268,268,2024-10-11,74,4,20.73777246355322,138,-0.015081219972949755,-0.37819023147623143,0,0,0,1,1,0,1,0,0,0.14948293378836183,8.619999885559082
TIGR,bb_v1@255-268#bo:bo_259#0|burst:burst_255_260#0|tb:tb_268#0,tb_268#0,bo_259#0,burst_255_260#0,原有,2,0,1,1,3,2,1,255,260,268,268,2024-10-11,74,6,20.73777246355322,244,-0.015081219972949755,-0.37819023147623143,0,0,0,1,1,0,1,0,0,0.14948293378836183,8.619999885559082
TIGR,bb_v1@255-268#bo:bo_260#0|burst:burst_255_260#0|tb:tb_268#1,tb_268#1,bo_260#0,burst_255_260#0,原有,1,1,1,1,3,3,0,255,260,268,268,2024-10-11,74,6,20.73777246355322,244,-0.015081219972949755,-0.37819023147623143,0,0,0,1,1,0,1,0,0,0.14948293378836183,8.619999885559082
SMC,bb_v1@128-139#bo:bo_128#0|burst:burst_128#0|tb:tb_133_139#0,tb_133_139#0,bo_128#0,burst_128#0,原有,1,1,1,1,1,1,0,128,128,133,139,2024-04-01,89,3,35.58290251107829,88,0.2665422471312695,-0.050093314651547885,7,0,0,0,7,7,0,7,0,0.03995822534918718,28.5
TEO,bb_v1@158-162#bo:bo_158#0|burst:burst_158_159#0|tb:tb_162#0,tb_162#0,bo_158#0,burst_158_159#0,新增,1,1,1,0,2,1,1,158,159,162,162,2024-05-10,114,3,4.044284859365649,110,0.012671522009941816,-0.297782499912293,0,1,0,0,1,0,1,0,1,0.053377690541784886,9.298727035522461
TEO,bb_v1@158-162#bo:bo_159#0|burst:burst_158_159#0|tb:tb_162#1,tb_162#1,bo_159#0,burst_158_159#0,原有,1,1,1,1,2,2,0,158,159,162,162,2024-05-10,114,3,4.044284859365649,110,0.012671522009941816,-0.297782499912293,0,1,0,0,1,0,1,0,1,0.053377690541784886,9.298727035522461
SMR,bb_v1@113-120#bo:bo_113#0|burst:burst_113_120#0|tb:tb_117#0,tb_117#0,bo_113#0,burst_113_120#0,新增,1,1,1,0,3,1,7,113,120,117,117,2024-03-07,93,3,4.083506301157459,101,1.5134529018534426,-0.15022423106801475,1,0,0,0,1,1,0,1,0,0.08900297249623111,4.460000038146973
SMR,bb_v1@113-120#bo:bo_114#0|burst:burst_113_120#0|tb:tb_117#1,tb_117#1,bo_114#0,burst_113_120#0,新增,1,1,1,0,3,2,6,113,120,117,117,2024-03-07,93,3,4.083506301157459,101,1.5134529018534426,-0.15022423106801475,1,0,0,0,1,1,0,1,0,0.08900297249623111,4.460000038146973
SMR,bb_v1@113-123#bo:bo_120#0|burst:burst_113_120#0|tb:tb_123#0,tb_123#0,bo_120#0,burst_113_120#0,原有,1,1,1,1,3,3,0,113,120,123,123,2024-03-15,93,3,4.083506301157459,101,0.4280254999151716,-0.5171974512233546,0,1,0,0,1,0,1,0,1,0.13548565488793768,7.849999904632568
TRVI,bb_v1@311-314#bo:bo_311#0|burst:burst_311_312#0|tb:tb_314#0,tb_314#0,bo_311#0,burst_311_312#0,新增,1,1,1,0,2,1,1,311,312,314,314,2024-12-17,62,4,121.30531540523671,185,0.039999961853027344,-0.2284444702996148,0,0,0,1,1,0,0,0,0,0.08987001067922819,4.5
TRVI,bb_v1@311-314#bo:bo_312#0|burst:burst_311_312#0|tb:tb_314#1,tb_314#1,bo_312#0,burst_311_312#0,原有,1,1,1,1,2,2,0,311,312,314,314,2024-12-17,62,4,121.30531540523671,185,0.039999961853027344,-0.2284444702996148,0,0,0,1,1,0,0,0,0,0.08987001067922819,4.5
TUSK,bb_v1@207-214#bo:bo_211#0|burst:burst_207_211#0|tb:tb_214#0,tb_214#0,bo_211#0,burst_207_211#0,原有,1,1,1,1,2,2,0,207,211,214,214,2024-07-26,80,4,89.80036878355659,83,0.038190942130779115,-0.1381909421307792,0,0,0,1,1,0,0,0,0,0.055640725441380184,3.9800000190734863
TIL,bb_v1@82-96#bo:bo_82#0|burst:burst_82#0|tb:tb_89_96#0,tb_89_96#0,bo_82#0,burst_82#0,原有,1,1,1,1,1,1,0,82,82,89,96,2024-01-26,62,3,8.438788336665777,66,0.1005056348250136,-0.108599223415827,0,0,0,8,8,0,0,0,0,0.04471686582716834,11.9399995803833
TISI,bb_v1@131-137#bo:bo_133#0|burst:burst_131_135#0|tb:tb_137#0,tb_137#0,bo_133#0,burst_131_135#0,新增,1,1,1,0,3,2,2,131,135,137,137,2024-04-05,111,4,4.2399608227228205,115,0.012903213236342914,-0.3580645518546043,0,1,0,0,1,0,1,0,0,0.10680044332757874,9.300000190734863
TISI,bb_v1@131-137#bo:bo_135#0|burst:burst_131_135#0|tb:tb_137#1,tb_137#1,bo_135#0,burst_131_135#0,原有,1,1,1,1,3,3,0,131,135,137,137,2024-04-05,111,4,4.2399608227228205,115,0.012903213236342914,-0.3580645518546043,0,1,0,0,1,0,1,0,0,0.10680044332757874,9.300000190734863
TKNO,bb_v1@207-217#bo:bo_209#0|burst:burst_207_212#0|tb:tb_216_217#0,tb_216_217#0,bo_209#0,burst_207_212#0,新增,2,1,1,0,3,2,3,207,212,216,217,2024-07-30,154,5,353.9422585831836,91,0.45273225102542713,-0.11850710632067313,0,0,0,2,2,0,0,0,0,0.11573772521191095,3.75
TKNO,bb_v1@207-217#bo:bo_209#0|burst:burst_207_214#0|tb:tb_216_217#0,tb_216_217#0,bo_209#0,burst_207_214#0,新增,2,0,1,0,4,2,5,207,214,216,217,2024-07-30,154,7,353.9422585831836,114,0.45273225102542713,-0.11850710632067313,0,0,0,2,2,0,0,0,0,0.11573772521191095,3.75
TKNO,bb_v1@207-217#bo:bo_212#0|burst:burst_207_212#0|tb:tb_216_217#1,tb_216_217#1,bo_212#0,burst_207_212#0,原有,2,1,1,1,3,3,0,207,212,216,217,2024-07-30,154,5,353.9422585831836,91,0.45273225102542713,-0.11850710632067313,0,0,0,2,2,0,0,0,0,0.11573772521191095,3.75
TKNO,bb_v1@207-217#bo:bo_212#0|burst:burst_207_214#0|tb:tb_216_217#1,tb_216_217#1,bo_212#0,burst_207_214#0,原有,2,0,1,1,4,3,2,207,214,216,217,2024-07-30,154,7,353.9422585831836,114,0.45273225102542713,-0.11850710632067313,0,0,0,2,2,0,0,0,0,0.11573772521191095,3.75
TKNO,bb_v1@207-217#bo:bo_214#0|burst:burst_207_214#0|tb:tb_216_217#2,tb_216_217#2,bo_214#0,burst_207_214#0,原有,1,1,1,1,4,4,0,207,214,216,217,2024-07-30,154,7,353.9422585831836,114,0.45273225102542713,-0.11850710632067313,0,0,0,2,2,0,0,0,0,0.11573772521191095,3.75
TE,bb_v1@286-301#bo:bo_286#0|burst:burst_286_287#0|tb:tb_294_301#0,tb_294_301#0,bo_286#0,burst_286_287#0,新增,1,1,1,0,2,1,1,286,287,294,301,2024-11-18,116,4,34.25824868247894,79,0.486951787529704,-0.31184225481976635,1,4,0,3,8,3,5,1,1,0.0693756755439022,2.1600000858306885
TE,bb_v1@286-301#bo:bo_287#0|burst:burst_286_287#0|tb:tb_294_301#1,tb_294_301#1,bo_287#0,burst_286_287#0,原有,1,1,1,1,2,2,0,286,287,294,301,2024-11-18,116,4,34.25824868247894,79,0.486951787529704,-0.31184225481976635,1,4,0,3,8,3,5,1,1,0.0693756755439022,2.1600000858306885
TMQ,bb_v1@204-218#bo:bo_204#0|burst:burst_204_206#0|tb:tb_208_218#0,tb_208_218#0,bo_204#0,burst_204_206#0,新增,1,1,1,0,2,1,2,204,206,208,218,2024-07-18,70,3,3.5579053966534393,116,0.04553230308626189,-0.29887104829200944,0,11,0,0,11,0,11,0,6,0.07827815979517079,0.6800000071525574
TMQ,bb_v1@204-218#bo:bo_206#0|burst:burst_204_206#0|tb:tb_208_218#1,tb_208_218#1,bo_206#0,burst_204_206#0,原有,1,1,1,1,2,2,0,204,206,208,218,2024-07-18,70,3,3.5579053966534393,116,0.04553230308626189,-0.29887104829200944,0,11,0,0,11,0,11,0,6,0.07827815979517079,0.6800000071525574
TOUR,bb_v1@258-261#bo:bo_258#0|burst:burst_258_259#0|tb:tb_261#0,tb_261#0,bo_258#0,burst_258_259#0,新增,1,1,1,0,2,1,1,258,259,261,261,2024-10-02,90,5,61.55116544755857,250,0.05263159313393806,-0.35263159960941937,0,1,0,0,1,0,1,0,1,0.04907977624922771,12.21371078491211
TOUR,bb_v1@258-261#bo:bo_259#0|burst:burst_258_259#0|tb:tb_261#1,tb_261#1,bo_259#0,burst_258_259#0,原有,1,1,1,1,2,2,0,258,259,261,261,2024-10-02,90,5,61.55116544755857,250,0.05263159313393806,-0.35263159960941937,0,1,0,0,1,0,1,0,1,0.04907977624922771,12.21371078491211
UURAF,bb_v1@304-310#bo:bo_304#0|burst:burst_304_305#0|tb:tb_308_310#0,tb_308_310#0,bo_304#0,burst_304_305#0,新增,1,1,1,0,2,1,1,304,305,308,310,2024-12-09,241,4,4.722838517840805,152,0.021937775956590893,-0.358033660810337,0,3,0,0,3,0,3,0,3,0.04651165208409023,0.6200000047683716
UURAF,bb_v1@304-310#bo:bo_305#0|burst:burst_304_305#0|tb:tb_308_310#1,tb_308_310#1,bo_305#0,burst_304_305#0,原有,1,1,1,1,2,2,0,304,305,308,310,2024-12-09,241,4,4.722838517840805,152,0.021937775956590893,-0.358033660810337,0,3,0,0,3,0,3,0,3,0.04651165208409023,0.6200000047683716
TLSA,bb_v1@144-152#bo:bo_147#0|burst:burst_144_147#0|tb:tb_150_152#0,tb_150_152#0,bo_147#0,burst_144_147#0,原有,2,1,1,1,2,2,0,144,147,150,152,2024-04-24,124,4,22.687812326485282,105,0.30842254808288483,-0.32709691797430557,0,0,0,3,3,0,2,0,0,0.10317464492338557,0.7900000214576721
TLSA,bb_v1@144-152#bo:bo_147#0|burst:burst_144_148#0|tb:tb_150_152#0,tb_150_152#0,bo_147#0,burst_144_148#0,原有,2,0,1,1,3,2,1,144,148,150,152,2024-04-24,124,5,22.687812326485282,119,0.30842254808288483,-0.32709691797430557,0,0,0,3,3,0,2,0,0,0.10317464492338557,0.7900000214576721
TLSA,bb_v1@144-152#bo:bo_148#0|burst:burst_144_148#0|tb:tb_150_152#1,tb_150_152#1,bo_148#0,burst_144_148#0,原有,1,1,1,1,3,3,0,144,148,150,152,2024-04-24,124,5,22.687812326485282,119,0.30842254808288483,-0.32709691797430557,0,0,0,3,3,0,2,0,0,0.10317464492338557,0.7900000214576721
UMAC,bb_v1@183-191#bo:bo_185#0|burst:burst_183_186#0|tb:tb_189_191#0,tb_189_191#0,bo_185#0,burst_183_186#0,新增,1,1,1,0,3,2,1,183,186,189,191,2024-11-13,71,3,4.940592303599929,156,6.7835086092140955,-0.2041638765906918,3,0,0,0,3,3,0,3,0,0.1364783283723593,3.0799999237060547
UMAC,bb_v1@183-191#bo:bo_186#0|burst:burst_183_186#0|tb:tb_189_191#1,tb_189_191#1,bo_186#0,burst_183_186#0,原有,1,1,1,1,3,3,0,183,186,189,191,2024-11-13,71,3,4.940592303599929,156,6.7835086092140955,-0.2041638765906918,3,0,0,0,3,3,0,3,0,0.1364783283723593,3.0799999237060547
UNCY,bb_v1@69-77#bo:bo_69#0|burst:burst_69_77#0|tb:tb_72#0,tb_72#0,bo_69#0,burst_69_77#0,新增,1,1,1,0,3,1,8,69,77,72,72,2024-01-02,49,5,10.377313618033295,70,1.051918849847202,-0.14221216714101026,1,0,0,0,1,1,0,1,0,0.10928154512471633,8.859999656677246
UNCY,bb_v1@69-84#bo:bo_76#0|burst:burst_69_77#0|tb:tb_81_84#0,tb_81_84#0,bo_76#0,burst_69_77#0,新增,1,1,1,0,3,2,1,69,77,81,84,2024-01-16,49,5,10.377313618033295,70,1.0769433112786029,-0.06320492461760854,4,0,0,0,4,4,0,4,0,0.1148004506178816,8.899999618530273
UNCY,bb_v1@69-84#bo:bo_77#0|burst:burst_69_77#0|tb:tb_81_84#1,tb_81_84#1,bo_77#0,burst_69_77#0,原有,1,1,1,1,3,3,0,69,77,81,84,2024-01-16,49,5,10.377313618033295,70,1.0769433112786029,-0.06320492461760854,4,0,0,0,4,4,0,4,0,0.1148004506178816,8.899999618530273
UXIN,bb_v1@254-266#bo:bo_258#0|burst:burst_254_258#0|tb:tb_266#0,tb_266#0,bo_258#0,burst_254_258#0,原有,1,1,1,1,2,2,0,254,258,266,266,2024-10-09,91,4,618.6527426387469,94,0.2508361196012845,-0.37959865780706414,0,0,0,1,1,0,1,0,0,0.1401896351512077,5.980000019073486
TGEN,bb_v1@224-230#bo:bo_224#0|burst:burst_224_230#0|tb:tb_226#0,tb_226#0,bo_224#0,burst_224_230#0,新增,3,1,1,0,3,1,6,224,230,226,226,2024-08-13,68,4,11.386891909056267,76,0.39534886944545367,-0.10930237200145321,0,1,0,0,1,0,1,0,1,0.01947977453969764,0.8600000143051147
TGEN,bb_v1@224-231#bo:bo_224#0|burst:burst_224_231#0|tb:tb_226#0,tb_226#0,bo_224#0,burst_224_231#0,新增,3,0,1,0,4,1,7,224,231,226,226,2024-08-13,68,6,11.386891909056267,170,0.39534886944545367,-0.10930237200145321,0,1,0,0,1,0,1,0,1,0.01947977453969764,0.8600000143051147
TGEN,bb_v1@224-232#bo:bo_224#0|burst:burst_224_232#0|tb:tb_226#0,tb_226#0,bo_224#0,burst_224_232#0,新增,3,0,1,0,5,1,8,224,232,226,226,2024-08-13,68,7,11.386891909056267,224,0.39534886944545367,-0.10930237200145321,0,1,0,0,1,0,1,0,1,0.01947977453969764,0.8600000143051147
TGEN,bb_v1@224-235#bo:bo_230#0|burst:burst_224_230#0|tb:tb_234_235#0,tb_234_235#0,bo_230#0,burst_224_230#0,原有,3,1,1,1,3,3,0,224,230,234,235,2024-08-23,68,4,11.386891909056267,76,0.10704390865036151,-0.25114661711124925,0,2,0,0,2,0,2,0,2,0.030387555622624133,1.0700000524520874
TGEN,bb_v1@224-235#bo:bo_230#0|burst:burst_224_231#0|tb:tb_234_235#0,tb_234_235#0,bo_230#0,burst_224_231#0,原有,3,0,1,1,4,3,1,224,231,234,235,2024-08-23,68,6,11.386891909056267,170,0.10704390865036151,-0.25114661711124925,0,2,0,0,2,0,2,0,2,0.030387555622624133,1.0700000524520874
TGEN,bb_v1@224-235#bo:bo_230#0|burst:burst_224_232#0|tb:tb_234_235#0,tb_234_235#0,bo_230#0,burst_224_232#0,原有,3,0,1,1,5,3,2,224,232,234,235,2024-08-23,68,7,11.386891909056267,224,0.10704390865036151,-0.25114661711124925,0,2,0,0,2,0,2,0,2,0.030387555622624133,1.0700000524520874
TGEN,bb_v1@224-235#bo:bo_231#0|burst:burst_224_231#0|tb:tb_234_235#1,tb_234_235#1,bo_231#0,burst_224_231#0,原有,2,1,1,1,4,4,0,224,231,234,235,2024-08-23,68,6,11.386891909056267,170,0.10704390865036151,-0.25114661711124925,0,2,0,0,2,0,2,0,2,0.030387555622624133,1.0700000524520874
TGEN,bb_v1@224-235#bo:bo_231#0|burst:burst_224_232#0|tb:tb_234_235#1,tb_234_235#1,bo_231#0,burst_224_232#0,原有,2,0,1,1,5,4,1,224,232,234,235,2024-08-23,68,7,11.386891909056267,224,0.10704390865036151,-0.25114661711124925,0,2,0,0,2,0,2,0,2,0.030387555622624133,1.0700000524520874
TGEN,bb_v1@224-235#bo:bo_232#0|burst:burst_224_232#0|tb:tb_234_235#2,tb_234_235#2,bo_232#0,burst_224_232#0,原有,1,1,1,1,5,5,0,224,232,234,235,2024-08-23,68,7,11.386891909056267,224,0.10704390865036151,-0.25114661711124925,0,2,0,0,2,0,2,0,2,0.030387555622624133,1.0700000524520874
TGS,bb_v1@128-141#bo:bo_135#0|burst:burst_128_135#0|tb:tb_141#0,tb_141#0,bo_135#0,burst_128_135#0,原有,1,1,1,1,2,2,0,128,135,141,141,2024-04-11,66,3,5.119961365099806,72,0.18061923865075658,-0.14564224987075636,0,0,0,1,1,0,0,0,0,0.049174877288139185,17.440000534057617
VRAX,bb_v1@170-176#bo:bo_172#0|burst:burst_170_176#0|tb:tb_174#0,tb_174#0,bo_172#0,burst_170_176#0,新增,2,1,1,0,4,2,4,170,176,174,174,2024-05-29,150,3,23.945200929923615,63,2.0434782608695654,-0.08695652173913049,1,0,0,0,1,1,0,1,0,0.08100177090248192,23.0
VRAX,bb_v1@170-180#bo:bo_172#0|burst:burst_170_180#0|tb:tb_174#0,tb_174#0,bo_172#0,burst_170_180#0,新增,2,0,1,0,5,2,8,170,180,174,174,2024-05-29,150,5,1061.5319688232685,111,2.0434782608695654,-0.08695652173913049,1,0,0,0,1,1,0,1,0,0.08100177090248192,23.0
VRAX,bb_v1@170-179#bo:bo_174#0|burst:burst_170_176#0|tb:tb_178_179#0,tb_178_179#0,bo_174#0,burst_170_176#0,新增,2,1,1,0,4,3,2,170,176,178,179,2024-06-04,150,3,23.945200929923615,63,1.6417445482866042,-0.09237208041711864,2,0,0,0,2,2,0,2,0,0.09975070529009261,26.25
VRAX,bb_v1@170-180#bo:bo_174#0|burst:burst_170_180#0|tb:tb_178_179#0,tb_178_179#0,bo_174#0,burst_170_180#0,新增,2,0,1,0,5,3,6,170,180,178,179,2024-06-04,150,5,1061.5319688232685,111,1.6417445482866042,-0.09237208041711864,2,0,0,0,2,2,0,2,0,0.09975070529009261,26.25
VRAX,bb_v1@170-179#bo:bo_176#0|burst:burst_170_176#0|tb:tb_178_179#1,tb_178_179#1,bo_176#0,burst_170_176#0,原有,2,1,1,1,4,4,0,170,176,178,179,2024-06-04,150,3,23.945200929923615,63,1.6417445482866042,-0.09237208041711864,2,0,0,0,2,2,0,2,0,0.09975070529009261,26.25
VRAX,bb_v1@170-180#bo:bo_176#0|burst:burst_170_180#0|tb:tb_178_179#1,tb_178_179#1,bo_176#0,burst_170_180#0,原有,2,0,1,1,5,4,4,170,180,178,179,2024-06-04,150,5,1061.5319688232685,111,1.6417445482866042,-0.09237208041711864,2,0,0,0,2,2,0,2,0,0.09975070529009261,26.25
USGO,bb_v1@259-279#bo:bo_259#0|burst:burst_259#0|tb:tb_271_279#0,tb_271_279#0,bo_259#0,burst_259#0,原有,3,1,1,1,1,1,0,259,259,271,279,2024-10-16,125,4,37.5534203102962,121,0.29687006624660345,-0.24742237476476475,0,0,0,9,9,0,0,0,0,0.10310494171114033,9.899999618530273
USGO,bb_v1@259-279#bo:bo_259#0|burst:burst_259_260#0|tb:tb_271_279#0,tb_271_279#0,bo_259#0,burst_259_260#0,原有,3,0,1,1,2,1,1,259,260,271,279,2024-10-16,125,5,37.5534203102962,211,0.29687006624660345,-0.24742237476476475,0,0,0,9,9,0,0,0,0,0.10310494171114033,9.899999618530273
USGO,bb_v1@259-279#bo:bo_259#0|burst:burst_259_262#0|tb:tb_271_279#0,tb_271_279#0,bo_259#0,burst_259_262#0,原有,3,0,1,1,3,1,3,259,262,271,279,2024-10-16,125,6,37.5534203102962,256,0.29687006624660345,-0.24742237476476475,0,0,0,9,9,0,0,0,0,0.10310494171114033,9.899999618530273
USGO,bb_v1@259-279#bo:bo_260#0|burst:burst_259_260#0|tb:tb_271_279#1,tb_271_279#1,bo_260#0,burst_259_260#0,原有,2,1,1,1,2,2,0,259,260,271,279,2024-10-16,125,5,37.5534203102962,211,0.29687006624660345,-0.24742237476476475,0,0,0,9,9,0,0,0,0,0.10310494171114033,9.899999618530273
USGO,bb_v1@259-279#bo:bo_260#0|burst:burst_259_262#0|tb:tb_271_279#1,tb_271_279#1,bo_260#0,burst_259_262#0,原有,2,0,1,1,3,2,2,259,262,271,279,2024-10-16,125,6,37.5534203102962,256,0.29687006624660345,-0.24742237476476475,0,0,0,9,9,0,0,0,0,0.10310494171114033,9.899999618530273
USGO,bb_v1@259-279#bo:bo_262#0|burst:burst_259_262#0|tb:tb_271_279#2,tb_271_279#2,bo_262#0,burst_259_262#0,原有,1,1,1,1,3,3,0,259,262,271,279,2024-10-16,125,6,37.5534203102962,256,0.29687006624660345,-0.24742237476476475,0,0,0,9,9,0,0,0,0,0.10310494171114033,9.899999618530273
WRBY,bb_v1@161-165#bo:bo_161#0|burst:burst_161_163#0|tb:tb_163_165#0,tb_163_165#0,bo_161#0,burst_161_163#0,新增,1,1,1,0,2,1,2,161,163,163,165,2024-05-13,89,3,3.5863848795960886,91,0.1509267442728266,-0.029566807932385086,0,0,0,3,3,0,0,0,0,0.04215328705360739,15.5
WRBY,bb_v1@161-167#bo:bo_163#0|burst:burst_161_163#0|tb:tb_165_167#0,tb_165_167#0,bo_163#0,burst_161_163#0,原有,1,1,1,1,2,2,0,161,163,165,167,2024-05-15,89,3,3.5863848795960886,91,0.11330192811347883,-0.06129112976969031,0,0,0,3,3,0,0,0,0,0.041780430159652826,15.720000267028809
WRLGF,bb_v1@138-147#bo:bo_141#0|burst:burst_138_141#0|tb:tb_143_147#0,tb_143_147#0,bo_141#0,burst_138_141#0,原有,1,1,1,1,2,2,0,138,141,143,147,2024-04-15,72,3,7.808181354811488,73,0.055554814521219374,-0.4033236100804315,0,5,0,0,5,0,5,0,5,0.06955860101456016,0.7350000143051147
WNDW,bb_v1@245-258#bo:bo_250#0|burst:burst_245_252#0|tb:tb_258#0,tb_258#0,bo_250#0,burst_245_252#0,新增,2,1,1,0,3,2,2,245,252,258,258,2024-09-27,225,3,7.069254852849092,106,0.09411762478442398,-0.647058819404523,0,1,0,0,1,0,1,0,1,0.2788889080653957,0.8500000238418579
WNDW,bb_v1@245-258#bo:bo_250#0|burst:burst_245_253#0|tb:tb_258#0,tb_258#0,bo_250#0,burst_245_253#0,新增,2,0,1,0,4,2,3,245,253,258,258,2024-09-27,225,6,14.230528336195574,183,0.09411762478442398,-0.647058819404523,0,1,0,0,1,0,1,0,1,0.2788889080653957,0.8500000238418579
WNDW,bb_v1@245-258#bo:bo_252#0|burst:burst_245_252#0|tb:tb_258#1,tb_258#1,bo_252#0,burst_245_252#0,原有,2,1,1,1,3,3,0,245,252,258,258,2024-09-27,225,3,7.069254852849092,106,0.09411762478442398,-0.647058819404523,0,1,0,0,1,0,1,0,1,0.2788889080653957,0.8500000238418579
WNDW,bb_v1@245-258#bo:bo_252#0|burst:burst_245_253#0|tb:tb_258#1,tb_258#1,bo_252#0,burst_245_253#0,原有,2,0,1,1,4,3,1,245,253,258,258,2024-09-27,225,6,14.230528336195574,183,0.09411762478442398,-0.647058819404523,0,1,0,0,1,0,1,0,1,0.2788889080653957,0.8500000238418579
WNDW,bb_v1@245-258#bo:bo_253#0|burst:burst_245_253#0|tb:tb_258#2,tb_258#2,bo_253#0,burst_245_253#0,原有,1,1,1,1,4,4,0,245,253,258,258,2024-09-27,225,6,14.230528336195574,183,0.09411762478442398,-0.647058819404523,0,1,0,0,1,0,1,0,1,0.2788889080653957,0.8500000238418579
WOOF,bb_v1@165-179#bo:bo_170#0|burst:burst_165_170#0|tb:tb_177_179#0,tb_177_179#0,bo_170#0,burst_165_170#0,原有,4,1,1,1,2,2,0,165,170,177,179,2024-06-03,121,3,6.562250302079852,67,0.055343545622484745,-0.2653630078009041,0,0,0,3,3,0,1,0,0,0.10469006304322556,4.119999885559082
WOOF,bb_v1@165-179#bo:bo_170#0|burst:burst_165_172#0|tb:tb_177_179#0,tb_177_179#0,bo_170#0,burst_165_172#0,原有,4,0,1,1,3,2,2,165,172,177,179,2024-06-03,121,4,6.562250302079852,102,0.055343545622484745,-0.2653630078009041,0,0,0,3,3,0,1,0,0,0.10469006304322556,4.119999885559082
WOOF,bb_v1@165-179#bo:bo_170#0|burst:burst_165_175#0|tb:tb_177_179#0,tb_177_179#0,bo_170#0,burst_165_175#0,原有,4,0,1,1,4,2,5,165,175,177,179,2024-06-03,121,5,6.562250302079852,114,0.055343545622484745,-0.2653630078009041,0,0,0,3,3,0,1,0,0,0.10469006304322556,4.119999885559082
WOOF,bb_v1@165-179#bo:bo_170#0|burst:burst_165_177#0|tb:tb_177_179#0,tb_177_179#0,bo_170#0,burst_165_177#0,原有,4,0,1,1,5,2,7,165,177,177,179,2024-06-03,121,6,6.562250302079852,133,0.055343545622484745,-0.2653630078009041,0,0,0,3,3,0,1,0,0,0.10469006304322556,4.119999885559082
WOOF,bb_v1@165-179#bo:bo_172#0|burst:burst_165_172#0|tb:tb_177_179#1,tb_177_179#1,bo_172#0,burst_165_172#0,原有,3,1,1,1,3,3,0,165,172,177,179,2024-06-03,121,4,6.562250302079852,102,0.055343545622484745,-0.2653630078009041,0,0,0,3,3,0,1,0,0,0.10469006304322556,4.119999885559082
WOOF,bb_v1@165-179#bo:bo_172#0|burst:burst_165_175#0|tb:tb_177_179#1,tb_177_179#1,bo_172#0,burst_165_175#0,原有,3,0,1,1,4,3,3,165,175,177,179,2024-06-03,121,5,6.562250302079852,114,0.055343545622484745,-0.2653630078009041,0,0,0,3,3,0,1,0,0,0.10469006304322556,4.119999885559082
WOOF,bb_v1@165-179#bo:bo_172#0|burst:burst_165_177#0|tb:tb_177_179#1,tb_177_179#1,bo_172#0,burst_165_177#0,原有,3,0,1,1,5,3,5,165,177,177,179,2024-06-03,121,6,6.562250302079852,133,0.055343545622484745,-0.2653630078009041,0,0,0,3,3,0,1,0,0,0.10469006304322556,4.119999885559082
WOOF,bb_v1@165-179#bo:bo_175#0|burst:burst_165_175#0|tb:tb_177_179#2,tb_177_179#2,bo_175#0,burst_165_175#0,原有,2,1,1,1,4,4,0,165,175,177,179,2024-06-03,121,5,6.562250302079852,114,0.055343545622484745,-0.2653630078009041,0,0,0,3,3,0,1,0,0,0.10469006304322556,4.119999885559082
WOOF,bb_v1@165-179#bo:bo_175#0|burst:burst_165_177#0|tb:tb_177_179#2,tb_177_179#2,bo_175#0,burst_165_177#0,原有,2,0,1,1,5,4,2,165,177,177,179,2024-06-03,121,6,6.562250302079852,133,0.055343545622484745,-0.2653630078009041,0,0,0,3,3,0,1,0,0,0.10469006304322556,4.119999885559082
WOOF,bb_v1@165-179#bo:bo_177#0|burst:burst_165_177#0|tb:tb_179#0,tb_179#0,bo_177#0,burst_165_177#0,原有,1,1,1,1,5,5,0,165,177,179,179,2024-06-05,121,6,6.562250302079852,133,0.002421247401352966,-0.30024212474013534,0,0,0,1,1,0,1,0,0,0.10688034740183175,4.130000114440918
WOOF,bb_v1@246-253#bo:bo_246#0|burst:burst_246_247#0|tb:tb_249_253#0,tb_249_253#0,bo_246#0,burst_246_247#0,新增,1,1,1,0,2,1,1,246,247,249,253,2024-09-16,69,3,6.06509064919335,68,0.25279344424544037,-0.13546266408768518,0,0,0,5,5,0,0,0,0,0.0852729348454622,4.650000095367432
WOOF,bb_v1@246-253#bo:bo_247#0|burst:burst_246_247#0|tb:tb_249_253#1,tb_249_253#1,bo_247#0,burst_246_247#0,原有,1,1,1,1,2,2,0,246,247,249,253,2024-09-16,69,3,6.06509064919335,68,0.25279344424544037,-0.13546266408768518,0,0,0,5,5,0,0,0,0,0.0852729348454622,4.650000095367432
WWR,bb_v1@274-283#bo:bo_276#0|burst:burst_274_276#0|tb:tb_279_283#0,tb_279_283#0,bo_276#0,burst_274_276#0,原有,1,1,1,1,2,2,0,274,276,279,283,2024-10-28,97,3,29.274611525755535,97,0.31126387074128864,-0.20708619097686326,0,5,0,0,5,0,5,0,5,0.038461503192516594,0.6200000047683716
WYY,bb_v1@177-192#bo:bo_184#0|burst:burst_177_192#0|tb:tb_189_191#0,tb_189_191#0,bo_184#0,burst_177_192#0,新增,1,1,1,0,3,2,8,177,192,189,191,2024-06-20,96,4,18.12669351885756,101,0.5072537788437356,-0.08902247954613178,3,0,0,0,3,3,0,3,0,0.054598592148494385,2.940000057220459
WYY,bb_v1@177-194#bo:bo_192#0|burst:burst_177_192#0|tb:tb_194#0,tb_194#0,bo_192#0,burst_177_192#0,原有,1,1,1,1,3,3,0,177,192,194,194,2024-06-27,96,4,18.12669351885756,101,0.2500000163749019,-0.24450551627871575,0,1,0,0,1,1,0,0,0,0.05874292583561509,3.640000104904175
ZVRA,bb_v1@201-206#bo:bo_201#0|burst:burst_201_206#0|tb:tb_205#0,tb_205#0,bo_201#0,burst_201_206#0,新增,1,1,1,0,2,1,5,201,206,205,205,2024-07-15,132,4,5.386717614320721,74,0.35473508098616047,-0.12520067534836854,1,0,0,0,1,1,0,1,0,0.050726987933729255,6.230000019073486
ZVRA,bb_v1@201-214#bo:bo_206#0|burst:burst_201_206#0|tb:tb_210_214#0,tb_210_214#0,bo_206#0,burst_201_206#0,原有,1,1,1,1,2,2,0,201,206,210,214,2024-07-22,132,4,5.386717614320721,74,0.38107811155948734,-0.12935151559141805,2,0,0,3,5,5,0,0,0,0.07478103492902885,6.340000152587891
WULF,bb_v1@178-182#bo:bo_178#0|burst:burst_178_180#0|tb:tb_182#0,tb_182#0,bo_178#0,burst_178_180#0,新增,1,1,1,0,3,1,2,178,180,182,182,2024-06-10,74,4,3.2015872982707143,110,1.1067962490969605,-0.11326858069724555,1,0,0,0,1,1,0,1,0,0.10919796548121319,3.0899999141693115
WULF,bb_v1@178-182#bo:bo_179#0|burst:burst_178_180#0|tb:tb_182#1,tb_182#1,bo_179#0,burst_178_180#0,新增,1,1,1,0,3,2,1,178,180,182,182,2024-06-10,74,4,3.2015872982707143,110,1.1067962490969605,-0.11326858069724555,1,0,0,0,1,1,0,1,0,0.10919796548121319,3.0899999141693115
WULF,bb_v1@178-182#bo:bo_180#0|burst:burst_178_180#0|tb:tb_182#2,tb_182#2,bo_180#0,burst_178_180#0,原有,1,1,1,1,3,3,0,178,180,182,182,2024-06-10,74,4,3.2015872982707143,110,1.1067962490969605,-0.11326858069724555,1,0,0,0,1,1,0,1,0,0.10919796548121319,3.0899999141693115
XLO,bb_v1@275-283#bo:bo_281#0|burst:burst_275_281#0|tb:tb_283#0,tb_283#0,bo_281#0,burst_275_281#0,原有,1,1,1,1,2,2,0,275,281,283,283,2024-11-01,143,5,22.985879306212404,120,0.16666666666666674,-0.38636361290647525,0,1,0,0,1,0,1,0,1,0.09819203323464562,18.479999542236328
XPOF,bb_v1@113-123#bo:bo_120#0|burst:burst_113_120#0|tb:tb_123#0,tb_123#0,bo_120#0,burst_113_120#0,原有,1,1,1,1,2,2,0,113,120,123,123,2024-03-15,93,4,9.772048202307221,67,0.11329400722818916,-0.5153896611964359,0,1,0,0,1,0,1,0,1,0.06212645331199816,15.270000457763672
ZCSH,bb_v1@102-114#bo:bo_107#0|burst:burst_102_114#0|tb:tb_109_111#0,tb_109_111#0,bo_107#0,burst_102_114#0,新增,1,1,1,0,4,3,7,102,114,109,111,2024-02-26,67,5,4.137931034482759,75,1.70793066411175,-0.10926789333916864,3,0,0,0,3,3,0,3,0,0.14813222306736407,3.8299999237060547
ZCSH,bb_v1@102-118#bo:bo_114#0|burst:burst_102_114#0|tb:tb_118#0,tb_118#0,bo_114#0,burst_102_114#0,原有,1,1,1,1,4,4,0,102,114,118,118,2024-03-08,67,5,4.137931034482759,75,0.5044116551900848,-0.3617647013449753,0,0,0,1,1,0,0,0,0,0.15036192457313913,6.800000190734863
XGN,bb_v1@294-300#bo:bo_294#0|burst:burst_294_296#0|tb:tb_298_300#0,tb_298_300#0,bo_294#0,burst_294_296#0,新增,1,1,1,0,3,1,2,294,296,298,300,2024-11-22,71,4,26.618794520547944,71,0.543851875572312,-0.3149467354363092,3,0,0,0,3,3,0,1,0,0.09889933491677283,4.099999904632568
XGN,bb_v1@294-300#bo:bo_295#0|burst:burst_294_296#0|tb:tb_298_300#1,tb_298_300#1,bo_295#0,burst_294_296#0,新增,1,1,1,0,3,2,1,294,296,298,300,2024-11-22,71,4,26.618794520547944,71,0.543851875572312,-0.3149467354363092,3,0,0,0,3,3,0,1,0,0.09889933491677283,4.099999904632568
XGN,bb_v1@294-300#bo:bo_296#0|burst:burst_294_296#0|tb:tb_298_300#2,tb_298_300#2,bo_296#0,burst_294_296#0,原有,1,1,1,1,3,3,0,294,296,298,300,2024-11-22,71,4,26.618794520547944,71,0.543851875572312,-0.3149467354363092,3,0,0,0,3,3,0,1,0,0.09889933491677283,4.099999904632568
ZTEK,bb_v1@291-302#bo:bo_291#0|burst:burst_291_293#0|tb:tb_298_302#0,tb_298_302#0,bo_291#0,burst_291_293#0,新增,1,1,1,0,2,1,2,291,293,298,302,2024-11-22,215,5,10.066808334197159,132,0.07587995207788682,-0.3000509892416369,0,0,0,5,5,0,4,0,0,0.10189079390793326,1.149999976158142
ZTEK,bb_v1@291-302#bo:bo_293#0|burst:burst_291_293#0|tb:tb_298_302#1,tb_298_302#1,bo_293#0,burst_291_293#0,原有,1,1,1,1,2,2,0,291,293,298,302,2024-11-22,215,5,10.066808334197159,132,0.07587995207788682,-0.3000509892416369,0,0,0,5,5,0,4,0,0,0.10189079390793326,1.149999976158142
ZVIA,bb_v1@288-293#bo:bo_288#0|burst:burst_288#0|tb:tb_292_293#0,tb_292_293#0,bo_288#0,burst_288#0,原有,4,1,1,1,1,1,0,288,288,292,293,2024-11-14,62,3,19.34024009051336,109,1.524504830797906,-0.028552926027859304,2,0,0,0,2,2,0,2,0,0.09149055811759482,1.909999966621399
ZVIA,bb_v1@288-293#bo:bo_288#0|burst:burst_288_289#0|tb:tb_292_293#0,tb_292_293#0,bo_288#0,burst_288_289#0,原有,4,0,1,1,2,1,1,288,289,292,293,2024-11-14,62,5,19.34024009051336,189,1.524504830797906,-0.028552926027859304,2,0,0,0,2,2,0,2,0,0.09149055811759482,1.909999966621399
ZVIA,bb_v1@288-295#bo:bo_288#0|burst:burst_288_295#0|tb:tb_292_293#0,tb_292_293#0,bo_288#0,burst_288_295#0,原有,4,0,1,1,3,1,7,288,295,292,293,2024-11-14,62,6,19.34024009051336,226,1.524504830797906,-0.028552926027859304,2,0,0,0,2,2,0,2,0,0.09149055811759482,1.909999966621399
ZVIA,bb_v1@288-303#bo:bo_288#0|burst:burst_288_303#0|tb:tb_292_293#0,tb_292_293#0,bo_288#0,burst_288_303#0,原有,4,0,1,1,4,1,15,288,303,292,293,2024-11-14,62,7,19.34024009051336,226,1.524504830797906,-0.028552926027859304,2,0,0,0,2,2,0,2,0,0.09149055811759482,1.909999966621399
ZVIA,bb_v1@288-293#bo:bo_289#0|burst:burst_288_289#0|tb:tb_292_293#1,tb_292_293#1,bo_289#0,burst_288_289#0,原有,3,1,1,1,2,2,0,288,289,292,293,2024-11-14,62,5,19.34024009051336,189,1.524504830797906,-0.028552926027859304,2,0,0,0,2,2,0,2,0,0.09149055811759482,1.909999966621399
ZVIA,bb_v1@288-295#bo:bo_289#0|burst:burst_288_295#0|tb:tb_292_293#1,tb_292_293#1,bo_289#0,burst_288_295#0,原有,3,0,1,1,3,2,6,288,295,292,293,2024-11-14,62,6,19.34024009051336,226,1.524504830797906,-0.028552926027859304,2,0,0,0,2,2,0,2,0,0.09149055811759482,1.909999966621399
ZVIA,bb_v1@288-303#bo:bo_289#0|burst:burst_288_303#0|tb:tb_292_293#1,tb_292_293#1,bo_289#0,burst_288_303#0,原有,3,0,1,1,4,2,14,288,303,292,293,2024-11-14,62,7,19.34024009051336,226,1.524504830797906,-0.028552926027859304,2,0,0,0,2,2,0,2,0,0.09149055811759482,1.909999966621399
ZVIA,bb_v1@288-302#bo:bo_295#0|burst:burst_288_295#0|tb:tb_297_302#0,tb_297_302#0,bo_295#0,burst_288_295#0,原有,2,1,1,1,3,3,0,288,295,297,302,2024-11-21,62,6,19.34024009051336,226,1.3066946499878405,-0.05675251998075174,6,0,0,0,6,6,0,6,0,0.10585080755644594,2.049999952316284
ZVIA,bb_v1@288-303#bo:bo_295#0|burst:burst_288_303#0|tb:tb_297_302#0,tb_297_302#0,bo_295#0,burst_288_303#0,原有,2,0,1,1,4,3,8,288,303,297,302,2024-11-21,62,7,19.34024009051336,226,1.3066946499878405,-0.05675251998075174,6,0,0,0,6,6,0,6,0,0.10585080755644594,2.049999952316284
ZVIA,bb_v1@288-308#bo:bo_303#0|burst:burst_288_303#0|tb:tb_305_308#0,tb_305_308#0,bo_303#0,burst_288_303#0,原有,1,1,1,1,4,4,0,288,303,305,308,2024-12-04,62,7,19.34024009051336,226,0.7404569417395543,-0.02654432580913424,3,0,0,1,4,4,0,1,0,0.14065786037940947,2.7200000286102295
YQ,bb_v1@258-264#bo:bo_258#0|burst:burst_258_264#0|tb:tb_263#0,tb_263#0,bo_258#0,burst_258_264#0,新增,1,1,1,0,2,1,6,258,264,263,263,2024-10-04,51,4,6.633551457465794,126,0.17757015010031862,-0.3943925107865469,0,1,0,0,1,0,1,0,1,0.05024229506387426,2.674999952316284
YQ,bb_v1@258-270#bo:bo_264#0|burst:burst_258_264#0|tb:tb_270#0,tb_270#0,bo_264#0,burst_258_264#0,原有,1,1,1,1,2,2,0,258,264,270,270,2024-10-15,51,4,6.633551457465794,126,0.04411760452090707,-0.4485294175653308,0,1,0,0,1,0,1,0,1,0.0639618097186702,2.7200000286102295
YRD,bb_v1@258-264#bo:bo_258#0|burst:burst_258_259#0|tb:tb_264#0,tb_264#0,bo_258#0,burst_258_259#0,新增,1,1,1,0,2,1,1,258,259,264,264,2024-10-07,155,4,7.735927152317881,145,-0.07926026076242498,-0.41743725049927793,0,1,0,0,1,0,1,0,1,0.054533473654124406,7.318808555603027
YRD,bb_v1@258-264#bo:bo_259#0|burst:burst_258_259#0|tb:tb_264#1,tb_264#1,bo_259#0,burst_258_259#0,原有,1,1,1,1,2,2,0,258,259,264,264,2024-10-07,155,4,7.735927152317881,145,-0.07926026076242498,-0.41743725049927793,0,1,0,0,1,0,1,0,1,0.054533473654124406,7.318808555603027
