symbol,variant,tb_id,bo_id,burst_id,group,burst_end,tb_start,causal_gap,n_bo_after,tb_date,fr,dd,fp4_up,fp4_down,fp_up,fp_down,fp6_up,fp6_down,n_buy_bars,atr_pct
AIIO,wide,tb_160_161#0,bo_156#0,burst_156_162#0,新增,162,160,-2,1,2025-05-12,4.453997936627967,0.029159685273346003,2,0,2,0,2,0,2,0.11680196805912599
AIIO,wide,tb_160_161#1,bo_157#0,burst_156_162#0,新增,162,160,-2,1,2025-05-12,4.453997936627967,0.029159685273346003,2,0,2,0,2,0,2,0.11680196805912599
ALOT,cur,tb_198_199#1,bo_195#0,burst_193_195#0,原有,195,198,3,0,2025-07-08,0.04010933994149268,-0.13006255131536082,0,2,0,0,0,0,2,0.031532385763586766
ALOT,wide,tb_198_199#0,bo_193#0,burst_193_195#0,新增,195,198,3,0,2025-07-08,0.04010933994149268,-0.13006255131536082,0,2,0,0,0,0,2,0.031532385763586766
ALOT,wide,tb_198_199#1,bo_195#0,burst_193_195#0,原有,195,198,3,0,2025-07-08,0.04010933994149268,-0.13006255131536082,0,2,0,0,0,0,2,0.031532385763586766
ALOT,causal,tb_198_199#0,bo_193#0,burst_193_195#0,新增,195,198,3,0,2025-07-08,0.04010933994149268,-0.13006255131536082,0,2,0,0,0,0,2,0.031532385763586766
ALOT,causal,tb_198_199#1,bo_195#0,burst_193_195#0,原有,195,198,3,0,2025-07-08,0.04010933994149268,-0.13006255131536082,0,2,0,0,0,0,2,0.031532385763586766
ALT,cur,tb_185#0,bo_182#0,burst_180_182#0,原有,182,185,3,0,2025-06-17,0.12191584453779569,-0.5791001231402572,0,1,0,1,0,1,1,0.06284296283918349
ALT,wide,tb_185#0,bo_182#0,burst_180_182#0,原有,182,185,3,0,2025-06-17,0.12191584453779569,-0.5791001231402572,0,1,0,1,0,1,1,0.06284296283918349
ALT,causal,tb_185#0,bo_182#0,burst_180_182#0,原有,182,185,3,0,2025-06-17,0.12191584453779569,-0.5791001231402572,0,1,0,1,0,1,1,0.06284296283918349
AIFA,cur,tb_162_164#0,bo_160#0,burst_151_160#0,原有,160,162,2,0,2025-05-14,1.1380952140136376,-0.1388069066630675,3,0,3,0,3,0,3,0.09061902144238189
AIFA,wide,tb_158_159#0,bo_151#0,burst_151_160#0,新增,160,158,-2,1,2025-05-08,1.7881213261817588,0.01030452812913557,2,0,2,0,2,0,2,0.08346504966465496
AIFA,wide,tb_158_159#1,bo_152#0,burst_151_160#0,新增,160,158,-2,1,2025-05-08,1.7881213261817588,0.01030452812913557,2,0,2,0,2,0,2,0.08346504966465496
AIFA,wide,tb_158_159#2,bo_154#0,burst_151_160#0,新增,160,158,-2,1,2025-05-08,1.7881213261817588,0.01030452812913557,2,0,2,0,2,0,2,0.08346504966465496
AIFA,wide,tb_162_164#0,bo_160#0,burst_151_160#0,原有,160,162,2,0,2025-05-14,1.1380952140136376,-0.1388069066630675,3,0,3,0,3,0,3,0.09061902144238189
AIFA,causal,tb_162_164#0,bo_160#0,burst_151_160#0,原有,160,162,2,0,2025-05-14,1.1380952140136376,-0.1388069066630675,3,0,3,0,3,0,3,0.09061902144238189
AERG,wide,tb_164_166#0,bo_162#0,burst_162_168#0,新增,168,164,-4,2,2025-05-16,1.4714147247205493,-0.09911833678253106,3,0,3,0,3,0,3,0.10661200752803363
AERG,wide,tb_166_167#0,bo_164#0,burst_162_168#0,新增,168,166,-2,1,2025-05-20,1.384324577886175,-0.04120600660819568,2,0,2,0,2,0,2,0.10812782989237604
ABAT,cur,tb_255#1,bo_252#0,burst_249_252#0,原有,252,255,3,0,2025-09-26,1.6232875504353261,-0.2625570925388486,1,0,1,0,1,0,1,0.07931434644591516
ABAT,cur,tb_255#2,bo_253#0,burst_249_253#0,原有,253,255,2,0,2025-09-26,1.6232875504353261,-0.2625570925388486,1,0,1,0,1,0,1,0.07931434644591516
ABAT,wide,tb_255#0,bo_249#0,burst_249_252#0,新增,252,255,3,0,2025-09-26,1.6232875504353261,-0.2625570925388486,1,0,1,0,1,0,1,0.07931434644591516
ABAT,wide,tb_255#1,bo_252#0,burst_249_252#0,原有,252,255,3,0,2025-09-26,1.6232875504353261,-0.2625570925388486,1,0,1,0,1,0,1,0.07931434644591516
ABAT,wide,tb_255#2,bo_253#0,burst_249_253#0,原有,253,255,2,0,2025-09-26,1.6232875504353261,-0.2625570925388486,1,0,1,0,1,0,1,0.07931434644591516
ABAT,causal,tb_255#0,bo_249#0,burst_249_252#0,新增,252,255,3,0,2025-09-26,1.6232875504353261,-0.2625570925388486,1,0,1,0,1,0,1,0.07931434644591516
ABAT,causal,tb_255#1,bo_252#0,burst_249_252#0,原有,252,255,3,0,2025-09-26,1.6232875504353261,-0.2625570925388486,1,0,1,0,1,0,1,0.07931434644591516
ABAT,causal,tb_255#2,bo_253#0,burst_249_253#0,原有,253,255,2,0,2025-09-26,1.6232875504353261,-0.2625570925388486,1,0,1,0,1,0,1,0.07931434644591516
ADUR,cur,tb_167#0,bo_165#0,burst_154_165#0,原有,165,167,2,0,2025-05-21,0.710344774969693,-0.013793090294147325,1,0,1,0,1,0,1,0.08228098763916682
ADUR,wide,tb_162#0,bo_158#0,burst_154_165#0,新增,165,162,-3,1,2025-05-14,0.909090957486735,-0.062200935832852355,1,0,1,0,1,0,1,0.057997986919337066
ADUR,wide,tb_167#0,bo_165#0,burst_154_165#0,原有,165,167,2,0,2025-05-21,0.710344774969693,-0.013793090294147325,1,0,1,0,1,0,1,0.08228098763916682
ADUR,causal,tb_167#0,bo_165#0,burst_154_165#0,原有,165,167,2,0,2025-05-21,0.710344774969693,-0.013793090294147325,1,0,1,0,1,0,1,0.08228098763916682
AGMRF,cur,tb_213_220#0,bo_200#0,burst_197_200#0,原有,200,213,13,0,2025-07-29,1.2585493063858397,-0.026477216407699247,8,0,8,0,8,0,8,0.1612922614024801
AGMRF,cur,tb_213_221#0,bo_201#0,burst_197_201#0,原有,201,213,12,0,2025-07-29,1.2409327057495163,-0.024461228479611644,9,0,9,0,9,0,9,0.1612922614024801
AGMRF,wide,tb_213_217#0,bo_197#0,burst_197_200#0,新增,200,213,13,0,2025-07-29,1.3354180546196361,-0.03924034943683417,5,0,5,0,5,0,5,0.1612922614024801
AGMRF,wide,tb_213_218#0,bo_198#0,burst_197_200#0,新增,200,213,13,0,2025-07-29,1.31139910829481,-0.03183071988054106,6,0,6,0,6,0,6,0.1612922614024801
AGMRF,wide,tb_213_220#0,bo_200#0,burst_197_200#0,原有,200,213,13,0,2025-07-29,1.2585493063858397,-0.026477216407699247,8,0,8,0,8,0,8,0.1612922614024801
AGMRF,wide,tb_213_221#0,bo_201#0,burst_197_201#0,原有,201,213,12,0,2025-07-29,1.2409327057495163,-0.024461228479611644,9,0,9,0,9,0,9,0.1612922614024801
AGMRF,causal,tb_213_217#0,bo_197#0,burst_197_200#0,新增,200,213,13,0,2025-07-29,1.3354180546196361,-0.03924034943683417,5,0,5,0,5,0,5,0.1612922614024801
AGMRF,causal,tb_213_218#0,bo_198#0,burst_197_200#0,新增,200,213,13,0,2025-07-29,1.31139910829481,-0.03183071988054106,6,0,6,0,6,0,6,0.1612922614024801
AGMRF,causal,tb_213_220#0,bo_200#0,burst_197_200#0,原有,200,213,13,0,2025-07-29,1.2585493063858397,-0.026477216407699247,8,0,8,0,8,0,8,0.1612922614024801
AGMRF,causal,tb_213_221#0,bo_201#0,burst_197_201#0,原有,201,213,12,0,2025-07-29,1.2409327057495163,-0.024461228479611644,9,0,9,0,9,0,9,0.1612922614024801
ALTO,cur,tb_292_296#0,bo_288#0,burst_284_288#0,原有,288,292,4,0,2025-11-18,0.502076520080583,-0.026283196269197374,5,0,5,0,1,0,5,0.08967207292126138
ALTO,cur,tb_292_296#1,bo_289#0,burst_284_289#0,原有,289,292,3,0,2025-11-18,0.502076520080583,-0.026283196269197374,5,0,5,0,1,0,5,0.08967207292126138
ALTO,cur,tb_296#0,bo_293#0,burst_284_293#0,原有,293,296,3,0,2025-11-24,0.4790697328847071,-0.018604743487125486,1,0,1,0,0,0,1,0.09308025006154805
ALTO,wide,tb_292_296#0,bo_288#0,burst_284_288#0,原有,288,292,4,0,2025-11-18,0.502076520080583,-0.026283196269197374,5,0,5,0,1,0,5,0.08967207292126138
ALTO,wide,tb_292_296#1,bo_289#0,burst_284_289#0,原有,289,292,3,0,2025-11-18,0.502076520080583,-0.026283196269197374,5,0,5,0,1,0,5,0.08967207292126138
ALTO,wide,tb_296#0,bo_293#0,burst_284_293#0,原有,293,296,3,0,2025-11-24,0.4790697328847071,-0.018604743487125486,1,0,1,0,0,0,1,0.09308025006154805
ALTO,causal,tb_292_296#0,bo_288#0,burst_284_288#0,原有,288,292,4,0,2025-11-18,0.502076520080583,-0.026283196269197374,5,0,5,0,1,0,5,0.08967207292126138
ALTO,causal,tb_292_296#1,bo_289#0,burst_284_289#0,原有,289,292,3,0,2025-11-18,0.502076520080583,-0.026283196269197374,5,0,5,0,1,0,5,0.08967207292126138
ALTO,causal,tb_296#0,bo_293#0,burst_284_293#0,原有,293,296,3,0,2025-11-24,0.4790697328847071,-0.018604743487125486,1,0,1,0,0,0,1,0.09308025006154805
ALXO,cur,tb_223_226#1,bo_219#0,burst_210_219#0,原有,219,223,4,0,2025-08-12,2.528935261599407,-0.018041919349413127,4,0,4,0,4,0,4,0.08394145949059292
ALXO,cur,tb_233_236#0,bo_227#0,burst_210_227#0,原有,227,233,6,0,2025-08-26,0.9716754876593824,-0.16616368204863147,4,0,4,0,4,0,4,0.10729489969322187
ALXO,wide,tb_223_226#0,bo_218#0,burst_210_219#0,新增,219,223,4,0,2025-08-12,2.528935261599407,-0.018041919349413127,4,0,4,0,4,0,4,0.08394145949059292
ALXO,wide,tb_223_226#1,bo_219#0,burst_210_219#0,原有,219,223,4,0,2025-08-12,2.528935261599407,-0.018041919349413127,4,0,4,0,4,0,4,0.08394145949059292
ALXO,wide,tb_233_236#0,bo_227#0,burst_210_227#0,原有,227,233,6,0,2025-08-26,0.9716754876593824,-0.16616368204863147,4,0,4,0,4,0,4,0.10729489969322187
ALXO,causal,tb_223_226#0,bo_218#0,burst_210_219#0,新增,219,223,4,0,2025-08-12,2.528935261599407,-0.018041919349413127,4,0,4,0,4,0,4,0.08394145949059292
ALXO,causal,tb_223_226#1,bo_219#0,burst_210_219#0,原有,219,223,4,0,2025-08-12,2.528935261599407,-0.018041919349413127,4,0,4,0,4,0,4,0.08394145949059292
ALXO,causal,tb_233_236#0,bo_227#0,burst_210_227#0,原有,227,233,6,0,2025-08-26,0.9716754876593824,-0.16616368204863147,4,0,4,0,4,0,4,0.10729489969322187
ALYAF,cur,tb_105_108#1,bo_102#0,burst_101_102#0,原有,102,105,3,0,2025-02-21,0.009836030511854638,-0.38405981623415075,0,4,0,4,0,4,4,0.04634511746807178
ALYAF,cur,tb_186#2,bo_183#0,burst_175_183#0,原有,183,186,3,0,2025-06-18,0.10674160689570833,-0.15730335724171662,0,1,0,1,0,0,1,0.033376447207861794
ALYAF,wide,tb_105_108#0,bo_101#0,burst_101_102#0,新增,102,105,3,0,2025-02-21,0.009836030511854638,-0.38405981623415075,0,4,0,4,0,4,4,0.04634511746807178
ALYAF,wide,tb_105_108#1,bo_102#0,burst_101_102#0,原有,102,105,3,0,2025-02-21,0.009836030511854638,-0.38405981623415075,0,4,0,4,0,4,4,0.04634511746807178
ALYAF,wide,tb_186#0,bo_181#0,burst_175_183#0,新增,183,186,3,0,2025-06-18,0.10674160689570833,-0.15730335724171662,0,1,0,1,0,0,1,0.033376447207861794
ALYAF,wide,tb_186#1,bo_182#0,burst_175_183#0,新增,183,186,3,0,2025-06-18,0.10674160689570833,-0.15730335724171662,0,1,0,1,0,0,1,0.033376447207861794
ALYAF,wide,tb_186#2,bo_183#0,burst_175_183#0,原有,183,186,3,0,2025-06-18,0.10674160689570833,-0.15730335724171662,0,1,0,1,0,0,1,0.033376447207861794
ALYAF,causal,tb_105_108#0,bo_101#0,burst_101_102#0,新增,102,105,3,0,2025-02-21,0.009836030511854638,-0.38405981623415075,0,4,0,4,0,4,4,0.04634511746807178
ALYAF,causal,tb_105_108#1,bo_102#0,burst_101_102#0,原有,102,105,3,0,2025-02-21,0.009836030511854638,-0.38405981623415075,0,4,0,4,0,4,4,0.04634511746807178
ALYAF,causal,tb_186#0,bo_181#0,burst_175_183#0,新增,183,186,3,0,2025-06-18,0.10674160689570833,-0.15730335724171662,0,1,0,1,0,0,1,0.033376447207861794
ALYAF,causal,tb_186#1,bo_182#0,burst_175_183#0,新增,183,186,3,0,2025-06-18,0.10674160689570833,-0.15730335724171662,0,1,0,1,0,0,1,0.033376447207861794
ALYAF,causal,tb_186#2,bo_183#0,burst_175_183#0,原有,183,186,3,0,2025-06-18,0.10674160689570833,-0.15730335724171662,0,1,0,1,0,0,1,0.033376447207861794
ACMR,cur,tb_112_117#0,bo_103#0,burst_90_103#0,原有,103,112,9,0,2025-03-04,0.1580222837201257,-0.36429716557524877,0,6,0,6,0,6,6,0.057200398922108195
ACMR,cur,tb_112_119#0,bo_108#0,burst_90_108#0,原有,108,112,4,0,2025-03-04,0.14736669126676735,-0.37014661287890016,0,8,0,8,0,8,8,0.057200398922108195
ACMR,wide,tb_97_101#0,bo_95#0,burst_90_103#0,新增,103,97,-6,1,2025-02-10,0.3175004841062051,-0.2666479699997572,5,0,5,0,5,0,5,0.042864290953282605
ACMR,wide,tb_112_117#0,bo_103#0,burst_90_103#0,原有,103,112,9,0,2025-03-04,0.1580222837201257,-0.36429716557524877,0,6,0,6,0,6,6,0.057200398922108195
ACMR,wide,tb_112_119#0,bo_108#0,burst_90_108#0,原有,108,112,4,0,2025-03-04,0.14736669126676735,-0.37014661287890016,0,8,0,8,0,8,8,0.057200398922108195
ACMR,causal,tb_112_117#0,bo_103#0,burst_90_103#0,原有,103,112,9,0,2025-03-04,0.1580222837201257,-0.36429716557524877,0,6,0,6,0,6,6,0.057200398922108195
ACMR,causal,tb_112_119#0,bo_108#0,burst_90_108#0,原有,108,112,4,0,2025-03-04,0.14736669126676735,-0.37014661287890016,0,8,0,8,0,8,8,0.057200398922108195
ACOG,cur,tb_121_122#1,bo_119#0,burst_118_119#0,原有,119,121,2,0,2025-05-09,0.5416568151245839,-0.11962201837731123,2,0,0,0,0,0,2,0.11647760739407483
ACOG,cur,tb_131_132#0,bo_126#0,burst_118_126#0,原有,126,131,5,0,2025-05-23,0.28548603445737286,-0.15674787403135776,0,0,0,0,0,0,2,0.09395420640451538
ACOG,cur,tb_131_132#1,bo_127#0,burst_118_127#0,原有,127,131,4,0,2025-05-23,0.28548603445737286,-0.15674787403135776,0,0,0,0,0,0,2,0.09395420640451538
ACOG,wide,tb_121_122#0,bo_118#0,burst_118_119#0,新增,119,121,2,0,2025-05-09,0.5416568151245839,-0.11962201837731123,2,0,0,0,0,0,2,0.11647760739407483
ACOG,wide,tb_121_122#1,bo_119#0,burst_118_119#0,原有,119,121,2,0,2025-05-09,0.5416568151245839,-0.11962201837731123,2,0,0,0,0,0,2,0.11647760739407483
ACOG,wide,tb_131_132#0,bo_126#0,burst_118_126#0,原有,126,131,5,0,2025-05-23,0.28548603445737286,-0.15674787403135776,0,0,0,0,0,0,2,0.09395420640451538
ACOG,wide,tb_131_132#1,bo_127#0,burst_118_127#0,原有,127,131,4,0,2025-05-23,0.28548603445737286,-0.15674787403135776,0,0,0,0,0,0,2,0.09395420640451538
ACOG,causal,tb_121_122#0,bo_118#0,burst_118_119#0,新增,119,121,2,0,2025-05-09,0.5416568151245839,-0.11962201837731123,2,0,0,0,0,0,2,0.11647760739407483
ACOG,causal,tb_121_122#1,bo_119#0,burst_118_119#0,原有,119,121,2,0,2025-05-09,0.5416568151245839,-0.11962201837731123,2,0,0,0,0,0,2,0.11647760739407483
ACOG,causal,tb_131_132#0,bo_126#0,burst_118_126#0,原有,126,131,5,0,2025-05-23,0.28548603445737286,-0.15674787403135776,0,0,0,0,0,0,2,0.09395420640451538
ACOG,causal,tb_131_132#1,bo_127#0,burst_118_127#0,原有,127,131,4,0,2025-05-23,0.28548603445737286,-0.15674787403135776,0,0,0,0,0,0,2,0.09395420640451538
ADNH,cur,tb_229#0,bo_227#0,burst_223_227#0,原有,227,229,2,0,2025-08-20,0.3794642415239802,-0.38616071689911946,0,1,0,1,0,1,1,0.09737971561368106
ADNH,wide,tb_229#0,bo_227#0,burst_223_227#0,原有,227,229,2,0,2025-08-20,0.3794642415239802,-0.38616071689911946,0,1,0,1,0,1,1,0.09737971561368106
ADNH,causal,tb_229#0,bo_227#0,burst_223_227#0,原有,227,229,2,0,2025-08-20,0.3794642415239802,-0.38616071689911946,0,1,0,1,0,1,1,0.09737971561368106
ADCT,cur,tb_177_184#0,bo_165#0,burst_162_165#0,原有,165,177,12,0,2025-06-05,0.08760844679378332,-0.28385734112869665,0,0,0,0,0,0,8,0.11662330891023376
ADCT,wide,tb_177_184#0,bo_165#0,burst_162_165#0,原有,165,177,12,0,2025-06-05,0.08760844679378332,-0.28385734112869665,0,0,0,0,0,0,8,0.11662330891023376
ADCT,causal,tb_177_184#0,bo_165#0,burst_162_165#0,原有,165,177,12,0,2025-06-05,0.08760844679378332,-0.28385734112869665,0,0,0,0,0,0,8,0.11662330891023376
ACFN,cur,tb_219_224#0,bo_212#0,burst_212#0,原有,212,219,7,0,2025-08-06,0.10736076060337496,-0.18643837845077385,0,0,0,0,0,0,6,0.06917495749568961
ACFN,wide,tb_219_224#0,bo_212#0,burst_212#0,原有,212,219,7,0,2025-08-06,0.10736076060337496,-0.18643837845077385,0,0,0,0,0,0,6,0.06917495749568961
ACFN,causal,tb_219_224#0,bo_212#0,burst_212#0,原有,212,219,7,0,2025-08-06,0.10736076060337496,-0.18643837845077385,0,0,0,0,0,0,6,0.06917495749568961
ACHR,cur,tb_170_172#1,bo_163#0,burst_154_163#0,原有,163,170,7,0,2025-05-27,0.2688300480883674,-0.1456420946493159,3,0,0,0,0,0,3,0.05904162335558703
ACHR,cur,tb_170_172#2,bo_164#0,burst_154_164#0,原有,164,170,6,0,2025-05-27,0.2688300480883674,-0.1456420946493159,3,0,0,0,0,0,3,0.05904162335558703
ACHR,wide,tb_170_172#0,bo_161#0,burst_154_163#0,新增,163,170,7,0,2025-05-27,0.2688300480883674,-0.1456420946493159,3,0,0,0,0,0,3,0.05904162335558703
ACHR,wide,tb_170_172#1,bo_163#0,burst_154_163#0,原有,163,170,7,0,2025-05-27,0.2688300480883674,-0.1456420946493159,3,0,0,0,0,0,3,0.05904162335558703
ACHR,wide,tb_170_172#2,bo_164#0,burst_154_164#0,原有,164,170,6,0,2025-05-27,0.2688300480883674,-0.1456420946493159,3,0,0,0,0,0,3,0.05904162335558703
ACHR,causal,tb_170_172#0,bo_161#0,burst_154_163#0,新增,163,170,7,0,2025-05-27,0.2688300480883674,-0.1456420946493159,3,0,0,0,0,0,3,0.05904162335558703
ACHR,causal,tb_170_172#1,bo_163#0,burst_154_163#0,原有,163,170,7,0,2025-05-27,0.2688300480883674,-0.1456420946493159,3,0,0,0,0,0,3,0.05904162335558703
ACHR,causal,tb_170_172#2,bo_164#0,burst_154_164#0,原有,164,170,6,0,2025-05-27,0.2688300480883674,-0.1456420946493159,3,0,0,0,0,0,3,0.05904162335558703
ABUS,cur,tb_246#2,bo_237#0,burst_235_237#0,原有,237,246,9,0,2025-09-15,0.0927151390738139,-0.09492280027818656,0,0,0,0,0,0,1,0.04349485312004129
ABUS,cur,tb_246#3,bo_240#0,burst_235_240#0,原有,240,246,6,0,2025-09-15,0.0927151390738139,-0.09492280027818656,0,0,0,0,0,0,1,0.04349485312004129
ABUS,wide,tb_246#0,bo_235#0,burst_235_237#0,新增,237,246,9,0,2025-09-15,0.0927151390738139,-0.09492280027818656,0,0,0,0,0,0,1,0.04349485312004129
ABUS,wide,tb_246#1,bo_236#0,burst_235_237#0,新增,237,246,9,0,2025-09-15,0.0927151390738139,-0.09492280027818656,0,0,0,0,0,0,1,0.04349485312004129
ABUS,wide,tb_246#2,bo_237#0,burst_235_237#0,原有,237,246,9,0,2025-09-15,0.0927151390738139,-0.09492280027818656,0,0,0,0,0,0,1,0.04349485312004129
ABUS,wide,tb_246#3,bo_240#0,burst_235_240#0,原有,240,246,6,0,2025-09-15,0.0927151390738139,-0.09492280027818656,0,0,0,0,0,0,1,0.04349485312004129
ABUS,causal,tb_246#0,bo_235#0,burst_235_237#0,新增,237,246,9,0,2025-09-15,0.0927151390738139,-0.09492280027818656,0,0,0,0,0,0,1,0.04349485312004129
ABUS,causal,tb_246#1,bo_236#0,burst_235_237#0,新增,237,246,9,0,2025-09-15,0.0927151390738139,-0.09492280027818656,0,0,0,0,0,0,1,0.04349485312004129
ABUS,causal,tb_246#2,bo_237#0,burst_235_237#0,原有,237,246,9,0,2025-09-15,0.0927151390738139,-0.09492280027818656,0,0,0,0,0,0,1,0.04349485312004129
ABUS,causal,tb_246#3,bo_240#0,burst_235_240#0,原有,240,246,6,0,2025-09-15,0.0927151390738139,-0.09492280027818656,0,0,0,0,0,0,1,0.04349485312004129
AMBO,cur,tb_231_237#0,bo_227#0,burst_225_227#0,原有,227,231,4,0,2025-08-22,0.9037350998598487,-0.179278621630955,7,0,7,0,7,0,7,0.09467356944795523
AMBO,wide,tb_231_237#0,bo_227#0,burst_225_227#0,原有,227,231,4,0,2025-08-22,0.9037350998598487,-0.179278621630955,7,0,7,0,7,0,7,0.09467356944795523
AMBO,causal,tb_231_237#0,bo_227#0,burst_225_227#0,原有,227,231,4,0,2025-08-22,0.9037350998598487,-0.179278621630955,7,0,7,0,7,0,7,0.09467356944795523
AMBP,cur,tb_151_153#0,bo_148#0,burst_148#0,原有,148,151,3,0,2025-04-29,0.20039459839531237,-0.04427935256230534,3,0,2,0,0,0,3,0.04102717171848999
AMBP,wide,tb_151_153#0,bo_148#0,burst_148#0,原有,148,151,3,0,2025-04-29,0.20039459839531237,-0.04427935256230534,3,0,2,0,0,0,3,0.04102717171848999
AMBP,causal,tb_151_153#0,bo_148#0,burst_148#0,原有,148,151,3,0,2025-04-29,0.20039459839531237,-0.04427935256230534,3,0,2,0,0,0,3,0.04102717171848999
AMC,cur,tb_173_174#1,bo_170#0,burst_166_170#0,原有,170,173,3,0,2025-05-30,0.02887376364885008,-0.20262282295119843,0,2,0,1,0,0,2,0.0481101794224206
AMC,wide,tb_173_174#0,bo_168#0,burst_166_170#0,新增,170,173,3,0,2025-05-30,0.02887376364885008,-0.20262282295119843,0,2,0,1,0,0,2,0.0481101794224206
AMC,wide,tb_173_174#1,bo_170#0,burst_166_170#0,原有,170,173,3,0,2025-05-30,0.02887376364885008,-0.20262282295119843,0,2,0,1,0,0,2,0.0481101794224206
AMC,causal,tb_173_174#0,bo_168#0,burst_166_170#0,新增,170,173,3,0,2025-05-30,0.02887376364885008,-0.20262282295119843,0,2,0,1,0,0,2,0.0481101794224206
AMC,causal,tb_173_174#1,bo_170#0,burst_166_170#0,原有,170,173,3,0,2025-05-30,0.02887376364885008,-0.20262282295119843,0,2,0,1,0,0,2,0.0481101794224206
AMPG,cur,tb_207#0,bo_204#0,burst_204#0,原有,204,207,3,0,2025-07-21,0.532423095159688,-0.12969286886791298,1,0,1,0,1,0,1,0.0648706091673668
AMPG,wide,tb_207#0,bo_204#0,burst_204#0,原有,204,207,3,0,2025-07-21,0.532423095159688,-0.12969286886791298,1,0,1,0,1,0,1,0.0648706091673668
AMPG,causal,tb_207#0,bo_204#0,burst_204#0,原有,204,207,3,0,2025-07-21,0.532423095159688,-0.12969286886791298,1,0,1,0,1,0,1,0.0648706091673668
ABOS,cur,tb_263#2,bo_261#0,burst_254_261#0,原有,261,263,2,0,2025-10-08,0.3085106619076796,-0.20212765755077033,1,0,0,0,0,0,1,0.07067997927223782
ABOS,cur,tb_267_269#0,bo_264#0,burst_254_264#0,原有,264,267,3,0,2025-10-14,0.09655699145755355,-0.33136769850405196,0,3,0,2,0,1,3,0.07958029893572184
ABOS,wide,tb_263#0,bo_256#0,burst_254_261#0,新增,261,263,2,0,2025-10-08,0.3085106619076796,-0.20212765755077033,1,0,0,0,0,0,1,0.07067997927223782
ABOS,wide,tb_263#1,bo_257#0,burst_254_261#0,新增,261,263,2,0,2025-10-08,0.3085106619076796,-0.20212765755077033,1,0,0,0,0,0,1,0.07067997927223782
ABOS,wide,tb_263#2,bo_261#0,burst_254_261#0,原有,261,263,2,0,2025-10-08,0.3085106619076796,-0.20212765755077033,1,0,0,0,0,0,1,0.07067997927223782
ABOS,wide,tb_267_269#0,bo_264#0,burst_254_264#0,原有,264,267,3,0,2025-10-14,0.09655699145755355,-0.33136769850405196,0,3,0,2,0,1,3,0.07958029893572184
ABOS,causal,tb_263#0,bo_256#0,burst_254_261#0,新增,261,263,2,0,2025-10-08,0.3085106619076796,-0.20212765755077033,1,0,0,0,0,0,1,0.07067997927223782
ABOS,causal,tb_263#1,bo_257#0,burst_254_261#0,新增,261,263,2,0,2025-10-08,0.3085106619076796,-0.20212765755077033,1,0,0,0,0,0,1,0.07067997927223782
ABOS,causal,tb_263#2,bo_261#0,burst_254_261#0,原有,261,263,2,0,2025-10-08,0.3085106619076796,-0.20212765755077033,1,0,0,0,0,0,1,0.07067997927223782
ABOS,causal,tb_267_269#0,bo_264#0,burst_254_264#0,原有,264,267,3,0,2025-10-14,0.09655699145755355,-0.33136769850405196,0,3,0,2,0,1,3,0.07958029893572184
ANVS,cur,tb_296#0,bo_291#0,burst_288_291#0,原有,291,296,5,0,2025-11-24,0.3447432261145398,-0.3398533137033434,0,1,0,1,0,0,1,0.091395413772039
ANVS,cur,tb_296#1,bo_292#0,burst_288_292#0,原有,292,296,4,0,2025-11-24,0.3447432261145398,-0.3398533137033434,0,1,0,1,0,0,1,0.091395413772039
ANVS,cur,tb_296#2,bo_294#0,burst_288_294#0,原有,294,296,2,0,2025-11-24,0.3447432261145398,-0.3398533137033434,0,1,0,1,0,0,1,0.091395413772039
ANVS,cur,tb_299#0,bo_296#0,burst_288_296#0,原有,296,299,3,0,2025-11-28,0.0,-0.47058821604463574,0,1,0,1,0,1,1,0.13346487122109285
ANVS,wide,tb_296#0,bo_291#0,burst_288_291#0,原有,291,296,5,0,2025-11-24,0.3447432261145398,-0.3398533137033434,0,1,0,1,0,0,1,0.091395413772039
ANVS,wide,tb_296#1,bo_292#0,burst_288_292#0,原有,292,296,4,0,2025-11-24,0.3447432261145398,-0.3398533137033434,0,1,0,1,0,0,1,0.091395413772039
ANVS,wide,tb_296#2,bo_294#0,burst_288_294#0,原有,294,296,2,0,2025-11-24,0.3447432261145398,-0.3398533137033434,0,1,0,1,0,0,1,0.091395413772039
ANVS,wide,tb_299#0,bo_296#0,burst_288_296#0,原有,296,299,3,0,2025-11-28,0.0,-0.47058821604463574,0,1,0,1,0,1,1,0.13346487122109285
ANVS,causal,tb_296#0,bo_291#0,burst_288_291#0,原有,291,296,5,0,2025-11-24,0.3447432261145398,-0.3398533137033434,0,1,0,1,0,0,1,0.091395413772039
ANVS,causal,tb_296#1,bo_292#0,burst_288_292#0,原有,292,296,4,0,2025-11-24,0.3447432261145398,-0.3398533137033434,0,1,0,1,0,0,1,0.091395413772039
ANVS,causal,tb_296#2,bo_294#0,burst_288_294#0,原有,294,296,2,0,2025-11-24,0.3447432261145398,-0.3398533137033434,0,1,0,1,0,0,1,0.091395413772039
ANVS,causal,tb_299#0,bo_296#0,burst_288_296#0,原有,296,299,3,0,2025-11-28,0.0,-0.47058821604463574,0,1,0,1,0,1,1,0.13346487122109285
ANY,cur,tb_271#0,bo_269#0,burst_259_269#0,原有,269,271,2,0,2025-10-20,0.018099529937821268,-0.5475113200276349,0,1,0,1,0,1,1,0.08539711120232263
ANY,wide,tb_266_267#0,bo_263#0,burst_259_269#0,新增,269,266,-3,1,2025-10-13,0.4157304406211271,-0.5269662675735931,2,0,2,0,1,1,2,0.06912859860367189
ANY,wide,tb_271#0,bo_269#0,burst_259_269#0,原有,269,271,2,0,2025-10-20,0.018099529937821268,-0.5475113200276349,0,1,0,1,0,1,1,0.08539711120232263
ANY,causal,tb_271#0,bo_269#0,burst_259_269#0,原有,269,271,2,0,2025-10-20,0.018099529937821268,-0.5475113200276349,0,1,0,1,0,1,1,0.08539711120232263
AP,cur,tb_163_164#1,bo_160#0,burst_155_160#0,原有,160,163,3,0,2025-05-15,0.6108455576538537,-0.009511650366428648,2,0,2,0,1,0,2,0.07276484228285024
AP,wide,tb_163_164#0,bo_158#0,burst_155_160#0,新增,160,163,3,0,2025-05-15,0.6108455576538537,-0.009511650366428648,2,0,2,0,1,0,2,0.07276484228285024
AP,wide,tb_163_164#1,bo_160#0,burst_155_160#0,原有,160,163,3,0,2025-05-15,0.6108455576538537,-0.009511650366428648,2,0,2,0,1,0,2,0.07276484228285024
AP,causal,tb_163_164#0,bo_158#0,burst_155_160#0,新增,160,163,3,0,2025-05-15,0.6108455576538537,-0.009511650366428648,2,0,2,0,1,0,2,0.07276484228285024
AP,causal,tb_163_164#1,bo_160#0,burst_155_160#0,原有,160,163,3,0,2025-05-15,0.6108455576538537,-0.009511650366428648,2,0,2,0,1,0,2,0.07276484228285024
APYX,cur,tb_263_266#1,bo_261#0,burst_260_261#0,原有,261,263,2,0,2025-10-08,0.5017344438041507,-0.08034816305710224,4,0,4,0,4,0,4,0.05514728119681547
APYX,wide,tb_263_266#0,bo_260#0,burst_260_261#0,新增,261,263,2,0,2025-10-08,0.5017344438041507,-0.08034816305710224,4,0,4,0,4,0,4,0.05514728119681547
APYX,wide,tb_263_266#1,bo_261#0,burst_260_261#0,原有,261,263,2,0,2025-10-08,0.5017344438041507,-0.08034816305710224,4,0,4,0,4,0,4,0.05514728119681547
APYX,causal,tb_263_266#0,bo_260#0,burst_260_261#0,新增,261,263,2,0,2025-10-08,0.5017344438041507,-0.08034816305710224,4,0,4,0,4,0,4,0.05514728119681547
APYX,causal,tb_263_266#1,bo_261#0,burst_260_261#0,原有,261,263,2,0,2025-10-08,0.5017344438041507,-0.08034816305710224,4,0,4,0,4,0,4,0.05514728119681547
ARBB,cur,tb_259_271#0,bo_251#0,burst_250_251#0,原有,251,259,8,0,2025-10-02,0.21227538951760777,-0.3028144298300294,2,3,1,2,0,0,13,0.10119657323010833
ARBB,wide,tb_259_270#0,bo_250#0,burst_250_251#0,新增,251,259,8,0,2025-10-02,0.17436604805425016,-0.3091687538719119,1,3,0,2,0,0,12,0.10119657323010833
ARBB,wide,tb_259_271#0,bo_251#0,burst_250_251#0,原有,251,259,8,0,2025-10-02,0.21227538951760777,-0.3028144298300294,2,3,1,2,0,0,13,0.10119657323010833
ARBB,causal,tb_259_270#0,bo_250#0,burst_250_251#0,新增,251,259,8,0,2025-10-02,0.17436604805425016,-0.3091687538719119,1,3,0,2,0,0,12,0.10119657323010833
ARBB,causal,tb_259_271#0,bo_251#0,burst_250_251#0,原有,251,259,8,0,2025-10-02,0.21227538951760777,-0.3028144298300294,2,3,1,2,0,0,13,0.10119657323010833
ANIX,cur,tb_182#0,bo_179#0,burst_174_179#0,原有,179,182,3,0,2025-06-12,0.05555557027275215,-0.1944443966135554,0,1,0,0,0,0,1,0.05667378146911687
ANIX,cur,tb_188#0,bo_184#0,burst_174_184#0,原有,184,188,4,0,2025-06-23,0.00859598031741915,-0.1690544162054679,0,0,0,0,0,0,1,0.070672279266633
ANIX,cur,tb_266_269#1,bo_263#0,burst_262_263#0,原有,263,266,3,0,2025-10-13,0.23283006796415895,-0.15282626400245983,3,0,0,0,0,0,4,0.054997360090340536
ANIX,wide,tb_182#0,bo_179#0,burst_174_179#0,原有,179,182,3,0,2025-06-12,0.05555557027275215,-0.1944443966135554,0,1,0,0,0,0,1,0.05667378146911687
ANIX,wide,tb_188#0,bo_184#0,burst_174_184#0,原有,184,188,4,0,2025-06-23,0.00859598031741915,-0.1690544162054679,0,0,0,0,0,0,1,0.070672279266633
ANIX,wide,tb_266_269#0,bo_262#0,burst_262_263#0,新增,263,266,3,0,2025-10-13,0.23283006796415895,-0.15282626400245983,3,0,0,0,0,0,4,0.054997360090340536
ANIX,wide,tb_266_269#1,bo_263#0,burst_262_263#0,原有,263,266,3,0,2025-10-13,0.23283006796415895,-0.15282626400245983,3,0,0,0,0,0,4,0.054997360090340536
ANIX,causal,tb_182#0,bo_179#0,burst_174_179#0,原有,179,182,3,0,2025-06-12,0.05555557027275215,-0.1944443966135554,0,1,0,0,0,0,1,0.05667378146911687
ANIX,causal,tb_188#0,bo_184#0,burst_174_184#0,原有,184,188,4,0,2025-06-23,0.00859598031741915,-0.1690544162054679,0,0,0,0,0,0,1,0.070672279266633
ANIX,causal,tb_266_269#0,bo_262#0,burst_262_263#0,新增,263,266,3,0,2025-10-13,0.23283006796415895,-0.15282626400245983,3,0,0,0,0,0,4,0.054997360090340536
ANIX,causal,tb_266_269#1,bo_263#0,burst_262_263#0,原有,263,266,3,0,2025-10-13,0.23283006796415895,-0.15282626400245983,3,0,0,0,0,0,4,0.054997360090340536
AMTD,cur,tb_249_252#2,bo_246#0,burst_244_246#0,原有,246,249,3,0,2025-09-18,0.2476862113554551,-0.3391043754272046,0,4,0,4,0,4,4,0.0631973439850897
AMTD,cur,tb_249_252#3,bo_247#0,burst_244_247#0,原有,247,249,2,0,2025-09-18,0.2476862113554551,-0.3391043754272046,0,4,0,4,0,4,4,0.0631973439850897
AMTD,wide,tb_249_252#0,bo_244#0,burst_244_246#0,新增,246,249,3,0,2025-09-18,0.2476862113554551,-0.3391043754272046,0,4,0,4,0,4,4,0.0631973439850897
AMTD,wide,tb_249_252#1,bo_245#0,burst_244_246#0,新增,246,249,3,0,2025-09-18,0.2476862113554551,-0.3391043754272046,0,4,0,4,0,4,4,0.0631973439850897
AMTD,wide,tb_249_252#2,bo_246#0,burst_244_246#0,原有,246,249,3,0,2025-09-18,0.2476862113554551,-0.3391043754272046,0,4,0,4,0,4,4,0.0631973439850897
AMTD,wide,tb_249_252#3,bo_247#0,burst_244_247#0,原有,247,249,2,0,2025-09-18,0.2476862113554551,-0.3391043754272046,0,4,0,4,0,4,4,0.0631973439850897
AMTD,causal,tb_249_252#0,bo_244#0,burst_244_246#0,新增,246,249,3,0,2025-09-18,0.2476862113554551,-0.3391043754272046,0,4,0,4,0,4,4,0.0631973439850897
AMTD,causal,tb_249_252#1,bo_245#0,burst_244_246#0,新增,246,249,3,0,2025-09-18,0.2476862113554551,-0.3391043754272046,0,4,0,4,0,4,4,0.0631973439850897
AMTD,causal,tb_249_252#2,bo_246#0,burst_244_246#0,原有,246,249,3,0,2025-09-18,0.2476862113554551,-0.3391043754272046,0,4,0,4,0,4,4,0.0631973439850897
AMTD,causal,tb_249_252#3,bo_247#0,burst_244_247#0,原有,247,249,2,0,2025-09-18,0.2476862113554551,-0.3391043754272046,0,4,0,4,0,4,4,0.0631973439850897
APCX,cur,tb_293#0,bo_289#0,burst_282_289#0,原有,289,293,4,0,2025-11-19,0.0,-0.5549019562011037,0,1,0,1,0,1,1,0.17520108578989865
APCX,cur,tb_293#1,bo_290#0,burst_282_290#0,原有,290,293,3,0,2025-11-19,0.0,-0.5549019562011037,0,1,0,1,0,1,1,0.17520108578989865
APCX,wide,tb_293#0,bo_289#0,burst_282_289#0,原有,289,293,4,0,2025-11-19,0.0,-0.5549019562011037,0,1,0,1,0,1,1,0.17520108578989865
APCX,wide,tb_293#1,bo_290#0,burst_282_290#0,原有,290,293,3,0,2025-11-19,0.0,-0.5549019562011037,0,1,0,1,0,1,1,0.17520108578989865
APCX,causal,tb_293#0,bo_289#0,burst_282_289#0,原有,289,293,4,0,2025-11-19,0.0,-0.5549019562011037,0,1,0,1,0,1,1,0.17520108578989865
APCX,causal,tb_293#1,bo_290#0,burst_282_290#0,原有,290,293,3,0,2025-11-19,0.0,-0.5549019562011037,0,1,0,1,0,1,1,0.17520108578989865
ARRY,cur,tb_166#1,bo_161#0,burst_160_161#0,原有,161,166,5,0,2025-05-20,0.06779654483922948,-0.2803129170770865,0,1,0,0,0,0,1,0.08877780724360412
ARRY,wide,tb_166#0,bo_160#0,burst_160_161#0,新增,161,166,5,0,2025-05-20,0.06779654483922948,-0.2803129170770865,0,1,0,0,0,0,1,0.08877780724360412
ARRY,wide,tb_166#1,bo_161#0,burst_160_161#0,原有,161,166,5,0,2025-05-20,0.06779654483922948,-0.2803129170770865,0,1,0,0,0,0,1,0.08877780724360412
ARRY,causal,tb_166#0,bo_160#0,burst_160_161#0,新增,161,166,5,0,2025-05-20,0.06779654483922948,-0.2803129170770865,0,1,0,0,0,0,1,0.08877780724360412
ARRY,causal,tb_166#1,bo_161#0,burst_160_161#0,原有,161,166,5,0,2025-05-20,0.06779654483922948,-0.2803129170770865,0,1,0,0,0,0,1,0.08877780724360412
ARSMF,cur,tb_267#0,bo_262#0,burst_257_262#0,原有,262,267,5,0,2025-10-14,0.014754103486559034,-0.5655738041305431,0,1,0,1,0,1,1,0.12128783835449788
ARSMF,wide,tb_267#0,bo_262#0,burst_257_262#0,原有,262,267,5,0,2025-10-14,0.014754103486559034,-0.5655738041305431,0,1,0,1,0,1,1,0.12128783835449788
ARSMF,causal,tb_267#0,bo_262#0,burst_257_262#0,原有,262,267,5,0,2025-10-14,0.014754103486559034,-0.5655738041305431,0,1,0,1,0,1,1,0.12128783835449788
BABAF,cur,tb_246_252#0,bo_244#0,burst_236_244#0,原有,244,246,2,0,2025-09-15,0.17472725165551742,-0.0890866994483643,0,0,0,0,0,0,7,0.06912488031380604
BABAF,wide,tb_246_252#0,bo_244#0,burst_236_244#0,原有,244,246,2,0,2025-09-15,0.17472725165551742,-0.0890866994483643,0,0,0,0,0,0,7,0.06912488031380604
BABAF,causal,tb_246_252#0,bo_244#0,burst_236_244#0,原有,244,246,2,0,2025-09-15,0.17472725165551742,-0.0890866994483643,0,0,0,0,0,0,7,0.06912488031380604
ASTI,cur,tb_316_317#1,bo_310#0,burst_307_310#0,原有,310,316,6,0,2025-12-23,1.062300844224572,-0.358534597010548,2,0,1,0,0,0,2,0.20478519735436534
ASTI,wide,tb_316_317#0,bo_307#0,burst_307_310#0,新增,310,316,6,0,2025-12-23,1.062300844224572,-0.358534597010548,2,0,1,0,0,0,2,0.20478519735436534
ASTI,wide,tb_316_317#1,bo_310#0,burst_307_310#0,原有,310,316,6,0,2025-12-23,1.062300844224572,-0.358534597010548,2,0,1,0,0,0,2,0.20478519735436534
ASTI,causal,tb_316_317#0,bo_307#0,burst_307_310#0,新增,310,316,6,0,2025-12-23,1.062300844224572,-0.358534597010548,2,0,1,0,0,0,2,0.20478519735436534
ASTI,causal,tb_316_317#1,bo_310#0,burst_307_310#0,原有,310,316,6,0,2025-12-23,1.062300844224572,-0.358534597010548,2,0,1,0,0,0,2,0.20478519735436534
ASLE,cur,tb_230_233#0,bo_227#0,burst_220_227#0,原有,227,230,3,0,2025-08-21,0.020066623916005055,-0.1913271156137575,0,4,0,4,0,4,4,0.037835056161295025
ASLE,wide,tb_227_236#0,bo_220#0,burst_220_227#0,新增,227,227,0,1,2025-08-18,0.024104868735143125,-0.1811697110586416,0,10,0,8,0,5,10,0.04164228252305416
ASLE,wide,tb_227_236#1,bo_221#0,burst_220_227#0,新增,227,227,0,1,2025-08-18,0.024104868735143125,-0.1811697110586416,0,10,0,8,0,5,10,0.04164228252305416
ASLE,wide,tb_230_233#0,bo_227#0,burst_220_227#0,原有,227,230,3,0,2025-08-21,0.020066623916005055,-0.1913271156137575,0,4,0,4,0,4,4,0.037835056161295025
ASLE,causal,tb_230_233#0,bo_227#0,burst_220_227#0,原有,227,230,3,0,2025-08-21,0.020066623916005055,-0.1913271156137575,0,4,0,4,0,4,4,0.037835056161295025
BCAB,wide,tb_236_237#0,bo_233#0,burst_233_241#0,新增,241,236,-5,1,2025-08-29,1.3453164750796152,-0.030897548875918113,2,0,2,0,2,0,2,0.08353929537884967
BCAB,wide,tb_236_237#1,bo_234#0,burst_233_241#0,新增,241,236,-5,1,2025-08-29,1.3453164750796152,-0.030897548875918113,2,0,2,0,2,0,2,0.08353929537884967
BBBXF,cur,tb_189_191#1,bo_182#0,burst_172_182#0,原有,182,189,7,0,2025-06-24,0.07183370512709912,-0.3135123087992651,0,0,0,0,0,0,3,0.1584114340598649
BBBXF,wide,tb_176_177#0,bo_172#0,burst_172_182#0,新增,182,176,-6,2,2025-06-04,0.8668361149993609,-0.21897674941165768,2,0,2,0,2,0,2,0.09878050322239457
BBBXF,wide,tb_176_177#1,bo_174#0,burst_172_182#0,新增,182,176,-6,2,2025-06-04,0.8668361149993609,-0.21897674941165768,2,0,2,0,2,0,2,0.09878050322239457
BBBXF,wide,tb_189_191#0,bo_181#0,burst_172_182#0,新增,182,189,7,0,2025-06-24,0.07183370512709912,-0.3135123087992651,0,0,0,0,0,0,3,0.1584114340598649
BBBXF,wide,tb_189_191#1,bo_182#0,burst_172_182#0,原有,182,189,7,0,2025-06-24,0.07183370512709912,-0.3135123087992651,0,0,0,0,0,0,3,0.1584114340598649
BBBXF,causal,tb_189_191#0,bo_181#0,burst_172_182#0,新增,182,189,7,0,2025-06-24,0.07183370512709912,-0.3135123087992651,0,0,0,0,0,0,3,0.1584114340598649
BBBXF,causal,tb_189_191#1,bo_182#0,burst_172_182#0,原有,182,189,7,0,2025-06-24,0.07183370512709912,-0.3135123087992651,0,0,0,0,0,0,3,0.1584114340598649
BAIDF,cur,tb_250_251#0,bo_248#0,burst_241_248#0,原有,248,250,2,0,2025-09-19,0.08447666408634136,-0.20862513701807517,0,2,0,0,0,0,2,0.053591476016918466
BAIDF,wide,tb_250_251#0,bo_248#0,burst_241_248#0,原有,248,250,2,0,2025-09-19,0.08447666408634136,-0.20862513701807517,0,2,0,0,0,0,2,0.053591476016918466
BAIDF,causal,tb_250_251#0,bo_248#0,burst_241_248#0,原有,248,250,2,0,2025-09-19,0.08447666408634136,-0.20862513701807517,0,2,0,0,0,0,2,0.053591476016918466
BALY,cur,tb_222#2,bo_219#0,burst_217_219#0,原有,219,222,3,0,2025-10-28,0.007194311592171543,-0.24357651800846913,0,0,0,0,0,0,1,0.0821564125372246
BALY,cur,tb_222#3,bo_220#0,burst_217_220#0,原有,220,222,2,0,2025-10-28,0.007194311592171543,-0.24357651800846913,0,0,0,0,0,0,1,0.0821564125372246
BALY,wide,tb_222#0,bo_217#0,burst_217_219#0,新增,219,222,3,0,2025-10-28,0.007194311592171543,-0.24357651800846913,0,0,0,0,0,0,1,0.0821564125372246
BALY,wide,tb_222#1,bo_218#0,burst_217_219#0,新增,219,222,3,0,2025-10-28,0.007194311592171543,-0.24357651800846913,0,0,0,0,0,0,1,0.0821564125372246
BALY,wide,tb_222#2,bo_219#0,burst_217_219#0,原有,219,222,3,0,2025-10-28,0.007194311592171543,-0.24357651800846913,0,0,0,0,0,0,1,0.0821564125372246
BALY,wide,tb_222#3,bo_220#0,burst_217_220#0,原有,220,222,2,0,2025-10-28,0.007194311592171543,-0.24357651800846913,0,0,0,0,0,0,1,0.0821564125372246
BALY,causal,tb_222#0,bo_217#0,burst_217_219#0,新增,219,222,3,0,2025-10-28,0.007194311592171543,-0.24357651800846913,0,0,0,0,0,0,1,0.0821564125372246
BALY,causal,tb_222#1,bo_218#0,burst_217_219#0,新增,219,222,3,0,2025-10-28,0.007194311592171543,-0.24357651800846913,0,0,0,0,0,0,1,0.0821564125372246
BALY,causal,tb_222#2,bo_219#0,burst_217_219#0,原有,219,222,3,0,2025-10-28,0.007194311592171543,-0.24357651800846913,0,0,0,0,0,0,1,0.0821564125372246
BALY,causal,tb_222#3,bo_220#0,burst_217_220#0,原有,220,222,2,0,2025-10-28,0.007194311592171543,-0.24357651800846913,0,0,0,0,0,0,1,0.0821564125372246
AUST,cur,tb_240_244#0,bo_238#0,burst_233_238#0,原有,238,240,2,0,2025-09-05,0.6247112729729036,-0.12377698951452239,5,0,5,0,5,0,5,0.06532825791716403
AUST,cur,tb_246#0,bo_241#0,burst_233_241#0,原有,241,246,5,0,2025-09-15,0.6333334083910362,-0.1888888462090187,1,0,1,0,1,0,1,0.07030545100354882
AUST,wide,tb_240_244#0,bo_238#0,burst_233_238#0,原有,238,240,2,0,2025-09-05,0.6247112729729036,-0.12377698951452239,5,0,5,0,5,0,5,0.06532825791716403
AUST,wide,tb_246#0,bo_241#0,burst_233_241#0,原有,241,246,5,0,2025-09-15,0.6333334083910362,-0.1888888462090187,1,0,1,0,1,0,1,0.07030545100354882
AUST,causal,tb_240_244#0,bo_238#0,burst_233_238#0,原有,238,240,2,0,2025-09-05,0.6247112729729036,-0.12377698951452239,5,0,5,0,5,0,5,0.06532825791716403
AUST,causal,tb_246#0,bo_241#0,burst_233_241#0,原有,241,246,5,0,2025-09-15,0.6333334083910362,-0.1888888462090187,1,0,1,0,1,0,1,0.07030545100354882
AVAH,cur,tb_225#1,bo_221#0,burst_220_221#0,原有,221,225,4,0,2025-08-14,0.2652777636124761,-0.033333302427220435,1,0,1,0,1,0,1,0.03887679717095799
AVAH,cur,tb_225#2,bo_222#0,burst_220_222#0,原有,222,225,3,0,2025-08-14,0.2652777636124761,-0.033333302427220435,1,0,1,0,1,0,1,0.03887679717095799
AVAH,wide,tb_225#0,bo_220#0,burst_220_221#0,新增,221,225,4,0,2025-08-14,0.2652777636124761,-0.033333302427220435,1,0,1,0,1,0,1,0.03887679717095799
AVAH,wide,tb_225#1,bo_221#0,burst_220_221#0,原有,221,225,4,0,2025-08-14,0.2652777636124761,-0.033333302427220435,1,0,1,0,1,0,1,0.03887679717095799
AVAH,wide,tb_225#2,bo_222#0,burst_220_222#0,原有,222,225,3,0,2025-08-14,0.2652777636124761,-0.033333302427220435,1,0,1,0,1,0,1,0.03887679717095799
AVAH,causal,tb_225#0,bo_220#0,burst_220_221#0,新增,221,225,4,0,2025-08-14,0.2652777636124761,-0.033333302427220435,1,0,1,0,1,0,1,0.03887679717095799
AVAH,causal,tb_225#1,bo_221#0,burst_220_221#0,原有,221,225,4,0,2025-08-14,0.2652777636124761,-0.033333302427220435,1,0,1,0,1,0,1,0.03887679717095799
AVAH,causal,tb_225#2,bo_222#0,burst_220_222#0,原有,222,225,3,0,2025-08-14,0.2652777636124761,-0.033333302427220435,1,0,1,0,1,0,1,0.03887679717095799
ATHE,cur,tb_217_227#1,bo_211#0,burst_206_211#0,原有,211,217,6,0,2025-08-04,0.06172446941641529,-0.2877519406742168,0,11,0,11,0,8,11,0.06783308158495582
ATHE,wide,tb_217_227#0,bo_210#0,burst_206_211#0,新增,211,217,6,0,2025-08-04,0.06172446941641529,-0.2877519406742168,0,11,0,11,0,8,11,0.06783308158495582
ATHE,wide,tb_217_227#1,bo_211#0,burst_206_211#0,原有,211,217,6,0,2025-08-04,0.06172446941641529,-0.2877519406742168,0,11,0,11,0,8,11,0.06783308158495582
ATHE,causal,tb_217_227#0,bo_210#0,burst_206_211#0,新增,211,217,6,0,2025-08-04,0.06172446941641529,-0.2877519406742168,0,11,0,11,0,8,11,0.06783308158495582
ATHE,causal,tb_217_227#1,bo_211#0,burst_206_211#0,原有,211,217,6,0,2025-08-04,0.06172446941641529,-0.2877519406742168,0,11,0,11,0,8,11,0.06783308158495582
BEEM,cur,tb_212#0,bo_205#0,burst_202_205#0,原有,205,212,7,0,2025-07-28,0.2337165356445381,-0.19540230305048822,0,0,0,0,0,0,1,0.08650735158096129
BEEM,wide,tb_212#0,bo_205#0,burst_202_205#0,原有,205,212,7,0,2025-07-28,0.2337165356445381,-0.19540230305048822,0,0,0,0,0,0,1,0.08650735158096129
BEEM,causal,tb_212#0,bo_205#0,burst_202_205#0,原有,205,212,7,0,2025-07-28,0.2337165356445381,-0.19540230305048822,0,0,0,0,0,0,1,0.08650735158096129
BELGF,cur,tb_253_255#1,bo_249#0,burst_240_249#0,原有,249,253,4,0,2025-09-24,0.254689214187429,-0.03528329768883143,3,0,3,0,2,0,3,0.041716111268850484
BELGF,cur,tb_258#0,bo_256#0,burst_240_256#0,原有,256,258,2,0,2025-10-01,0.14881620983462418,-0.10497308644681669,0,0,0,0,0,0,1,0.050086289622276445
BELGF,wide,tb_247_248#0,bo_245#0,burst_240_249#0,新增,249,247,-2,2,2025-09-16,0.3895454179698785,0.015151500099837789,2,0,2,0,2,0,2,0.03802690767976562
BELGF,wide,tb_253_255#0,bo_247#0,burst_240_249#0,新增,249,253,4,0,2025-09-24,0.254689214187429,-0.03528329768883143,3,0,3,0,2,0,3,0.041716111268850484
BELGF,wide,tb_253_255#1,bo_249#0,burst_240_249#0,原有,249,253,4,0,2025-09-24,0.254689214187429,-0.03528329768883143,3,0,3,0,2,0,3,0.041716111268850484
BELGF,wide,tb_258#0,bo_256#0,burst_240_256#0,原有,256,258,2,0,2025-10-01,0.14881620983462418,-0.10497308644681669,0,0,0,0,0,0,1,0.050086289622276445
BELGF,causal,tb_253_255#0,bo_247#0,burst_240_249#0,新增,249,253,4,0,2025-09-24,0.254689214187429,-0.03528329768883143,3,0,3,0,2,0,3,0.041716111268850484
BELGF,causal,tb_253_255#1,bo_249#0,burst_240_249#0,原有,249,253,4,0,2025-09-24,0.254689214187429,-0.03528329768883143,3,0,3,0,2,0,3,0.041716111268850484
BELGF,causal,tb_258#0,bo_256#0,burst_240_256#0,原有,256,258,2,0,2025-10-01,0.14881620983462418,-0.10497308644681669,0,0,0,0,0,0,1,0.050086289622276445
ATXG,cur,tb_253#1,bo_251#0,burst_243_251#0,原有,251,253,2,0,2025-09-24,0.14705875936447388,-0.5686274625911905,0,1,0,1,0,1,1,0.12458931822191466
ATXG,wide,tb_253#0,bo_250#0,burst_243_251#0,新增,251,253,2,0,2025-09-24,0.14705875936447388,-0.5686274625911905,0,1,0,1,0,1,1,0.12458931822191466
ATXG,wide,tb_253#1,bo_251#0,burst_243_251#0,原有,251,253,2,0,2025-09-24,0.14705875936447388,-0.5686274625911905,0,1,0,1,0,1,1,0.12458931822191466
ATXG,causal,tb_253#0,bo_250#0,burst_243_251#0,新增,251,253,2,0,2025-09-24,0.14705875936447388,-0.5686274625911905,0,1,0,1,0,1,1,0.12458931822191466
ATXG,causal,tb_253#1,bo_251#0,burst_243_251#0,原有,251,253,2,0,2025-09-24,0.14705875936447388,-0.5686274625911905,0,1,0,1,0,1,1,0.12458931822191466
AYTU,wide,tb_314_317#0,bo_310#0,burst_310_323#0,新增,323,314,-9,3,2025-12-19,0.19612804895555142,-0.170113049979724,0,1,0,0,0,0,4,0.05869827321353799
AYTU,wide,tb_319_321#0,bo_315#0,burst_310_323#0,新增,323,319,-4,2,2025-12-29,0.19778407418578983,-0.16896408124792375,0,0,0,0,0,0,3,0.059719660340684946
BHC,cur,tb_234#1,bo_225#0,burst_224_225#0,原有,225,234,9,0,2025-08-27,0.06464921477644237,-0.18982119918314577,0,1,0,1,0,0,1,0.04446844146855753
BHC,cur,tb_234#2,bo_226#0,burst_224_226#0,原有,226,234,8,0,2025-08-27,0.06464921477644237,-0.18982119918314577,0,1,0,1,0,0,1,0.04446844146855753
BHC,wide,tb_234#0,bo_224#0,burst_224_225#0,新增,225,234,9,0,2025-08-27,0.06464921477644237,-0.18982119918314577,0,1,0,1,0,0,1,0.04446844146855753
BHC,wide,tb_234#1,bo_225#0,burst_224_225#0,原有,225,234,9,0,2025-08-27,0.06464921477644237,-0.18982119918314577,0,1,0,1,0,0,1,0.04446844146855753
BHC,wide,tb_234#2,bo_226#0,burst_224_226#0,原有,226,234,8,0,2025-08-27,0.06464921477644237,-0.18982119918314577,0,1,0,1,0,0,1,0.04446844146855753
BHC,causal,tb_234#0,bo_224#0,burst_224_225#0,新增,225,234,9,0,2025-08-27,0.06464921477644237,-0.18982119918314577,0,1,0,1,0,0,1,0.04446844146855753
BHC,causal,tb_234#1,bo_225#0,burst_224_225#0,原有,225,234,9,0,2025-08-27,0.06464921477644237,-0.18982119918314577,0,1,0,1,0,0,1,0.04446844146855753
BHC,causal,tb_234#2,bo_226#0,burst_224_226#0,原有,226,234,8,0,2025-08-27,0.06464921477644237,-0.18982119918314577,0,1,0,1,0,0,1,0.04446844146855753
BCHT,cur,tb_191_192#0,bo_187#0,burst_187#0,原有,187,191,4,0,2025-06-26,0.05041409880893111,-0.22298135814534548,0,2,0,2,0,2,2,0.039999961853027344
BCHT,wide,tb_191_192#0,bo_187#0,burst_187#0,原有,187,191,4,0,2025-06-26,0.05041409880893111,-0.22298135814534548,0,2,0,2,0,2,2,0.039999961853027344
BCHT,causal,tb_191_192#0,bo_187#0,burst_187#0,原有,187,191,4,0,2025-06-26,0.05041409880893111,-0.22298135814534548,0,2,0,2,0,2,2,0.039999961853027344
BLND,cur,tb_244_249#0,bo_240#0,burst_240#0,原有,240,244,4,0,2025-09-11,0.040573022323388074,-0.395090049064327,0,6,0,6,0,6,6,0.06445036923143693
BLND,cur,tb_244_249#1,bo_241#0,burst_240_241#0,原有,241,244,3,0,2025-09-11,0.040573022323388074,-0.395090049064327,0,6,0,6,0,6,6,0.06445036923143693
BLND,wide,tb_244_249#0,bo_240#0,burst_240#0,原有,240,244,4,0,2025-09-11,0.040573022323388074,-0.395090049064327,0,6,0,6,0,6,6,0.06445036923143693
BLND,wide,tb_244_249#1,bo_241#0,burst_240_241#0,原有,241,244,3,0,2025-09-11,0.040573022323388074,-0.395090049064327,0,6,0,6,0,6,6,0.06445036923143693
BLND,causal,tb_244_249#0,bo_240#0,burst_240#0,原有,240,244,4,0,2025-09-11,0.040573022323388074,-0.395090049064327,0,6,0,6,0,6,6,0.06445036923143693
BLND,causal,tb_244_249#1,bo_241#0,burst_240_241#0,原有,241,244,3,0,2025-09-11,0.040573022323388074,-0.395090049064327,0,6,0,6,0,6,6,0.06445036923143693
BLRX,wide,tb_170_172#0,bo_168#0,burst_166_173#0,新增,173,170,-3,1,2025-05-27,1.0705589611468256,-0.007167501043617741,3,0,3,0,3,0,3,0.05654191110452253
BEAT,cur,tb_314_316#1,bo_309#0,burst_308_309#0,原有,309,314,5,0,2025-12-19,0.018768406877121373,-0.5816046184617231,0,3,0,3,0,3,3,0.18500576521473877
BEAT,cur,tb_314_316#2,bo_310#0,burst_308_310#0,原有,310,314,4,0,2025-12-19,0.018768406877121373,-0.5816046184617231,0,3,0,3,0,3,3,0.18500576521473877
BEAT,wide,tb_314_316#0,bo_308#0,burst_308_309#0,新增,309,314,5,0,2025-12-19,0.018768406877121373,-0.5816046184617231,0,3,0,3,0,3,3,0.18500576521473877
BEAT,wide,tb_314_316#1,bo_309#0,burst_308_309#0,原有,309,314,5,0,2025-12-19,0.018768406877121373,-0.5816046184617231,0,3,0,3,0,3,3,0.18500576521473877
BEAT,wide,tb_314_316#2,bo_310#0,burst_308_310#0,原有,310,314,4,0,2025-12-19,0.018768406877121373,-0.5816046184617231,0,3,0,3,0,3,3,0.18500576521473877
BEAT,causal,tb_314_316#0,bo_308#0,burst_308_309#0,新增,309,314,5,0,2025-12-19,0.018768406877121373,-0.5816046184617231,0,3,0,3,0,3,3,0.18500576521473877
BEAT,causal,tb_314_316#1,bo_309#0,burst_308_309#0,原有,309,314,5,0,2025-12-19,0.018768406877121373,-0.5816046184617231,0,3,0,3,0,3,3,0.18500576521473877
BEAT,causal,tb_314_316#2,bo_310#0,burst_308_310#0,原有,310,314,4,0,2025-12-19,0.018768406877121373,-0.5816046184617231,0,3,0,3,0,3,3,0.18500576521473877
BGDE,cur,tb_266_267#1,bo_259#0,burst_255_259#0,原有,259,266,7,0,2025-10-13,1.1363636117336184,-0.7863636388266382,2,0,2,0,1,1,2,0.15333335210406762
BGDE,wide,tb_266_267#0,bo_258#0,burst_255_259#0,新增,259,266,7,0,2025-10-13,1.1363636117336184,-0.7863636388266382,2,0,2,0,1,1,2,0.15333335210406762
BGDE,wide,tb_266_267#1,bo_259#0,burst_255_259#0,原有,259,266,7,0,2025-10-13,1.1363636117336184,-0.7863636388266382,2,0,2,0,1,1,2,0.15333335210406762
BGDE,causal,tb_266_267#0,bo_258#0,burst_255_259#0,新增,259,266,7,0,2025-10-13,1.1363636117336184,-0.7863636388266382,2,0,2,0,1,1,2,0.15333335210406762
BGDE,causal,tb_266_267#1,bo_259#0,burst_255_259#0,原有,259,266,7,0,2025-10-13,1.1363636117336184,-0.7863636388266382,2,0,2,0,1,1,2,0.15333335210406762
BRNS,cur,tb_209#0,bo_204#0,burst_204#0,原有,204,209,5,0,2025-07-23,0.015706853991273695,-0.48167537861900844,0,1,0,1,0,1,1,0.09740359631210933
BRNS,cur,tb_209#1,bo_207#0,burst_204_207#0,原有,207,209,2,0,2025-07-23,0.015706853991273695,-0.48167537861900844,0,1,0,1,0,1,1,0.09740359631210933
BRNS,wide,tb_209#0,bo_204#0,burst_204#0,原有,204,209,5,0,2025-07-23,0.015706853991273695,-0.48167537861900844,0,1,0,1,0,1,1,0.09740359631210933
BRNS,wide,tb_209#1,bo_207#0,burst_204_207#0,原有,207,209,2,0,2025-07-23,0.015706853991273695,-0.48167537861900844,0,1,0,1,0,1,1,0.09740359631210933
BRNS,causal,tb_209#0,bo_204#0,burst_204#0,原有,204,209,5,0,2025-07-23,0.015706853991273695,-0.48167537861900844,0,1,0,1,0,1,1,0.09740359631210933
BRNS,causal,tb_209#1,bo_207#0,burst_204_207#0,原有,207,209,2,0,2025-07-23,0.015706853991273695,-0.48167537861900844,0,1,0,1,0,1,1,0.09740359631210933
BLZE,cur,tb_233_238#0,bo_231#0,burst_220_231#0,原有,231,233,2,0,2025-08-26,0.3098582526768627,-0.034524335265153396,6,0,6,0,3,0,6,0.05342295063050202
BLZE,cur,tb_238_240#0,bo_235#0,burst_220_235#0,原有,235,238,3,0,2025-09-03,0.2633824217307548,-0.010774076586882638,3,0,1,0,0,0,3,0.053305745960024076
BLZE,wide,tb_226#0,bo_220#0,burst_220_231#0,新增,231,226,-5,1,2025-08-15,0.4101562715853415,-0.04414059320406449,1,0,1,0,1,0,1,0.04373983149830486
BLZE,wide,tb_226#1,bo_223#0,burst_220_231#0,新增,231,226,-5,1,2025-08-15,0.4101562715853415,-0.04414059320406449,1,0,1,0,1,0,1,0.04373983149830486
BLZE,wide,tb_226#2,bo_224#0,burst_220_231#0,新增,231,226,-5,1,2025-08-15,0.4101562715853415,-0.04414059320406449,1,0,1,0,1,0,1,0.04373983149830486
BLZE,wide,tb_233_238#0,bo_231#0,burst_220_231#0,原有,231,233,2,0,2025-08-26,0.3098582526768627,-0.034524335265153396,6,0,6,0,3,0,6,0.05342295063050202
BLZE,wide,tb_238_240#0,bo_235#0,burst_220_235#0,原有,235,238,3,0,2025-09-03,0.2633824217307548,-0.010774076586882638,3,0,1,0,0,0,3,0.053305745960024076
BLZE,causal,tb_233_238#0,bo_231#0,burst_220_231#0,原有,231,233,2,0,2025-08-26,0.3098582526768627,-0.034524335265153396,6,0,6,0,3,0,6,0.05342295063050202
BLZE,causal,tb_238_240#0,bo_235#0,burst_220_235#0,原有,235,238,3,0,2025-09-03,0.2633824217307548,-0.010774076586882638,3,0,1,0,0,0,3,0.053305745960024076
BRFH,cur,tb_89_92#0,bo_84#0,burst_84#0,原有,84,89,5,0,2025-01-29,0.2474541854512851,-0.22302829725690088,0,0,0,0,0,0,4,0.08699027153883707
BRFH,cur,tb_252#1,bo_250#0,burst_249_250#0,原有,250,252,2,0,2025-09-23,0.020356275003996283,-0.2824427772670012,0,1,0,1,0,0,1,0.07019485171378807
BRFH,wide,tb_89_92#0,bo_84#0,burst_84#0,原有,84,89,5,0,2025-01-29,0.2474541854512851,-0.22302829725690088,0,0,0,0,0,0,4,0.08699027153883707
BRFH,wide,tb_252#0,bo_249#0,burst_249_250#0,新增,250,252,2,0,2025-09-23,0.020356275003996283,-0.2824427772670012,0,1,0,1,0,0,1,0.07019485171378807
BRFH,wide,tb_252#1,bo_250#0,burst_249_250#0,原有,250,252,2,0,2025-09-23,0.020356275003996283,-0.2824427772670012,0,1,0,1,0,0,1,0.07019485171378807
BRFH,causal,tb_89_92#0,bo_84#0,burst_84#0,原有,84,89,5,0,2025-01-29,0.2474541854512851,-0.22302829725690088,0,0,0,0,0,0,4,0.08699027153883707
BRFH,causal,tb_252#0,bo_249#0,burst_249_250#0,新增,250,252,2,0,2025-09-23,0.020356275003996283,-0.2824427772670012,0,1,0,1,0,0,1,0.07019485171378807
BRFH,causal,tb_252#1,bo_250#0,burst_249_250#0,原有,250,252,2,0,2025-09-23,0.020356275003996283,-0.2824427772670012,0,1,0,1,0,0,1,0.07019485171378807
BW-PA,cur,tb_190_202#0,bo_184#0,burst_177_184#0,原有,184,190,6,0,2025-06-25,0.44448936405585704,-0.17048621427748628,10,1,9,0,8,0,13,0.09619441135378054
BW-PA,wide,tb_181_186#0,bo_177#0,burst_177_184#0,新增,184,181,-3,1,2025-06-11,0.17094416565743117,-0.24528495411850115,0,0,0,0,0,0,6,0.12039595918004256
BW-PA,wide,tb_181_186#1,bo_179#0,burst_177_184#0,新增,184,181,-3,1,2025-06-11,0.17094416565743117,-0.24528495411850115,0,0,0,0,0,0,6,0.12039595918004256
BW-PA,wide,tb_190_202#0,bo_184#0,burst_177_184#0,原有,184,190,6,0,2025-06-25,0.44448936405585704,-0.17048621427748628,10,1,9,0,8,0,13,0.09619441135378054
BW-PA,causal,tb_190_202#0,bo_184#0,burst_177_184#0,原有,184,190,6,0,2025-06-25,0.44448936405585704,-0.17048621427748628,10,1,9,0,8,0,13,0.09619441135378054
BWEN,cur,tb_206#0,bo_203#0,burst_203#0,原有,203,206,3,0,2025-07-18,0.1882353051173511,-0.25098039124022076,1,0,0,1,0,1,1,0.04642379309960944
BWEN,cur,tb_206#1,bo_204#0,burst_203_204#0,原有,204,206,2,0,2025-07-18,0.1882353051173511,-0.25098039124022076,1,0,0,1,0,1,1,0.04642379309960944
BWEN,wide,tb_206#0,bo_203#0,burst_203#0,原有,203,206,3,0,2025-07-18,0.1882353051173511,-0.25098039124022076,1,0,0,1,0,1,1,0.04642379309960944
BWEN,wide,tb_206#1,bo_204#0,burst_203_204#0,原有,204,206,2,0,2025-07-18,0.1882353051173511,-0.25098039124022076,1,0,0,1,0,1,1,0.04642379309960944
BWEN,causal,tb_206#0,bo_203#0,burst_203#0,原有,203,206,3,0,2025-07-18,0.1882353051173511,-0.25098039124022076,1,0,0,1,0,1,1,0.04642379309960944
BWEN,causal,tb_206#1,bo_204#0,burst_203_204#0,原有,204,206,2,0,2025-07-18,0.1882353051173511,-0.25098039124022076,1,0,0,1,0,1,1,0.04642379309960944
CARV,cur,tb_208_210#1,bo_206#0,burst_200_206#0,原有,206,208,2,0,2025-07-22,0.46759529847121944,-0.3862783090748458,0,3,0,3,0,2,3,0.09864137455966873
CARV,wide,tb_204_205#0,bo_202#0,burst_200_206#0,新增,206,204,-2,2,2025-07-16,1.0213454762712881,-0.1547100451102637,2,0,2,0,2,0,2,0.07961982484436272
CARV,wide,tb_208_210#0,bo_205#0,burst_200_206#0,新增,206,208,2,0,2025-07-22,0.46759529847121944,-0.3862783090748458,0,3,0,3,0,2,3,0.09864137455966873
CARV,wide,tb_208_210#1,bo_206#0,burst_200_206#0,原有,206,208,2,0,2025-07-22,0.46759529847121944,-0.3862783090748458,0,3,0,3,0,2,3,0.09864137455966873
CARV,causal,tb_208_210#0,bo_205#0,burst_200_206#0,新增,206,208,2,0,2025-07-22,0.46759529847121944,-0.3862783090748458,0,3,0,3,0,2,3,0.09864137455966873
CARV,causal,tb_208_210#1,bo_206#0,burst_200_206#0,原有,206,208,2,0,2025-07-22,0.46759529847121944,-0.3862783090748458,0,3,0,3,0,2,3,0.09864137455966873
CCCC,cur,tb_205_208#0,bo_202#0,burst_199_202#0,原有,202,205,3,0,2025-07-17,0.5578282428116821,-0.131894513197599,4,0,3,0,1,0,4,0.0935117716502903
CCCC,wide,tb_205_208#0,bo_202#0,burst_199_202#0,原有,202,205,3,0,2025-07-17,0.5578282428116821,-0.131894513197599,4,0,3,0,1,0,4,0.0935117716502903
CCCC,causal,tb_205_208#0,bo_202#0,burst_199_202#0,原有,202,205,3,0,2025-07-17,0.5578282428116821,-0.131894513197599,4,0,3,0,1,0,4,0.0935117716502903
BTBD,cur,tb_226#0,bo_217#0,burst_212_217#0,原有,217,226,9,0,2025-08-15,1.8124999580904846,-0.0625000139698384,1,0,1,0,1,0,1,0.11005092636919128
BTBD,wide,tb_226#0,bo_217#0,burst_212_217#0,原有,217,226,9,0,2025-08-15,1.8124999580904846,-0.0625000139698384,1,0,1,0,1,0,1,0.11005092636919128
BTBD,causal,tb_226#0,bo_217#0,burst_212_217#0,原有,217,226,9,0,2025-08-15,1.8124999580904846,-0.0625000139698384,1,0,1,0,1,0,1,0.11005092636919128
BTCY,cur,tb_234_235#0,bo_232#0,burst_224_232#0,原有,232,234,2,0,2025-08-27,0.29083705214376243,-0.2548739288802494,0,0,0,0,0,0,2,0.14676891154394822
BTCY,wide,tb_226_228#0,bo_224#0,burst_224_232#0,新增,232,226,-6,2,2025-08-15,0.257149703497544,-0.23263153785191426,0,0,0,0,0,0,3,0.13351479135913652
BTCY,wide,tb_234_235#0,bo_232#0,burst_224_232#0,原有,232,234,2,0,2025-08-27,0.29083705214376243,-0.2548739288802494,0,0,0,0,0,0,2,0.14676891154394822
BTCY,causal,tb_234_235#0,bo_232#0,burst_224_232#0,原有,232,234,2,0,2025-08-27,0.29083705214376243,-0.2548739288802494,0,0,0,0,0,0,2,0.14676891154394822
BZAI,cur,tb_208_209#0,bo_206#0,burst_193_206#0,原有,206,208,2,0,2025-07-22,0.003817589648050901,-0.3655954302304527,0,2,0,2,0,1,2,0.09732288378872331
BZAI,wide,tb_200#0,bo_198#0,burst_193_206#0,新增,206,200,-6,1,2025-07-10,1.0816325736214663,-0.09183672641890273,1,0,1,0,1,0,1,0.09715080593977482
BZAI,wide,tb_208_209#0,bo_206#0,burst_193_206#0,原有,206,208,2,0,2025-07-22,0.003817589648050901,-0.3655954302304527,0,2,0,2,0,1,2,0.09732288378872331
BZAI,causal,tb_208_209#0,bo_206#0,burst_193_206#0,原有,206,208,2,0,2025-07-22,0.003817589648050901,-0.3655954302304527,0,2,0,2,0,1,2,0.09732288378872331
BZUN,cur,tb_248#0,bo_244#0,burst_236_244#0,原有,244,248,4,0,2025-09-17,-0.006550160146491013,-0.3253275184186164,0,1,0,1,0,1,1,0.06677084440051848
BZUN,wide,tb_243#0,bo_236#0,burst_236_244#0,新增,244,243,-1,1,2025-09-10,0.22921916354475447,-0.19874056137185447,0,1,0,0,0,0,1,0.057641107500849366
BZUN,wide,tb_248#0,bo_244#0,burst_236_244#0,原有,244,248,4,0,2025-09-17,-0.006550160146491013,-0.3253275184186164,0,1,0,1,0,1,1,0.06677084440051848
BZUN,causal,tb_248#0,bo_244#0,burst_236_244#0,原有,244,248,4,0,2025-09-17,-0.006550160146491013,-0.3253275184186164,0,1,0,1,0,1,1,0.06677084440051848
CLF,cur,tb_274_278#0,bo_271#0,burst_255_271#0,原有,271,274,3,0,2025-10-23,0.07494336111624567,-0.2727511434101739,0,5,0,5,0,5,5,0.049505828865885046
CLF,wide,tb_266_270#0,bo_263#0,burst_255_271#0,新增,271,266,-5,1,2025-10-13,0.2172490072874663,-0.27839735585250636,5,0,2,3,0,5,5,0.04792504521489525
CLF,wide,tb_274_278#0,bo_271#0,burst_255_271#0,原有,271,274,3,0,2025-10-23,0.07494336111624567,-0.2727511434101739,0,5,0,5,0,5,5,0.049505828865885046
CLF,causal,tb_274_278#0,bo_271#0,burst_255_271#0,原有,271,274,3,0,2025-10-23,0.07494336111624567,-0.2727511434101739,0,5,0,5,0,5,5,0.049505828865885046
CLIR,cur,tb_253_259#1,bo_251#0,burst_250_251#0,原有,251,253,2,0,2025-09-24,0.42803528066219687,-0.08879515036860629,6,0,5,0,2,0,7,0.05217789164309378
CLIR,wide,tb_253_259#0,bo_250#0,burst_250_251#0,新增,251,253,2,0,2025-09-24,0.42803528066219687,-0.08879515036860629,6,0,5,0,2,0,7,0.05217789164309378
CLIR,wide,tb_253_259#1,bo_251#0,burst_250_251#0,原有,251,253,2,0,2025-09-24,0.42803528066219687,-0.08879515036860629,6,0,5,0,2,0,7,0.05217789164309378
CLIR,causal,tb_253_259#0,bo_250#0,burst_250_251#0,新增,251,253,2,0,2025-09-24,0.42803528066219687,-0.08879515036860629,6,0,5,0,2,0,7,0.05217789164309378
CLIR,causal,tb_253_259#1,bo_251#0,burst_250_251#0,原有,251,253,2,0,2025-09-24,0.42803528066219687,-0.08879515036860629,6,0,5,0,2,0,7,0.05217789164309378
CLLS,cur,tb_216_226#0,bo_209#0,burst_202_209#0,原有,209,216,7,0,2025-08-01,0.47966610625507167,-0.09636480280233316,5,0,4,0,2,0,11,0.10471459293344915
CLLS,wide,tb_216_226#0,bo_209#0,burst_202_209#0,原有,209,216,7,0,2025-08-01,0.47966610625507167,-0.09636480280233316,5,0,4,0,2,0,11,0.10471459293344915
CLLS,causal,tb_216_226#0,bo_209#0,burst_202_209#0,原有,209,216,7,0,2025-08-01,0.47966610625507167,-0.09636480280233316,5,0,4,0,2,0,11,0.10471459293344915
CATO,cur,tb_241#0,bo_237#0,burst_230_237#0,原有,237,241,4,0,2025-09-08,0.002118692653888754,-0.23093214495809844,0,1,0,0,0,0,1,0.06215611746593321
CATO,wide,tb_235#0,bo_232#0,burst_230_237#0,新增,237,235,-2,1,2025-08-28,0.25190839509415874,-0.06615775726380413,1,0,0,0,0,0,1,0.05124070682700753
CATO,wide,tb_241#0,bo_237#0,burst_230_237#0,原有,237,241,4,0,2025-09-08,0.002118692653888754,-0.23093214495809844,0,1,0,0,0,0,1,0.06215611746593321
CATO,causal,tb_241#0,bo_237#0,burst_230_237#0,原有,237,241,4,0,2025-09-08,0.002118692653888754,-0.23093214495809844,0,1,0,0,0,0,1,0.06215611746593321
CMPX,cur,tb_87#0,bo_80#0,burst_76_80#0,原有,80,87,7,0,2025-01-27,0.4468085178336678,-0.2446807926014486,0,0,0,0,0,0,1,0.11853151822872662
CMPX,wide,tb_87#0,bo_80#0,burst_76_80#0,原有,80,87,7,0,2025-01-27,0.4468085178336678,-0.2446807926014486,0,0,0,0,0,0,1,0.11853151822872662
CMPX,causal,tb_87#0,bo_80#0,burst_76_80#0,原有,80,87,7,0,2025-01-27,0.4468085178336678,-0.2446807926014486,0,0,0,0,0,0,1,0.11853151822872662
BURU,wide,tb_261#0,bo_259#0,burst_259_263#0,新增,263,261,-2,3,2025-10-06,2.3333333956649893,-0.26274508612286973,1,0,1,0,1,0,1,0.14474688716171225
CGEN,cur,tb_84_86#0,bo_78#0,burst_78#0,原有,78,84,6,0,2025-01-22,0.09640678378464347,-0.3652382140143946,0,3,0,3,0,3,3,0.07209119967217259
CGEN,cur,tb_84_86#1,bo_81#0,burst_78_81#0,原有,81,84,3,0,2025-01-22,0.09640678378464347,-0.3652382140143946,0,3,0,3,0,3,3,0.07209119967217259
CGEN,wide,tb_84_86#0,bo_78#0,burst_78#0,原有,78,84,6,0,2025-01-22,0.09640678378464347,-0.3652382140143946,0,3,0,3,0,3,3,0.07209119967217259
CGEN,wide,tb_84_86#1,bo_81#0,burst_78_81#0,原有,81,84,3,0,2025-01-22,0.09640678378464347,-0.3652382140143946,0,3,0,3,0,3,3,0.07209119967217259
CGEN,causal,tb_84_86#0,bo_78#0,burst_78#0,原有,78,84,6,0,2025-01-22,0.09640678378464347,-0.3652382140143946,0,3,0,3,0,3,3,0.07209119967217259
CGEN,causal,tb_84_86#1,bo_81#0,burst_78_81#0,原有,81,84,3,0,2025-01-22,0.09640678378464347,-0.3652382140143946,0,3,0,3,0,3,3,0.07209119967217259
CLNN,cur,tb_233_235#1,bo_229#0,burst_227_229#0,原有,229,233,4,0,2025-08-26,1.0519622197924516,-0.04084411262356221,3,0,3,0,3,0,3,0.0661801238213117
CLNN,cur,tb_239_240#0,bo_237#0,burst_227_237#0,原有,237,239,2,0,2025-09-04,0.9866257233247409,-0.06172779586854504,2,0,2,0,2,0,2,0.07381836954537918
CLNN,cur,tb_246_257#0,bo_241#0,burst_227_241#0,原有,241,246,5,0,2025-09-15,1.196710085873044,-0.07831299161414697,12,0,12,0,12,0,12,0.09237750909941304
CLNN,wide,tb_233_235#0,bo_227#0,burst_227_229#0,新增,229,233,4,0,2025-08-26,1.0519622197924516,-0.04084411262356221,3,0,3,0,3,0,3,0.0661801238213117
CLNN,wide,tb_233_235#1,bo_229#0,burst_227_229#0,原有,229,233,4,0,2025-08-26,1.0519622197924516,-0.04084411262356221,3,0,3,0,3,0,3,0.0661801238213117
CLNN,wide,tb_239_240#0,bo_237#0,burst_227_237#0,原有,237,239,2,0,2025-09-04,0.9866257233247409,-0.06172779586854504,2,0,2,0,2,0,2,0.07381836954537918
CLNN,wide,tb_246_257#0,bo_241#0,burst_227_241#0,原有,241,246,5,0,2025-09-15,1.196710085873044,-0.07831299161414697,12,0,12,0,12,0,12,0.09237750909941304
CLNN,causal,tb_233_235#0,bo_227#0,burst_227_229#0,新增,229,233,4,0,2025-08-26,1.0519622197924516,-0.04084411262356221,3,0,3,0,3,0,3,0.0661801238213117
CLNN,causal,tb_233_235#1,bo_229#0,burst_227_229#0,原有,229,233,4,0,2025-08-26,1.0519622197924516,-0.04084411262356221,3,0,3,0,3,0,3,0.0661801238213117
CLNN,causal,tb_239_240#0,bo_237#0,burst_227_237#0,原有,237,239,2,0,2025-09-04,0.9866257233247409,-0.06172779586854504,2,0,2,0,2,0,2,0.07381836954537918
CLNN,causal,tb_246_257#0,bo_241#0,burst_227_241#0,原有,241,246,5,0,2025-09-15,1.196710085873044,-0.07831299161414697,12,0,12,0,12,0,12,0.09237750909941304
CLPT,cur,tb_257#1,bo_253#0,burst_251_253#0,原有,253,257,4,0,2025-09-30,0.3813675592836143,-0.38825152071438296,1,0,1,0,1,0,1,0.06052942573780484
CLPT,cur,tb_257#2,bo_255#0,burst_251_255#0,原有,255,257,2,0,2025-09-30,0.3813675592836143,-0.38825152071438296,1,0,1,0,1,0,1,0.06052942573780484
CLPT,wide,tb_257#0,bo_251#0,burst_251_253#0,新增,253,257,4,0,2025-09-30,0.3813675592836143,-0.38825152071438296,1,0,1,0,1,0,1,0.06052942573780484
CLPT,wide,tb_257#1,bo_253#0,burst_251_253#0,原有,253,257,4,0,2025-09-30,0.3813675592836143,-0.38825152071438296,1,0,1,0,1,0,1,0.06052942573780484
CLPT,wide,tb_257#2,bo_255#0,burst_251_255#0,原有,255,257,2,0,2025-09-30,0.3813675592836143,-0.38825152071438296,1,0,1,0,1,0,1,0.06052942573780484
CLPT,causal,tb_257#0,bo_251#0,burst_251_253#0,新增,253,257,4,0,2025-09-30,0.3813675592836143,-0.38825152071438296,1,0,1,0,1,0,1,0.06052942573780484
CLPT,causal,tb_257#1,bo_253#0,burst_251_253#0,原有,253,257,4,0,2025-09-30,0.3813675592836143,-0.38825152071438296,1,0,1,0,1,0,1,0.06052942573780484
CLPT,causal,tb_257#2,bo_255#0,burst_251_255#0,原有,255,257,2,0,2025-09-30,0.3813675592836143,-0.38825152071438296,1,0,1,0,1,0,1,0.06052942573780484
CALC,cur,tb_204#1,bo_202#0,burst_201_202#0,原有,202,204,2,0,2025-07-16,0.9496569063808233,0.016018346337421274,1,0,1,0,1,0,1,0.09440563288089099
CALC,cur,tb_211_213#0,bo_207#0,burst_201_207#0,原有,207,211,4,0,2025-07-25,0.0230198127293962,-0.3861175607934923,0,3,0,1,0,0,3,0.15119577937641507
CALC,cur,tb_211_213#1,bo_208#0,burst_201_208#0,原有,208,211,3,0,2025-07-25,0.0230198127293962,-0.3861175607934923,0,3,0,1,0,0,3,0.15119577937641507
CALC,cur,tb_305_308#0,bo_300#0,burst_296_300#0,原有,300,305,5,0,2025-12-08,0.5838258231174793,-0.8856125806069892,4,0,4,0,4,0,4,0.07988302118982687
CALC,cur,tb_305_308#1,bo_301#0,burst_296_301#0,原有,301,305,4,0,2025-12-08,0.5838258231174793,-0.8856125806069892,4,0,4,0,4,0,4,0.07988302118982687
CALC,wide,tb_204#0,bo_201#0,burst_201_202#0,新增,202,204,2,0,2025-07-16,0.9496569063808233,0.016018346337421274,1,0,1,0,1,0,1,0.09440563288089099
CALC,wide,tb_204#1,bo_202#0,burst_201_202#0,原有,202,204,2,0,2025-07-16,0.9496569063808233,0.016018346337421274,1,0,1,0,1,0,1,0.09440563288089099
CALC,wide,tb_211_213#0,bo_207#0,burst_201_207#0,原有,207,211,4,0,2025-07-25,0.0230198127293962,-0.3861175607934923,0,3,0,1,0,0,3,0.15119577937641507
CALC,wide,tb_211_213#1,bo_208#0,burst_201_208#0,原有,208,211,3,0,2025-07-25,0.0230198127293962,-0.3861175607934923,0,3,0,1,0,0,3,0.15119577937641507
CALC,wide,tb_305_308#0,bo_300#0,burst_296_300#0,原有,300,305,5,0,2025-12-08,0.5838258231174793,-0.8856125806069892,4,0,4,0,4,0,4,0.07988302118982687
CALC,wide,tb_305_308#1,bo_301#0,burst_296_301#0,原有,301,305,4,0,2025-12-08,0.5838258231174793,-0.8856125806069892,4,0,4,0,4,0,4,0.07988302118982687
CALC,causal,tb_204#0,bo_201#0,burst_201_202#0,新增,202,204,2,0,2025-07-16,0.9496569063808233,0.016018346337421274,1,0,1,0,1,0,1,0.09440563288089099
CALC,causal,tb_204#1,bo_202#0,burst_201_202#0,原有,202,204,2,0,2025-07-16,0.9496569063808233,0.016018346337421274,1,0,1,0,1,0,1,0.09440563288089099
CALC,causal,tb_211_213#0,bo_207#0,burst_201_207#0,原有,207,211,4,0,2025-07-25,0.0230198127293962,-0.3861175607934923,0,3,0,1,0,0,3,0.15119577937641507
CALC,causal,tb_211_213#1,bo_208#0,burst_201_208#0,原有,208,211,3,0,2025-07-25,0.0230198127293962,-0.3861175607934923,0,3,0,1,0,0,3,0.15119577937641507
CALC,causal,tb_305_308#0,bo_300#0,burst_296_300#0,原有,300,305,5,0,2025-12-08,0.5838258231174793,-0.8856125806069892,4,0,4,0,4,0,4,0.07988302118982687
CALC,causal,tb_305_308#1,bo_301#0,burst_296_301#0,原有,301,305,4,0,2025-12-08,0.5838258231174793,-0.8856125806069892,4,0,4,0,4,0,4,0.07988302118982687
CALY,cur,tb_306_317#0,bo_297#0,burst_285_297#0,原有,297,306,9,0,2025-12-09,0.4256525569958424,-0.025443916215790136,12,0,12,0,12,0,12,0.05089141317588804
CALY,cur,tb_306_318#0,bo_298#0,burst_285_298#0,原有,298,306,8,0,2025-12-09,0.4250814583456378,-0.024928176085205683,13,0,13,0,13,0,13,0.05089141317588804
CALY,wide,tb_306_317#0,bo_297#0,burst_285_297#0,原有,297,306,9,0,2025-12-09,0.4256525569958424,-0.025443916215790136,12,0,12,0,12,0,12,0.05089141317588804
CALY,wide,tb_306_318#0,bo_298#0,burst_285_298#0,原有,298,306,8,0,2025-12-09,0.4250814583456378,-0.024928176085205683,13,0,13,0,13,0,13,0.05089141317588804
CALY,causal,tb_306_317#0,bo_297#0,burst_285_297#0,原有,297,306,9,0,2025-12-09,0.4256525569958424,-0.025443916215790136,12,0,12,0,12,0,12,0.05089141317588804
CALY,causal,tb_306_318#0,bo_298#0,burst_285_298#0,原有,298,306,8,0,2025-12-09,0.4250814583456378,-0.024928176085205683,13,0,13,0,13,0,13,0.05089141317588804
CAN,cur,tb_271_276#1,bo_268#0,burst_245_268#0,原有,268,271,3,0,2025-10-20,0.03680820125923338,-0.5860903963058051,0,6,0,6,0,6,6,0.18732383039400916
CAN,wide,tb_255_257#0,bo_253#0,burst_245_268#0,新增,268,255,-13,3,2025-09-26,1.60715036433649,-0.03112658028006343,3,0,3,0,3,0,3,0.06590517335619232
CAN,wide,tb_261#0,bo_259#0,burst_245_268#0,新增,268,261,-7,2,2025-10-06,0.6818181366631497,-0.3750000338662741,1,0,1,0,1,0,1,0.07503255620447744
CAN,wide,tb_271_276#0,bo_267#0,burst_245_268#0,新增,268,271,3,0,2025-10-20,0.03680820125923338,-0.5860903963058051,0,6,0,6,0,6,6,0.18732383039400916
CAN,wide,tb_271_276#1,bo_268#0,burst_245_268#0,原有,268,271,3,0,2025-10-20,0.03680820125923338,-0.5860903963058051,0,6,0,6,0,6,6,0.18732383039400916
CAN,causal,tb_271_276#0,bo_267#0,burst_245_268#0,新增,268,271,3,0,2025-10-20,0.03680820125923338,-0.5860903963058051,0,6,0,6,0,6,6,0.18732383039400916
CAN,causal,tb_271_276#1,bo_268#0,burst_245_268#0,原有,268,271,3,0,2025-10-20,0.03680820125923338,-0.5860903963058051,0,6,0,6,0,6,6,0.18732383039400916
CCM,cur,tb_154#0,bo_150#0,burst_147_150#0,原有,150,154,4,0,2025-05-02,0.39420286269529514,-0.28840582905084045,0,0,0,0,0,0,1,0.102749654922595
CCM,wide,tb_154#0,bo_150#0,burst_147_150#0,原有,150,154,4,0,2025-05-02,0.39420286269529514,-0.28840582905084045,0,0,0,0,0,0,1,0.102749654922595
CCM,causal,tb_154#0,bo_150#0,burst_147_150#0,原有,150,154,4,0,2025-05-02,0.39420286269529514,-0.28840582905084045,0,0,0,0,0,0,1,0.102749654922595
CNET,cur,tb_251_259#0,bo_248#0,burst_245_248#0,原有,248,251,3,0,2025-09-22,0.14946458370745344,-0.3665738301014021,0,7,0,6,0,5,9,0.08358689793784299
CNET,cur,tb_253_259#0,bo_251#0,burst_245_251#0,原有,251,253,2,0,2025-09-24,0.1363377410318695,-0.42204936193842446,0,7,0,6,0,5,7,0.08788941594405367
CNET,wide,tb_251_259#0,bo_248#0,burst_245_248#0,原有,248,251,3,0,2025-09-22,0.14946458370745344,-0.3665738301014021,0,7,0,6,0,5,9,0.08358689793784299
CNET,wide,tb_253_259#0,bo_251#0,burst_245_251#0,原有,251,253,2,0,2025-09-24,0.1363377410318695,-0.42204936193842446,0,7,0,6,0,5,7,0.08788941594405367
CNET,causal,tb_251_259#0,bo_248#0,burst_245_248#0,原有,248,251,3,0,2025-09-22,0.14946458370745344,-0.3665738301014021,0,7,0,6,0,5,9,0.08358689793784299
CNET,causal,tb_253_259#0,bo_251#0,burst_245_251#0,原有,251,253,2,0,2025-09-24,0.1363377410318695,-0.42204936193842446,0,7,0,6,0,5,7,0.08788941594405367
CEPU,cur,tb_280#2,bo_278#0,burst_268_278#0,原有,278,280,2,0,2025-10-31,0.18913880208334932,-0.13174808068452237,0,0,0,0,0,0,1,0.08412081102155256
CEPU,cur,tb_286_293#0,bo_280#0,burst_268_280#0,原有,280,286,6,0,2025-11-10,0.24904865020327802,-0.08800479308437482,0,0,0,0,0,0,8,0.06719559439353016
CEPU,wide,tb_280#0,bo_276#0,burst_268_278#0,新增,278,280,2,0,2025-10-31,0.18913880208334932,-0.13174808068452237,0,0,0,0,0,0,1,0.08412081102155256
CEPU,wide,tb_280#1,bo_277#0,burst_268_278#0,新增,278,280,2,0,2025-10-31,0.18913880208334932,-0.13174808068452237,0,0,0,0,0,0,1,0.08412081102155256
CEPU,wide,tb_280#2,bo_278#0,burst_268_278#0,原有,278,280,2,0,2025-10-31,0.18913880208334932,-0.13174808068452237,0,0,0,0,0,0,1,0.08412081102155256
CEPU,wide,tb_286_293#0,bo_280#0,burst_268_280#0,原有,280,286,6,0,2025-11-10,0.24904865020327802,-0.08800479308437482,0,0,0,0,0,0,8,0.06719559439353016
CEPU,causal,tb_280#0,bo_276#0,burst_268_278#0,新增,278,280,2,0,2025-10-31,0.18913880208334932,-0.13174808068452237,0,0,0,0,0,0,1,0.08412081102155256
CEPU,causal,tb_280#1,bo_277#0,burst_268_278#0,新增,278,280,2,0,2025-10-31,0.18913880208334932,-0.13174808068452237,0,0,0,0,0,0,1,0.08412081102155256
CEPU,causal,tb_280#2,bo_278#0,burst_268_278#0,原有,278,280,2,0,2025-10-31,0.18913880208334932,-0.13174808068452237,0,0,0,0,0,0,1,0.08412081102155256
CEPU,causal,tb_286_293#0,bo_280#0,burst_268_280#0,原有,280,286,6,0,2025-11-10,0.24904865020327802,-0.08800479308437482,0,0,0,0,0,0,8,0.06719559439353016
CMP,cur,tb_161_163#0,bo_158#0,burst_146_158#0,原有,158,161,3,0,2025-05-13,0.15454685423850875,-0.08816750863517313,0,0,0,0,0,0,3,0.046396476024055104
CMP,wide,tb_154_155#0,bo_148#0,burst_146_158#0,新增,158,154,-4,1,2025-05-02,0.5940314981074654,-0.00913811571516887,2,0,2,0,2,0,2,0.05246748139734337
CMP,wide,tb_154_155#1,bo_150#0,burst_146_158#0,新增,158,154,-4,1,2025-05-02,0.5940314981074654,-0.00913811571516887,2,0,2,0,2,0,2,0.05246748139734337
CMP,wide,tb_161_163#0,bo_158#0,burst_146_158#0,原有,158,161,3,0,2025-05-13,0.15454685423850875,-0.08816750863517313,0,0,0,0,0,0,3,0.046396476024055104
CMP,causal,tb_161_163#0,bo_158#0,burst_146_158#0,原有,158,161,3,0,2025-05-13,0.15454685423850875,-0.08816750863517313,0,0,0,0,0,0,3,0.046396476024055104
CNTB,cur,tb_298_299#1,bo_291#0,burst_290_291#0,原有,291,298,7,0,2025-11-26,0.024835643595875312,-0.2833243367825296,0,0,0,0,0,0,2,0.10120456944114034
CNTB,cur,tb_298_299#2,bo_293#0,burst_290_293#0,原有,293,298,5,0,2025-11-26,0.024835643595875312,-0.2833243367825296,0,0,0,0,0,0,2,0.10120456944114034
CNTB,wide,tb_298_299#0,bo_290#0,burst_290_291#0,新增,291,298,7,0,2025-11-26,0.024835643595875312,-0.2833243367825296,0,0,0,0,0,0,2,0.10120456944114034
CNTB,wide,tb_298_299#1,bo_291#0,burst_290_291#0,原有,291,298,7,0,2025-11-26,0.024835643595875312,-0.2833243367825296,0,0,0,0,0,0,2,0.10120456944114034
CNTB,wide,tb_298_299#2,bo_293#0,burst_290_293#0,原有,293,298,5,0,2025-11-26,0.024835643595875312,-0.2833243367825296,0,0,0,0,0,0,2,0.10120456944114034
CNTB,causal,tb_298_299#0,bo_290#0,burst_290_291#0,新增,291,298,7,0,2025-11-26,0.024835643595875312,-0.2833243367825296,0,0,0,0,0,0,2,0.10120456944114034
CNTB,causal,tb_298_299#1,bo_291#0,burst_290_291#0,原有,291,298,7,0,2025-11-26,0.024835643595875312,-0.2833243367825296,0,0,0,0,0,0,2,0.10120456944114034
CNTB,causal,tb_298_299#2,bo_293#0,burst_290_293#0,原有,293,298,5,0,2025-11-26,0.024835643595875312,-0.2833243367825296,0,0,0,0,0,0,2,0.10120456944114034
COOT,cur,tb_274#1,bo_268#0,burst_263_268#0,原有,268,274,6,0,2025-10-23,0.1271676451934678,-0.6919075222576834,0,1,0,1,0,1,1,0.15184116054360075
COOT,wide,tb_274#0,bo_267#0,burst_263_268#0,新增,268,274,6,0,2025-10-23,0.1271676451934678,-0.6919075222576834,0,1,0,1,0,1,1,0.15184116054360075
COOT,wide,tb_274#1,bo_268#0,burst_263_268#0,原有,268,274,6,0,2025-10-23,0.1271676451934678,-0.6919075222576834,0,1,0,1,0,1,1,0.15184116054360075
COOT,causal,tb_274#0,bo_267#0,burst_263_268#0,新增,268,274,6,0,2025-10-23,0.1271676451934678,-0.6919075222576834,0,1,0,1,0,1,1,0.15184116054360075
COOT,causal,tb_274#1,bo_268#0,burst_263_268#0,原有,268,274,6,0,2025-10-23,0.1271676451934678,-0.6919075222576834,0,1,0,1,0,1,1,0.15184116054360075
CHPGF,cur,tb_179#0,bo_177#0,burst_170_177#0,原有,177,179,2,0,2025-06-09,0.45714289606834124,-0.04761900436850974,1,0,1,0,1,0,1,0.05988240250155062
CHPGF,wide,tb_179#0,bo_177#0,burst_170_177#0,原有,177,179,2,0,2025-06-09,0.45714289606834124,-0.04761900436850974,1,0,1,0,1,0,1,0.05988240250155062
CHPGF,causal,tb_179#0,bo_177#0,burst_170_177#0,原有,177,179,2,0,2025-06-09,0.45714289606834124,-0.04761900436850974,1,0,1,0,1,0,1,0.05988240250155062
CLYM,cur,tb_313_314#1,bo_309#0,burst_307_309#0,原有,309,313,4,0,2025-12-18,0.4366810734858484,-0.20081724489689967,2,0,2,0,0,0,2,0.07790938783662718
CLYM,cur,tb_313_314#2,bo_311#0,burst_307_311#0,原有,311,313,2,0,2025-12-18,0.4366810734858484,-0.20081724489689967,2,0,2,0,0,0,2,0.07790938783662718
CLYM,wide,tb_313_314#0,bo_307#0,burst_307_309#0,新增,309,313,4,0,2025-12-18,0.4366810734858484,-0.20081724489689967,2,0,2,0,0,0,2,0.07790938783662718
CLYM,wide,tb_313_314#1,bo_309#0,burst_307_309#0,原有,309,313,4,0,2025-12-18,0.4366810734858484,-0.20081724489689967,2,0,2,0,0,0,2,0.07790938783662718
CLYM,wide,tb_313_314#2,bo_311#0,burst_307_311#0,原有,311,313,2,0,2025-12-18,0.4366810734858484,-0.20081724489689967,2,0,2,0,0,0,2,0.07790938783662718
CLYM,causal,tb_313_314#0,bo_307#0,burst_307_309#0,新增,309,313,4,0,2025-12-18,0.4366810734858484,-0.20081724489689967,2,0,2,0,0,0,2,0.07790938783662718
CLYM,causal,tb_313_314#1,bo_309#0,burst_307_309#0,原有,309,313,4,0,2025-12-18,0.4366810734858484,-0.20081724489689967,2,0,2,0,0,0,2,0.07790938783662718
CLYM,causal,tb_313_314#2,bo_311#0,burst_307_311#0,原有,311,313,2,0,2025-12-18,0.4366810734858484,-0.20081724489689967,2,0,2,0,0,0,2,0.07790938783662718
CMBMF,cur,tb_209#2,bo_206#0,burst_202_206#0,原有,206,209,3,0,2025-07-23,0.09009011040820591,-0.44175675828061545,0,1,0,1,0,1,1,0.11416874230517776
CMBMF,wide,tb_209#0,bo_202#0,burst_202_206#0,新增,206,209,3,0,2025-07-23,0.09009011040820591,-0.44175675828061545,0,1,0,1,0,1,1,0.11416874230517776
CMBMF,wide,tb_209#1,bo_203#0,burst_202_206#0,新增,206,209,3,0,2025-07-23,0.09009011040820591,-0.44175675828061545,0,1,0,1,0,1,1,0.11416874230517776
CMBMF,wide,tb_209#2,bo_206#0,burst_202_206#0,原有,206,209,3,0,2025-07-23,0.09009011040820591,-0.44175675828061545,0,1,0,1,0,1,1,0.11416874230517776
CMBMF,causal,tb_209#0,bo_202#0,burst_202_206#0,新增,206,209,3,0,2025-07-23,0.09009011040820591,-0.44175675828061545,0,1,0,1,0,1,1,0.11416874230517776
CMBMF,causal,tb_209#1,bo_203#0,burst_202_206#0,新增,206,209,3,0,2025-07-23,0.09009011040820591,-0.44175675828061545,0,1,0,1,0,1,1,0.11416874230517776
CMBMF,causal,tb_209#2,bo_206#0,burst_202_206#0,原有,206,209,3,0,2025-07-23,0.09009011040820591,-0.44175675828061545,0,1,0,1,0,1,1,0.11416874230517776
CPPKF,cur,tb_198_199#0,bo_195#0,burst_191_195#0,原有,195,198,3,0,2025-07-08,0.3090620673375013,-0.057857223448426975,2,0,2,0,2,0,2,0.02721868834114449
CPPKF,wide,tb_198_199#0,bo_195#0,burst_191_195#0,原有,195,198,3,0,2025-07-08,0.3090620673375013,-0.057857223448426975,2,0,2,0,2,0,2,0.02721868834114449
CPPKF,causal,tb_198_199#0,bo_195#0,burst_191_195#0,原有,195,198,3,0,2025-07-08,0.3090620673375013,-0.057857223448426975,2,0,2,0,2,0,2,0.02721868834114449
CRLBF,cur,tb_240_243#0,bo_231#0,burst_222_231#0,原有,231,240,9,0,2025-09-05,0.27003218075347263,-0.20622988702907957,0,0,0,0,0,0,4,0.1619565323009125
CRLBF,cur,tb_240_243#1,bo_235#0,burst_222_235#0,原有,235,240,5,0,2025-09-05,0.27003218075347263,-0.20622988702907957,0,0,0,0,0,0,4,0.1619565323009125
CRLBF,wide,tb_224#0,bo_222#0,burst_222_231#0,新增,231,224,-7,1,2025-08-13,0.4529147900558712,-0.14798208075910768,0,0,0,0,0,0,1,0.12315213385437385
CRLBF,wide,tb_240_243#0,bo_231#0,burst_222_231#0,原有,231,240,9,0,2025-09-05,0.27003218075347263,-0.20622988702907957,0,0,0,0,0,0,4,0.1619565323009125
CRLBF,wide,tb_240_243#1,bo_235#0,burst_222_235#0,原有,235,240,5,0,2025-09-05,0.27003218075347263,-0.20622988702907957,0,0,0,0,0,0,4,0.1619565323009125
CRLBF,causal,tb_240_243#0,bo_231#0,burst_222_231#0,原有,231,240,9,0,2025-09-05,0.27003218075347263,-0.20622988702907957,0,0,0,0,0,0,4,0.1619565323009125
CRLBF,causal,tb_240_243#1,bo_235#0,burst_222_235#0,原有,235,240,5,0,2025-09-05,0.27003218075347263,-0.20622988702907957,0,0,0,0,0,0,4,0.1619565323009125
CGTX,cur,tb_202_206#1,bo_197#0,burst_196_197#0,原有,197,202,5,0,2025-07-14,5.153922590837511,-0.10762855877311309,5,0,5,0,5,0,5,0.123039193658222
CGTX,cur,tb_202_207#0,bo_200#0,burst_196_200#0,原有,200,202,2,0,2025-07-14,5.040173584967108,-0.12397617903793286,6,0,6,0,6,0,6,0.123039193658222
CGTX,wide,tb_202_206#0,bo_196#0,burst_196_197#0,新增,197,202,5,0,2025-07-14,5.153922590837511,-0.10762855877311309,5,0,5,0,5,0,5,0.123039193658222
CGTX,wide,tb_202_206#1,bo_197#0,burst_196_197#0,原有,197,202,5,0,2025-07-14,5.153922590837511,-0.10762855877311309,5,0,5,0,5,0,5,0.123039193658222
CGTX,wide,tb_202_207#0,bo_200#0,burst_196_200#0,原有,200,202,2,0,2025-07-14,5.040173584967108,-0.12397617903793286,6,0,6,0,6,0,6,0.123039193658222
CGTX,causal,tb_202_206#0,bo_196#0,burst_196_197#0,新增,197,202,5,0,2025-07-14,5.153922590837511,-0.10762855877311309,5,0,5,0,5,0,5,0.123039193658222
CGTX,causal,tb_202_206#1,bo_197#0,burst_196_197#0,原有,197,202,5,0,2025-07-14,5.153922590837511,-0.10762855877311309,5,0,5,0,5,0,5,0.123039193658222
CGTX,causal,tb_202_207#0,bo_200#0,burst_196_200#0,原有,200,202,2,0,2025-07-14,5.040173584967108,-0.12397617903793286,6,0,6,0,6,0,6,0.123039193658222
COSM,cur,tb_215#1,bo_213#0,burst_210_213#0,原有,213,215,2,0,2025-07-31,0.38378373502030594,-0.4,1,0,1,0,0,1,1,0.07516629887942017
COSM,wide,tb_215#0,bo_210#0,burst_210_213#0,新增,213,215,2,0,2025-07-31,0.38378373502030594,-0.4,1,0,1,0,0,1,1,0.07516629887942017
COSM,wide,tb_215#1,bo_213#0,burst_210_213#0,原有,213,215,2,0,2025-07-31,0.38378373502030594,-0.4,1,0,1,0,0,1,1,0.07516629887942017
COSM,causal,tb_215#0,bo_210#0,burst_210_213#0,新增,213,215,2,0,2025-07-31,0.38378373502030594,-0.4,1,0,1,0,0,1,1,0.07516629887942017
COSM,causal,tb_215#1,bo_213#0,burst_210_213#0,原有,213,215,2,0,2025-07-31,0.38378373502030594,-0.4,1,0,1,0,0,1,1,0.07516629887942017
CPIX,cur,tb_321_323#1,bo_312#0,burst_310_312#0,原有,312,321,9,0,2025-12-31,0.35175881506384976,-0.11055280312090465,0,0,0,0,0,0,1,0.09672657882076266
CPIX,cur,tb_321_323#2,bo_313#0,burst_310_313#0,原有,313,321,8,0,2025-12-31,0.35175881506384976,-0.11055280312090465,0,0,0,0,0,0,1,0.09672657882076266
CPIX,wide,tb_321_323#0,bo_310#0,burst_310_312#0,新增,312,321,9,0,2025-12-31,0.35175881506384976,-0.11055280312090465,0,0,0,0,0,0,1,0.09672657882076266
CPIX,wide,tb_321_323#1,bo_312#0,burst_310_312#0,原有,312,321,9,0,2025-12-31,0.35175881506384976,-0.11055280312090465,0,0,0,0,0,0,1,0.09672657882076266
CPIX,wide,tb_321_323#2,bo_313#0,burst_310_313#0,原有,313,321,8,0,2025-12-31,0.35175881506384976,-0.11055280312090465,0,0,0,0,0,0,1,0.09672657882076266
CPIX,causal,tb_321_323#0,bo_310#0,burst_310_312#0,新增,312,321,9,0,2025-12-31,0.35175881506384976,-0.11055280312090465,0,0,0,0,0,0,1,0.09672657882076266
CPIX,causal,tb_321_323#1,bo_312#0,burst_310_312#0,原有,312,321,9,0,2025-12-31,0.35175881506384976,-0.11055280312090465,0,0,0,0,0,0,1,0.09672657882076266
CPIX,causal,tb_321_323#2,bo_313#0,burst_310_313#0,原有,313,321,8,0,2025-12-31,0.35175881506384976,-0.11055280312090465,0,0,0,0,0,0,1,0.09672657882076266
COCH,cur,tb_164_166#0,bo_162#0,burst_159_162#0,原有,162,164,2,0,2025-05-16,0.058921210312226746,-0.2058090572010387,0,0,0,0,0,0,3,0.09035714542683286
COCH,wide,tb_164_166#0,bo_162#0,burst_159_162#0,原有,162,164,2,0,2025-05-16,0.058921210312226746,-0.2058090572010387,0,0,0,0,0,0,3,0.09035714542683286
COCH,causal,tb_164_166#0,bo_162#0,burst_159_162#0,原有,162,164,2,0,2025-05-16,0.058921210312226746,-0.2058090572010387,0,0,0,0,0,0,3,0.09035714542683286
COE,cur,tb_183_187#2,bo_179#0,burst_175_179#0,原有,179,183,4,0,2025-06-13,0.47370325893694804,-0.11752984730590388,5,0,4,0,3,0,5,0.046867859512519046
COE,wide,tb_183_187#0,bo_175#0,burst_175_179#0,新增,179,183,4,0,2025-06-13,0.47370325893694804,-0.11752984730590388,5,0,4,0,3,0,5,0.046867859512519046
COE,wide,tb_183_187#1,bo_177#0,burst_175_179#0,新增,179,183,4,0,2025-06-13,0.47370325893694804,-0.11752984730590388,5,0,4,0,3,0,5,0.046867859512519046
COE,wide,tb_183_187#2,bo_179#0,burst_175_179#0,原有,179,183,4,0,2025-06-13,0.47370325893694804,-0.11752984730590388,5,0,4,0,3,0,5,0.046867859512519046
COE,causal,tb_183_187#0,bo_175#0,burst_175_179#0,新增,179,183,4,0,2025-06-13,0.47370325893694804,-0.11752984730590388,5,0,4,0,3,0,5,0.046867859512519046
COE,causal,tb_183_187#1,bo_177#0,burst_175_179#0,新增,179,183,4,0,2025-06-13,0.47370325893694804,-0.11752984730590388,5,0,4,0,3,0,5,0.046867859512519046
COE,causal,tb_183_187#2,bo_179#0,burst_175_179#0,原有,179,183,4,0,2025-06-13,0.47370325893694804,-0.11752984730590388,5,0,4,0,3,0,5,0.046867859512519046
COHN,cur,tb_296_299#1,bo_288#0,burst_286_288#0,原有,288,296,8,0,2025-11-24,1.1896976815945137,-0.013747471567174346,4,0,4,0,4,0,4,0.06903626527569043
COHN,cur,tb_296_299#2,bo_290#0,burst_286_290#0,原有,290,296,6,0,2025-11-24,1.1896976815945137,-0.013747471567174346,4,0,4,0,4,0,4,0.06903626527569043
COHN,wide,tb_296_299#0,bo_286#0,burst_286_288#0,新增,288,296,8,0,2025-11-24,1.1896976815945137,-0.013747471567174346,4,0,4,0,4,0,4,0.06903626527569043
COHN,wide,tb_296_299#1,bo_288#0,burst_286_288#0,原有,288,296,8,0,2025-11-24,1.1896976815945137,-0.013747471567174346,4,0,4,0,4,0,4,0.06903626527569043
COHN,wide,tb_296_299#2,bo_290#0,burst_286_290#0,原有,290,296,6,0,2025-11-24,1.1896976815945137,-0.013747471567174346,4,0,4,0,4,0,4,0.06903626527569043
COHN,causal,tb_296_299#0,bo_286#0,burst_286_288#0,新增,288,296,8,0,2025-11-24,1.1896976815945137,-0.013747471567174346,4,0,4,0,4,0,4,0.06903626527569043
COHN,causal,tb_296_299#1,bo_288#0,burst_286_288#0,原有,288,296,8,0,2025-11-24,1.1896976815945137,-0.013747471567174346,4,0,4,0,4,0,4,0.06903626527569043
COHN,causal,tb_296_299#2,bo_290#0,burst_286_290#0,原有,290,296,6,0,2025-11-24,1.1896976815945137,-0.013747471567174346,4,0,4,0,4,0,4,0.06903626527569043
CREX,cur,tb_175_178#1,bo_169#0,burst_163_169#0,原有,169,175,6,0,2025-06-03,0.219277836442561,-0.22549552998182446,0,0,0,0,0,0,4,0.13248627972439087
CREX,wide,tb_175_178#0,bo_167#0,burst_163_169#0,新增,169,175,6,0,2025-06-03,0.219277836442561,-0.22549552998182446,0,0,0,0,0,0,4,0.13248627972439087
CREX,wide,tb_175_178#1,bo_169#0,burst_163_169#0,原有,169,175,6,0,2025-06-03,0.219277836442561,-0.22549552998182446,0,0,0,0,0,0,4,0.13248627972439087
CREX,causal,tb_175_178#0,bo_167#0,burst_163_169#0,新增,169,175,6,0,2025-06-03,0.219277836442561,-0.22549552998182446,0,0,0,0,0,0,4,0.13248627972439087
CREX,causal,tb_175_178#1,bo_169#0,burst_163_169#0,原有,169,175,6,0,2025-06-03,0.219277836442561,-0.22549552998182446,0,0,0,0,0,0,4,0.13248627972439087
DRIO,cur,tb_259#0,bo_256#0,burst_254_256#0,原有,256,259,3,0,2025-10-02,0.027214782912365454,-0.47828604574058253,0,1,0,1,0,1,1,0.12016021429138923
DRIO,cur,tb_259#1,bo_257#0,burst_254_257#0,原有,257,259,2,0,2025-10-02,0.027214782912365454,-0.47828604574058253,0,1,0,1,0,1,1,0.12016021429138923
DRIO,wide,tb_259#0,bo_256#0,burst_254_256#0,原有,256,259,3,0,2025-10-02,0.027214782912365454,-0.47828604574058253,0,1,0,1,0,1,1,0.12016021429138923
DRIO,wide,tb_259#1,bo_257#0,burst_254_257#0,原有,257,259,2,0,2025-10-02,0.027214782912365454,-0.47828604574058253,0,1,0,1,0,1,1,0.12016021429138923
DRIO,causal,tb_259#0,bo_256#0,burst_254_256#0,原有,256,259,3,0,2025-10-02,0.027214782912365454,-0.47828604574058253,0,1,0,1,0,1,1,0.12016021429138923
DRIO,causal,tb_259#1,bo_257#0,burst_254_257#0,原有,257,259,2,0,2025-10-02,0.027214782912365454,-0.47828604574058253,0,1,0,1,0,1,1,0.12016021429138923
DBGI,wide,tb_316_318#0,bo_311#0,burst_311_322#0,新增,322,316,-6,2,2025-12-23,0.6692025156820636,-0.8358617543933478,3,0,2,1,2,1,3,0.1014930202051619
DBGI,wide,tb_321#0,bo_319#0,burst_311_322#0,新增,322,321,-1,1,2025-12-31,0.4195583254562445,-0.8604100995010208,0,1,0,1,0,1,1,0.11437750799514952
DBI,cur,tb_309_311#1,bo_306#0,burst_298_306#0,原有,306,309,3,0,2025-12-12,0.02240441593364939,-0.2860031306847663,0,3,0,3,0,0,3,0.06363793021476005
DBI,wide,tb_309_311#0,bo_304#0,burst_298_306#0,新增,306,309,3,0,2025-12-12,0.02240441593364939,-0.2860031306847663,0,3,0,3,0,0,3,0.06363793021476005
DBI,wide,tb_309_311#1,bo_306#0,burst_298_306#0,原有,306,309,3,0,2025-12-12,0.02240441593364939,-0.2860031306847663,0,3,0,3,0,0,3,0.06363793021476005
DBI,causal,tb_309_311#0,bo_304#0,burst_298_306#0,新增,306,309,3,0,2025-12-12,0.02240441593364939,-0.2860031306847663,0,3,0,3,0,0,3,0.06363793021476005
DBI,causal,tb_309_311#1,bo_306#0,burst_298_306#0,原有,306,309,3,0,2025-12-12,0.02240441593364939,-0.2860031306847663,0,3,0,3,0,0,3,0.06363793021476005
DBVT,cur,tb_266_273#0,bo_260#0,burst_259_260#0,原有,260,266,6,0,2025-10-13,0.3696716178150884,-0.22209281129686215,2,0,2,0,2,0,8,0.08345726621383037
DBVT,cur,tb_266_273#1,bo_263#0,burst_259_263#0,原有,263,266,3,0,2025-10-13,0.3696716178150884,-0.22209281129686215,2,0,2,0,2,0,8,0.08345726621383037
DBVT,wide,tb_261#0,bo_259#0,burst_259_260#0,新增,260,261,1,0,2025-10-06,0.3544018097566839,-0.05492848339591294,1,0,1,0,0,0,1,0.059809929323658154
DBVT,wide,tb_266_273#0,bo_260#0,burst_259_260#0,原有,260,266,6,0,2025-10-13,0.3696716178150884,-0.22209281129686215,2,0,2,0,2,0,8,0.08345726621383037
DBVT,wide,tb_266_273#1,bo_263#0,burst_259_263#0,原有,263,266,3,0,2025-10-13,0.3696716178150884,-0.22209281129686215,2,0,2,0,2,0,8,0.08345726621383037
DBVT,causal,tb_261#0,bo_259#0,burst_259_260#0,新增,260,261,1,0,2025-10-06,0.3544018097566839,-0.05492848339591294,1,0,1,0,0,0,1,0.059809929323658154
DBVT,causal,tb_266_273#0,bo_260#0,burst_259_260#0,原有,260,266,6,0,2025-10-13,0.3696716178150884,-0.22209281129686215,2,0,2,0,2,0,8,0.08345726621383037
DBVT,causal,tb_266_273#1,bo_263#0,burst_259_263#0,原有,263,266,3,0,2025-10-13,0.3696716178150884,-0.22209281129686215,2,0,2,0,2,0,8,0.08345726621383037
CRCT,cur,tb_160_166#1,bo_158#0,burst_157_158#0,原有,158,160,2,0,2025-05-12,0.1741248349121189,-0.08275256786966687,1,0,0,0,0,0,7,0.04891242193851474
CRCT,wide,tb_160_166#0,bo_157#0,burst_157_158#0,新增,158,160,2,0,2025-05-12,0.1741248349121189,-0.08275256786966687,1,0,0,0,0,0,7,0.04891242193851474
CRCT,wide,tb_160_166#1,bo_158#0,burst_157_158#0,原有,158,160,2,0,2025-05-12,0.1741248349121189,-0.08275256786966687,1,0,0,0,0,0,7,0.04891242193851474
CRCT,causal,tb_160_166#0,bo_157#0,burst_157_158#0,新增,158,160,2,0,2025-05-12,0.1741248349121189,-0.08275256786966687,1,0,0,0,0,0,7,0.04891242193851474
CRCT,causal,tb_160_166#1,bo_158#0,burst_157_158#0,原有,158,160,2,0,2025-05-12,0.1741248349121189,-0.08275256786966687,1,0,0,0,0,0,7,0.04891242193851474
CTMX,cur,tb_258_270#2,bo_256#0,burst_253_256#0,原有,256,258,2,0,2025-10-01,0.383495461460705,-0.06775117864576839,13,0,13,0,10,0,13,0.05970241199004807
CTMX,wide,tb_258_270#0,bo_253#0,burst_253_256#0,新增,256,258,2,0,2025-10-01,0.383495461460705,-0.06775117864576839,13,0,13,0,10,0,13,0.05970241199004807
CTMX,wide,tb_258_270#1,bo_254#0,burst_253_256#0,新增,256,258,2,0,2025-10-01,0.383495461460705,-0.06775117864576839,13,0,13,0,10,0,13,0.05970241199004807
CTMX,wide,tb_258_270#2,bo_256#0,burst_253_256#0,原有,256,258,2,0,2025-10-01,0.383495461460705,-0.06775117864576839,13,0,13,0,10,0,13,0.05970241199004807
CTMX,causal,tb_258_270#0,bo_253#0,burst_253_256#0,新增,256,258,2,0,2025-10-01,0.383495461460705,-0.06775117864576839,13,0,13,0,10,0,13,0.05970241199004807
CTMX,causal,tb_258_270#1,bo_254#0,burst_253_256#0,新增,256,258,2,0,2025-10-01,0.383495461460705,-0.06775117864576839,13,0,13,0,10,0,13,0.05970241199004807
CTMX,causal,tb_258_270#2,bo_256#0,burst_253_256#0,原有,256,258,2,0,2025-10-01,0.383495461460705,-0.06775117864576839,13,0,13,0,10,0,13,0.05970241199004807
CTOR,cur,tb_185#2,bo_181#0,burst_178_181#0,原有,181,185,4,0,2025-06-17,3.2689654163174655,-0.07172419871217794,1,0,1,0,1,0,1,0.07889419018711058
CTOR,cur,tb_189_190#0,bo_187#0,burst_178_187#0,原有,187,189,2,0,2025-06-24,1.2849106336332095,-0.5016753826547683,2,0,2,0,2,0,2,0.1048413194247072
CTOR,wide,tb_185#0,bo_178#0,burst_178_181#0,新增,181,185,4,0,2025-06-17,3.2689654163174655,-0.07172419871217794,1,0,1,0,1,0,1,0.07889419018711058
CTOR,wide,tb_185#1,bo_179#0,burst_178_181#0,新增,181,185,4,0,2025-06-17,3.2689654163174655,-0.07172419871217794,1,0,1,0,1,0,1,0.07889419018711058
CTOR,wide,tb_185#2,bo_181#0,burst_178_181#0,原有,181,185,4,0,2025-06-17,3.2689654163174655,-0.07172419871217794,1,0,1,0,1,0,1,0.07889419018711058
CTOR,wide,tb_189_190#0,bo_187#0,burst_178_187#0,原有,187,189,2,0,2025-06-24,1.2849106336332095,-0.5016753826547683,2,0,2,0,2,0,2,0.1048413194247072
CTOR,causal,tb_185#0,bo_178#0,burst_178_181#0,新增,181,185,4,0,2025-06-17,3.2689654163174655,-0.07172419871217794,1,0,1,0,1,0,1,0.07889419018711058
CTOR,causal,tb_185#1,bo_179#0,burst_178_181#0,新增,181,185,4,0,2025-06-17,3.2689654163174655,-0.07172419871217794,1,0,1,0,1,0,1,0.07889419018711058
CTOR,causal,tb_185#2,bo_181#0,burst_178_181#0,原有,181,185,4,0,2025-06-17,3.2689654163174655,-0.07172419871217794,1,0,1,0,1,0,1,0.07889419018711058
CTOR,causal,tb_189_190#0,bo_187#0,burst_178_187#0,原有,187,189,2,0,2025-06-24,1.2849106336332095,-0.5016753826547683,2,0,2,0,2,0,2,0.1048413194247072
CXDO,cur,tb_108#0,bo_104#0,burst_97_104#0,原有,104,108,4,0,2025-02-26,0.10044978540183425,-0.43778111587614643,0,1,0,1,0,1,1,0.049676302556905916
CXDO,wide,tb_108#0,bo_104#0,burst_97_104#0,原有,104,108,4,0,2025-02-26,0.10044978540183425,-0.43778111587614643,0,1,0,1,0,1,1,0.049676302556905916
CXDO,causal,tb_108#0,bo_104#0,burst_97_104#0,原有,104,108,4,0,2025-02-26,0.10044978540183425,-0.43778111587614643,0,1,0,1,0,1,1,0.049676302556905916
DFLI,wide,tb_258#0,bo_254#0,burst_254_260#0,新增,260,258,-2,2,2025-10-01,3.3572623336841287,-0.028380568606441336,1,0,1,0,1,0,1,0.08080123873621939
DFLI,wide,tb_258#1,bo_255#0,burst_254_260#0,新增,260,258,-2,2,2025-10-01,3.3572623336841287,-0.028380568606441336,1,0,1,0,1,0,1,0.08080123873621939
DRSHF,cur,tb_179_181#1,bo_177#0,burst_176_177#0,原有,177,179,2,0,2025-06-09,1.7780580161957282,9.337050950186665e-05,3,0,3,0,3,0,3,0.07273601904001757
DRSHF,cur,tb_187#0,bo_185#0,burst_176_185#0,原有,185,187,2,0,2025-06-20,1.3035020350464186,-0.17509729936681773,1,0,1,0,1,0,1,0.07807422519921828
DRSHF,wide,tb_179_181#0,bo_176#0,burst_176_177#0,新增,177,179,2,0,2025-06-09,1.7780580161957282,9.337050950186665e-05,3,0,3,0,3,0,3,0.07273601904001757
DRSHF,wide,tb_179_181#1,bo_177#0,burst_176_177#0,原有,177,179,2,0,2025-06-09,1.7780580161957282,9.337050950186665e-05,3,0,3,0,3,0,3,0.07273601904001757
DRSHF,wide,tb_187#0,bo_185#0,burst_176_185#0,原有,185,187,2,0,2025-06-20,1.3035020350464186,-0.17509729936681773,1,0,1,0,1,0,1,0.07807422519921828
DRSHF,causal,tb_179_181#0,bo_176#0,burst_176_177#0,新增,177,179,2,0,2025-06-09,1.7780580161957282,9.337050950186665e-05,3,0,3,0,3,0,3,0.07273601904001757
DRSHF,causal,tb_179_181#1,bo_177#0,burst_176_177#0,原有,177,179,2,0,2025-06-09,1.7780580161957282,9.337050950186665e-05,3,0,3,0,3,0,3,0.07273601904001757
DRSHF,causal,tb_187#0,bo_185#0,burst_176_185#0,原有,185,187,2,0,2025-06-20,1.3035020350464186,-0.17509729936681773,1,0,1,0,1,0,1,0.07807422519921828
DRTTF,cur,tb_280#1,bo_277#0,burst_274_277#0,原有,277,280,3,0,2025-10-31,0.09195404070689062,-0.14655172561446306,0,1,0,0,0,0,1,0.03825083497881733
DRTTF,cur,tb_285_301#0,bo_281#0,burst_274_281#0,原有,281,285,4,0,2025-11-07,0.06038976607222611,-0.15792318735333508,0,12,0,10,0,6,17,0.05099265911198542
DRTTF,wide,tb_280#0,bo_274#0,burst_274_277#0,新增,277,280,3,0,2025-10-31,0.09195404070689062,-0.14655172561446306,0,1,0,0,0,0,1,0.03825083497881733
DRTTF,wide,tb_280#1,bo_277#0,burst_274_277#0,原有,277,280,3,0,2025-10-31,0.09195404070689062,-0.14655172561446306,0,1,0,0,0,0,1,0.03825083497881733
DRTTF,wide,tb_285_301#0,bo_281#0,burst_274_281#0,原有,281,285,4,0,2025-11-07,0.06038976607222611,-0.15792318735333508,0,12,0,10,0,6,17,0.05099265911198542
DRTTF,causal,tb_280#0,bo_274#0,burst_274_277#0,新增,277,280,3,0,2025-10-31,0.09195404070689062,-0.14655172561446306,0,1,0,0,0,0,1,0.03825083497881733
DRTTF,causal,tb_280#1,bo_277#0,burst_274_277#0,原有,277,280,3,0,2025-10-31,0.09195404070689062,-0.14655172561446306,0,1,0,0,0,0,1,0.03825083497881733
DRTTF,causal,tb_285_301#0,bo_281#0,burst_274_281#0,原有,281,285,4,0,2025-11-07,0.06038976607222611,-0.15792318735333508,0,12,0,10,0,6,17,0.05099265911198542
DOMO,cur,tb_173_174#0,bo_168#0,burst_160_168#0,原有,168,173,5,0,2025-05-30,0.288622589236846,-0.07567427189344239,2,0,2,0,1,0,2,0.04333899131190549
DOMO,wide,tb_173_174#0,bo_168#0,burst_160_168#0,原有,168,173,5,0,2025-05-30,0.288622589236846,-0.07567427189344239,2,0,2,0,1,0,2,0.04333899131190549
DOMO,causal,tb_173_174#0,bo_168#0,burst_160_168#0,原有,168,173,5,0,2025-05-30,0.288622589236846,-0.07567427189344239,2,0,2,0,1,0,2,0.04333899131190549
DOUG,cur,tb_177_187#0,bo_169#0,burst_161_169#0,原有,169,177,8,0,2025-06-05,0.13054860105844898,-0.26051000007734015,0,11,0,11,0,3,11,0.06153577322157469
DOUG,cur,tb_177_187#1,bo_170#0,burst_161_170#0,原有,170,177,7,0,2025-06-05,0.13054860105844898,-0.26051000007734015,0,11,0,11,0,3,11,0.06153577322157469
DOUG,wide,tb_165_166#0,bo_161#0,burst_161_169#0,新增,169,165,-4,1,2025-05-19,0.42545340909918095,-0.09127348223308124,2,0,2,0,2,0,2,0.051802856537016634
DOUG,wide,tb_168#0,bo_164#0,burst_161_169#0,新增,169,168,-1,1,2025-05-22,0.49532705178395586,-0.023364573964402724,1,0,1,0,1,0,1,0.056077611528657645
DOUG,wide,tb_177_187#0,bo_169#0,burst_161_169#0,原有,169,177,8,0,2025-06-05,0.13054860105844898,-0.26051000007734015,0,11,0,11,0,3,11,0.06153577322157469
DOUG,wide,tb_177_187#1,bo_170#0,burst_161_170#0,原有,170,177,7,0,2025-06-05,0.13054860105844898,-0.26051000007734015,0,11,0,11,0,3,11,0.06153577322157469
DOUG,causal,tb_177_187#0,bo_169#0,burst_161_169#0,原有,169,177,8,0,2025-06-05,0.13054860105844898,-0.26051000007734015,0,11,0,11,0,3,11,0.06153577322157469
DOUG,causal,tb_177_187#1,bo_170#0,burst_161_170#0,原有,170,177,7,0,2025-06-05,0.13054860105844898,-0.26051000007734015,0,11,0,11,0,3,11,0.06153577322157469
DCTH,cur,tb_170_174#2,bo_164#0,burst_158_164#0,原有,164,170,6,0,2025-05-27,0.05625657940399997,-0.33745072988865976,0,5,0,5,0,5,5,0.04613505121926987
DCTH,cur,tb_170_174#3,bo_165#0,burst_158_165#0,原有,165,170,5,0,2025-05-27,0.05625657940399997,-0.33745072988865976,0,5,0,5,0,5,5,0.04613505121926987
DCTH,wide,tb_170_174#0,bo_158#0,burst_158_164#0,新增,164,170,6,0,2025-05-27,0.05625657940399997,-0.33745072988865976,0,5,0,5,0,5,5,0.04613505121926987
DCTH,wide,tb_170_174#1,bo_159#0,burst_158_164#0,新增,164,170,6,0,2025-05-27,0.05625657940399997,-0.33745072988865976,0,5,0,5,0,5,5,0.04613505121926987
DCTH,wide,tb_170_174#2,bo_164#0,burst_158_164#0,原有,164,170,6,0,2025-05-27,0.05625657940399997,-0.33745072988865976,0,5,0,5,0,5,5,0.04613505121926987
DCTH,wide,tb_170_174#3,bo_165#0,burst_158_165#0,原有,165,170,5,0,2025-05-27,0.05625657940399997,-0.33745072988865976,0,5,0,5,0,5,5,0.04613505121926987
DCTH,causal,tb_170_174#0,bo_158#0,burst_158_164#0,新增,164,170,6,0,2025-05-27,0.05625657940399997,-0.33745072988865976,0,5,0,5,0,5,5,0.04613505121926987
DCTH,causal,tb_170_174#1,bo_159#0,burst_158_164#0,新增,164,170,6,0,2025-05-27,0.05625657940399997,-0.33745072988865976,0,5,0,5,0,5,5,0.04613505121926987
DCTH,causal,tb_170_174#2,bo_164#0,burst_158_164#0,原有,164,170,6,0,2025-05-27,0.05625657940399997,-0.33745072988865976,0,5,0,5,0,5,5,0.04613505121926987
DCTH,causal,tb_170_174#3,bo_165#0,burst_158_165#0,原有,165,170,5,0,2025-05-27,0.05625657940399997,-0.33745072988865976,0,5,0,5,0,5,5,0.04613505121926987
DDC,cur,tb_183_193#0,bo_173#0,burst_160_173#0,原有,173,183,10,0,2025-06-13,0.9985826323891916,-0.15307052470408278,10,0,3,0,1,0,11,0.21324004234892174
DDC,cur,tb_183_194#0,bo_174#0,burst_160_174#0,原有,174,183,9,0,2025-06-13,0.9884079517411409,-0.15600533894241828,11,0,3,0,1,0,12,0.21324004234892174
DDC,wide,tb_168#0,bo_164#0,burst_160_173#0,新增,173,168,-5,2,2025-05-22,3.810392803701226,-0.1755196313751367,1,0,1,0,1,0,1,0.15225191340069472
DDC,wide,tb_183_191#0,bo_171#0,burst_160_173#0,新增,173,183,10,0,2025-06-13,0.9818288738550395,-0.16422822328654316,8,0,1,0,0,0,9,0.21324004234892174
DDC,wide,tb_183_193#0,bo_173#0,burst_160_173#0,原有,173,183,10,0,2025-06-13,0.9985826323891916,-0.15307052470408278,10,0,3,0,1,0,11,0.21324004234892174
DDC,wide,tb_183_194#0,bo_174#0,burst_160_174#0,原有,174,183,9,0,2025-06-13,0.9884079517411409,-0.15600533894241828,11,0,3,0,1,0,12,0.21324004234892174
DDC,causal,tb_183_191#0,bo_171#0,burst_160_173#0,新增,173,183,10,0,2025-06-13,0.9818288738550395,-0.16422822328654316,8,0,1,0,0,0,9,0.21324004234892174
DDC,causal,tb_183_193#0,bo_173#0,burst_160_173#0,原有,173,183,10,0,2025-06-13,0.9985826323891916,-0.15307052470408278,10,0,3,0,1,0,11,0.21324004234892174
DDC,causal,tb_183_194#0,bo_174#0,burst_160_174#0,原有,174,183,9,0,2025-06-13,0.9884079517411409,-0.15600533894241828,11,0,3,0,1,0,12,0.21324004234892174
DDL,cur,tb_315_317#1,bo_312#0,burst_304_312#0,原有,312,315,3,0,2025-12-22,0.27635282554086843,-0.09981570919483755,3,0,1,0,0,0,3,0.06022073320803447
DDL,wide,tb_315_317#0,bo_311#0,burst_304_312#0,新增,312,315,3,0,2025-12-22,0.27635282554086843,-0.09981570919483755,3,0,1,0,0,0,3,0.06022073320803447
DDL,wide,tb_315_317#1,bo_312#0,burst_304_312#0,原有,312,315,3,0,2025-12-22,0.27635282554086843,-0.09981570919483755,3,0,1,0,0,0,3,0.06022073320803447
DDL,causal,tb_315_317#0,bo_311#0,burst_304_312#0,新增,312,315,3,0,2025-12-22,0.27635282554086843,-0.09981570919483755,3,0,1,0,0,0,3,0.06022073320803447
DDL,causal,tb_315_317#1,bo_312#0,burst_304_312#0,原有,312,315,3,0,2025-12-22,0.27635282554086843,-0.09981570919483755,3,0,1,0,0,0,3,0.06022073320803447
ELVA,cur,tb_170_172#0,bo_163#0,burst_163#0,原有,163,170,7,0,2025-05-27,0.49544059508661387,-0.0618077890776052,3,0,3,0,3,0,3,0.05223952649067423
ELVA,wide,tb_170_172#0,bo_163#0,burst_163#0,原有,163,170,7,0,2025-05-27,0.49544059508661387,-0.0618077890776052,3,0,3,0,3,0,3,0.05223952649067423
ELVA,causal,tb_170_172#0,bo_163#0,burst_163#0,原有,163,170,7,0,2025-05-27,0.49544059508661387,-0.0618077890776052,3,0,3,0,3,0,3,0.05223952649067423
EMBC,cur,tb_228_230#1,bo_223#0,burst_221_223#0,原有,223,228,5,0,2025-08-19,0.13975963564540414,-0.03981665694181058,0,0,0,0,0,0,3,0.041481601675883314
EMBC,cur,tb_228_230#2,bo_224#0,burst_221_224#0,原有,224,228,4,0,2025-08-19,0.13975963564540414,-0.03981665694181058,0,0,0,0,0,0,3,0.041481601675883314
EMBC,cur,tb_234_239#0,bo_231#0,burst_221_231#0,原有,231,234,3,0,2025-08-27,0.07631271229899661,-0.09326711882890244,0,0,0,0,0,0,6,0.03996222994884523
EMBC,wide,tb_228_230#0,bo_221#0,burst_221_223#0,新增,223,228,5,0,2025-08-19,0.13975963564540414,-0.03981665694181058,0,0,0,0,0,0,3,0.041481601675883314
EMBC,wide,tb_228_230#1,bo_223#0,burst_221_223#0,原有,223,228,5,0,2025-08-19,0.13975963564540414,-0.03981665694181058,0,0,0,0,0,0,3,0.041481601675883314
EMBC,wide,tb_228_230#2,bo_224#0,burst_221_224#0,原有,224,228,4,0,2025-08-19,0.13975963564540414,-0.03981665694181058,0,0,0,0,0,0,3,0.041481601675883314
EMBC,wide,tb_234_239#0,bo_231#0,burst_221_231#0,原有,231,234,3,0,2025-08-27,0.07631271229899661,-0.09326711882890244,0,0,0,0,0,0,6,0.03996222994884523
EMBC,causal,tb_228_230#0,bo_221#0,burst_221_223#0,新增,223,228,5,0,2025-08-19,0.13975963564540414,-0.03981665694181058,0,0,0,0,0,0,3,0.041481601675883314
EMBC,causal,tb_228_230#1,bo_223#0,burst_221_223#0,原有,223,228,5,0,2025-08-19,0.13975963564540414,-0.03981665694181058,0,0,0,0,0,0,3,0.041481601675883314
EMBC,causal,tb_228_230#2,bo_224#0,burst_221_224#0,原有,224,228,4,0,2025-08-19,0.13975963564540414,-0.03981665694181058,0,0,0,0,0,0,3,0.041481601675883314
EMBC,causal,tb_234_239#0,bo_231#0,burst_221_231#0,原有,231,234,3,0,2025-08-27,0.07631271229899661,-0.09326711882890244,0,0,0,0,0,0,6,0.03996222994884523
DVLT,cur,tb_267_274#0,bo_255#0,burst_252_255#0,原有,255,267,12,0,2025-10-14,0.9275818701868866,-0.4511568858827393,3,4,2,1,0,1,8,0.2441019795305701
DVLT,cur,tb_267_274#1,bo_256#0,burst_252_256#0,原有,256,267,11,0,2025-10-14,0.9275818701868866,-0.4511568858827393,3,4,2,1,0,1,8,0.2441019795305701
DVLT,cur,tb_267_274#2,bo_258#0,burst_252_258#0,原有,258,267,9,0,2025-10-14,0.9275818701868866,-0.4511568858827393,3,4,2,1,0,1,8,0.2441019795305701
DVLT,cur,tb_267_274#3,bo_261#0,burst_252_261#0,原有,261,267,6,0,2025-10-14,0.9275818701868866,-0.4511568858827393,3,4,2,1,0,1,8,0.2441019795305701
DVLT,wide,tb_256_257#0,bo_254#0,burst_252_255#0,新增,255,256,1,0,2025-09-29,2.663342534759903,-0.08863185304945687,2,0,2,0,2,0,2,0.1746515808734761
DVLT,wide,tb_267_274#0,bo_255#0,burst_252_255#0,原有,255,267,12,0,2025-10-14,0.9275818701868866,-0.4511568858827393,3,4,2,1,0,1,8,0.2441019795305701
DVLT,wide,tb_267_274#1,bo_256#0,burst_252_256#0,原有,256,267,11,0,2025-10-14,0.9275818701868866,-0.4511568858827393,3,4,2,1,0,1,8,0.2441019795305701
DVLT,wide,tb_267_274#2,bo_258#0,burst_252_258#0,原有,258,267,9,0,2025-10-14,0.9275818701868866,-0.4511568858827393,3,4,2,1,0,1,8,0.2441019795305701
DVLT,wide,tb_267_274#3,bo_261#0,burst_252_261#0,原有,261,267,6,0,2025-10-14,0.9275818701868866,-0.4511568858827393,3,4,2,1,0,1,8,0.2441019795305701
DVLT,causal,tb_256_257#0,bo_254#0,burst_252_255#0,新增,255,256,1,0,2025-09-29,2.663342534759903,-0.08863185304945687,2,0,2,0,2,0,2,0.1746515808734761
DVLT,causal,tb_267_274#0,bo_255#0,burst_252_255#0,原有,255,267,12,0,2025-10-14,0.9275818701868866,-0.4511568858827393,3,4,2,1,0,1,8,0.2441019795305701
DVLT,causal,tb_267_274#1,bo_256#0,burst_252_256#0,原有,256,267,11,0,2025-10-14,0.9275818701868866,-0.4511568858827393,3,4,2,1,0,1,8,0.2441019795305701
DVLT,causal,tb_267_274#2,bo_258#0,burst_252_258#0,原有,258,267,9,0,2025-10-14,0.9275818701868866,-0.4511568858827393,3,4,2,1,0,1,8,0.2441019795305701
DVLT,causal,tb_267_274#3,bo_261#0,burst_252_261#0,原有,261,267,6,0,2025-10-14,0.9275818701868866,-0.4511568858827393,3,4,2,1,0,1,8,0.2441019795305701
ELA,cur,tb_236_237#0,bo_232#0,burst_224_232#0,原有,232,236,4,0,2025-08-29,0.21256603923184525,-0.07331853165376695,1,0,0,0,0,0,2,0.05203427341847597
ELA,wide,tb_227_231#0,bo_224#0,burst_224_232#0,新增,232,227,-5,2,2025-08-18,0.17304707971806232,-0.03332823478144509,0,0,0,0,0,0,5,0.05596740907175528
ELA,wide,tb_229_238#0,bo_227#0,burst_224_232#0,新增,232,229,-3,1,2025-08-20,0.17742871920760653,-0.05671858482479375,2,0,1,0,0,0,10,0.05596740907175528
ELA,wide,tb_236_237#0,bo_232#0,burst_224_232#0,原有,232,236,4,0,2025-08-29,0.21256603923184525,-0.07331853165376695,1,0,0,0,0,0,2,0.05203427341847597
ELA,causal,tb_236_237#0,bo_232#0,burst_224_232#0,原有,232,236,4,0,2025-08-29,0.21256603923184525,-0.07331853165376695,1,0,0,0,0,0,2,0.05203427341847597
EU,cur,tb_271#0,bo_268#0,burst_252_268#0,原有,268,271,3,0,2025-10-20,0.0338461215679462,-0.30153846740722656,0,1,0,1,0,0,1,0.0815978043155583
EU,wide,tb_259_265#0,bo_257#0,burst_252_268#0,新增,268,259,-9,3,2025-10-02,0.23880786233173495,-0.32725025374406663,2,5,0,7,0,7,7,0.056726828215792446
EU,wide,tb_261_265#0,bo_259#0,burst_252_268#0,新增,268,261,-7,2,2025-10-06,0.22453227877272988,-0.33500278382480025,0,5,0,5,0,5,5,0.0638839919658804
EU,wide,tb_266_267#0,bo_262#0,burst_252_268#0,新增,268,266,-2,1,2025-10-13,0.1420764290473817,-0.3797814405211126,0,2,0,2,0,2,2,0.06752115090243235
EU,wide,tb_271#0,bo_268#0,burst_252_268#0,原有,268,271,3,0,2025-10-20,0.0338461215679462,-0.30153846740722656,0,1,0,1,0,0,1,0.0815978043155583
EU,causal,tb_271#0,bo_268#0,burst_252_268#0,原有,268,271,3,0,2025-10-20,0.0338461215679462,-0.30153846740722656,0,1,0,1,0,0,1,0.0815978043155583
EH,cur,tb_102_104#0,bo_99#0,burst_95_99#0,原有,99,102,3,0,2025-02-18,0.08766386944259434,-0.4666300151769018,0,3,0,3,0,3,3,0.04998547911499511
EH,wide,tb_98#0,bo_95#0,burst_95_99#0,新增,99,98,-1,1,2025-02-11,0.4369870373965601,-0.3073394060271114,1,0,1,0,1,0,1,0.04338314143889822
EH,wide,tb_98#1,bo_96#0,burst_95_99#0,新增,99,98,-1,1,2025-02-11,0.4369870373965601,-0.3073394060271114,1,0,1,0,1,0,1,0.04338314143889822
EH,wide,tb_102_104#0,bo_99#0,burst_95_99#0,原有,99,102,3,0,2025-02-18,0.08766386944259434,-0.4666300151769018,0,3,0,3,0,3,3,0.04998547911499511
EH,causal,tb_102_104#0,bo_99#0,burst_95_99#0,原有,99,102,3,0,2025-02-18,0.08766386944259434,-0.4666300151769018,0,3,0,3,0,3,3,0.04998547911499511
FCCN,cur,tb_319_332#0,bo_312#0,burst_312#0,原有,312,319,7,0,2025-12-29,0.05558417350994945,-0.3864567893221101,0,3,0,3,0,3,3,0.07371868599479253
FCCN,cur,tb_319_333#0,bo_313#0,burst_312_313#0,原有,313,319,6,0,2025-12-29,0.05558417350994945,-0.3864567893221101,0,3,0,3,0,3,3,0.07371868599479253
FCCN,cur,tb_319_335#0,bo_315#0,burst_312_315#0,原有,315,319,4,0,2025-12-29,0.05558417350994945,-0.3864567893221101,0,3,0,3,0,3,3,0.07371868599479253
FCCN,wide,tb_319_332#0,bo_312#0,burst_312#0,原有,312,319,7,0,2025-12-29,0.05558417350994945,-0.3864567893221101,0,3,0,3,0,3,3,0.07371868599479253
FCCN,wide,tb_319_333#0,bo_313#0,burst_312_313#0,原有,313,319,6,0,2025-12-29,0.05558417350994945,-0.3864567893221101,0,3,0,3,0,3,3,0.07371868599479253
FCCN,wide,tb_319_335#0,bo_315#0,burst_312_315#0,原有,315,319,4,0,2025-12-29,0.05558417350994945,-0.3864567893221101,0,3,0,3,0,3,3,0.07371868599479253
FCCN,causal,tb_319_332#0,bo_312#0,burst_312#0,原有,312,319,7,0,2025-12-29,0.05558417350994945,-0.3864567893221101,0,3,0,3,0,3,3,0.07371868599479253
FCCN,causal,tb_319_333#0,bo_313#0,burst_312_313#0,原有,313,319,6,0,2025-12-29,0.05558417350994945,-0.3864567893221101,0,3,0,3,0,3,3,0.07371868599479253
FCCN,causal,tb_319_335#0,bo_315#0,burst_312_315#0,原有,315,319,4,0,2025-12-29,0.05558417350994945,-0.3864567893221101,0,3,0,3,0,3,3,0.07371868599479253
FCEL,cur,tb_255#0,bo_249#0,burst_244_249#0,原有,249,255,6,0,2025-09-26,0.5177214716932867,-0.26582276952933337,1,0,1,0,0,0,1,0.09273121981325744
FCEL,cur,tb_255#1,bo_251#0,burst_244_251#0,原有,251,255,4,0,2025-09-26,0.5177214716932867,-0.26582276952933337,1,0,1,0,0,0,1,0.09273121981325744
FCEL,wide,tb_247#0,bo_244#0,burst_244_249#0,新增,249,247,-2,1,2025-09-16,0.7658320822502669,-0.005891010615280079,1,0,1,0,1,0,1,0.061892947191088274
FCEL,wide,tb_255#0,bo_249#0,burst_244_249#0,原有,249,255,6,0,2025-09-26,0.5177214716932867,-0.26582276952933337,1,0,1,0,0,0,1,0.09273121981325744
FCEL,wide,tb_255#1,bo_251#0,burst_244_251#0,原有,251,255,4,0,2025-09-26,0.5177214716932867,-0.26582276952933337,1,0,1,0,0,0,1,0.09273121981325744
FCEL,causal,tb_255#0,bo_249#0,burst_244_249#0,原有,249,255,6,0,2025-09-26,0.5177214716932867,-0.26582276952933337,1,0,1,0,0,0,1,0.09273121981325744
FCEL,causal,tb_255#1,bo_251#0,burst_244_251#0,原有,251,255,4,0,2025-09-26,0.5177214716932867,-0.26582276952933337,1,0,1,0,0,0,1,0.09273121981325744
FMCC,cur,tb_173_174#0,bo_168#0,burst_166_168#0,原有,168,173,5,0,2025-05-30,0.07789623720151562,-0.2901965154850271,0,2,0,2,0,2,2,0.038738486639074074
FMCC,wide,tb_173_174#0,bo_168#0,burst_166_168#0,原有,168,173,5,0,2025-05-30,0.07789623720151562,-0.2901965154850271,0,2,0,2,0,2,2,0.038738486639074074
FMCC,causal,tb_173_174#0,bo_168#0,burst_166_168#0,原有,168,173,5,0,2025-05-30,0.07789623720151562,-0.2901965154850271,0,2,0,2,0,2,2,0.038738486639074074
EVGO,cur,tb_158#0,bo_156#0,burst_156#0,原有,156,158,2,0,2025-05-08,0.2532637823371544,-0.14621408718924034,1,0,0,0,0,0,1,0.0621289991053318
EVGO,wide,tb_158#0,bo_156#0,burst_156#0,原有,156,158,2,0,2025-05-08,0.2532637823371544,-0.14621408718924034,1,0,0,0,0,0,1,0.0621289991053318
EVGO,causal,tb_158#0,bo_156#0,burst_156#0,原有,156,158,2,0,2025-05-08,0.2532637823371544,-0.14621408718924034,1,0,0,0,0,0,1,0.0621289991053318
FEAM,cur,tb_270_271#2,bo_266#0,burst_262_266#0,原有,266,270,4,0,2025-10-17,0.02925768438118459,-0.45391703696433405,0,2,0,2,0,1,2,0.1427496908699079
FEAM,wide,tb_270_271#0,bo_262#0,burst_262_266#0,新增,266,270,4,0,2025-10-17,0.02925768438118459,-0.45391703696433405,0,2,0,2,0,1,2,0.1427496908699079
FEAM,wide,tb_270_271#1,bo_265#0,burst_262_266#0,新增,266,270,4,0,2025-10-17,0.02925768438118459,-0.45391703696433405,0,2,0,2,0,1,2,0.1427496908699079
FEAM,wide,tb_270_271#2,bo_266#0,burst_262_266#0,原有,266,270,4,0,2025-10-17,0.02925768438118459,-0.45391703696433405,0,2,0,2,0,1,2,0.1427496908699079
FEAM,causal,tb_270_271#0,bo_262#0,burst_262_266#0,新增,266,270,4,0,2025-10-17,0.02925768438118459,-0.45391703696433405,0,2,0,2,0,1,2,0.1427496908699079
FEAM,causal,tb_270_271#1,bo_265#0,burst_262_266#0,新增,266,270,4,0,2025-10-17,0.02925768438118459,-0.45391703696433405,0,2,0,2,0,1,2,0.1427496908699079
FEAM,causal,tb_270_271#2,bo_266#0,burst_262_266#0,原有,266,270,4,0,2025-10-17,0.02925768438118459,-0.45391703696433405,0,2,0,2,0,1,2,0.1427496908699079
EPOW,cur,tb_260_262#0,bo_257#0,burst_254_257#0,原有,257,260,3,0,2025-10-03,0.10459972111313716,-0.2685758555347069,0,0,0,0,0,0,3,0.11309017218773854
EPOW,wide,tb_260_262#0,bo_257#0,burst_254_257#0,原有,257,260,3,0,2025-10-03,0.10459972111313716,-0.2685758555347069,0,0,0,0,0,0,3,0.11309017218773854
EPOW,causal,tb_260_262#0,bo_257#0,burst_254_257#0,原有,257,260,3,0,2025-10-03,0.10459972111313716,-0.2685758555347069,0,0,0,0,0,0,3,0.11309017218773854
EQ,cur,tb_224_225#0,bo_222#0,burst_216_222#0,原有,222,224,2,0,2025-08-13,1.4624203190696703,-0.10615538956463222,2,0,2,0,2,0,2,0.16442307255669908
EQ,cur,tb_233_234#0,bo_230#0,burst_216_230#0,原有,230,233,3,0,2025-08-26,0.2177472952350672,-0.3937173017086774,0,0,0,0,0,0,2,0.24954508710127443
EQ,wide,tb_224_225#0,bo_222#0,burst_216_222#0,原有,222,224,2,0,2025-08-13,1.4624203190696703,-0.10615538956463222,2,0,2,0,2,0,2,0.16442307255669908
EQ,wide,tb_233_234#0,bo_230#0,burst_216_230#0,原有,230,233,3,0,2025-08-26,0.2177472952350672,-0.3937173017086774,0,0,0,0,0,0,2,0.24954508710127443
EQ,causal,tb_224_225#0,bo_222#0,burst_216_222#0,原有,222,224,2,0,2025-08-13,1.4624203190696703,-0.10615538956463222,2,0,2,0,2,0,2,0.16442307255669908
EQ,causal,tb_233_234#0,bo_230#0,burst_216_230#0,原有,230,233,3,0,2025-08-26,0.2177472952350672,-0.3937173017086774,0,0,0,0,0,0,2,0.24954508710127443
ERAS,cur,tb_262_272#0,bo_257#0,burst_249_257#0,原有,257,262,5,0,2025-10-07,0.4550287091176821,-0.13767480085866263,11,0,8,0,4,0,11,0.08405065753504509
ERAS,wide,tb_262_272#0,bo_257#0,burst_249_257#0,原有,257,262,5,0,2025-10-07,0.4550287091176821,-0.13767480085866263,11,0,8,0,4,0,11,0.08405065753504509
ERAS,causal,tb_262_272#0,bo_257#0,burst_249_257#0,原有,257,262,5,0,2025-10-07,0.4550287091176821,-0.13767480085866263,11,0,8,0,4,0,11,0.08405065753504509
FLUX,cur,tb_199_200#1,bo_197#0,burst_195_197#0,原有,197,199,2,0,2025-07-09,0.030683281163704557,-0.3301737970946932,0,2,0,1,0,0,2,0.09794521155431846
FLUX,cur,tb_258_259#0,bo_253#0,burst_246_253#0,原有,253,258,5,0,2025-10-01,0.9249444781768937,-0.6379574824705425,2,0,2,0,2,0,2,0.13809564284073228
FLUX,wide,tb_199_200#0,bo_195#0,burst_195_197#0,新增,197,199,2,0,2025-07-09,0.030683281163704557,-0.3301737970946932,0,2,0,1,0,0,2,0.09794521155431846
FLUX,wide,tb_199_200#1,bo_197#0,burst_195_197#0,原有,197,199,2,0,2025-07-09,0.030683281163704557,-0.3301737970946932,0,2,0,1,0,0,2,0.09794521155431846
FLUX,wide,tb_250_252#0,bo_246#0,burst_246_253#0,新增,253,250,-3,1,2025-09-19,1.6949358934292178,-0.44557486479854475,3,0,3,0,3,0,3,0.07933830631370983
FLUX,wide,tb_250_252#1,bo_247#0,burst_246_253#0,新增,253,250,-3,1,2025-09-19,1.6949358934292178,-0.44557486479854475,3,0,3,0,3,0,3,0.07933830631370983
FLUX,wide,tb_258_259#0,bo_253#0,burst_246_253#0,原有,253,258,5,0,2025-10-01,0.9249444781768937,-0.6379574824705425,2,0,2,0,2,0,2,0.13809564284073228
FLUX,causal,tb_199_200#0,bo_195#0,burst_195_197#0,新增,197,199,2,0,2025-07-09,0.030683281163704557,-0.3301737970946932,0,2,0,1,0,0,2,0.09794521155431846
FLUX,causal,tb_199_200#1,bo_197#0,burst_195_197#0,原有,197,199,2,0,2025-07-09,0.030683281163704557,-0.3301737970946932,0,2,0,1,0,0,2,0.09794521155431846
FLUX,causal,tb_258_259#0,bo_253#0,burst_246_253#0,原有,253,258,5,0,2025-10-01,0.9249444781768937,-0.6379574824705425,2,0,2,0,2,0,2,0.13809564284073228
FLYX,cur,tb_229_230#1,bo_227#0,burst_224_227#0,原有,227,229,2,0,2025-08-20,0.7935404194778882,-0.0897054014627946,2,0,2,0,1,0,2,0.1353614224059377
FLYX,wide,tb_229_230#0,bo_226#0,burst_224_227#0,新增,227,229,2,0,2025-08-20,0.7935404194778882,-0.0897054014627946,2,0,2,0,1,0,2,0.1353614224059377
FLYX,wide,tb_229_230#1,bo_227#0,burst_224_227#0,原有,227,229,2,0,2025-08-20,0.7935404194778882,-0.0897054014627946,2,0,2,0,1,0,2,0.1353614224059377
FLYX,causal,tb_229_230#0,bo_226#0,burst_224_227#0,新增,227,229,2,0,2025-08-20,0.7935404194778882,-0.0897054014627946,2,0,2,0,1,0,2,0.1353614224059377
FLYX,causal,tb_229_230#1,bo_227#0,burst_224_227#0,原有,227,229,2,0,2025-08-20,0.7935404194778882,-0.0897054014627946,2,0,2,0,1,0,2,0.1353614224059377
FBIO,cur,tb_243_245#0,bo_235#0,burst_226_235#0,原有,235,243,8,0,2025-09-10,0.08812667881419271,-0.41448419156638844,0,3,0,3,0,3,3,0.08564196034854356
FBIO,wide,tb_243_245#0,bo_235#0,burst_226_235#0,原有,235,243,8,0,2025-09-10,0.08812667881419271,-0.41448419156638844,0,3,0,3,0,3,3,0.08564196034854356
FBIO,causal,tb_243_245#0,bo_235#0,burst_226_235#0,原有,235,243,8,0,2025-09-10,0.08812667881419271,-0.41448419156638844,0,3,0,3,0,3,3,0.08564196034854356
FBRX,cur,tb_296_299#1,bo_294#0,burst_292_294#0,原有,294,296,2,0,2025-11-24,0.8550962323821043,-0.09545577867097049,4,0,4,0,4,0,4,0.11180722691200344
FBRX,wide,tb_296_299#0,bo_292#0,burst_292_294#0,新增,294,296,2,0,2025-11-24,0.8550962323821043,-0.09545577867097049,4,0,4,0,4,0,4,0.11180722691200344
FBRX,wide,tb_296_299#1,bo_294#0,burst_292_294#0,原有,294,296,2,0,2025-11-24,0.8550962323821043,-0.09545577867097049,4,0,4,0,4,0,4,0.11180722691200344
FBRX,causal,tb_296_299#0,bo_292#0,burst_292_294#0,新增,294,296,2,0,2025-11-24,0.8550962323821043,-0.09545577867097049,4,0,4,0,4,0,4,0.11180722691200344
FBRX,causal,tb_296_299#1,bo_294#0,burst_292_294#0,原有,294,296,2,0,2025-11-24,0.8550962323821043,-0.09545577867097049,4,0,4,0,4,0,4,0.11180722691200344
FOCL,cur,tb_240_244#1,bo_237#0,burst_235_237#0,原有,237,240,3,0,2025-09-05,0.055581775110772114,-0.34269531672750403,0,5,0,2,0,0,5,0.10214624940258091
FOCL,wide,tb_240_244#0,bo_235#0,burst_235_237#0,新增,237,240,3,0,2025-09-05,0.055581775110772114,-0.34269531672750403,0,5,0,2,0,0,5,0.10214624940258091
FOCL,wide,tb_240_244#1,bo_237#0,burst_235_237#0,原有,237,240,3,0,2025-09-05,0.055581775110772114,-0.34269531672750403,0,5,0,2,0,0,5,0.10214624940258091
FOCL,causal,tb_240_244#0,bo_235#0,burst_235_237#0,新增,237,240,3,0,2025-09-05,0.055581775110772114,-0.34269531672750403,0,5,0,2,0,0,5,0.10214624940258091
FOCL,causal,tb_240_244#1,bo_237#0,burst_235_237#0,原有,237,240,3,0,2025-09-05,0.055581775110772114,-0.34269531672750403,0,5,0,2,0,0,5,0.10214624940258091
FNMAT,cur,tb_170#0,bo_168#0,burst_155_168#0,原有,168,170,2,0,2025-05-27,0.14888533623282707,-0.07165609411914775,1,0,0,0,0,0,1,0.03251122689941211
FNMAT,wide,tb_163_164#0,bo_160#0,burst_155_168#0,新增,168,163,-5,1,2025-05-15,0.305528037901063,-0.022889621611173305,2,0,2,0,2,0,2,0.027805391027515086
FNMAT,wide,tb_170#0,bo_168#0,burst_155_168#0,原有,168,170,2,0,2025-05-27,0.14888533623282707,-0.07165609411914775,1,0,0,0,0,0,1,0.03251122689941211
FNMAT,causal,tb_170#0,bo_168#0,burst_155_168#0,原有,168,170,2,0,2025-05-27,0.14888533623282707,-0.07165609411914775,1,0,0,0,0,0,1,0.03251122689941211
FNUC,cur,tb_274_275#1,bo_267#0,burst_251_267#0,原有,267,274,7,0,2025-10-23,0.02578610420737637,-0.46379864610254834,0,2,0,2,0,2,2,0.12744734451608844
FNUC,wide,tb_258_260#0,bo_255#0,burst_251_267#0,新增,267,258,-9,3,2025-10-01,0.5935962899997439,-0.498113692062661,3,0,3,0,2,1,3,0.08090698837738217
FNUC,wide,tb_263#0,bo_260#0,burst_251_267#0,新增,267,263,-4,2,2025-10-08,0.5194274092441857,-0.5214723971248181,1,0,1,0,0,1,1,0.09901964810573297
FNUC,wide,tb_274_275#0,bo_266#0,burst_251_267#0,新增,267,274,7,0,2025-10-23,0.02578610420737637,-0.46379864610254834,0,2,0,2,0,2,2,0.12744734451608844
FNUC,wide,tb_274_275#1,bo_267#0,burst_251_267#0,原有,267,274,7,0,2025-10-23,0.02578610420737637,-0.46379864610254834,0,2,0,2,0,2,2,0.12744734451608844
FNUC,causal,tb_274_275#0,bo_266#0,burst_251_267#0,新增,267,274,7,0,2025-10-23,0.02578610420737637,-0.46379864610254834,0,2,0,2,0,2,2,0.12744734451608844
FNUC,causal,tb_274_275#1,bo_267#0,burst_251_267#0,原有,267,274,7,0,2025-10-23,0.02578610420737637,-0.46379864610254834,0,2,0,2,0,2,2,0.12744734451608844
FKWL,cur,tb_270_287#0,bo_267#0,burst_265_267#0,原有,267,270,3,0,2025-10-17,0.04568010388947492,-0.18206433594357496,0,17,0,11,0,3,18,0.042142500832750195
FKWL,cur,tb_270_288#0,bo_268#0,burst_265_268#0,原有,268,270,2,0,2025-10-17,0.04451749196822828,-0.18299265309237858,0,18,0,12,0,4,19,0.042142500832750195
FKWL,wide,tb_270_285#0,bo_265#0,burst_265_267#0,新增,267,270,3,0,2025-10-17,0.04918519881755268,-0.1792779685678786,0,15,0,9,0,1,16,0.042142500832750195
FKWL,wide,tb_270_287#0,bo_267#0,burst_265_267#0,原有,267,270,3,0,2025-10-17,0.04568010388947492,-0.18206433594357496,0,17,0,11,0,3,18,0.042142500832750195
FKWL,wide,tb_270_288#0,bo_268#0,burst_265_268#0,原有,268,270,2,0,2025-10-17,0.04451749196822828,-0.18299265309237858,0,18,0,12,0,4,19,0.042142500832750195
FKWL,causal,tb_270_285#0,bo_265#0,burst_265_267#0,新增,267,270,3,0,2025-10-17,0.04918519881755268,-0.1792779685678786,0,15,0,9,0,1,16,0.042142500832750195
FKWL,causal,tb_270_287#0,bo_267#0,burst_265_267#0,原有,267,270,3,0,2025-10-17,0.04568010388947492,-0.18206433594357496,0,17,0,11,0,3,18,0.042142500832750195
FKWL,causal,tb_270_288#0,bo_268#0,burst_265_268#0,原有,268,270,2,0,2025-10-17,0.04451749196822828,-0.18299265309237858,0,18,0,12,0,4,19,0.042142500832750195
FOXX,cur,tb_216#0,bo_212#0,burst_205_212#0,原有,212,216,4,0,2025-08-01,0.10909093160978367,-0.4155844011079962,0,1,0,1,0,1,1,0.10275550680794886
FOXX,wide,tb_216#0,bo_212#0,burst_205_212#0,原有,212,216,4,0,2025-08-01,0.10909093160978367,-0.4155844011079962,0,1,0,1,0,1,1,0.10275550680794886
FOXX,causal,tb_216#0,bo_212#0,burst_205_212#0,原有,212,216,4,0,2025-08-01,0.10909093160978367,-0.4155844011079962,0,1,0,1,0,1,1,0.10275550680794886
FNMA,cur,tb_171_172#2,bo_168#0,burst_158_168#0,原有,168,171,3,0,2025-05-28,0.04299507186108187,-0.3202323822635992,0,2,0,2,0,2,2,0.04543755465228501
FNMA,wide,tb_171_172#0,bo_165#0,burst_158_168#0,新增,168,171,3,0,2025-05-28,0.04299507186108187,-0.3202323822635992,0,2,0,2,0,2,2,0.04543755465228501
FNMA,wide,tb_171_172#1,bo_166#0,burst_158_168#0,新增,168,171,3,0,2025-05-28,0.04299507186108187,-0.3202323822635992,0,2,0,2,0,2,2,0.04543755465228501
FNMA,wide,tb_171_172#2,bo_168#0,burst_158_168#0,原有,168,171,3,0,2025-05-28,0.04299507186108187,-0.3202323822635992,0,2,0,2,0,2,2,0.04543755465228501
FNMA,causal,tb_171_172#0,bo_165#0,burst_158_168#0,新增,168,171,3,0,2025-05-28,0.04299507186108187,-0.3202323822635992,0,2,0,2,0,2,2,0.04543755465228501
FNMA,causal,tb_171_172#1,bo_166#0,burst_158_168#0,新增,168,171,3,0,2025-05-28,0.04299507186108187,-0.3202323822635992,0,2,0,2,0,2,2,0.04543755465228501
FNMA,causal,tb_171_172#2,bo_168#0,burst_158_168#0,原有,168,171,3,0,2025-05-28,0.04299507186108187,-0.3202323822635992,0,2,0,2,0,2,2,0.04543755465228501
GAU,cur,tb_230_232#3,bo_225#0,burst_222_225#0,原有,225,230,5,0,2025-08-21,0.48102010293694164,-0.020597288179495615,3,0,3,0,3,0,3,0.05228981019003755
GAU,wide,tb_230_232#0,bo_222#0,burst_222_225#0,新增,225,230,5,0,2025-08-21,0.48102010293694164,-0.020597288179495615,3,0,3,0,3,0,3,0.05228981019003755
GAU,wide,tb_230_232#1,bo_223#0,burst_222_225#0,新增,225,230,5,0,2025-08-21,0.48102010293694164,-0.020597288179495615,3,0,3,0,3,0,3,0.05228981019003755
GAU,wide,tb_230_232#2,bo_224#0,burst_222_225#0,新增,225,230,5,0,2025-08-21,0.48102010293694164,-0.020597288179495615,3,0,3,0,3,0,3,0.05228981019003755
GAU,wide,tb_230_232#3,bo_225#0,burst_222_225#0,原有,225,230,5,0,2025-08-21,0.48102010293694164,-0.020597288179495615,3,0,3,0,3,0,3,0.05228981019003755
GAU,causal,tb_230_232#0,bo_222#0,burst_222_225#0,新增,225,230,5,0,2025-08-21,0.48102010293694164,-0.020597288179495615,3,0,3,0,3,0,3,0.05228981019003755
GAU,causal,tb_230_232#1,bo_223#0,burst_222_225#0,新增,225,230,5,0,2025-08-21,0.48102010293694164,-0.020597288179495615,3,0,3,0,3,0,3,0.05228981019003755
GAU,causal,tb_230_232#2,bo_224#0,burst_222_225#0,新增,225,230,5,0,2025-08-21,0.48102010293694164,-0.020597288179495615,3,0,3,0,3,0,3,0.05228981019003755
GAU,causal,tb_230_232#3,bo_225#0,burst_222_225#0,原有,225,230,5,0,2025-08-21,0.48102010293694164,-0.020597288179495615,3,0,3,0,3,0,3,0.05228981019003755
FULC,cur,tb_158_160#1,bo_154#0,burst_145_154#0,原有,154,158,4,0,2025-05-08,0.476407525060817,-0.017986338801299406,3,0,1,0,0,0,3,0.10359826701144242
FULC,wide,tb_149_152#0,bo_145#0,burst_145_154#0,新增,154,149,-5,2,2025-04-25,1.0655945747671562,-0.022408080635726524,4,0,4,0,4,0,4,0.08451169497499358
FULC,wide,tb_158_160#0,bo_153#0,burst_145_154#0,新增,154,158,4,0,2025-05-08,0.476407525060817,-0.017986338801299406,3,0,1,0,0,0,3,0.10359826701144242
FULC,wide,tb_158_160#1,bo_154#0,burst_145_154#0,原有,154,158,4,0,2025-05-08,0.476407525060817,-0.017986338801299406,3,0,1,0,0,0,3,0.10359826701144242
FULC,causal,tb_158_160#0,bo_153#0,burst_145_154#0,新增,154,158,4,0,2025-05-08,0.476407525060817,-0.017986338801299406,3,0,1,0,0,0,3,0.10359826701144242
FULC,causal,tb_158_160#1,bo_154#0,burst_145_154#0,原有,154,158,4,0,2025-05-08,0.476407525060817,-0.017986338801299406,3,0,1,0,0,0,3,0.10359826701144242
FURY,cur,tb_181#0,bo_179#0,burst_174_179#0,原有,179,181,2,0,2025-06-11,0.10586010575374138,-0.11153116675137886,0,0,0,0,0,0,1,0.05790102150897283
FURY,wide,tb_181#0,bo_179#0,burst_174_179#0,原有,179,181,2,0,2025-06-11,0.10586010575374138,-0.11153116675137886,0,0,0,0,0,0,1,0.05790102150897283
FURY,causal,tb_181#0,bo_179#0,burst_174_179#0,原有,179,181,2,0,2025-06-11,0.10586010575374138,-0.11153116675137886,0,0,0,0,0,0,1,0.05790102150897283
FSLY,cur,tb_248#0,bo_246#0,burst_244_246#0,原有,246,248,2,0,2025-09-17,0.453070659972455,-0.10370799177961487,1,0,1,0,1,0,1,0.04208825013524534
FSLY,wide,tb_248#0,bo_246#0,burst_244_246#0,原有,246,248,2,0,2025-09-17,0.453070659972455,-0.10370799177961487,1,0,1,0,1,0,1,0.04208825013524534
FSLY,causal,tb_248#0,bo_246#0,burst_244_246#0,原有,246,248,2,0,2025-09-17,0.453070659972455,-0.10370799177961487,1,0,1,0,1,0,1,0.04208825013524534
GEOS,cur,tb_191_192#0,bo_187#0,burst_185_187#0,原有,187,191,4,0,2025-06-26,0.25455878183607483,-0.3576356877018981,0,2,0,2,0,2,2,0.056958245561896395
GEOS,cur,tb_191_192#1,bo_188#0,burst_185_188#0,原有,188,191,3,0,2025-06-26,0.25455878183607483,-0.3576356877018981,0,2,0,2,0,2,2,0.056958245561896395
GEOS,wide,tb_191_192#0,bo_187#0,burst_185_187#0,原有,187,191,4,0,2025-06-26,0.25455878183607483,-0.3576356877018981,0,2,0,2,0,2,2,0.056958245561896395
GEOS,wide,tb_191_192#1,bo_188#0,burst_185_188#0,原有,188,191,3,0,2025-06-26,0.25455878183607483,-0.3576356877018981,0,2,0,2,0,2,2,0.056958245561896395
GEOS,causal,tb_191_192#0,bo_187#0,burst_185_187#0,原有,187,191,4,0,2025-06-26,0.25455878183607483,-0.3576356877018981,0,2,0,2,0,2,2,0.056958245561896395
GEOS,causal,tb_191_192#1,bo_188#0,burst_185_188#0,原有,188,191,3,0,2025-06-26,0.25455878183607483,-0.3576356877018981,0,2,0,2,0,2,2,0.056958245561896395
GPRK,cur,tb_287#0,bo_284#0,burst_279_284#0,原有,284,287,3,0,2025-11-11,0.03850773249504913,-0.17689529884849942,0,1,0,0,0,0,1,0.0476375380394351
GPRK,wide,tb_287#0,bo_284#0,burst_279_284#0,原有,284,287,3,0,2025-11-11,0.03850773249504913,-0.17689529884849942,0,1,0,0,0,0,1,0.0476375380394351
GPRK,causal,tb_287#0,bo_284#0,burst_279_284#0,原有,284,287,3,0,2025-11-11,0.03850773249504913,-0.17689529884849942,0,1,0,0,0,0,1,0.0476375380394351
GPUS,cur,tb_161#0,bo_158#0,burst_155_158#0,原有,158,161,3,0,2025-05-13,0.48511902586706834,-0.830357139689379,0,1,0,1,0,1,1,0.1432867204670119
GPUS,wide,tb_161#0,bo_158#0,burst_155_158#0,原有,158,161,3,0,2025-05-13,0.48511902586706834,-0.830357139689379,0,1,0,1,0,1,1,0.1432867204670119
GPUS,causal,tb_161#0,bo_158#0,burst_155_158#0,原有,158,161,3,0,2025-05-13,0.48511902586706834,-0.830357139689379,0,1,0,1,0,1,1,0.1432867204670119
GRWG,cur,tb_235_236#0,bo_230#0,burst_222_230#0,原有,230,235,5,0,2025-08-28,0.20510130220870837,-0.1523928126910361,0,0,0,0,0,0,2,0.07808715845256739
GRWG,wide,tb_229_230#0,bo_222#0,burst_222_230#0,新增,230,229,-1,1,2025-08-20,0.3070668932740541,-0.08067538305521144,2,0,1,0,0,0,2,0.06436742718225097
GRWG,wide,tb_229_230#1,bo_223#0,burst_222_230#0,新增,230,229,-1,1,2025-08-20,0.3070668932740541,-0.08067538305521144,2,0,1,0,0,0,2,0.06436742718225097
GRWG,wide,tb_235_236#0,bo_230#0,burst_222_230#0,原有,230,235,5,0,2025-08-28,0.20510130220870837,-0.1523928126910361,0,0,0,0,0,0,2,0.07808715845256739
GRWG,causal,tb_235_236#0,bo_230#0,burst_222_230#0,原有,230,235,5,0,2025-08-28,0.20510130220870837,-0.1523928126910361,0,0,0,0,0,0,2,0.07808715845256739
GNLX,cur,tb_88_91#2,bo_86#0,burst_83_86#0,原有,86,88,2,0,2025-01-28,0.4827516361125241,-0.26870416583801926,4,0,4,0,0,0,4,0.0855690811118729
GNLX,wide,tb_88_91#0,bo_83#0,burst_83_86#0,新增,86,88,2,0,2025-01-28,0.4827516361125241,-0.26870416583801926,4,0,4,0,0,0,4,0.0855690811118729
GNLX,wide,tb_88_91#1,bo_84#0,burst_83_86#0,新增,86,88,2,0,2025-01-28,0.4827516361125241,-0.26870416583801926,4,0,4,0,0,0,4,0.0855690811118729
GNLX,wide,tb_88_91#2,bo_86#0,burst_83_86#0,原有,86,88,2,0,2025-01-28,0.4827516361125241,-0.26870416583801926,4,0,4,0,0,0,4,0.0855690811118729
GNLX,causal,tb_88_91#0,bo_83#0,burst_83_86#0,新增,86,88,2,0,2025-01-28,0.4827516361125241,-0.26870416583801926,4,0,4,0,0,0,4,0.0855690811118729
GNLX,causal,tb_88_91#1,bo_84#0,burst_83_86#0,新增,86,88,2,0,2025-01-28,0.4827516361125241,-0.26870416583801926,4,0,4,0,0,0,4,0.0855690811118729
GNLX,causal,tb_88_91#2,bo_86#0,burst_83_86#0,原有,86,88,2,0,2025-01-28,0.4827516361125241,-0.26870416583801926,4,0,4,0,0,0,4,0.0855690811118729
GSKRF,cur,tb_258_262#0,bo_256#0,burst_243_256#0,原有,256,258,2,0,2025-10-01,0.06807579646932985,-0.21469731825337215,0,5,0,3,0,0,5,0.053489648554651936
GSKRF,wide,tb_255#0,bo_252#0,burst_243_256#0,新增,256,255,-1,1,2025-09-26,0.1539682019724402,-0.15154493093570076,0,0,0,0,0,0,1,0.04497522976170303
GSKRF,wide,tb_258_262#0,bo_256#0,burst_243_256#0,原有,256,258,2,0,2025-10-01,0.06807579646932985,-0.21469731825337215,0,5,0,3,0,0,5,0.053489648554651936
GSKRF,causal,tb_258_262#0,bo_256#0,burst_243_256#0,原有,256,258,2,0,2025-10-01,0.06807579646932985,-0.21469731825337215,0,5,0,3,0,0,5,0.053489648554651936
GTBIF,cur,tb_224_225#0,bo_222#0,burst_217_222#0,原有,222,224,2,0,2025-08-13,0.10609452834459054,-0.20311168945045782,0,0,0,0,0,0,2,0.07068255860111455
GTBIF,cur,tb_227#0,bo_224#0,burst_217_224#0,原有,224,227,3,0,2025-08-18,0.17654159657295376,-0.1523579394362643,0,0,0,0,0,0,1,0.0905871372828225
GTBIF,wide,tb_224_225#0,bo_222#0,burst_217_222#0,原有,222,224,2,0,2025-08-13,0.10609452834459054,-0.20311168945045782,0,0,0,0,0,0,2,0.07068255860111455
GTBIF,wide,tb_227#0,bo_224#0,burst_217_224#0,原有,224,227,3,0,2025-08-18,0.17654159657295376,-0.1523579394362643,0,0,0,0,0,0,1,0.0905871372828225
GTBIF,causal,tb_224_225#0,bo_222#0,burst_217_222#0,原有,222,224,2,0,2025-08-13,0.10609452834459054,-0.20311168945045782,0,0,0,0,0,0,2,0.07068255860111455
GTBIF,causal,tb_227#0,bo_224#0,burst_217_224#0,原有,224,227,3,0,2025-08-18,0.17654159657295376,-0.1523579394362643,0,0,0,0,0,0,1,0.0905871372828225
HMY,cur,tb_252#0,bo_250#0,burst_250#0,原有,250,252,2,0,2025-09-23,0.23200444895876493,-0.1622370019742302,1,0,0,0,0,0,1,0.05164816308984159
HMY,wide,tb_252#0,bo_250#0,burst_250#0,原有,250,252,2,0,2025-09-23,0.23200444895876493,-0.1622370019742302,1,0,0,0,0,0,1,0.05164816308984159
HMY,causal,tb_252#0,bo_250#0,burst_250#0,原有,250,252,2,0,2025-09-23,0.23200444895876493,-0.1622370019742302,1,0,0,0,0,0,1,0.05164816308984159
GVHGF,cur,tb_120_123#0,bo_113#0,burst_113#0,原有,113,120,7,0,2025-03-14,0.014595515041107093,-0.7207982423034255,0,4,0,4,0,4,4,0.17398410442689363
GVHGF,wide,tb_120_123#0,bo_113#0,burst_113#0,原有,113,120,7,0,2025-03-14,0.014595515041107093,-0.7207982423034255,0,4,0,4,0,4,4,0.17398410442689363
GVHGF,causal,tb_120_123#0,bo_113#0,burst_113#0,原有,113,120,7,0,2025-03-14,0.014595515041107093,-0.7207982423034255,0,4,0,4,0,4,4,0.17398410442689363
HCWC,cur,tb_253_261#1,bo_247#0,burst_244_247#0,原有,247,253,6,0,2025-09-24,0.117928237242979,-0.2423089410469611,0,0,0,0,0,0,9,0.09751468779280717
HCWC,wide,tb_253_261#0,bo_246#0,burst_244_247#0,新增,247,253,6,0,2025-09-24,0.117928237242979,-0.2423089410469611,0,0,0,0,0,0,9,0.09751468779280717
HCWC,wide,tb_253_261#1,bo_247#0,burst_244_247#0,原有,247,253,6,0,2025-09-24,0.117928237242979,-0.2423089410469611,0,0,0,0,0,0,9,0.09751468779280717
HCWC,causal,tb_253_261#0,bo_246#0,burst_244_247#0,新增,247,253,6,0,2025-09-24,0.117928237242979,-0.2423089410469611,0,0,0,0,0,0,9,0.09751468779280717
HCWC,causal,tb_253_261#1,bo_247#0,burst_244_247#0,原有,247,253,6,0,2025-09-24,0.117928237242979,-0.2423089410469611,0,0,0,0,0,0,9,0.09751468779280717
HTCR,cur,tb_235#1,bo_232#0,burst_228_232#0,原有,232,235,3,0,2025-08-28,0.024000039252825678,-0.455999981782403,0,1,0,1,0,1,1,0.1221850944734245
HTCR,wide,tb_235#0,bo_230#0,burst_228_232#0,新增,232,235,3,0,2025-08-28,0.024000039252825678,-0.455999981782403,0,1,0,1,0,1,1,0.1221850944734245
HTCR,wide,tb_235#1,bo_232#0,burst_228_232#0,原有,232,235,3,0,2025-08-28,0.024000039252825678,-0.455999981782403,0,1,0,1,0,1,1,0.1221850944734245
HTCR,causal,tb_235#0,bo_230#0,burst_228_232#0,新增,232,235,3,0,2025-08-28,0.024000039252825678,-0.455999981782403,0,1,0,1,0,1,1,0.1221850944734245
HTCR,causal,tb_235#1,bo_232#0,burst_228_232#0,原有,232,235,3,0,2025-08-28,0.024000039252825678,-0.455999981782403,0,1,0,1,0,1,1,0.1221850944734245
HOWL,cur,tb_255#0,bo_251#0,burst_243_251#0,原有,251,255,4,0,2025-09-26,0.1497585464712956,-0.6135265518256932,0,1,0,1,0,1,1,0.060231589100786714
HOWL,cur,tb_260_262#0,bo_256#0,burst_243_256#0,原有,256,260,4,0,2025-10-03,0.06722291530725914,-0.6003865372762788,0,3,0,3,0,3,3,0.088650101364436
HOWL,wide,tb_247#0,bo_243#0,burst_243_251#0,新增,251,247,-4,1,2025-09-16,0.6413793352923118,-0.26206895361048754,1,0,1,0,1,0,1,0.05742287516918683
HOWL,wide,tb_247#1,bo_244#0,burst_243_251#0,新增,251,247,-4,1,2025-09-16,0.6413793352923118,-0.26206895361048754,1,0,1,0,1,0,1,0.05742287516918683
HOWL,wide,tb_255#0,bo_251#0,burst_243_251#0,原有,251,255,4,0,2025-09-26,0.1497585464712956,-0.6135265518256932,0,1,0,1,0,1,1,0.060231589100786714
HOWL,wide,tb_260_262#0,bo_256#0,burst_243_256#0,原有,256,260,4,0,2025-10-03,0.06722291530725914,-0.6003865372762788,0,3,0,3,0,3,3,0.088650101364436
HOWL,causal,tb_255#0,bo_251#0,burst_243_251#0,原有,251,255,4,0,2025-09-26,0.1497585464712956,-0.6135265518256932,0,1,0,1,0,1,1,0.060231589100786714
HOWL,causal,tb_260_262#0,bo_256#0,burst_243_256#0,原有,256,260,4,0,2025-10-03,0.06722291530725914,-0.6003865372762788,0,3,0,3,0,3,3,0.088650101364436
HPP-PC,cur,tb_191_194#0,bo_186#0,burst_182_186#0,原有,186,191,5,0,2025-06-26,0.10692897320397127,-0.030499001743985704,4,0,4,0,1,0,4,0.01761079825477388
HPP-PC,cur,tb_191_194#1,bo_187#0,burst_182_187#0,原有,187,191,4,0,2025-06-26,0.10692897320397127,-0.030499001743985704,4,0,4,0,1,0,4,0.01761079825477388
HPP-PC,wide,tb_191_194#0,bo_186#0,burst_182_186#0,原有,186,191,5,0,2025-06-26,0.10692897320397127,-0.030499001743985704,4,0,4,0,1,0,4,0.01761079825477388
HPP-PC,wide,tb_191_194#1,bo_187#0,burst_182_187#0,原有,187,191,4,0,2025-06-26,0.10692897320397127,-0.030499001743985704,4,0,4,0,1,0,4,0.01761079825477388
HPP-PC,causal,tb_191_194#0,bo_186#0,burst_182_186#0,原有,186,191,5,0,2025-06-26,0.10692897320397127,-0.030499001743985704,4,0,4,0,1,0,4,0.01761079825477388
HPP-PC,causal,tb_191_194#1,bo_187#0,burst_182_187#0,原有,187,191,4,0,2025-06-26,0.10692897320397127,-0.030499001743985704,4,0,4,0,1,0,4,0.01761079825477388
HRTX,cur,tb_115#0,bo_109#0,burst_109#0,原有,109,115,6,0,2025-03-07,0.07112963615630563,-0.30962347124068534,0,1,0,1,0,1,1,0.06497174180460791
HRTX,cur,tb_115#1,bo_110#0,burst_109_110#0,原有,110,115,5,0,2025-03-07,0.07112963615630563,-0.30962347124068534,0,1,0,1,0,1,1,0.06497174180460791
HRTX,wide,tb_115#0,bo_109#0,burst_109#0,原有,109,115,6,0,2025-03-07,0.07112963615630563,-0.30962347124068534,0,1,0,1,0,1,1,0.06497174180460791
HRTX,wide,tb_115#1,bo_110#0,burst_109_110#0,原有,110,115,5,0,2025-03-07,0.07112963615630563,-0.30962347124068534,0,1,0,1,0,1,1,0.06497174180460791
HRTX,causal,tb_115#0,bo_109#0,burst_109#0,原有,109,115,6,0,2025-03-07,0.07112963615630563,-0.30962347124068534,0,1,0,1,0,1,1,0.06497174180460791
HRTX,causal,tb_115#1,bo_110#0,burst_109_110#0,原有,110,115,5,0,2025-03-07,0.07112963615630563,-0.30962347124068534,0,1,0,1,0,1,1,0.06497174180460791
HOVR,cur,tb_258_260#1,bo_256#0,burst_249_256#0,原有,256,258,2,0,2025-10-01,0.5795399340789078,-0.5616587688863736,3,0,3,0,2,1,3,0.08469113766185413
HOVR,wide,tb_258_260#0,bo_249#0,burst_249_256#0,新增,256,258,2,0,2025-10-01,0.5795399340789078,-0.5616587688863736,3,0,3,0,2,1,3,0.08469113766185413
HOVR,wide,tb_258_260#1,bo_256#0,burst_249_256#0,原有,256,258,2,0,2025-10-01,0.5795399340789078,-0.5616587688863736,3,0,3,0,2,1,3,0.08469113766185413
HOVR,causal,tb_258_260#0,bo_249#0,burst_249_256#0,新增,256,258,2,0,2025-10-01,0.5795399340789078,-0.5616587688863736,3,0,3,0,2,1,3,0.08469113766185413
HOVR,causal,tb_258_260#1,bo_256#0,burst_249_256#0,原有,256,258,2,0,2025-10-01,0.5795399340789078,-0.5616587688863736,3,0,3,0,2,1,3,0.08469113766185413
HTZ,cur,tb_148#0,bo_143#0,burst_143#0,原有,143,148,5,0,2025-04-24,-0.0011559856241032396,-0.36300572579469736,0,1,0,1,0,0,1,0.11107337783239492
HTZ,wide,tb_148#0,bo_143#0,burst_143#0,原有,143,148,5,0,2025-04-24,-0.0011559856241032396,-0.36300572579469736,0,1,0,1,0,0,1,0.11107337783239492
HTZ,causal,tb_148#0,bo_143#0,burst_143#0,原有,143,148,5,0,2025-04-24,-0.0011559856241032396,-0.36300572579469736,0,1,0,1,0,0,1,0.11107337783239492
IMNM,cur,tb_263_267#1,bo_261#0,burst_253_261#0,原有,261,263,2,0,2025-10-08,0.4489107577476238,-0.03652704645612068,5,0,5,0,1,0,5,0.07936802072327273
IMNM,cur,tb_271_281#0,bo_268#0,burst_253_268#0,原有,268,271,3,0,2025-10-20,0.5605617551810731,-0.09697133120223449,11,0,11,0,11,0,11,0.08290238406176798
IMNM,wide,tb_263_267#0,bo_260#0,burst_253_261#0,新增,261,263,2,0,2025-10-08,0.4489107577476238,-0.03652704645612068,5,0,5,0,1,0,5,0.07936802072327273
IMNM,wide,tb_263_267#1,bo_261#0,burst_253_261#0,原有,261,263,2,0,2025-10-08,0.4489107577476238,-0.03652704645612068,5,0,5,0,1,0,5,0.07936802072327273
IMNM,wide,tb_271_281#0,bo_268#0,burst_253_268#0,原有,268,271,3,0,2025-10-20,0.5605617551810731,-0.09697133120223449,11,0,11,0,11,0,11,0.08290238406176798
IMNM,causal,tb_263_267#0,bo_260#0,burst_253_261#0,新增,261,263,2,0,2025-10-08,0.4489107577476238,-0.03652704645612068,5,0,5,0,1,0,5,0.07936802072327273
IMNM,causal,tb_263_267#1,bo_261#0,burst_253_261#0,原有,261,263,2,0,2025-10-08,0.4489107577476238,-0.03652704645612068,5,0,5,0,1,0,5,0.07936802072327273
IMNM,causal,tb_271_281#0,bo_268#0,burst_253_268#0,原有,268,271,3,0,2025-10-20,0.5605617551810731,-0.09697133120223449,11,0,11,0,11,0,11,0.08290238406176798
ILPT,cur,tb_191_199#0,bo_184#0,burst_184#0,原有,184,191,7,0,2025-06-26,0.37568790945342073,-0.013140014255495405,9,0,9,0,9,0,9,0.04032231699585784
ILPT,wide,tb_191_199#0,bo_184#0,burst_184#0,原有,184,191,7,0,2025-06-26,0.37568790945342073,-0.013140014255495405,9,0,9,0,9,0,9,0.04032231699585784
ILPT,causal,tb_191_199#0,bo_184#0,burst_184#0,原有,184,191,7,0,2025-06-26,0.37568790945342073,-0.013140014255495405,9,0,9,0,9,0,9,0.04032231699585784
IMRX,cur,tb_180#0,bo_178#0,burst_165_178#0,原有,178,180,2,0,2025-06-10,1.1608294768854845,-0.23502308375193925,1,0,1,0,1,0,1,0.08125955651376035
IMRX,cur,tb_194_196#1,bo_186#0,burst_165_186#0,原有,186,194,8,0,2025-07-01,0.7697547609134278,-0.16953250518040444,3,0,3,0,3,0,3,0.11145031883228651
IMRX,wide,tb_173_174#0,bo_171#0,burst_165_178#0,新增,178,173,-5,2,2025-05-30,1.6247959859072894,-0.07076964630557098,2,0,2,0,2,0,2,0.09057328523192593
IMRX,wide,tb_177_182#0,bo_175#0,burst_165_178#0,新增,178,177,-1,1,2025-06-05,1.2357540214207867,-0.20849829424725422,6,0,6,0,6,0,6,0.09433908438829783
IMRX,wide,tb_180#0,bo_178#0,burst_165_178#0,原有,178,180,2,0,2025-06-10,1.1608294768854845,-0.23502308375193925,1,0,1,0,1,0,1,0.08125955651376035
IMRX,wide,tb_194_196#1,bo_186#0,burst_165_186#0,原有,186,194,8,0,2025-07-01,0.7697547609134278,-0.16953250518040444,3,0,3,0,3,0,3,0.11145031883228651
IMRX,causal,tb_180#0,bo_178#0,burst_165_178#0,原有,178,180,2,0,2025-06-10,1.1608294768854845,-0.23502308375193925,1,0,1,0,1,0,1,0.08125955651376035
IMRX,causal,tb_194_196#1,bo_186#0,burst_165_186#0,原有,186,194,8,0,2025-07-01,0.7697547609134278,-0.16953250518040444,3,0,3,0,3,0,3,0.11145031883228651
IMVT,cur,tb_282#2,bo_279#0,burst_271_279#0,原有,279,282,3,0,2025-11-04,0.1446878843624777,-0.11409674113053336,0,0,0,0,0,0,1,0.04653851960181353
IMVT,wide,tb_282#0,bo_276#0,burst_271_279#0,新增,279,282,3,0,2025-11-04,0.1446878843624777,-0.11409674113053336,0,0,0,0,0,0,1,0.04653851960181353
IMVT,wide,tb_282#1,bo_277#0,burst_271_279#0,新增,279,282,3,0,2025-11-04,0.1446878843624777,-0.11409674113053336,0,0,0,0,0,0,1,0.04653851960181353
IMVT,wide,tb_282#2,bo_279#0,burst_271_279#0,原有,279,282,3,0,2025-11-04,0.1446878843624777,-0.11409674113053336,0,0,0,0,0,0,1,0.04653851960181353
IMVT,causal,tb_282#0,bo_276#0,burst_271_279#0,新增,279,282,3,0,2025-11-04,0.1446878843624777,-0.11409674113053336,0,0,0,0,0,0,1,0.04653851960181353
IMVT,causal,tb_282#1,bo_277#0,burst_271_279#0,新增,279,282,3,0,2025-11-04,0.1446878843624777,-0.11409674113053336,0,0,0,0,0,0,1,0.04653851960181353
IMVT,causal,tb_282#2,bo_279#0,burst_271_279#0,原有,279,282,3,0,2025-11-04,0.1446878843624777,-0.11409674113053336,0,0,0,0,0,0,1,0.04653851960181353
IXHL,wide,tb_208#0,bo_203#0,burst_203_210#0,新增,210,208,-2,1,2025-07-22,0.9761903860851957,-0.5952381150612569,1,0,1,0,1,0,1,0.08149352006626673
HYPD,cur,tb_171_174#0,bo_168#0,burst_166_168#0,原有,168,171,3,0,2025-05-28,9.08849749156721,-0.035225095937617634,4,0,4,0,4,0,4,0.10341217596669658
HYPD,wide,tb_171_174#0,bo_168#0,burst_166_168#0,原有,168,171,3,0,2025-05-28,9.08849749156721,-0.035225095937617634,4,0,4,0,4,0,4,0.10341217596669658
HYPD,causal,tb_171_174#0,bo_168#0,burst_166_168#0,原有,168,171,3,0,2025-05-28,9.08849749156721,-0.035225095937617634,4,0,4,0,4,0,4,0.10341217596669658
HZEN,cur,tb_267_268#1,bo_265#0,burst_259_265#0,原有,265,267,2,0,2025-10-14,1.1589209759828782,-0.3794017164669424,2,0,2,0,2,0,2,0.10072368857993154
HZEN,wide,tb_267_268#0,bo_264#0,burst_259_265#0,新增,265,267,2,0,2025-10-14,1.1589209759828782,-0.3794017164669424,2,0,2,0,2,0,2,0.10072368857993154
HZEN,wide,tb_267_268#1,bo_265#0,burst_259_265#0,原有,265,267,2,0,2025-10-14,1.1589209759828782,-0.3794017164669424,2,0,2,0,2,0,2,0.10072368857993154
HZEN,causal,tb_267_268#0,bo_264#0,burst_259_265#0,新增,265,267,2,0,2025-10-14,1.1589209759828782,-0.3794017164669424,2,0,2,0,2,0,2,0.10072368857993154
HZEN,causal,tb_267_268#1,bo_265#0,burst_259_265#0,原有,265,267,2,0,2025-10-14,1.1589209759828782,-0.3794017164669424,2,0,2,0,2,0,2,0.10072368857993154
ITMSF,cur,tb_208_211#0,bo_203#0,burst_203#0,原有,203,208,5,0,2025-07-22,0.1231782564671473,-0.13601669410378328,0,0,0,0,0,0,4,0.06428962333056103
ITMSF,wide,tb_208_211#0,bo_203#0,burst_203#0,原有,203,208,5,0,2025-07-22,0.1231782564671473,-0.13601669410378328,0,0,0,0,0,0,4,0.06428962333056103
ITMSF,causal,tb_208_211#0,bo_203#0,burst_203#0,原有,203,208,5,0,2025-07-22,0.1231782564671473,-0.13601669410378328,0,0,0,0,0,0,4,0.06428962333056103
ITOC,cur,tb_171_176#1,bo_169#0,burst_161_169#0,原有,169,171,2,0,2025-05-28,4.1104024861053015,-0.6031361362216876,6,0,6,0,6,0,6,0.15372185002416247
ITOC,cur,tb_186#0,bo_177#0,burst_161_177#0,原有,177,186,9,0,2025-06-18,0.7679557638441104,-0.9668508281106932,1,0,1,0,1,0,1,0.09817275129100493
ITOC,wide,tb_171_176#0,bo_168#0,burst_161_169#0,新增,169,171,2,0,2025-05-28,4.1104024861053015,-0.6031361362216876,6,0,6,0,6,0,6,0.15372185002416247
ITOC,wide,tb_171_176#1,bo_169#0,burst_161_169#0,原有,169,171,2,0,2025-05-28,4.1104024861053015,-0.6031361362216876,6,0,6,0,6,0,6,0.15372185002416247
ITOC,wide,tb_186#0,bo_177#0,burst_161_177#0,原有,177,186,9,0,2025-06-18,0.7679557638441104,-0.9668508281106932,1,0,1,0,1,0,1,0.09817275129100493
ITOC,causal,tb_171_176#0,bo_168#0,burst_161_169#0,新增,169,171,2,0,2025-05-28,4.1104024861053015,-0.6031361362216876,6,0,6,0,6,0,6,0.15372185002416247
ITOC,causal,tb_171_176#1,bo_169#0,burst_161_169#0,原有,169,171,2,0,2025-05-28,4.1104024861053015,-0.6031361362216876,6,0,6,0,6,0,6,0.15372185002416247
ITOC,causal,tb_186#0,bo_177#0,burst_161_177#0,原有,177,186,9,0,2025-06-18,0.7679557638441104,-0.9668508281106932,1,0,1,0,1,0,1,0.09817275129100493
ITRG,cur,tb_235#0,bo_231#0,burst_226_231#0,原有,231,235,4,0,2025-08-28,0.6157406809521333,-0.004629625030506013,1,0,1,0,1,0,1,0.04827121535989297
ITRG,wide,tb_229_231#0,bo_226#0,burst_226_231#0,新增,231,229,-2,1,2025-08-20,0.8185307076238173,-0.003516282743603901,3,0,3,0,3,0,3,0.04631485443629747
ITRG,wide,tb_229_231#1,bo_227#0,burst_226_231#0,新增,231,229,-2,1,2025-08-20,0.8185307076238173,-0.003516282743603901,3,0,3,0,3,0,3,0.04631485443629747
ITRG,wide,tb_235#0,bo_231#0,burst_226_231#0,原有,231,235,4,0,2025-08-28,0.6157406809521333,-0.004629625030506013,1,0,1,0,1,0,1,0.04827121535989297
ITRG,causal,tb_235#0,bo_231#0,burst_226_231#0,原有,231,235,4,0,2025-08-28,0.6157406809521333,-0.004629625030506013,1,0,1,0,1,0,1,0.04827121535989297
INSG,cur,tb_236_243#0,bo_230#0,burst_224_230#0,原有,230,236,6,0,2025-08-29,0.40274790291648666,-0.028761015941041787,8,0,5,0,3,0,8,0.07550416866687157
INSG,wide,tb_230#0,bo_228#0,burst_224_230#0,新增,230,230,0,1,2025-08-21,0.7651072325877757,-0.0155945266903319,1,0,1,0,1,0,1,0.06703613611878648
INSG,wide,tb_236_243#0,bo_230#0,burst_224_230#0,原有,230,236,6,0,2025-08-29,0.40274790291648666,-0.028761015941041787,8,0,5,0,3,0,8,0.07550416866687157
INSG,causal,tb_236_243#0,bo_230#0,burst_224_230#0,原有,230,236,6,0,2025-08-29,0.40274790291648666,-0.028761015941041787,8,0,5,0,3,0,8,0.07550416866687157
IVA,cur,tb_109_110#1,bo_106#0,burst_103_106#0,原有,106,109,3,0,2025-02-27,0.2599669517824116,-0.1693551360607521,2,0,0,0,0,0,2,0.05851937716290885
IVA,cur,tb_109_110#2,bo_107#0,burst_103_107#0,原有,107,109,2,0,2025-02-27,0.2599669517824116,-0.1693551360607521,2,0,0,0,0,0,2,0.05851937716290885
IVA,cur,tb_229#1,bo_224#0,burst_220_224#0,原有,224,229,5,0,2025-08-20,0.42947599135279746,-0.101965068866531,1,0,0,0,0,0,1,0.08939151496832087
IVA,cur,tb_229#2,bo_225#0,burst_220_225#0,原有,225,229,4,0,2025-08-20,0.42947599135279746,-0.101965068866531,1,0,0,0,0,0,1,0.08939151496832087
IVA,wide,tb_106_107#0,bo_103#0,burst_103_106#0,新增,106,106,0,1,2025-02-24,0.342862762596701,-0.10779553226076827,2,0,2,0,1,0,2,0.0566770372517406
IVA,wide,tb_109_110#0,bo_105#0,burst_103_106#0,新增,106,109,3,0,2025-02-27,0.2599669517824116,-0.1693551360607521,2,0,0,0,0,0,2,0.05851937716290885
IVA,wide,tb_109_110#1,bo_106#0,burst_103_106#0,原有,106,109,3,0,2025-02-27,0.2599669517824116,-0.1693551360607521,2,0,0,0,0,0,2,0.05851937716290885
IVA,wide,tb_109_110#2,bo_107#0,burst_103_107#0,原有,107,109,2,0,2025-02-27,0.2599669517824116,-0.1693551360607521,2,0,0,0,0,0,2,0.05851937716290885
IVA,wide,tb_229#0,bo_223#0,burst_220_224#0,新增,224,229,5,0,2025-08-20,0.42947599135279746,-0.101965068866531,1,0,0,0,0,0,1,0.08939151496832087
IVA,wide,tb_229#1,bo_224#0,burst_220_224#0,原有,224,229,5,0,2025-08-20,0.42947599135279746,-0.101965068866531,1,0,0,0,0,0,1,0.08939151496832087
IVA,wide,tb_229#2,bo_225#0,burst_220_225#0,原有,225,229,4,0,2025-08-20,0.42947599135279746,-0.101965068866531,1,0,0,0,0,0,1,0.08939151496832087
IVA,causal,tb_109_110#0,bo_105#0,burst_103_106#0,新增,106,109,3,0,2025-02-27,0.2599669517824116,-0.1693551360607521,2,0,0,0,0,0,2,0.05851937716290885
IVA,causal,tb_109_110#1,bo_106#0,burst_103_106#0,原有,106,109,3,0,2025-02-27,0.2599669517824116,-0.1693551360607521,2,0,0,0,0,0,2,0.05851937716290885
IVA,causal,tb_109_110#2,bo_107#0,burst_103_107#0,原有,107,109,2,0,2025-02-27,0.2599669517824116,-0.1693551360607521,2,0,0,0,0,0,2,0.05851937716290885
IVA,causal,tb_229#0,bo_223#0,burst_220_224#0,新增,224,229,5,0,2025-08-20,0.42947599135279746,-0.101965068866531,1,0,0,0,0,0,1,0.08939151496832087
IVA,causal,tb_229#1,bo_224#0,burst_220_224#0,原有,224,229,5,0,2025-08-20,0.42947599135279746,-0.101965068866531,1,0,0,0,0,0,1,0.08939151496832087
IVA,causal,tb_229#2,bo_225#0,burst_220_225#0,原有,225,229,4,0,2025-08-20,0.42947599135279746,-0.101965068866531,1,0,0,0,0,0,1,0.08939151496832087
IOBTQ,cur,tb_177_182#0,bo_173#0,burst_169_173#0,原有,173,177,4,0,2025-06-05,0.6291702731527921,-0.23525147217530876,6,0,6,0,6,0,6,0.08570249714882983
IOBTQ,wide,tb_177_182#0,bo_173#0,burst_169_173#0,原有,173,177,4,0,2025-06-05,0.6291702731527921,-0.23525147217530876,6,0,6,0,6,0,6,0.08570249714882983
IOBTQ,causal,tb_177_182#0,bo_173#0,burst_169_173#0,原有,173,177,4,0,2025-06-05,0.6291702731527921,-0.23525147217530876,6,0,6,0,6,0,6,0.08570249714882983
JETMF,cur,tb_93_96#1,bo_91#0,burst_85_91#0,原有,91,93,2,0,2025-02-04,0.08522664383146233,-0.2711563893948728,0,4,0,4,0,3,4,0.058390037093731
JETMF,cur,tb_96_97#0,bo_94#0,burst_85_94#0,原有,94,96,2,0,2025-02-07,0.04856739414089806,-0.2957769237859315,0,2,0,2,0,2,2,0.056573583487219685
JETMF,cur,tb_280_281#0,bo_277#0,burst_274_277#0,原有,277,280,3,0,2025-10-31,0.009174310851576162,-0.353874680595834,0,2,0,2,0,2,2,0.046656799874173545
JETMF,wide,tb_93_96#0,bo_85#0,burst_85_91#0,新增,91,93,2,0,2025-02-04,0.08522664383146233,-0.2711563893948728,0,4,0,4,0,3,4,0.058390037093731
JETMF,wide,tb_93_96#1,bo_91#0,burst_85_91#0,原有,91,93,2,0,2025-02-04,0.08522664383146233,-0.2711563893948728,0,4,0,4,0,3,4,0.058390037093731
JETMF,wide,tb_96_97#0,bo_94#0,burst_85_94#0,原有,94,96,2,0,2025-02-07,0.04856739414089806,-0.2957769237859315,0,2,0,2,0,2,2,0.056573583487219685
JETMF,wide,tb_280_281#0,bo_277#0,burst_274_277#0,原有,277,280,3,0,2025-10-31,0.009174310851576162,-0.353874680595834,0,2,0,2,0,2,2,0.046656799874173545
JETMF,causal,tb_93_96#0,bo_85#0,burst_85_91#0,新增,91,93,2,0,2025-02-04,0.08522664383146233,-0.2711563893948728,0,4,0,4,0,3,4,0.058390037093731
JETMF,causal,tb_93_96#1,bo_91#0,burst_85_91#0,原有,91,93,2,0,2025-02-04,0.08522664383146233,-0.2711563893948728,0,4,0,4,0,3,4,0.058390037093731
JETMF,causal,tb_96_97#0,bo_94#0,burst_85_94#0,原有,94,96,2,0,2025-02-07,0.04856739414089806,-0.2957769237859315,0,2,0,2,0,2,2,0.056573583487219685
JETMF,causal,tb_280_281#0,bo_277#0,burst_274_277#0,原有,277,280,3,0,2025-10-31,0.009174310851576162,-0.353874680595834,0,2,0,2,0,2,2,0.046656799874173545
KYNB,cur,tb_226#0,bo_223#0,burst_221_223#0,原有,223,226,3,0,2025-08-15,0.32701427417951123,0.013691428752793833,1,0,1,0,1,0,1,0.05336157397874086
KYNB,wide,tb_226#0,bo_223#0,burst_221_223#0,原有,223,226,3,0,2025-08-15,0.32701427417951123,0.013691428752793833,1,0,1,0,1,0,1,0.05336157397874086
KYNB,causal,tb_226#0,bo_223#0,burst_221_223#0,原有,223,226,3,0,2025-08-15,0.32701427417951123,0.013691428752793833,1,0,1,0,1,0,1,0.05336157397874086
KZIA,cur,tb_185#0,bo_181#0,burst_175_181#0,原有,181,185,4,0,2025-06-17,0.2861736439579059,-0.37513397948772254,0,1,0,1,0,0,1,0.11580436236438188
KZIA,wide,tb_178#0,bo_175#0,burst_175_181#0,新增,181,178,-3,1,2025-06-06,1.276106095506346,-0.10973449116707712,1,0,1,0,1,0,1,0.09294058970664236
KZIA,wide,tb_178#1,bo_176#0,burst_175_181#0,新增,181,178,-3,1,2025-06-06,1.276106095506346,-0.10973449116707712,1,0,1,0,1,0,1,0.09294058970664236
KZIA,wide,tb_185#0,bo_181#0,burst_175_181#0,原有,181,185,4,0,2025-06-17,0.2861736439579059,-0.37513397948772254,0,1,0,1,0,0,1,0.11580436236438188
KZIA,causal,tb_185#0,bo_181#0,burst_175_181#0,原有,181,185,4,0,2025-06-17,0.2861736439579059,-0.37513397948772254,0,1,0,1,0,0,1,0.11580436236438188
LAC,cur,tb_264#0,bo_253#0,burst_246_253#0,原有,253,264,11,0,2025-10-09,0.30845777458673806,-0.4613184239084729,0,1,0,1,0,1,1,0.1084996031092913
LAC,wide,tb_250_251#0,bo_246#0,burst_246_253#0,新增,253,250,-3,2,2025-09-19,2.21240109521605,-0.09613051800149502,2,0,2,0,2,0,2,0.04324446563857499
LAC,wide,tb_250_251#1,bo_247#0,burst_246_253#0,新增,253,250,-3,2,2025-09-19,2.21240109521605,-0.09613051800149502,2,0,2,0,2,0,2,0.04324446563857499
LAC,wide,tb_264#0,bo_253#0,burst_246_253#0,原有,253,264,11,0,2025-10-09,0.30845777458673806,-0.4613184239084729,0,1,0,1,0,1,1,0.1084996031092913
LAC,causal,tb_264#0,bo_253#0,burst_246_253#0,原有,253,264,11,0,2025-10-09,0.30845777458673806,-0.4613184239084729,0,1,0,1,0,1,1,0.1084996031092913
LI,cur,tb_112_120#1,bo_108#0,burst_105_108#0,原有,108,112,4,0,2025-03-04,0.04140067637021901,-0.32747714639904835,0,9,0,9,0,9,9,0.05566919562724576
LI,wide,tb_112_120#0,bo_107#0,burst_105_108#0,新增,108,112,4,0,2025-03-04,0.04140067637021901,-0.32747714639904835,0,9,0,9,0,9,9,0.05566919562724576
LI,wide,tb_112_120#1,bo_108#0,burst_105_108#0,原有,108,112,4,0,2025-03-04,0.04140067637021901,-0.32747714639904835,0,9,0,9,0,9,9,0.05566919562724576
LI,causal,tb_112_120#0,bo_107#0,burst_105_108#0,新增,108,112,4,0,2025-03-04,0.04140067637021901,-0.32747714639904835,0,9,0,9,0,9,9,0.05566919562724576
LI,causal,tb_112_120#1,bo_108#0,burst_105_108#0,原有,108,112,4,0,2025-03-04,0.04140067637021901,-0.32747714639904835,0,9,0,9,0,9,9,0.05566919562724576
KRMD,cur,tb_302_303#0,bo_297#0,burst_291_297#0,原有,297,302,5,0,2025-12-03,0.15931252243321747,-0.09998886935756135,0,0,0,0,0,0,2,0.06125759657753256
KRMD,wide,tb_302_303#0,bo_297#0,burst_291_297#0,原有,297,302,5,0,2025-12-03,0.15931252243321747,-0.09998886935756135,0,0,0,0,0,0,2,0.06125759657753256
KRMD,causal,tb_302_303#0,bo_297#0,burst_291_297#0,原有,297,302,5,0,2025-12-03,0.15931252243321747,-0.09998886935756135,0,0,0,0,0,0,2,0.06125759657753256
KSS,cur,tb_212#1,bo_208#0,burst_200_208#0,原有,208,212,4,0,2025-07-28,0.4332268056058799,-0.19485582039804739,0,1,1,0,1,0,1,0.05271228398302522
KSS,wide,tb_212#0,bo_207#0,burst_200_208#0,新增,208,212,4,0,2025-07-28,0.4332268056058799,-0.19485582039804739,0,1,1,0,1,0,1,0.05271228398302522
KSS,wide,tb_212#1,bo_208#0,burst_200_208#0,原有,208,212,4,0,2025-07-28,0.4332268056058799,-0.19485582039804739,0,1,1,0,1,0,1,0.05271228398302522
KSS,causal,tb_212#0,bo_207#0,burst_200_208#0,新增,208,212,4,0,2025-07-28,0.4332268056058799,-0.19485582039804739,0,1,1,0,1,0,1,0.05271228398302522
KSS,causal,tb_212#1,bo_208#0,burst_200_208#0,原有,208,212,4,0,2025-07-28,0.4332268056058799,-0.19485582039804739,0,1,1,0,1,0,1,0.05271228398302522
KODK,cur,tb_288#1,bo_286#0,burst_285_286#0,原有,286,288,2,0,2025-11-12,0.18712748874601837,-0.19547083149143862,0,1,0,1,0,0,1,0.047210451602937395
KODK,wide,tb_288#0,bo_285#0,burst_285_286#0,新增,286,288,2,0,2025-11-12,0.18712748874601837,-0.19547083149143862,0,1,0,1,0,0,1,0.047210451602937395
KODK,wide,tb_288#1,bo_286#0,burst_285_286#0,原有,286,288,2,0,2025-11-12,0.18712748874601837,-0.19547083149143862,0,1,0,1,0,0,1,0.047210451602937395
KODK,causal,tb_288#0,bo_285#0,burst_285_286#0,新增,286,288,2,0,2025-11-12,0.18712748874601837,-0.19547083149143862,0,1,0,1,0,0,1,0.047210451602937395
KODK,causal,tb_288#1,bo_286#0,burst_285_286#0,原有,286,288,2,0,2025-11-12,0.18712748874601837,-0.19547083149143862,0,1,0,1,0,0,1,0.047210451602937395
LBRT,cur,tb_277#0,bo_275#0,burst_270_275#0,原有,275,277,2,0,2025-10-28,0.2351210034378881,-0.13425222804485826,1,0,0,0,0,0,1,0.049345096753765735
LBRT,cur,tb_281#0,bo_278#0,burst_270_278#0,原有,278,281,3,0,2025-11-03,0.14636964223361648,-0.19646175489017526,0,1,0,0,0,0,1,0.05088836682693061
LBRT,wide,tb_277#0,bo_275#0,burst_270_275#0,原有,275,277,2,0,2025-10-28,0.2351210034378881,-0.13425222804485826,1,0,0,0,0,0,1,0.049345096753765735
LBRT,wide,tb_281#0,bo_278#0,burst_270_278#0,原有,278,281,3,0,2025-11-03,0.14636964223361648,-0.19646175489017526,0,1,0,0,0,0,1,0.05088836682693061
LBRT,causal,tb_277#0,bo_275#0,burst_270_275#0,原有,275,277,2,0,2025-10-28,0.2351210034378881,-0.13425222804485826,1,0,0,0,0,0,1,0.049345096753765735
LBRT,causal,tb_281#0,bo_278#0,burst_270_278#0,原有,278,281,3,0,2025-11-03,0.14636964223361648,-0.19646175489017526,0,1,0,0,0,0,1,0.05088836682693061
MBAI,cur,tb_254_256#0,bo_246#0,burst_246#0,原有,246,254,8,0,2025-09-25,0.075484519344499,-0.46666545946078886,0,3,0,3,0,3,3,0.12011602896989149
MBAI,wide,tb_254_256#0,bo_246#0,burst_246#0,原有,246,254,8,0,2025-09-25,0.075484519344499,-0.46666545946078886,0,3,0,3,0,3,3,0.12011602896989149
MBAI,causal,tb_254_256#0,bo_246#0,burst_246#0,原有,246,254,8,0,2025-09-25,0.075484519344499,-0.46666545946078886,0,3,0,3,0,3,3,0.12011602896989149
LION,cur,tb_318_323#0,bo_316#0,burst_307_316#0,原有,316,318,2,0,2025-12-26,0.08743222994157906,-0.1496689772744325,0,3,0,0,0,0,4,0.04234163221412361
LION,wide,tb_310_315#0,bo_307#0,burst_307_316#0,新增,316,310,-6,2,2025-12-15,0.2037330248658917,-0.05632207234940826,6,0,3,0,0,0,6,0.041851014464463515
LION,wide,tb_310_315#1,bo_308#0,burst_307_316#0,新增,316,310,-6,2,2025-12-15,0.2037330248658917,-0.05632207234940826,6,0,3,0,0,0,6,0.041851014464463515
LION,wide,tb_315#0,bo_313#0,burst_307_316#0,新增,316,315,-1,1,2025-12-22,0.20693786686089988,-0.05622007290589481,1,0,1,0,0,0,1,0.03845339374594577
LION,wide,tb_318_323#0,bo_316#0,burst_307_316#0,原有,316,318,2,0,2025-12-26,0.08743222994157906,-0.1496689772744325,0,3,0,0,0,0,4,0.04234163221412361
LION,causal,tb_318_323#0,bo_316#0,burst_307_316#0,原有,316,318,2,0,2025-12-26,0.08743222994157906,-0.1496689772744325,0,3,0,0,0,0,4,0.04234163221412361
LITB,cur,tb_135#1,bo_131#0,burst_129_131#0,原有,131,135,4,0,2025-04-04,-0.0134529018534425,-0.5246637068550579,0,1,0,1,0,1,1,0.09500411066127815
LITB,cur,tb_135#2,bo_132#0,burst_129_132#0,原有,132,135,3,0,2025-04-04,-0.0134529018534425,-0.5246637068550579,0,1,0,1,0,1,1,0.09500411066127815
LITB,wide,tb_135#0,bo_129#0,burst_129_131#0,新增,131,135,4,0,2025-04-04,-0.0134529018534425,-0.5246637068550579,0,1,0,1,0,1,1,0.09500411066127815
LITB,wide,tb_135#1,bo_131#0,burst_129_131#0,原有,131,135,4,0,2025-04-04,-0.0134529018534425,-0.5246637068550579,0,1,0,1,0,1,1,0.09500411066127815
LITB,wide,tb_135#2,bo_132#0,burst_129_132#0,原有,132,135,3,0,2025-04-04,-0.0134529018534425,-0.5246637068550579,0,1,0,1,0,1,1,0.09500411066127815
LITB,causal,tb_135#0,bo_129#0,burst_129_131#0,新增,131,135,4,0,2025-04-04,-0.0134529018534425,-0.5246637068550579,0,1,0,1,0,1,1,0.09500411066127815
LITB,causal,tb_135#1,bo_131#0,burst_129_131#0,原有,131,135,4,0,2025-04-04,-0.0134529018534425,-0.5246637068550579,0,1,0,1,0,1,1,0.09500411066127815
LITB,causal,tb_135#2,bo_132#0,burst_129_132#0,原有,132,135,3,0,2025-04-04,-0.0134529018534425,-0.5246637068550579,0,1,0,1,0,1,1,0.09500411066127815
MAGN,cur,tb_304_305#1,bo_299#0,burst_296_299#0,原有,299,304,5,0,2025-12-05,0.10110648175537074,-0.10251313380607169,0,0,0,0,0,0,2,0.05152471742631841
MAGN,wide,tb_304_305#0,bo_296#0,burst_296_299#0,新增,299,304,5,0,2025-12-05,0.10110648175537074,-0.10251313380607169,0,0,0,0,0,0,2,0.05152471742631841
MAGN,wide,tb_304_305#1,bo_299#0,burst_296_299#0,原有,299,304,5,0,2025-12-05,0.10110648175537074,-0.10251313380607169,0,0,0,0,0,0,2,0.05152471742631841
MAGN,causal,tb_304_305#0,bo_296#0,burst_296_299#0,新增,299,304,5,0,2025-12-05,0.10110648175537074,-0.10251313380607169,0,0,0,0,0,0,2,0.05152471742631841
MAGN,causal,tb_304_305#1,bo_299#0,burst_296_299#0,原有,299,304,5,0,2025-12-05,0.10110648175537074,-0.10251313380607169,0,0,0,0,0,0,2,0.05152471742631841
LU,cur,tb_261#1,bo_258#0,burst_250_258#0,原有,258,261,3,0,2025-10-06,0.0024449270590736205,-0.4205379469094891,0,1,0,1,0,1,1,0.05423453496769745
LU,wide,tb_254#0,bo_250#0,burst_250_258#0,新增,258,254,-4,2,2025-09-25,0.33625733032544836,-0.307017592781076,1,0,1,0,1,0,1,0.03844430505896233
LU,wide,tb_254#1,bo_251#0,burst_250_258#0,新增,258,254,-4,2,2025-09-25,0.33625733032544836,-0.307017592781076,1,0,1,0,1,0,1,0.03844430505896233
LU,wide,tb_261#0,bo_255#0,burst_250_258#0,新增,258,261,3,0,2025-10-06,0.0024449270590736205,-0.4205379469094891,0,1,0,1,0,1,1,0.05423453496769745
LU,wide,tb_261#1,bo_258#0,burst_250_258#0,原有,258,261,3,0,2025-10-06,0.0024449270590736205,-0.4205379469094891,0,1,0,1,0,1,1,0.05423453496769745
LU,causal,tb_261#0,bo_255#0,burst_250_258#0,新增,258,261,3,0,2025-10-06,0.0024449270590736205,-0.4205379469094891,0,1,0,1,0,1,1,0.05423453496769745
LU,causal,tb_261#1,bo_258#0,burst_250_258#0,原有,258,261,3,0,2025-10-06,0.0024449270590736205,-0.4205379469094891,0,1,0,1,0,1,1,0.05423453496769745
MLYS,cur,tb_125#0,bo_122#0,burst_116_122#0,原有,122,125,3,0,2025-03-21,0.028452846375681684,-0.38115002602111836,0,1,0,1,0,1,1,0.08574439608946549
MLYS,wide,tb_125#0,bo_122#0,burst_116_122#0,原有,122,125,3,0,2025-03-21,0.028452846375681684,-0.38115002602111836,0,1,0,1,0,1,1,0.08574439608946549
MLYS,causal,tb_125#0,bo_122#0,burst_116_122#0,原有,122,125,3,0,2025-03-21,0.028452846375681684,-0.38115002602111836,0,1,0,1,0,1,1,0.08574439608946549
METCB,cur,tb_213#0,bo_200#0,burst_200#0,原有,200,213,13,0,2025-07-29,0.49389812361630314,-0.10588662362083978,1,0,1,0,0,0,1,0.09597350517316178
METCB,cur,tb_213#1,bo_201#0,burst_200_201#0,原有,201,213,12,0,2025-07-29,0.49389812361630314,-0.10588662362083978,1,0,1,0,0,0,1,0.09597350517316178
METCB,wide,tb_213#0,bo_200#0,burst_200#0,原有,200,213,13,0,2025-07-29,0.49389812361630314,-0.10588662362083978,1,0,1,0,0,0,1,0.09597350517316178
METCB,wide,tb_213#1,bo_201#0,burst_200_201#0,原有,201,213,12,0,2025-07-29,0.49389812361630314,-0.10588662362083978,1,0,1,0,0,0,1,0.09597350517316178
METCB,causal,tb_213#0,bo_200#0,burst_200#0,原有,200,213,13,0,2025-07-29,0.49389812361630314,-0.10588662362083978,1,0,1,0,0,0,1,0.09597350517316178
METCB,causal,tb_213#1,bo_201#0,burst_200_201#0,原有,201,213,12,0,2025-07-29,0.49389812361630314,-0.10588662362083978,1,0,1,0,0,0,1,0.09597350517316178
MDWD,cur,tb_168_169#0,bo_166#0,burst_160_166#0,原有,166,168,2,0,2025-05-22,0.10562568579680864,-0.09113192846063534,0,0,0,0,0,0,2,0.04196458528806453
MDWD,cur,tb_172_180#0,bo_170#0,burst_160_170#0,原有,170,172,2,0,2025-05-29,0.019343022388578237,-0.17559829528697718,0,7,0,4,0,3,9,0.04401308039277722
MDWD,wide,tb_163_165#0,bo_160#0,burst_160_166#0,新增,166,163,-3,1,2025-05-15,0.10731979515988499,-0.08973930351570536,0,0,0,0,0,0,3,0.04196458528806453
MDWD,wide,tb_163_165#1,bo_161#0,burst_160_166#0,新增,166,163,-3,1,2025-05-15,0.10731979515988499,-0.08973930351570536,0,0,0,0,0,0,3,0.04196458528806453
MDWD,wide,tb_168_169#0,bo_166#0,burst_160_166#0,原有,166,168,2,0,2025-05-22,0.10562568579680864,-0.09113192846063534,0,0,0,0,0,0,2,0.04196458528806453
MDWD,wide,tb_172_180#0,bo_170#0,burst_160_170#0,原有,170,172,2,0,2025-05-29,0.019343022388578237,-0.17559829528697718,0,7,0,4,0,3,9,0.04401308039277722
MDWD,causal,tb_168_169#0,bo_166#0,burst_160_166#0,原有,166,168,2,0,2025-05-22,0.10562568579680864,-0.09113192846063534,0,0,0,0,0,0,2,0.04196458528806453
MDWD,causal,tb_172_180#0,bo_170#0,burst_160_170#0,原有,170,172,2,0,2025-05-29,0.019343022388578237,-0.17559829528697718,0,7,0,4,0,3,9,0.04401308039277722
LPSN,cur,tb_77#1,bo_71#0,burst_70_71#0,原有,71,77,6,0,2025-01-10,0.10563380660057264,-0.40845066512741535,0,1,0,1,0,1,1,0.09464570218455004
LPSN,cur,tb_198#2,bo_196#0,burst_190_196#0,原有,196,198,2,0,2025-07-08,0.32110090993943263,-0.24770642790473152,0,1,0,0,0,0,1,0.07241156284696687
LPSN,wide,tb_77#0,bo_70#0,burst_70_71#0,新增,71,77,6,0,2025-01-10,0.10563380660057264,-0.40845066512741535,0,1,0,1,0,1,1,0.09464570218455004
LPSN,wide,tb_77#1,bo_71#0,burst_70_71#0,原有,71,77,6,0,2025-01-10,0.10563380660057264,-0.40845066512741535,0,1,0,1,0,1,1,0.09464570218455004
LPSN,wide,tb_198#0,bo_190#0,burst_190_196#0,新增,196,198,2,0,2025-07-08,0.32110090993943263,-0.24770642790473152,0,1,0,0,0,0,1,0.07241156284696687
LPSN,wide,tb_198#1,bo_193#0,burst_190_196#0,新增,196,198,2,0,2025-07-08,0.32110090993943263,-0.24770642790473152,0,1,0,0,0,0,1,0.07241156284696687
LPSN,wide,tb_198#2,bo_196#0,burst_190_196#0,原有,196,198,2,0,2025-07-08,0.32110090993943263,-0.24770642790473152,0,1,0,0,0,0,1,0.07241156284696687
LPSN,causal,tb_77#0,bo_70#0,burst_70_71#0,新增,71,77,6,0,2025-01-10,0.10563380660057264,-0.40845066512741535,0,1,0,1,0,1,1,0.09464570218455004
LPSN,causal,tb_77#1,bo_71#0,burst_70_71#0,原有,71,77,6,0,2025-01-10,0.10563380660057264,-0.40845066512741535,0,1,0,1,0,1,1,0.09464570218455004
LPSN,causal,tb_198#0,bo_190#0,burst_190_196#0,新增,196,198,2,0,2025-07-08,0.32110090993943263,-0.24770642790473152,0,1,0,0,0,0,1,0.07241156284696687
LPSN,causal,tb_198#1,bo_193#0,burst_190_196#0,新增,196,198,2,0,2025-07-08,0.32110090993943263,-0.24770642790473152,0,1,0,0,0,0,1,0.07241156284696687
LPSN,causal,tb_198#2,bo_196#0,burst_190_196#0,原有,196,198,2,0,2025-07-08,0.32110090993943263,-0.24770642790473152,0,1,0,0,0,0,1,0.07241156284696687
LRDC,cur,tb_295_297#1,bo_286#0,burst_283_286#0,原有,286,295,9,0,2025-11-21,0.4765225849192467,-0.005296465100138,3,0,0,0,0,0,3,0.10167308125255572
LRDC,cur,tb_295_297#2,bo_288#0,burst_283_288#0,原有,288,295,7,0,2025-11-21,0.4765225849192467,-0.005296465100138,3,0,0,0,0,0,3,0.10167308125255572
LRDC,wide,tb_295_297#0,bo_283#0,burst_283_286#0,新增,286,295,9,0,2025-11-21,0.4765225849192467,-0.005296465100138,3,0,0,0,0,0,3,0.10167308125255572
LRDC,wide,tb_295_297#1,bo_286#0,burst_283_286#0,原有,286,295,9,0,2025-11-21,0.4765225849192467,-0.005296465100138,3,0,0,0,0,0,3,0.10167308125255572
LRDC,wide,tb_295_297#2,bo_288#0,burst_283_288#0,原有,288,295,7,0,2025-11-21,0.4765225849192467,-0.005296465100138,3,0,0,0,0,0,3,0.10167308125255572
LRDC,causal,tb_295_297#0,bo_283#0,burst_283_286#0,新增,286,295,9,0,2025-11-21,0.4765225849192467,-0.005296465100138,3,0,0,0,0,0,3,0.10167308125255572
LRDC,causal,tb_295_297#1,bo_286#0,burst_283_286#0,原有,286,295,9,0,2025-11-21,0.4765225849192467,-0.005296465100138,3,0,0,0,0,0,3,0.10167308125255572
LRDC,causal,tb_295_297#2,bo_288#0,burst_283_288#0,原有,288,295,7,0,2025-11-21,0.4765225849192467,-0.005296465100138,3,0,0,0,0,0,3,0.10167308125255572
MIR,cur,tb_174_178#0,bo_169#0,burst_154_169#0,原有,169,174,5,0,2025-06-02,0.16401982129025078,-0.04868259913626023,5,0,4,0,0,0,5,0.03170243919174791
MIR,cur,tb_174_178#1,bo_170#0,burst_154_170#0,原有,170,174,4,0,2025-06-02,0.16401982129025078,-0.04868259913626023,5,0,4,0,0,0,5,0.03170243919174791
MIR,wide,tb_164_166#0,bo_161#0,burst_154_169#0,新增,169,164,-5,1,2025-05-16,0.27626276020898693,-0.03301649332281731,3,0,3,0,3,0,3,0.033997173633039585
MIR,wide,tb_174_178#0,bo_169#0,burst_154_169#0,原有,169,174,5,0,2025-06-02,0.16401982129025078,-0.04868259913626023,5,0,4,0,0,0,5,0.03170243919174791
MIR,wide,tb_174_178#1,bo_170#0,burst_154_170#0,原有,170,174,4,0,2025-06-02,0.16401982129025078,-0.04868259913626023,5,0,4,0,0,0,5,0.03170243919174791
MIR,causal,tb_174_178#0,bo_169#0,burst_154_169#0,原有,169,174,5,0,2025-06-02,0.16401982129025078,-0.04868259913626023,5,0,4,0,0,0,5,0.03170243919174791
MIR,causal,tb_174_178#1,bo_170#0,burst_154_170#0,原有,170,174,4,0,2025-06-02,0.16401982129025078,-0.04868259913626023,5,0,4,0,0,0,5,0.03170243919174791
MGIH,cur,tb_247#0,bo_241#0,burst_233_241#0,原有,241,247,6,0,2025-09-16,0.12635375705508123,-0.46570396055437746,0,1,0,1,0,1,1,0.11722741078028284
MGIH,wide,tb_247#0,bo_241#0,burst_233_241#0,原有,241,247,6,0,2025-09-16,0.12635375705508123,-0.46570396055437746,0,1,0,1,0,1,1,0.11722741078028284
MGIH,causal,tb_247#0,bo_241#0,burst_233_241#0,原有,241,247,6,0,2025-09-16,0.12635375705508123,-0.46570396055437746,0,1,0,1,0,1,1,0.11722741078028284
MCFT,cur,tb_244#1,bo_241#0,burst_234_241#0,原有,241,244,3,0,2025-09-11,-4.3161982728245896e-05,-0.16228453332688786,0,1,0,1,0,0,1,0.034585496543036984
MCFT,wide,tb_244#0,bo_240#0,burst_234_241#0,新增,241,244,3,0,2025-09-11,-4.3161982728245896e-05,-0.16228453332688786,0,1,0,1,0,0,1,0.034585496543036984
MCFT,wide,tb_244#1,bo_241#0,burst_234_241#0,原有,241,244,3,0,2025-09-11,-4.3161982728245896e-05,-0.16228453332688786,0,1,0,1,0,0,1,0.034585496543036984
MCFT,causal,tb_244#0,bo_240#0,burst_234_241#0,新增,241,244,3,0,2025-09-11,-4.3161982728245896e-05,-0.16228453332688786,0,1,0,1,0,0,1,0.034585496543036984
MCFT,causal,tb_244#1,bo_241#0,burst_234_241#0,原有,241,244,3,0,2025-09-11,-4.3161982728245896e-05,-0.16228453332688786,0,1,0,1,0,0,1,0.034585496543036984
MOB,cur,tb_191#0,bo_187#0,burst_176_187#0,原有,187,191,4,0,2025-06-26,0.6901409633101498,-0.15140839483595414,1,0,0,0,0,0,1,0.1423872331059745
MOB,wide,tb_182_183#0,bo_176#0,burst_176_187#0,新增,187,182,-5,1,2025-06-12,0.7942241749608155,-0.0430804019963314,2,0,2,0,0,0,2,0.14145232073362846
MOB,wide,tb_182_183#1,bo_179#0,burst_176_187#0,新增,187,182,-5,1,2025-06-12,0.7942241749608155,-0.0430804019963314,2,0,2,0,0,0,2,0.14145232073362846
MOB,wide,tb_191#0,bo_187#0,burst_176_187#0,原有,187,191,4,0,2025-06-26,0.6901409633101498,-0.15140839483595414,1,0,0,0,0,0,1,0.1423872331059745
MOB,causal,tb_191#0,bo_187#0,burst_176_187#0,原有,187,191,4,0,2025-06-26,0.6901409633101498,-0.15140839483595414,1,0,0,0,0,0,1,0.1423872331059745
MATH,cur,tb_169_172#0,bo_167#0,burst_158_167#0,原有,167,169,2,0,2025-05-23,0.43242492669642607,-0.06743984450567941,3,0,0,0,0,0,4,0.10133929517178857
MATH,wide,tb_164_166#0,bo_158#0,burst_158_167#0,新增,167,164,-3,1,2025-05-16,0.7033153629505243,-0.05593567784196485,3,0,3,0,3,0,3,0.09640327283027571
MATH,wide,tb_164_166#1,bo_159#0,burst_158_167#0,新增,167,164,-3,1,2025-05-16,0.7033153629505243,-0.05593567784196485,3,0,3,0,3,0,3,0.09640327283027571
MATH,wide,tb_169_172#0,bo_167#0,burst_158_167#0,原有,167,169,2,0,2025-05-23,0.43242492669642607,-0.06743984450567941,3,0,0,0,0,0,4,0.10133929517178857
MATH,causal,tb_169_172#0,bo_167#0,burst_158_167#0,原有,167,169,2,0,2025-05-23,0.43242492669642607,-0.06743984450567941,3,0,0,0,0,0,4,0.10133929517178857
MTC,cur,tb_287_289#0,bo_283#0,burst_283#0,原有,283,287,4,0,2025-11-11,0.48437247901862485,-0.23753546775024056,0,0,0,0,0,0,3,0.1401106714624492
MTC,cur,tb_287_289#1,bo_284#0,burst_283_284#0,原有,284,287,3,0,2025-11-11,0.48437247901862485,-0.23753546775024056,0,0,0,0,0,0,3,0.1401106714624492
MTC,wide,tb_287_289#0,bo_283#0,burst_283#0,原有,283,287,4,0,2025-11-11,0.48437247901862485,-0.23753546775024056,0,0,0,0,0,0,3,0.1401106714624492
MTC,wide,tb_287_289#1,bo_284#0,burst_283_284#0,原有,284,287,3,0,2025-11-11,0.48437247901862485,-0.23753546775024056,0,0,0,0,0,0,3,0.1401106714624492
MTC,causal,tb_287_289#0,bo_283#0,burst_283#0,原有,283,287,4,0,2025-11-11,0.48437247901862485,-0.23753546775024056,0,0,0,0,0,0,3,0.1401106714624492
MTC,causal,tb_287_289#1,bo_284#0,burst_283_284#0,原有,284,287,3,0,2025-11-11,0.48437247901862485,-0.23753546775024056,0,0,0,0,0,0,3,0.1401106714624492
MNKD,cur,tb_240_252#0,bo_237#0,burst_234_237#0,原有,237,240,3,0,2025-09-05,0.12419606754268596,-0.12616345044620525,0,1,0,0,0,0,13,0.045454532113285234
MNKD,wide,tb_240_252#0,bo_237#0,burst_234_237#0,原有,237,240,3,0,2025-09-05,0.12419606754268596,-0.12616345044620525,0,1,0,0,0,0,13,0.045454532113285234
MNKD,causal,tb_240_252#0,bo_237#0,burst_234_237#0,原有,237,240,3,0,2025-09-05,0.12419606754268596,-0.12616345044620525,0,1,0,0,0,0,13,0.045454532113285234
NBTX,cur,tb_187_202#0,bo_182#0,burst_172_182#0,原有,182,187,5,0,2025-06-20,1.1322906227445328,-0.022099555580933218,16,0,16,0,16,0,16,0.05904436298321805
NBTX,wide,tb_178_180#0,bo_176#0,burst_172_182#0,新增,182,178,-4,2,2025-06-06,0.5675572375974491,-0.1189148525753166,3,0,3,0,3,0,3,0.0468874064470807
NBTX,wide,tb_180#0,bo_177#0,burst_172_182#0,新增,182,180,-2,2,2025-06-10,0.5958762728479969,-0.13814434834400346,1,0,1,0,1,0,1,0.0468874064470807
NBTX,wide,tb_187_200#0,bo_180#0,burst_172_182#0,新增,182,187,5,0,2025-06-20,1.1437130995746194,-0.0188894772082494,14,0,14,0,14,0,14,0.05904436298321805
NBTX,wide,tb_187_202#0,bo_182#0,burst_172_182#0,原有,182,187,5,0,2025-06-20,1.1322906227445328,-0.022099555580933218,16,0,16,0,16,0,16,0.05904436298321805
NBTX,causal,tb_187_200#0,bo_180#0,burst_172_182#0,新增,182,187,5,0,2025-06-20,1.1437130995746194,-0.0188894772082494,14,0,14,0,14,0,14,0.05904436298321805
NBTX,causal,tb_187_202#0,bo_182#0,burst_172_182#0,原有,182,187,5,0,2025-06-20,1.1322906227445328,-0.022099555580933218,16,0,16,0,16,0,16,0.05904436298321805
NCL,cur,tb_153_159#1,bo_149#0,burst_146_149#0,原有,149,153,4,0,2025-05-01,2.8097050680829128,-0.602510694191189,7,0,7,0,7,0,7,0.08365727913928969
NCL,wide,tb_153_159#0,bo_146#0,burst_146_149#0,新增,149,153,4,0,2025-05-01,2.8097050680829128,-0.602510694191189,7,0,7,0,7,0,7,0.08365727913928969
NCL,wide,tb_153_159#1,bo_149#0,burst_146_149#0,原有,149,153,4,0,2025-05-01,2.8097050680829128,-0.602510694191189,7,0,7,0,7,0,7,0.08365727913928969
NCL,causal,tb_153_159#0,bo_146#0,burst_146_149#0,新增,149,153,4,0,2025-05-01,2.8097050680829128,-0.602510694191189,7,0,7,0,7,0,7,0.08365727913928969
NCL,causal,tb_153_159#1,bo_149#0,burst_146_149#0,原有,149,153,4,0,2025-05-01,2.8097050680829128,-0.602510694191189,7,0,7,0,7,0,7,0.08365727913928969
MXC,cur,tb_194_196#2,bo_185#0,burst_181_185#0,原有,185,194,9,0,2025-07-01,0.005066912675586603,-0.14650736548134438,0,0,0,0,0,0,3,0.09867486418595726
MXC,wide,tb_194_196#0,bo_181#0,burst_181_185#0,新增,185,194,9,0,2025-07-01,0.005066912675586603,-0.14650736548134438,0,0,0,0,0,0,3,0.09867486418595726
MXC,wide,tb_194_196#1,bo_183#0,burst_181_185#0,新增,185,194,9,0,2025-07-01,0.005066912675586603,-0.14650736548134438,0,0,0,0,0,0,3,0.09867486418595726
MXC,wide,tb_194_196#2,bo_185#0,burst_181_185#0,原有,185,194,9,0,2025-07-01,0.005066912675586603,-0.14650736548134438,0,0,0,0,0,0,3,0.09867486418595726
MXC,causal,tb_194_196#0,bo_181#0,burst_181_185#0,新增,185,194,9,0,2025-07-01,0.005066912675586603,-0.14650736548134438,0,0,0,0,0,0,3,0.09867486418595726
MXC,causal,tb_194_196#1,bo_183#0,burst_181_185#0,新增,185,194,9,0,2025-07-01,0.005066912675586603,-0.14650736548134438,0,0,0,0,0,0,3,0.09867486418595726
MXC,causal,tb_194_196#2,bo_185#0,burst_181_185#0,原有,185,194,9,0,2025-07-01,0.005066912675586603,-0.14650736548134438,0,0,0,0,0,0,3,0.09867486418595726
MPU,cur,tb_202_208#2,bo_196#0,burst_193_196#0,原有,196,202,6,0,2025-07-14,1.035835067470846,-0.4314334525798544,7,0,6,1,5,0,7,0.14963601895642292
MPU,cur,tb_202_208#3,bo_198#0,burst_193_198#0,原有,198,202,4,0,2025-07-14,1.035835067470846,-0.4314334525798544,7,0,6,1,5,0,7,0.14963601895642292
MPU,wide,tb_202_208#0,bo_193#0,burst_193_196#0,新增,196,202,6,0,2025-07-14,1.035835067470846,-0.4314334525798544,7,0,6,1,5,0,7,0.14963601895642292
MPU,wide,tb_202_208#1,bo_194#0,burst_193_196#0,新增,196,202,6,0,2025-07-14,1.035835067470846,-0.4314334525798544,7,0,6,1,5,0,7,0.14963601895642292
MPU,wide,tb_202_208#2,bo_196#0,burst_193_196#0,原有,196,202,6,0,2025-07-14,1.035835067470846,-0.4314334525798544,7,0,6,1,5,0,7,0.14963601895642292
MPU,wide,tb_202_208#3,bo_198#0,burst_193_198#0,原有,198,202,4,0,2025-07-14,1.035835067470846,-0.4314334525798544,7,0,6,1,5,0,7,0.14963601895642292
MPU,causal,tb_202_208#0,bo_193#0,burst_193_196#0,新增,196,202,6,0,2025-07-14,1.035835067470846,-0.4314334525798544,7,0,6,1,5,0,7,0.14963601895642292
MPU,causal,tb_202_208#1,bo_194#0,burst_193_196#0,新增,196,202,6,0,2025-07-14,1.035835067470846,-0.4314334525798544,7,0,6,1,5,0,7,0.14963601895642292
MPU,causal,tb_202_208#2,bo_196#0,burst_193_196#0,原有,196,202,6,0,2025-07-14,1.035835067470846,-0.4314334525798544,7,0,6,1,5,0,7,0.14963601895642292
MPU,causal,tb_202_208#3,bo_198#0,burst_193_198#0,原有,198,202,4,0,2025-07-14,1.035835067470846,-0.4314334525798544,7,0,6,1,5,0,7,0.14963601895642292
NIU,cur,tb_228_234#1,bo_224#0,burst_223_224#0,原有,224,228,4,0,2025-08-19,0.22958942633032917,-0.12389044645016556,6,1,0,0,0,0,7,0.05435807820122211
NIU,wide,tb_228_234#0,bo_223#0,burst_223_224#0,新增,224,228,4,0,2025-08-19,0.22958942633032917,-0.12389044645016556,6,1,0,0,0,0,7,0.05435807820122211
NIU,wide,tb_228_234#1,bo_224#0,burst_223_224#0,原有,224,228,4,0,2025-08-19,0.22958942633032917,-0.12389044645016556,6,1,0,0,0,0,7,0.05435807820122211
NIU,causal,tb_228_234#0,bo_223#0,burst_223_224#0,新增,224,228,4,0,2025-08-19,0.22958942633032917,-0.12389044645016556,6,1,0,0,0,0,7,0.05435807820122211
NIU,causal,tb_228_234#1,bo_224#0,burst_223_224#0,原有,224,228,4,0,2025-08-19,0.22958942633032917,-0.12389044645016556,6,1,0,0,0,0,7,0.05435807820122211
NDLS,cur,tb_90_91#2,bo_87#0,burst_82_87#0,原有,87,90,3,0,2025-01-30,0.1797830155681598,-0.3151834322174517,0,0,0,0,0,0,2,0.15368943191997908
NDLS,wide,tb_90_91#0,bo_82#0,burst_82_87#0,新增,87,90,3,0,2025-01-30,0.1797830155681598,-0.3151834322174517,0,0,0,0,0,0,2,0.15368943191997908
NDLS,wide,tb_90_91#1,bo_86#0,burst_82_87#0,新增,87,90,3,0,2025-01-30,0.1797830155681598,-0.3151834322174517,0,0,0,0,0,0,2,0.15368943191997908
NDLS,wide,tb_90_91#2,bo_87#0,burst_82_87#0,原有,87,90,3,0,2025-01-30,0.1797830155681598,-0.3151834322174517,0,0,0,0,0,0,2,0.15368943191997908
NDLS,causal,tb_90_91#0,bo_82#0,burst_82_87#0,新增,87,90,3,0,2025-01-30,0.1797830155681598,-0.3151834322174517,0,0,0,0,0,0,2,0.15368943191997908
NDLS,causal,tb_90_91#1,bo_86#0,burst_82_87#0,新增,87,90,3,0,2025-01-30,0.1797830155681598,-0.3151834322174517,0,0,0,0,0,0,2,0.15368943191997908
NDLS,causal,tb_90_91#2,bo_87#0,burst_82_87#0,原有,87,90,3,0,2025-01-30,0.1797830155681598,-0.3151834322174517,0,0,0,0,0,0,2,0.15368943191997908
NOV,cur,tb_290#0,bo_284#0,burst_277_284#0,原有,284,290,6,0,2025-11-14,0.16439056856764767,-0.0903308708508247,1,0,1,0,0,0,1,0.03219916357882633
NOV,cur,tb_290#1,bo_286#0,burst_277_286#0,原有,286,290,4,0,2025-11-14,0.16439056856764767,-0.0903308708508247,1,0,1,0,0,0,1,0.03219916357882633
NOV,cur,tb_290#2,bo_287#0,burst_277_287#0,原有,287,290,3,0,2025-11-14,0.16439056856764767,-0.0903308708508247,1,0,1,0,0,0,1,0.03219916357882633
NOV,wide,tb_290#0,bo_284#0,burst_277_284#0,原有,284,290,6,0,2025-11-14,0.16439056856764767,-0.0903308708508247,1,0,1,0,0,0,1,0.03219916357882633
NOV,wide,tb_290#1,bo_286#0,burst_277_286#0,原有,286,290,4,0,2025-11-14,0.16439056856764767,-0.0903308708508247,1,0,1,0,0,0,1,0.03219916357882633
NOV,wide,tb_290#2,bo_287#0,burst_277_287#0,原有,287,290,3,0,2025-11-14,0.16439056856764767,-0.0903308708508247,1,0,1,0,0,0,1,0.03219916357882633
NOV,causal,tb_290#0,bo_284#0,burst_277_284#0,原有,284,290,6,0,2025-11-14,0.16439056856764767,-0.0903308708508247,1,0,1,0,0,0,1,0.03219916357882633
NOV,causal,tb_290#1,bo_286#0,burst_277_286#0,原有,286,290,4,0,2025-11-14,0.16439056856764767,-0.0903308708508247,1,0,1,0,0,0,1,0.03219916357882633
NOV,causal,tb_290#2,bo_287#0,burst_277_287#0,原有,287,290,3,0,2025-11-14,0.16439056856764767,-0.0903308708508247,1,0,1,0,0,0,1,0.03219916357882633
NPCE,cur,tb_166_169#0,bo_162#0,burst_162#0,原有,162,166,4,0,2025-05-20,-0.01908922361890497,-0.4993853404794037,0,4,0,4,0,4,4,0.06027316126999392
NPCE,wide,tb_166_169#0,bo_162#0,burst_162#0,原有,162,166,4,0,2025-05-20,-0.01908922361890497,-0.4993853404794037,0,4,0,4,0,4,4,0.06027316126999392
NPCE,causal,tb_166_169#0,bo_162#0,burst_162#0,原有,162,166,4,0,2025-05-20,-0.01908922361890497,-0.4993853404794037,0,4,0,4,0,4,4,0.06027316126999392
NMG,cur,tb_260#1,bo_256#0,burst_249_256#0,原有,256,260,4,0,2025-10-03,1.1565836534449279,-0.18149466222365296,1,0,1,0,1,0,1,0.05749878115835956
NMG,wide,tb_260#0,bo_253#0,burst_249_256#0,新增,256,260,4,0,2025-10-03,1.1565836534449279,-0.18149466222365296,1,0,1,0,1,0,1,0.05749878115835956
NMG,wide,tb_260#1,bo_256#0,burst_249_256#0,原有,256,260,4,0,2025-10-03,1.1565836534449279,-0.18149466222365296,1,0,1,0,1,0,1,0.05749878115835956
NMG,causal,tb_260#0,bo_253#0,burst_249_256#0,新增,256,260,4,0,2025-10-03,1.1565836534449279,-0.18149466222365296,1,0,1,0,1,0,1,0.05749878115835956
NMG,causal,tb_260#1,bo_256#0,burst_249_256#0,原有,256,260,4,0,2025-10-03,1.1565836534449279,-0.18149466222365296,1,0,1,0,1,0,1,0.05749878115835956
NGXXF,cur,tb_173#2,bo_171#0,burst_167_171#0,原有,171,173,2,0,2025-05-30,0.265529288397113,-0.06824152806822803,1,0,1,0,1,0,1,0.028161177050616194
NGXXF,wide,tb_173#0,bo_167#0,burst_167_171#0,新增,171,173,2,0,2025-05-30,0.265529288397113,-0.06824152806822803,1,0,1,0,1,0,1,0.028161177050616194
NGXXF,wide,tb_173#1,bo_169#0,burst_167_171#0,新增,171,173,2,0,2025-05-30,0.265529288397113,-0.06824152806822803,1,0,1,0,1,0,1,0.028161177050616194
NGXXF,wide,tb_173#2,bo_171#0,burst_167_171#0,原有,171,173,2,0,2025-05-30,0.265529288397113,-0.06824152806822803,1,0,1,0,1,0,1,0.028161177050616194
NGXXF,causal,tb_173#0,bo_167#0,burst_167_171#0,新增,171,173,2,0,2025-05-30,0.265529288397113,-0.06824152806822803,1,0,1,0,1,0,1,0.028161177050616194
NGXXF,causal,tb_173#1,bo_169#0,burst_167_171#0,新增,171,173,2,0,2025-05-30,0.265529288397113,-0.06824152806822803,1,0,1,0,1,0,1,0.028161177050616194
NGXXF,causal,tb_173#2,bo_171#0,burst_167_171#0,原有,171,173,2,0,2025-05-30,0.265529288397113,-0.06824152806822803,1,0,1,0,1,0,1,0.028161177050616194
NAUT,cur,tb_262_264#0,bo_259#0,burst_254_259#0,原有,259,262,3,0,2025-10-07,1.8570706919136324,-0.07763858971688502,3,0,3,0,3,0,3,0.07151047908924249
NAUT,wide,tb_259_266#0,bo_257#0,burst_254_259#0,新增,259,259,0,1,2025-10-02,1.89361895639074,-0.060089680336677734,8,0,8,0,8,0,8,0.07945155788414243
NAUT,wide,tb_262_264#0,bo_259#0,burst_254_259#0,原有,259,262,3,0,2025-10-07,1.8570706919136324,-0.07763858971688502,3,0,3,0,3,0,3,0.07151047908924249
NAUT,causal,tb_262_264#0,bo_259#0,burst_254_259#0,原有,259,262,3,0,2025-10-07,1.8570706919136324,-0.07763858971688502,3,0,3,0,3,0,3,0.07151047908924249
NRSN,cur,tb_169_173#0,bo_164#0,burst_160_164#0,原有,164,169,5,0,2025-05-23,0.6976534004364691,-0.0415793049805387,5,0,5,0,5,0,5,0.07451155624553393
NRSN,cur,tb_169_173#1,bo_166#0,burst_160_166#0,原有,166,169,3,0,2025-05-23,0.6976534004364691,-0.0415793049805387,5,0,5,0,5,0,5,0.07451155624553393
NRSN,wide,tb_163_164#0,bo_160#0,burst_160_164#0,新增,164,163,-1,1,2025-05-15,1.0165944113010352,-0.05375179626009513,2,0,2,0,2,0,2,0.06854545182433036
NRSN,wide,tb_163_164#1,bo_161#0,burst_160_164#0,新增,164,163,-1,1,2025-05-15,1.0165944113010352,-0.05375179626009513,2,0,2,0,2,0,2,0.06854545182433036
NRSN,wide,tb_169_173#0,bo_164#0,burst_160_164#0,原有,164,169,5,0,2025-05-23,0.6976534004364691,-0.0415793049805387,5,0,5,0,5,0,5,0.07451155624553393
NRSN,wide,tb_169_173#1,bo_166#0,burst_160_166#0,原有,166,169,3,0,2025-05-23,0.6976534004364691,-0.0415793049805387,5,0,5,0,5,0,5,0.07451155624553393
NRSN,causal,tb_169_173#0,bo_164#0,burst_160_164#0,原有,164,169,5,0,2025-05-23,0.6976534004364691,-0.0415793049805387,5,0,5,0,5,0,5,0.07451155624553393
NRSN,causal,tb_169_173#1,bo_166#0,burst_160_166#0,原有,166,169,3,0,2025-05-23,0.6976534004364691,-0.0415793049805387,5,0,5,0,5,0,5,0.07451155624553393
NNDM,wide,tb_263_264#0,bo_261#0,burst_261_264#0,新增,264,263,-1,2,2025-10-08,0.2163908115181019,-0.17562138239364583,2,0,1,1,0,0,2,0.04072066427855407
NKTR,cur,tb_193#0,bo_189#0,burst_189#0,原有,189,193,4,0,2025-06-30,0.14938082769186756,-0.18653249482823597,0,0,0,0,0,0,1,0.1483752503020218
NKTR,wide,tb_193#0,bo_189#0,burst_189#0,原有,189,193,4,0,2025-06-30,0.14938082769186756,-0.18653249482823597,0,0,0,0,0,0,1,0.1483752503020218
NKTR,causal,tb_193#0,bo_189#0,burst_189#0,原有,189,193,4,0,2025-06-30,0.14938082769186756,-0.18653249482823597,0,0,0,0,0,0,1,0.1483752503020218
NMAD,cur,tb_203_215#1,bo_200#0,burst_195_200#0,原有,200,203,3,0,2025-07-15,0.553303005641686,-0.2288421862573053,1,0,0,0,0,0,13,0.20223515315698912
NMAD,wide,tb_203_215#1,bo_200#0,burst_195_200#0,原有,200,203,3,0,2025-07-15,0.553303005641686,-0.2288421862573053,1,0,0,0,0,0,13,0.20223515315698912
NMAD,causal,tb_203_215#1,bo_200#0,burst_195_200#0,原有,200,203,3,0,2025-07-15,0.553303005641686,-0.2288421862573053,1,0,0,0,0,0,13,0.20223515315698912
NXDT,cur,tb_315_319#1,bo_312#0,burst_308_312#0,原有,312,315,3,0,2025-12-22,0.3331981989598868,-0.14405567064559152,2,0,0,0,0,0,5,0.08510161616788753
NXDT,wide,tb_315_319#0,bo_310#0,burst_308_312#0,新增,312,315,3,0,2025-12-22,0.3331981989598868,-0.14405567064559152,2,0,0,0,0,0,5,0.08510161616788753
NXDT,wide,tb_315_319#1,bo_312#0,burst_308_312#0,原有,312,315,3,0,2025-12-22,0.3331981989598868,-0.14405567064559152,2,0,0,0,0,0,5,0.08510161616788753
NXDT,causal,tb_315_319#0,bo_310#0,burst_308_312#0,新增,312,315,3,0,2025-12-22,0.3331981989598868,-0.14405567064559152,2,0,0,0,0,0,5,0.08510161616788753
NXDT,causal,tb_315_319#1,bo_312#0,burst_308_312#0,原有,312,315,3,0,2025-12-22,0.3331981989598868,-0.14405567064559152,2,0,0,0,0,0,5,0.08510161616788753
NTWK,cur,tb_202_203#2,bo_198#0,burst_193_198#0,原有,198,202,4,0,2025-07-14,0.24357021708711657,0.010989000192372367,2,0,1,0,1,0,2,0.04328652320034058
NTWK,wide,tb_202_203#0,bo_193#0,burst_193_198#0,新增,198,202,4,0,2025-07-14,0.24357021708711657,0.010989000192372367,2,0,1,0,1,0,2,0.04328652320034058
NTWK,wide,tb_202_203#1,bo_196#0,burst_193_198#0,新增,198,202,4,0,2025-07-14,0.24357021708711657,0.010989000192372367,2,0,1,0,1,0,2,0.04328652320034058
NTWK,wide,tb_202_203#2,bo_198#0,burst_193_198#0,原有,198,202,4,0,2025-07-14,0.24357021708711657,0.010989000192372367,2,0,1,0,1,0,2,0.04328652320034058
NTWK,causal,tb_202_203#0,bo_193#0,burst_193_198#0,新增,198,202,4,0,2025-07-14,0.24357021708711657,0.010989000192372367,2,0,1,0,1,0,2,0.04328652320034058
NTWK,causal,tb_202_203#1,bo_196#0,burst_193_198#0,新增,198,202,4,0,2025-07-14,0.24357021708711657,0.010989000192372367,2,0,1,0,1,0,2,0.04328652320034058
NTWK,causal,tb_202_203#2,bo_198#0,burst_193_198#0,原有,198,202,4,0,2025-07-14,0.24357021708711657,0.010989000192372367,2,0,1,0,1,0,2,0.04328652320034058
NVA,cur,tb_263#0,bo_258#0,burst_249_258#0,原有,258,263,5,0,2025-10-08,2.457943936592409,-0.08028892198344806,1,0,1,0,1,0,1,0.0736966468238727
NVA,wide,tb_255_257#0,bo_249#0,burst_249_258#0,新增,258,255,-3,1,2025-09-26,4.081355588622675,0.027371470461154956,3,0,3,0,3,0,3,0.05615036611892267
NVA,wide,tb_255_257#1,bo_250#0,burst_249_258#0,新增,258,255,-3,1,2025-09-26,4.081355588622675,0.027371470461154956,3,0,3,0,3,0,3,0.05615036611892267
NVA,wide,tb_255_257#2,bo_252#0,burst_249_258#0,新增,258,255,-3,1,2025-09-26,4.081355588622675,0.027371470461154956,3,0,3,0,3,0,3,0.05615036611892267
NVA,wide,tb_263#0,bo_258#0,burst_249_258#0,原有,258,263,5,0,2025-10-08,2.457943936592409,-0.08028892198344806,1,0,1,0,1,0,1,0.0736966468238727
NVA,causal,tb_263#0,bo_258#0,burst_249_258#0,原有,258,263,5,0,2025-10-08,2.457943936592409,-0.08028892198344806,1,0,1,0,1,0,1,0.0736966468238727
OBIO,cur,tb_274_286#0,bo_267#0,burst_265_267#0,原有,267,274,7,0,2025-10-23,0.41050112511158415,-0.08770065489201836,13,0,7,0,1,0,13,0.07393762115821627
OBIO,cur,tb_274_286#1,bo_269#0,burst_265_269#0,原有,269,274,5,0,2025-10-23,0.41050112511158415,-0.08770065489201836,13,0,7,0,1,0,13,0.07393762115821627
OBIO,wide,tb_274_285#0,bo_265#0,burst_265_267#0,新增,267,274,7,0,2025-10-23,0.4084661697652752,-0.0935760609277193,12,0,6,0,1,0,12,0.07393762115821627
OBIO,wide,tb_274_286#0,bo_267#0,burst_265_267#0,原有,267,274,7,0,2025-10-23,0.41050112511158415,-0.08770065489201836,13,0,7,0,1,0,13,0.07393762115821627
OBIO,wide,tb_274_286#1,bo_269#0,burst_265_269#0,原有,269,274,5,0,2025-10-23,0.41050112511158415,-0.08770065489201836,13,0,7,0,1,0,13,0.07393762115821627
OBIO,causal,tb_274_285#0,bo_265#0,burst_265_267#0,新增,267,274,7,0,2025-10-23,0.4084661697652752,-0.0935760609277193,12,0,6,0,1,0,12,0.07393762115821627
OBIO,causal,tb_274_286#0,bo_267#0,burst_265_267#0,原有,267,274,7,0,2025-10-23,0.41050112511158415,-0.08770065489201836,13,0,7,0,1,0,13,0.07393762115821627
OBIO,causal,tb_274_286#1,bo_269#0,burst_265_269#0,原有,269,274,5,0,2025-10-23,0.41050112511158415,-0.08770065489201836,13,0,7,0,1,0,13,0.07393762115821627
NVX,wide,tb_264#0,bo_260#0,burst_260_265#0,新增,265,264,-1,1,2025-10-09,0.7829099136759543,-0.5565819882413937,1,0,1,0,1,0,1,0.09234109692887207
NVX,wide,tb_264#1,bo_262#0,burst_260_265#0,新增,265,264,-1,1,2025-10-09,0.7829099136759543,-0.5565819882413937,1,0,1,0,1,0,1,0.09234109692887207
NTLA,cur,tb_253#0,bo_251#0,burst_249_251#0,原有,251,253,2,0,2025-09-24,0.5906531326536255,-0.5382883049781692,1,0,1,0,1,0,1,0.05719942685456991
NTLA,cur,tb_261_262#0,bo_258#0,burst_249_258#0,原有,258,261,3,0,2025-10-06,0.3787294886181384,-0.6120035691489408,2,0,2,0,0,2,2,0.07316934128554933
NTLA,cur,tb_267_270#0,bo_263#0,burst_249_263#0,原有,263,267,4,0,2025-10-14,0.13674421869295994,-0.6801020771046982,0,4,0,4,0,4,4,0.08673181503068172
NTLA,cur,tb_274_275#0,bo_271#0,burst_249_271#0,原有,271,274,3,0,2025-10-23,-0.16375297162729668,-0.6911923855207984,0,2,0,2,0,2,2,0.08819963427646113
NTLA,wide,tb_253#0,bo_251#0,burst_249_251#0,原有,251,253,2,0,2025-09-24,0.5906531326536255,-0.5382883049781692,1,0,1,0,1,0,1,0.05719942685456991
NTLA,wide,tb_261_262#0,bo_258#0,burst_249_258#0,原有,258,261,3,0,2025-10-06,0.3787294886181384,-0.6120035691489408,2,0,2,0,0,2,2,0.07316934128554933
NTLA,wide,tb_267_270#0,bo_263#0,burst_249_263#0,原有,263,267,4,0,2025-10-14,0.13674421869295994,-0.6801020771046982,0,4,0,4,0,4,4,0.08673181503068172
NTLA,wide,tb_274_275#0,bo_271#0,burst_249_271#0,原有,271,274,3,0,2025-10-23,-0.16375297162729668,-0.6911923855207984,0,2,0,2,0,2,2,0.08819963427646113
NTLA,causal,tb_253#0,bo_251#0,burst_249_251#0,原有,251,253,2,0,2025-09-24,0.5906531326536255,-0.5382883049781692,1,0,1,0,1,0,1,0.05719942685456991
NTLA,causal,tb_261_262#0,bo_258#0,burst_249_258#0,原有,258,261,3,0,2025-10-06,0.3787294886181384,-0.6120035691489408,2,0,2,0,0,2,2,0.07316934128554933
NTLA,causal,tb_267_270#0,bo_263#0,burst_249_263#0,原有,263,267,4,0,2025-10-14,0.13674421869295994,-0.6801020771046982,0,4,0,4,0,4,4,0.08673181503068172
NTLA,causal,tb_274_275#0,bo_271#0,burst_249_271#0,原有,271,274,3,0,2025-10-23,-0.16375297162729668,-0.6911923855207984,0,2,0,2,0,2,2,0.08819963427646113
OMER,cur,tb_271#0,bo_268#0,burst_261_268#0,原有,268,271,3,0,2025-10-20,0.41939394401781493,-0.24363639137961646,0,1,0,1,1,0,1,0.06117813178028127
OMER,wide,tb_271#0,bo_268#0,burst_261_268#0,原有,268,271,3,0,2025-10-20,0.41939394401781493,-0.24363639137961646,0,1,0,1,1,0,1,0.06117813178028127
OMER,causal,tb_271#0,bo_268#0,burst_261_268#0,原有,268,271,3,0,2025-10-20,0.41939394401781493,-0.24363639137961646,0,1,0,1,1,0,1,0.06117813178028127
OMEX,cur,tb_151_152#0,bo_148#0,burst_143_148#0,原有,148,151,3,0,2025-04-29,0.08296142374246207,-0.4870182461429618,0,2,0,0,0,0,2,0.21800765338610054
OMEX,cur,tb_151_152#1,bo_149#0,burst_143_149#0,原有,149,151,2,0,2025-04-29,0.08296142374246207,-0.4870182461429618,0,2,0,0,0,0,2,0.21800765338610054
OMEX,wide,tb_151_152#0,bo_148#0,burst_143_148#0,原有,148,151,3,0,2025-04-29,0.08296142374246207,-0.4870182461429618,0,2,0,0,0,0,2,0.21800765338610054
OMEX,wide,tb_151_152#1,bo_149#0,burst_143_149#0,原有,149,151,2,0,2025-04-29,0.08296142374246207,-0.4870182461429618,0,2,0,0,0,0,2,0.21800765338610054
OMEX,causal,tb_151_152#0,bo_148#0,burst_143_148#0,原有,148,151,3,0,2025-04-29,0.08296142374246207,-0.4870182461429618,0,2,0,0,0,0,2,0.21800765338610054
OMEX,causal,tb_151_152#1,bo_149#0,burst_143_149#0,原有,149,151,2,0,2025-04-29,0.08296142374246207,-0.4870182461429618,0,2,0,0,0,0,2,0.21800765338610054
NVNXF,cur,tb_267_268#0,bo_265#0,burst_260_265#0,原有,265,267,2,0,2025-10-14,-0.033520329036946406,-0.6415213093528198,0,2,0,2,0,2,2,0.14361573361558982
NVNXF,wide,tb_264#0,bo_260#0,burst_260_265#0,新增,265,264,-1,1,2025-10-09,0.7419999837875366,-0.5419999957084656,1,0,1,0,0,1,1,0.12745409842196226
NVNXF,wide,tb_267_268#0,bo_265#0,burst_260_265#0,原有,265,267,2,0,2025-10-14,-0.033520329036946406,-0.6415213093528198,0,2,0,2,0,2,2,0.14361573361558982
NVNXF,causal,tb_267_268#0,bo_265#0,burst_260_265#0,原有,265,267,2,0,2025-10-14,-0.033520329036946406,-0.6415213093528198,0,2,0,2,0,2,2,0.14361573361558982
NXTC,wide,tb_265#0,bo_261#0,burst_261_270#0,新增,270,265,-5,1,2025-10-10,1.3669172248708792,-0.06120301639294423,1,0,1,0,1,0,1,0.05686039982092769
NXTC,wide,tb_265#1,bo_263#0,burst_261_270#0,新增,270,265,-5,1,2025-10-10,1.3669172248708792,-0.06120301639294423,1,0,1,0,1,0,1,0.05686039982092769
NYXH,cur,tb_86_101#0,bo_81#0,burst_72_81#0,原有,81,86,5,0,2025-01-24,0.11585722663619294,-0.3627516835643766,0,13,0,13,0,13,16,0.053183246183758776
NYXH,wide,tb_78_79#0,bo_72#0,burst_72_81#0,新增,81,78,-3,2,2025-01-13,0.22788239523064724,-0.009910201379478178,2,0,0,0,0,0,2,0.05018758746486579
NYXH,wide,tb_86_100#0,bo_80#0,burst_72_81#0,新增,81,86,5,0,2025-01-24,0.11509734319149742,-0.3554061663716538,0,12,0,12,0,12,15,0.053183246183758776
NYXH,wide,tb_86_101#0,bo_81#0,burst_72_81#0,原有,81,86,5,0,2025-01-24,0.11585722663619294,-0.3627516835643766,0,13,0,13,0,13,16,0.053183246183758776
NYXH,causal,tb_86_100#0,bo_80#0,burst_72_81#0,新增,81,86,5,0,2025-01-24,0.11509734319149742,-0.3554061663716538,0,12,0,12,0,12,15,0.053183246183758776
NYXH,causal,tb_86_101#0,bo_81#0,burst_72_81#0,原有,81,86,5,0,2025-01-24,0.11585722663619294,-0.3627516835643766,0,13,0,13,0,13,16,0.053183246183758776
ORIO,cur,tb_164_170#0,bo_161#0,burst_154_161#0,原有,161,164,3,0,2025-05-16,1.8027997539504201,-0.15842827299585988,7,0,7,0,7,0,7,0.11834609953471523
ORIO,wide,tb_164_170#0,bo_161#0,burst_154_161#0,原有,161,164,3,0,2025-05-16,1.8027997539504201,-0.15842827299585988,7,0,7,0,7,0,7,0.11834609953471523
ORIO,causal,tb_164_170#0,bo_161#0,burst_154_161#0,原有,161,164,3,0,2025-05-16,1.8027997539504201,-0.15842827299585988,7,0,7,0,7,0,7,0.11834609953471523
ORMP,cur,tb_261_262#0,bo_256#0,burst_249_256#0,原有,256,261,5,0,2025-10-06,0.21302662812768147,-0.15209850597081287,0,0,0,0,0,0,2,0.055423495061301634
ORMP,wide,tb_254_255#0,bo_251#0,burst_249_256#0,新增,256,254,-2,1,2025-09-25,0.13513997812143297,-0.13097348373748585,1,1,0,0,0,0,2,0.03204482395154967
ORMP,wide,tb_261_262#0,bo_256#0,burst_249_256#0,原有,256,261,5,0,2025-10-06,0.21302662812768147,-0.15209850597081287,0,0,0,0,0,0,2,0.055423495061301634
ORMP,causal,tb_261_262#0,bo_256#0,burst_249_256#0,原有,256,261,5,0,2025-10-06,0.21302662812768147,-0.15209850597081287,0,0,0,0,0,0,2,0.055423495061301634
OSCR,wide,tb_159#0,bo_157#0,burst_157_164#0,新增,164,159,-5,1,2025-05-09,0.3313851475179721,-0.20689659785199777,0,1,0,1,1,0,1,0.04921327970119703
ONCY,cur,tb_201_204#0,bo_196#0,burst_185_196#0,原有,196,201,5,0,2025-07-11,0.19260106316180725,-0.3268506457782361,0,2,0,0,0,0,4,0.1233107716107561
ONCY,cur,tb_201_204#1,bo_198#0,burst_185_198#0,原有,198,201,3,0,2025-07-11,0.19260106316180725,-0.3268506457782361,0,2,0,0,0,0,4,0.1233107716107561
ONCY,wide,tb_195#0,bo_193#0,burst_185_196#0,新增,196,195,-1,1,2025-07-02,0.7088607432578284,-0.025316506313829312,1,0,1,0,1,0,1,0.1120645376064518
ONCY,wide,tb_201_204#0,bo_196#0,burst_185_196#0,原有,196,201,5,0,2025-07-11,0.19260106316180725,-0.3268506457782361,0,2,0,0,0,0,4,0.1233107716107561
ONCY,wide,tb_201_204#1,bo_198#0,burst_185_198#0,原有,198,201,3,0,2025-07-11,0.19260106316180725,-0.3268506457782361,0,2,0,0,0,0,4,0.1233107716107561
ONCY,causal,tb_201_204#0,bo_196#0,burst_185_196#0,原有,196,201,5,0,2025-07-11,0.19260106316180725,-0.3268506457782361,0,2,0,0,0,0,4,0.1233107716107561
ONCY,causal,tb_201_204#1,bo_198#0,burst_185_198#0,原有,198,201,3,0,2025-07-11,0.19260106316180725,-0.3268506457782361,0,2,0,0,0,0,4,0.1233107716107561
PBK,cur,tb_104_107#2,bo_97#0,burst_91_97#0,原有,97,104,7,0,2025-02-20,0.17106716439449676,-0.5125227656839839,0,4,0,4,0,4,4,0.13387997480764602
PBK,cur,tb_239_245#0,bo_232#0,burst_223_232#0,原有,232,239,7,0,2025-09-04,0.2514379745342074,-0.22251082352950682,0,0,0,0,0,0,7,0.10695669886409902
PBK,wide,tb_104_107#0,bo_91#0,burst_91_97#0,新增,97,104,7,0,2025-02-20,0.17106716439449676,-0.5125227656839839,0,4,0,4,0,4,4,0.13387997480764602
PBK,wide,tb_104_107#1,bo_93#0,burst_91_97#0,新增,97,104,7,0,2025-02-20,0.17106716439449676,-0.5125227656839839,0,4,0,4,0,4,4,0.13387997480764602
PBK,wide,tb_104_107#2,bo_97#0,burst_91_97#0,原有,97,104,7,0,2025-02-20,0.17106716439449676,-0.5125227656839839,0,4,0,4,0,4,4,0.13387997480764602
PBK,wide,tb_230_231#0,bo_223#0,burst_223_232#0,新增,232,230,-2,1,2025-08-21,0.11430206670382914,-0.3620074155620792,0,2,0,2,0,2,2,0.07439984251992848
PBK,wide,tb_230_231#1,bo_224#0,burst_223_232#0,新增,232,230,-2,1,2025-08-21,0.11430206670382914,-0.3620074155620792,0,2,0,2,0,2,2,0.07439984251992848
PBK,wide,tb_230_231#2,bo_227#0,burst_223_232#0,新增,232,230,-2,1,2025-08-21,0.11430206670382914,-0.3620074155620792,0,2,0,2,0,2,2,0.07439984251992848
PBK,wide,tb_239_245#0,bo_232#0,burst_223_232#0,原有,232,239,7,0,2025-09-04,0.2514379745342074,-0.22251082352950682,0,0,0,0,0,0,7,0.10695669886409902
PBK,causal,tb_104_107#0,bo_91#0,burst_91_97#0,新增,97,104,7,0,2025-02-20,0.17106716439449676,-0.5125227656839839,0,4,0,4,0,4,4,0.13387997480764602
PBK,causal,tb_104_107#1,bo_93#0,burst_91_97#0,新增,97,104,7,0,2025-02-20,0.17106716439449676,-0.5125227656839839,0,4,0,4,0,4,4,0.13387997480764602
PBK,causal,tb_104_107#2,bo_97#0,burst_91_97#0,原有,97,104,7,0,2025-02-20,0.17106716439449676,-0.5125227656839839,0,4,0,4,0,4,4,0.13387997480764602
PBK,causal,tb_239_245#0,bo_232#0,burst_223_232#0,原有,232,239,7,0,2025-09-04,0.2514379745342074,-0.22251082352950682,0,0,0,0,0,0,7,0.10695669886409902
PATH,cur,tb_266#1,bo_264#0,burst_263_264#0,原有,264,266,2,0,2025-10-13,0.15752630449742577,-0.2791715296268896,0,1,0,1,0,1,1,0.04892467877957018
PATH,wide,tb_266#0,bo_263#0,burst_263_264#0,新增,264,266,2,0,2025-10-13,0.15752630449742577,-0.2791715296268896,0,1,0,1,0,1,1,0.04892467877957018
PATH,wide,tb_266#1,bo_264#0,burst_263_264#0,原有,264,266,2,0,2025-10-13,0.15752630449742577,-0.2791715296268896,0,1,0,1,0,1,1,0.04892467877957018
PATH,causal,tb_266#0,bo_263#0,burst_263_264#0,新增,264,266,2,0,2025-10-13,0.15752630449742577,-0.2791715296268896,0,1,0,1,0,1,1,0.04892467877957018
PATH,causal,tb_266#1,bo_264#0,burst_263_264#0,原有,264,266,2,0,2025-10-13,0.15752630449742577,-0.2791715296268896,0,1,0,1,0,1,1,0.04892467877957018
PAYS,cur,tb_173#0,bo_171#0,burst_155_171#0,原有,171,173,2,0,2025-05-30,0.9955057292254901,-0.05393253514718621,1,0,1,0,1,0,1,0.07550296399043399
PAYS,wide,tb_160#0,bo_158#0,burst_155_171#0,新增,171,160,-11,3,2025-05-12,1.9050845953555902,-0.016949136104436047,1,0,1,0,1,0,1,0.05534425112857948
PAYS,wide,tb_165#0,bo_162#0,burst_155_171#0,新增,171,165,-6,1,2025-05-19,1.3608813841991148,-0.08815431448289701,1,0,1,0,1,0,1,0.06608717533962896
PAYS,wide,tb_165#1,bo_163#0,burst_155_171#0,新增,171,165,-6,1,2025-05-19,1.3608813841991148,-0.08815431448289701,1,0,1,0,1,0,1,0.06608717533962896
PAYS,wide,tb_173#0,bo_171#0,burst_155_171#0,原有,171,173,2,0,2025-05-30,0.9955057292254901,-0.05393253514718621,1,0,1,0,1,0,1,0.07550296399043399
PAYS,causal,tb_173#0,bo_171#0,burst_155_171#0,原有,171,173,2,0,2025-05-30,0.9955057292254901,-0.05393253514718621,1,0,1,0,1,0,1,0.07550296399043399
PACB,wide,tb_278#0,bo_276#0,burst_271_280#0,新增,280,278,-2,1,2025-10-29,0.35820897115740125,-0.24378110042866707,0,1,0,0,0,0,1,0.07930319609763722
PCSA,cur,tb_268#1,bo_262#0,burst_261_262#0,原有,262,268,6,0,2025-10-15,0.058536622582412434,-0.42926830198706645,0,1,0,1,0,1,1,0.10615856473038837
PCSA,wide,tb_268#0,bo_261#0,burst_261_262#0,新增,262,268,6,0,2025-10-15,0.058536622582412434,-0.42926830198706645,0,1,0,1,0,1,1,0.10615856473038837
PCSA,wide,tb_268#1,bo_262#0,burst_261_262#0,原有,262,268,6,0,2025-10-15,0.058536622582412434,-0.42926830198706645,0,1,0,1,0,1,1,0.10615856473038837
PCSA,causal,tb_268#0,bo_261#0,burst_261_262#0,新增,262,268,6,0,2025-10-15,0.058536622582412434,-0.42926830198706645,0,1,0,1,0,1,1,0.10615856473038837
PCSA,causal,tb_268#1,bo_262#0,burst_261_262#0,原有,262,268,6,0,2025-10-15,0.058536622582412434,-0.42926830198706645,0,1,0,1,0,1,1,0.10615856473038837
OPTT,cur,tb_209#0,bo_205#0,burst_205#0,原有,205,209,4,0,2025-07-23,0.011904821881092875,-0.4404761744261865,0,1,0,1,0,1,1,0.08248294571637815
OPTT,wide,tb_209#0,bo_205#0,burst_205#0,原有,205,209,4,0,2025-07-23,0.011904821881092875,-0.4404761744261865,0,1,0,1,0,1,1,0.08248294571637815
OPTT,causal,tb_209#0,bo_205#0,burst_205#0,原有,205,209,4,0,2025-07-23,0.011904821881092875,-0.4404761744261865,0,1,0,1,0,1,1,0.08248294571637815
PEPG,cur,tb_249_252#0,bo_247#0,burst_241_247#0,原有,247,249,2,0,2025-09-18,2.176717977405804,-0.05075549264203502,4,0,4,0,4,0,4,0.0915549256919613
PEPG,cur,tb_258_265#0,bo_254#0,burst_241_254#0,原有,254,258,4,0,2025-10-01,0.35118141582726564,-0.1770347375119225,0,0,0,0,0,0,8,0.14374607342195056
PEPG,wide,tb_249_252#0,bo_247#0,burst_241_247#0,原有,247,249,2,0,2025-09-18,2.176717977405804,-0.05075549264203502,4,0,4,0,4,0,4,0.0915549256919613
PEPG,wide,tb_258_265#0,bo_254#0,burst_241_254#0,原有,254,258,4,0,2025-10-01,0.35118141582726564,-0.1770347375119225,0,0,0,0,0,0,8,0.14374607342195056
PEPG,causal,tb_249_252#0,bo_247#0,burst_241_247#0,原有,247,249,2,0,2025-09-18,2.176717977405804,-0.05075549264203502,4,0,4,0,4,0,4,0.0915549256919613
PEPG,causal,tb_258_265#0,bo_254#0,burst_241_254#0,原有,254,258,4,0,2025-10-01,0.35118141582726564,-0.1770347375119225,0,0,0,0,0,0,8,0.14374607342195056
OSS,cur,tb_190_191#1,bo_184#0,burst_176_184#0,原有,184,190,6,0,2025-06-25,0.6452877382664863,-0.11051631994734146,2,0,2,0,2,0,2,0.09814887219365953
OSS,wide,tb_178_180#0,bo_176#0,burst_176_184#0,新增,184,178,-6,3,2025-06-06,0.9835516550021367,-0.0175586527342787,3,0,3,0,3,0,3,0.0711719886432853
OSS,wide,tb_180#0,bo_178#0,burst_176_184#0,新增,184,180,-4,2,2025-06-10,0.9814241664318157,0.049535629995625774,1,0,1,0,1,0,1,0.06742261468972235
OSS,wide,tb_190_191#0,bo_181#0,burst_176_184#0,新增,184,190,6,0,2025-06-25,0.6452877382664863,-0.11051631994734146,2,0,2,0,2,0,2,0.09814887219365953
OSS,wide,tb_190_191#1,bo_184#0,burst_176_184#0,原有,184,190,6,0,2025-06-25,0.6452877382664863,-0.11051631994734146,2,0,2,0,2,0,2,0.09814887219365953
OSS,causal,tb_190_191#0,bo_181#0,burst_176_184#0,新增,184,190,6,0,2025-06-25,0.6452877382664863,-0.11051631994734146,2,0,2,0,2,0,2,0.09814887219365953
OSS,causal,tb_190_191#1,bo_184#0,burst_176_184#0,原有,184,190,6,0,2025-06-25,0.6452877382664863,-0.11051631994734146,2,0,2,0,2,0,2,0.09814887219365953
PALI,cur,tb_211#0,bo_209#0,burst_207_209#0,原有,209,211,2,0,2025-07-25,0.6379310610603359,-0.5431034597928122,0,1,0,0,0,0,1,0.0540639144018539
PALI,wide,tb_211#0,bo_209#0,burst_207_209#0,原有,209,211,2,0,2025-07-25,0.6379310610603359,-0.5431034597928122,0,1,0,0,0,0,1,0.0540639144018539
PALI,causal,tb_211#0,bo_209#0,burst_207_209#0,原有,209,211,2,0,2025-07-25,0.6379310610603359,-0.5431034597928122,0,1,0,0,0,0,1,0.0540639144018539
PHAT,cur,tb_180_181#1,bo_178#0,burst_174_178#0,原有,178,180,2,0,2025-06-10,0.2526563013769262,-0.15490116610001753,0,0,0,0,0,0,2,0.09505778313355019
PHAT,cur,tb_186#0,bo_182#0,burst_174_182#0,原有,182,186,4,0,2025-06-18,0.028440406464757206,-0.3018348257024511,0,1,0,0,0,0,1,0.08995108060620491
PHAT,cur,tb_186#1,bo_183#0,burst_174_183#0,原有,183,186,3,0,2025-06-18,0.028440406464757206,-0.3018348257024511,0,1,0,0,0,0,1,0.08995108060620491
PHAT,wide,tb_180_181#0,bo_174#0,burst_174_178#0,新增,178,180,2,0,2025-06-10,0.2526563013769262,-0.15490116610001753,0,0,0,0,0,0,2,0.09505778313355019
PHAT,wide,tb_180_181#1,bo_178#0,burst_174_178#0,原有,178,180,2,0,2025-06-10,0.2526563013769262,-0.15490116610001753,0,0,0,0,0,0,2,0.09505778313355019
PHAT,wide,tb_186#0,bo_182#0,burst_174_182#0,原有,182,186,4,0,2025-06-18,0.028440406464757206,-0.3018348257024511,0,1,0,0,0,0,1,0.08995108060620491
PHAT,wide,tb_186#1,bo_183#0,burst_174_183#0,原有,183,186,3,0,2025-06-18,0.028440406464757206,-0.3018348257024511,0,1,0,0,0,0,1,0.08995108060620491
PHAT,causal,tb_180_181#0,bo_174#0,burst_174_178#0,新增,178,180,2,0,2025-06-10,0.2526563013769262,-0.15490116610001753,0,0,0,0,0,0,2,0.09505778313355019
PHAT,causal,tb_180_181#1,bo_178#0,burst_174_178#0,原有,178,180,2,0,2025-06-10,0.2526563013769262,-0.15490116610001753,0,0,0,0,0,0,2,0.09505778313355019
PHAT,causal,tb_186#0,bo_182#0,burst_174_182#0,原有,182,186,4,0,2025-06-18,0.028440406464757206,-0.3018348257024511,0,1,0,0,0,0,1,0.08995108060620491
PHAT,causal,tb_186#1,bo_183#0,burst_174_183#0,原有,183,186,3,0,2025-06-18,0.028440406464757206,-0.3018348257024511,0,1,0,0,0,0,1,0.08995108060620491
PONY,cur,tb_207_209#0,bo_204#0,burst_197_204#0,原有,204,207,3,0,2025-09-29,0.09580532154495806,-0.5390318245097069,0,3,0,3,0,3,3,0.06385022023496056
PONY,cur,tb_214_215#0,bo_210#0,burst_197_210#0,原有,210,214,4,0,2025-10-08,0.03443530139690776,-0.5408981933084156,0,2,0,2,0,2,2,0.07381124800492664
PONY,wide,tb_203_208#0,bo_197#0,burst_197_204#0,新增,204,203,-1,1,2025-09-23,0.14494808590206867,-0.4913540589048957,0,6,0,6,0,6,6,0.05139193241570353
PONY,wide,tb_207_209#0,bo_204#0,burst_197_204#0,原有,204,207,3,0,2025-09-29,0.09580532154495806,-0.5390318245097069,0,3,0,3,0,3,3,0.06385022023496056
PONY,wide,tb_214_215#0,bo_210#0,burst_197_210#0,原有,210,214,4,0,2025-10-08,0.03443530139690776,-0.5408981933084156,0,2,0,2,0,2,2,0.07381124800492664
PONY,causal,tb_207_209#0,bo_204#0,burst_197_204#0,原有,204,207,3,0,2025-09-29,0.09580532154495806,-0.5390318245097069,0,3,0,3,0,3,3,0.06385022023496056
PONY,causal,tb_214_215#0,bo_210#0,burst_197_210#0,原有,210,214,4,0,2025-10-08,0.03443530139690776,-0.5408981933084156,0,2,0,2,0,2,2,0.07381124800492664
PLBY,cur,tb_308#0,bo_303#0,burst_296_303#0,原有,303,308,5,0,2025-12-11,0.14253396008290498,-0.3371040687370461,0,1,0,1,0,1,1,0.0790865336530612
PLBY,cur,tb_308#1,bo_305#0,burst_296_305#0,原有,305,308,3,0,2025-12-11,0.14253396008290498,-0.3371040687370461,0,1,0,1,0,1,1,0.0790865336530612
PLBY,wide,tb_302#0,bo_296#0,burst_296_303#0,新增,303,302,-1,1,2025-12-03,0.3675675344780647,-0.19999999999999996,1,0,1,0,0,0,1,0.06409601670640333
PLBY,wide,tb_308#0,bo_303#0,burst_296_303#0,原有,303,308,5,0,2025-12-11,0.14253396008290498,-0.3371040687370461,0,1,0,1,0,1,1,0.0790865336530612
PLBY,wide,tb_308#1,bo_305#0,burst_296_305#0,原有,305,308,3,0,2025-12-11,0.14253396008290498,-0.3371040687370461,0,1,0,1,0,1,1,0.0790865336530612
PLBY,causal,tb_308#0,bo_303#0,burst_296_303#0,原有,303,308,5,0,2025-12-11,0.14253396008290498,-0.3371040687370461,0,1,0,1,0,1,1,0.0790865336530612
PLBY,causal,tb_308#1,bo_305#0,burst_296_305#0,原有,305,308,3,0,2025-12-11,0.14253396008290498,-0.3371040687370461,0,1,0,1,0,1,1,0.0790865336530612
QZMRF,wide,tb_146_147#0,bo_142#0,burst_142_148#0,新增,148,146,-2,1,2025-04-22,0.06314928952323762,-0.3693182007854949,1,1,0,2,0,2,2,0.009090900224102623
QZMRF,wide,tb_146_147#1,bo_144#0,burst_142_148#0,新增,148,146,-2,1,2025-04-22,0.06314928952323762,-0.3693182007854949,1,1,0,2,0,2,2,0.009090900224102623
PPIH,cur,tb_190_202#0,bo_183#0,burst_183#0,原有,183,190,7,0,2025-06-25,0.37801894104515615,-0.10622276011875774,13,0,13,0,5,0,13,0.047945191162705326
PPIH,cur,tb_190_202#1,bo_184#0,burst_183_184#0,原有,184,190,6,0,2025-06-25,0.37801894104515615,-0.10622276011875774,13,0,13,0,5,0,13,0.047945191162705326
PPIH,wide,tb_190_202#0,bo_183#0,burst_183#0,原有,183,190,7,0,2025-06-25,0.37801894104515615,-0.10622276011875774,13,0,13,0,5,0,13,0.047945191162705326
PPIH,wide,tb_190_202#1,bo_184#0,burst_183_184#0,原有,184,190,6,0,2025-06-25,0.37801894104515615,-0.10622276011875774,13,0,13,0,5,0,13,0.047945191162705326
PPIH,causal,tb_190_202#0,bo_183#0,burst_183#0,原有,183,190,7,0,2025-06-25,0.37801894104515615,-0.10622276011875774,13,0,13,0,5,0,13,0.047945191162705326
PPIH,causal,tb_190_202#1,bo_184#0,burst_183_184#0,原有,184,190,6,0,2025-06-25,0.37801894104515615,-0.10622276011875774,13,0,13,0,5,0,13,0.047945191162705326
PRE,cur,tb_255_257#1,bo_251#0,burst_241_251#0,原有,251,255,4,0,2025-09-26,0.3691947884104106,-0.1350250886671737,2,0,0,0,0,0,3,0.08782224579658648
PRE,wide,tb_255_257#0,bo_248#0,burst_241_251#0,新增,251,255,4,0,2025-09-26,0.3691947884104106,-0.1350250886671737,2,0,0,0,0,0,3,0.08782224579658648
PRE,wide,tb_255_257#1,bo_251#0,burst_241_251#0,原有,251,255,4,0,2025-09-26,0.3691947884104106,-0.1350250886671737,2,0,0,0,0,0,3,0.08782224579658648
PRE,causal,tb_255_257#0,bo_248#0,burst_241_251#0,新增,251,255,4,0,2025-09-26,0.3691947884104106,-0.1350250886671737,2,0,0,0,0,0,3,0.08782224579658648
PRE,causal,tb_255_257#1,bo_251#0,burst_241_251#0,原有,251,255,4,0,2025-09-26,0.3691947884104106,-0.1350250886671737,2,0,0,0,0,0,3,0.08782224579658648
PTN,cur,tb_299_303#1,bo_292#0,burst_291_292#0,原有,292,299,7,0,2025-11-28,0.5881260892288616,-0.29097853815302405,1,0,1,0,0,0,5,0.1491546310219935
PTN,cur,tb_299_303#2,bo_294#0,burst_291_294#0,原有,294,299,5,0,2025-11-28,0.5881260892288616,-0.29097853815302405,1,0,1,0,0,0,5,0.1491546310219935
PTN,cur,tb_299_303#3,bo_295#0,burst_291_295#0,原有,295,299,4,0,2025-11-28,0.5881260892288616,-0.29097853815302405,1,0,1,0,0,0,5,0.1491546310219935
PTN,wide,tb_299_303#0,bo_291#0,burst_291_292#0,新增,292,299,7,0,2025-11-28,0.5881260892288616,-0.29097853815302405,1,0,1,0,0,0,5,0.1491546310219935
PTN,wide,tb_299_303#1,bo_292#0,burst_291_292#0,原有,292,299,7,0,2025-11-28,0.5881260892288616,-0.29097853815302405,1,0,1,0,0,0,5,0.1491546310219935
PTN,wide,tb_299_303#2,bo_294#0,burst_291_294#0,原有,294,299,5,0,2025-11-28,0.5881260892288616,-0.29097853815302405,1,0,1,0,0,0,5,0.1491546310219935
PTN,wide,tb_299_303#3,bo_295#0,burst_291_295#0,原有,295,299,4,0,2025-11-28,0.5881260892288616,-0.29097853815302405,1,0,1,0,0,0,5,0.1491546310219935
PTN,causal,tb_299_303#0,bo_291#0,burst_291_292#0,新增,292,299,7,0,2025-11-28,0.5881260892288616,-0.29097853815302405,1,0,1,0,0,0,5,0.1491546310219935
PTN,causal,tb_299_303#1,bo_292#0,burst_291_292#0,原有,292,299,7,0,2025-11-28,0.5881260892288616,-0.29097853815302405,1,0,1,0,0,0,5,0.1491546310219935
PTN,causal,tb_299_303#2,bo_294#0,burst_291_294#0,原有,294,299,5,0,2025-11-28,0.5881260892288616,-0.29097853815302405,1,0,1,0,0,0,5,0.1491546310219935
PTN,causal,tb_299_303#3,bo_295#0,burst_291_295#0,原有,295,299,4,0,2025-11-28,0.5881260892288616,-0.29097853815302405,1,0,1,0,0,0,5,0.1491546310219935
PUMP,cur,tb_281#1,bo_278#0,burst_274_278#0,原有,278,281,3,0,2025-11-03,0.06392692433408498,-0.19726026347365466,0,0,0,0,0,0,1,0.06562408313253923
PUMP,wide,tb_281#0,bo_276#0,burst_274_278#0,新增,278,281,3,0,2025-11-03,0.06392692433408498,-0.19726026347365466,0,0,0,0,0,0,1,0.06562408313253923
PUMP,wide,tb_281#1,bo_278#0,burst_274_278#0,原有,278,281,3,0,2025-11-03,0.06392692433408498,-0.19726026347365466,0,0,0,0,0,0,1,0.06562408313253923
PUMP,causal,tb_281#0,bo_276#0,burst_274_278#0,新增,278,281,3,0,2025-11-03,0.06392692433408498,-0.19726026347365466,0,0,0,0,0,0,1,0.06562408313253923
PUMP,causal,tb_281#1,bo_278#0,burst_274_278#0,原有,278,281,3,0,2025-11-03,0.06392692433408498,-0.19726026347365466,0,0,0,0,0,0,1,0.06562408313253923
QNME,cur,tb_241_243#0,bo_236#0,burst_236#0,原有,236,241,5,0,2025-09-08,0.42014478528826965,-0.1293159917348552,3,0,3,0,3,0,3,0.06453484882529643
QNME,wide,tb_241_243#0,bo_236#0,burst_236#0,原有,236,241,5,0,2025-09-08,0.42014478528826965,-0.1293159917348552,3,0,3,0,3,0,3,0.06453484882529643
QNME,causal,tb_241_243#0,bo_236#0,burst_236#0,原有,236,241,5,0,2025-09-08,0.42014478528826965,-0.1293159917348552,3,0,3,0,3,0,3,0.06453484882529643
PSRHF,cur,tb_270_276#0,bo_266#0,burst_258_266#0,原有,266,270,4,0,2025-10-17,0.04108678367576663,-0.4705906341146112,0,7,0,7,0,5,7,0.12383303056961154
PSRHF,wide,tb_270_276#0,bo_266#0,burst_258_266#0,原有,266,270,4,0,2025-10-17,0.04108678367576663,-0.4705906341146112,0,7,0,7,0,5,7,0.12383303056961154
PSRHF,causal,tb_270_276#0,bo_266#0,burst_258_266#0,原有,266,270,4,0,2025-10-17,0.04108678367576663,-0.4705906341146112,0,7,0,7,0,5,7,0.12383303056961154
RAIL,cur,tb_319#0,bo_316#0,burst_316#0,原有,316,319,3,0,2025-12-29,0.2800686579942935,-0.10309284600904922,1,0,1,0,1,0,1,0.04374251601089239
RAIL,wide,tb_319#0,bo_316#0,burst_316#0,原有,316,319,3,0,2025-12-29,0.2800686579942935,-0.10309284600904922,1,0,1,0,1,0,1,0.04374251601089239
RAIL,causal,tb_319#0,bo_316#0,burst_316#0,原有,316,319,3,0,2025-12-29,0.2800686579942935,-0.10309284600904922,1,0,1,0,1,0,1,0.04374251601089239
RMCO,wide,tb_147_149#0,bo_143#0,burst_143_148#0,新增,148,147,-1,1,2025-04-23,0.04861943212270314,-0.21877138632212764,0,0,0,0,0,0,3,0.0771635629326191
PYPD,cur,tb_184_185#1,bo_180#0,burst_178_180#0,原有,180,184,4,0,2025-06-16,0.08652192755570742,-0.1468997002965034,0,0,0,0,0,0,2,0.08030540334559472
PYPD,cur,tb_190_191#0,bo_184#0,burst_178_184#0,原有,184,190,6,0,2025-06-25,0.06881669196922935,-0.1608012529500471,0,0,0,0,0,0,2,0.0798799574535391
PYPD,cur,tb_307_308#0,bo_305#0,burst_299_305#0,原有,305,307,2,0,2025-12-10,0.28162000225933126,-0.026269129947120662,2,0,2,0,2,0,2,0.033467228382442836
PYPD,wide,tb_180_185#0,bo_178#0,burst_178_180#0,新增,180,180,0,1,2025-06-10,0.1178023014473382,-0.12233940780261864,0,0,0,0,0,0,6,0.09014442107044618
PYPD,wide,tb_184_185#0,bo_179#0,burst_178_180#0,新增,180,184,4,0,2025-06-16,0.08652192755570742,-0.1468997002965034,0,0,0,0,0,0,2,0.08030540334559472
PYPD,wide,tb_184_185#1,bo_180#0,burst_178_180#0,原有,180,184,4,0,2025-06-16,0.08652192755570742,-0.1468997002965034,0,0,0,0,0,0,2,0.08030540334559472
PYPD,wide,tb_190_191#0,bo_184#0,burst_178_184#0,原有,184,190,6,0,2025-06-25,0.06881669196922935,-0.1608012529500471,0,0,0,0,0,0,2,0.0798799574535391
PYPD,wide,tb_307_308#0,bo_305#0,burst_299_305#0,原有,305,307,2,0,2025-12-10,0.28162000225933126,-0.026269129947120662,2,0,2,0,2,0,2,0.033467228382442836
PYPD,causal,tb_184_185#0,bo_179#0,burst_178_180#0,新增,180,184,4,0,2025-06-16,0.08652192755570742,-0.1468997002965034,0,0,0,0,0,0,2,0.08030540334559472
PYPD,causal,tb_184_185#1,bo_180#0,burst_178_180#0,原有,180,184,4,0,2025-06-16,0.08652192755570742,-0.1468997002965034,0,0,0,0,0,0,2,0.08030540334559472
PYPD,causal,tb_190_191#0,bo_184#0,burst_178_184#0,原有,184,190,6,0,2025-06-25,0.06881669196922935,-0.1608012529500471,0,0,0,0,0,0,2,0.0798799574535391
PYPD,causal,tb_307_308#0,bo_305#0,burst_299_305#0,原有,305,307,2,0,2025-12-10,0.28162000225933126,-0.026269129947120662,2,0,2,0,2,0,2,0.033467228382442836
RERE,cur,tb_200#0,bo_197#0,burst_189_197#0,原有,197,200,3,0,2025-07-10,0.3396738053092858,-0.16576087128541594,1,0,1,0,0,0,1,0.06457681058999712
RERE,wide,tb_194_196#0,bo_189#0,burst_189_197#0,新增,197,194,-3,1,2025-07-01,0.42949557420488027,-0.10982722988248954,3,0,3,0,3,0,3,0.05550985517404461
RERE,wide,tb_200#0,bo_197#0,burst_189_197#0,原有,197,200,3,0,2025-07-10,0.3396738053092858,-0.16576087128541594,1,0,1,0,0,0,1,0.06457681058999712
RERE,causal,tb_200#0,bo_197#0,burst_189_197#0,原有,197,200,3,0,2025-07-10,0.3396738053092858,-0.16576087128541594,1,0,1,0,0,0,1,0.06457681058999712
QTTB,cur,tb_271#1,bo_266#0,burst_258_266#0,原有,266,271,5,0,2025-10-20,0.9129129223732,-0.42792792341279096,0,1,0,1,0,1,1,0.07607610357131472
QTTB,wide,tb_271#0,bo_261#0,burst_258_266#0,新增,266,271,5,0,2025-10-20,0.9129129223732,-0.42792792341279096,0,1,0,1,0,1,1,0.07607610357131472
QTTB,wide,tb_271#1,bo_266#0,burst_258_266#0,原有,266,271,5,0,2025-10-20,0.9129129223732,-0.42792792341279096,0,1,0,1,0,1,1,0.07607610357131472
QTTB,causal,tb_271#0,bo_261#0,burst_258_266#0,新增,266,271,5,0,2025-10-20,0.9129129223732,-0.42792792341279096,0,1,0,1,0,1,1,0.07607610357131472
QTTB,causal,tb_271#1,bo_266#0,burst_258_266#0,原有,266,271,5,0,2025-10-20,0.9129129223732,-0.42792792341279096,0,1,0,1,0,1,1,0.07607610357131472
QUBT,cur,tb_252_254#1,bo_250#0,burst_248_250#0,原有,250,252,2,0,2025-09-23,0.223231728002837,-0.5483889098462038,0,3,0,3,0,3,3,0.06803137885755667
QUBT,wide,tb_252_254#0,bo_248#0,burst_248_250#0,新增,250,252,2,0,2025-09-23,0.223231728002837,-0.5483889098462038,0,3,0,3,0,3,3,0.06803137885755667
QUBT,wide,tb_252_254#1,bo_250#0,burst_248_250#0,原有,250,252,2,0,2025-09-23,0.223231728002837,-0.5483889098462038,0,3,0,3,0,3,3,0.06803137885755667
QUBT,causal,tb_252_254#0,bo_248#0,burst_248_250#0,新增,250,252,2,0,2025-09-23,0.223231728002837,-0.5483889098462038,0,3,0,3,0,3,3,0.06803137885755667
QUBT,causal,tb_252_254#1,bo_250#0,burst_248_250#0,原有,250,252,2,0,2025-09-23,0.223231728002837,-0.5483889098462038,0,3,0,3,0,3,3,0.06803137885755667
RSSS,cur,tb_240#1,bo_238#0,burst_229_238#0,原有,238,240,2,0,2025-09-05,0.24096384590432418,-0.06626507019093375,1,0,1,0,0,0,1,0.04745295385264217
RSSS,wide,tb_240#0,bo_237#0,burst_229_238#0,新增,238,240,2,0,2025-09-05,0.24096384590432418,-0.06626507019093375,1,0,1,0,0,0,1,0.04745295385264217
RSSS,wide,tb_240#1,bo_238#0,burst_229_238#0,原有,238,240,2,0,2025-09-05,0.24096384590432418,-0.06626507019093375,1,0,1,0,0,0,1,0.04745295385264217
RSSS,causal,tb_240#0,bo_237#0,burst_229_238#0,新增,238,240,2,0,2025-09-05,0.24096384590432418,-0.06626507019093375,1,0,1,0,0,0,1,0.04745295385264217
RSSS,causal,tb_240#1,bo_238#0,burst_229_238#0,原有,238,240,2,0,2025-09-05,0.24096384590432418,-0.06626507019093375,1,0,1,0,0,0,1,0.04745295385264217
REEMF,cur,tb_88#0,bo_85#0,burst_85#0,原有,85,88,3,0,2025-01-28,1.2115384968074836,0.0,1,0,1,0,1,0,1,0.0733452535847332
REEMF,cur,tb_270_271#0,bo_265#0,burst_265#0,原有,265,270,5,0,2025-10-17,0.06916890303813872,-0.4067836772941021,0,2,0,2,0,0,2,0.11904767367061589
REEMF,wide,tb_88#0,bo_85#0,burst_85#0,原有,85,88,3,0,2025-01-28,1.2115384968074836,0.0,1,0,1,0,1,0,1,0.0733452535847332
REEMF,wide,tb_270_271#0,bo_265#0,burst_265#0,原有,265,270,5,0,2025-10-17,0.06916890303813872,-0.4067836772941021,0,2,0,2,0,0,2,0.11904767367061589
REEMF,causal,tb_88#0,bo_85#0,burst_85#0,原有,85,88,3,0,2025-01-28,1.2115384968074836,0.0,1,0,1,0,1,0,1,0.0733452535847332
REEMF,causal,tb_270_271#0,bo_265#0,burst_265#0,原有,265,270,5,0,2025-10-17,0.06916890303813872,-0.4067836772941021,0,2,0,2,0,0,2,0.11904767367061589
RENT,cur,tb_316_320#1,bo_311#0,burst_297_311#0,原有,311,316,5,0,2025-12-23,0.19841167977728924,-0.32922070690975447,0,5,0,5,0,1,5,0.08401242938072523
RENT,wide,tb_300#0,bo_297#0,burst_297_311#0,新增,311,300,-11,2,2025-12-01,1.0800822079029642,-0.06960980620044976,1,0,1,0,1,0,1,0.05560237159360026
RENT,wide,tb_316_320#0,bo_305#0,burst_297_311#0,新增,311,316,5,0,2025-12-23,0.19841167977728924,-0.32922070690975447,0,5,0,5,0,1,5,0.08401242938072523
RENT,wide,tb_316_320#1,bo_311#0,burst_297_311#0,原有,311,316,5,0,2025-12-23,0.19841167977728924,-0.32922070690975447,0,5,0,5,0,1,5,0.08401242938072523
RENT,causal,tb_316_320#0,bo_305#0,burst_297_311#0,新增,311,316,5,0,2025-12-23,0.19841167977728924,-0.32922070690975447,0,5,0,5,0,1,5,0.08401242938072523
RENT,causal,tb_316_320#1,bo_311#0,burst_297_311#0,原有,311,316,5,0,2025-12-23,0.19841167977728924,-0.32922070690975447,0,5,0,5,0,1,5,0.08401242938072523
RGS,cur,tb_248_249#3,bo_246#0,burst_241_246#0,原有,246,248,2,0,2025-09-17,0.10623359453094727,-0.06935903952158406,0,0,0,0,0,0,2,0.06153847093892936
RGS,wide,tb_248_249#0,bo_241#0,burst_241_246#0,新增,246,248,2,0,2025-09-17,0.10623359453094727,-0.06935903952158406,0,0,0,0,0,0,2,0.06153847093892936
RGS,wide,tb_248_249#1,bo_243#0,burst_241_246#0,新增,246,248,2,0,2025-09-17,0.10623359453094727,-0.06935903952158406,0,0,0,0,0,0,2,0.06153847093892936
RGS,wide,tb_248_249#2,bo_244#0,burst_241_246#0,新增,246,248,2,0,2025-09-17,0.10623359453094727,-0.06935903952158406,0,0,0,0,0,0,2,0.06153847093892936
RGS,wide,tb_248_249#3,bo_246#0,burst_241_246#0,原有,246,248,2,0,2025-09-17,0.10623359453094727,-0.06935903952158406,0,0,0,0,0,0,2,0.06153847093892936
RGS,causal,tb_248_249#0,bo_241#0,burst_241_246#0,新增,246,248,2,0,2025-09-17,0.10623359453094727,-0.06935903952158406,0,0,0,0,0,0,2,0.06153847093892936
RGS,causal,tb_248_249#1,bo_243#0,burst_241_246#0,新增,246,248,2,0,2025-09-17,0.10623359453094727,-0.06935903952158406,0,0,0,0,0,0,2,0.06153847093892936
RGS,causal,tb_248_249#2,bo_244#0,burst_241_246#0,新增,246,248,2,0,2025-09-17,0.10623359453094727,-0.06935903952158406,0,0,0,0,0,0,2,0.06153847093892936
RGS,causal,tb_248_249#3,bo_246#0,burst_241_246#0,原有,246,248,2,0,2025-09-17,0.10623359453094727,-0.06935903952158406,0,0,0,0,0,0,2,0.06153847093892936
RGTI,cur,tb_174#0,bo_168#0,burst_154_168#0,原有,168,174,6,0,2025-06-02,0.4184338552197955,-0.1598694944172716,0,0,0,0,0,0,1,0.11184194169606318
RGTI,wide,tb_164_166#0,bo_160#0,burst_154_168#0,新增,168,164,-4,1,2025-05-16,0.43496193992944204,-0.1373119809718296,3,0,2,0,0,0,3,0.07786975889639311
RGTI,wide,tb_174#0,bo_168#0,burst_154_168#0,原有,168,174,6,0,2025-06-02,0.4184338552197955,-0.1598694944172716,0,0,0,0,0,0,1,0.11184194169606318
RGTI,causal,tb_174#0,bo_168#0,burst_154_168#0,原有,168,174,6,0,2025-06-02,0.4184338552197955,-0.1598694944172716,0,0,0,0,0,0,1,0.11184194169606318
RKTO,cur,tb_249_251#0,bo_246#0,burst_241_246#0,原有,246,249,3,0,2025-09-18,0.12225624144703133,-0.39371680803511544,0,3,0,3,0,3,3,0.07739175080468905
RKTO,wide,tb_245#0,bo_243#0,burst_241_246#0,新增,246,245,-1,1,2025-09-12,0.32187498626299216,-0.2625000437721604,1,0,1,0,1,0,1,0.05299385430218684
RKTO,wide,tb_249_251#0,bo_246#0,burst_241_246#0,原有,246,249,3,0,2025-09-18,0.12225624144703133,-0.39371680803511544,0,3,0,3,0,3,3,0.07739175080468905
RKTO,causal,tb_249_251#0,bo_246#0,burst_241_246#0,原有,246,249,3,0,2025-09-18,0.12225624144703133,-0.39371680803511544,0,3,0,3,0,3,3,0.07739175080468905
RKDA,cur,tb_270#0,bo_268#0,burst_263_268#0,原有,268,270,2,0,2025-10-17,-0.045802906322469084,-0.3642335847721184,0,1,0,1,0,1,1,0.07332426639211126
RKDA,wide,tb_270#0,bo_268#0,burst_263_268#0,原有,268,270,2,0,2025-10-17,-0.045802906322469084,-0.3642335847721184,0,1,0,1,0,1,1,0.07332426639211126
RKDA,causal,tb_270#0,bo_268#0,burst_263_268#0,原有,268,270,2,0,2025-10-17,-0.045802906322469084,-0.3642335847721184,0,1,0,1,0,1,1,0.07332426639211126
RILY,wide,tb_110#0,bo_108#0,burst_108_110#0,新增,110,110,0,1,2025-02-28,0.07824726298077267,-0.5821596037430896,0,1,0,1,0,1,1,0.09799123718896788
SBFM,cur,tb_274_277#1,bo_268#0,burst_262_268#0,原有,268,274,6,0,2025-10-23,0.085315801000512,-0.3355081452964894,0,4,0,4,0,4,4,0.056474929047325866
SBFM,wide,tb_274_277#0,bo_267#0,burst_262_268#0,新增,268,274,6,0,2025-10-23,0.085315801000512,-0.3355081452964894,0,4,0,4,0,4,4,0.056474929047325866
SBFM,wide,tb_274_277#1,bo_268#0,burst_262_268#0,原有,268,274,6,0,2025-10-23,0.085315801000512,-0.3355081452964894,0,4,0,4,0,4,4,0.056474929047325866
SBFM,causal,tb_274_277#0,bo_267#0,burst_262_268#0,新增,268,274,6,0,2025-10-23,0.085315801000512,-0.3355081452964894,0,4,0,4,0,4,4,0.056474929047325866
SBFM,causal,tb_274_277#1,bo_268#0,burst_262_268#0,原有,268,274,6,0,2025-10-23,0.085315801000512,-0.3355081452964894,0,4,0,4,0,4,4,0.056474929047325866
SBGI,wide,tb_288#0,bo_284#0,burst_284_287#0,新增,287,288,1,0,2025-11-12,0.07322924134518516,-0.13087089484769987,0,1,0,0,0,0,1,0.03160041035469778
SBGI,causal,tb_288#0,bo_284#0,burst_284_287#0,新增,287,288,1,0,2025-11-12,0.07322924134518516,-0.13087089484769987,0,1,0,0,0,0,1,0.03160041035469778
RUN,cur,tb_166#2,bo_160#0,burst_150_160#0,原有,160,166,6,0,2025-05-20,-0.0025996302487313327,-0.5337954824761517,0,1,0,1,0,1,1,0.06967972700298672
RUN,cur,tb_166#3,bo_162#0,burst_150_162#0,原有,162,166,4,0,2025-05-20,-0.0025996302487313327,-0.5337954824761517,0,1,0,1,0,1,1,0.06967972700298672
RUN,wide,tb_166#0,bo_158#0,burst_150_160#0,新增,160,166,6,0,2025-05-20,-0.0025996302487313327,-0.5337954824761517,0,1,0,1,0,1,1,0.06967972700298672
RUN,wide,tb_166#1,bo_159#0,burst_150_160#0,新增,160,166,6,0,2025-05-20,-0.0025996302487313327,-0.5337954824761517,0,1,0,1,0,1,1,0.06967972700298672
RUN,wide,tb_166#2,bo_160#0,burst_150_160#0,原有,160,166,6,0,2025-05-20,-0.0025996302487313327,-0.5337954824761517,0,1,0,1,0,1,1,0.06967972700298672
RUN,wide,tb_166#3,bo_162#0,burst_150_162#0,原有,162,166,4,0,2025-05-20,-0.0025996302487313327,-0.5337954824761517,0,1,0,1,0,1,1,0.06967972700298672
RUN,causal,tb_166#0,bo_158#0,burst_150_160#0,新增,160,166,6,0,2025-05-20,-0.0025996302487313327,-0.5337954824761517,0,1,0,1,0,1,1,0.06967972700298672
RUN,causal,tb_166#1,bo_159#0,burst_150_160#0,新增,160,166,6,0,2025-05-20,-0.0025996302487313327,-0.5337954824761517,0,1,0,1,0,1,1,0.06967972700298672
RUN,causal,tb_166#2,bo_160#0,burst_150_160#0,原有,160,166,6,0,2025-05-20,-0.0025996302487313327,-0.5337954824761517,0,1,0,1,0,1,1,0.06967972700298672
RUN,causal,tb_166#3,bo_162#0,burst_150_162#0,原有,162,166,4,0,2025-05-20,-0.0025996302487313327,-0.5337954824761517,0,1,0,1,0,1,1,0.06967972700298672
SHIM,cur,tb_321_322#0,bo_318#0,burst_311_318#0,原有,318,321,3,0,2025-12-31,0.5321917329502959,-0.017123352543991444,1,0,1,0,1,0,1,0.06526691434228406
SHIM,wide,tb_321_322#0,bo_318#0,burst_311_318#0,原有,318,321,3,0,2025-12-31,0.5321917329502959,-0.017123352543991444,1,0,1,0,1,0,1,0.06526691434228406
SHIM,causal,tb_321_322#0,bo_318#0,burst_311_318#0,原有,318,321,3,0,2025-12-31,0.5321917329502959,-0.017123352543991444,1,0,1,0,1,0,1,0.06526691434228406
SDEV,cur,tb_317_319#2,bo_311#0,burst_305_311#0,原有,311,317,6,0,2025-12-24,3.139446820780689,-0.9381483199831654,3,0,3,0,3,0,3,0.16738242808271792
SDEV,wide,tb_317_319#0,bo_305#0,burst_305_311#0,新增,311,317,6,0,2025-12-24,3.139446820780689,-0.9381483199831654,3,0,3,0,3,0,3,0.16738242808271792
SDEV,wide,tb_317_319#1,bo_306#0,burst_305_311#0,新增,311,317,6,0,2025-12-24,3.139446820780689,-0.9381483199831654,3,0,3,0,3,0,3,0.16738242808271792
SDEV,wide,tb_317_319#2,bo_311#0,burst_305_311#0,原有,311,317,6,0,2025-12-24,3.139446820780689,-0.9381483199831654,3,0,3,0,3,0,3,0.16738242808271792
SDEV,causal,tb_317_319#0,bo_305#0,burst_305_311#0,新增,311,317,6,0,2025-12-24,3.139446820780689,-0.9381483199831654,3,0,3,0,3,0,3,0.16738242808271792
SDEV,causal,tb_317_319#1,bo_306#0,burst_305_311#0,新增,311,317,6,0,2025-12-24,3.139446820780689,-0.9381483199831654,3,0,3,0,3,0,3,0.16738242808271792
SDEV,causal,tb_317_319#2,bo_311#0,burst_305_311#0,原有,311,317,6,0,2025-12-24,3.139446820780689,-0.9381483199831654,3,0,3,0,3,0,3,0.16738242808271792
SDST,cur,tb_270_271#1,bo_267#0,burst_266_267#0,原有,267,270,3,0,2025-10-17,0.02278863321617297,-0.4215418327956805,0,2,0,2,0,1,2,0.11813543419944002
SDST,wide,tb_270_271#0,bo_266#0,burst_266_267#0,新增,267,270,3,0,2025-10-17,0.02278863321617297,-0.4215418327956805,0,2,0,2,0,1,2,0.11813543419944002
SDST,wide,tb_270_271#1,bo_267#0,burst_266_267#0,原有,267,270,3,0,2025-10-17,0.02278863321617297,-0.4215418327956805,0,2,0,2,0,1,2,0.11813543419944002
SDST,causal,tb_270_271#0,bo_266#0,burst_266_267#0,新增,267,270,3,0,2025-10-17,0.02278863321617297,-0.4215418327956805,0,2,0,2,0,1,2,0.11813543419944002
SDST,causal,tb_270_271#1,bo_267#0,burst_266_267#0,原有,267,270,3,0,2025-10-17,0.02278863321617297,-0.4215418327956805,0,2,0,2,0,1,2,0.11813543419944002
SNOA,cur,tb_123_125#0,bo_121#0,burst_117_121#0,原有,121,123,2,0,2025-03-19,0.22570732404346452,-0.5011656460625673,0,3,0,3,0,3,3,0.09411819059163945
SNOA,wide,tb_123_125#0,bo_121#0,burst_117_121#0,原有,121,123,2,0,2025-03-19,0.22570732404346452,-0.5011656460625673,0,3,0,3,0,3,3,0.09411819059163945
SNOA,causal,tb_123_125#0,bo_121#0,burst_117_121#0,原有,121,123,2,0,2025-03-19,0.22570732404346452,-0.5011656460625673,0,3,0,3,0,3,3,0.09411819059163945
SNT,cur,tb_179#0,bo_173#0,burst_165_173#0,原有,173,179,6,0,2025-06-09,0.3090909316097836,-0.03636360258532445,1,0,1,0,0,0,1,0.057389282212953405
SNT,wide,tb_179#0,bo_173#0,burst_165_173#0,原有,173,179,6,0,2025-06-09,0.3090909316097836,-0.03636360258532445,1,0,1,0,0,0,1,0.057389282212953405
SNT,causal,tb_179#0,bo_173#0,burst_165_173#0,原有,173,179,6,0,2025-06-09,0.3090909316097836,-0.03636360258532445,1,0,1,0,0,0,1,0.057389282212953405
SCTSF,cur,tb_246_247#0,bo_231#0,burst_220_231#0,原有,231,246,15,0,2025-09-15,0.08322654329606283,-0.16403164160925027,0,0,0,0,0,0,2,0.05672024640811963
SCTSF,wide,tb_226_230#0,bo_224#0,burst_220_231#0,新增,231,226,-5,1,2025-08-15,0.7511827018334232,-0.013397159294080719,5,0,5,0,5,0,5,0.0434227707378009
SCTSF,wide,tb_246_247#0,bo_231#0,burst_220_231#0,原有,231,246,15,0,2025-09-15,0.08322654329606283,-0.16403164160925027,0,0,0,0,0,0,2,0.05672024640811963
SCTSF,causal,tb_246_247#0,bo_231#0,burst_220_231#0,原有,231,246,15,0,2025-09-15,0.08322654329606283,-0.16403164160925027,0,0,0,0,0,0,2,0.05672024640811963
SLN,cur,tb_274_275#3,bo_271#0,burst_267_271#0,原有,271,274,3,0,2025-10-23,0.06530466255956036,-0.20273971018887876,0,0,0,0,0,0,2,0.08361125332308308
SLN,wide,tb_274_275#0,bo_267#0,burst_267_271#0,新增,271,274,3,0,2025-10-23,0.06530466255956036,-0.20273971018887876,0,0,0,0,0,0,2,0.08361125332308308
SLN,wide,tb_274_275#1,bo_268#0,burst_267_271#0,新增,271,274,3,0,2025-10-23,0.06530466255956036,-0.20273971018887876,0,0,0,0,0,0,2,0.08361125332308308
SLN,wide,tb_274_275#2,bo_269#0,burst_267_271#0,新增,271,274,3,0,2025-10-23,0.06530466255956036,-0.20273971018887876,0,0,0,0,0,0,2,0.08361125332308308
SLN,wide,tb_274_275#3,bo_271#0,burst_267_271#0,原有,271,274,3,0,2025-10-23,0.06530466255956036,-0.20273971018887876,0,0,0,0,0,0,2,0.08361125332308308
SLN,causal,tb_274_275#0,bo_267#0,burst_267_271#0,新增,271,274,3,0,2025-10-23,0.06530466255956036,-0.20273971018887876,0,0,0,0,0,0,2,0.08361125332308308
SLN,causal,tb_274_275#1,bo_268#0,burst_267_271#0,新增,271,274,3,0,2025-10-23,0.06530466255956036,-0.20273971018887876,0,0,0,0,0,0,2,0.08361125332308308
SLN,causal,tb_274_275#2,bo_269#0,burst_267_271#0,新增,271,274,3,0,2025-10-23,0.06530466255956036,-0.20273971018887876,0,0,0,0,0,0,2,0.08361125332308308
SLN,causal,tb_274_275#3,bo_271#0,burst_267_271#0,原有,271,274,3,0,2025-10-23,0.06530466255956036,-0.20273971018887876,0,0,0,0,0,0,2,0.08361125332308308
SIFY,cur,tb_108_122#0,bo_102#0,burst_94_102#0,原有,102,108,6,0,2025-02-26,0.05183318054223109,-0.25887418842071536,0,11,0,0,0,0,15,0.0847228349891958
SIFY,wide,tb_99#0,bo_94#0,burst_94_102#0,新增,102,99,-3,1,2025-02-12,0.4098764862307096,-0.13580250983520747,1,0,1,0,0,0,1,0.07598274343251112
SIFY,wide,tb_99#1,bo_96#0,burst_94_102#0,新增,102,99,-3,1,2025-02-12,0.4098764862307096,-0.13580250983520747,1,0,1,0,0,0,1,0.07598274343251112
SIFY,wide,tb_108_122#0,bo_102#0,burst_94_102#0,原有,102,108,6,0,2025-02-26,0.05183318054223109,-0.25887418842071536,0,11,0,0,0,0,15,0.0847228349891958
SIFY,causal,tb_108_122#0,bo_102#0,burst_94_102#0,原有,102,108,6,0,2025-02-26,0.05183318054223109,-0.25887418842071536,0,11,0,0,0,0,15,0.0847228349891958
SOS,cur,tb_201#0,bo_198#0,burst_198#0,原有,198,201,3,0,2025-07-11,0.043274839450884395,-0.8807017592781076,0,1,0,1,0,1,1,0.06130094651414426
SOS,wide,tb_201#0,bo_198#0,burst_198#0,原有,198,201,3,0,2025-07-11,0.043274839450884395,-0.8807017592781076,0,1,0,1,0,1,1,0.06130094651414426
SOS,causal,tb_201#0,bo_198#0,burst_198#0,原有,198,201,3,0,2025-07-11,0.043274839450884395,-0.8807017592781076,0,1,0,1,0,1,1,0.06130094651414426
SLNH,cur,tb_258_259#2,bo_253#0,burst_243_253#0,原有,253,258,5,0,2025-10-01,1.0522968034158284,-0.43701585613229293,2,0,0,0,0,0,2,0.23226255164352527
SLNH,wide,tb_258_259#0,bo_243#0,burst_243_253#0,新增,253,258,5,0,2025-10-01,1.0522968034158284,-0.43701585613229293,2,0,0,0,0,0,2,0.23226255164352527
SLNH,wide,tb_258_259#1,bo_251#0,burst_243_253#0,新增,253,258,5,0,2025-10-01,1.0522968034158284,-0.43701585613229293,2,0,0,0,0,0,2,0.23226255164352527
SLNH,wide,tb_258_259#2,bo_253#0,burst_243_253#0,原有,253,258,5,0,2025-10-01,1.0522968034158284,-0.43701585613229293,2,0,0,0,0,0,2,0.23226255164352527
SLNH,causal,tb_258_259#0,bo_243#0,burst_243_253#0,新增,253,258,5,0,2025-10-01,1.0522968034158284,-0.43701585613229293,2,0,0,0,0,0,2,0.23226255164352527
SLNH,causal,tb_258_259#1,bo_251#0,burst_243_253#0,新增,253,258,5,0,2025-10-01,1.0522968034158284,-0.43701585613229293,2,0,0,0,0,0,2,0.23226255164352527
SLNH,causal,tb_258_259#2,bo_253#0,burst_243_253#0,原有,253,258,5,0,2025-10-01,1.0522968034158284,-0.43701585613229293,2,0,0,0,0,0,2,0.23226255164352527
SLNHP,cur,tb_250#1,bo_248#0,burst_247_248#0,原有,248,250,2,0,2025-09-19,0.9379845534327471,-0.051937991946257145,1,0,1,0,1,0,1,0.13961940554279473
SLNHP,wide,tb_250#0,bo_247#0,burst_247_248#0,新增,248,250,2,0,2025-09-19,0.9379845534327471,-0.051937991946257145,1,0,1,0,1,0,1,0.13961940554279473
SLNHP,wide,tb_250#1,bo_248#0,burst_247_248#0,原有,248,250,2,0,2025-09-19,0.9379845534327471,-0.051937991946257145,1,0,1,0,1,0,1,0.13961940554279473
SLNHP,causal,tb_250#0,bo_247#0,burst_247_248#0,新增,248,250,2,0,2025-09-19,0.9379845534327471,-0.051937991946257145,1,0,1,0,1,0,1,0.13961940554279473
SLNHP,causal,tb_250#1,bo_248#0,burst_247_248#0,原有,248,250,2,0,2025-09-19,0.9379845534327471,-0.051937991946257145,1,0,1,0,1,0,1,0.13961940554279473
SPPL,cur,tb_258#0,bo_252#0,burst_243_252#0,原有,252,258,6,0,2025-10-01,0.18443319470899544,-0.38917089876464483,0,1,0,1,0,1,1,0.07988245367622214
SPPL,wide,tb_247_248#0,bo_243#0,burst_243_252#0,新增,252,247,-5,1,2025-09-16,0.5320881443103854,0.006357760447898042,2,0,2,0,2,0,2,0.071387035958734
SPPL,wide,tb_247_248#1,bo_244#0,burst_243_252#0,新增,252,247,-5,1,2025-09-16,0.5320881443103854,0.006357760447898042,2,0,2,0,2,0,2,0.071387035958734
SPPL,wide,tb_247_248#2,bo_245#0,burst_243_252#0,新增,252,247,-5,1,2025-09-16,0.5320881443103854,0.006357760447898042,2,0,2,0,2,0,2,0.071387035958734
SPPL,wide,tb_258#0,bo_252#0,burst_243_252#0,原有,252,258,6,0,2025-10-01,0.18443319470899544,-0.38917089876464483,0,1,0,1,0,1,1,0.07988245367622214
SPPL,causal,tb_258#0,bo_252#0,burst_243_252#0,原有,252,258,6,0,2025-10-01,0.18443319470899544,-0.38917089876464483,0,1,0,1,0,1,1,0.07988245367622214
SGMT,cur,tb_186#1,bo_178#0,burst_177_178#0,原有,178,186,8,0,2025-06-18,0.620738623471361,0.019886344779005638,1,0,1,0,0,0,1,0.10835055943534794
SGMT,cur,tb_186#2,bo_182#0,burst_177_182#0,原有,182,186,4,0,2025-06-18,0.620738623471361,0.019886344779005638,1,0,1,0,0,0,1,0.10835055943534794
SGMT,wide,tb_186#0,bo_177#0,burst_177_178#0,新增,178,186,8,0,2025-06-18,0.620738623471361,0.019886344779005638,1,0,1,0,0,0,1,0.10835055943534794
SGMT,wide,tb_186#1,bo_178#0,burst_177_178#0,原有,178,186,8,0,2025-06-18,0.620738623471361,0.019886344779005638,1,0,1,0,0,0,1,0.10835055943534794
SGMT,wide,tb_186#2,bo_182#0,burst_177_182#0,原有,182,186,4,0,2025-06-18,0.620738623471361,0.019886344779005638,1,0,1,0,0,0,1,0.10835055943534794
SGMT,causal,tb_186#0,bo_177#0,burst_177_178#0,新增,178,186,8,0,2025-06-18,0.620738623471361,0.019886344779005638,1,0,1,0,0,0,1,0.10835055943534794
SGMT,causal,tb_186#1,bo_178#0,burst_177_178#0,原有,178,186,8,0,2025-06-18,0.620738623471361,0.019886344779005638,1,0,1,0,0,0,1,0.10835055943534794
SGMT,causal,tb_186#2,bo_182#0,burst_177_182#0,原有,182,186,4,0,2025-06-18,0.620738623471361,0.019886344779005638,1,0,1,0,0,0,1,0.10835055943534794
SMR,wide,tb_165#0,bo_161#0,burst_161_169#0,新增,169,165,-4,1,2025-05-19,1.0093800790351741,-0.08156606699274138,1,0,1,0,1,0,1,0.07295218411664643
SMTOY,cur,tb_178_180#2,bo_174#0,burst_168_174#0,原有,174,178,4,0,2025-06-06,0.3013851318606131,-0.0833100841922166,0,3,3,0,3,0,3,0.020685775329956444
SMTOY,wide,tb_178_180#0,bo_168#0,burst_168_174#0,新增,174,178,4,0,2025-06-06,0.3013851318606131,-0.0833100841922166,0,3,3,0,3,0,3,0.020685775329956444
SMTOY,wide,tb_178_180#1,bo_169#0,burst_168_174#0,新增,174,178,4,0,2025-06-06,0.3013851318606131,-0.0833100841922166,0,3,3,0,3,0,3,0.020685775329956444
SMTOY,wide,tb_178_180#2,bo_174#0,burst_168_174#0,原有,174,178,4,0,2025-06-06,0.3013851318606131,-0.0833100841922166,0,3,3,0,3,0,3,0.020685775329956444
SMTOY,causal,tb_178_180#0,bo_168#0,burst_168_174#0,新增,174,178,4,0,2025-06-06,0.3013851318606131,-0.0833100841922166,0,3,3,0,3,0,3,0.020685775329956444
SMTOY,causal,tb_178_180#1,bo_169#0,burst_168_174#0,新增,174,178,4,0,2025-06-06,0.3013851318606131,-0.0833100841922166,0,3,3,0,3,0,3,0.020685775329956444
SMTOY,causal,tb_178_180#2,bo_174#0,burst_168_174#0,原有,174,178,4,0,2025-06-06,0.3013851318606131,-0.0833100841922166,0,3,3,0,3,0,3,0.020685775329956444
SPCE,cur,tb_169#0,bo_164#0,burst_158_164#0,原有,164,169,5,0,2025-05-23,0.2446236771053627,-0.27956988006840566,0,1,0,0,0,0,1,0.07888197195643373
SPCE,wide,tb_169#0,bo_164#0,burst_158_164#0,原有,164,169,5,0,2025-05-23,0.2446236771053627,-0.27956988006840566,0,1,0,0,0,0,1,0.07888197195643373
SPCE,causal,tb_169#0,bo_164#0,burst_158_164#0,原有,164,169,5,0,2025-05-23,0.2446236771053627,-0.27956988006840566,0,1,0,0,0,0,1,0.07888197195643373
SPWR,cur,tb_150_151#0,bo_147#0,burst_142_147#0,原有,147,150,3,0,2025-04-28,0.06633533853636386,-0.41225606254847635,0,2,0,2,0,0,2,0.12801991717297279
SPWR,cur,tb_153_154#0,bo_150#0,burst_142_150#0,原有,150,153,3,0,2025-05-01,0.12760726620448493,-0.3784841310355095,0,2,0,0,0,0,2,0.1291784660805898
SPWR,wide,tb_150_151#0,bo_147#0,burst_142_147#0,原有,147,150,3,0,2025-04-28,0.06633533853636386,-0.41225606254847635,0,2,0,2,0,0,2,0.12801991717297279
SPWR,wide,tb_153_154#0,bo_150#0,burst_142_150#0,原有,150,153,3,0,2025-05-01,0.12760726620448493,-0.3784841310355095,0,2,0,0,0,0,2,0.1291784660805898
SPWR,causal,tb_150_151#0,bo_147#0,burst_142_147#0,原有,147,150,3,0,2025-04-28,0.06633533853636386,-0.41225606254847635,0,2,0,2,0,0,2,0.12801991717297279
SPWR,causal,tb_153_154#0,bo_150#0,burst_142_150#0,原有,150,153,3,0,2025-05-01,0.12760726620448493,-0.3784841310355095,0,2,0,0,0,0,2,0.1291784660805898
SNDX,cur,tb_229_239#0,bo_225#0,burst_218_225#0,原有,225,229,4,0,2025-08-20,0.0732986412177131,-0.15093111233765213,0,5,0,1,0,0,11,0.055699948043535896
SNDX,wide,tb_229_239#0,bo_225#0,burst_218_225#0,原有,225,229,4,0,2025-08-20,0.0732986412177131,-0.15093111233765213,0,5,0,1,0,0,11,0.055699948043535896
SNDX,causal,tb_229_239#0,bo_225#0,burst_218_225#0,原有,225,229,4,0,2025-08-20,0.0732986412177131,-0.15093111233765213,0,5,0,1,0,0,11,0.055699948043535896
SNES,cur,tb_195_201#2,bo_186#0,burst_183_186#0,原有,186,195,9,0,2025-07-02,0.23095817013540287,-0.15154624526991406,0,0,0,0,0,0,7,0.0884372796210765
SNES,cur,tb_195_201#3,bo_193#0,burst_183_193#0,原有,193,195,2,0,2025-07-02,0.23095817013540287,-0.15154624526991406,0,0,0,0,0,0,7,0.0884372796210765
SNES,wide,tb_195_201#0,bo_183#0,burst_183_186#0,新增,186,195,9,0,2025-07-02,0.23095817013540287,-0.15154624526991406,0,0,0,0,0,0,7,0.0884372796210765
SNES,wide,tb_195_201#1,bo_185#0,burst_183_186#0,新增,186,195,9,0,2025-07-02,0.23095817013540287,-0.15154624526991406,0,0,0,0,0,0,7,0.0884372796210765
SNES,wide,tb_195_201#2,bo_186#0,burst_183_186#0,原有,186,195,9,0,2025-07-02,0.23095817013540287,-0.15154624526991406,0,0,0,0,0,0,7,0.0884372796210765
SNES,wide,tb_195_201#3,bo_193#0,burst_183_193#0,原有,193,195,2,0,2025-07-02,0.23095817013540287,-0.15154624526991406,0,0,0,0,0,0,7,0.0884372796210765
SNES,causal,tb_195_201#0,bo_183#0,burst_183_186#0,新增,186,195,9,0,2025-07-02,0.23095817013540287,-0.15154624526991406,0,0,0,0,0,0,7,0.0884372796210765
SNES,causal,tb_195_201#1,bo_185#0,burst_183_186#0,新增,186,195,9,0,2025-07-02,0.23095817013540287,-0.15154624526991406,0,0,0,0,0,0,7,0.0884372796210765
SNES,causal,tb_195_201#2,bo_186#0,burst_183_186#0,原有,186,195,9,0,2025-07-02,0.23095817013540287,-0.15154624526991406,0,0,0,0,0,0,7,0.0884372796210765
SNES,causal,tb_195_201#3,bo_193#0,burst_183_193#0,原有,193,195,2,0,2025-07-02,0.23095817013540287,-0.15154624526991406,0,0,0,0,0,0,7,0.0884372796210765
SSGC,cur,tb_184_187#2,bo_176#0,burst_174_176#0,原有,176,184,8,0,2025-06-16,0.04908069854249719,-0.7288659608192158,0,4,0,4,0,4,4,0.17817696360724544
SSGC,wide,tb_184_187#0,bo_174#0,burst_174_176#0,新增,176,184,8,0,2025-06-16,0.04908069854249719,-0.7288659608192158,0,4,0,4,0,4,4,0.17817696360724544
SSGC,wide,tb_184_187#1,bo_175#0,burst_174_176#0,新增,176,184,8,0,2025-06-16,0.04908069854249719,-0.7288659608192158,0,4,0,4,0,4,4,0.17817696360724544
SSGC,wide,tb_184_187#2,bo_176#0,burst_174_176#0,原有,176,184,8,0,2025-06-16,0.04908069854249719,-0.7288659608192158,0,4,0,4,0,4,4,0.17817696360724544
SSGC,causal,tb_184_187#0,bo_174#0,burst_174_176#0,新增,176,184,8,0,2025-06-16,0.04908069854249719,-0.7288659608192158,0,4,0,4,0,4,4,0.17817696360724544
SSGC,causal,tb_184_187#1,bo_175#0,burst_174_176#0,新增,176,184,8,0,2025-06-16,0.04908069854249719,-0.7288659608192158,0,4,0,4,0,4,4,0.17817696360724544
SSGC,causal,tb_184_187#2,bo_176#0,burst_174_176#0,原有,176,184,8,0,2025-06-16,0.04908069854249719,-0.7288659608192158,0,4,0,4,0,4,4,0.17817696360724544
SSP,cur,tb_295#3,bo_291#0,burst_285_291#0,原有,291,295,4,0,2025-11-21,0.6076215588845584,-0.07524251744032118,1,0,1,0,1,0,1,0.08193852427427888
SSP,wide,tb_295#0,bo_285#0,burst_285_291#0,新增,291,295,4,0,2025-11-21,0.6076215588845584,-0.07524251744032118,1,0,1,0,1,0,1,0.08193852427427888
SSP,wide,tb_295#1,bo_287#0,burst_285_291#0,新增,291,295,4,0,2025-11-21,0.6076215588845584,-0.07524251744032118,1,0,1,0,1,0,1,0.08193852427427888
SSP,wide,tb_295#2,bo_288#0,burst_285_291#0,新增,291,295,4,0,2025-11-21,0.6076215588845584,-0.07524251744032118,1,0,1,0,1,0,1,0.08193852427427888
SSP,wide,tb_295#3,bo_291#0,burst_285_291#0,原有,291,295,4,0,2025-11-21,0.6076215588845584,-0.07524251744032118,1,0,1,0,1,0,1,0.08193852427427888
SSP,causal,tb_295#0,bo_285#0,burst_285_291#0,新增,291,295,4,0,2025-11-21,0.6076215588845584,-0.07524251744032118,1,0,1,0,1,0,1,0.08193852427427888
SSP,causal,tb_295#1,bo_287#0,burst_285_291#0,新增,291,295,4,0,2025-11-21,0.6076215588845584,-0.07524251744032118,1,0,1,0,1,0,1,0.08193852427427888
SSP,causal,tb_295#2,bo_288#0,burst_285_291#0,新增,291,295,4,0,2025-11-21,0.6076215588845584,-0.07524251744032118,1,0,1,0,1,0,1,0.08193852427427888
SSP,causal,tb_295#3,bo_291#0,burst_285_291#0,原有,291,295,4,0,2025-11-21,0.6076215588845584,-0.07524251744032118,1,0,1,0,1,0,1,0.08193852427427888
TGB,cur,tb_182_184#2,bo_178#0,burst_174_178#0,原有,178,182,4,0,2025-06-12,0.24646674827301088,-0.06176282437291166,3,0,2,0,1,0,3,0.043267055879305516
TGB,wide,tb_182_184#0,bo_176#0,burst_174_178#0,新增,178,182,4,0,2025-06-12,0.24646674827301088,-0.06176282437291166,3,0,2,0,1,0,3,0.043267055879305516
TGB,wide,tb_182_184#1,bo_177#0,burst_174_178#0,新增,178,182,4,0,2025-06-12,0.24646674827301088,-0.06176282437291166,3,0,2,0,1,0,3,0.043267055879305516
TGB,wide,tb_182_184#2,bo_178#0,burst_174_178#0,原有,178,182,4,0,2025-06-12,0.24646674827301088,-0.06176282437291166,3,0,2,0,1,0,3,0.043267055879305516
TGB,causal,tb_182_184#0,bo_176#0,burst_174_178#0,新增,178,182,4,0,2025-06-12,0.24646674827301088,-0.06176282437291166,3,0,2,0,1,0,3,0.043267055879305516
TGB,causal,tb_182_184#1,bo_177#0,burst_174_178#0,新增,178,182,4,0,2025-06-12,0.24646674827301088,-0.06176282437291166,3,0,2,0,1,0,3,0.043267055879305516
TGB,causal,tb_182_184#2,bo_178#0,burst_174_178#0,原有,178,182,4,0,2025-06-12,0.24646674827301088,-0.06176282437291166,3,0,2,0,1,0,3,0.043267055879305516
SUPV,cur,tb_283#1,bo_280#0,burst_274_280#0,原有,280,283,3,0,2025-11-05,0.001577247918613356,-0.2712934109830788,0,0,0,0,0,0,1,0.10466212773745057
SUPV,wide,tb_283#0,bo_276#0,burst_274_280#0,新增,280,283,3,0,2025-11-05,0.001577247918613356,-0.2712934109830788,0,0,0,0,0,0,1,0.10466212773745057
SUPV,wide,tb_283#1,bo_280#0,burst_274_280#0,原有,280,283,3,0,2025-11-05,0.001577247918613356,-0.2712934109830788,0,0,0,0,0,0,1,0.10466212773745057
SUPV,causal,tb_283#0,bo_276#0,burst_274_280#0,新增,280,283,3,0,2025-11-05,0.001577247918613356,-0.2712934109830788,0,0,0,0,0,0,1,0.10466212773745057
SUPV,causal,tb_283#1,bo_280#0,burst_274_280#0,原有,280,283,3,0,2025-11-05,0.001577247918613356,-0.2712934109830788,0,0,0,0,0,0,1,0.10466212773745057
STEX,cur,tb_164_166#0,bo_158#0,burst_148_158#0,原有,158,164,6,0,2025-05-16,3.9922731586391627,-0.025225808006480777,3,0,3,0,3,0,3,0.19678880400093002
STEX,cur,tb_164_166#1,bo_159#0,burst_148_159#0,原有,159,164,5,0,2025-05-16,3.9922731586391627,-0.025225808006480777,3,0,3,0,3,0,3,0.19678880400093002
STEX,cur,tb_164_166#2,bo_160#0,burst_148_160#0,原有,160,164,4,0,2025-05-16,3.9922731586391627,-0.025225808006480777,3,0,3,0,3,0,3,0.19678880400093002
STEX,cur,tb_164_166#3,bo_161#0,burst_148_161#0,原有,161,164,3,0,2025-05-16,3.9922731586391627,-0.025225808006480777,3,0,3,0,3,0,3,0.19678880400093002
STEX,wide,tb_152#0,bo_148#0,burst_148_158#0,新增,158,152,-6,2,2025-04-30,7.543689742885231,0.0,1,0,1,0,1,0,1,0.16158329706124414
STEX,wide,tb_157#0,bo_154#0,burst_148_158#0,新增,158,157,-1,1,2025-05-07,7.6938772001614755,-0.006802714468455484,1,0,1,0,1,0,1,0.1700954095121412
STEX,wide,tb_164_166#0,bo_158#0,burst_148_158#0,原有,158,164,6,0,2025-05-16,3.9922731586391627,-0.025225808006480777,3,0,3,0,3,0,3,0.19678880400093002
STEX,wide,tb_164_166#1,bo_159#0,burst_148_159#0,原有,159,164,5,0,2025-05-16,3.9922731586391627,-0.025225808006480777,3,0,3,0,3,0,3,0.19678880400093002
STEX,wide,tb_164_166#2,bo_160#0,burst_148_160#0,原有,160,164,4,0,2025-05-16,3.9922731586391627,-0.025225808006480777,3,0,3,0,3,0,3,0.19678880400093002
STEX,wide,tb_164_166#3,bo_161#0,burst_148_161#0,原有,161,164,3,0,2025-05-16,3.9922731586391627,-0.025225808006480777,3,0,3,0,3,0,3,0.19678880400093002
STEX,causal,tb_164_166#0,bo_158#0,burst_148_158#0,原有,158,164,6,0,2025-05-16,3.9922731586391627,-0.025225808006480777,3,0,3,0,3,0,3,0.19678880400093002
STEX,causal,tb_164_166#1,bo_159#0,burst_148_159#0,原有,159,164,5,0,2025-05-16,3.9922731586391627,-0.025225808006480777,3,0,3,0,3,0,3,0.19678880400093002
STEX,causal,tb_164_166#2,bo_160#0,burst_148_160#0,原有,160,164,4,0,2025-05-16,3.9922731586391627,-0.025225808006480777,3,0,3,0,3,0,3,0.19678880400093002
STEX,causal,tb_164_166#3,bo_161#0,burst_148_161#0,原有,161,164,3,0,2025-05-16,3.9922731586391627,-0.025225808006480777,3,0,3,0,3,0,3,0.19678880400093002
SYRE,cur,tb_274_275#1,bo_264#0,burst_263_264#0,原有,264,274,10,0,2025-10-23,0.5446823586158959,-0.07498419966817621,2,0,2,0,2,0,2,0.05751014275745865
SYRE,cur,tb_274_275#2,bo_268#0,burst_263_268#0,原有,268,274,6,0,2025-10-23,0.5446823586158959,-0.07498419966817621,2,0,2,0,2,0,2,0.05751014275745865
SYRE,wide,tb_274_275#0,bo_263#0,burst_263_264#0,新增,264,274,10,0,2025-10-23,0.5446823586158959,-0.07498419966817621,2,0,2,0,2,0,2,0.05751014275745865
SYRE,wide,tb_274_275#1,bo_264#0,burst_263_264#0,原有,264,274,10,0,2025-10-23,0.5446823586158959,-0.07498419966817621,2,0,2,0,2,0,2,0.05751014275745865
SYRE,wide,tb_274_275#2,bo_268#0,burst_263_268#0,原有,268,274,6,0,2025-10-23,0.5446823586158959,-0.07498419966817621,2,0,2,0,2,0,2,0.05751014275745865
SYRE,causal,tb_274_275#0,bo_263#0,burst_263_264#0,新增,264,274,10,0,2025-10-23,0.5446823586158959,-0.07498419966817621,2,0,2,0,2,0,2,0.05751014275745865
SYRE,causal,tb_274_275#1,bo_264#0,burst_263_264#0,原有,264,274,10,0,2025-10-23,0.5446823586158959,-0.07498419966817621,2,0,2,0,2,0,2,0.05751014275745865
SYRE,causal,tb_274_275#2,bo_268#0,burst_263_268#0,原有,268,274,6,0,2025-10-23,0.5446823586158959,-0.07498419966817621,2,0,2,0,2,0,2,0.05751014275745865
TLSA,cur,tb_112#2,bo_110#0,burst_107_110#0,原有,110,112,2,0,2025-03-04,0.6608695706257524,-0.36521736155836193,1,0,1,0,1,0,1,0.08856211781153
TLSA,wide,tb_112#0,bo_107#0,burst_107_110#0,新增,110,112,2,0,2025-03-04,0.6608695706257524,-0.36521736155836193,1,0,1,0,1,0,1,0.08856211781153
TLSA,wide,tb_112#1,bo_109#0,burst_107_110#0,新增,110,112,2,0,2025-03-04,0.6608695706257524,-0.36521736155836193,1,0,1,0,1,0,1,0.08856211781153
TLSA,wide,tb_112#2,bo_110#0,burst_107_110#0,原有,110,112,2,0,2025-03-04,0.6608695706257524,-0.36521736155836193,1,0,1,0,1,0,1,0.08856211781153
TLSA,causal,tb_112#0,bo_107#0,burst_107_110#0,新增,110,112,2,0,2025-03-04,0.6608695706257524,-0.36521736155836193,1,0,1,0,1,0,1,0.08856211781153
TLSA,causal,tb_112#1,bo_109#0,burst_107_110#0,新增,110,112,2,0,2025-03-04,0.6608695706257524,-0.36521736155836193,1,0,1,0,1,0,1,0.08856211781153
TLSA,causal,tb_112#2,bo_110#0,burst_107_110#0,原有,110,112,2,0,2025-03-04,0.6608695706257524,-0.36521736155836193,1,0,1,0,1,0,1,0.08856211781153
TIC,cur,tb_150#0,bo_147#0,burst_147#0,原有,147,150,3,0,2025-09-23,0.03777782222371151,-0.3624999619192537,0,1,0,1,0,1,1,0.035980219824878194
TIC,wide,tb_150#0,bo_147#0,burst_147#0,原有,147,150,3,0,2025-09-23,0.03777782222371151,-0.3624999619192537,0,1,0,1,0,1,1,0.035980219824878194
TIC,causal,tb_150#0,bo_147#0,burst_147#0,原有,147,150,3,0,2025-09-23,0.03777782222371151,-0.3624999619192537,0,1,0,1,0,1,1,0.035980219824878194
TNEYF,cur,tb_174#0,bo_170#0,burst_160_170#0,原有,170,174,4,0,2025-06-02,0.2263417923002251,-0.006116233213438682,1,0,1,0,1,0,1,0.026313137349899728
TNEYF,cur,tb_178#0,bo_175#0,burst_160_175#0,原有,175,178,3,0,2025-06-06,0.20424554138972617,0.00900893296465144,1,0,1,0,1,0,1,0.025318708734417765
TNEYF,wide,tb_164_169#0,bo_160#0,burst_160_170#0,新增,170,164,-6,2,2025-05-16,0.19442736241292613,-0.017030829909640038,6,0,6,0,6,0,6,0.026261954663095586
TNEYF,wide,tb_164_169#1,bo_162#0,burst_160_170#0,新增,170,164,-6,2,2025-05-16,0.19442736241292613,-0.017030829909640038,6,0,6,0,6,0,6,0.026261954663095586
TNEYF,wide,tb_169_173#0,bo_167#0,burst_160_170#0,新增,170,169,-1,1,2025-05-23,0.19567445631314323,-0.032557013773076404,5,0,5,0,5,0,5,0.026768688341100175
TNEYF,wide,tb_174#0,bo_170#0,burst_160_170#0,原有,170,174,4,0,2025-06-02,0.2263417923002251,-0.006116233213438682,1,0,1,0,1,0,1,0.026313137349899728
TNEYF,wide,tb_178#0,bo_175#0,burst_160_175#0,原有,175,178,3,0,2025-06-06,0.20424554138972617,0.00900893296465144,1,0,1,0,1,0,1,0.025318708734417765
TNEYF,causal,tb_174#0,bo_170#0,burst_160_170#0,原有,170,174,4,0,2025-06-02,0.2263417923002251,-0.006116233213438682,1,0,1,0,1,0,1,0.026313137349899728
TNEYF,causal,tb_178#0,bo_175#0,burst_160_175#0,原有,175,178,3,0,2025-06-06,0.20424554138972617,0.00900893296465144,1,0,1,0,1,0,1,0.025318708734417765
TBLA,cur,tb_292_307#0,bo_287#0,burst_283_287#0,原有,287,292,5,0,2025-11-18,0.1562658196223381,-0.05760347664127996,15,1,4,2,0,2,16,0.039458604181433876
TBLA,wide,tb_292_303#0,bo_283#0,burst_283_287#0,新增,287,292,5,0,2025-11-18,0.16032363785654782,-0.035795770117912545,12,0,2,0,0,0,12,0.039458604181433876
TBLA,wide,tb_292_306#0,bo_286#0,burst_283_287#0,新增,287,292,5,0,2025-11-18,0.1572486562049934,-0.05055099470362683,14,1,4,1,0,1,15,0.039458604181433876
TBLA,wide,tb_292_307#0,bo_287#0,burst_283_287#0,原有,287,292,5,0,2025-11-18,0.1562658196223381,-0.05760347664127996,15,1,4,2,0,2,16,0.039458604181433876
TBLA,causal,tb_292_303#0,bo_283#0,burst_283_287#0,新增,287,292,5,0,2025-11-18,0.16032363785654782,-0.035795770117912545,12,0,2,0,0,0,12,0.039458604181433876
TBLA,causal,tb_292_306#0,bo_286#0,burst_283_287#0,新增,287,292,5,0,2025-11-18,0.1572486562049934,-0.05055099470362683,14,1,4,1,0,1,15,0.039458604181433876
TBLA,causal,tb_292_307#0,bo_287#0,burst_283_287#0,原有,287,292,5,0,2025-11-18,0.1562658196223381,-0.05760347664127996,15,1,4,2,0,2,16,0.039458604181433876
TEO,cur,tb_286_287#0,bo_281#0,burst_276_281#0,原有,281,286,5,0,2025-11-10,0.06446805494986041,-0.138362632516576,0,0,0,0,0,0,2,0.06272417389700227
TEO,cur,tb_286_287#1,bo_283#0,burst_276_283#0,原有,283,286,3,0,2025-11-10,0.06446805494986041,-0.138362632516576,0,0,0,0,0,0,2,0.06272417389700227
TEO,cur,tb_288_293#0,bo_286#0,burst_276_286#0,原有,286,288,2,0,2025-11-12,0.03654578994301708,-0.16931904821279828,0,0,0,0,0,0,6,0.060988521994282036
TEO,cur,tb_290_293#0,bo_288#0,burst_276_288#0,原有,288,290,2,0,2025-11-14,0.03523302822605179,-0.17455898835835276,0,0,0,0,0,0,4,0.06272417389700227
TEO,wide,tb_286_287#0,bo_281#0,burst_276_281#0,原有,281,286,5,0,2025-11-10,0.06446805494986041,-0.138362632516576,0,0,0,0,0,0,2,0.06272417389700227
TEO,wide,tb_286_287#1,bo_283#0,burst_276_283#0,原有,283,286,3,0,2025-11-10,0.06446805494986041,-0.138362632516576,0,0,0,0,0,0,2,0.06272417389700227
TEO,wide,tb_288_293#0,bo_286#0,burst_276_286#0,原有,286,288,2,0,2025-11-12,0.03654578994301708,-0.16931904821279828,0,0,0,0,0,0,6,0.060988521994282036
TEO,wide,tb_290_293#0,bo_288#0,burst_276_288#0,原有,288,290,2,0,2025-11-14,0.03523302822605179,-0.17455898835835276,0,0,0,0,0,0,4,0.06272417389700227
TEO,causal,tb_286_287#0,bo_281#0,burst_276_281#0,原有,281,286,5,0,2025-11-10,0.06446805494986041,-0.138362632516576,0,0,0,0,0,0,2,0.06272417389700227
TEO,causal,tb_286_287#1,bo_283#0,burst_276_283#0,原有,283,286,3,0,2025-11-10,0.06446805494986041,-0.138362632516576,0,0,0,0,0,0,2,0.06272417389700227
TEO,causal,tb_288_293#0,bo_286#0,burst_276_286#0,原有,286,288,2,0,2025-11-12,0.03654578994301708,-0.16931904821279828,0,0,0,0,0,0,6,0.060988521994282036
TEO,causal,tb_290_293#0,bo_288#0,burst_276_288#0,原有,288,290,2,0,2025-11-14,0.03523302822605179,-0.17455898835835276,0,0,0,0,0,0,4,0.06272417389700227
TRON,cur,tb_193#1,bo_182#0,burst_168_182#0,原有,182,193,11,0,2025-06-30,0.6516129278367566,-0.3754838512789819,0,0,0,0,0,0,1,0.1891143371545318
TRON,cur,tb_193#2,bo_184#0,burst_168_184#0,原有,184,193,9,0,2025-06-30,0.6516129278367566,-0.3754838512789819,0,0,0,0,0,0,1,0.1891143371545318
TRON,wide,tb_176#0,bo_168#0,burst_168_182#0,新增,182,176,-6,2,2025-06-04,19.846905087178584,0.004885930401774985,1,0,1,0,1,0,1,0.10079009480008741
TRON,wide,tb_176#1,bo_169#0,burst_168_182#0,新增,182,176,-6,2,2025-06-04,19.846905087178584,0.004885930401774985,1,0,1,0,1,0,1,0.10079009480008741
TRON,wide,tb_193#0,bo_177#0,burst_168_182#0,新增,182,193,11,0,2025-06-30,0.6516129278367566,-0.3754838512789819,0,0,0,0,0,0,1,0.1891143371545318
TRON,wide,tb_193#1,bo_182#0,burst_168_182#0,原有,182,193,11,0,2025-06-30,0.6516129278367566,-0.3754838512789819,0,0,0,0,0,0,1,0.1891143371545318
TRON,wide,tb_193#2,bo_184#0,burst_168_184#0,原有,184,193,9,0,2025-06-30,0.6516129278367566,-0.3754838512789819,0,0,0,0,0,0,1,0.1891143371545318
TRON,causal,tb_193#0,bo_177#0,burst_168_182#0,新增,182,193,11,0,2025-06-30,0.6516129278367566,-0.3754838512789819,0,0,0,0,0,0,1,0.1891143371545318
TRON,causal,tb_193#1,bo_182#0,burst_168_182#0,原有,182,193,11,0,2025-06-30,0.6516129278367566,-0.3754838512789819,0,0,0,0,0,0,1,0.1891143371545318
TRON,causal,tb_193#2,bo_184#0,burst_168_184#0,原有,184,193,9,0,2025-06-30,0.6516129278367566,-0.3754838512789819,0,0,0,0,0,0,1,0.1891143371545318
TRT,cur,tb_271_272#1,bo_266#0,burst_263_266#0,原有,266,271,5,0,2025-10-20,0.44536780897425343,-0.12279264940524348,2,0,2,0,2,0,2,0.053393578227988014
TRT,cur,tb_271_272#2,bo_267#0,burst_263_267#0,原有,267,271,4,0,2025-10-20,0.44536780897425343,-0.12279264940524348,2,0,2,0,2,0,2,0.053393578227988014
TRT,wide,tb_271_272#0,bo_263#0,burst_263_266#0,新增,266,271,5,0,2025-10-20,0.44536780897425343,-0.12279264940524348,2,0,2,0,2,0,2,0.053393578227988014
TRT,wide,tb_271_272#1,bo_266#0,burst_263_266#0,原有,266,271,5,0,2025-10-20,0.44536780897425343,-0.12279264940524348,2,0,2,0,2,0,2,0.053393578227988014
TRT,wide,tb_271_272#2,bo_267#0,burst_263_267#0,原有,267,271,4,0,2025-10-20,0.44536780897425343,-0.12279264940524348,2,0,2,0,2,0,2,0.053393578227988014
TRT,causal,tb_271_272#0,bo_263#0,burst_263_266#0,新增,266,271,5,0,2025-10-20,0.44536780897425343,-0.12279264940524348,2,0,2,0,2,0,2,0.053393578227988014
TRT,causal,tb_271_272#1,bo_266#0,burst_263_266#0,原有,266,271,5,0,2025-10-20,0.44536780897425343,-0.12279264940524348,2,0,2,0,2,0,2,0.053393578227988014
TRT,causal,tb_271_272#2,bo_267#0,burst_263_267#0,原有,267,271,4,0,2025-10-20,0.44536780897425343,-0.12279264940524348,2,0,2,0,2,0,2,0.053393578227988014
TONX,cur,tb_175#0,bo_173#0,burst_166_173#0,原有,173,175,2,0,2025-06-03,0.514030568180657,-0.1864796354044771,1,0,1,0,0,0,1,0.09161463406111715
TONX,wide,tb_175#0,bo_173#0,burst_166_173#0,原有,173,175,2,0,2025-06-03,0.514030568180657,-0.1864796354044771,1,0,1,0,0,0,1,0.09161463406111715
TONX,causal,tb_175#0,bo_173#0,burst_166_173#0,原有,173,175,2,0,2025-06-03,0.514030568180657,-0.1864796354044771,1,0,1,0,0,0,1,0.09161463406111715
TPCS,cur,tb_169_172#1,bo_163#0,burst_154_163#0,原有,163,169,6,0,2025-05-23,0.07561949042732707,-0.19617645230167435,0,0,0,0,0,0,4,0.07187298885284096
TPCS,cur,tb_169_172#2,bo_165#0,burst_154_165#0,原有,165,169,4,0,2025-05-23,0.07561949042732707,-0.19617645230167435,0,0,0,0,0,0,4,0.07187298885284096
TPCS,wide,tb_169_172#0,bo_158#0,burst_154_163#0,新增,163,169,6,0,2025-05-23,0.07561949042732707,-0.19617645230167435,0,0,0,0,0,0,4,0.07187298885284096
TPCS,wide,tb_169_172#1,bo_163#0,burst_154_163#0,原有,163,169,6,0,2025-05-23,0.07561949042732707,-0.19617645230167435,0,0,0,0,0,0,4,0.07187298885284096
TPCS,wide,tb_169_172#2,bo_165#0,burst_154_165#0,原有,165,169,4,0,2025-05-23,0.07561949042732707,-0.19617645230167435,0,0,0,0,0,0,4,0.07187298885284096
TPCS,causal,tb_169_172#0,bo_158#0,burst_154_163#0,新增,163,169,6,0,2025-05-23,0.07561949042732707,-0.19617645230167435,0,0,0,0,0,0,4,0.07187298885284096
TPCS,causal,tb_169_172#1,bo_163#0,burst_154_163#0,原有,163,169,6,0,2025-05-23,0.07561949042732707,-0.19617645230167435,0,0,0,0,0,0,4,0.07187298885284096
TPCS,causal,tb_169_172#2,bo_165#0,burst_154_165#0,原有,165,169,4,0,2025-05-23,0.07561949042732707,-0.19617645230167435,0,0,0,0,0,0,4,0.07187298885284096
TIL,cur,tb_174_175#1,bo_172#0,burst_168_172#0,原有,172,174,2,0,2025-06-02,0.43713704882885873,-0.30813220096576593,0,0,0,0,0,0,2,0.14076768827784256
TIL,wide,tb_174_175#0,bo_171#0,burst_168_172#0,新增,172,174,2,0,2025-06-02,0.43713704882885873,-0.30813220096576593,0,0,0,0,0,0,2,0.14076768827784256
TIL,wide,tb_174_175#1,bo_172#0,burst_168_172#0,原有,172,174,2,0,2025-06-02,0.43713704882885873,-0.30813220096576593,0,0,0,0,0,0,2,0.14076768827784256
TIL,causal,tb_174_175#0,bo_171#0,burst_168_172#0,新增,172,174,2,0,2025-06-02,0.43713704882885873,-0.30813220096576593,0,0,0,0,0,0,2,0.14076768827784256
TIL,causal,tb_174_175#1,bo_172#0,burst_168_172#0,原有,172,174,2,0,2025-06-02,0.43713704882885873,-0.30813220096576593,0,0,0,0,0,0,2,0.14076768827784256
TISI,cur,tb_144_145#0,bo_138#0,burst_135_138#0,原有,138,144,6,0,2025-04-17,0.02464697017059958,-0.30324006995504715,0,2,0,2,0,0,2,0.0835891181760691
TISI,wide,tb_144_145#0,bo_138#0,burst_135_138#0,原有,138,144,6,0,2025-04-17,0.02464697017059958,-0.30324006995504715,0,2,0,2,0,0,2,0.0835891181760691
TISI,causal,tb_144_145#0,bo_138#0,burst_135_138#0,原有,138,144,6,0,2025-04-17,0.02464697017059958,-0.30324006995504715,0,2,0,2,0,0,2,0.0835891181760691
TKLF,cur,tb_204#0,bo_202#0,burst_200_202#0,原有,202,204,2,0,2025-07-16,0.008457691555391778,-0.18656716506430004,0,1,0,0,0,0,1,0.0563491935144229
TKLF,wide,tb_202#0,bo_200#0,burst_200_202#0,新增,202,202,0,1,2025-07-14,0.019093060289627983,-0.21957042093795343,0,1,0,1,0,0,1,0.052356403514333655
TKLF,wide,tb_204#0,bo_202#0,burst_200_202#0,原有,202,204,2,0,2025-07-16,0.008457691555391778,-0.18656716506430004,0,1,0,0,0,0,1,0.0563491935144229
TKLF,causal,tb_204#0,bo_202#0,burst_200_202#0,原有,202,204,2,0,2025-07-16,0.008457691555391778,-0.18656716506430004,0,1,0,0,0,0,1,0.0563491935144229
TSNDF,cur,tb_220_221#0,bo_218#0,burst_211_218#0,原有,218,220,2,0,2025-08-07,1.3516163306076676,-0.018865891558924597,2,0,2,0,2,0,2,0.1305008828085517
TSNDF,cur,tb_226#0,bo_224#0,burst_211_224#0,原有,224,226,2,0,2025-08-15,0.5078407789529025,-0.14957782080240933,0,0,0,0,0,0,1,0.13535064588494186
TSNDF,wide,tb_220_221#0,bo_218#0,burst_211_218#0,原有,218,220,2,0,2025-08-07,1.3516163306076676,-0.018865891558924597,2,0,2,0,2,0,2,0.1305008828085517
TSNDF,wide,tb_226#0,bo_224#0,burst_211_224#0,原有,224,226,2,0,2025-08-15,0.5078407789529025,-0.14957782080240933,0,0,0,0,0,0,1,0.13535064588494186
TSNDF,causal,tb_220_221#0,bo_218#0,burst_211_218#0,原有,218,220,2,0,2025-08-07,1.3516163306076676,-0.018865891558924597,2,0,2,0,2,0,2,0.1305008828085517
TSNDF,causal,tb_226#0,bo_224#0,burst_211_224#0,原有,224,226,2,0,2025-08-15,0.5078407789529025,-0.14957782080240933,0,0,0,0,0,0,1,0.13535064588494186
TRIB,cur,tb_231#0,bo_225#0,burst_217_225#0,原有,225,231,6,0,2025-08-22,0.04458594325106491,-0.38853506594285625,0,1,0,1,0,0,1,0.10977242303398049
TRIB,wide,tb_220#0,bo_217#0,burst_217_225#0,新增,225,220,-5,1,2025-08-07,2.865168665743978,-0.07865167862085831,1,0,1,0,1,0,1,0.06803037401576592
TRIB,wide,tb_220#1,bo_218#0,burst_217_225#0,新增,225,220,-5,1,2025-08-07,2.865168665743978,-0.07865167862085831,1,0,1,0,1,0,1,0.06803037401576592
TRIB,wide,tb_231#0,bo_225#0,burst_217_225#0,原有,225,231,6,0,2025-08-22,0.04458594325106491,-0.38853506594285625,0,1,0,1,0,0,1,0.10977242303398049
TRIB,causal,tb_231#0,bo_225#0,burst_217_225#0,原有,225,231,6,0,2025-08-22,0.04458594325106491,-0.38853506594285625,0,1,0,1,0,0,1,0.10977242303398049
TULP,cur,tb_172_173#0,bo_169#0,burst_165_169#0,原有,169,172,3,0,2025-05-29,0.056908533447050824,-0.22619197140458203,0,0,0,0,0,0,2,0.08025348465840651
TULP,cur,tb_175_193#0,bo_173#0,burst_165_173#0,原有,173,175,2,0,2025-06-03,0.1267130940028664,-0.17679991653956853,0,6,0,1,0,1,19,0.08995102606718079
TULP,wide,tb_172_173#0,bo_169#0,burst_165_169#0,原有,169,172,3,0,2025-05-29,0.056908533447050824,-0.22619197140458203,0,0,0,0,0,0,2,0.08025348465840651
TULP,wide,tb_175_193#0,bo_173#0,burst_165_173#0,原有,173,175,2,0,2025-06-03,0.1267130940028664,-0.17679991653956853,0,6,0,1,0,1,19,0.08995102606718079
TULP,causal,tb_172_173#0,bo_169#0,burst_165_169#0,原有,169,172,3,0,2025-05-29,0.056908533447050824,-0.22619197140458203,0,0,0,0,0,0,2,0.08025348465840651
TULP,causal,tb_175_193#0,bo_173#0,burst_165_173#0,原有,173,175,2,0,2025-06-03,0.1267130940028664,-0.17679991653956853,0,6,0,1,0,1,19,0.08995102606718079
TUNGF,cur,tb_164#0,bo_160#0,burst_155_160#0,原有,160,164,4,0,2025-08-15,3.036135391038777,-0.2521278806511785,1,0,1,0,1,0,1,0.10775133242418364
TUNGF,wide,tb_164#0,bo_160#0,burst_155_160#0,原有,160,164,4,0,2025-08-15,3.036135391038777,-0.2521278806511785,1,0,1,0,1,0,1,0.10775133242418364
TUNGF,causal,tb_164#0,bo_160#0,burst_155_160#0,原有,160,164,4,0,2025-08-15,3.036135391038777,-0.2521278806511785,1,0,1,0,1,0,1,0.10775133242418364
VCUFF,cur,tb_185#2,bo_182#0,burst_177_182#0,原有,182,185,3,0,2025-06-17,0.6219839829693707,-0.1327077455597535,1,0,0,0,0,0,1,0.15226824016497267
VCUFF,wide,tb_185#0,bo_177#0,burst_177_182#0,新增,182,185,3,0,2025-06-17,0.6219839829693707,-0.1327077455597535,1,0,0,0,0,0,1,0.15226824016497267
VCUFF,wide,tb_185#1,bo_179#0,burst_177_182#0,新增,182,185,3,0,2025-06-17,0.6219839829693707,-0.1327077455597535,1,0,0,0,0,0,1,0.15226824016497267
VCUFF,wide,tb_185#2,bo_182#0,burst_177_182#0,原有,182,185,3,0,2025-06-17,0.6219839829693707,-0.1327077455597535,1,0,0,0,0,0,1,0.15226824016497267
VCUFF,causal,tb_185#0,bo_177#0,burst_177_182#0,新增,182,185,3,0,2025-06-17,0.6219839829693707,-0.1327077455597535,1,0,0,0,0,0,1,0.15226824016497267
VCUFF,causal,tb_185#1,bo_179#0,burst_177_182#0,新增,182,185,3,0,2025-06-17,0.6219839829693707,-0.1327077455597535,1,0,0,0,0,0,1,0.15226824016497267
VCUFF,causal,tb_185#2,bo_182#0,burst_177_182#0,原有,182,185,3,0,2025-06-17,0.6219839829693707,-0.1327077455597535,1,0,0,0,0,0,1,0.15226824016497267
VERI,cur,tb_214_221#0,bo_207#0,burst_204_207#0,原有,207,214,7,0,2025-07-30,1.7441536493639278,-0.08243813373659029,8,0,8,0,8,0,8,0.09636584382120895
VERI,wide,tb_206#0,bo_204#0,burst_204_207#0,新增,207,206,-1,1,2025-07-18,0.898230079626531,-0.15929204240010708,1,0,1,0,1,0,1,0.09107665752433858
VERI,wide,tb_214_221#0,bo_207#0,burst_204_207#0,原有,207,214,7,0,2025-07-30,1.7441536493639278,-0.08243813373659029,8,0,8,0,8,0,8,0.09636584382120895
VERI,causal,tb_214_221#0,bo_207#0,burst_204_207#0,原有,207,214,7,0,2025-07-30,1.7441536493639278,-0.08243813373659029,8,0,8,0,8,0,8,0.09636584382120895
URGN,cur,tb_192_193#1,bo_184#0,burst_183_184#0,原有,184,192,8,0,2025-06-27,0.5458810858441283,-0.06357049313829338,2,0,2,0,0,0,2,0.10377304769007231
URGN,wide,tb_192_193#0,bo_183#0,burst_183_184#0,新增,184,192,8,0,2025-06-27,0.5458810858441283,-0.06357049313829338,2,0,2,0,0,0,2,0.10377304769007231
URGN,wide,tb_192_193#1,bo_184#0,burst_183_184#0,原有,184,192,8,0,2025-06-27,0.5458810858441283,-0.06357049313829338,2,0,2,0,0,0,2,0.10377304769007231
URGN,causal,tb_192_193#0,bo_183#0,burst_183_184#0,新增,184,192,8,0,2025-06-27,0.5458810858441283,-0.06357049313829338,2,0,2,0,0,0,2,0.10377304769007231
URGN,causal,tb_192_193#1,bo_184#0,burst_183_184#0,原有,184,192,8,0,2025-06-27,0.5458810858441283,-0.06357049313829338,2,0,2,0,0,0,2,0.10377304769007231
TVRD,cur,tb_149#0,bo_146#0,burst_143_146#0,原有,146,149,3,0,2025-04-25,0.8201591872124874,-0.05305039680439683,1,0,1,0,1,0,1,0.07378532407567634
TVRD,cur,tb_158#0,bo_154#0,burst_143_154#0,原有,154,158,4,0,2025-05-08,0.31708262488081806,-0.18848368488344525,0,0,0,0,0,0,1,0.12726853113237818
TVRD,wide,tb_149#0,bo_146#0,burst_143_146#0,原有,146,149,3,0,2025-04-25,0.8201591872124874,-0.05305039680439683,1,0,1,0,1,0,1,0.07378532407567634
TVRD,wide,tb_158#0,bo_154#0,burst_143_154#0,原有,154,158,4,0,2025-05-08,0.31708262488081806,-0.18848368488344525,0,0,0,0,0,0,1,0.12726853113237818
TVRD,causal,tb_149#0,bo_146#0,burst_143_146#0,原有,146,149,3,0,2025-04-25,0.8201591872124874,-0.05305039680439683,1,0,1,0,1,0,1,0.07378532407567634
TVRD,causal,tb_158#0,bo_154#0,burst_143_154#0,原有,154,158,4,0,2025-05-08,0.31708262488081806,-0.18848368488344525,0,0,0,0,0,0,1,0.12726853113237818
TWIN,cur,tb_241_250#0,bo_238#0,burst_230_238#0,原有,238,241,3,0,2025-09-08,0.262023242300351,-0.03244554209224757,10,0,9,0,4,0,10,0.04256847934225484
TWIN,cur,tb_244_250#0,bo_241#0,burst_230_241#0,原有,241,244,3,0,2025-09-11,0.27403606298247357,-0.0277215073117907,7,0,7,0,4,0,7,0.04553398614798798
TWIN,wide,tb_236#0,bo_232#0,burst_230_238#0,新增,238,236,-2,1,2025-08-29,0.3053797969381833,-0.05063296668545503,1,0,1,0,1,0,1,0.034388326246234224
TWIN,wide,tb_241_250#0,bo_238#0,burst_230_238#0,原有,238,241,3,0,2025-09-08,0.262023242300351,-0.03244554209224757,10,0,9,0,4,0,10,0.04256847934225484
TWIN,wide,tb_244_250#0,bo_241#0,burst_230_241#0,原有,241,244,3,0,2025-09-11,0.27403606298247357,-0.0277215073117907,7,0,7,0,4,0,7,0.04553398614798798
TWIN,causal,tb_241_250#0,bo_238#0,burst_230_238#0,原有,238,241,3,0,2025-09-08,0.262023242300351,-0.03244554209224757,10,0,9,0,4,0,10,0.04256847934225484
TWIN,causal,tb_244_250#0,bo_241#0,burst_230_241#0,原有,241,244,3,0,2025-09-11,0.27403606298247357,-0.0277215073117907,7,0,7,0,4,0,7,0.04553398614798798
VATE,cur,tb_86#0,bo_83#0,burst_83#0,原有,83,86,3,0,2025-01-24,0.30217183788077184,-0.3314447760441338,1,0,0,1,0,1,1,0.07376736016489346
VATE,wide,tb_86#0,bo_83#0,burst_83#0,原有,83,86,3,0,2025-01-24,0.30217183788077184,-0.3314447760441338,1,0,0,1,0,1,1,0.07376736016489346
VATE,causal,tb_86#0,bo_83#0,burst_83#0,原有,83,86,3,0,2025-01-24,0.30217183788077184,-0.3314447760441338,1,0,0,1,0,1,1,0.07376736016489346
VRCA,cur,tb_302_319#0,bo_299#0,burst_296_299#0,原有,299,302,3,0,2025-12-03,0.12419925971305777,-0.27496006492014935,0,1,0,0,0,0,18,0.10230886823167787
VRCA,wide,tb_302_316#0,bo_296#0,burst_296_299#0,新增,299,302,3,0,2025-12-03,0.1298240774445186,-0.2607033915726891,0,0,0,0,0,0,15,0.10230886823167787
VRCA,wide,tb_302_317#0,bo_297#0,burst_296_299#0,新增,299,302,3,0,2025-12-03,0.12688714748701896,-0.26654328191245125,0,0,0,0,0,0,16,0.10230886823167787
VRCA,wide,tb_302_319#0,bo_299#0,burst_296_299#0,原有,299,302,3,0,2025-12-03,0.12419925971305777,-0.27496006492014935,0,1,0,0,0,0,18,0.10230886823167787
VRCA,causal,tb_302_316#0,bo_296#0,burst_296_299#0,新增,299,302,3,0,2025-12-03,0.1298240774445186,-0.2607033915726891,0,0,0,0,0,0,15,0.10230886823167787
VRCA,causal,tb_302_317#0,bo_297#0,burst_296_299#0,新增,299,302,3,0,2025-12-03,0.12688714748701896,-0.26654328191245125,0,0,0,0,0,0,16,0.10230886823167787
VRCA,causal,tb_302_319#0,bo_299#0,burst_296_299#0,原有,299,302,3,0,2025-12-03,0.12419925971305777,-0.27496006492014935,0,1,0,0,0,0,18,0.10230886823167787
VRNO,cur,tb_227_228#1,bo_224#0,burst_218_224#0,原有,224,227,3,0,2025-08-18,0.3214285714285714,-0.24285711560930523,0,0,0,0,0,0,2,0.1570167034317751
VRNO,cur,tb_232_236#0,bo_229#0,burst_218_229#0,原有,229,232,3,0,2025-08-25,0.09213826041746373,-0.36739127853959075,0,0,0,0,0,0,5,0.16797231199554585
VRNO,cur,tb_232_236#1,bo_230#0,burst_218_230#0,原有,230,232,2,0,2025-08-25,0.09213826041746373,-0.36739127853959075,0,0,0,0,0,0,5,0.16797231199554585
VRNO,wide,tb_227_228#0,bo_222#0,burst_218_224#0,新增,224,227,3,0,2025-08-18,0.3214285714285714,-0.24285711560930523,0,0,0,0,0,0,2,0.1570167034317751
VRNO,wide,tb_227_228#1,bo_224#0,burst_218_224#0,原有,224,227,3,0,2025-08-18,0.3214285714285714,-0.24285711560930523,0,0,0,0,0,0,2,0.1570167034317751
VRNO,wide,tb_232_236#0,bo_229#0,burst_218_229#0,原有,229,232,3,0,2025-08-25,0.09213826041746373,-0.36739127853959075,0,0,0,0,0,0,5,0.16797231199554585
VRNO,wide,tb_232_236#1,bo_230#0,burst_218_230#0,原有,230,232,2,0,2025-08-25,0.09213826041746373,-0.36739127853959075,0,0,0,0,0,0,5,0.16797231199554585
VRNO,causal,tb_227_228#0,bo_222#0,burst_218_224#0,新增,224,227,3,0,2025-08-18,0.3214285714285714,-0.24285711560930523,0,0,0,0,0,0,2,0.1570167034317751
VRNO,causal,tb_227_228#1,bo_224#0,burst_218_224#0,原有,224,227,3,0,2025-08-18,0.3214285714285714,-0.24285711560930523,0,0,0,0,0,0,2,0.1570167034317751
VRNO,causal,tb_232_236#0,bo_229#0,burst_218_229#0,原有,229,232,3,0,2025-08-25,0.09213826041746373,-0.36739127853959075,0,0,0,0,0,0,5,0.16797231199554585
VRNO,causal,tb_232_236#1,bo_230#0,burst_218_230#0,原有,230,232,2,0,2025-08-25,0.09213826041746373,-0.36739127853959075,0,0,0,0,0,0,5,0.16797231199554585
VNCE,cur,tb_249#1,bo_244#0,burst_243_244#0,原有,244,249,5,0,2025-09-18,0.3854962874039638,-0.12977096527496945,1,0,1,0,1,0,1,0.05805608325228302
VNCE,wide,tb_249#0,bo_243#0,burst_243_244#0,新增,244,249,5,0,2025-09-18,0.3854962874039638,-0.12977096527496945,1,0,1,0,1,0,1,0.05805608325228302
VNCE,wide,tb_249#1,bo_244#0,burst_243_244#0,原有,244,249,5,0,2025-09-18,0.3854962874039638,-0.12977096527496945,1,0,1,0,1,0,1,0.05805608325228302
VNCE,causal,tb_249#0,bo_243#0,burst_243_244#0,新增,244,249,5,0,2025-09-18,0.3854962874039638,-0.12977096527496945,1,0,1,0,1,0,1,0.05805608325228302
VNCE,causal,tb_249#1,bo_244#0,burst_243_244#0,原有,244,249,5,0,2025-09-18,0.3854962874039638,-0.12977096527496945,1,0,1,0,1,0,1,0.05805608325228302
VNRX,cur,tb_191_194#0,bo_187#0,burst_176_187#0,原有,187,191,4,0,2025-06-26,0.056290826187906984,-0.2568411432757784,0,1,0,0,0,0,4,0.1101009916197796
VNRX,wide,tb_186#0,bo_183#0,burst_176_187#0,新增,187,186,-1,1,2025-06-18,0.40298505763111003,-0.10447758644666494,1,0,0,0,0,0,1,0.09672618916684818
VNRX,wide,tb_186#1,bo_184#0,burst_176_187#0,新增,187,186,-1,1,2025-06-18,0.40298505763111003,-0.10447758644666494,1,0,0,0,0,0,1,0.09672618916684818
VNRX,wide,tb_191_194#0,bo_187#0,burst_176_187#0,原有,187,191,4,0,2025-06-26,0.056290826187906984,-0.2568411432757784,0,1,0,0,0,0,4,0.1101009916197796
VNRX,causal,tb_191_194#0,bo_187#0,burst_176_187#0,原有,187,191,4,0,2025-06-26,0.056290826187906984,-0.2568411432757784,0,1,0,0,0,0,4,0.1101009916197796
VOR,cur,tb_195#2,bo_192#0,burst_188_192#0,原有,192,195,3,0,2025-07-02,1.2689656224744073,0.062068939208984375,1,0,1,0,1,0,1,0.18201165077569442
VOR,cur,tb_195#3,bo_193#0,burst_188_193#0,原有,193,195,2,0,2025-07-02,1.2689656224744073,0.062068939208984375,1,0,1,0,1,0,1,0.18201165077569442
VOR,wide,tb_195#0,bo_188#0,burst_188_192#0,新增,192,195,3,0,2025-07-02,1.2689656224744073,0.062068939208984375,1,0,1,0,1,0,1,0.18201165077569442
VOR,wide,tb_195#1,bo_191#0,burst_188_192#0,新增,192,195,3,0,2025-07-02,1.2689656224744073,0.062068939208984375,1,0,1,0,1,0,1,0.18201165077569442
VOR,wide,tb_195#2,bo_192#0,burst_188_192#0,原有,192,195,3,0,2025-07-02,1.2689656224744073,0.062068939208984375,1,0,1,0,1,0,1,0.18201165077569442
VOR,wide,tb_195#3,bo_193#0,burst_188_193#0,原有,193,195,2,0,2025-07-02,1.2689656224744073,0.062068939208984375,1,0,1,0,1,0,1,0.18201165077569442
VOR,causal,tb_195#0,bo_188#0,burst_188_192#0,新增,192,195,3,0,2025-07-02,1.2689656224744073,0.062068939208984375,1,0,1,0,1,0,1,0.18201165077569442
VOR,causal,tb_195#1,bo_191#0,burst_188_192#0,新增,192,195,3,0,2025-07-02,1.2689656224744073,0.062068939208984375,1,0,1,0,1,0,1,0.18201165077569442
VOR,causal,tb_195#2,bo_192#0,burst_188_192#0,原有,192,195,3,0,2025-07-02,1.2689656224744073,0.062068939208984375,1,0,1,0,1,0,1,0.18201165077569442
VOR,causal,tb_195#3,bo_193#0,burst_188_193#0,原有,193,195,2,0,2025-07-02,1.2689656224744073,0.062068939208984375,1,0,1,0,1,0,1,0.18201165077569442
VVOS,cur,tb_206#1,bo_194#0,burst_187_194#0,原有,194,206,12,0,2025-07-18,0.02113396297138359,-0.4261168701622434,0,1,0,1,0,0,1,0.1436052479739695
VVOS,cur,tb_206#2,bo_196#0,burst_187_196#0,原有,196,206,10,0,2025-07-18,0.02113396297138359,-0.4261168701622434,0,1,0,1,0,0,1,0.1436052479739695
VVOS,cur,tb_206#3,bo_200#0,burst_187_200#0,原有,200,206,6,0,2025-07-18,0.02113396297138359,-0.4261168701622434,0,1,0,1,0,0,1,0.1436052479739695
VVOS,wide,tb_190#0,bo_187#0,burst_187_194#0,新增,194,190,-4,2,2025-06-25,1.6065573552640906,0.0196721126942887,1,0,1,0,1,0,1,0.08363002237527507
VVOS,wide,tb_206#0,bo_191#0,burst_187_194#0,新增,194,206,12,0,2025-07-18,0.02113396297138359,-0.4261168701622434,0,1,0,1,0,0,1,0.1436052479739695
VVOS,wide,tb_206#1,bo_194#0,burst_187_194#0,原有,194,206,12,0,2025-07-18,0.02113396297138359,-0.4261168701622434,0,1,0,1,0,0,1,0.1436052479739695
VVOS,wide,tb_206#2,bo_196#0,burst_187_196#0,原有,196,206,10,0,2025-07-18,0.02113396297138359,-0.4261168701622434,0,1,0,1,0,0,1,0.1436052479739695
VVOS,wide,tb_206#3,bo_200#0,burst_187_200#0,原有,200,206,6,0,2025-07-18,0.02113396297138359,-0.4261168701622434,0,1,0,1,0,0,1,0.1436052479739695
VVOS,causal,tb_206#0,bo_191#0,burst_187_194#0,新增,194,206,12,0,2025-07-18,0.02113396297138359,-0.4261168701622434,0,1,0,1,0,0,1,0.1436052479739695
VVOS,causal,tb_206#1,bo_194#0,burst_187_194#0,原有,194,206,12,0,2025-07-18,0.02113396297138359,-0.4261168701622434,0,1,0,1,0,0,1,0.1436052479739695
VVOS,causal,tb_206#2,bo_196#0,burst_187_196#0,原有,196,206,10,0,2025-07-18,0.02113396297138359,-0.4261168701622434,0,1,0,1,0,0,1,0.1436052479739695
VVOS,causal,tb_206#3,bo_200#0,burst_187_200#0,原有,200,206,6,0,2025-07-18,0.02113396297138359,-0.4261168701622434,0,1,0,1,0,0,1,0.1436052479739695
VIOT,cur,tb_207_210#1,bo_197#0,burst_196_197#0,原有,197,207,10,0,2025-07-21,0.28699949184901186,-0.16250591609921192,0,0,0,0,0,0,4,0.12392175467637472
VIOT,wide,tb_207_210#0,bo_196#0,burst_196_197#0,新增,197,207,10,0,2025-07-21,0.28699949184901186,-0.16250591609921192,0,0,0,0,0,0,4,0.12392175467637472
VIOT,wide,tb_207_210#1,bo_197#0,burst_196_197#0,原有,197,207,10,0,2025-07-21,0.28699949184901186,-0.16250591609921192,0,0,0,0,0,0,4,0.12392175467637472
VIOT,causal,tb_207_210#0,bo_196#0,burst_196_197#0,新增,197,207,10,0,2025-07-21,0.28699949184901186,-0.16250591609921192,0,0,0,0,0,0,4,0.12392175467637472
VIOT,causal,tb_207_210#1,bo_197#0,burst_196_197#0,原有,197,207,10,0,2025-07-21,0.28699949184901186,-0.16250591609921192,0,0,0,0,0,0,4,0.12392175467637472
WIMI,cur,tb_256#1,bo_251#0,burst_244_251#0,原有,251,256,5,0,2025-09-29,0.08008566731674449,-0.4282655176286797,0,1,0,1,0,1,1,0.08723171706607734
WIMI,wide,tb_256#0,bo_249#0,burst_244_251#0,新增,251,256,5,0,2025-09-29,0.08008566731674449,-0.4282655176286797,0,1,0,1,0,1,1,0.08723171706607734
WIMI,wide,tb_256#1,bo_251#0,burst_244_251#0,原有,251,256,5,0,2025-09-29,0.08008566731674449,-0.4282655176286797,0,1,0,1,0,1,1,0.08723171706607734
WIMI,causal,tb_256#0,bo_249#0,burst_244_251#0,新增,251,256,5,0,2025-09-29,0.08008566731674449,-0.4282655176286797,0,1,0,1,0,1,1,0.08723171706607734
WIMI,causal,tb_256#1,bo_251#0,burst_244_251#0,原有,251,256,5,0,2025-09-29,0.08008566731674449,-0.4282655176286797,0,1,0,1,0,1,1,0.08723171706607734
WATT,cur,tb_205#1,bo_200#0,burst_199_200#0,原有,200,205,5,0,2025-07-17,0.5223880573409712,-0.46019900477841424,1,0,1,0,1,0,1,0.07123009433491409
WATT,cur,tb_209#0,bo_206#0,burst_199_206#0,原有,206,209,3,0,2025-07-23,0.04972372132713043,-0.6003683325347995,0,1,0,1,0,1,1,0.09058659630539845
WATT,wide,tb_205#0,bo_199#0,burst_199_200#0,新增,200,205,5,0,2025-07-17,0.5223880573409712,-0.46019900477841424,1,0,1,0,1,0,1,0.07123009433491409
WATT,wide,tb_205#1,bo_200#0,burst_199_200#0,原有,200,205,5,0,2025-07-17,0.5223880573409712,-0.46019900477841424,1,0,1,0,1,0,1,0.07123009433491409
WATT,wide,tb_209#0,bo_206#0,burst_199_206#0,原有,206,209,3,0,2025-07-23,0.04972372132713043,-0.6003683325347995,0,1,0,1,0,1,1,0.09058659630539845
WATT,causal,tb_205#0,bo_199#0,burst_199_200#0,新增,200,205,5,0,2025-07-17,0.5223880573409712,-0.46019900477841424,1,0,1,0,1,0,1,0.07123009433491409
WATT,causal,tb_205#1,bo_200#0,burst_199_200#0,原有,200,205,5,0,2025-07-17,0.5223880573409712,-0.46019900477841424,1,0,1,0,1,0,1,0.07123009433491409
WATT,causal,tb_209#0,bo_206#0,burst_199_206#0,原有,206,209,3,0,2025-07-23,0.04972372132713043,-0.6003683325347995,0,1,0,1,0,1,1,0.09058659630539845
WEXPF,cur,tb_251_256#0,bo_246#0,burst_237_246#0,原有,246,251,5,0,2025-09-22,0.08036017831395277,-0.2883221713940319,0,6,0,1,0,0,6,0.08260530004843197
WEXPF,wide,tb_246#0,bo_244#0,burst_237_246#0,新增,246,246,0,1,2025-09-15,-0.01897666326848113,-0.3130131938033318,0,1,0,1,0,0,1,0.07859195014920733
WEXPF,wide,tb_251_256#0,bo_246#0,burst_237_246#0,原有,246,251,5,0,2025-09-22,0.08036017831395277,-0.2883221713940319,0,6,0,1,0,0,6,0.08260530004843197
WEXPF,causal,tb_251_256#0,bo_246#0,burst_237_246#0,原有,246,251,5,0,2025-09-22,0.08036017831395277,-0.2883221713940319,0,6,0,1,0,0,6,0.08260530004843197
VSAT,cur,tb_189#0,bo_183#0,burst_183#0,原有,183,189,6,0,2025-06-24,1.2026195039188816,0.004622528638884793,1,0,1,0,1,0,1,0.06159344966098652
VSAT,cur,tb_189#1,bo_186#0,burst_183_186#0,原有,186,189,3,0,2025-06-24,1.2026195039188816,0.004622528638884793,1,0,1,0,1,0,1,0.06159344966098652
VSAT,wide,tb_189#0,bo_183#0,burst_183#0,原有,183,189,6,0,2025-06-24,1.2026195039188816,0.004622528638884793,1,0,1,0,1,0,1,0.06159344966098652
VSAT,wide,tb_189#1,bo_186#0,burst_183_186#0,原有,186,189,3,0,2025-06-24,1.2026195039188816,0.004622528638884793,1,0,1,0,1,0,1,0.06159344966098652
VSAT,causal,tb_189#0,bo_183#0,burst_183#0,原有,183,189,6,0,2025-06-24,1.2026195039188816,0.004622528638884793,1,0,1,0,1,0,1,0.06159344966098652
VSAT,causal,tb_189#1,bo_186#0,burst_183_186#0,原有,186,189,3,0,2025-06-24,1.2026195039188816,0.004622528638884793,1,0,1,0,1,0,1,0.06159344966098652
VSTD,cur,tb_101_103#0,bo_97#0,burst_93_97#0,原有,97,101,4,0,2025-02-14,0.6963653351235157,-0.5114467820464008,0,3,0,2,0,2,3,0.1422027714045978
VSTD,wide,tb_101_103#0,bo_97#0,burst_93_97#0,原有,97,101,4,0,2025-02-14,0.6963653351235157,-0.5114467820464008,0,3,0,2,0,2,3,0.1422027714045978
VSTD,causal,tb_101_103#0,bo_97#0,burst_93_97#0,原有,97,101,4,0,2025-02-14,0.6963653351235157,-0.5114467820464008,0,3,0,2,0,2,3,0.1422027714045978
WSTRF,cur,tb_253_254#1,bo_251#0,burst_244_251#0,原有,251,253,2,0,2025-09-24,0.04578580324489623,-0.6158337787746333,0,2,0,2,0,2,2,0.052339590945093356
WSTRF,wide,tb_248#0,bo_246#0,burst_244_251#0,新增,251,248,-3,2,2025-09-17,0.4534883227314175,-0.34447675917081977,1,0,1,0,1,0,1,0.04723064816339173
WSTRF,wide,tb_253_254#0,bo_250#0,burst_244_251#0,新增,251,253,2,0,2025-09-24,0.04578580324489623,-0.6158337787746333,0,2,0,2,0,2,2,0.052339590945093356
WSTRF,wide,tb_253_254#1,bo_251#0,burst_244_251#0,原有,251,253,2,0,2025-09-24,0.04578580324489623,-0.6158337787746333,0,2,0,2,0,2,2,0.052339590945093356
WSTRF,causal,tb_253_254#0,bo_250#0,burst_244_251#0,新增,251,253,2,0,2025-09-24,0.04578580324489623,-0.6158337787746333,0,2,0,2,0,2,2,0.052339590945093356
WSTRF,causal,tb_253_254#1,bo_251#0,burst_244_251#0,原有,251,253,2,0,2025-09-24,0.04578580324489623,-0.6158337787746333,0,2,0,2,0,2,2,0.052339590945093356
YQ,cur,tb_245#0,bo_242#0,burst_239_242#0,原有,242,245,3,0,2025-09-12,1.406716286790855,0.018656698160751883,1,0,1,0,1,0,1,0.04585754965728723
YQ,cur,tb_256#0,bo_246#0,burst_239_246#0,原有,246,256,10,0,2025-09-29,0.6124999523162842,-0.03750002384185791,1,0,1,0,1,0,1,0.08985236243258553
YQ,cur,tb_256#1,bo_248#0,burst_239_248#0,原有,248,256,8,0,2025-09-29,0.6124999523162842,-0.03750002384185791,1,0,1,0,1,0,1,0.08985236243258553
YQ,wide,tb_245#0,bo_242#0,burst_239_242#0,原有,242,245,3,0,2025-09-12,1.406716286790855,0.018656698160751883,1,0,1,0,1,0,1,0.04585754965728723
YQ,wide,tb_256#0,bo_246#0,burst_239_246#0,原有,246,256,10,0,2025-09-29,0.6124999523162842,-0.03750002384185791,1,0,1,0,1,0,1,0.08985236243258553
YQ,wide,tb_256#1,bo_248#0,burst_239_248#0,原有,248,256,8,0,2025-09-29,0.6124999523162842,-0.03750002384185791,1,0,1,0,1,0,1,0.08985236243258553
YQ,causal,tb_245#0,bo_242#0,burst_239_242#0,原有,242,245,3,0,2025-09-12,1.406716286790855,0.018656698160751883,1,0,1,0,1,0,1,0.04585754965728723
YQ,causal,tb_256#0,bo_246#0,burst_239_246#0,原有,246,256,10,0,2025-09-29,0.6124999523162842,-0.03750002384185791,1,0,1,0,1,0,1,0.08985236243258553
YQ,causal,tb_256#1,bo_248#0,burst_239_248#0,原有,248,256,8,0,2025-09-29,0.6124999523162842,-0.03750002384185791,1,0,1,0,1,0,1,0.08985236243258553
YSG,cur,tb_123#2,bo_120#0,burst_118_120#0,原有,120,123,3,0,2025-03-19,0.0,-0.42033897948929444,0,1,0,1,0,1,1,0.0750241774919235
YSG,cur,tb_123#3,bo_121#0,burst_118_121#0,原有,121,123,2,0,2025-03-19,0.0,-0.42033897948929444,0,1,0,1,0,1,1,0.0750241774919235
YSG,wide,tb_123#0,bo_118#0,burst_118_120#0,新增,120,123,3,0,2025-03-19,0.0,-0.42033897948929444,0,1,0,1,0,1,1,0.0750241774919235
YSG,wide,tb_123#1,bo_119#0,burst_118_120#0,新增,120,123,3,0,2025-03-19,0.0,-0.42033897948929444,0,1,0,1,0,1,1,0.0750241774919235
YSG,wide,tb_123#2,bo_120#0,burst_118_120#0,原有,120,123,3,0,2025-03-19,0.0,-0.42033897948929444,0,1,0,1,0,1,1,0.0750241774919235
YSG,wide,tb_123#3,bo_121#0,burst_118_121#0,原有,121,123,2,0,2025-03-19,0.0,-0.42033897948929444,0,1,0,1,0,1,1,0.0750241774919235
YSG,causal,tb_123#0,bo_118#0,burst_118_120#0,新增,120,123,3,0,2025-03-19,0.0,-0.42033897948929444,0,1,0,1,0,1,1,0.0750241774919235
YSG,causal,tb_123#1,bo_119#0,burst_118_120#0,新增,120,123,3,0,2025-03-19,0.0,-0.42033897948929444,0,1,0,1,0,1,1,0.0750241774919235
YSG,causal,tb_123#2,bo_120#0,burst_118_120#0,原有,120,123,3,0,2025-03-19,0.0,-0.42033897948929444,0,1,0,1,0,1,1,0.0750241774919235
YSG,causal,tb_123#3,bo_121#0,burst_118_121#0,原有,121,123,2,0,2025-03-19,0.0,-0.42033897948929444,0,1,0,1,0,1,1,0.0750241774919235
WHWK,cur,tb_273_278#0,bo_269#0,burst_261_269#0,原有,269,273,4,0,2025-10-22,0.12613226828683136,-0.18526190480859336,0,0,0,0,0,0,6,0.07618146511968518
WHWK,wide,tb_273_278#0,bo_269#0,burst_261_269#0,原有,269,273,4,0,2025-10-22,0.12613226828683136,-0.18526190480859336,0,0,0,0,0,0,6,0.07618146511968518
WHWK,causal,tb_273_278#0,bo_269#0,burst_261_269#0,原有,269,273,4,0,2025-10-22,0.12613226828683136,-0.18526190480859336,0,0,0,0,0,0,6,0.07618146511968518
WRBY,cur,tb_312_313#3,bo_308#0,burst_305_308#0,原有,308,312,4,0,2025-12-17,0.12128671524087598,-0.21921070676657334,0,2,0,0,0,0,2,0.06208028976049046
WRBY,wide,tb_312_313#0,bo_305#0,burst_305_308#0,新增,308,312,4,0,2025-12-17,0.12128671524087598,-0.21921070676657334,0,2,0,0,0,0,2,0.06208028976049046
WRBY,wide,tb_312_313#1,bo_306#0,burst_305_308#0,新增,308,312,4,0,2025-12-17,0.12128671524087598,-0.21921070676657334,0,2,0,0,0,0,2,0.06208028976049046
WRBY,wide,tb_312_313#2,bo_307#0,burst_305_308#0,新增,308,312,4,0,2025-12-17,0.12128671524087598,-0.21921070676657334,0,2,0,0,0,0,2,0.06208028976049046
WRBY,wide,tb_312_313#3,bo_308#0,burst_305_308#0,原有,308,312,4,0,2025-12-17,0.12128671524087598,-0.21921070676657334,0,2,0,0,0,0,2,0.06208028976049046
WRBY,causal,tb_312_313#0,bo_305#0,burst_305_308#0,新增,308,312,4,0,2025-12-17,0.12128671524087598,-0.21921070676657334,0,2,0,0,0,0,2,0.06208028976049046
WRBY,causal,tb_312_313#1,bo_306#0,burst_305_308#0,新增,308,312,4,0,2025-12-17,0.12128671524087598,-0.21921070676657334,0,2,0,0,0,0,2,0.06208028976049046
WRBY,causal,tb_312_313#2,bo_307#0,burst_305_308#0,新增,308,312,4,0,2025-12-17,0.12128671524087598,-0.21921070676657334,0,2,0,0,0,0,2,0.06208028976049046
WRBY,causal,tb_312_313#3,bo_308#0,burst_305_308#0,原有,308,312,4,0,2025-12-17,0.12128671524087598,-0.21921070676657334,0,2,0,0,0,0,2,0.06208028976049046
WRD,cur,tb_82#1,bo_75#0,burst_73_75#0,原有,75,82,7,0,2025-02-26,0.03898885353311399,-0.7043701777952913,0,1,0,1,0,1,1,0.09333916459875834
WRD,wide,tb_82#0,bo_73#0,burst_73_75#0,新增,75,82,7,0,2025-02-26,0.03898885353311399,-0.7043701777952913,0,1,0,1,0,1,1,0.09333916459875834
WRD,wide,tb_82#1,bo_75#0,burst_73_75#0,原有,75,82,7,0,2025-02-26,0.03898885353311399,-0.7043701777952913,0,1,0,1,0,1,1,0.09333916459875834
WRD,causal,tb_82#0,bo_73#0,burst_73_75#0,新增,75,82,7,0,2025-02-26,0.03898885353311399,-0.7043701777952913,0,1,0,1,0,1,1,0.09333916459875834
WRD,causal,tb_82#1,bo_75#0,burst_73_75#0,原有,75,82,7,0,2025-02-26,0.03898885353311399,-0.7043701777952913,0,1,0,1,0,1,1,0.09333916459875834
XYF,cur,tb_108_112#0,bo_101#0,burst_101#0,原有,101,108,7,0,2025-02-26,0.7373588801319106,-0.03285565516629898,5,0,5,0,5,0,5,0.0470807283019475
XYF,cur,tb_108_112#1,bo_102#0,burst_101_102#0,原有,102,108,6,0,2025-02-26,0.7373588801319106,-0.03285565516629898,5,0,5,0,5,0,5,0.0470807283019475
XYF,wide,tb_108_112#0,bo_101#0,burst_101#0,原有,101,108,7,0,2025-02-26,0.7373588801319106,-0.03285565516629898,5,0,5,0,5,0,5,0.0470807283019475
XYF,wide,tb_108_112#1,bo_102#0,burst_101_102#0,原有,102,108,6,0,2025-02-26,0.7373588801319106,-0.03285565516629898,5,0,5,0,5,0,5,0.0470807283019475
XYF,causal,tb_108_112#0,bo_101#0,burst_101#0,原有,101,108,7,0,2025-02-26,0.7373588801319106,-0.03285565516629898,5,0,5,0,5,0,5,0.0470807283019475
XYF,causal,tb_108_112#1,bo_102#0,burst_101_102#0,原有,102,108,6,0,2025-02-26,0.7373588801319106,-0.03285565516629898,5,0,5,0,5,0,5,0.0470807283019475
XPON,cur,tb_209_211#1,bo_206#0,burst_205_206#0,原有,206,209,3,0,2025-07-23,2.883172660390464,-0.2374860935334591,3,0,3,0,3,0,3,0.09386898725188825
XPON,wide,tb_209_211#0,bo_205#0,burst_205_206#0,新增,206,209,3,0,2025-07-23,2.883172660390464,-0.2374860935334591,3,0,3,0,3,0,3,0.09386898725188825
XPON,wide,tb_209_211#1,bo_206#0,burst_205_206#0,原有,206,209,3,0,2025-07-23,2.883172660390464,-0.2374860935334591,3,0,3,0,3,0,3,0.09386898725188825
XPON,causal,tb_209_211#0,bo_205#0,burst_205_206#0,新增,206,209,3,0,2025-07-23,2.883172660390464,-0.2374860935334591,3,0,3,0,3,0,3,0.09386898725188825
XPON,causal,tb_209_211#1,bo_206#0,burst_205_206#0,原有,206,209,3,0,2025-07-23,2.883172660390464,-0.2374860935334591,3,0,3,0,3,0,3,0.09386898725188825
XTNT,cur,tb_168_169#0,bo_165#0,burst_161_165#0,原有,165,168,3,0,2025-05-22,0.0612735426913259,-0.23805998944013546,0,0,0,0,0,0,2,0.10303029124698965
XTNT,cur,tb_268#1,bo_266#0,burst_261_266#0,原有,266,268,2,0,2025-10-15,0.2337662488458374,-0.2727272516158278,0,1,0,1,0,0,1,0.06299597260710604
XTNT,wide,tb_164_168#0,bo_161#0,burst_161_165#0,新增,165,164,-1,1,2025-05-16,0.11567297261463398,-0.1990039868707097,0,0,0,0,0,0,5,0.10874700763291606
XTNT,wide,tb_168_169#0,bo_165#0,burst_161_165#0,原有,165,168,3,0,2025-05-22,0.0612735426913259,-0.23805998944013546,0,0,0,0,0,0,2,0.10303029124698965
XTNT,wide,tb_268#0,bo_265#0,burst_261_266#0,新增,266,268,2,0,2025-10-15,0.2337662488458374,-0.2727272516158278,0,1,0,1,0,0,1,0.06299597260710604
XTNT,wide,tb_268#1,bo_266#0,burst_261_266#0,原有,266,268,2,0,2025-10-15,0.2337662488458374,-0.2727272516158278,0,1,0,1,0,0,1,0.06299597260710604
XTNT,causal,tb_168_169#0,bo_165#0,burst_161_165#0,原有,165,168,3,0,2025-05-22,0.0612735426913259,-0.23805998944013546,0,0,0,0,0,0,2,0.10303029124698965
XTNT,causal,tb_268#0,bo_265#0,burst_261_266#0,新增,266,268,2,0,2025-10-15,0.2337662488458374,-0.2727272516158278,0,1,0,1,0,0,1,0.06299597260710604
XTNT,causal,tb_268#1,bo_266#0,burst_261_266#0,原有,266,268,2,0,2025-10-15,0.2337662488458374,-0.2727272516158278,0,1,0,1,0,0,1,0.06299597260710604
ZOOZ,wide,tb_207#0,bo_205#0,burst_205_208#0,新增,208,207,-1,1,2025-07-21,2.151079168280709,-0.021582679517531345,1,0,1,0,1,0,1,0.11254960346292564
ZENA,cur,tb_174_176#0,bo_172#0,burst_168_172#0,原有,172,174,2,0,2025-06-12,0.4035301142208499,-0.35696423077245126,0,3,0,3,0,2,3,0.08982192923333525
ZENA,wide,tb_171#0,bo_168#0,burst_168_172#0,新增,172,171,-1,1,2025-06-09,0.5528634911832389,-0.2885462453274684,1,0,1,0,1,0,1,0.08312254640772969
ZENA,wide,tb_171#1,bo_169#0,burst_168_172#0,新增,172,171,-1,1,2025-06-09,0.5528634911832389,-0.2885462453274684,1,0,1,0,1,0,1,0.08312254640772969
ZENA,wide,tb_174_176#0,bo_172#0,burst_168_172#0,原有,172,174,2,0,2025-06-12,0.4035301142208499,-0.35696423077245126,0,3,0,3,0,2,3,0.08982192923333525
ZENA,causal,tb_174_176#0,bo_172#0,burst_168_172#0,原有,172,174,2,0,2025-06-12,0.4035301142208499,-0.35696423077245126,0,3,0,3,0,2,3,0.08982192923333525
ZEPP,cur,tb_205_206#1,bo_198#0,burst_197_198#0,原有,198,205,7,0,2025-07-17,3.0967009116609114,-0.2375848806506214,2,0,2,0,2,0,2,0.12473965564056491
ZEPP,wide,tb_205_206#0,bo_197#0,burst_197_198#0,新增,198,205,7,0,2025-07-17,3.0967009116609114,-0.2375848806506214,2,0,2,0,2,0,2,0.12473965564056491
ZEPP,wide,tb_205_206#1,bo_198#0,burst_197_198#0,原有,198,205,7,0,2025-07-17,3.0967009116609114,-0.2375848806506214,2,0,2,0,2,0,2,0.12473965564056491
ZEPP,causal,tb_205_206#0,bo_197#0,burst_197_198#0,新增,198,205,7,0,2025-07-17,3.0967009116609114,-0.2375848806506214,2,0,2,0,2,0,2,0.12473965564056491
ZEPP,causal,tb_205_206#1,bo_198#0,burst_197_198#0,原有,198,205,7,0,2025-07-17,3.0967009116609114,-0.2375848806506214,2,0,2,0,2,0,2,0.12473965564056491
ZH,cur,tb_107_109#1,bo_101#0,burst_97_101#0,原有,101,107,6,0,2025-02-25,0.08503510464772919,-0.3992565317112855,0,3,0,3,0,3,3,0.06776725263710356
ZH,wide,tb_107_109#0,bo_100#0,burst_97_101#0,新增,101,107,6,0,2025-02-25,0.08503510464772919,-0.3992565317112855,0,3,0,3,0,3,3,0.06776725263710356
ZH,wide,tb_107_109#1,bo_101#0,burst_97_101#0,原有,101,107,6,0,2025-02-25,0.08503510464772919,-0.3992565317112855,0,3,0,3,0,3,3,0.06776725263710356
ZH,causal,tb_107_109#0,bo_100#0,burst_97_101#0,新增,101,107,6,0,2025-02-25,0.08503510464772919,-0.3992565317112855,0,3,0,3,0,3,3,0.06776725263710356
ZH,causal,tb_107_109#1,bo_101#0,burst_97_101#0,原有,101,107,6,0,2025-02-25,0.08503510464772919,-0.3992565317112855,0,3,0,3,0,3,3,0.06776725263710356
XELB,cur,tb_263_269#0,bo_260#0,burst_251_260#0,原有,260,263,3,0,2025-10-08,0.06797822160241473,-0.6470906065309847,0,7,0,7,0,7,7,0.06452356486495286
XELB,wide,tb_263_266#0,bo_254#0,burst_251_260#0,新增,260,263,3,0,2025-10-08,0.11711714845760024,-0.6376997252457148,0,4,0,4,0,4,4,0.06452356486495286
XELB,wide,tb_263_269#0,bo_260#0,burst_251_260#0,原有,260,263,3,0,2025-10-08,0.06797822160241473,-0.6470906065309847,0,7,0,7,0,7,7,0.06452356486495286
XELB,causal,tb_263_266#0,bo_254#0,burst_251_260#0,新增,260,263,3,0,2025-10-08,0.11711714845760024,-0.6376997252457148,0,4,0,4,0,4,4,0.06452356486495286
XELB,causal,tb_263_269#0,bo_260#0,burst_251_260#0,原有,260,263,3,0,2025-10-08,0.06797822160241473,-0.6470906065309847,0,7,0,7,0,7,7,0.06452356486495286
WWR,cur,tb_263#0,bo_259#0,burst_253_259#0,原有,259,263,4,0,2025-10-08,1.4509804379889628,-0.464052282234621,1,0,1,0,1,0,1,0.10947708663322012
WWR,cur,tb_263#1,bo_261#0,burst_253_261#0,原有,261,263,2,0,2025-10-08,1.4509804379889628,-0.464052282234621,1,0,1,0,1,0,1,0.10947708663322012
WWR,wide,tb_263#0,bo_259#0,burst_253_259#0,原有,259,263,4,0,2025-10-08,1.4509804379889628,-0.464052282234621,1,0,1,0,1,0,1,0.10947708663322012
WWR,wide,tb_263#1,bo_261#0,burst_253_261#0,原有,261,263,2,0,2025-10-08,1.4509804379889628,-0.464052282234621,1,0,1,0,1,0,1,0.10947708663322012
WWR,causal,tb_263#0,bo_259#0,burst_253_259#0,原有,259,263,4,0,2025-10-08,1.4509804379889628,-0.464052282234621,1,0,1,0,1,0,1,0.10947708663322012
WWR,causal,tb_263#1,bo_261#0,burst_253_261#0,原有,261,263,2,0,2025-10-08,1.4509804379889628,-0.464052282234621,1,0,1,0,1,0,1,0.10947708663322012
WYY,cur,tb_162#0,bo_159#0,burst_151_159#0,原有,159,162,3,0,2025-05-14,0.001666704813639397,-0.5266666809717815,0,1,0,1,0,1,1,0.1083881624984344
WYY,wide,tb_154#0,bo_151#0,burst_151_159#0,新增,159,154,-5,2,2025-05-02,0.34347825140493327,-0.3826087015112317,0,1,0,1,0,0,1,0.11930650952221405
WYY,wide,tb_157_159#0,bo_154#0,burst_151_159#0,新增,159,157,-2,1,2025-05-07,0.1981358087558275,-0.4494003740216151,0,3,0,3,0,3,3,0.1259149279987461
WYY,wide,tb_162#0,bo_159#0,burst_151_159#0,原有,159,162,3,0,2025-05-14,0.001666704813639397,-0.5266666809717815,0,1,0,1,0,1,1,0.1083881624984344
WYY,causal,tb_162#0,bo_159#0,burst_151_159#0,原有,159,162,3,0,2025-05-14,0.001666704813639397,-0.5266666809717815,0,1,0,1,0,1,1,0.1083881624984344
ZSTK,wide,tb_250#0,bo_246#0,burst_246_251#0,新增,251,250,-1,1,2025-09-19,0.7279411280031449,-0.7325000066616953,1,0,1,0,1,0,1,0.08326883055781906
ZSTK,wide,tb_250#1,bo_248#0,burst_246_251#0,新增,251,250,-1,1,2025-09-19,0.7279411280031449,-0.7325000066616953,1,0,1,0,1,0,1,0.08326883055781906
ZTEK,cur,tb_153_155#1,bo_150#0,burst_149_150#0,原有,150,153,3,0,2025-05-01,0.026474070257619053,-0.41473516564456325,0,3,0,3,0,3,3,0.09045453681970864
ZTEK,wide,tb_153_155#0,bo_149#0,burst_149_150#0,新增,150,153,3,0,2025-05-01,0.026474070257619053,-0.41473516564456325,0,3,0,3,0,3,3,0.09045453681970864
ZTEK,wide,tb_153_155#1,bo_150#0,burst_149_150#0,原有,150,153,3,0,2025-05-01,0.026474070257619053,-0.41473516564456325,0,3,0,3,0,3,3,0.09045453681970864
ZTEK,causal,tb_153_155#0,bo_149#0,burst_149_150#0,新增,150,153,3,0,2025-05-01,0.026474070257619053,-0.41473516564456325,0,3,0,3,0,3,3,0.09045453681970864
ZTEK,causal,tb_153_155#1,bo_150#0,burst_149_150#0,原有,150,153,3,0,2025-05-01,0.026474070257619053,-0.41473516564456325,0,3,0,3,0,3,3,0.09045453681970864
ZURA,cur,tb_209_210#0,bo_205#0,burst_200_205#0,原有,205,209,4,0,2025-07-23,0.35312762295637246,-0.2017733708653246,2,0,0,0,0,0,2,0.0808722759198206
ZURA,wide,tb_209_210#0,bo_205#0,burst_200_205#0,原有,205,209,4,0,2025-07-23,0.35312762295637246,-0.2017733708653246,2,0,0,0,0,0,2,0.0808722759198206
ZURA,causal,tb_209_210#0,bo_205#0,burst_200_205#0,原有,205,209,4,0,2025-07-23,0.35312762295637246,-0.2017733708653246,2,0,0,0,0,0,2,0.0808722759198206
XNET,cur,tb_92_94#1,bo_87#0,burst_86_87#0,原有,87,92,5,0,2025-02-03,1.1705896913030653,-0.009099941272439368,3,0,3,0,3,0,3,0.05513470140132076
XNET,wide,tb_92_94#0,bo_86#0,burst_86_87#0,新增,87,92,5,0,2025-02-03,1.1705896913030653,-0.009099941272439368,3,0,3,0,3,0,3,0.05513470140132076
XNET,wide,tb_92_94#1,bo_87#0,burst_86_87#0,原有,87,92,5,0,2025-02-03,1.1705896913030653,-0.009099941272439368,3,0,3,0,3,0,3,0.05513470140132076
XNET,causal,tb_92_94#0,bo_86#0,burst_86_87#0,新增,87,92,5,0,2025-02-03,1.1705896913030653,-0.009099941272439368,3,0,3,0,3,0,3,0.05513470140132076
XNET,causal,tb_92_94#1,bo_87#0,burst_86_87#0,原有,87,92,5,0,2025-02-03,1.1705896913030653,-0.009099941272439368,3,0,3,0,3,0,3,0.05513470140132076
