symbol,variant,tb_id,bo_id,burst_id,group,burst_end,tb_start,causal_gap,n_bo_after,tb_date,fr,dd,fp4_up,fp4_down,fp_up,fp_down,fp6_up,fp6_down,n_buy_bars,atr_pct
ACIC,cur,tb_288_289#0,bo_285#0,burst_277_285#0,原有,285,288,3,0,2024-11-08,0.13608736864518123,-0.0774726786832613,0,0,0,0,0,0,2,0.046082562637094315
ACIC,cur,tb_288_289#1,bo_286#0,burst_277_286#0,原有,286,288,2,0,2024-11-08,0.13608736864518123,-0.0774726786832613,0,0,0,0,0,0,2,0.046082562637094315
ACIC,wide,tb_288_289#0,bo_285#0,burst_277_285#0,原有,285,288,3,0,2024-11-08,0.13608736864518123,-0.0774726786832613,0,0,0,0,0,0,2,0.046082562637094315
ACIC,wide,tb_288_289#1,bo_286#0,burst_277_286#0,原有,286,288,2,0,2024-11-08,0.13608736864518123,-0.0774726786832613,0,0,0,0,0,0,2,0.046082562637094315
ACIC,causal,tb_288_289#0,bo_285#0,burst_277_285#0,原有,285,288,3,0,2024-11-08,0.13608736864518123,-0.0774726786832613,0,0,0,0,0,0,2,0.046082562637094315
ACIC,causal,tb_288_289#1,bo_286#0,burst_277_286#0,原有,286,288,2,0,2024-11-08,0.13608736864518123,-0.0774726786832613,0,0,0,0,0,0,2,0.046082562637094315
AIP,cur,tb_314#0,bo_310#0,burst_300_310#0,原有,310,314,4,0,2024-12-17,0.2640000343322755,-0.1279999732971191,1,0,1,0,0,0,1,0.05171594377438808
AIP,wide,tb_307#0,bo_305#0,burst_300_310#0,新增,310,307,-3,1,2024-12-06,0.40600674806809334,-0.04115682925240627,1,0,1,0,1,0,1,0.05030309022308495
AIP,wide,tb_314#0,bo_310#0,burst_300_310#0,原有,310,314,4,0,2024-12-17,0.2640000343322755,-0.1279999732971191,1,0,1,0,0,0,1,0.05171594377438808
AIP,causal,tb_314#0,bo_310#0,burst_300_310#0,原有,310,314,4,0,2024-12-17,0.2640000343322755,-0.1279999732971191,1,0,1,0,0,0,1,0.05171594377438808
ACHR,wide,tb_292#0,bo_288#0,burst_288_295#0,新增,295,292,-3,1,2024-11-14,1.9079255227035623,-0.05594400308910452,1,0,1,0,1,0,1,0.07169691097632461
ACHR,wide,tb_292#1,bo_289#0,burst_288_295#0,新增,295,292,-3,1,2024-11-14,1.9079255227035623,-0.05594400308910452,1,0,1,0,1,0,1,0.07169691097632461
ALGS,cur,tb_112#0,bo_109#0,burst_107_109#0,原有,109,112,3,0,2024-02-29,0.21212121212121215,-0.26262626262626265,0,1,0,0,0,0,1,0.07539914515323873
ALGS,wide,tb_112#0,bo_109#0,burst_107_109#0,原有,109,112,3,0,2024-02-29,0.21212121212121215,-0.26262626262626265,0,1,0,0,0,0,1,0.07539914515323873
ALGS,causal,tb_112#0,bo_109#0,burst_107_109#0,原有,109,112,3,0,2024-02-29,0.21212121212121215,-0.26262626262626265,0,1,0,0,0,0,1,0.07539914515323873
AAOI,cur,tb_250_254#0,bo_247#0,burst_238_247#0,原有,247,250,3,0,2024-09-17,1.1126632521609234,-0.09882521563380646,5,0,5,0,5,0,5,0.08771660677984355
AAOI,cur,tb_259#0,bo_255#0,burst_238_255#0,原有,255,259,4,0,2024-09-30,1.7679943709891615,-0.13207549181702805,1,0,1,0,1,0,1,0.09229724871970682
AAOI,wide,tb_246#0,bo_238#0,burst_238_247#0,新增,247,246,-1,1,2024-09-11,0.5610130905159905,-0.04681501682104405,1,0,1,0,1,0,1,0.07934082494471568
AAOI,wide,tb_246#1,bo_240#0,burst_238_247#0,新增,247,246,-1,1,2024-09-11,0.5610130905159905,-0.04681501682104405,1,0,1,0,1,0,1,0.07934082494471568
AAOI,wide,tb_250_254#0,bo_247#0,burst_238_247#0,原有,247,250,3,0,2024-09-17,1.1126632521609234,-0.09882521563380646,5,0,5,0,5,0,5,0.08771660677984355
AAOI,wide,tb_259#0,bo_255#0,burst_238_255#0,原有,255,259,4,0,2024-09-30,1.7679943709891615,-0.13207549181702805,1,0,1,0,1,0,1,0.09229724871970682
AAOI,causal,tb_250_254#0,bo_247#0,burst_238_247#0,原有,247,250,3,0,2024-09-17,1.1126632521609234,-0.09882521563380646,5,0,5,0,5,0,5,0.08771660677984355
AAOI,causal,tb_259#0,bo_255#0,burst_238_255#0,原有,255,259,4,0,2024-09-30,1.7679943709891615,-0.13207549181702805,1,0,1,0,1,0,1,0.09229724871970682
ADAPY,cur,tb_82_83#0,bo_75#0,burst_69_75#0,原有,75,82,7,0,2024-01-17,1.8314970217938933,-0.05661469124070406,2,0,2,0,2,0,2,0.13497750789041849
ADAPY,wide,tb_82_83#0,bo_75#0,burst_69_75#0,原有,75,82,7,0,2024-01-17,1.8314970217938933,-0.05661469124070406,2,0,2,0,2,0,2,0.13497750789041849
ADAPY,causal,tb_82_83#0,bo_75#0,burst_69_75#0,原有,75,82,7,0,2024-01-17,1.8314970217938933,-0.05661469124070406,2,0,2,0,2,0,2,0.13497750789041849
AENT,cur,tb_86#1,bo_83#0,burst_81_83#0,原有,83,86,3,0,2024-01-23,0.6357142863224965,-0.2357142352328,1,0,0,0,0,0,1,0.14721297520116372
AENT,wide,tb_86#0,bo_81#0,burst_81_83#0,新增,83,86,3,0,2024-01-23,0.6357142863224965,-0.2357142352328,1,0,0,0,0,0,1,0.14721297520116372
AENT,wide,tb_86#1,bo_83#0,burst_81_83#0,原有,83,86,3,0,2024-01-23,0.6357142863224965,-0.2357142352328,1,0,0,0,0,0,1,0.14721297520116372
AENT,causal,tb_86#0,bo_81#0,burst_81_83#0,新增,83,86,3,0,2024-01-23,0.6357142863224965,-0.2357142352328,1,0,0,0,0,0,1,0.14721297520116372
AENT,causal,tb_86#1,bo_83#0,burst_81_83#0,原有,83,86,3,0,2024-01-23,0.6357142863224965,-0.2357142352328,1,0,0,0,0,0,1,0.14721297520116372
AHCO,cur,tb_113_116#0,bo_110#0,burst_110#0,原有,110,113,3,0,2024-03-01,0.11853421499261074,-0.13368424702093412,0,0,0,0,0,0,4,0.0634624652628096
AHCO,wide,tb_113_116#0,bo_110#0,burst_110#0,原有,110,113,3,0,2024-03-01,0.11853421499261074,-0.13368424702093412,0,0,0,0,0,0,4,0.0634624652628096
AHCO,causal,tb_113_116#0,bo_110#0,burst_110#0,原有,110,113,3,0,2024-03-01,0.11853421499261074,-0.13368424702093412,0,0,0,0,0,0,4,0.0634624652628096
ACB,cur,tb_138#0,bo_135#0,burst_128_135#0,原有,135,138,3,0,2024-04-08,0.3338088553759069,-0.2239657803708528,0,0,0,0,0,0,1,0.15064791871381245
ACB,wide,tb_138#0,bo_135#0,burst_128_135#0,原有,135,138,3,0,2024-04-08,0.3338088553759069,-0.2239657803708528,0,0,0,0,0,0,1,0.15064791871381245
ACB,causal,tb_138#0,bo_135#0,burst_128_135#0,原有,135,138,3,0,2024-04-08,0.3338088553759069,-0.2239657803708528,0,0,0,0,0,0,1,0.15064791871381245
ADNH,cur,tb_294_299#2,bo_290#0,burst_282_290#0,原有,290,294,4,0,2024-11-18,0.1471717036066741,-0.39931827370644185,0,2,0,0,0,0,6,0.19686014088073656
ADNH,wide,tb_294_299#0,bo_285#0,burst_282_290#0,新增,290,294,4,0,2024-11-18,0.1471717036066741,-0.39931827370644185,0,2,0,0,0,0,6,0.19686014088073656
ADNH,wide,tb_294_299#1,bo_287#0,burst_282_290#0,新增,290,294,4,0,2024-11-18,0.1471717036066741,-0.39931827370644185,0,2,0,0,0,0,6,0.19686014088073656
ADNH,wide,tb_294_299#2,bo_290#0,burst_282_290#0,原有,290,294,4,0,2024-11-18,0.1471717036066741,-0.39931827370644185,0,2,0,0,0,0,6,0.19686014088073656
ADNH,causal,tb_294_299#0,bo_285#0,burst_282_290#0,新增,290,294,4,0,2024-11-18,0.1471717036066741,-0.39931827370644185,0,2,0,0,0,0,6,0.19686014088073656
ADNH,causal,tb_294_299#1,bo_287#0,burst_282_290#0,新增,290,294,4,0,2024-11-18,0.1471717036066741,-0.39931827370644185,0,2,0,0,0,0,6,0.19686014088073656
ADNH,causal,tb_294_299#2,bo_290#0,burst_282_290#0,原有,290,294,4,0,2024-11-18,0.1471717036066741,-0.39931827370644185,0,2,0,0,0,0,6,0.19686014088073656
AMBIQ,cur,tb_221#0,bo_219#0,burst_214_219#0,原有,219,221,2,0,2024-08-06,0.2163627243558901,-0.28785469405712294,0,1,0,0,0,0,1,0.09558726334815584
AMBIQ,wide,tb_219#0,bo_217#0,burst_214_219#0,新增,219,219,0,1,2024-08-02,0.16593975771091785,-0.3173758872743404,0,1,0,1,0,0,1,0.08976081718325855
AMBIQ,wide,tb_221#0,bo_219#0,burst_214_219#0,原有,219,221,2,0,2024-08-06,0.2163627243558901,-0.28785469405712294,0,1,0,0,0,0,1,0.09558726334815584
AMBIQ,causal,tb_221#0,bo_219#0,burst_214_219#0,原有,219,221,2,0,2024-08-06,0.2163627243558901,-0.28785469405712294,0,1,0,0,0,0,1,0.09558726334815584
AMBR,cur,tb_311_315#0,bo_296#0,burst_296#0,原有,296,311,15,0,2024-12-12,0.4187865778605088,-0.1085831225839979,0,0,0,0,0,0,5,0.1382361897453565
AMBR,cur,tb_311_315#1,bo_297#0,burst_296_297#0,原有,297,311,14,0,2024-12-12,0.4187865778605088,-0.1085831225839979,0,0,0,0,0,0,5,0.1382361897453565
AMBR,wide,tb_311_315#0,bo_296#0,burst_296#0,原有,296,311,15,0,2024-12-12,0.4187865778605088,-0.1085831225839979,0,0,0,0,0,0,5,0.1382361897453565
AMBR,wide,tb_311_315#1,bo_297#0,burst_296_297#0,原有,297,311,14,0,2024-12-12,0.4187865778605088,-0.1085831225839979,0,0,0,0,0,0,5,0.1382361897453565
AMBR,causal,tb_311_315#0,bo_296#0,burst_296#0,原有,296,311,15,0,2024-12-12,0.4187865778605088,-0.1085831225839979,0,0,0,0,0,0,5,0.1382361897453565
AMBR,causal,tb_311_315#1,bo_297#0,burst_296_297#0,原有,297,311,14,0,2024-12-12,0.4187865778605088,-0.1085831225839979,0,0,0,0,0,0,5,0.1382361897453565
AMST,cur,tb_83#1,bo_78#0,burst_66_78#0,原有,78,83,5,0,2024-01-18,0.18385093695047727,-0.23395442937301147,0,0,0,0,0,0,1,0.10242672584006915
AMST,cur,tb_313#1,bo_308#0,burst_304_308#0,原有,308,313,5,0,2024-12-16,0.592131896544734,-0.39086292880397744,1,0,1,0,1,0,1,0.07537846643850979
AMST,wide,tb_83#0,bo_76#0,burst_66_78#0,新增,78,83,5,0,2024-01-18,0.18385093695047727,-0.23395442937301147,0,0,0,0,0,0,1,0.10242672584006915
AMST,wide,tb_83#1,bo_78#0,burst_66_78#0,原有,78,83,5,0,2024-01-18,0.18385093695047727,-0.23395442937301147,0,0,0,0,0,0,1,0.10242672584006915
AMST,wide,tb_306_307#0,bo_304#0,burst_304_308#0,新增,308,306,-2,2,2024-12-05,0.8839366601599222,-0.2792207341746525,2,0,2,0,2,0,2,0.0607031524130622
AMST,wide,tb_313#0,bo_306#0,burst_304_308#0,新增,308,313,5,0,2024-12-16,0.592131896544734,-0.39086292880397744,1,0,1,0,1,0,1,0.07537846643850979
AMST,wide,tb_313#1,bo_308#0,burst_304_308#0,原有,308,313,5,0,2024-12-16,0.592131896544734,-0.39086292880397744,1,0,1,0,1,0,1,0.07537846643850979
AMST,causal,tb_83#0,bo_76#0,burst_66_78#0,新增,78,83,5,0,2024-01-18,0.18385093695047727,-0.23395442937301147,0,0,0,0,0,0,1,0.10242672584006915
AMST,causal,tb_83#1,bo_78#0,burst_66_78#0,原有,78,83,5,0,2024-01-18,0.18385093695047727,-0.23395442937301147,0,0,0,0,0,0,1,0.10242672584006915
AMST,causal,tb_313#0,bo_306#0,burst_304_308#0,新增,308,313,5,0,2024-12-16,0.592131896544734,-0.39086292880397744,1,0,1,0,1,0,1,0.07537846643850979
AMST,causal,tb_313#1,bo_308#0,burst_304_308#0,原有,308,313,5,0,2024-12-16,0.592131896544734,-0.39086292880397744,1,0,1,0,1,0,1,0.07537846643850979
API,cur,tb_267_268#0,bo_261#0,burst_260_261#0,原有,261,267,6,0,2024-10-10,1.0230488119621588,-0.19258679027151032,2,0,2,0,2,0,2,0.08133751416659432
API,wide,tb_262#0,bo_260#0,burst_260_261#0,新增,261,262,1,0,2024-10-03,0.3111111153924775,-0.4707070734315766,0,1,0,1,0,1,1,0.052935265621664576
API,wide,tb_267_268#0,bo_261#0,burst_260_261#0,原有,261,267,6,0,2024-10-10,1.0230488119621588,-0.19258679027151032,2,0,2,0,2,0,2,0.08133751416659432
API,causal,tb_262#0,bo_260#0,burst_260_261#0,新增,261,262,1,0,2024-10-03,0.3111111153924775,-0.4707070734315766,0,1,0,1,0,1,1,0.052935265621664576
API,causal,tb_267_268#0,bo_261#0,burst_260_261#0,原有,261,267,6,0,2024-10-10,1.0230488119621588,-0.19258679027151032,2,0,2,0,2,0,2,0.08133751416659432
APLD,cur,tb_191#0,bo_187#0,burst_180_187#0,原有,187,191,4,0,2024-06-24,0.18914475490099192,-0.4078947450975964,0,1,0,1,0,1,1,0.10338188713376922
APLD,cur,tb_191#1,bo_189#0,burst_180_189#0,原有,189,191,2,0,2024-06-24,0.18914475490099192,-0.4078947450975964,0,1,0,1,0,1,1,0.10338188713376922
APLD,wide,tb_191#0,bo_187#0,burst_180_187#0,原有,187,191,4,0,2024-06-24,0.18914475490099192,-0.4078947450975964,0,1,0,1,0,1,1,0.10338188713376922
APLD,wide,tb_191#1,bo_189#0,burst_180_189#0,原有,189,191,2,0,2024-06-24,0.18914475490099192,-0.4078947450975964,0,1,0,1,0,1,1,0.10338188713376922
APLD,causal,tb_191#0,bo_187#0,burst_180_187#0,原有,187,191,4,0,2024-06-24,0.18914475490099192,-0.4078947450975964,0,1,0,1,0,1,1,0.10338188713376922
APLD,causal,tb_191#1,bo_189#0,burst_180_189#0,原有,189,191,2,0,2024-06-24,0.18914475490099192,-0.4078947450975964,0,1,0,1,0,1,1,0.10338188713376922
ARBB,cur,tb_282_285#1,bo_278#0,burst_271_278#0,原有,278,282,4,0,2024-10-31,1.2045649987287206,-0.250054174030487,4,0,4,0,4,0,4,0.12691902721432669
ARBB,wide,tb_282_285#0,bo_271#0,burst_271_278#0,新增,278,282,4,0,2024-10-31,1.2045649987287206,-0.250054174030487,4,0,4,0,4,0,4,0.12691902721432669
ARBB,wide,tb_282_285#1,bo_278#0,burst_271_278#0,原有,278,282,4,0,2024-10-31,1.2045649987287206,-0.250054174030487,4,0,4,0,4,0,4,0.12691902721432669
ARBB,causal,tb_282_285#0,bo_271#0,burst_271_278#0,新增,278,282,4,0,2024-10-31,1.2045649987287206,-0.250054174030487,4,0,4,0,4,0,4,0.12691902721432669
ARBB,causal,tb_282_285#1,bo_278#0,burst_271_278#0,原有,278,282,4,0,2024-10-31,1.2045649987287206,-0.250054174030487,4,0,4,0,4,0,4,0.12691902721432669
AUST,cur,tb_265_266#0,bo_260#0,burst_255_260#0,原有,260,265,5,0,2024-10-08,1.4856665142277758,-0.003190270548499019,2,0,2,0,2,0,2,0.07352399936986681
AUST,cur,tb_272#0,bo_267#0,burst_255_267#0,原有,267,272,5,0,2024-10-17,0.7722223009592242,-0.24444441648177084,1,0,1,0,1,0,1,0.10287157879684589
AUST,wide,tb_257_259#0,bo_255#0,burst_255_260#0,新增,260,257,-3,1,2024-09-26,1.7982456993418292,-0.01725146666641571,3,0,3,0,3,0,3,0.06735855055413742
AUST,wide,tb_265_266#0,bo_260#0,burst_255_260#0,原有,260,265,5,0,2024-10-08,1.4856665142277758,-0.003190270548499019,2,0,2,0,2,0,2,0.07352399936986681
AUST,wide,tb_272#0,bo_267#0,burst_255_267#0,原有,267,272,5,0,2024-10-17,0.7722223009592242,-0.24444441648177084,1,0,1,0,1,0,1,0.10287157879684589
AUST,causal,tb_265_266#0,bo_260#0,burst_255_260#0,原有,260,265,5,0,2024-10-08,1.4856665142277758,-0.003190270548499019,2,0,2,0,2,0,2,0.07352399936986681
AUST,causal,tb_272#0,bo_267#0,burst_255_267#0,原有,267,272,5,0,2024-10-17,0.7722223009592242,-0.24444441648177084,1,0,1,0,1,0,1,0.10287157879684589
BAER,cur,tb_277_278#2,bo_275#0,burst_273_275#0,原有,275,277,2,0,2024-10-24,0.20528650134875237,-0.3916172950083206,0,2,0,2,0,2,2,0.09172429750351717
BAER,wide,tb_277_278#0,bo_273#0,burst_273_275#0,新增,275,277,2,0,2024-10-24,0.20528650134875237,-0.3916172950083206,0,2,0,2,0,2,2,0.09172429750351717
BAER,wide,tb_277_278#1,bo_274#0,burst_273_275#0,新增,275,277,2,0,2024-10-24,0.20528650134875237,-0.3916172950083206,0,2,0,2,0,2,2,0.09172429750351717
BAER,wide,tb_277_278#2,bo_275#0,burst_273_275#0,原有,275,277,2,0,2024-10-24,0.20528650134875237,-0.3916172950083206,0,2,0,2,0,2,2,0.09172429750351717
BAER,causal,tb_277_278#0,bo_273#0,burst_273_275#0,新增,275,277,2,0,2024-10-24,0.20528650134875237,-0.3916172950083206,0,2,0,2,0,2,2,0.09172429750351717
BAER,causal,tb_277_278#1,bo_274#0,burst_273_275#0,新增,275,277,2,0,2024-10-24,0.20528650134875237,-0.3916172950083206,0,2,0,2,0,2,2,0.09172429750351717
BAER,causal,tb_277_278#2,bo_275#0,burst_273_275#0,原有,275,277,2,0,2024-10-24,0.20528650134875237,-0.3916172950083206,0,2,0,2,0,2,2,0.09172429750351717
ATHE,cur,tb_312_314#2,bo_304#0,burst_302_304#0,原有,304,312,8,0,2024-12-13,1.5242872660014488,-0.12273491878295413,3,0,3,0,3,0,3,0.09902093445859941
ATHE,cur,tb_312_314#3,bo_305#0,burst_302_305#0,原有,305,312,7,0,2024-12-13,1.5242872660014488,-0.12273491878295413,3,0,3,0,3,0,3,0.09902093445859941
ATHE,cur,tb_312_314#4,bo_308#0,burst_302_308#0,原有,308,312,4,0,2024-12-13,1.5242872660014488,-0.12273491878295413,3,0,3,0,3,0,3,0.09902093445859941
ATHE,wide,tb_312_314#0,bo_302#0,burst_302_304#0,新增,304,312,8,0,2024-12-13,1.5242872660014488,-0.12273491878295413,3,0,3,0,3,0,3,0.09902093445859941
ATHE,wide,tb_312_314#1,bo_303#0,burst_302_304#0,新增,304,312,8,0,2024-12-13,1.5242872660014488,-0.12273491878295413,3,0,3,0,3,0,3,0.09902093445859941
ATHE,wide,tb_312_314#2,bo_304#0,burst_302_304#0,原有,304,312,8,0,2024-12-13,1.5242872660014488,-0.12273491878295413,3,0,3,0,3,0,3,0.09902093445859941
ATHE,wide,tb_312_314#3,bo_305#0,burst_302_305#0,原有,305,312,7,0,2024-12-13,1.5242872660014488,-0.12273491878295413,3,0,3,0,3,0,3,0.09902093445859941
ATHE,wide,tb_312_314#4,bo_308#0,burst_302_308#0,原有,308,312,4,0,2024-12-13,1.5242872660014488,-0.12273491878295413,3,0,3,0,3,0,3,0.09902093445859941
ATHE,causal,tb_312_314#0,bo_302#0,burst_302_304#0,新增,304,312,8,0,2024-12-13,1.5242872660014488,-0.12273491878295413,3,0,3,0,3,0,3,0.09902093445859941
ATHE,causal,tb_312_314#1,bo_303#0,burst_302_304#0,新增,304,312,8,0,2024-12-13,1.5242872660014488,-0.12273491878295413,3,0,3,0,3,0,3,0.09902093445859941
ATHE,causal,tb_312_314#2,bo_304#0,burst_302_304#0,原有,304,312,8,0,2024-12-13,1.5242872660014488,-0.12273491878295413,3,0,3,0,3,0,3,0.09902093445859941
ATHE,causal,tb_312_314#3,bo_305#0,burst_302_305#0,原有,305,312,7,0,2024-12-13,1.5242872660014488,-0.12273491878295413,3,0,3,0,3,0,3,0.09902093445859941
ATHE,causal,tb_312_314#4,bo_308#0,burst_302_308#0,原有,308,312,4,0,2024-12-13,1.5242872660014488,-0.12273491878295413,3,0,3,0,3,0,3,0.09902093445859941
ASTS,cur,tb_177_182#0,bo_166#0,burst_166#0,原有,166,177,11,0,2024-06-03,1.4582066613906246,-0.06836917581909387,6,0,6,0,6,0,6,0.13996171147299044
ASTS,cur,tb_177_182#1,bo_174#0,burst_166_174#0,原有,174,177,3,0,2024-06-03,1.4582066613906246,-0.06836917581909387,6,0,6,0,6,0,6,0.13996171147299044
ASTS,wide,tb_177_182#0,bo_166#0,burst_166#0,原有,166,177,11,0,2024-06-03,1.4582066613906246,-0.06836917581909387,6,0,6,0,6,0,6,0.13996171147299044
ASTS,wide,tb_177_182#1,bo_174#0,burst_166_174#0,原有,174,177,3,0,2024-06-03,1.4582066613906246,-0.06836917581909387,6,0,6,0,6,0,6,0.13996171147299044
ASTS,causal,tb_177_182#0,bo_166#0,burst_166#0,原有,166,177,11,0,2024-06-03,1.4582066613906246,-0.06836917581909387,6,0,6,0,6,0,6,0.13996171147299044
ASTS,causal,tb_177_182#1,bo_174#0,burst_166_174#0,原有,174,177,3,0,2024-06-03,1.4582066613906246,-0.06836917581909387,6,0,6,0,6,0,6,0.13996171147299044
ATAI,cur,tb_298_305#0,bo_295#0,burst_288_295#0,原有,295,298,3,0,2024-11-22,0.17357362567806495,-0.313145638584535,0,2,0,0,0,0,8,0.12484985466804033
ATAI,wide,tb_298_305#0,bo_295#0,burst_288_295#0,原有,295,298,3,0,2024-11-22,0.17357362567806495,-0.313145638584535,0,2,0,0,0,0,8,0.12484985466804033
ATAI,causal,tb_298_305#0,bo_295#0,burst_288_295#0,原有,295,298,3,0,2024-11-22,0.17357362567806495,-0.313145638584535,0,2,0,0,0,0,8,0.12484985466804033
ARMP,cur,tb_80_81#0,bo_78#0,burst_70_78#0,原有,78,80,2,0,2024-01-12,0.19946667482151748,-0.2610428578183273,0,0,0,0,0,0,2,0.11366391529169968
ARMP,wide,tb_80_81#0,bo_78#0,burst_70_78#0,原有,78,80,2,0,2024-01-12,0.19946667482151748,-0.2610428578183273,0,0,0,0,0,0,2,0.11366391529169968
ARMP,causal,tb_80_81#0,bo_78#0,burst_70_78#0,原有,78,80,2,0,2024-01-12,0.19946667482151748,-0.2610428578183273,0,0,0,0,0,0,2,0.11366391529169968
ARQ,cur,tb_297_302#0,bo_294#0,burst_287_294#0,原有,294,297,3,0,2024-11-21,0.0324049728436005,-0.2056101541493279,0,6,0,5,0,1,6,0.04246310983442467
ARQ,wide,tb_290_291#0,bo_287#0,burst_287_294#0,新增,294,290,-4,2,2024-11-12,0.14145019724870767,-0.1414492738446433,2,0,0,1,0,0,2,0.033271581919608086
ARQ,wide,tb_293#0,bo_290#0,burst_287_294#0,新增,294,293,-1,1,2024-11-15,0.17706818778415157,-0.11465892266497024,1,0,1,0,0,0,1,0.033271581919608086
ARQ,wide,tb_297_302#0,bo_294#0,burst_287_294#0,原有,294,297,3,0,2024-11-21,0.0324049728436005,-0.2056101541493279,0,6,0,5,0,1,6,0.04246310983442467
ARQ,causal,tb_297_302#0,bo_294#0,burst_287_294#0,原有,294,297,3,0,2024-11-21,0.0324049728436005,-0.2056101541493279,0,6,0,5,0,1,6,0.04246310983442467
ARQQ,cur,tb_301#2,bo_299#0,burst_297_299#0,原有,299,301,2,0,2024-11-27,1.949162125170023,-0.12849158022772034,1,0,1,0,1,0,1,0.16128441923209536
ARQQ,cur,tb_307_313#0,bo_304#0,burst_297_304#0,原有,304,307,3,0,2024-12-06,1.1636474433618382,-0.3606194287471059,6,0,2,0,2,0,7,0.1849380166292781
ARQQ,wide,tb_301#0,bo_297#0,burst_297_299#0,新增,299,301,2,0,2024-11-27,1.949162125170023,-0.12849158022772034,1,0,1,0,1,0,1,0.16128441923209536
ARQQ,wide,tb_301#1,bo_298#0,burst_297_299#0,新增,299,301,2,0,2024-11-27,1.949162125170023,-0.12849158022772034,1,0,1,0,1,0,1,0.16128441923209536
ARQQ,wide,tb_301#2,bo_299#0,burst_297_299#0,原有,299,301,2,0,2024-11-27,1.949162125170023,-0.12849158022772034,1,0,1,0,1,0,1,0.16128441923209536
ARQQ,wide,tb_307_313#0,bo_304#0,burst_297_304#0,原有,304,307,3,0,2024-12-06,1.1636474433618382,-0.3606194287471059,6,0,2,0,2,0,7,0.1849380166292781
ARQQ,causal,tb_301#0,bo_297#0,burst_297_299#0,新增,299,301,2,0,2024-11-27,1.949162125170023,-0.12849158022772034,1,0,1,0,1,0,1,0.16128441923209536
ARQQ,causal,tb_301#1,bo_298#0,burst_297_299#0,新增,299,301,2,0,2024-11-27,1.949162125170023,-0.12849158022772034,1,0,1,0,1,0,1,0.16128441923209536
ARQQ,causal,tb_301#2,bo_299#0,burst_297_299#0,原有,299,301,2,0,2024-11-27,1.949162125170023,-0.12849158022772034,1,0,1,0,1,0,1,0.16128441923209536
ARQQ,causal,tb_307_313#0,bo_304#0,burst_297_304#0,原有,304,307,3,0,2024-12-06,1.1636474433618382,-0.3606194287471059,6,0,2,0,2,0,7,0.1849380166292781
BCRX,cur,tb_169_176#1,bo_166#0,burst_158_166#0,原有,166,169,3,0,2024-05-21,0.22115612156282738,-0.06894554526515367,1,0,0,0,0,0,8,0.06303910490558075
BCRX,wide,tb_169_176#0,bo_165#0,burst_158_166#0,新增,166,169,3,0,2024-05-21,0.22115612156282738,-0.06894554526515367,1,0,0,0,0,0,8,0.06303910490558075
BCRX,wide,tb_169_176#1,bo_166#0,burst_158_166#0,原有,166,169,3,0,2024-05-21,0.22115612156282738,-0.06894554526515367,1,0,0,0,0,0,8,0.06303910490558075
BCRX,causal,tb_169_176#0,bo_165#0,burst_158_166#0,新增,166,169,3,0,2024-05-21,0.22115612156282738,-0.06894554526515367,1,0,0,0,0,0,8,0.06303910490558075
BCRX,causal,tb_169_176#1,bo_166#0,burst_158_166#0,原有,166,169,3,0,2024-05-21,0.22115612156282738,-0.06894554526515367,1,0,0,0,0,0,8,0.06303910490558075
AVXL,cur,tb_217_221#0,bo_215#0,burst_203_215#0,原有,215,217,2,0,2024-07-31,0.08098987763259569,-0.2556871473830148,0,4,0,0,0,0,5,0.07819268845288652
AVXL,cur,tb_294_301#2,bo_284#0,burst_282_284#0,原有,284,294,10,0,2024-11-18,0.6700428499113025,-0.126945376198722,8,0,8,0,8,0,8,0.07607130942036376
AVXL,cur,tb_294_301#3,bo_285#0,burst_282_285#0,原有,285,294,9,0,2024-11-18,0.6700428499113025,-0.126945376198722,8,0,8,0,8,0,8,0.07607130942036376
AVXL,wide,tb_207#0,bo_203#0,burst_203_215#0,新增,215,207,-8,2,2024-07-17,0.26520264773494295,-0.16722976945890256,0,0,0,0,0,0,1,0.06632302456479527
AVXL,wide,tb_207#1,bo_205#0,burst_203_215#0,新增,215,207,-8,2,2024-07-17,0.26520264773494295,-0.16722976945890256,0,0,0,0,0,0,1,0.06632302456479527
AVXL,wide,tb_213_215#0,bo_211#0,burst_203_215#0,新增,215,213,-2,1,2024-07-25,0.0744501961427378,-0.2825005772108504,0,3,0,3,0,0,3,0.07151964586092399
AVXL,wide,tb_217_221#0,bo_215#0,burst_203_215#0,原有,215,217,2,0,2024-07-31,0.08098987763259569,-0.2556871473830148,0,4,0,0,0,0,5,0.07819268845288652
AVXL,wide,tb_294_301#0,bo_282#0,burst_282_284#0,新增,284,294,10,0,2024-11-18,0.6700428499113025,-0.126945376198722,8,0,8,0,8,0,8,0.07607130942036376
AVXL,wide,tb_294_301#1,bo_283#0,burst_282_284#0,新增,284,294,10,0,2024-11-18,0.6700428499113025,-0.126945376198722,8,0,8,0,8,0,8,0.07607130942036376
AVXL,wide,tb_294_301#2,bo_284#0,burst_282_284#0,原有,284,294,10,0,2024-11-18,0.6700428499113025,-0.126945376198722,8,0,8,0,8,0,8,0.07607130942036376
AVXL,wide,tb_294_301#3,bo_285#0,burst_282_285#0,原有,285,294,9,0,2024-11-18,0.6700428499113025,-0.126945376198722,8,0,8,0,8,0,8,0.07607130942036376
AVXL,causal,tb_217_221#0,bo_215#0,burst_203_215#0,原有,215,217,2,0,2024-07-31,0.08098987763259569,-0.2556871473830148,0,4,0,0,0,0,5,0.07819268845288652
AVXL,causal,tb_294_301#0,bo_282#0,burst_282_284#0,新增,284,294,10,0,2024-11-18,0.6700428499113025,-0.126945376198722,8,0,8,0,8,0,8,0.07607130942036376
AVXL,causal,tb_294_301#1,bo_283#0,burst_282_284#0,新增,284,294,10,0,2024-11-18,0.6700428499113025,-0.126945376198722,8,0,8,0,8,0,8,0.07607130942036376
AVXL,causal,tb_294_301#2,bo_284#0,burst_282_284#0,原有,284,294,10,0,2024-11-18,0.6700428499113025,-0.126945376198722,8,0,8,0,8,0,8,0.07607130942036376
AVXL,causal,tb_294_301#3,bo_285#0,burst_282_285#0,原有,285,294,9,0,2024-11-18,0.6700428499113025,-0.126945376198722,8,0,8,0,8,0,8,0.07607130942036376
BILI,cur,tb_263#1,bo_255#0,burst_253_255#0,原有,255,263,8,0,2024-10-04,0.007979732431568687,-0.3500181256926851,0,1,0,1,0,1,1,0.05635886023200585
BILI,wide,tb_263#0,bo_253#0,burst_253_255#0,新增,255,263,8,0,2024-10-04,0.007979732431568687,-0.3500181256926851,0,1,0,1,0,1,1,0.05635886023200585
BILI,wide,tb_263#1,bo_255#0,burst_253_255#0,原有,255,263,8,0,2024-10-04,0.007979732431568687,-0.3500181256926851,0,1,0,1,0,1,1,0.05635886023200585
BILI,causal,tb_263#0,bo_253#0,burst_253_255#0,新增,255,263,8,0,2024-10-04,0.007979732431568687,-0.3500181256926851,0,1,0,1,0,1,1,0.05635886023200585
BILI,causal,tb_263#1,bo_255#0,burst_253_255#0,原有,255,263,8,0,2024-10-04,0.007979732431568687,-0.3500181256926851,0,1,0,1,0,1,1,0.05635886023200585
AYTU,wide,tb_104_105#0,bo_100#0,burst_100_105#0,新增,105,104,-1,1,2024-02-16,0.04836695798942048,-0.17805548976688046,0,2,0,1,0,0,2,0.045389389569885474
AYTU,wide,tb_104_105#1,bo_101#0,burst_100_105#0,新增,105,104,-1,1,2024-02-16,0.04836695798942048,-0.17805548976688046,0,2,0,1,0,0,2,0.045389389569885474
AYTU,wide,tb_104_105#2,bo_102#0,burst_100_105#0,新增,105,104,-1,1,2024-02-16,0.04836695798942048,-0.17805548976688046,0,2,0,1,0,0,2,0.045389389569885474
BE,cur,tb_300_308#0,bo_293#0,burst_285_293#0,原有,293,300,7,0,2024-11-26,0.11982225900306413,-0.2558297983590514,0,9,0,5,0,0,9,0.07060284658205748
BE,wide,tb_291#0,bo_288#0,burst_285_293#0,新增,293,291,-2,1,2024-11-13,1.1102941145533922,-0.060294163639568854,1,0,1,0,1,0,1,0.06306284392352654
BE,wide,tb_300_308#0,bo_293#0,burst_285_293#0,原有,293,300,7,0,2024-11-26,0.11982225900306413,-0.2558297983590514,0,9,0,5,0,0,9,0.07060284658205748
BE,causal,tb_300_308#0,bo_293#0,burst_285_293#0,原有,293,300,7,0,2024-11-26,0.11982225900306413,-0.2558297983590514,0,9,0,5,0,0,9,0.07060284658205748
BEAT,cur,tb_179#1,bo_173#0,burst_168_173#0,原有,173,179,6,0,2024-06-05,0.18749999452163202,-0.25735295600028996,0,1,0,0,0,0,1,0.07774555671866709
BEAT,wide,tb_179#0,bo_172#0,burst_168_173#0,新增,173,179,6,0,2024-06-05,0.18749999452163202,-0.25735295600028996,0,1,0,0,0,0,1,0.07774555671866709
BEAT,wide,tb_179#1,bo_173#0,burst_168_173#0,原有,173,179,6,0,2024-06-05,0.18749999452163202,-0.25735295600028996,0,1,0,0,0,0,1,0.07774555671866709
BEAT,causal,tb_179#0,bo_172#0,burst_168_173#0,新增,173,179,6,0,2024-06-05,0.18749999452163202,-0.25735295600028996,0,1,0,0,0,0,1,0.07774555671866709
BEAT,causal,tb_179#1,bo_173#0,burst_168_173#0,原有,173,179,6,0,2024-06-05,0.18749999452163202,-0.25735295600028996,0,1,0,0,0,0,1,0.07774555671866709
BEKE,cur,tb_262_263#0,bo_260#0,burst_255_260#0,原有,260,262,2,0,2024-10-03,0.008259167881852547,-0.3007161589544287,0,2,0,2,0,2,2,0.051958572448023384
BEKE,wide,tb_262_263#0,bo_260#0,burst_255_260#0,原有,260,262,2,0,2024-10-03,0.008259167881852547,-0.3007161589544287,0,2,0,2,0,2,2,0.051958572448023384
BEKE,causal,tb_262_263#0,bo_260#0,burst_255_260#0,原有,260,262,2,0,2024-10-03,0.008259167881852547,-0.3007161589544287,0,2,0,2,0,2,2,0.051958572448023384
BLFS,cur,tb_170#0,bo_162#0,burst_162#0,原有,162,170,8,0,2024-05-22,0.06489945753015247,-0.14533814075867324,0,0,0,0,0,0,1,0.0501325102870692
BLFS,wide,tb_170#0,bo_162#0,burst_162#0,原有,162,170,8,0,2024-05-22,0.06489945753015247,-0.14533814075867324,0,0,0,0,0,0,1,0.0501325102870692
BLFS,causal,tb_170#0,bo_162#0,burst_162#0,原有,162,170,8,0,2024-05-22,0.06489945753015247,-0.14533814075867324,0,0,0,0,0,0,1,0.0501325102870692
BNTC,cur,tb_119_129#0,bo_109#0,burst_106_109#0,原有,109,119,10,0,2024-03-11,1.0386186384913085,-0.06589142979872863,11,0,11,0,11,0,11,0.07464109356175164
BNTC,cur,tb_313_316#2,bo_310#0,burst_307_310#0,原有,310,313,3,0,2024-12-16,0.05954343457414518,-0.21326086461473825,0,1,0,0,0,0,4,0.07879260284693508
BNTC,wide,tb_119_126#0,bo_106#0,burst_106_109#0,新增,109,119,10,0,2024-03-11,1.010539984211492,-0.07190816711287856,8,0,8,0,8,0,8,0.07464109356175164
BNTC,wide,tb_119_129#0,bo_109#0,burst_106_109#0,原有,109,119,10,0,2024-03-11,1.0386186384913085,-0.06589142979872863,11,0,11,0,11,0,11,0.07464109356175164
BNTC,wide,tb_313_316#0,bo_307#0,burst_307_310#0,新增,310,313,3,0,2024-12-16,0.05954343457414518,-0.21326086461473825,0,1,0,0,0,0,4,0.07879260284693508
BNTC,wide,tb_313_316#1,bo_308#0,burst_307_310#0,新增,310,313,3,0,2024-12-16,0.05954343457414518,-0.21326086461473825,0,1,0,0,0,0,4,0.07879260284693508
BNTC,wide,tb_313_316#2,bo_310#0,burst_307_310#0,原有,310,313,3,0,2024-12-16,0.05954343457414518,-0.21326086461473825,0,1,0,0,0,0,4,0.07879260284693508
BNTC,causal,tb_119_126#0,bo_106#0,burst_106_109#0,新增,109,119,10,0,2024-03-11,1.010539984211492,-0.07190816711287856,8,0,8,0,8,0,8,0.07464109356175164
BNTC,causal,tb_119_129#0,bo_109#0,burst_106_109#0,原有,109,119,10,0,2024-03-11,1.0386186384913085,-0.06589142979872863,11,0,11,0,11,0,11,0.07464109356175164
BNTC,causal,tb_313_316#0,bo_307#0,burst_307_310#0,新增,310,313,3,0,2024-12-16,0.05954343457414518,-0.21326086461473825,0,1,0,0,0,0,4,0.07879260284693508
BNTC,causal,tb_313_316#1,bo_308#0,burst_307_310#0,新增,310,313,3,0,2024-12-16,0.05954343457414518,-0.21326086461473825,0,1,0,0,0,0,4,0.07879260284693508
BNTC,causal,tb_313_316#2,bo_310#0,burst_307_310#0,原有,310,313,3,0,2024-12-16,0.05954343457414518,-0.21326086461473825,0,1,0,0,0,0,4,0.07879260284693508
BOF,cur,tb_247_249#2,bo_240#0,burst_237_240#0,原有,240,247,7,0,2024-09-12,0.21392611567082218,-0.3900125930668252,0,0,0,0,0,0,3,0.20359609208774138
BOF,wide,tb_247_249#0,bo_237#0,burst_237_240#0,新增,240,247,7,0,2024-09-12,0.21392611567082218,-0.3900125930668252,0,0,0,0,0,0,3,0.20359609208774138
BOF,wide,tb_247_249#1,bo_238#0,burst_237_240#0,新增,240,247,7,0,2024-09-12,0.21392611567082218,-0.3900125930668252,0,0,0,0,0,0,3,0.20359609208774138
BOF,wide,tb_247_249#2,bo_240#0,burst_237_240#0,原有,240,247,7,0,2024-09-12,0.21392611567082218,-0.3900125930668252,0,0,0,0,0,0,3,0.20359609208774138
BOF,causal,tb_247_249#0,bo_237#0,burst_237_240#0,新增,240,247,7,0,2024-09-12,0.21392611567082218,-0.3900125930668252,0,0,0,0,0,0,3,0.20359609208774138
BOF,causal,tb_247_249#1,bo_238#0,burst_237_240#0,新增,240,247,7,0,2024-09-12,0.21392611567082218,-0.3900125930668252,0,0,0,0,0,0,3,0.20359609208774138
BOF,causal,tb_247_249#2,bo_240#0,burst_237_240#0,原有,240,247,7,0,2024-09-12,0.21392611567082218,-0.3900125930668252,0,0,0,0,0,0,3,0.20359609208774138
BTDR,cur,tb_189_196#1,bo_185#0,burst_178_185#0,原有,185,189,4,0,2024-06-20,0.31266142145226505,-0.37891197623693584,0,8,0,7,0,5,8,0.0902970973317752
BTDR,wide,tb_189_196#0,bo_184#0,burst_178_185#0,新增,185,189,4,0,2024-06-20,0.31266142145226505,-0.37891197623693584,0,8,0,7,0,5,8,0.0902970973317752
BTDR,wide,tb_189_196#1,bo_185#0,burst_178_185#0,原有,185,189,4,0,2024-06-20,0.31266142145226505,-0.37891197623693584,0,8,0,7,0,5,8,0.0902970973317752
BTDR,causal,tb_189_196#0,bo_184#0,burst_178_185#0,新增,185,189,4,0,2024-06-20,0.31266142145226505,-0.37891197623693584,0,8,0,7,0,5,8,0.0902970973317752
BTDR,causal,tb_189_196#1,bo_185#0,burst_178_185#0,原有,185,189,4,0,2024-06-20,0.31266142145226505,-0.37891197623693584,0,8,0,7,0,5,8,0.0902970973317752
BTG,cur,tb_252_253#2,bo_249#0,burst_247_249#0,原有,249,252,3,0,2024-09-19,0.0464524691042949,-0.20617540364114428,0,2,0,2,0,2,2,0.029704223310445116
BTG,wide,tb_252_253#0,bo_247#0,burst_247_249#0,新增,249,252,3,0,2024-09-19,0.0464524691042949,-0.20617540364114428,0,2,0,2,0,2,2,0.029704223310445116
BTG,wide,tb_252_253#1,bo_248#0,burst_247_249#0,新增,249,252,3,0,2024-09-19,0.0464524691042949,-0.20617540364114428,0,2,0,2,0,2,2,0.029704223310445116
BTG,wide,tb_252_253#2,bo_249#0,burst_247_249#0,原有,249,252,3,0,2024-09-19,0.0464524691042949,-0.20617540364114428,0,2,0,2,0,2,2,0.029704223310445116
BTG,causal,tb_252_253#0,bo_247#0,burst_247_249#0,新增,249,252,3,0,2024-09-19,0.0464524691042949,-0.20617540364114428,0,2,0,2,0,2,2,0.029704223310445116
BTG,causal,tb_252_253#1,bo_248#0,burst_247_249#0,新增,249,252,3,0,2024-09-19,0.0464524691042949,-0.20617540364114428,0,2,0,2,0,2,2,0.029704223310445116
BTG,causal,tb_252_253#2,bo_249#0,burst_247_249#0,原有,249,252,3,0,2024-09-19,0.0464524691042949,-0.20617540364114428,0,2,0,2,0,2,2,0.029704223310445116
BYRN,cur,tb_251#0,bo_247#0,burst_241_247#0,原有,247,251,4,0,2024-09-18,0.1684716664063477,-0.2117930373056487,0,1,0,1,0,0,1,0.05167648141329784
BYRN,wide,tb_251#0,bo_247#0,burst_241_247#0,原有,247,251,4,0,2024-09-18,0.1684716664063477,-0.2117930373056487,0,1,0,1,0,0,1,0.05167648141329784
BYRN,causal,tb_251#0,bo_247#0,burst_241_247#0,原有,247,251,4,0,2024-09-18,0.1684716664063477,-0.2117930373056487,0,1,0,1,0,0,1,0.05167648141329784
BYSI,cur,tb_101_103#1,bo_99#0,burst_93_99#0,原有,99,101,2,0,2024-02-13,1.9057046364706682,-0.23725256756514812,0,3,3,0,3,0,3,0.06666667108182565
BYSI,wide,tb_97#0,bo_93#0,burst_93_99#0,新增,99,97,-2,2,2024-02-07,2.636363557547579,-0.04545460949259217,1,0,1,0,1,0,1,0.06666667108182565
BYSI,wide,tb_97#1,bo_95#0,burst_93_99#0,新增,99,97,-2,2,2024-02-07,2.636363557547579,-0.04545460949259217,1,0,1,0,1,0,1,0.06666667108182565
BYSI,wide,tb_101_103#0,bo_97#0,burst_93_99#0,新增,99,101,2,0,2024-02-13,1.9057046364706682,-0.23725256756514812,0,3,3,0,3,0,3,0.06666667108182565
BYSI,wide,tb_101_103#1,bo_99#0,burst_93_99#0,原有,99,101,2,0,2024-02-13,1.9057046364706682,-0.23725256756514812,0,3,3,0,3,0,3,0.06666667108182565
BYSI,causal,tb_101_103#0,bo_97#0,burst_93_99#0,新增,99,101,2,0,2024-02-13,1.9057046364706682,-0.23725256756514812,0,3,3,0,3,0,3,0.06666667108182565
BYSI,causal,tb_101_103#1,bo_99#0,burst_93_99#0,原有,99,101,2,0,2024-02-13,1.9057046364706682,-0.23725256756514812,0,3,3,0,3,0,3,0.06666667108182565
BZ,cur,tb_126#0,bo_120#0,burst_109_120#0,原有,120,126,6,0,2024-03-20,0.14818655875332798,-0.09378230122931897,1,0,0,0,0,0,1,0.029930221420077053
BZ,wide,tb_112#0,bo_109#0,burst_109_120#0,新增,120,112,-8,2,2024-02-29,0.3623002774742379,-0.007028735156811128,1,0,1,0,1,0,1,0.03606267946337072
BZ,wide,tb_112#1,bo_110#0,burst_109_120#0,新增,120,112,-8,2,2024-02-29,0.3623002774742379,-0.007028735156811128,1,0,1,0,1,0,1,0.03606267946337072
BZ,wide,tb_119#0,bo_117#0,burst_109_120#0,新增,120,119,-1,1,2024-03-11,0.21828573054111367,-0.0005713458843676911,1,0,1,0,1,0,1,0.029930221420077053
BZ,wide,tb_126#0,bo_120#0,burst_109_120#0,原有,120,126,6,0,2024-03-20,0.14818655875332798,-0.09378230122931897,1,0,0,0,0,0,1,0.029930221420077053
BZ,causal,tb_126#0,bo_120#0,burst_109_120#0,原有,120,126,6,0,2024-03-20,0.14818655875332798,-0.09378230122931897,1,0,0,0,0,0,1,0.029930221420077053
BZUN,cur,tb_260#0,bo_258#0,burst_258#0,原有,258,260,2,0,2024-10-01,0.19863010566841788,-0.3643835965409058,1,0,0,1,0,1,1,0.04465722207916938
BZUN,wide,tb_260#0,bo_258#0,burst_258#0,原有,258,260,2,0,2024-10-01,0.19863010566841788,-0.3643835965409058,1,0,0,1,0,1,1,0.04465722207916938
BZUN,causal,tb_260#0,bo_258#0,burst_258#0,原有,258,260,2,0,2024-10-01,0.19863010566841788,-0.3643835965409058,1,0,0,1,0,1,1,0.04465722207916938
CAPR,cur,tb_265#1,bo_255#0,burst_250_255#0,原有,255,265,10,0,2024-10-08,0.2105535287577951,-0.35281943723446485,0,0,0,0,0,0,1,0.14684177566105122
CAPR,wide,tb_265#0,bo_254#0,burst_250_255#0,新增,255,265,10,0,2024-10-08,0.2105535287577951,-0.35281943723446485,0,0,0,0,0,0,1,0.14684177566105122
CAPR,wide,tb_265#1,bo_255#0,burst_250_255#0,原有,255,265,10,0,2024-10-08,0.2105535287577951,-0.35281943723446485,0,0,0,0,0,0,1,0.14684177566105122
CAPR,causal,tb_265#0,bo_254#0,burst_250_255#0,新增,255,265,10,0,2024-10-08,0.2105535287577951,-0.35281943723446485,0,0,0,0,0,0,1,0.14684177566105122
CAPR,causal,tb_265#1,bo_255#0,burst_250_255#0,原有,255,265,10,0,2024-10-08,0.2105535287577951,-0.35281943723446485,0,0,0,0,0,0,1,0.14684177566105122
CAN,cur,tb_293_296#0,bo_289#0,burst_280_289#0,原有,289,293,4,0,2024-11-15,1.0334401795006642,-0.07690263923311158,4,0,4,0,4,0,4,0.1281892420254629
CAN,wide,tb_293_296#0,bo_289#0,burst_280_289#0,原有,289,293,4,0,2024-11-15,1.0334401795006642,-0.07690263923311158,4,0,4,0,4,0,4,0.1281892420254629
CAN,causal,tb_293_296#0,bo_289#0,burst_280_289#0,原有,289,293,4,0,2024-11-15,1.0334401795006642,-0.07690263923311158,4,0,4,0,4,0,4,0.1281892420254629
CANG,cur,tb_285#0,bo_278#0,burst_278#0,原有,278,285,7,0,2024-11-05,2.4134275999420383,-0.11660775003622614,1,0,1,0,1,0,1,0.08532881275577839
CANG,wide,tb_285#0,bo_278#0,burst_278#0,原有,278,285,7,0,2024-11-05,2.4134275999420383,-0.11660775003622614,1,0,1,0,1,0,1,0.08532881275577839
CANG,causal,tb_285#0,bo_278#0,burst_278#0,原有,278,285,7,0,2024-11-05,2.4134275999420383,-0.11660775003622614,1,0,1,0,1,0,1,0.08532881275577839
BWEN,cur,tb_170_171#1,bo_167#0,burst_166_167#0,原有,167,170,3,0,2024-05-22,0.26876088596953307,-0.17325906035613226,2,0,0,0,0,0,2,0.05641973135905913
BWEN,cur,tb_170_171#2,bo_168#0,burst_166_168#0,原有,168,170,2,0,2024-05-22,0.26876088596953307,-0.17325906035613226,2,0,0,0,0,0,2,0.05641973135905913
BWEN,wide,tb_170_171#0,bo_166#0,burst_166_167#0,新增,167,170,3,0,2024-05-22,0.26876088596953307,-0.17325906035613226,2,0,0,0,0,0,2,0.05641973135905913
BWEN,wide,tb_170_171#1,bo_167#0,burst_166_167#0,原有,167,170,3,0,2024-05-22,0.26876088596953307,-0.17325906035613226,2,0,0,0,0,0,2,0.05641973135905913
BWEN,wide,tb_170_171#2,bo_168#0,burst_166_168#0,原有,168,170,2,0,2024-05-22,0.26876088596953307,-0.17325906035613226,2,0,0,0,0,0,2,0.05641973135905913
BWEN,causal,tb_170_171#0,bo_166#0,burst_166_167#0,新增,167,170,3,0,2024-05-22,0.26876088596953307,-0.17325906035613226,2,0,0,0,0,0,2,0.05641973135905913
BWEN,causal,tb_170_171#1,bo_167#0,burst_166_167#0,原有,167,170,3,0,2024-05-22,0.26876088596953307,-0.17325906035613226,2,0,0,0,0,0,2,0.05641973135905913
BWEN,causal,tb_170_171#2,bo_168#0,burst_166_168#0,原有,168,170,2,0,2024-05-22,0.26876088596953307,-0.17325906035613226,2,0,0,0,0,0,2,0.05641973135905913
CCEL,cur,tb_297_300#0,bo_287#0,burst_281_287#0,原有,287,297,10,0,2024-11-21,0.05581173916136928,-0.21800319487969164,0,2,0,0,0,0,4,0.0721084372183308
CCEL,cur,tb_297_300#1,bo_289#0,burst_281_289#0,原有,289,297,8,0,2024-11-21,0.05581173916136928,-0.21800319487969164,0,2,0,0,0,0,4,0.0721084372183308
CCEL,wide,tb_297_300#0,bo_287#0,burst_281_287#0,原有,287,297,10,0,2024-11-21,0.05581173916136928,-0.21800319487969164,0,2,0,0,0,0,4,0.0721084372183308
CCEL,wide,tb_297_300#1,bo_289#0,burst_281_289#0,原有,289,297,8,0,2024-11-21,0.05581173916136928,-0.21800319487969164,0,2,0,0,0,0,4,0.0721084372183308
CCEL,causal,tb_297_300#0,bo_287#0,burst_281_287#0,原有,287,297,10,0,2024-11-21,0.05581173916136928,-0.21800319487969164,0,2,0,0,0,0,4,0.0721084372183308
CCEL,causal,tb_297_300#1,bo_289#0,burst_281_289#0,原有,289,297,8,0,2024-11-21,0.05581173916136928,-0.21800319487969164,0,2,0,0,0,0,4,0.0721084372183308
CNK,cur,tb_115#1,bo_113#0,burst_103_113#0,原有,113,115,2,0,2024-03-05,0.18466927871560213,-0.015679222987702968,1,0,0,0,0,0,1,0.03943820155383751
CNK,cur,tb_128#0,bo_120#0,burst_103_120#0,原有,120,128,8,0,2024-03-22,0.1352255115849903,-0.07178629023485095,0,0,0,0,0,0,1,0.0372476703908712
CNK,wide,tb_115#0,bo_111#0,burst_103_113#0,新增,113,115,2,0,2024-03-05,0.18466927871560213,-0.015679222987702968,1,0,0,0,0,0,1,0.03943820155383751
CNK,wide,tb_115#1,bo_113#0,burst_103_113#0,原有,113,115,2,0,2024-03-05,0.18466927871560213,-0.015679222987702968,1,0,0,0,0,0,1,0.03943820155383751
CNK,wide,tb_128#0,bo_120#0,burst_103_120#0,原有,120,128,8,0,2024-03-22,0.1352255115849903,-0.07178629023485095,0,0,0,0,0,0,1,0.0372476703908712
CNK,causal,tb_115#0,bo_111#0,burst_103_113#0,新增,113,115,2,0,2024-03-05,0.18466927871560213,-0.015679222987702968,1,0,0,0,0,0,1,0.03943820155383751
CNK,causal,tb_115#1,bo_113#0,burst_103_113#0,原有,113,115,2,0,2024-03-05,0.18466927871560213,-0.015679222987702968,1,0,0,0,0,0,1,0.03943820155383751
CNK,causal,tb_128#0,bo_120#0,burst_103_120#0,原有,120,128,8,0,2024-03-22,0.1352255115849903,-0.07178629023485095,0,0,0,0,0,0,1,0.0372476703908712
CHRS,cur,tb_307_310#0,bo_304#0,burst_296_304#0,原有,304,307,3,0,2024-12-06,0.07537946120575567,-0.3810603541256169,0,4,0,0,0,0,4,0.13395654557125558
CHRS,wide,tb_303#0,bo_300#0,burst_296_304#0,新增,304,303,-1,1,2024-12-02,0.7737226702915572,-0.24817520598190468,1,0,1,0,1,0,1,0.11281017949758065
CHRS,wide,tb_307_310#0,bo_304#0,burst_296_304#0,原有,304,307,3,0,2024-12-06,0.07537946120575567,-0.3810603541256169,0,4,0,0,0,0,4,0.13395654557125558
CHRS,causal,tb_307_310#0,bo_304#0,burst_296_304#0,原有,304,307,3,0,2024-12-06,0.07537946120575567,-0.3810603541256169,0,4,0,0,0,0,4,0.13395654557125558
CGC,cur,tb_134#0,bo_131#0,burst_128_131#0,原有,131,134,3,0,2024-04-02,0.7868262748112353,-0.27065869768068707,1,0,1,0,0,0,1,0.14871344455195726
CGC,wide,tb_134#0,bo_131#0,burst_128_131#0,原有,131,134,3,0,2024-04-02,0.7868262748112353,-0.27065869768068707,1,0,1,0,0,0,1,0.14871344455195726
CGC,causal,tb_134#0,bo_131#0,burst_128_131#0,原有,131,134,3,0,2024-04-02,0.7868262748112353,-0.27065869768068707,1,0,1,0,0,0,1,0.14871344455195726
CLLS,cur,tb_160_161#1,bo_158#0,burst_156_158#0,原有,158,160,2,0,2024-05-08,0.04011350187475371,-0.4255873906139649,0,2,0,2,0,2,2,0.061776684831411084
CLLS,wide,tb_160_161#0,bo_156#0,burst_156_158#0,新增,158,160,2,0,2024-05-08,0.04011350187475371,-0.4255873906139649,0,2,0,2,0,2,2,0.061776684831411084
CLLS,wide,tb_160_161#1,bo_158#0,burst_156_158#0,原有,158,160,2,0,2024-05-08,0.04011350187475371,-0.4255873906139649,0,2,0,2,0,2,2,0.061776684831411084
CLLS,causal,tb_160_161#0,bo_156#0,burst_156_158#0,新增,158,160,2,0,2024-05-08,0.04011350187475371,-0.4255873906139649,0,2,0,2,0,2,2,0.061776684831411084
CLLS,causal,tb_160_161#1,bo_158#0,burst_156_158#0,原有,158,160,2,0,2024-05-08,0.04011350187475371,-0.4255873906139649,0,2,0,2,0,2,2,0.061776684831411084
COHN,cur,tb_164_165#1,bo_159#0,burst_158_159#0,原有,159,164,5,0,2024-05-14,0.4055749268983462,-0.1612597690476476,2,0,2,0,0,0,2,0.07494224407719655
COHN,wide,tb_164_165#0,bo_158#0,burst_158_159#0,新增,159,164,5,0,2024-05-14,0.4055749268983462,-0.1612597690476476,2,0,2,0,0,0,2,0.07494224407719655
COHN,wide,tb_164_165#1,bo_159#0,burst_158_159#0,原有,159,164,5,0,2024-05-14,0.4055749268983462,-0.1612597690476476,2,0,2,0,0,0,2,0.07494224407719655
COHN,causal,tb_164_165#0,bo_158#0,burst_158_159#0,新增,159,164,5,0,2024-05-14,0.4055749268983462,-0.1612597690476476,2,0,2,0,0,0,2,0.07494224407719655
COHN,causal,tb_164_165#1,bo_159#0,burst_158_159#0,原有,159,164,5,0,2024-05-14,0.4055749268983462,-0.1612597690476476,2,0,2,0,0,0,2,0.07494224407719655
CMTL,cur,tb_258#1,bo_254#0,burst_253_254#0,原有,254,258,4,0,2024-09-27,0.2285714480341705,-0.4404761877730319,0,1,0,1,0,1,1,0.06105483797709211
CMTL,wide,tb_258#0,bo_253#0,burst_253_254#0,新增,254,258,4,0,2024-09-27,0.2285714480341705,-0.4404761877730319,0,1,0,1,0,1,1,0.06105483797709211
CMTL,wide,tb_258#1,bo_254#0,burst_253_254#0,原有,254,258,4,0,2024-09-27,0.2285714480341705,-0.4404761877730319,0,1,0,1,0,1,1,0.06105483797709211
CMTL,causal,tb_258#0,bo_253#0,burst_253_254#0,新增,254,258,4,0,2024-09-27,0.2285714480341705,-0.4404761877730319,0,1,0,1,0,1,1,0.06105483797709211
CMTL,causal,tb_258#1,bo_254#0,burst_253_254#0,原有,254,258,4,0,2024-09-27,0.2285714480341705,-0.4404761877730319,0,1,0,1,0,1,1,0.06105483797709211
CLPS,cur,tb_244#1,bo_237#0,burst_234_237#0,原有,237,244,7,0,2024-09-09,0.41666669425701497,-0.15833337585695006,1,0,0,0,0,0,1,0.0921091365768408
CLPS,cur,tb_244#2,bo_240#0,burst_234_240#0,原有,240,244,4,0,2024-09-09,0.41666669425701497,-0.15833337585695006,1,0,0,0,0,0,1,0.0921091365768408
CLPS,wide,tb_244#0,bo_234#0,burst_234_237#0,新增,237,244,7,0,2024-09-09,0.41666669425701497,-0.15833337585695006,1,0,0,0,0,0,1,0.0921091365768408
CLPS,wide,tb_244#1,bo_237#0,burst_234_237#0,原有,237,244,7,0,2024-09-09,0.41666669425701497,-0.15833337585695006,1,0,0,0,0,0,1,0.0921091365768408
CLPS,wide,tb_244#2,bo_240#0,burst_234_240#0,原有,240,244,4,0,2024-09-09,0.41666669425701497,-0.15833337585695006,1,0,0,0,0,0,1,0.0921091365768408
CLPS,causal,tb_244#0,bo_234#0,burst_234_237#0,新增,237,244,7,0,2024-09-09,0.41666669425701497,-0.15833337585695006,1,0,0,0,0,0,1,0.0921091365768408
CLPS,causal,tb_244#1,bo_237#0,burst_234_237#0,原有,237,244,7,0,2024-09-09,0.41666669425701497,-0.15833337585695006,1,0,0,0,0,0,1,0.0921091365768408
CLPS,causal,tb_244#2,bo_240#0,burst_234_240#0,原有,240,244,4,0,2024-09-09,0.41666669425701497,-0.15833337585695006,1,0,0,0,0,0,1,0.0921091365768408
CNTX,wide,tb_131_134#0,bo_129#0,burst_129_131#0,新增,131,131,0,1,2024-03-27,0.5368861323988929,-0.10411478276124447,4,0,4,0,3,0,4,0.09068847725865198
CNTY,cur,tb_287#2,bo_284#0,burst_279_284#0,原有,284,287,3,0,2024-11-07,0.23543696455641538,-0.29611646215521603,0,1,0,1,0,0,1,0.07067933990147074
CNTY,wide,tb_287#0,bo_279#0,burst_279_284#0,新增,284,287,3,0,2024-11-07,0.23543696455641538,-0.29611646215521603,0,1,0,1,0,0,1,0.07067933990147074
CNTY,wide,tb_287#1,bo_280#0,burst_279_284#0,新增,284,287,3,0,2024-11-07,0.23543696455641538,-0.29611646215521603,0,1,0,1,0,0,1,0.07067933990147074
CNTY,wide,tb_287#2,bo_284#0,burst_279_284#0,原有,284,287,3,0,2024-11-07,0.23543696455641538,-0.29611646215521603,0,1,0,1,0,0,1,0.07067933990147074
CNTY,causal,tb_287#0,bo_279#0,burst_279_284#0,新增,284,287,3,0,2024-11-07,0.23543696455641538,-0.29611646215521603,0,1,0,1,0,0,1,0.07067933990147074
CNTY,causal,tb_287#1,bo_280#0,burst_279_284#0,新增,284,287,3,0,2024-11-07,0.23543696455641538,-0.29611646215521603,0,1,0,1,0,0,1,0.07067933990147074
CNTY,causal,tb_287#2,bo_284#0,burst_279_284#0,原有,284,287,3,0,2024-11-07,0.23543696455641538,-0.29611646215521603,0,1,0,1,0,0,1,0.07067933990147074
CNVS,cur,tb_268_270#0,bo_265#0,burst_256_265#0,原有,265,268,3,0,2024-10-11,1.8635330593379091,-0.03443426599717362,3,0,3,0,3,0,3,0.0677280080568059
CNVS,cur,tb_275#0,bo_271#0,burst_256_271#0,原有,271,275,4,0,2024-10-22,0.8458150186901263,-0.08370046643917117,1,0,1,0,0,0,1,0.14499398691403428
CNVS,wide,tb_268_270#0,bo_265#0,burst_256_265#0,原有,265,268,3,0,2024-10-11,1.8635330593379091,-0.03443426599717362,3,0,3,0,3,0,3,0.0677280080568059
CNVS,wide,tb_275#0,bo_271#0,burst_256_271#0,原有,271,275,4,0,2024-10-22,0.8458150186901263,-0.08370046643917117,1,0,1,0,0,0,1,0.14499398691403428
CNVS,causal,tb_268_270#0,bo_265#0,burst_256_265#0,原有,265,268,3,0,2024-10-11,1.8635330593379091,-0.03443426599717362,3,0,3,0,3,0,3,0.0677280080568059
CNVS,causal,tb_275#0,bo_271#0,burst_256_271#0,原有,271,275,4,0,2024-10-22,0.8458150186901263,-0.08370046643917117,1,0,1,0,0,0,1,0.14499398691403428
COCP,cur,tb_169#1,bo_165#0,burst_161_165#0,原有,165,169,4,0,2024-05-21,0.6315789176486533,-0.06842105098048068,1,0,1,0,1,0,1,0.05750859565720546
COCP,cur,tb_175_179#0,bo_172#0,burst_161_172#0,原有,172,175,3,0,2024-05-30,0.34700382815505504,-0.17564856854097802,1,0,0,0,0,0,5,0.09354168345915179
COCP,wide,tb_169#0,bo_164#0,burst_161_165#0,新增,165,169,4,0,2024-05-21,0.6315789176486533,-0.06842105098048068,1,0,1,0,1,0,1,0.05750859565720546
COCP,wide,tb_169#1,bo_165#0,burst_161_165#0,原有,165,169,4,0,2024-05-21,0.6315789176486533,-0.06842105098048068,1,0,1,0,1,0,1,0.05750859565720546
COCP,wide,tb_175_179#0,bo_172#0,burst_161_172#0,原有,172,175,3,0,2024-05-30,0.34700382815505504,-0.17564856854097802,1,0,0,0,0,0,5,0.09354168345915179
COCP,causal,tb_169#0,bo_164#0,burst_161_165#0,新增,165,169,4,0,2024-05-21,0.6315789176486533,-0.06842105098048068,1,0,1,0,1,0,1,0.05750859565720546
COCP,causal,tb_169#1,bo_165#0,burst_161_165#0,原有,165,169,4,0,2024-05-21,0.6315789176486533,-0.06842105098048068,1,0,1,0,1,0,1,0.05750859565720546
COCP,causal,tb_175_179#0,bo_172#0,burst_161_172#0,原有,172,175,3,0,2024-05-30,0.34700382815505504,-0.17564856854097802,1,0,0,0,0,0,5,0.09354168345915179
CRVO,cur,tb_102#1,bo_100#0,burst_99_100#0,原有,100,102,2,0,2024-02-14,0.7824323527563926,-0.19594598208316616,1,0,1,0,1,0,1,0.05661877684524394
CRVO,wide,tb_102#0,bo_99#0,burst_99_100#0,新增,100,102,2,0,2024-02-14,0.7824323527563926,-0.19594598208316616,1,0,1,0,1,0,1,0.05661877684524394
CRVO,wide,tb_102#1,bo_100#0,burst_99_100#0,原有,100,102,2,0,2024-02-14,0.7824323527563926,-0.19594598208316616,1,0,1,0,1,0,1,0.05661877684524394
CRVO,causal,tb_102#0,bo_99#0,burst_99_100#0,新增,100,102,2,0,2024-02-14,0.7824323527563926,-0.19594598208316616,1,0,1,0,1,0,1,0.05661877684524394
CRVO,causal,tb_102#1,bo_100#0,burst_99_100#0,原有,100,102,2,0,2024-02-14,0.7824323527563926,-0.19594598208316616,1,0,1,0,1,0,1,0.05661877684524394
CSBR,cur,tb_314_315#1,bo_310#0,burst_308_310#0,原有,310,314,4,0,2024-12-17,0.8043019334920706,-0.006947580068602688,2,0,2,0,2,0,2,0.0922929798808596
CSBR,cur,tb_314_315#2,bo_312#0,burst_308_312#0,原有,312,314,2,0,2024-12-17,0.8043019334920706,-0.006947580068602688,2,0,2,0,2,0,2,0.0922929798808596
CSBR,cur,tb_318_324#0,bo_316#0,burst_308_316#0,原有,316,318,2,0,2024-12-23,0.45135356435486385,-0.0714450723646728,3,0,0,0,0,0,6,0.11253770919749981
CSBR,wide,tb_314_315#0,bo_308#0,burst_308_310#0,新增,310,314,4,0,2024-12-17,0.8043019334920706,-0.006947580068602688,2,0,2,0,2,0,2,0.0922929798808596
CSBR,wide,tb_314_315#1,bo_310#0,burst_308_310#0,原有,310,314,4,0,2024-12-17,0.8043019334920706,-0.006947580068602688,2,0,2,0,2,0,2,0.0922929798808596
CSBR,wide,tb_314_315#2,bo_312#0,burst_308_312#0,原有,312,314,2,0,2024-12-17,0.8043019334920706,-0.006947580068602688,2,0,2,0,2,0,2,0.0922929798808596
CSBR,wide,tb_318_324#0,bo_316#0,burst_308_316#0,原有,316,318,2,0,2024-12-23,0.45135356435486385,-0.0714450723646728,3,0,0,0,0,0,6,0.11253770919749981
CSBR,causal,tb_314_315#0,bo_308#0,burst_308_310#0,新增,310,314,4,0,2024-12-17,0.8043019334920706,-0.006947580068602688,2,0,2,0,2,0,2,0.0922929798808596
CSBR,causal,tb_314_315#1,bo_310#0,burst_308_310#0,原有,310,314,4,0,2024-12-17,0.8043019334920706,-0.006947580068602688,2,0,2,0,2,0,2,0.0922929798808596
CSBR,causal,tb_314_315#2,bo_312#0,burst_308_312#0,原有,312,314,2,0,2024-12-17,0.8043019334920706,-0.006947580068602688,2,0,2,0,2,0,2,0.0922929798808596
CSBR,causal,tb_318_324#0,bo_316#0,burst_308_316#0,原有,316,318,2,0,2024-12-23,0.45135356435486385,-0.0714450723646728,3,0,0,0,0,0,6,0.11253770919749981
CSPI,cur,tb_302_310#2,bo_299#0,burst_296_299#0,原有,299,302,3,0,2024-11-29,0.2890343477291586,-0.2601216143819893,6,3,3,5,2,2,9,0.04613228859103738
CSPI,wide,tb_302_310#0,bo_296#0,burst_296_299#0,新增,299,302,3,0,2024-11-29,0.2890343477291586,-0.2601216143819893,6,3,3,5,2,2,9,0.04613228859103738
CSPI,wide,tb_302_310#1,bo_298#0,burst_296_299#0,新增,299,302,3,0,2024-11-29,0.2890343477291586,-0.2601216143819893,6,3,3,5,2,2,9,0.04613228859103738
CSPI,wide,tb_302_310#2,bo_299#0,burst_296_299#0,原有,299,302,3,0,2024-11-29,0.2890343477291586,-0.2601216143819893,6,3,3,5,2,2,9,0.04613228859103738
CSPI,causal,tb_302_310#0,bo_296#0,burst_296_299#0,新增,299,302,3,0,2024-11-29,0.2890343477291586,-0.2601216143819893,6,3,3,5,2,2,9,0.04613228859103738
CSPI,causal,tb_302_310#1,bo_298#0,burst_296_299#0,新增,299,302,3,0,2024-11-29,0.2890343477291586,-0.2601216143819893,6,3,3,5,2,2,9,0.04613228859103738
CSPI,causal,tb_302_310#2,bo_299#0,burst_296_299#0,原有,299,302,3,0,2024-11-29,0.2890343477291586,-0.2601216143819893,6,3,3,5,2,2,9,0.04613228859103738
CRBU,cur,tb_289#1,bo_287#0,burst_284_287#0,原有,287,289,2,0,2024-11-11,-0.028673808171997717,-0.44802867996090956,0,1,0,1,0,1,1,0.081916561740522
CRBU,wide,tb_289#0,bo_284#0,burst_284_287#0,新增,287,289,2,0,2024-11-11,-0.028673808171997717,-0.44802867996090956,0,1,0,1,0,1,1,0.081916561740522
CRBU,wide,tb_289#1,bo_287#0,burst_284_287#0,原有,287,289,2,0,2024-11-11,-0.028673808171997717,-0.44802867996090956,0,1,0,1,0,1,1,0.081916561740522
CRBU,causal,tb_289#0,bo_284#0,burst_284_287#0,新增,287,289,2,0,2024-11-11,-0.028673808171997717,-0.44802867996090956,0,1,0,1,0,1,1,0.081916561740522
CRBU,causal,tb_289#1,bo_287#0,burst_284_287#0,原有,287,289,2,0,2024-11-11,-0.028673808171997717,-0.44802867996090956,0,1,0,1,0,1,1,0.081916561740522
CRCT,cur,tb_163_166#0,bo_160#0,burst_156_160#0,原有,160,163,3,0,2024-05-13,0.019742745803729977,-0.24499736776847789,0,4,0,4,0,4,4,0.04547317596462162
CRCT,wide,tb_163_166#0,bo_160#0,burst_156_160#0,原有,160,163,3,0,2024-05-13,0.019742745803729977,-0.24499736776847789,0,4,0,4,0,4,4,0.04547317596462162
CRCT,causal,tb_163_166#0,bo_160#0,burst_156_160#0,原有,160,163,3,0,2024-05-13,0.019742745803729977,-0.24499736776847789,0,4,0,4,0,4,4,0.04547317596462162
CYPH,cur,tb_283#1,bo_280#0,burst_278_280#0,原有,280,283,3,0,2024-11-01,0.04812835997278464,-0.33957218654762056,0,1,0,1,0,0,1,0.08806944217112413
CYPH,wide,tb_283#0,bo_278#0,burst_278_280#0,新增,280,283,3,0,2024-11-01,0.04812835997278464,-0.33957218654762056,0,1,0,1,0,0,1,0.08806944217112413
CYPH,wide,tb_283#1,bo_280#0,burst_278_280#0,原有,280,283,3,0,2024-11-01,0.04812835997278464,-0.33957218654762056,0,1,0,1,0,0,1,0.08806944217112413
CYPH,causal,tb_283#0,bo_278#0,burst_278_280#0,新增,280,283,3,0,2024-11-01,0.04812835997278464,-0.33957218654762056,0,1,0,1,0,0,1,0.08806944217112413
CYPH,causal,tb_283#1,bo_280#0,burst_278_280#0,原有,280,283,3,0,2024-11-01,0.04812835997278464,-0.33957218654762056,0,1,0,1,0,0,1,0.08806944217112413
CTSO,cur,tb_206_207#0,bo_204#0,burst_200_204#0,原有,204,206,2,0,2024-07-16,0.12621751777670065,-0.23146917918733406,0,0,0,0,0,0,2,0.09952407391287268
CTSO,wide,tb_206_207#0,bo_204#0,burst_200_204#0,原有,204,206,2,0,2024-07-16,0.12621751777670065,-0.23146917918733406,0,0,0,0,0,0,2,0.09952407391287268
CTSO,causal,tb_206_207#0,bo_204#0,burst_200_204#0,原有,204,206,2,0,2024-07-16,0.12621751777670065,-0.23146917918733406,0,0,0,0,0,0,2,0.09952407391287268
COYA,cur,tb_277#0,bo_275#0,burst_269_275#0,原有,275,277,2,0,2024-10-24,0.03329969008952416,-0.4883955348409664,0,1,0,1,0,1,1,0.08206539348534822
COYA,wide,tb_272_274#0,bo_269#0,burst_269_275#0,新增,275,272,-3,1,2024-10-17,0.25465076611770493,-0.3285015631001768,0,3,0,3,0,3,3,0.07010759796948346
COYA,wide,tb_272_274#1,bo_270#0,burst_269_275#0,新增,275,272,-3,1,2024-10-17,0.25465076611770493,-0.3285015631001768,0,3,0,3,0,3,3,0.07010759796948346
COYA,wide,tb_277#0,bo_275#0,burst_269_275#0,原有,275,277,2,0,2024-10-24,0.03329969008952416,-0.4883955348409664,0,1,0,1,0,1,1,0.08206539348534822
COYA,causal,tb_277#0,bo_275#0,burst_269_275#0,原有,275,277,2,0,2024-10-24,0.03329969008952416,-0.4883955348409664,0,1,0,1,0,1,1,0.08206539348534822
CURI,cur,tb_243_244#2,bo_239#0,burst_236_239#0,原有,239,243,4,0,2024-09-06,0.8501979296210274,-0.0365855080966202,2,0,2,0,2,0,2,0.08687942873294419
CURI,wide,tb_243_244#0,bo_236#0,burst_236_239#0,新增,239,243,4,0,2024-09-06,0.8501979296210274,-0.0365855080966202,2,0,2,0,2,0,2,0.08687942873294419
CURI,wide,tb_243_244#1,bo_237#0,burst_236_239#0,新增,239,243,4,0,2024-09-06,0.8501979296210274,-0.0365855080966202,2,0,2,0,2,0,2,0.08687942873294419
CURI,wide,tb_243_244#2,bo_239#0,burst_236_239#0,原有,239,243,4,0,2024-09-06,0.8501979296210274,-0.0365855080966202,2,0,2,0,2,0,2,0.08687942873294419
CURI,causal,tb_243_244#0,bo_236#0,burst_236_239#0,新增,239,243,4,0,2024-09-06,0.8501979296210274,-0.0365855080966202,2,0,2,0,2,0,2,0.08687942873294419
CURI,causal,tb_243_244#1,bo_237#0,burst_236_239#0,新增,239,243,4,0,2024-09-06,0.8501979296210274,-0.0365855080966202,2,0,2,0,2,0,2,0.08687942873294419
CURI,causal,tb_243_244#2,bo_239#0,burst_236_239#0,原有,239,243,4,0,2024-09-06,0.8501979296210274,-0.0365855080966202,2,0,2,0,2,0,2,0.08687942873294419
CTGO,cur,tb_179_182#0,bo_177#0,burst_168_177#0,原有,177,179,2,0,2024-06-05,0.016219140610112703,-0.3223324765253666,0,4,0,4,0,4,4,0.0466764455639078
CTGO,wide,tb_175_177#0,bo_173#0,burst_168_177#0,新增,177,175,-2,1,2024-05-30,0.03590157268842161,-0.32126352859001256,0,3,0,3,0,3,3,0.041087640123226646
CTGO,wide,tb_179_182#0,bo_177#0,burst_168_177#0,原有,177,179,2,0,2024-06-05,0.016219140610112703,-0.3223324765253666,0,4,0,4,0,4,4,0.0466764455639078
CTGO,causal,tb_179_182#0,bo_177#0,burst_168_177#0,原有,177,179,2,0,2024-06-05,0.016219140610112703,-0.3223324765253666,0,4,0,4,0,4,4,0.0466764455639078
DERM,cur,tb_186_189#0,bo_183#0,burst_180_183#0,原有,183,186,3,0,2024-06-14,0.1280208069626667,-0.23403745380013433,0,0,0,0,0,0,4,0.08759613316677427
DERM,cur,tb_186_189#1,bo_184#0,burst_180_184#0,原有,184,186,2,0,2024-06-14,0.1280208069626667,-0.23403745380013433,0,0,0,0,0,0,4,0.08759613316677427
DERM,wide,tb_184#0,bo_180#0,burst_180_183#0,新增,183,184,1,0,2024-06-12,0.04377100160607417,-0.20707070828700425,0,0,0,0,0,0,1,0.07918964001550292
DERM,wide,tb_184#1,bo_182#0,burst_180_183#0,新增,183,184,1,0,2024-06-12,0.04377100160607417,-0.20707070828700425,0,0,0,0,0,0,1,0.07918964001550292
DERM,wide,tb_186_189#0,bo_183#0,burst_180_183#0,原有,183,186,3,0,2024-06-14,0.1280208069626667,-0.23403745380013433,0,0,0,0,0,0,4,0.08759613316677427
DERM,wide,tb_186_189#1,bo_184#0,burst_180_184#0,原有,184,186,2,0,2024-06-14,0.1280208069626667,-0.23403745380013433,0,0,0,0,0,0,4,0.08759613316677427
DERM,causal,tb_184#0,bo_180#0,burst_180_183#0,新增,183,184,1,0,2024-06-12,0.04377100160607417,-0.20707070828700425,0,0,0,0,0,0,1,0.07918964001550292
DERM,causal,tb_184#1,bo_182#0,burst_180_183#0,新增,183,184,1,0,2024-06-12,0.04377100160607417,-0.20707070828700425,0,0,0,0,0,0,1,0.07918964001550292
DERM,causal,tb_186_189#0,bo_183#0,burst_180_183#0,原有,183,186,3,0,2024-06-14,0.1280208069626667,-0.23403745380013433,0,0,0,0,0,0,4,0.08759613316677427
DERM,causal,tb_186_189#1,bo_184#0,burst_180_184#0,原有,184,186,2,0,2024-06-14,0.1280208069626667,-0.23403745380013433,0,0,0,0,0,0,4,0.08759613316677427
CRGO,cur,tb_291#2,bo_289#0,burst_287_289#0,原有,289,291,2,0,2024-11-13,0.3778705547378203,-0.2734864202948267,0,0,0,0,0,0,1,0.09647489466134958
CRGO,wide,tb_291#0,bo_287#0,burst_287_289#0,新增,289,291,2,0,2024-11-13,0.3778705547378203,-0.2734864202948267,0,0,0,0,0,0,1,0.09647489466134958
CRGO,wide,tb_291#1,bo_288#0,burst_287_289#0,新增,289,291,2,0,2024-11-13,0.3778705547378203,-0.2734864202948267,0,0,0,0,0,0,1,0.09647489466134958
CRGO,wide,tb_291#2,bo_289#0,burst_287_289#0,原有,289,291,2,0,2024-11-13,0.3778705547378203,-0.2734864202948267,0,0,0,0,0,0,1,0.09647489466134958
CRGO,causal,tb_291#0,bo_287#0,burst_287_289#0,新增,289,291,2,0,2024-11-13,0.3778705547378203,-0.2734864202948267,0,0,0,0,0,0,1,0.09647489466134958
CRGO,causal,tb_291#1,bo_288#0,burst_287_289#0,新增,289,291,2,0,2024-11-13,0.3778705547378203,-0.2734864202948267,0,0,0,0,0,0,1,0.09647489466134958
CRGO,causal,tb_291#2,bo_289#0,burst_287_289#0,原有,289,291,2,0,2024-11-13,0.3778705547378203,-0.2734864202948267,0,0,0,0,0,0,1,0.09647489466134958
CYDVF,cur,tb_118#0,bo_115#0,burst_106_115#0,原有,115,118,3,0,2024-03-08,0.33962267333818863,-0.4528301748867849,0,1,0,1,0,1,1,0.09838709832478262
CYDVF,cur,tb_118#1,bo_116#0,burst_106_116#0,原有,116,118,2,0,2024-03-08,0.33962267333818863,-0.4528301748867849,0,1,0,1,0,1,1,0.09838709832478262
CYDVF,wide,tb_118#0,bo_115#0,burst_106_115#0,原有,115,118,3,0,2024-03-08,0.33962267333818863,-0.4528301748867849,0,1,0,1,0,1,1,0.09838709832478262
CYDVF,wide,tb_118#1,bo_116#0,burst_106_116#0,原有,116,118,2,0,2024-03-08,0.33962267333818863,-0.4528301748867849,0,1,0,1,0,1,1,0.09838709832478262
CYDVF,causal,tb_118#0,bo_115#0,burst_106_115#0,原有,115,118,3,0,2024-03-08,0.33962267333818863,-0.4528301748867849,0,1,0,1,0,1,1,0.09838709832478262
CYDVF,causal,tb_118#1,bo_116#0,burst_106_116#0,原有,116,118,2,0,2024-03-08,0.33962267333818863,-0.4528301748867849,0,1,0,1,0,1,1,0.09838709832478262
CRMD,cur,tb_238_239#1,bo_235#0,burst_230_235#0,原有,235,238,3,0,2024-08-29,1.2089590208743037,-0.13712220223438365,2,0,2,0,2,0,2,0.06627942785208543
CRMD,wide,tb_238_239#0,bo_234#0,burst_230_235#0,新增,235,238,3,0,2024-08-29,1.2089590208743037,-0.13712220223438365,2,0,2,0,2,0,2,0.06627942785208543
CRMD,wide,tb_238_239#1,bo_235#0,burst_230_235#0,原有,235,238,3,0,2024-08-29,1.2089590208743037,-0.13712220223438365,2,0,2,0,2,0,2,0.06627942785208543
CRMD,causal,tb_238_239#0,bo_234#0,burst_230_235#0,新增,235,238,3,0,2024-08-29,1.2089590208743037,-0.13712220223438365,2,0,2,0,2,0,2,0.06627942785208543
CRMD,causal,tb_238_239#1,bo_235#0,burst_230_235#0,原有,235,238,3,0,2024-08-29,1.2089590208743037,-0.13712220223438365,2,0,2,0,2,0,2,0.06627942785208543
DQ,cur,tb_268#0,bo_263#0,burst_257_263#0,原有,263,268,5,0,2024-10-11,0.5048780673887672,-0.1419512120688834,1,0,1,0,0,0,1,0.08749754681577843
DQ,cur,tb_268#1,bo_264#0,burst_257_264#0,原有,264,268,4,0,2024-10-11,0.5048780673887672,-0.1419512120688834,1,0,1,0,0,0,1,0.08749754681577843
DQ,wide,tb_260_262#0,bo_257#0,burst_257_263#0,新增,263,260,-3,1,2024-10-01,0.42683773582658696,-0.18644811408225573,3,0,3,0,3,0,3,0.0588599836822341
DQ,wide,tb_260_262#1,bo_258#0,burst_257_263#0,新增,263,260,-3,1,2024-10-01,0.42683773582658696,-0.18644811408225573,3,0,3,0,3,0,3,0.0588599836822341
DQ,wide,tb_268#0,bo_263#0,burst_257_263#0,原有,263,268,5,0,2024-10-11,0.5048780673887672,-0.1419512120688834,1,0,1,0,0,0,1,0.08749754681577843
DQ,wide,tb_268#1,bo_264#0,burst_257_264#0,原有,264,268,4,0,2024-10-11,0.5048780673887672,-0.1419512120688834,1,0,1,0,0,0,1,0.08749754681577843
DQ,causal,tb_268#0,bo_263#0,burst_257_263#0,原有,263,268,5,0,2024-10-11,0.5048780673887672,-0.1419512120688834,1,0,1,0,0,0,1,0.08749754681577843
DQ,causal,tb_268#1,bo_264#0,burst_257_264#0,原有,264,268,4,0,2024-10-11,0.5048780673887672,-0.1419512120688834,1,0,1,0,0,0,1,0.08749754681577843
CVRX,cur,tb_283#1,bo_281#0,burst_274_281#0,原有,281,283,2,0,2024-11-01,0.19514924220609653,-0.1503730930605388,0,0,0,0,0,0,1,0.08356500752747126
CVRX,wide,tb_283#0,bo_280#0,burst_274_281#0,新增,281,283,2,0,2024-11-01,0.19514924220609653,-0.1503730930605388,0,0,0,0,0,0,1,0.08356500752747126
CVRX,wide,tb_283#1,bo_281#0,burst_274_281#0,原有,281,283,2,0,2024-11-01,0.19514924220609653,-0.1503730930605388,0,0,0,0,0,0,1,0.08356500752747126
CVRX,causal,tb_283#0,bo_280#0,burst_274_281#0,新增,281,283,2,0,2024-11-01,0.19514924220609653,-0.1503730930605388,0,0,0,0,0,0,1,0.08356500752747126
CVRX,causal,tb_283#1,bo_281#0,burst_274_281#0,原有,281,283,2,0,2024-11-01,0.19514924220609653,-0.1503730930605388,0,0,0,0,0,0,1,0.08356500752747126
CVU,cur,tb_238#2,bo_236#0,burst_234_236#0,原有,236,238,2,0,2024-08-29,0.16393442879246,-0.08196721439623,0,0,0,0,0,0,1,0.04554232003009499
CVU,wide,tb_238#0,bo_234#0,burst_234_236#0,新增,236,238,2,0,2024-08-29,0.16393442879246,-0.08196721439623,0,0,0,0,0,0,1,0.04554232003009499
CVU,wide,tb_238#1,bo_235#0,burst_234_236#0,新增,236,238,2,0,2024-08-29,0.16393442879246,-0.08196721439623,0,0,0,0,0,0,1,0.04554232003009499
CVU,wide,tb_238#2,bo_236#0,burst_234_236#0,原有,236,238,2,0,2024-08-29,0.16393442879246,-0.08196721439623,0,0,0,0,0,0,1,0.04554232003009499
CVU,causal,tb_238#0,bo_234#0,burst_234_236#0,新增,236,238,2,0,2024-08-29,0.16393442879246,-0.08196721439623,0,0,0,0,0,0,1,0.04554232003009499
CVU,causal,tb_238#1,bo_235#0,burst_234_236#0,新增,236,238,2,0,2024-08-29,0.16393442879246,-0.08196721439623,0,0,0,0,0,0,1,0.04554232003009499
CVU,causal,tb_238#2,bo_236#0,burst_234_236#0,原有,236,238,2,0,2024-08-29,0.16393442879246,-0.08196721439623,0,0,0,0,0,0,1,0.04554232003009499
CVV,cur,tb_317_322#0,bo_312#0,burst_304_312#0,原有,312,317,5,0,2024-12-20,0.2162964238048151,-0.23624423765990799,0,4,0,0,0,0,6,0.0786443208256725
CVV,wide,tb_317_322#0,bo_312#0,burst_304_312#0,原有,312,317,5,0,2024-12-20,0.2162964238048151,-0.23624423765990799,0,4,0,0,0,0,6,0.0786443208256725
CVV,causal,tb_317_322#0,bo_312#0,burst_304_312#0,原有,312,317,5,0,2024-12-20,0.2162964238048151,-0.23624423765990799,0,4,0,0,0,0,6,0.0786443208256725
DCGO,cur,tb_290_293#0,bo_288#0,burst_288#0,原有,288,290,2,0,2024-11-12,0.11540903677774189,-0.07789652893908905,0,0,0,0,0,0,4,0.05189050683056022
DCGO,cur,tb_295_300#0,bo_291#0,burst_288_291#0,原有,291,295,4,0,2024-11-19,0.1580426996342028,-0.058065609059874734,0,0,0,0,0,0,6,0.05302204091199714
DCGO,wide,tb_290_293#0,bo_288#0,burst_288#0,原有,288,290,2,0,2024-11-12,0.11540903677774189,-0.07789652893908905,0,0,0,0,0,0,4,0.05189050683056022
DCGO,wide,tb_295_300#0,bo_291#0,burst_288_291#0,原有,291,295,4,0,2024-11-19,0.1580426996342028,-0.058065609059874734,0,0,0,0,0,0,6,0.05302204091199714
DCGO,causal,tb_290_293#0,bo_288#0,burst_288#0,原有,288,290,2,0,2024-11-12,0.11540903677774189,-0.07789652893908905,0,0,0,0,0,0,4,0.05189050683056022
DCGO,causal,tb_295_300#0,bo_291#0,burst_288_291#0,原有,291,295,4,0,2024-11-19,0.1580426996342028,-0.058065609059874734,0,0,0,0,0,0,6,0.05302204091199714
DDL,cur,tb_245_246#2,bo_242#0,burst_232_242#0,原有,242,245,3,0,2024-09-10,0.59239130261946,-0.06948472278541679,2,0,2,0,2,0,2,0.07600117063232682
DDL,wide,tb_245_246#0,bo_238#0,burst_232_242#0,新增,242,245,3,0,2024-09-10,0.59239130261946,-0.06948472278541679,2,0,2,0,2,0,2,0.07600117063232682
DDL,wide,tb_245_246#1,bo_240#0,burst_232_242#0,新增,242,245,3,0,2024-09-10,0.59239130261946,-0.06948472278541679,2,0,2,0,2,0,2,0.07600117063232682
DDL,wide,tb_245_246#2,bo_242#0,burst_232_242#0,原有,242,245,3,0,2024-09-10,0.59239130261946,-0.06948472278541679,2,0,2,0,2,0,2,0.07600117063232682
DDL,causal,tb_245_246#0,bo_238#0,burst_232_242#0,新增,242,245,3,0,2024-09-10,0.59239130261946,-0.06948472278541679,2,0,2,0,2,0,2,0.07600117063232682
DDL,causal,tb_245_246#1,bo_240#0,burst_232_242#0,新增,242,245,3,0,2024-09-10,0.59239130261946,-0.06948472278541679,2,0,2,0,2,0,2,0.07600117063232682
DDL,causal,tb_245_246#2,bo_242#0,burst_232_242#0,原有,242,245,3,0,2024-09-10,0.59239130261946,-0.06948472278541679,2,0,2,0,2,0,2,0.07600117063232682
DOMH,cur,tb_139_143#0,bo_136#0,burst_131_136#0,原有,136,139,3,0,2024-04-09,0.06565617620668651,-0.30904224730723284,0,5,0,5,0,5,5,0.057426268445222334
DOMH,wide,tb_139_143#0,bo_136#0,burst_131_136#0,原有,136,139,3,0,2024-04-09,0.06565617620668651,-0.30904224730723284,0,5,0,5,0,5,5,0.057426268445222334
DOMH,causal,tb_139_143#0,bo_136#0,burst_131_136#0,原有,136,139,3,0,2024-04-09,0.06565617620668651,-0.30904224730723284,0,5,0,5,0,5,5,0.057426268445222334
DAO,cur,tb_263_265#0,bo_260#0,burst_258_260#0,原有,260,263,3,0,2024-10-04,0.3214416701009542,-0.22268137052885043,1,2,0,0,0,0,3,0.061446754107136764
DAO,cur,tb_263_265#1,bo_261#0,burst_258_261#0,原有,261,263,2,0,2024-10-04,0.3214416701009542,-0.22268137052885043,1,2,0,0,0,0,3,0.061446754107136764
DAO,wide,tb_260#0,bo_258#0,burst_258_260#0,新增,260,260,0,1,2024-10-01,0.4699073269227436,-0.02546299285726661,1,0,1,0,1,0,1,0.05302607320396807
DAO,wide,tb_263_265#0,bo_260#0,burst_258_260#0,原有,260,263,3,0,2024-10-04,0.3214416701009542,-0.22268137052885043,1,2,0,0,0,0,3,0.061446754107136764
DAO,wide,tb_263_265#1,bo_261#0,burst_258_261#0,原有,261,263,2,0,2024-10-04,0.3214416701009542,-0.22268137052885043,1,2,0,0,0,0,3,0.061446754107136764
DAO,causal,tb_263_265#0,bo_260#0,burst_258_260#0,原有,260,263,3,0,2024-10-04,0.3214416701009542,-0.22268137052885043,1,2,0,0,0,0,3,0.061446754107136764
DAO,causal,tb_263_265#1,bo_261#0,burst_258_261#0,原有,261,263,2,0,2024-10-04,0.3214416701009542,-0.22268137052885043,1,2,0,0,0,0,3,0.061446754107136764
DGXX,cur,tb_285_286#1,bo_280#0,burst_273_280#0,原有,280,285,5,0,2024-11-05,0.3509956648200112,-0.10337507058293693,1,0,0,0,0,0,2,0.1042163606502853
DGXX,wide,tb_285_286#0,bo_279#0,burst_273_280#0,新增,280,285,5,0,2024-11-05,0.3509956648200112,-0.10337507058293693,1,0,0,0,0,0,2,0.1042163606502853
DGXX,wide,tb_285_286#1,bo_280#0,burst_273_280#0,原有,280,285,5,0,2024-11-05,0.3509956648200112,-0.10337507058293693,1,0,0,0,0,0,2,0.1042163606502853
DGXX,causal,tb_285_286#0,bo_279#0,burst_273_280#0,新增,280,285,5,0,2024-11-05,0.3509956648200112,-0.10337507058293693,1,0,0,0,0,0,2,0.1042163606502853
DGXX,causal,tb_285_286#1,bo_280#0,burst_273_280#0,原有,280,285,5,0,2024-11-05,0.3509956648200112,-0.10337507058293693,1,0,0,0,0,0,2,0.1042163606502853
DYAI,cur,tb_301#1,bo_297#0,burst_296_297#0,原有,297,301,4,0,2024-11-27,0.17647061073468806,-0.27272726693197424,0,0,0,0,0,0,1,0.09431838074326226
DYAI,wide,tb_301#0,bo_296#0,burst_296_297#0,新增,297,301,4,0,2024-11-27,0.17647061073468806,-0.27272726693197424,0,0,0,0,0,0,1,0.09431838074326226
DYAI,wide,tb_301#1,bo_297#0,burst_296_297#0,原有,297,301,4,0,2024-11-27,0.17647061073468806,-0.27272726693197424,0,0,0,0,0,0,1,0.09431838074326226
DYAI,causal,tb_301#0,bo_296#0,burst_296_297#0,新增,297,301,4,0,2024-11-27,0.17647061073468806,-0.27272726693197424,0,0,0,0,0,0,1,0.09431838074326226
DYAI,causal,tb_301#1,bo_297#0,burst_296_297#0,原有,297,301,4,0,2024-11-27,0.17647061073468806,-0.27272726693197424,0,0,0,0,0,0,1,0.09431838074326226
EDN,cur,tb_246#0,bo_243#0,burst_230_243#0,原有,243,246,3,0,2024-09-11,0.5010979191053002,-0.06148439132125394,1,0,1,0,1,0,1,0.05321526659855938
EDN,cur,tb_246#1,bo_244#0,burst_230_244#0,原有,244,246,2,0,2024-09-11,0.5010979191053002,-0.06148439132125394,1,0,1,0,1,0,1,0.05321526659855938
EDN,wide,tb_241#0,bo_239#0,burst_230_243#0,新增,243,241,-2,1,2024-09-04,0.443050666758541,-0.011038696303782403,1,0,1,0,1,0,1,0.05137244809710952
EDN,wide,tb_246#0,bo_243#0,burst_230_243#0,原有,243,246,3,0,2024-09-11,0.5010979191053002,-0.06148439132125394,1,0,1,0,1,0,1,0.05321526659855938
EDN,wide,tb_246#1,bo_244#0,burst_230_244#0,原有,244,246,2,0,2024-09-11,0.5010979191053002,-0.06148439132125394,1,0,1,0,1,0,1,0.05321526659855938
EDN,causal,tb_246#0,bo_243#0,burst_230_243#0,原有,243,246,3,0,2024-09-11,0.5010979191053002,-0.06148439132125394,1,0,1,0,1,0,1,0.05321526659855938
EDN,causal,tb_246#1,bo_244#0,burst_230_244#0,原有,244,246,2,0,2024-09-11,0.5010979191053002,-0.06148439132125394,1,0,1,0,1,0,1,0.05321526659855938
EBON,cur,tb_292#1,bo_289#0,burst_286_289#0,原有,289,292,3,0,2024-11-14,0.09988560272545732,-0.35697940128892247,0,1,0,1,0,1,1,0.07589638734549672
EBON,wide,tb_292#0,bo_286#0,burst_286_289#0,新增,289,292,3,0,2024-11-14,0.09988560272545732,-0.35697940128892247,0,1,0,1,0,1,1,0.07589638734549672
EBON,wide,tb_292#1,bo_289#0,burst_286_289#0,原有,289,292,3,0,2024-11-14,0.09988560272545732,-0.35697940128892247,0,1,0,1,0,1,1,0.07589638734549672
EBON,causal,tb_292#0,bo_286#0,burst_286_289#0,新增,289,292,3,0,2024-11-14,0.09988560272545732,-0.35697940128892247,0,1,0,1,0,1,1,0.07589638734549672
EBON,causal,tb_292#1,bo_289#0,burst_286_289#0,原有,289,292,3,0,2024-11-14,0.09988560272545732,-0.35697940128892247,0,1,0,1,0,1,1,0.07589638734549672
DTST,wide,tb_291#0,bo_288#0,burst_288_291#0,新增,291,291,0,1,2024-11-13,0.025291851715514513,-0.28015561404799416,0,1,0,1,0,1,1,0.051877061156799784
DTST,wide,tb_291#1,bo_289#0,burst_288_291#0,新增,291,291,0,1,2024-11-13,0.025291851715514513,-0.28015561404799416,0,1,0,1,0,1,1,0.051877061156799784
ECOR,cur,tb_87_94#0,bo_85#0,burst_81_85#0,原有,85,87,2,0,2024-01-24,0.045063385934478783,-0.22197919864190763,0,6,0,4,0,1,8,0.06348454908074916
ECOR,wide,tb_84#0,bo_81#0,burst_81_85#0,新增,85,84,-1,1,2024-01-19,0.2187028332181875,-0.09954755850029462,0,0,0,0,0,0,1,0.0675634967274116
ECOR,wide,tb_87_94#0,bo_85#0,burst_81_85#0,原有,85,87,2,0,2024-01-24,0.045063385934478783,-0.22197919864190763,0,6,0,4,0,1,8,0.06348454908074916
ECOR,causal,tb_87_94#0,bo_85#0,burst_81_85#0,原有,85,87,2,0,2024-01-24,0.045063385934478783,-0.22197919864190763,0,6,0,4,0,1,8,0.06348454908074916
DUOT,cur,tb_273_280#0,bo_270#0,burst_259_270#0,原有,270,273,3,0,2024-10-18,0.5831139303573841,-0.09436287893845217,8,0,8,0,8,0,8,0.08439985951711144
DUOT,cur,tb_273_280#1,bo_271#0,burst_259_271#0,原有,271,273,2,0,2024-10-18,0.5831139303573841,-0.09436287893845217,8,0,8,0,8,0,8,0.08439985951711144
DUOT,wide,tb_261#0,bo_259#0,burst_259_270#0,新增,270,261,-9,2,2024-10-02,1.077419437206005,-0.08580638780305883,1,0,1,0,1,0,1,0.0662514843497525
DUOT,wide,tb_266#0,bo_264#0,burst_259_270#0,新增,270,266,-4,1,2024-10-09,0.9815384791447566,-0.04615387549767125,1,0,1,0,1,0,1,0.08264426348314259
DUOT,wide,tb_273_280#0,bo_270#0,burst_259_270#0,原有,270,273,3,0,2024-10-18,0.5831139303573841,-0.09436287893845217,8,0,8,0,8,0,8,0.08439985951711144
DUOT,wide,tb_273_280#1,bo_271#0,burst_259_271#0,原有,271,273,2,0,2024-10-18,0.5831139303573841,-0.09436287893845217,8,0,8,0,8,0,8,0.08439985951711144
DUOT,causal,tb_273_280#0,bo_270#0,burst_259_270#0,原有,270,273,3,0,2024-10-18,0.5831139303573841,-0.09436287893845217,8,0,8,0,8,0,8,0.08439985951711144
DUOT,causal,tb_273_280#1,bo_271#0,burst_259_271#0,原有,271,273,2,0,2024-10-18,0.5831139303573841,-0.09436287893845217,8,0,8,0,8,0,8,0.08439985951711144
EMBC,cur,tb_305#0,bo_300#0,burst_300#0,原有,300,305,5,0,2024-12-04,0.043491053241119904,-0.14279395478002976,0,0,0,0,0,0,1,0.053828540445191975
EMBC,cur,tb_305#1,bo_301#0,burst_300_301#0,原有,301,305,4,0,2024-12-04,0.043491053241119904,-0.14279395478002976,0,0,0,0,0,0,1,0.053828540445191975
EMBC,wide,tb_305#0,bo_300#0,burst_300#0,原有,300,305,5,0,2024-12-04,0.043491053241119904,-0.14279395478002976,0,0,0,0,0,0,1,0.053828540445191975
EMBC,wide,tb_305#1,bo_301#0,burst_300_301#0,原有,301,305,4,0,2024-12-04,0.043491053241119904,-0.14279395478002976,0,0,0,0,0,0,1,0.053828540445191975
EMBC,causal,tb_305#0,bo_300#0,burst_300#0,原有,300,305,5,0,2024-12-04,0.043491053241119904,-0.14279395478002976,0,0,0,0,0,0,1,0.053828540445191975
EMBC,causal,tb_305#1,bo_301#0,burst_300_301#0,原有,301,305,4,0,2024-12-04,0.043491053241119904,-0.14279395478002976,0,0,0,0,0,0,1,0.053828540445191975
EPRX,cur,tb_150_151#0,bo_146#0,burst_146#0,原有,146,150,4,0,2024-11-07,0.2794829511997915,-0.13446740217053404,0,0,0,0,0,0,2,0.08223451455122284
EPRX,cur,tb_150_151#1,bo_147#0,burst_146_147#0,原有,147,150,3,0,2024-11-07,0.2794829511997915,-0.13446740217053404,0,0,0,0,0,0,2,0.08223451455122284
EPRX,wide,tb_150_151#0,bo_146#0,burst_146#0,原有,146,150,4,0,2024-11-07,0.2794829511997915,-0.13446740217053404,0,0,0,0,0,0,2,0.08223451455122284
EPRX,wide,tb_150_151#1,bo_147#0,burst_146_147#0,原有,147,150,3,0,2024-11-07,0.2794829511997915,-0.13446740217053404,0,0,0,0,0,0,2,0.08223451455122284
EPRX,causal,tb_150_151#0,bo_146#0,burst_146#0,原有,146,150,4,0,2024-11-07,0.2794829511997915,-0.13446740217053404,0,0,0,0,0,0,2,0.08223451455122284
EPRX,causal,tb_150_151#1,bo_147#0,burst_146_147#0,原有,147,150,3,0,2024-11-07,0.2794829511997915,-0.13446740217053404,0,0,0,0,0,0,2,0.08223451455122284
EH,cur,tb_135_141#0,bo_132#0,burst_128_132#0,原有,132,135,3,0,2024-04-03,0.10446356867652581,-0.21168769213965266,0,0,0,0,0,0,7,0.09996369141340272
EH,wide,tb_135_141#0,bo_132#0,burst_128_132#0,原有,132,135,3,0,2024-04-03,0.10446356867652581,-0.21168769213965266,0,0,0,0,0,0,7,0.09996369141340272
EH,causal,tb_135_141#0,bo_132#0,burst_128_132#0,原有,132,135,3,0,2024-04-03,0.10446356867652581,-0.21168769213965266,0,0,0,0,0,0,7,0.09996369141340272
ELBM,cur,tb_101#1,bo_99#0,burst_98_99#0,原有,99,101,2,0,2024-02-13,0.17741937654695672,-0.29193547239660855,0,1,0,0,0,0,1,0.08565228060908464
ELBM,wide,tb_101#0,bo_98#0,burst_98_99#0,新增,99,101,2,0,2024-02-13,0.17741937654695672,-0.29193547239660855,0,1,0,0,0,0,1,0.08565228060908464
ELBM,wide,tb_101#1,bo_99#0,burst_98_99#0,原有,99,101,2,0,2024-02-13,0.17741937654695672,-0.29193547239660855,0,1,0,0,0,0,1,0.08565228060908464
ELBM,causal,tb_101#0,bo_98#0,burst_98_99#0,新增,99,101,2,0,2024-02-13,0.17741937654695672,-0.29193547239660855,0,1,0,0,0,0,1,0.08565228060908464
ELBM,causal,tb_101#1,bo_99#0,burst_98_99#0,原有,99,101,2,0,2024-02-13,0.17741937654695672,-0.29193547239660855,0,1,0,0,0,0,1,0.08565228060908464
ELDN,cur,tb_280#2,bo_276#0,burst_274_276#0,原有,276,280,4,0,2024-10-29,0.5431755137339398,-0.025069614574109722,1,0,1,0,1,0,1,0.06010478540077478
ELDN,wide,tb_280#0,bo_274#0,burst_274_276#0,新增,276,280,4,0,2024-10-29,0.5431755137339398,-0.025069614574109722,1,0,1,0,1,0,1,0.06010478540077478
ELDN,wide,tb_280#1,bo_275#0,burst_274_276#0,新增,276,280,4,0,2024-10-29,0.5431755137339398,-0.025069614574109722,1,0,1,0,1,0,1,0.06010478540077478
ELDN,wide,tb_280#2,bo_276#0,burst_274_276#0,原有,276,280,4,0,2024-10-29,0.5431755137339398,-0.025069614574109722,1,0,1,0,1,0,1,0.06010478540077478
ELDN,causal,tb_280#0,bo_274#0,burst_274_276#0,新增,276,280,4,0,2024-10-29,0.5431755137339398,-0.025069614574109722,1,0,1,0,1,0,1,0.06010478540077478
ELDN,causal,tb_280#1,bo_275#0,burst_274_276#0,新增,276,280,4,0,2024-10-29,0.5431755137339398,-0.025069614574109722,1,0,1,0,1,0,1,0.06010478540077478
ELDN,causal,tb_280#2,bo_276#0,burst_274_276#0,原有,276,280,4,0,2024-10-29,0.5431755137339398,-0.025069614574109722,1,0,1,0,1,0,1,0.06010478540077478
EYPT,cur,tb_282_289#0,bo_279#0,burst_269_279#0,原有,279,282,3,0,2024-10-31,0.047940299791068605,-0.4152801307155886,0,8,0,8,0,8,8,0.0656600673781895
EYPT,wide,tb_275#0,bo_271#0,burst_269_279#0,新增,279,275,-4,1,2024-10-22,0.30139532754587584,-0.3293023220328397,1,0,1,0,0,1,1,0.05221785439470214
EYPT,wide,tb_282_289#0,bo_279#0,burst_269_279#0,原有,279,282,3,0,2024-10-31,0.047940299791068605,-0.4152801307155886,0,8,0,8,0,8,8,0.0656600673781895
EYPT,causal,tb_282_289#0,bo_279#0,burst_269_279#0,原有,279,282,3,0,2024-10-31,0.047940299791068605,-0.4152801307155886,0,8,0,8,0,8,8,0.0656600673781895
ESLA,cur,tb_208_210#2,bo_203#0,burst_198_203#0,原有,203,208,5,0,2024-07-18,1.3228893403453326,-0.37289181297714163,3,0,3,0,3,0,3,0.09274466587602087
ESLA,cur,tb_208_210#3,bo_204#0,burst_198_204#0,原有,204,208,4,0,2024-07-18,1.3228893403453326,-0.37289181297714163,3,0,3,0,3,0,3,0.09274466587602087
ESLA,wide,tb_208_210#0,bo_198#0,burst_198_203#0,新增,203,208,5,0,2024-07-18,1.3228893403453326,-0.37289181297714163,3,0,3,0,3,0,3,0.09274466587602087
ESLA,wide,tb_208_210#1,bo_200#0,burst_198_203#0,新增,203,208,5,0,2024-07-18,1.3228893403453326,-0.37289181297714163,3,0,3,0,3,0,3,0.09274466587602087
ESLA,wide,tb_208_210#2,bo_203#0,burst_198_203#0,原有,203,208,5,0,2024-07-18,1.3228893403453326,-0.37289181297714163,3,0,3,0,3,0,3,0.09274466587602087
ESLA,wide,tb_208_210#3,bo_204#0,burst_198_204#0,原有,204,208,4,0,2024-07-18,1.3228893403453326,-0.37289181297714163,3,0,3,0,3,0,3,0.09274466587602087
ESLA,causal,tb_208_210#0,bo_198#0,burst_198_203#0,新增,203,208,5,0,2024-07-18,1.3228893403453326,-0.37289181297714163,3,0,3,0,3,0,3,0.09274466587602087
ESLA,causal,tb_208_210#1,bo_200#0,burst_198_203#0,新增,203,208,5,0,2024-07-18,1.3228893403453326,-0.37289181297714163,3,0,3,0,3,0,3,0.09274466587602087
ESLA,causal,tb_208_210#2,bo_203#0,burst_198_203#0,原有,203,208,5,0,2024-07-18,1.3228893403453326,-0.37289181297714163,3,0,3,0,3,0,3,0.09274466587602087
ESLA,causal,tb_208_210#3,bo_204#0,burst_198_204#0,原有,204,208,4,0,2024-07-18,1.3228893403453326,-0.37289181297714163,3,0,3,0,3,0,3,0.09274466587602087
ESOA,cur,tb_233_236#0,bo_230#0,burst_226_230#0,原有,230,233,3,0,2024-08-22,0.07014549486397231,-0.11483317599082266,0,0,0,0,0,0,4,0.05964801635672478
ESOA,wide,tb_233_236#0,bo_230#0,burst_226_230#0,原有,230,233,3,0,2024-08-22,0.07014549486397231,-0.11483317599082266,0,0,0,0,0,0,4,0.05964801635672478
ESOA,causal,tb_233_236#0,bo_230#0,burst_226_230#0,原有,230,233,3,0,2024-08-22,0.07014549486397231,-0.11483317599082266,0,0,0,0,0,0,4,0.05964801635672478
ESP,cur,tb_261#0,bo_259#0,burst_252_259#0,原有,259,261,2,0,2024-10-02,0.09126974603253135,-0.09821427707681751,0,0,0,0,0,0,1,0.049800337114524654
ESP,wide,tb_261#0,bo_259#0,burst_252_259#0,原有,259,261,2,0,2024-10-02,0.09126974603253135,-0.09821427707681751,0,0,0,0,0,0,1,0.049800337114524654
ESP,causal,tb_261#0,bo_259#0,burst_252_259#0,原有,259,261,2,0,2024-10-02,0.09126974603253135,-0.09821427707681751,0,0,0,0,0,0,1,0.049800337114524654
ETCG,cur,tb_301_302#0,bo_298#0,burst_289_298#0,原有,298,301,3,0,2024-11-27,0.19424049995177783,-0.30659235286742054,0,2,0,1,0,0,2,0.0910443176822405
ETCG,cur,tb_301_302#1,bo_299#0,burst_289_299#0,原有,299,301,2,0,2024-11-27,0.19424049995177783,-0.30659235286742054,0,2,0,1,0,0,2,0.0910443176822405
ETCG,cur,tb_310_314#0,bo_307#0,burst_289_307#0,原有,307,310,3,0,2024-12-11,0.014974175575384052,-0.4220911947156617,0,5,0,5,0,5,5,0.08681073752320491
ETCG,wide,tb_297_298#0,bo_294#0,burst_289_298#0,新增,298,297,-1,1,2024-11-21,0.3425606254465179,-0.22047376180819134,2,0,0,0,0,0,2,0.07822025000487187
ETCG,wide,tb_301_302#0,bo_298#0,burst_289_298#0,原有,298,301,3,0,2024-11-27,0.19424049995177783,-0.30659235286742054,0,2,0,1,0,0,2,0.0910443176822405
ETCG,wide,tb_301_302#1,bo_299#0,burst_289_299#0,原有,299,301,2,0,2024-11-27,0.19424049995177783,-0.30659235286742054,0,2,0,1,0,0,2,0.0910443176822405
ETCG,wide,tb_310_314#0,bo_307#0,burst_289_307#0,原有,307,310,3,0,2024-12-11,0.014974175575384052,-0.4220911947156617,0,5,0,5,0,5,5,0.08681073752320491
ETCG,causal,tb_301_302#0,bo_298#0,burst_289_298#0,原有,298,301,3,0,2024-11-27,0.19424049995177783,-0.30659235286742054,0,2,0,1,0,0,2,0.0910443176822405
ETCG,causal,tb_301_302#1,bo_299#0,burst_289_299#0,原有,299,301,2,0,2024-11-27,0.19424049995177783,-0.30659235286742054,0,2,0,1,0,0,2,0.0910443176822405
ETCG,causal,tb_310_314#0,bo_307#0,burst_289_307#0,原有,307,310,3,0,2024-12-11,0.014974175575384052,-0.4220911947156617,0,5,0,5,0,5,5,0.08681073752320491
EVGO,cur,tb_206#1,bo_204#0,burst_193_204#0,原有,204,206,2,0,2024-07-16,0.14914416477253112,-0.19315407598988588,0,0,0,0,0,0,1,0.07958504728171537
EVGO,wide,tb_198#0,bo_193#0,burst_193_204#0,新增,204,198,-6,2,2024-07-03,0.8577074554998314,-0.017786591621669512,1,0,1,0,1,0,1,0.06883541116194647
EVGO,wide,tb_198#1,bo_194#0,burst_193_204#0,新增,204,198,-6,2,2024-07-03,0.8577074554998314,-0.017786591621669512,1,0,1,0,1,0,1,0.06883541116194647
EVGO,wide,tb_206#0,bo_199#0,burst_193_204#0,新增,204,206,2,0,2024-07-16,0.14914416477253112,-0.19315407598988588,0,0,0,0,0,0,1,0.07958504728171537
EVGO,wide,tb_206#1,bo_204#0,burst_193_204#0,原有,204,206,2,0,2024-07-16,0.14914416477253112,-0.19315407598988588,0,0,0,0,0,0,1,0.07958504728171537
EVGO,causal,tb_206#0,bo_199#0,burst_193_204#0,新增,204,206,2,0,2024-07-16,0.14914416477253112,-0.19315407598988588,0,0,0,0,0,0,1,0.07958504728171537
EVGO,causal,tb_206#1,bo_204#0,burst_193_204#0,原有,204,206,2,0,2024-07-16,0.14914416477253112,-0.19315407598988588,0,0,0,0,0,0,1,0.07958504728171537
EVTL,cur,tb_133#0,bo_127#0,burst_124_127#0,原有,127,133,6,0,2024-04-01,0.04310344685839129,-0.43620691838077286,0,1,0,1,0,1,1,0.07577072384496789
EVTL,wide,tb_133#0,bo_127#0,burst_124_127#0,原有,127,133,6,0,2024-04-01,0.04310344685839129,-0.43620691838077286,0,1,0,1,0,1,1,0.07577072384496789
EVTL,causal,tb_133#0,bo_127#0,burst_124_127#0,原有,127,133,6,0,2024-04-01,0.04310344685839129,-0.43620691838077286,0,1,0,1,0,1,1,0.07577072384496789
EXFY,cur,tb_292#1,bo_289#0,burst_288_289#0,原有,289,292,3,0,2024-11-14,0.44405603703791074,-0.08041950667526199,1,0,1,0,1,0,1,0.059069120875405424
EXFY,cur,tb_300_301#0,bo_296#0,burst_288_296#0,原有,296,300,4,0,2024-11-26,0.24976199820385736,-0.07100020708483334,0,0,0,0,0,0,2,0.06689606039290097
EXFY,wide,tb_292#0,bo_288#0,burst_288_289#0,新增,289,292,3,0,2024-11-14,0.44405603703791074,-0.08041950667526199,1,0,1,0,1,0,1,0.059069120875405424
EXFY,wide,tb_292#1,bo_289#0,burst_288_289#0,原有,289,292,3,0,2024-11-14,0.44405603703791074,-0.08041950667526199,1,0,1,0,1,0,1,0.059069120875405424
EXFY,wide,tb_300_301#0,bo_296#0,burst_288_296#0,原有,296,300,4,0,2024-11-26,0.24976199820385736,-0.07100020708483334,0,0,0,0,0,0,2,0.06689606039290097
EXFY,causal,tb_292#0,bo_288#0,burst_288_289#0,新增,289,292,3,0,2024-11-14,0.44405603703791074,-0.08041950667526199,1,0,1,0,1,0,1,0.059069120875405424
EXFY,causal,tb_292#1,bo_289#0,burst_288_289#0,原有,289,292,3,0,2024-11-14,0.44405603703791074,-0.08041950667526199,1,0,1,0,1,0,1,0.059069120875405424
EXFY,causal,tb_300_301#0,bo_296#0,burst_288_296#0,原有,296,300,4,0,2024-11-26,0.24976199820385736,-0.07100020708483334,0,0,0,0,0,0,2,0.06689606039290097
EOSE,cur,tb_194#1,bo_192#0,burst_183_192#0,原有,192,194,2,0,2024-06-27,0.8749999452163197,-0.06617649443524909,1,0,1,0,1,0,1,0.11775516516428339
EOSE,cur,tb_202_203#0,bo_198#0,burst_183_198#0,原有,198,202,4,0,2024-07-10,0.344774711344667,-0.33239831499048283,0,0,0,0,0,0,2,0.1366966821518611
EOSE,cur,tb_202_203#1,bo_199#0,burst_183_199#0,原有,199,202,3,0,2024-07-10,0.344774711344667,-0.33239831499048283,0,0,0,0,0,0,2,0.1366966821518611
EOSE,cur,tb_207#0,bo_203#0,burst_183_203#0,原有,203,207,4,0,2024-07-17,0.4336734122904289,-0.28826532970612717,0,0,0,0,0,0,1,0.1366966821518611
EOSE,wide,tb_194#0,bo_191#0,burst_183_192#0,新增,192,194,2,0,2024-06-27,0.8749999452163197,-0.06617649443524909,1,0,1,0,1,0,1,0.11775516516428339
EOSE,wide,tb_194#1,bo_192#0,burst_183_192#0,原有,192,194,2,0,2024-06-27,0.8749999452163197,-0.06617649443524909,1,0,1,0,1,0,1,0.11775516516428339
EOSE,wide,tb_202_203#0,bo_198#0,burst_183_198#0,原有,198,202,4,0,2024-07-10,0.344774711344667,-0.33239831499048283,0,0,0,0,0,0,2,0.1366966821518611
EOSE,wide,tb_202_203#1,bo_199#0,burst_183_199#0,原有,199,202,3,0,2024-07-10,0.344774711344667,-0.33239831499048283,0,0,0,0,0,0,2,0.1366966821518611
EOSE,wide,tb_207#0,bo_203#0,burst_183_203#0,原有,203,207,4,0,2024-07-17,0.4336734122904289,-0.28826532970612717,0,0,0,0,0,0,1,0.1366966821518611
EOSE,causal,tb_194#0,bo_191#0,burst_183_192#0,新增,192,194,2,0,2024-06-27,0.8749999452163197,-0.06617649443524909,1,0,1,0,1,0,1,0.11775516516428339
EOSE,causal,tb_194#1,bo_192#0,burst_183_192#0,原有,192,194,2,0,2024-06-27,0.8749999452163197,-0.06617649443524909,1,0,1,0,1,0,1,0.11775516516428339
EOSE,causal,tb_202_203#0,bo_198#0,burst_183_198#0,原有,198,202,4,0,2024-07-10,0.344774711344667,-0.33239831499048283,0,0,0,0,0,0,2,0.1366966821518611
EOSE,causal,tb_202_203#1,bo_199#0,burst_183_199#0,原有,199,202,3,0,2024-07-10,0.344774711344667,-0.33239831499048283,0,0,0,0,0,0,2,0.1366966821518611
EOSE,causal,tb_207#0,bo_203#0,burst_183_203#0,原有,203,207,4,0,2024-07-17,0.4336734122904289,-0.28826532970612717,0,0,0,0,0,0,1,0.1366966821518611
FLNT,cur,tb_165#0,bo_161#0,burst_154_161#0,原有,161,165,4,0,2024-05-15,0.0680100102171668,-0.1763224288763453,0,0,0,0,0,0,1,0.07255731171972168
FLNT,wide,tb_161_162#0,bo_159#0,burst_154_161#0,新增,161,161,0,1,2024-05-09,0.011870857912195332,-0.2251141419559649,0,0,0,0,0,0,2,0.08805364964019943
FLNT,wide,tb_165#0,bo_161#0,burst_154_161#0,原有,161,165,4,0,2024-05-15,0.0680100102171668,-0.1763224288763453,0,0,0,0,0,0,1,0.07255731171972168
FLNT,causal,tb_165#0,bo_161#0,burst_154_161#0,原有,161,165,4,0,2024-05-15,0.0680100102171668,-0.1763224288763453,0,0,0,0,0,0,1,0.07255731171972168
FNMAP,cur,tb_177_179#0,bo_175#0,burst_168_175#0,原有,175,177,2,0,2024-06-03,0.12106762734836211,-0.16720389986125314,2,1,0,2,0,2,3,0.029462988608010266
FNMAP,wide,tb_177_179#0,bo_175#0,burst_168_175#0,原有,175,177,2,0,2024-06-03,0.12106762734836211,-0.16720389986125314,2,1,0,2,0,2,3,0.029462988608010266
FNMAP,causal,tb_177_179#0,bo_175#0,burst_168_175#0,原有,175,177,2,0,2024-06-03,0.12106762734836211,-0.16720389986125314,2,1,0,2,0,2,3,0.029462988608010266
FMCKO,cur,tb_182_188#0,bo_176#0,burst_168_176#0,原有,176,182,6,0,2024-06-10,0.0570719620593827,-0.3523573798473955,0,6,0,6,0,6,6,0.0056308121798687005
FMCKO,wide,tb_182_188#0,bo_176#0,burst_168_176#0,原有,176,182,6,0,2024-06-10,0.0570719620593827,-0.3523573798473955,0,6,0,6,0,6,6,0.0056308121798687005
FMCKO,causal,tb_182_188#0,bo_176#0,burst_168_176#0,原有,176,182,6,0,2024-06-10,0.0570719620593827,-0.3523573798473955,0,6,0,6,0,6,6,0.0056308121798687005
FNMA,cur,tb_278#1,bo_276#0,burst_269_276#0,原有,276,278,2,0,2024-10-25,1.3701299907666984,-0.22077917051387563,0,1,1,0,1,0,1,0.06786573749212707
FNMA,wide,tb_278#0,bo_275#0,burst_269_276#0,新增,276,278,2,0,2024-10-25,1.3701299907666984,-0.22077917051387563,0,1,1,0,1,0,1,0.06786573749212707
FNMA,wide,tb_278#1,bo_276#0,burst_269_276#0,原有,276,278,2,0,2024-10-25,1.3701299907666984,-0.22077917051387563,0,1,1,0,1,0,1,0.06786573749212707
FNMA,causal,tb_278#0,bo_275#0,burst_269_276#0,新增,276,278,2,0,2024-10-25,1.3701299907666984,-0.22077917051387563,0,1,1,0,1,0,1,0.06786573749212707
FNMA,causal,tb_278#1,bo_276#0,burst_269_276#0,原有,276,278,2,0,2024-10-25,1.3701299907666984,-0.22077917051387563,0,1,1,0,1,0,1,0.06786573749212707
FOSL,cur,tb_170#0,bo_167#0,burst_164_167#0,原有,167,170,3,0,2024-05-22,0.21678326808361215,-0.19580418297909696,0,0,0,0,0,0,1,0.09055350071655266
FOSL,wide,tb_170#0,bo_167#0,burst_164_167#0,原有,167,170,3,0,2024-05-22,0.21678326808361215,-0.19580418297909696,0,0,0,0,0,0,1,0.09055350071655266
FOSL,causal,tb_170#0,bo_167#0,burst_164_167#0,原有,167,170,3,0,2024-05-22,0.21678326808361215,-0.19580418297909696,0,0,0,0,0,0,1,0.09055350071655266
FSI,cur,tb_233_234#1,bo_229#0,burst_227_229#0,原有,229,233,4,0,2024-08-22,0.25459776403792056,0.009999991798078645,2,0,2,0,1,0,2,0.0406604361094126
FSI,wide,tb_233_234#0,bo_227#0,burst_227_229#0,新增,229,233,4,0,2024-08-22,0.25459776403792056,0.009999991798078645,2,0,2,0,1,0,2,0.0406604361094126
FSI,wide,tb_233_234#1,bo_229#0,burst_227_229#0,原有,229,233,4,0,2024-08-22,0.25459776403792056,0.009999991798078645,2,0,2,0,1,0,2,0.0406604361094126
FSI,causal,tb_233_234#0,bo_227#0,burst_227_229#0,新增,229,233,4,0,2024-08-22,0.25459776403792056,0.009999991798078645,2,0,2,0,1,0,2,0.0406604361094126
FSI,causal,tb_233_234#1,bo_229#0,burst_227_229#0,原有,229,233,4,0,2024-08-22,0.25459776403792056,0.009999991798078645,2,0,2,0,1,0,2,0.0406604361094126
GDLC,cur,tb_275#2,bo_273#0,burst_265_273#0,原有,273,275,2,0,2024-10-22,0.7186951808706381,-0.09786043118656151,1,0,1,0,1,0,1,0.03768897703106043
GDLC,wide,tb_275#0,bo_268#0,burst_265_273#0,新增,273,275,2,0,2024-10-22,0.7186951808706381,-0.09786043118656151,1,0,1,0,1,0,1,0.03768897703106043
GDLC,wide,tb_275#1,bo_271#0,burst_265_273#0,新增,273,275,2,0,2024-10-22,0.7186951808706381,-0.09786043118656151,1,0,1,0,1,0,1,0.03768897703106043
GDLC,wide,tb_275#2,bo_273#0,burst_265_273#0,原有,273,275,2,0,2024-10-22,0.7186951808706381,-0.09786043118656151,1,0,1,0,1,0,1,0.03768897703106043
GDLC,causal,tb_275#0,bo_268#0,burst_265_273#0,新增,273,275,2,0,2024-10-22,0.7186951808706381,-0.09786043118656151,1,0,1,0,1,0,1,0.03768897703106043
GDLC,causal,tb_275#1,bo_271#0,burst_265_273#0,新增,273,275,2,0,2024-10-22,0.7186951808706381,-0.09786043118656151,1,0,1,0,1,0,1,0.03768897703106043
GDLC,causal,tb_275#2,bo_273#0,burst_265_273#0,原有,273,275,2,0,2024-10-22,0.7186951808706381,-0.09786043118656151,1,0,1,0,1,0,1,0.03768897703106043
FURY,cur,tb_141#0,bo_138#0,burst_135_138#0,原有,138,141,3,0,2024-04-11,0.051660511735571735,-0.2988929921762855,0,1,0,0,0,0,1,0.09935063092421156
FURY,wide,tb_141#0,bo_138#0,burst_135_138#0,原有,138,141,3,0,2024-04-11,0.051660511735571735,-0.2988929921762855,0,1,0,0,0,0,1,0.09935063092421156
FURY,causal,tb_141#0,bo_138#0,burst_135_138#0,原有,138,141,3,0,2024-04-11,0.051660511735571735,-0.2988929921762855,0,1,0,0,0,0,1,0.09935063092421156
FTCI,cur,tb_252#0,bo_250#0,burst_246_250#0,原有,250,252,2,0,2024-09-19,0.4041745962333845,-0.27134726222632644,0,0,0,0,0,0,1,0.12782476275673887
FTCI,cur,tb_263#0,bo_258#0,burst_246_258#0,原有,258,263,5,0,2024-10-04,0.4068440633776387,-0.42775668070586403,0,1,0,1,0,0,1,0.13276272016661142
FTCI,wide,tb_252#0,bo_250#0,burst_246_250#0,原有,250,252,2,0,2024-09-19,0.4041745962333845,-0.27134726222632644,0,0,0,0,0,0,1,0.12782476275673887
FTCI,wide,tb_263#0,bo_258#0,burst_246_258#0,原有,258,263,5,0,2024-10-04,0.4068440633776387,-0.42775668070586403,0,1,0,1,0,0,1,0.13276272016661142
FTCI,causal,tb_252#0,bo_250#0,burst_246_250#0,原有,250,252,2,0,2024-09-19,0.4041745962333845,-0.27134726222632644,0,0,0,0,0,0,1,0.12782476275673887
FTCI,causal,tb_263#0,bo_258#0,burst_246_258#0,原有,258,263,5,0,2024-10-04,0.4068440633776387,-0.42775668070586403,0,1,0,1,0,0,1,0.13276272016661142
GLGI,cur,tb_98_99#0,bo_96#0,burst_84_96#0,原有,96,98,2,0,2024-02-08,0.9183991916921166,-0.15916970521495122,2,0,2,0,2,0,2,0.04878376195954204
GLGI,wide,tb_92_95#0,bo_84#0,burst_84_96#0,新增,96,92,-4,1,2024-01-31,0.9708831647992544,-0.13616609117556014,3,1,4,0,4,0,4,0.04188600544444715
GLGI,wide,tb_92_95#1,bo_89#0,burst_84_96#0,新增,96,92,-4,1,2024-01-31,0.9708831647992544,-0.13616609117556014,3,1,4,0,4,0,4,0.04188600544444715
GLGI,wide,tb_98_99#0,bo_96#0,burst_84_96#0,原有,96,98,2,0,2024-02-08,0.9183991916921166,-0.15916970521495122,2,0,2,0,2,0,2,0.04878376195954204
GLGI,causal,tb_98_99#0,bo_96#0,burst_84_96#0,原有,96,98,2,0,2024-02-08,0.9183991916921166,-0.15916970521495122,2,0,2,0,2,0,2,0.04878376195954204
GFAI,cur,tb_313_314#1,bo_308#0,burst_298_308#0,原有,308,313,5,0,2024-12-16,2.1040000915527344,-0.2464000225067139,2,0,2,0,2,0,2,0.11254686327010836
GFAI,wide,tb_313_314#0,bo_306#0,burst_298_308#0,新增,308,313,5,0,2024-12-16,2.1040000915527344,-0.2464000225067139,2,0,2,0,2,0,2,0.11254686327010836
GFAI,wide,tb_313_314#1,bo_308#0,burst_298_308#0,原有,308,313,5,0,2024-12-16,2.1040000915527344,-0.2464000225067139,2,0,2,0,2,0,2,0.11254686327010836
GFAI,causal,tb_313_314#0,bo_306#0,burst_298_308#0,新增,308,313,5,0,2024-12-16,2.1040000915527344,-0.2464000225067139,2,0,2,0,2,0,2,0.11254686327010836
GFAI,causal,tb_313_314#1,bo_308#0,burst_298_308#0,原有,308,313,5,0,2024-12-16,2.1040000915527344,-0.2464000225067139,2,0,2,0,2,0,2,0.11254686327010836
GGRP,cur,tb_317#0,bo_309#0,burst_299_309#0,原有,309,317,8,0,2024-12-20,0.2836676237339477,-0.5702005742403686,0,1,0,1,0,1,1,0.2187423900627323
GGRP,cur,tb_317#1,bo_310#0,burst_299_310#0,原有,310,317,7,0,2024-12-20,0.2836676237339477,-0.5702005742403686,0,1,0,1,0,1,1,0.2187423900627323
GGRP,cur,tb_317#2,bo_315#0,burst_299_315#0,原有,315,317,2,0,2024-12-20,0.2836676237339477,-0.5702005742403686,0,1,0,1,0,1,1,0.2187423900627323
GGRP,wide,tb_307_308#0,bo_303#0,burst_299_309#0,新增,309,307,-2,1,2024-12-06,7.948087605389271,0.08657301847759435,2,0,2,0,2,0,2,0.12620034934412425
GGRP,wide,tb_317#0,bo_309#0,burst_299_309#0,原有,309,317,8,0,2024-12-20,0.2836676237339477,-0.5702005742403686,0,1,0,1,0,1,1,0.2187423900627323
GGRP,wide,tb_317#1,bo_310#0,burst_299_310#0,原有,310,317,7,0,2024-12-20,0.2836676237339477,-0.5702005742403686,0,1,0,1,0,1,1,0.2187423900627323
GGRP,wide,tb_317#2,bo_315#0,burst_299_315#0,原有,315,317,2,0,2024-12-20,0.2836676237339477,-0.5702005742403686,0,1,0,1,0,1,1,0.2187423900627323
GGRP,causal,tb_317#0,bo_309#0,burst_299_309#0,原有,309,317,8,0,2024-12-20,0.2836676237339477,-0.5702005742403686,0,1,0,1,0,1,1,0.2187423900627323
GGRP,causal,tb_317#1,bo_310#0,burst_299_310#0,原有,310,317,7,0,2024-12-20,0.2836676237339477,-0.5702005742403686,0,1,0,1,0,1,1,0.2187423900627323
GGRP,causal,tb_317#2,bo_315#0,burst_299_315#0,原有,315,317,2,0,2024-12-20,0.2836676237339477,-0.5702005742403686,0,1,0,1,0,1,1,0.2187423900627323
GSKRF,cur,tb_138_151#2,bo_134#0,burst_131_134#0,原有,134,138,4,0,2024-04-08,0.5884123312327788,-0.031054019580911814,11,0,8,0,8,0,14,0.07722502093978681
GSKRF,cur,tb_138_151#3,bo_135#0,burst_131_135#0,原有,135,138,3,0,2024-04-08,0.5884123312327788,-0.031054019580911814,11,0,8,0,8,0,14,0.07722502093978681
GSKRF,wide,tb_138_151#0,bo_131#0,burst_131_134#0,新增,134,138,4,0,2024-04-08,0.5884123312327788,-0.031054019580911814,11,0,8,0,8,0,14,0.07722502093978681
GSKRF,wide,tb_138_151#1,bo_133#0,burst_131_134#0,新增,134,138,4,0,2024-04-08,0.5884123312327788,-0.031054019580911814,11,0,8,0,8,0,14,0.07722502093978681
GSKRF,wide,tb_138_151#2,bo_134#0,burst_131_134#0,原有,134,138,4,0,2024-04-08,0.5884123312327788,-0.031054019580911814,11,0,8,0,8,0,14,0.07722502093978681
GSKRF,wide,tb_138_151#3,bo_135#0,burst_131_135#0,原有,135,138,3,0,2024-04-08,0.5884123312327788,-0.031054019580911814,11,0,8,0,8,0,14,0.07722502093978681
GSKRF,causal,tb_138_151#0,bo_131#0,burst_131_134#0,新增,134,138,4,0,2024-04-08,0.5884123312327788,-0.031054019580911814,11,0,8,0,8,0,14,0.07722502093978681
GSKRF,causal,tb_138_151#1,bo_133#0,burst_131_134#0,新增,134,138,4,0,2024-04-08,0.5884123312327788,-0.031054019580911814,11,0,8,0,8,0,14,0.07722502093978681
GSKRF,causal,tb_138_151#2,bo_134#0,burst_131_134#0,原有,134,138,4,0,2024-04-08,0.5884123312327788,-0.031054019580911814,11,0,8,0,8,0,14,0.07722502093978681
GSKRF,causal,tb_138_151#3,bo_135#0,burst_131_135#0,原有,135,138,3,0,2024-04-08,0.5884123312327788,-0.031054019580911814,11,0,8,0,8,0,14,0.07722502093978681
GENK,cur,tb_135#2,bo_132#0,burst_126_132#0,原有,132,135,3,0,2024-04-03,0.07806085773146632,-0.30073951417951217,0,1,0,0,0,0,1,0.10411684424305578
GENK,wide,tb_135#0,bo_126#0,burst_126_132#0,新增,132,135,3,0,2024-04-03,0.07806085773146632,-0.30073951417951217,0,1,0,0,0,0,1,0.10411684424305578
GENK,wide,tb_135#1,bo_127#0,burst_126_132#0,新增,132,135,3,0,2024-04-03,0.07806085773146632,-0.30073951417951217,0,1,0,0,0,0,1,0.10411684424305578
GENK,wide,tb_135#2,bo_132#0,burst_126_132#0,原有,132,135,3,0,2024-04-03,0.07806085773146632,-0.30073951417951217,0,1,0,0,0,0,1,0.10411684424305578
GENK,causal,tb_135#0,bo_126#0,burst_126_132#0,新增,132,135,3,0,2024-04-03,0.07806085773146632,-0.30073951417951217,0,1,0,0,0,0,1,0.10411684424305578
GENK,causal,tb_135#1,bo_127#0,burst_126_132#0,新增,132,135,3,0,2024-04-03,0.07806085773146632,-0.30073951417951217,0,1,0,0,0,0,1,0.10411684424305578
GENK,causal,tb_135#2,bo_132#0,burst_126_132#0,原有,132,135,3,0,2024-04-03,0.07806085773146632,-0.30073951417951217,0,1,0,0,0,0,1,0.10411684424305578
HIPO,cur,tb_287#0,bo_285#0,burst_282_285#0,原有,285,287,2,0,2024-11-07,0.4496189865325202,0.005503774604049605,1,0,1,0,1,0,1,0.050333345385565276
HIPO,cur,tb_293_296#0,bo_288#0,burst_282_288#0,原有,288,293,5,0,2024-11-15,0.205391646503656,-0.19628826376428393,1,3,0,1,0,0,4,0.0517463518715479
HIPO,wide,tb_287#0,bo_285#0,burst_282_285#0,原有,285,287,2,0,2024-11-07,0.4496189865325202,0.005503774604049605,1,0,1,0,1,0,1,0.050333345385565276
HIPO,wide,tb_293_296#0,bo_288#0,burst_282_288#0,原有,288,293,5,0,2024-11-15,0.205391646503656,-0.19628826376428393,1,3,0,1,0,0,4,0.0517463518715479
HIPO,causal,tb_287#0,bo_285#0,burst_282_285#0,原有,285,287,2,0,2024-11-07,0.4496189865325202,0.005503774604049605,1,0,1,0,1,0,1,0.050333345385565276
HIPO,causal,tb_293_296#0,bo_288#0,burst_282_288#0,原有,288,293,5,0,2024-11-15,0.205391646503656,-0.19628826376428393,1,3,0,1,0,0,4,0.0517463518715479
HCHDF,cur,tb_133_135#0,bo_127#0,burst_121_127#0,原有,127,133,6,0,2024-04-01,0.42693603480692516,-0.008155625909104569,3,0,3,0,3,0,3,0.026476829993674473
HCHDF,wide,tb_133_135#0,bo_127#0,burst_121_127#0,原有,127,133,6,0,2024-04-01,0.42693603480692516,-0.008155625909104569,3,0,3,0,3,0,3,0.026476829993674473
HCHDF,causal,tb_133_135#0,bo_127#0,burst_121_127#0,原有,127,133,6,0,2024-04-01,0.42693603480692516,-0.008155625909104569,3,0,3,0,3,0,3,0.026476829993674473
HANNF,cur,tb_310#0,bo_307#0,burst_304_307#0,原有,307,310,3,0,2024-12-11,0.5465517941255511,-0.2241379292626443,1,0,0,0,0,0,1,0.10934383112047744
HANNF,wide,tb_310#0,bo_307#0,burst_304_307#0,原有,307,310,3,0,2024-12-11,0.5465517941255511,-0.2241379292626443,1,0,0,0,0,0,1,0.10934383112047744
HANNF,causal,tb_310#0,bo_307#0,burst_304_307#0,原有,307,310,3,0,2024-12-11,0.5465517941255511,-0.2241379292626443,1,0,0,0,0,0,1,0.10934383112047744
GRWG,cur,tb_133_134#2,bo_131#0,burst_129_131#0,原有,131,133,2,0,2024-04-01,0.1736677538473057,-0.2812153580311323,0,2,0,2,0,1,2,0.06630811288654422
GRWG,cur,tb_137#0,bo_135#0,burst_129_135#0,原有,135,137,2,0,2024-04-05,0.11130744371467949,-0.2685512406191133,0,0,0,0,0,0,1,0.09486890838807732
GRWG,wide,tb_133_134#0,bo_129#0,burst_129_131#0,新增,131,133,2,0,2024-04-01,0.1736677538473057,-0.2812153580311323,0,2,0,2,0,1,2,0.06630811288654422
GRWG,wide,tb_133_134#1,bo_130#0,burst_129_131#0,新增,131,133,2,0,2024-04-01,0.1736677538473057,-0.2812153580311323,0,2,0,2,0,1,2,0.06630811288654422
GRWG,wide,tb_133_134#2,bo_131#0,burst_129_131#0,原有,131,133,2,0,2024-04-01,0.1736677538473057,-0.2812153580311323,0,2,0,2,0,1,2,0.06630811288654422
GRWG,wide,tb_137#0,bo_135#0,burst_129_135#0,原有,135,137,2,0,2024-04-05,0.11130744371467949,-0.2685512406191133,0,0,0,0,0,0,1,0.09486890838807732
GRWG,causal,tb_133_134#0,bo_129#0,burst_129_131#0,新增,131,133,2,0,2024-04-01,0.1736677538473057,-0.2812153580311323,0,2,0,2,0,1,2,0.06630811288654422
GRWG,causal,tb_133_134#1,bo_130#0,burst_129_131#0,新增,131,133,2,0,2024-04-01,0.1736677538473057,-0.2812153580311323,0,2,0,2,0,1,2,0.06630811288654422
GRWG,causal,tb_133_134#2,bo_131#0,burst_129_131#0,原有,131,133,2,0,2024-04-01,0.1736677538473057,-0.2812153580311323,0,2,0,2,0,1,2,0.06630811288654422
GRWG,causal,tb_137#0,bo_135#0,burst_129_135#0,原有,135,137,2,0,2024-04-05,0.11130744371467949,-0.2685512406191133,0,0,0,0,0,0,1,0.09486890838807732
GWSO,cur,tb_104_110#1,bo_96#0,burst_92_96#0,原有,96,104,8,0,2024-02-16,0.07295748382297738,-0.603753011580518,0,7,0,7,0,7,7,0.17789289628097654
GWSO,wide,tb_104_110#0,bo_95#0,burst_92_96#0,新增,96,104,8,0,2024-02-16,0.07295748382297738,-0.603753011580518,0,7,0,7,0,7,7,0.17789289628097654
GWSO,wide,tb_104_110#1,bo_96#0,burst_92_96#0,原有,96,104,8,0,2024-02-16,0.07295748382297738,-0.603753011580518,0,7,0,7,0,7,7,0.17789289628097654
GWSO,causal,tb_104_110#0,bo_95#0,burst_92_96#0,新增,96,104,8,0,2024-02-16,0.07295748382297738,-0.603753011580518,0,7,0,7,0,7,7,0.17789289628097654
GWSO,causal,tb_104_110#1,bo_96#0,burst_92_96#0,原有,96,104,8,0,2024-02-16,0.07295748382297738,-0.603753011580518,0,7,0,7,0,7,7,0.17789289628097654
HERE,cur,tb_93_94#0,bo_89#0,burst_81_89#0,原有,89,93,4,0,2024-02-01,0.10075266276285733,-0.35915087536648554,0,0,0,0,0,0,2,0.167358590111784
HERE,cur,tb_93_94#1,bo_90#0,burst_81_90#0,原有,90,93,3,0,2024-02-01,0.10075266276285733,-0.35915087536648554,0,0,0,0,0,0,2,0.167358590111784
HERE,cur,tb_268_271#1,bo_264#0,burst_255_264#0,原有,264,268,4,0,2024-10-11,0.08060528297823494,-0.3087201953901876,0,0,0,0,0,0,4,0.1349653134790004
HERE,wide,tb_93_94#0,bo_89#0,burst_81_89#0,原有,89,93,4,0,2024-02-01,0.10075266276285733,-0.35915087536648554,0,0,0,0,0,0,2,0.167358590111784
HERE,wide,tb_93_94#1,bo_90#0,burst_81_90#0,原有,90,93,3,0,2024-02-01,0.10075266276285733,-0.35915087536648554,0,0,0,0,0,0,2,0.167358590111784
HERE,wide,tb_268_271#0,bo_261#0,burst_255_264#0,新增,264,268,4,0,2024-10-11,0.08060528297823494,-0.3087201953901876,0,0,0,0,0,0,4,0.1349653134790004
HERE,wide,tb_268_271#1,bo_264#0,burst_255_264#0,原有,264,268,4,0,2024-10-11,0.08060528297823494,-0.3087201953901876,0,0,0,0,0,0,4,0.1349653134790004
HERE,causal,tb_93_94#0,bo_89#0,burst_81_89#0,原有,89,93,4,0,2024-02-01,0.10075266276285733,-0.35915087536648554,0,0,0,0,0,0,2,0.167358590111784
HERE,causal,tb_93_94#1,bo_90#0,burst_81_90#0,原有,90,93,3,0,2024-02-01,0.10075266276285733,-0.35915087536648554,0,0,0,0,0,0,2,0.167358590111784
HERE,causal,tb_268_271#0,bo_261#0,burst_255_264#0,新增,264,268,4,0,2024-10-11,0.08060528297823494,-0.3087201953901876,0,0,0,0,0,0,4,0.1349653134790004
HERE,causal,tb_268_271#1,bo_264#0,burst_255_264#0,原有,264,268,4,0,2024-10-11,0.08060528297823494,-0.3087201953901876,0,0,0,0,0,0,4,0.1349653134790004
HIMX,cur,tb_317_323#1,bo_311#0,burst_307_311#0,原有,311,317,6,0,2024-12-20,0.736441316879028,-0.11492670517556351,7,0,7,0,7,0,7,0.05213626642136384
HIMX,wide,tb_317_323#0,bo_307#0,burst_307_311#0,新增,311,317,6,0,2024-12-20,0.736441316879028,-0.11492670517556351,7,0,7,0,7,0,7,0.05213626642136384
HIMX,wide,tb_317_323#1,bo_311#0,burst_307_311#0,原有,311,317,6,0,2024-12-20,0.736441316879028,-0.11492670517556351,7,0,7,0,7,0,7,0.05213626642136384
HIMX,causal,tb_317_323#0,bo_307#0,burst_307_311#0,新增,311,317,6,0,2024-12-20,0.736441316879028,-0.11492670517556351,7,0,7,0,7,0,7,0.05213626642136384
HIMX,causal,tb_317_323#1,bo_311#0,burst_307_311#0,原有,311,317,6,0,2024-12-20,0.736441316879028,-0.11492670517556351,7,0,7,0,7,0,7,0.05213626642136384
IBIO,cur,tb_268#0,bo_266#0,burst_259_266#0,原有,266,268,2,0,2024-10-11,0.19771861532297108,-0.21673009386258024,0,0,0,0,0,0,1,0.0879619821053362
IBIO,wide,tb_262#0,bo_259#0,burst_259_266#0,新增,266,262,-4,2,2024-10-03,0.3938053578140688,-0.0884955966936618,1,0,1,0,0,0,1,0.06878499239485639
IBIO,wide,tb_266#0,bo_264#0,burst_259_266#0,新增,266,266,0,1,2024-10-09,0.10915499667851014,-0.2746478855503478,0,1,0,1,0,0,1,0.07251230209058514
IBIO,wide,tb_268#0,bo_266#0,burst_259_266#0,原有,266,268,2,0,2024-10-11,0.19771861532297108,-0.21673009386258024,0,0,0,0,0,0,1,0.0879619821053362
IBIO,causal,tb_268#0,bo_266#0,burst_259_266#0,原有,266,268,2,0,2024-10-11,0.19771861532297108,-0.21673009386258024,0,0,0,0,0,0,1,0.0879619821053362
IONQ,cur,tb_265_267#0,bo_258#0,burst_249_258#0,原有,258,265,7,0,2024-10-08,2.922841762638211,-0.037606537150739396,3,0,3,0,3,0,3,0.0659570997882401
IONQ,wide,tb_265_267#0,bo_258#0,burst_249_258#0,原有,258,265,7,0,2024-10-08,2.922841762638211,-0.037606537150739396,3,0,3,0,3,0,3,0.0659570997882401
IONQ,causal,tb_265_267#0,bo_258#0,burst_249_258#0,原有,258,265,7,0,2024-10-08,2.922841762638211,-0.037606537150739396,3,0,3,0,3,0,3,0.0659570997882401
HNST,cur,tb_297#2,bo_291#0,burst_286_291#0,原有,291,297,6,0,2024-11-21,0.1725490398961853,-0.26405228179667006,0,1,0,1,0,0,1,0.05980602092210913
HNST,wide,tb_297#0,bo_286#0,burst_286_291#0,新增,291,297,6,0,2024-11-21,0.1725490398961853,-0.26405228179667006,0,1,0,1,0,0,1,0.05980602092210913
HNST,wide,tb_297#1,bo_289#0,burst_286_291#0,新增,291,297,6,0,2024-11-21,0.1725490398961853,-0.26405228179667006,0,1,0,1,0,0,1,0.05980602092210913
HNST,wide,tb_297#2,bo_291#0,burst_286_291#0,原有,291,297,6,0,2024-11-21,0.1725490398961853,-0.26405228179667006,0,1,0,1,0,0,1,0.05980602092210913
HNST,causal,tb_297#0,bo_286#0,burst_286_291#0,新增,291,297,6,0,2024-11-21,0.1725490398961853,-0.26405228179667006,0,1,0,1,0,0,1,0.05980602092210913
HNST,causal,tb_297#1,bo_289#0,burst_286_291#0,新增,291,297,6,0,2024-11-21,0.1725490398961853,-0.26405228179667006,0,1,0,1,0,0,1,0.05980602092210913
HNST,causal,tb_297#2,bo_291#0,burst_286_291#0,原有,291,297,6,0,2024-11-21,0.1725490398961853,-0.26405228179667006,0,1,0,1,0,0,1,0.05980602092210913
HOUR,cur,tb_227_229#1,bo_225#0,burst_224_225#0,原有,225,227,2,0,2024-08-14,0.21278790093224695,-0.0644425993453015,0,0,0,0,0,0,3,0.07751029131910214
HOUR,wide,tb_227_229#0,bo_224#0,burst_224_225#0,新增,225,227,2,0,2024-08-14,0.21278790093224695,-0.0644425993453015,0,0,0,0,0,0,3,0.07751029131910214
HOUR,wide,tb_227_229#1,bo_225#0,burst_224_225#0,原有,225,227,2,0,2024-08-14,0.21278790093224695,-0.0644425993453015,0,0,0,0,0,0,3,0.07751029131910214
HOUR,causal,tb_227_229#0,bo_224#0,burst_224_225#0,新增,225,227,2,0,2024-08-14,0.21278790093224695,-0.0644425993453015,0,0,0,0,0,0,3,0.07751029131910214
HOUR,causal,tb_227_229#1,bo_225#0,burst_224_225#0,原有,225,227,2,0,2024-08-14,0.21278790093224695,-0.0644425993453015,0,0,0,0,0,0,3,0.07751029131910214
HTZ,cur,tb_301_303#0,bo_299#0,burst_290_299#0,原有,299,301,2,0,2024-11-27,0.08640815103949977,-0.33685497917655716,0,3,0,3,0,2,3,0.0783986913377151
HTZ,cur,tb_306_310#0,bo_302#0,burst_290_302#0,原有,302,306,4,0,2024-12-05,0.052125348013843206,-0.31281993481786247,0,5,0,5,0,1,5,0.07980830074680768
HTZ,wide,tb_294#0,bo_290#0,burst_290_299#0,新增,299,294,-5,1,2024-11-18,0.27764429138786206,-0.24278841083924263,1,0,0,0,0,0,1,0.06459494521697165
HTZ,wide,tb_294#1,bo_292#0,burst_290_299#0,新增,299,294,-5,1,2024-11-18,0.27764429138786206,-0.24278841083924263,1,0,0,0,0,0,1,0.06459494521697165
HTZ,wide,tb_301_303#0,bo_299#0,burst_290_299#0,原有,299,301,2,0,2024-11-27,0.08640815103949977,-0.33685497917655716,0,3,0,3,0,2,3,0.0783986913377151
HTZ,wide,tb_306_310#0,bo_302#0,burst_290_302#0,原有,302,306,4,0,2024-12-05,0.052125348013843206,-0.31281993481786247,0,5,0,5,0,1,5,0.07980830074680768
HTZ,causal,tb_301_303#0,bo_299#0,burst_290_299#0,原有,299,301,2,0,2024-11-27,0.08640815103949977,-0.33685497917655716,0,3,0,3,0,2,3,0.0783986913377151
HTZ,causal,tb_306_310#0,bo_302#0,burst_290_302#0,原有,302,306,4,0,2024-12-05,0.052125348013843206,-0.31281993481786247,0,5,0,5,0,1,5,0.07980830074680768
IDN,cur,tb_131#0,bo_128#0,burst_128#0,原有,128,131,3,0,2024-03-27,0.059490096274503745,-0.2521246101130138,0,1,0,1,0,1,1,0.05489840418922511
IDN,wide,tb_131#0,bo_128#0,burst_128#0,原有,128,131,3,0,2024-03-27,0.059490096274503745,-0.2521246101130138,0,1,0,1,0,1,1,0.05489840418922511
IDN,causal,tb_131#0,bo_128#0,burst_128#0,原有,128,131,3,0,2024-03-27,0.059490096274503745,-0.2521246101130138,0,1,0,1,0,1,1,0.05489840418922511
HRTG,cur,tb_232_237#1,bo_225#0,burst_224_225#0,原有,225,232,7,0,2024-08-21,0.11468471609145574,-0.4261682227049775,0,6,0,6,0,6,6,0.08882541097942467
HRTG,cur,tb_232_237#2,bo_226#0,burst_224_226#0,原有,226,232,6,0,2024-08-21,0.11468471609145574,-0.4261682227049775,0,6,0,6,0,6,6,0.08882541097942467
HRTG,wide,tb_232_237#0,bo_224#0,burst_224_225#0,新增,225,232,7,0,2024-08-21,0.11468471609145574,-0.4261682227049775,0,6,0,6,0,6,6,0.08882541097942467
HRTG,wide,tb_232_237#1,bo_225#0,burst_224_225#0,原有,225,232,7,0,2024-08-21,0.11468471609145574,-0.4261682227049775,0,6,0,6,0,6,6,0.08882541097942467
HRTG,wide,tb_232_237#2,bo_226#0,burst_224_226#0,原有,226,232,6,0,2024-08-21,0.11468471609145574,-0.4261682227049775,0,6,0,6,0,6,6,0.08882541097942467
HRTG,causal,tb_232_237#0,bo_224#0,burst_224_225#0,新增,225,232,7,0,2024-08-21,0.11468471609145574,-0.4261682227049775,0,6,0,6,0,6,6,0.08882541097942467
HRTG,causal,tb_232_237#1,bo_225#0,burst_224_225#0,原有,225,232,7,0,2024-08-21,0.11468471609145574,-0.4261682227049775,0,6,0,6,0,6,6,0.08882541097942467
HRTG,causal,tb_232_237#2,bo_226#0,burst_224_226#0,原有,226,232,6,0,2024-08-21,0.11468471609145574,-0.4261682227049775,0,6,0,6,0,6,6,0.08882541097942467
IMRX,cur,tb_255_256#0,bo_253#0,burst_248_253#0,原有,253,255,2,0,2024-09-24,0.08871839887197164,-0.425590602538826,0,2,0,2,0,0,2,0.13411571711971546
IMRX,wide,tb_252#0,bo_248#0,burst_248_253#0,新增,253,252,-1,1,2024-09-19,0.45041317347335275,-0.3045454894752979,1,0,1,0,0,0,1,0.08986571554409714
IMRX,wide,tb_252#1,bo_249#0,burst_248_253#0,新增,253,252,-1,1,2024-09-19,0.45041317347335275,-0.3045454894752979,1,0,1,0,0,0,1,0.08986571554409714
IMRX,wide,tb_255_256#0,bo_253#0,burst_248_253#0,原有,253,255,2,0,2024-09-24,0.08871839887197164,-0.425590602538826,0,2,0,2,0,0,2,0.13411571711971546
IMRX,causal,tb_255_256#0,bo_253#0,burst_248_253#0,原有,253,255,2,0,2024-09-24,0.08871839887197164,-0.425590602538826,0,2,0,2,0,0,2,0.13411571711971546
IMUX,cur,tb_209_218#0,bo_206#0,burst_203_206#0,原有,206,209,3,0,2024-07-19,0.41684594772012495,-0.2279497803067187,5,4,8,0,5,0,10,0.07977024498721899
IMUX,wide,tb_206_218#0,bo_203#0,burst_203_206#0,新增,206,206,0,1,2024-07-16,0.35361041860011366,-0.2292238624881628,5,6,8,0,5,0,13,0.07977024498721899
IMUX,wide,tb_209_218#0,bo_206#0,burst_203_206#0,原有,206,209,3,0,2024-07-19,0.41684594772012495,-0.2279497803067187,5,4,8,0,5,0,10,0.07977024498721899
IMUX,causal,tb_209_218#0,bo_206#0,burst_203_206#0,原有,206,209,3,0,2024-07-19,0.41684594772012495,-0.2279497803067187,5,4,8,0,5,0,10,0.07977024498721899
IMMX,cur,tb_310#0,bo_306#0,burst_301_306#0,原有,306,310,4,0,2024-12-11,0.0732758970627756,-0.21120685535647943,0,0,0,0,0,0,1,0.11512897338515912
IMMX,cur,tb_310#1,bo_307#0,burst_301_307#0,原有,307,310,3,0,2024-12-11,0.0732758970627756,-0.21120685535647943,0,0,0,0,0,0,1,0.11512897338515912
IMMX,wide,tb_304_305#0,bo_301#0,burst_301_306#0,新增,306,304,-2,1,2024-12-03,0.19149082959231456,-0.19541393409791435,0,0,0,0,0,0,2,0.10887618070503613
IMMX,wide,tb_304_305#1,bo_302#0,burst_301_306#0,新增,306,304,-2,1,2024-12-03,0.19149082959231456,-0.19541393409791435,0,0,0,0,0,0,2,0.10887618070503613
IMMX,wide,tb_310#0,bo_306#0,burst_301_306#0,原有,306,310,4,0,2024-12-11,0.0732758970627756,-0.21120685535647943,0,0,0,0,0,0,1,0.11512897338515912
IMMX,wide,tb_310#1,bo_307#0,burst_301_307#0,原有,307,310,3,0,2024-12-11,0.0732758970627756,-0.21120685535647943,0,0,0,0,0,0,1,0.11512897338515912
IMMX,causal,tb_310#0,bo_306#0,burst_301_306#0,原有,306,310,4,0,2024-12-11,0.0732758970627756,-0.21120685535647943,0,0,0,0,0,0,1,0.11512897338515912
IMMX,causal,tb_310#1,bo_307#0,burst_301_307#0,原有,307,310,3,0,2024-12-11,0.0732758970627756,-0.21120685535647943,0,0,0,0,0,0,1,0.11512897338515912
HYFM,cur,tb_138_140#0,bo_135#0,burst_130_135#0,原有,135,138,3,0,2024-04-08,0.03018199177751864,-0.2519982577633131,0,3,0,1,0,0,3,0.0694996271072708
HYFM,wide,tb_134#0,bo_130#0,burst_130_135#0,新增,135,134,-1,1,2024-04-02,0.18811876700679786,-0.24752479033801422,0,1,0,0,0,0,1,0.06638563094135755
HYFM,wide,tb_134#1,bo_132#0,burst_130_135#0,新增,135,134,-1,1,2024-04-02,0.18811876700679786,-0.24752479033801422,0,1,0,0,0,0,1,0.06638563094135755
HYFM,wide,tb_138_140#0,bo_135#0,burst_130_135#0,原有,135,138,3,0,2024-04-08,0.03018199177751864,-0.2519982577633131,0,3,0,1,0,0,3,0.0694996271072708
HYFM,causal,tb_138_140#0,bo_135#0,burst_130_135#0,原有,135,138,3,0,2024-04-08,0.03018199177751864,-0.2519982577633131,0,3,0,1,0,0,3,0.0694996271072708
HYPR,cur,tb_208_209#0,bo_206#0,burst_198_206#0,原有,206,208,2,0,2024-07-18,0.03088606256244486,-0.3029246587422441,0,2,0,1,0,0,2,0.0838414047949485
HYPR,wide,tb_204_205#0,bo_202#0,burst_198_206#0,新增,206,204,-2,1,2024-07-12,0.20002704452687037,-0.19239888352162987,0,0,0,0,0,0,2,0.08364108733397681
HYPR,wide,tb_208_209#0,bo_206#0,burst_198_206#0,原有,206,208,2,0,2024-07-18,0.03088606256244486,-0.3029246587422441,0,2,0,1,0,0,2,0.0838414047949485
HYPR,causal,tb_208_209#0,bo_206#0,burst_198_206#0,原有,206,208,2,0,2024-07-18,0.03088606256244486,-0.3029246587422441,0,2,0,1,0,0,2,0.0838414047949485
JETMF,cur,tb_285#0,bo_281#0,burst_273_281#0,原有,281,285,4,0,2024-11-05,0.03787875024959453,-0.39393940899107127,0,1,0,1,0,1,1,0.05764791396923945
JETMF,wide,tb_285#0,bo_281#0,burst_273_281#0,原有,281,285,4,0,2024-11-05,0.03787875024959453,-0.39393940899107127,0,1,0,1,0,1,1,0.05764791396923945
JETMF,causal,tb_285#0,bo_281#0,burst_273_281#0,原有,281,285,4,0,2024-11-05,0.03787875024959453,-0.39393940899107127,0,1,0,1,0,1,1,0.05764791396923945
IPI,cur,tb_175_177#1,bo_172#0,burst_161_172#0,原有,172,175,3,0,2024-05-30,0.025636086226220083,-0.15779022626330133,0,3,0,2,0,0,3,0.03650786780524644
IPI,cur,tb_289#0,bo_285#0,burst_279_285#0,原有,285,289,4,0,2024-11-11,0.045421782237853536,-0.24621485148017885,0,1,0,1,0,1,1,0.029395335358885114
IPI,wide,tb_166#0,bo_161#0,burst_161_172#0,新增,172,166,-6,2,2024-05-16,0.11687276987804229,-0.10809729228006904,1,0,0,0,0,0,1,0.027192600347824433
IPI,wide,tb_175_177#0,bo_169#0,burst_161_172#0,新增,172,175,3,0,2024-05-30,0.025636086226220083,-0.15779022626330133,0,3,0,2,0,0,3,0.03650786780524644
IPI,wide,tb_175_177#1,bo_172#0,burst_161_172#0,原有,172,175,3,0,2024-05-30,0.025636086226220083,-0.15779022626330133,0,3,0,2,0,0,3,0.03650786780524644
IPI,wide,tb_289#0,bo_285#0,burst_279_285#0,原有,285,289,4,0,2024-11-11,0.045421782237853536,-0.24621485148017885,0,1,0,1,0,1,1,0.029395335358885114
IPI,causal,tb_175_177#0,bo_169#0,burst_161_172#0,新增,172,175,3,0,2024-05-30,0.025636086226220083,-0.15779022626330133,0,3,0,2,0,0,3,0.03650786780524644
IPI,causal,tb_175_177#1,bo_172#0,burst_161_172#0,原有,172,175,3,0,2024-05-30,0.025636086226220083,-0.15779022626330133,0,3,0,2,0,0,3,0.03650786780524644
IPI,causal,tb_289#0,bo_285#0,burst_279_285#0,原有,285,289,4,0,2024-11-11,0.045421782237853536,-0.24621485148017885,0,1,0,1,0,1,1,0.029395335358885114
INDO,cur,tb_267_268#0,bo_264#0,burst_260_264#0,原有,264,267,3,0,2024-10-10,-0.00015782848332568378,-0.44602271815619876,0,2,0,2,0,2,2,0.06999885869872864
INDO,wide,tb_267_268#0,bo_264#0,burst_260_264#0,原有,264,267,3,0,2024-10-10,-0.00015782848332568378,-0.44602271815619876,0,2,0,2,0,2,2,0.06999885869872864
INDO,causal,tb_267_268#0,bo_264#0,burst_260_264#0,原有,264,267,3,0,2024-10-10,-0.00015782848332568378,-0.44602271815619876,0,2,0,2,0,2,2,0.06999885869872864
INO,cur,tb_79#0,bo_75#0,burst_67_75#0,原有,75,79,4,0,2024-01-11,0.197565505279498,-0.5571161157381974,0,1,0,1,0,1,1,0.09003543979703305
INO,wide,tb_79#0,bo_75#0,burst_67_75#0,原有,75,79,4,0,2024-01-11,0.197565505279498,-0.5571161157381974,0,1,0,1,0,1,1,0.09003543979703305
INO,causal,tb_79#0,bo_75#0,burst_67_75#0,原有,75,79,4,0,2024-01-11,0.197565505279498,-0.5571161157381974,0,1,0,1,0,1,1,0.09003543979703305
INUV,wide,tb_320#0,bo_317#0,burst_314_322#0,新增,322,320,-2,1,2024-12-26,0.7954545282135328,-0.11363636117336184,1,0,1,0,0,0,1,0.1403941028446577
INVZ,cur,tb_317#2,bo_313#0,burst_311_313#0,原有,313,317,4,0,2024-12-20,1.7304349304372315,-0.3217391412515047,1,0,1,0,1,0,1,0.1206806423877792
INVZ,cur,tb_322#0,bo_318#0,burst_311_318#0,原有,318,322,4,0,2024-12-30,0.70652176518634,-0.6353260914986998,1,0,0,1,0,1,1,0.16251148087093034
INVZ,cur,tb_322#1,bo_319#0,burst_311_319#0,原有,319,322,3,0,2024-12-30,0.70652176518634,-0.6353260914986998,1,0,0,1,0,1,1,0.16251148087093034
INVZ,wide,tb_317#0,bo_311#0,burst_311_313#0,新增,313,317,4,0,2024-12-20,1.7304349304372315,-0.3217391412515047,1,0,1,0,1,0,1,0.1206806423877792
INVZ,wide,tb_317#1,bo_312#0,burst_311_313#0,新增,313,317,4,0,2024-12-20,1.7304349304372315,-0.3217391412515047,1,0,1,0,1,0,1,0.1206806423877792
INVZ,wide,tb_317#2,bo_313#0,burst_311_313#0,原有,313,317,4,0,2024-12-20,1.7304349304372315,-0.3217391412515047,1,0,1,0,1,0,1,0.1206806423877792
INVZ,wide,tb_322#0,bo_318#0,burst_311_318#0,原有,318,322,4,0,2024-12-30,0.70652176518634,-0.6353260914986998,1,0,0,1,0,1,1,0.16251148087093034
INVZ,wide,tb_322#1,bo_319#0,burst_311_319#0,原有,319,322,3,0,2024-12-30,0.70652176518634,-0.6353260914986998,1,0,0,1,0,1,1,0.16251148087093034
INVZ,causal,tb_317#0,bo_311#0,burst_311_313#0,新增,313,317,4,0,2024-12-20,1.7304349304372315,-0.3217391412515047,1,0,1,0,1,0,1,0.1206806423877792
INVZ,causal,tb_317#1,bo_312#0,burst_311_313#0,新增,313,317,4,0,2024-12-20,1.7304349304372315,-0.3217391412515047,1,0,1,0,1,0,1,0.1206806423877792
INVZ,causal,tb_317#2,bo_313#0,burst_311_313#0,原有,313,317,4,0,2024-12-20,1.7304349304372315,-0.3217391412515047,1,0,1,0,1,0,1,0.1206806423877792
INVZ,causal,tb_322#0,bo_318#0,burst_311_318#0,原有,318,322,4,0,2024-12-30,0.70652176518634,-0.6353260914986998,1,0,0,1,0,1,1,0.16251148087093034
INVZ,causal,tb_322#1,bo_319#0,burst_311_319#0,原有,319,322,3,0,2024-12-30,0.70652176518634,-0.6353260914986998,1,0,0,1,0,1,1,0.16251148087093034
JOBY,cur,tb_211#2,bo_206#0,burst_203_206#0,原有,206,211,5,0,2024-07-23,0.02544911387164306,-0.30239521449642104,0,1,0,1,0,1,1,0.061253633571709515
JOBY,wide,tb_211#0,bo_203#0,burst_203_206#0,新增,206,211,5,0,2024-07-23,0.02544911387164306,-0.30239521449642104,0,1,0,1,0,1,1,0.061253633571709515
JOBY,wide,tb_211#1,bo_204#0,burst_203_206#0,新增,206,211,5,0,2024-07-23,0.02544911387164306,-0.30239521449642104,0,1,0,1,0,1,1,0.061253633571709515
JOBY,wide,tb_211#2,bo_206#0,burst_203_206#0,原有,206,211,5,0,2024-07-23,0.02544911387164306,-0.30239521449642104,0,1,0,1,0,1,1,0.061253633571709515
JOBY,causal,tb_211#0,bo_203#0,burst_203_206#0,新增,206,211,5,0,2024-07-23,0.02544911387164306,-0.30239521449642104,0,1,0,1,0,1,1,0.061253633571709515
JOBY,causal,tb_211#1,bo_204#0,burst_203_206#0,新增,206,211,5,0,2024-07-23,0.02544911387164306,-0.30239521449642104,0,1,0,1,0,1,1,0.061253633571709515
JOBY,causal,tb_211#2,bo_206#0,burst_203_206#0,原有,206,211,5,0,2024-07-23,0.02544911387164306,-0.30239521449642104,0,1,0,1,0,1,1,0.061253633571709515
KGEI,cur,tb_308_309#0,bo_295#0,burst_292_295#0,原有,295,308,13,0,2024-12-09,0.7521878014594845,-0.038775208936468186,2,0,2,0,2,0,2,0.04344240271787761
KGEI,cur,tb_308_309#1,bo_296#0,burst_292_296#0,原有,296,308,12,0,2024-12-09,0.7521878014594845,-0.038775208936468186,2,0,2,0,2,0,2,0.04344240271787761
KGEI,wide,tb_308_309#0,bo_295#0,burst_292_295#0,原有,295,308,13,0,2024-12-09,0.7521878014594845,-0.038775208936468186,2,0,2,0,2,0,2,0.04344240271787761
KGEI,wide,tb_308_309#1,bo_296#0,burst_292_296#0,原有,296,308,12,0,2024-12-09,0.7521878014594845,-0.038775208936468186,2,0,2,0,2,0,2,0.04344240271787761
KGEI,causal,tb_308_309#0,bo_295#0,burst_292_295#0,原有,295,308,13,0,2024-12-09,0.7521878014594845,-0.038775208936468186,2,0,2,0,2,0,2,0.04344240271787761
KGEI,causal,tb_308_309#1,bo_296#0,burst_292_296#0,原有,296,308,12,0,2024-12-09,0.7521878014594845,-0.038775208936468186,2,0,2,0,2,0,2,0.04344240271787761
KOD,cur,tb_280_284#1,bo_273#0,burst_269_273#0,原有,273,280,7,0,2024-10-29,1.9872374260209462,-0.02391899497275367,5,0,5,0,5,0,5,0.05589227178836445
KOD,wide,tb_280_284#0,bo_271#0,burst_269_273#0,新增,273,280,7,0,2024-10-29,1.9872374260209462,-0.02391899497275367,5,0,5,0,5,0,5,0.05589227178836445
KOD,wide,tb_280_284#1,bo_273#0,burst_269_273#0,原有,273,280,7,0,2024-10-29,1.9872374260209462,-0.02391899497275367,5,0,5,0,5,0,5,0.05589227178836445
KOD,causal,tb_280_284#0,bo_271#0,burst_269_273#0,新增,273,280,7,0,2024-10-29,1.9872374260209462,-0.02391899497275367,5,0,5,0,5,0,5,0.05589227178836445
KOD,causal,tb_280_284#1,bo_273#0,burst_269_273#0,原有,273,280,7,0,2024-10-29,1.9872374260209462,-0.02391899497275367,5,0,5,0,5,0,5,0.05589227178836445
KODK,cur,tb_302_303#0,bo_299#0,burst_299#0,原有,299,302,3,0,2024-11-29,0.07809728152869011,-0.18589837320706332,0,0,0,0,0,0,2,0.07380689631052659
KODK,wide,tb_302_303#0,bo_299#0,burst_299#0,原有,299,302,3,0,2024-11-29,0.07809728152869011,-0.18589837320706332,0,0,0,0,0,0,2,0.07380689631052659
KODK,causal,tb_302_303#0,bo_299#0,burst_299#0,原有,299,302,3,0,2024-11-29,0.07809728152869011,-0.18589837320706332,0,0,0,0,0,0,2,0.07380689631052659
KOPN,cur,tb_304_307#0,bo_302#0,burst_291_302#0,原有,302,304,2,0,2024-12-03,0.7973697066152333,-0.1468706537779139,4,0,4,0,4,0,4,0.10050503737512217
KOPN,wide,tb_301#0,bo_297#0,burst_291_302#0,新增,302,301,-1,1,2024-11-27,0.9727272993276921,-0.06363640994079744,1,0,1,0,1,0,1,0.10746703912703226
KOPN,wide,tb_304_307#0,bo_302#0,burst_291_302#0,原有,302,304,2,0,2024-12-03,0.7973697066152333,-0.1468706537779139,4,0,4,0,4,0,4,0.10050503737512217
KOPN,causal,tb_304_307#0,bo_302#0,burst_291_302#0,原有,302,304,2,0,2024-12-03,0.7973697066152333,-0.1468706537779139,4,0,4,0,4,0,4,0.10050503737512217
JUSH,cur,tb_96#1,bo_94#0,burst_93_94#0,原有,94,96,2,0,2024-02-06,0.13541672681458428,-0.41562499786571905,0,1,0,1,0,1,1,0.11414494338406042
JUSH,wide,tb_96#0,bo_93#0,burst_93_94#0,新增,94,96,2,0,2024-02-06,0.13541672681458428,-0.41562499786571905,0,1,0,1,0,1,1,0.11414494338406042
JUSH,wide,tb_96#1,bo_94#0,burst_93_94#0,原有,94,96,2,0,2024-02-06,0.13541672681458428,-0.41562499786571905,0,1,0,1,0,1,1,0.11414494338406042
JUSH,causal,tb_96#0,bo_93#0,burst_93_94#0,新增,94,96,2,0,2024-02-06,0.13541672681458428,-0.41562499786571905,0,1,0,1,0,1,1,0.11414494338406042
JUSH,causal,tb_96#1,bo_94#0,burst_93_94#0,原有,94,96,2,0,2024-02-06,0.13541672681458428,-0.41562499786571905,0,1,0,1,0,1,1,0.11414494338406042
JVA,cur,tb_304#0,bo_302#0,burst_297_302#0,原有,302,304,2,0,2024-12-03,0.26682686359436003,-0.20192310033873284,0,0,0,0,0,0,1,0.09044798050814119
JVA,wide,tb_304#0,bo_302#0,burst_297_302#0,原有,302,304,2,0,2024-12-03,0.26682686359436003,-0.20192310033873284,0,0,0,0,0,0,1,0.09044798050814119
JVA,causal,tb_304#0,bo_302#0,burst_297_302#0,原有,302,304,2,0,2024-12-03,0.26682686359436003,-0.20192310033873284,0,0,0,0,0,0,1,0.09044798050814119
JWEL,cur,tb_184#0,bo_182#0,burst_179_182#0,原有,182,184,2,0,2024-06-12,-0.01702126105374524,-0.476595715323741,0,1,0,1,0,1,1,0.0714513394574686
JWEL,wide,tb_184#0,bo_182#0,burst_179_182#0,原有,182,184,2,0,2024-06-12,-0.01702126105374524,-0.476595715323741,0,1,0,1,0,1,1,0.0714513394574686
JWEL,causal,tb_184#0,bo_182#0,burst_179_182#0,原有,182,184,2,0,2024-06-12,-0.01702126105374524,-0.476595715323741,0,1,0,1,0,1,1,0.0714513394574686
KC,cur,tb_263_264#2,bo_260#0,burst_257_260#0,原有,260,263,3,0,2024-10-04,0.9325321133065448,-0.3613701643966704,0,2,0,2,0,2,2,0.05483480865387837
KC,cur,tb_263_264#3,bo_261#0,burst_257_261#0,原有,261,263,2,0,2024-10-04,0.9325321133065448,-0.3613701643966704,0,2,0,2,0,2,2,0.05483480865387837
KC,wide,tb_263_264#0,bo_257#0,burst_257_260#0,新增,260,263,3,0,2024-10-04,0.9325321133065448,-0.3613701643966704,0,2,0,2,0,2,2,0.05483480865387837
KC,wide,tb_263_264#1,bo_258#0,burst_257_260#0,新增,260,263,3,0,2024-10-04,0.9325321133065448,-0.3613701643966704,0,2,0,2,0,2,2,0.05483480865387837
KC,wide,tb_263_264#2,bo_260#0,burst_257_260#0,原有,260,263,3,0,2024-10-04,0.9325321133065448,-0.3613701643966704,0,2,0,2,0,2,2,0.05483480865387837
KC,wide,tb_263_264#3,bo_261#0,burst_257_261#0,原有,261,263,2,0,2024-10-04,0.9325321133065448,-0.3613701643966704,0,2,0,2,0,2,2,0.05483480865387837
KC,causal,tb_263_264#0,bo_257#0,burst_257_260#0,新增,260,263,3,0,2024-10-04,0.9325321133065448,-0.3613701643966704,0,2,0,2,0,2,2,0.05483480865387837
KC,causal,tb_263_264#1,bo_258#0,burst_257_260#0,新增,260,263,3,0,2024-10-04,0.9325321133065448,-0.3613701643966704,0,2,0,2,0,2,2,0.05483480865387837
KC,causal,tb_263_264#2,bo_260#0,burst_257_260#0,原有,260,263,3,0,2024-10-04,0.9325321133065448,-0.3613701643966704,0,2,0,2,0,2,2,0.05483480865387837
KC,causal,tb_263_264#3,bo_261#0,burst_257_261#0,原有,261,263,2,0,2024-10-04,0.9325321133065448,-0.3613701643966704,0,2,0,2,0,2,2,0.05483480865387837
LFVN,cur,tb_172_176#0,bo_170#0,burst_165_170#0,原有,170,172,2,0,2024-05-24,0.1061907764284776,-0.31326325634109586,0,5,0,5,0,5,5,0.04350636494175037
LFVN,wide,tb_172_176#0,bo_170#0,burst_165_170#0,原有,170,172,2,0,2024-05-24,0.1061907764284776,-0.31326325634109586,0,5,0,5,0,5,5,0.04350636494175037
LFVN,causal,tb_172_176#0,bo_170#0,burst_165_170#0,原有,170,172,2,0,2024-05-24,0.1061907764284776,-0.31326325634109586,0,5,0,5,0,5,5,0.04350636494175037
KRNT,cur,tb_234#1,bo_231#0,burst_222_231#0,原有,231,234,3,0,2024-08-23,0.32669320173640926,-0.133466151163269,1,0,1,0,1,0,1,0.046339999712000826
KRNT,wide,tb_234#0,bo_230#0,burst_222_231#0,新增,231,234,3,0,2024-08-23,0.32669320173640926,-0.133466151163269,1,0,1,0,1,0,1,0.046339999712000826
KRNT,wide,tb_234#1,bo_231#0,burst_222_231#0,原有,231,234,3,0,2024-08-23,0.32669320173640926,-0.133466151163269,1,0,1,0,1,0,1,0.046339999712000826
KRNT,causal,tb_234#0,bo_230#0,burst_222_231#0,新增,231,234,3,0,2024-08-23,0.32669320173640926,-0.133466151163269,1,0,1,0,1,0,1,0.046339999712000826
KRNT,causal,tb_234#1,bo_231#0,burst_222_231#0,原有,231,234,3,0,2024-08-23,0.32669320173640926,-0.133466151163269,1,0,1,0,1,0,1,0.046339999712000826
KSCP,cur,tb_284_286#0,bo_280#0,burst_273_280#0,原有,280,284,4,0,2024-11-04,0.5270262782442865,-0.37200100430539346,0,1,0,0,0,0,3,0.15319497009130295
KSCP,wide,tb_278_279#0,bo_273#0,burst_273_280#0,新增,280,278,-2,1,2024-10-25,0.8543632720031749,-0.23738164230552894,2,0,2,0,0,0,2,0.1716210750626954
KSCP,wide,tb_278_279#1,bo_275#0,burst_273_280#0,新增,280,278,-2,1,2024-10-25,0.8543632720031749,-0.23738164230552894,2,0,2,0,0,0,2,0.1716210750626954
KSCP,wide,tb_284_286#0,bo_280#0,burst_273_280#0,原有,280,284,4,0,2024-11-04,0.5270262782442865,-0.37200100430539346,0,1,0,0,0,0,3,0.15319497009130295
KSCP,causal,tb_284_286#0,bo_280#0,burst_273_280#0,原有,280,284,4,0,2024-11-04,0.5270262782442865,-0.37200100430539346,0,1,0,0,0,0,3,0.15319497009130295
KPTI,cur,tb_102_103#1,bo_96#0,burst_94_96#0,原有,96,102,6,0,2024-02-14,0.2788461655333393,-0.18755651539912582,0,0,0,0,0,0,2,0.13313988789424694
KPTI,wide,tb_102_103#0,bo_94#0,burst_94_96#0,新增,96,102,6,0,2024-02-14,0.2788461655333393,-0.18755651539912582,0,0,0,0,0,0,2,0.13313988789424694
KPTI,wide,tb_102_103#1,bo_96#0,burst_94_96#0,原有,96,102,6,0,2024-02-14,0.2788461655333393,-0.18755651539912582,0,0,0,0,0,0,2,0.13313988789424694
KPTI,causal,tb_102_103#0,bo_94#0,burst_94_96#0,新增,96,102,6,0,2024-02-14,0.2788461655333393,-0.18755651539912582,0,0,0,0,0,0,2,0.13313988789424694
KPTI,causal,tb_102_103#1,bo_96#0,burst_94_96#0,原有,96,102,6,0,2024-02-14,0.2788461655333393,-0.18755651539912582,0,0,0,0,0,0,2,0.13313988789424694
KULR,cur,tb_133#3,bo_130#0,burst_126_130#0,原有,130,133,3,0,2024-04-01,1.1951219122158774,-0.1951219122158776,1,0,1,0,1,0,1,0.15679445512225798
KULR,cur,tb_138#0,bo_134#0,burst_126_134#0,原有,134,138,4,0,2024-04-08,0.26760563853240593,-0.5915492951834492,0,1,0,1,0,1,1,0.20526317646959175
KULR,wide,tb_133#0,bo_126#0,burst_126_130#0,新增,130,133,3,0,2024-04-01,1.1951219122158774,-0.1951219122158776,1,0,1,0,1,0,1,0.15679445512225798
KULR,wide,tb_133#1,bo_127#0,burst_126_130#0,新增,130,133,3,0,2024-04-01,1.1951219122158774,-0.1951219122158776,1,0,1,0,1,0,1,0.15679445512225798
KULR,wide,tb_133#2,bo_129#0,burst_126_130#0,新增,130,133,3,0,2024-04-01,1.1951219122158774,-0.1951219122158776,1,0,1,0,1,0,1,0.15679445512225798
KULR,wide,tb_133#3,bo_130#0,burst_126_130#0,原有,130,133,3,0,2024-04-01,1.1951219122158774,-0.1951219122158776,1,0,1,0,1,0,1,0.15679445512225798
KULR,wide,tb_138#0,bo_134#0,burst_126_134#0,原有,134,138,4,0,2024-04-08,0.26760563853240593,-0.5915492951834492,0,1,0,1,0,1,1,0.20526317646959175
KULR,causal,tb_133#0,bo_126#0,burst_126_130#0,新增,130,133,3,0,2024-04-01,1.1951219122158774,-0.1951219122158776,1,0,1,0,1,0,1,0.15679445512225798
KULR,causal,tb_133#1,bo_127#0,burst_126_130#0,新增,130,133,3,0,2024-04-01,1.1951219122158774,-0.1951219122158776,1,0,1,0,1,0,1,0.15679445512225798
KULR,causal,tb_133#2,bo_129#0,burst_126_130#0,新增,130,133,3,0,2024-04-01,1.1951219122158774,-0.1951219122158776,1,0,1,0,1,0,1,0.15679445512225798
KULR,causal,tb_133#3,bo_130#0,burst_126_130#0,原有,130,133,3,0,2024-04-01,1.1951219122158774,-0.1951219122158776,1,0,1,0,1,0,1,0.15679445512225798
KULR,causal,tb_138#0,bo_134#0,burst_126_134#0,原有,134,138,4,0,2024-04-08,0.26760563853240593,-0.5915492951834492,0,1,0,1,0,1,1,0.20526317646959175
KLTR,cur,tb_293#1,bo_288#0,burst_285_288#0,原有,288,293,5,0,2024-11-15,0.3823529343016556,-0.053921576648068514,1,0,1,0,1,0,1,0.03759616292165838
KLTR,cur,tb_293#2,bo_289#0,burst_285_289#0,原有,289,293,4,0,2024-11-15,0.3823529343016556,-0.053921576648068514,1,0,1,0,1,0,1,0.03759616292165838
KLTR,cur,tb_299_303#0,bo_297#0,burst_285_297#0,原有,297,299,2,0,2024-11-25,0.27865440891927873,-0.12489255299083693,5,0,4,0,0,0,5,0.05236941262202195
KLTR,wide,tb_293#0,bo_285#0,burst_285_288#0,新增,288,293,5,0,2024-11-15,0.3823529343016556,-0.053921576648068514,1,0,1,0,1,0,1,0.03759616292165838
KLTR,wide,tb_293#1,bo_288#0,burst_285_288#0,原有,288,293,5,0,2024-11-15,0.3823529343016556,-0.053921576648068514,1,0,1,0,1,0,1,0.03759616292165838
KLTR,wide,tb_293#2,bo_289#0,burst_285_289#0,原有,289,293,4,0,2024-11-15,0.3823529343016556,-0.053921576648068514,1,0,1,0,1,0,1,0.03759616292165838
KLTR,wide,tb_299_303#0,bo_297#0,burst_285_297#0,原有,297,299,2,0,2024-11-25,0.27865440891927873,-0.12489255299083693,5,0,4,0,0,0,5,0.05236941262202195
KLTR,causal,tb_293#0,bo_285#0,burst_285_288#0,新增,288,293,5,0,2024-11-15,0.3823529343016556,-0.053921576648068514,1,0,1,0,1,0,1,0.03759616292165838
KLTR,causal,tb_293#1,bo_288#0,burst_285_288#0,原有,288,293,5,0,2024-11-15,0.3823529343016556,-0.053921576648068514,1,0,1,0,1,0,1,0.03759616292165838
KLTR,causal,tb_293#2,bo_289#0,burst_285_289#0,原有,289,293,4,0,2024-11-15,0.3823529343016556,-0.053921576648068514,1,0,1,0,1,0,1,0.03759616292165838
KLTR,causal,tb_299_303#0,bo_297#0,burst_285_297#0,原有,297,299,2,0,2024-11-25,0.27865440891927873,-0.12489255299083693,5,0,4,0,0,0,5,0.05236941262202195
LDI,cur,tb_231_233#0,bo_226#0,burst_220_226#0,原有,226,231,5,0,2024-08-20,0.15055707121303477,-0.28826002157113123,0,3,0,2,0,0,3,0.08260805980823302
LDI,cur,tb_231_233#1,bo_227#0,burst_220_227#0,原有,227,231,4,0,2024-08-20,0.15055707121303477,-0.28826002157113123,0,3,0,2,0,0,3,0.08260805980823302
LDI,cur,tb_231_233#2,bo_229#0,burst_220_229#0,原有,229,231,2,0,2024-08-20,0.15055707121303477,-0.28826002157113123,0,3,0,2,0,0,3,0.08260805980823302
LDI,wide,tb_226_227#0,bo_224#0,burst_220_226#0,新增,226,226,0,1,2024-08-13,0.29842271950701105,-0.17652541107895925,1,0,0,0,0,0,2,0.07873437310701106
LDI,wide,tb_231_233#0,bo_226#0,burst_220_226#0,原有,226,231,5,0,2024-08-20,0.15055707121303477,-0.28826002157113123,0,3,0,2,0,0,3,0.08260805980823302
LDI,wide,tb_231_233#1,bo_227#0,burst_220_227#0,原有,227,231,4,0,2024-08-20,0.15055707121303477,-0.28826002157113123,0,3,0,2,0,0,3,0.08260805980823302
LDI,wide,tb_231_233#2,bo_229#0,burst_220_229#0,原有,229,231,2,0,2024-08-20,0.15055707121303477,-0.28826002157113123,0,3,0,2,0,0,3,0.08260805980823302
LDI,causal,tb_231_233#0,bo_226#0,burst_220_226#0,原有,226,231,5,0,2024-08-20,0.15055707121303477,-0.28826002157113123,0,3,0,2,0,0,3,0.08260805980823302
LDI,causal,tb_231_233#1,bo_227#0,burst_220_227#0,原有,227,231,4,0,2024-08-20,0.15055707121303477,-0.28826002157113123,0,3,0,2,0,0,3,0.08260805980823302
LDI,causal,tb_231_233#2,bo_229#0,burst_220_229#0,原有,229,231,2,0,2024-08-20,0.15055707121303477,-0.28826002157113123,0,3,0,2,0,0,3,0.08260805980823302
LEE,cur,tb_272_273#1,bo_266#0,burst_265_266#0,原有,266,272,6,0,2024-10-17,0.38552045549871394,-0.04644001675152948,2,0,2,0,2,0,2,0.053363554649509835
LEE,cur,tb_272_273#2,bo_268#0,burst_265_268#0,原有,268,272,4,0,2024-10-17,0.38552045549871394,-0.04644001675152948,2,0,2,0,2,0,2,0.053363554649509835
LEE,wide,tb_272_273#0,bo_265#0,burst_265_266#0,新增,266,272,6,0,2024-10-17,0.38552045549871394,-0.04644001675152948,2,0,2,0,2,0,2,0.053363554649509835
LEE,wide,tb_272_273#1,bo_266#0,burst_265_266#0,原有,266,272,6,0,2024-10-17,0.38552045549871394,-0.04644001675152948,2,0,2,0,2,0,2,0.053363554649509835
LEE,wide,tb_272_273#2,bo_268#0,burst_265_268#0,原有,268,272,4,0,2024-10-17,0.38552045549871394,-0.04644001675152948,2,0,2,0,2,0,2,0.053363554649509835
LEE,causal,tb_272_273#0,bo_265#0,burst_265_266#0,新增,266,272,6,0,2024-10-17,0.38552045549871394,-0.04644001675152948,2,0,2,0,2,0,2,0.053363554649509835
LEE,causal,tb_272_273#1,bo_266#0,burst_265_266#0,原有,266,272,6,0,2024-10-17,0.38552045549871394,-0.04644001675152948,2,0,2,0,2,0,2,0.053363554649509835
LEE,causal,tb_272_273#2,bo_268#0,burst_265_268#0,原有,268,272,4,0,2024-10-17,0.38552045549871394,-0.04644001675152948,2,0,2,0,2,0,2,0.053363554649509835
LKNCY,cur,tb_263_264#0,bo_259#0,burst_257_259#0,原有,259,263,4,0,2024-10-04,0.006048190508573192,-0.25060618901509685,0,2,0,2,0,2,2,0.0410466454902131
LKNCY,cur,tb_263_264#1,bo_261#0,burst_257_261#0,原有,261,263,2,0,2024-10-04,0.006048190508573192,-0.25060618901509685,0,2,0,2,0,2,2,0.0410466454902131
LKNCY,wide,tb_263_264#0,bo_259#0,burst_257_259#0,原有,259,263,4,0,2024-10-04,0.006048190508573192,-0.25060618901509685,0,2,0,2,0,2,2,0.0410466454902131
LKNCY,wide,tb_263_264#1,bo_261#0,burst_257_261#0,原有,261,263,2,0,2024-10-04,0.006048190508573192,-0.25060618901509685,0,2,0,2,0,2,2,0.0410466454902131
LKNCY,causal,tb_263_264#0,bo_259#0,burst_257_259#0,原有,259,263,4,0,2024-10-04,0.006048190508573192,-0.25060618901509685,0,2,0,2,0,2,2,0.0410466454902131
LKNCY,causal,tb_263_264#1,bo_261#0,burst_257_261#0,原有,261,263,2,0,2024-10-04,0.006048190508573192,-0.25060618901509685,0,2,0,2,0,2,2,0.0410466454902131
LAC,cur,tb_266_267#0,bo_262#0,burst_255_262#0,原有,262,266,4,0,2024-10-22,0.5983907857698292,-0.10858969207885544,2,0,2,0,2,0,2,0.07671343449440751
LAC,cur,tb_274_276#0,bo_269#0,burst_255_269#0,原有,269,274,5,0,2024-11-01,0.06814315477161677,-0.3163883537818801,0,3,0,1,0,0,3,0.09456106934704597
LAC,wide,tb_266_267#0,bo_262#0,burst_255_262#0,原有,262,266,4,0,2024-10-22,0.5983907857698292,-0.10858969207885544,2,0,2,0,2,0,2,0.07671343449440751
LAC,wide,tb_274_276#0,bo_269#0,burst_255_269#0,原有,269,274,5,0,2024-11-01,0.06814315477161677,-0.3163883537818801,0,3,0,1,0,0,3,0.09456106934704597
LAC,causal,tb_266_267#0,bo_262#0,burst_255_262#0,原有,262,266,4,0,2024-10-22,0.5983907857698292,-0.10858969207885544,2,0,2,0,2,0,2,0.07671343449440751
LAC,causal,tb_274_276#0,bo_269#0,burst_255_269#0,原有,269,274,5,0,2024-11-01,0.06814315477161677,-0.3163883537818801,0,3,0,1,0,0,3,0.09456106934704597
LAKE,cur,tb_185_187#0,bo_179#0,burst_179#0,原有,179,185,6,0,2024-06-13,0.08020474769502191,-0.0822615074616528,0,0,0,0,0,0,3,0.05371202408210628
LAKE,wide,tb_185_187#0,bo_179#0,burst_179#0,原有,179,185,6,0,2024-06-13,0.08020474769502191,-0.0822615074616528,0,0,0,0,0,0,3,0.05371202408210628
LAKE,causal,tb_185_187#0,bo_179#0,burst_179#0,原有,179,185,6,0,2024-06-13,0.08020474769502191,-0.0822615074616528,0,0,0,0,0,0,3,0.05371202408210628
LIND,cur,tb_290_291#0,bo_285#0,burst_285#0,原有,285,290,5,0,2024-11-12,0.05573724213144071,-0.16542215289138734,0,1,0,0,0,0,2,0.04553643481548257
LIND,wide,tb_290_291#0,bo_285#0,burst_285#0,原有,285,290,5,0,2024-11-12,0.05573724213144071,-0.16542215289138734,0,1,0,0,0,0,2,0.04553643481548257
LIND,causal,tb_290_291#0,bo_285#0,burst_285#0,原有,285,290,5,0,2024-11-12,0.05573724213144071,-0.16542215289138734,0,1,0,0,0,0,2,0.04553643481548257
LINK,cur,tb_282_283#1,bo_279#0,burst_278_279#0,原有,279,282,3,0,2024-10-31,0.4679976996873255,-0.23468375576366035,0,2,0,2,2,0,2,0.05768084613446988
LINK,cur,tb_295_296#0,bo_284#0,burst_278_284#0,原有,284,295,11,0,2024-11-19,0.9915965345035258,-0.2370143081677727,2,0,2,0,2,0,2,0.11156534168123042
LINK,wide,tb_282_283#0,bo_278#0,burst_278_279#0,新增,279,282,3,0,2024-10-31,0.4679976996873255,-0.23468375576366035,0,2,0,2,2,0,2,0.05768084613446988
LINK,wide,tb_282_283#1,bo_279#0,burst_278_279#0,原有,279,282,3,0,2024-10-31,0.4679976996873255,-0.23468375576366035,0,2,0,2,2,0,2,0.05768084613446988
LINK,wide,tb_295_296#0,bo_284#0,burst_278_284#0,原有,284,295,11,0,2024-11-19,0.9915965345035258,-0.2370143081677727,2,0,2,0,2,0,2,0.11156534168123042
LINK,causal,tb_282_283#0,bo_278#0,burst_278_279#0,新增,279,282,3,0,2024-10-31,0.4679976996873255,-0.23468375576366035,0,2,0,2,2,0,2,0.05768084613446988
LINK,causal,tb_282_283#1,bo_279#0,burst_278_279#0,原有,279,282,3,0,2024-10-31,0.4679976996873255,-0.23468375576366035,0,2,0,2,2,0,2,0.05768084613446988
LINK,causal,tb_295_296#0,bo_284#0,burst_278_284#0,原有,284,295,11,0,2024-11-19,0.9915965345035258,-0.2370143081677727,2,0,2,0,2,0,2,0.11156534168123042
LTBR,wide,tb_265#0,bo_262#0,burst_256_271#0,新增,271,265,-6,2,2024-10-08,3.6710526274512016,-0.039473647060816464,1,0,1,0,1,0,1,0.0879933311393481
LSPD,cur,tb_263#1,bo_257#0,burst_252_257#0,原有,257,263,6,0,2024-10-04,0.17763966678501708,-0.08385095338404513,1,0,1,0,0,0,1,0.03127735444648369
LSPD,wide,tb_263#0,bo_256#0,burst_252_257#0,新增,257,263,6,0,2024-10-04,0.17763966678501708,-0.08385095338404513,1,0,1,0,0,0,1,0.03127735444648369
LSPD,wide,tb_263#1,bo_257#0,burst_252_257#0,原有,257,263,6,0,2024-10-04,0.17763966678501708,-0.08385095338404513,1,0,1,0,0,0,1,0.03127735444648369
LSPD,causal,tb_263#0,bo_256#0,burst_252_257#0,新增,257,263,6,0,2024-10-04,0.17763966678501708,-0.08385095338404513,1,0,1,0,0,0,1,0.03127735444648369
LSPD,causal,tb_263#1,bo_257#0,burst_252_257#0,原有,257,263,6,0,2024-10-04,0.17763966678501708,-0.08385095338404513,1,0,1,0,0,0,1,0.03127735444648369
MDAI,cur,tb_307_310#0,bo_302#0,burst_302#0,原有,302,307,5,0,2024-12-06,0.5664571874280528,-0.17339257577684306,1,0,0,0,0,0,4,0.1330672885042939
MDAI,cur,tb_307_310#1,bo_303#0,burst_302_303#0,原有,303,307,4,0,2024-12-06,0.5664571874280528,-0.17339257577684306,1,0,0,0,0,0,4,0.1330672885042939
MDAI,wide,tb_307_310#0,bo_302#0,burst_302#0,原有,302,307,5,0,2024-12-06,0.5664571874280528,-0.17339257577684306,1,0,0,0,0,0,4,0.1330672885042939
MDAI,wide,tb_307_310#1,bo_303#0,burst_302_303#0,原有,303,307,4,0,2024-12-06,0.5664571874280528,-0.17339257577684306,1,0,0,0,0,0,4,0.1330672885042939
MDAI,causal,tb_307_310#0,bo_302#0,burst_302#0,原有,302,307,5,0,2024-12-06,0.5664571874280528,-0.17339257577684306,1,0,0,0,0,0,4,0.1330672885042939
MDAI,causal,tb_307_310#1,bo_303#0,burst_302_303#0,原有,303,307,4,0,2024-12-06,0.5664571874280528,-0.17339257577684306,1,0,0,0,0,0,4,0.1330672885042939
LWAY,cur,tb_133_136#2,bo_129#0,burst_126_129#0,原有,129,133,4,0,2024-04-01,0.528742378138203,-0.21788170018772754,4,0,4,0,4,0,4,0.07942994127260788
LWAY,wide,tb_133_136#0,bo_126#0,burst_126_129#0,新增,129,133,4,0,2024-04-01,0.528742378138203,-0.21788170018772754,4,0,4,0,4,0,4,0.07942994127260788
LWAY,wide,tb_133_136#1,bo_128#0,burst_126_129#0,新增,129,133,4,0,2024-04-01,0.528742378138203,-0.21788170018772754,4,0,4,0,4,0,4,0.07942994127260788
LWAY,wide,tb_133_136#2,bo_129#0,burst_126_129#0,原有,129,133,4,0,2024-04-01,0.528742378138203,-0.21788170018772754,4,0,4,0,4,0,4,0.07942994127260788
LWAY,causal,tb_133_136#0,bo_126#0,burst_126_129#0,新增,129,133,4,0,2024-04-01,0.528742378138203,-0.21788170018772754,4,0,4,0,4,0,4,0.07942994127260788
LWAY,causal,tb_133_136#1,bo_128#0,burst_126_129#0,新增,129,133,4,0,2024-04-01,0.528742378138203,-0.21788170018772754,4,0,4,0,4,0,4,0.07942994127260788
LWAY,causal,tb_133_136#2,bo_129#0,burst_126_129#0,原有,129,133,4,0,2024-04-01,0.528742378138203,-0.21788170018772754,4,0,4,0,4,0,4,0.07942994127260788
LX,cur,tb_262#0,bo_257#0,burst_257#0,原有,257,262,5,0,2024-10-03,0.49999980317444903,-0.22794115604831977,1,0,1,0,1,0,1,0.03830350254714321
LX,cur,tb_262#1,bo_258#0,burst_257_258#0,原有,258,262,4,0,2024-10-03,0.49999980317444903,-0.22794115604831977,1,0,1,0,1,0,1,0.03830350254714321
LX,wide,tb_262#0,bo_257#0,burst_257#0,原有,257,262,5,0,2024-10-03,0.49999980317444903,-0.22794115604831977,1,0,1,0,1,0,1,0.03830350254714321
LX,wide,tb_262#1,bo_258#0,burst_257_258#0,原有,258,262,4,0,2024-10-03,0.49999980317444903,-0.22794115604831977,1,0,1,0,1,0,1,0.03830350254714321
LX,causal,tb_262#0,bo_257#0,burst_257#0,原有,257,262,5,0,2024-10-03,0.49999980317444903,-0.22794115604831977,1,0,1,0,1,0,1,0.03830350254714321
LX,causal,tb_262#1,bo_258#0,burst_257_258#0,原有,258,262,4,0,2024-10-03,0.49999980317444903,-0.22794115604831977,1,0,1,0,1,0,1,0.03830350254714321
MOB,cur,tb_271_278#1,bo_268#0,burst_267_268#0,原有,268,271,3,0,2024-10-16,1.8488369913085658,-0.054525030233269,8,0,8,0,8,0,8,0.06356420668133586
MOB,wide,tb_271_278#0,bo_267#0,burst_267_268#0,新增,268,271,3,0,2024-10-16,1.8488369913085658,-0.054525030233269,8,0,8,0,8,0,8,0.06356420668133586
MOB,wide,tb_271_278#1,bo_268#0,burst_267_268#0,原有,268,271,3,0,2024-10-16,1.8488369913085658,-0.054525030233269,8,0,8,0,8,0,8,0.06356420668133586
MOB,causal,tb_271_278#0,bo_267#0,burst_267_268#0,新增,268,271,3,0,2024-10-16,1.8488369913085658,-0.054525030233269,8,0,8,0,8,0,8,0.06356420668133586
MOB,causal,tb_271_278#1,bo_268#0,burst_267_268#0,原有,268,271,3,0,2024-10-16,1.8488369913085658,-0.054525030233269,8,0,8,0,8,0,8,0.06356420668133586
MOBQ,cur,tb_293_296#1,bo_291#0,burst_290_291#0,原有,291,293,2,0,2024-11-15,0.23278693842549658,-0.33423443072105496,0,4,0,3,0,2,4,0.08516097109003828
MOBQ,wide,tb_293_296#0,bo_290#0,burst_290_291#0,新增,291,293,2,0,2024-11-15,0.23278693842549658,-0.33423443072105496,0,4,0,3,0,2,4,0.08516097109003828
MOBQ,wide,tb_293_296#1,bo_291#0,burst_290_291#0,原有,291,293,2,0,2024-11-15,0.23278693842549658,-0.33423443072105496,0,4,0,3,0,2,4,0.08516097109003828
MOBQ,causal,tb_293_296#0,bo_290#0,burst_290_291#0,新增,291,293,2,0,2024-11-15,0.23278693842549658,-0.33423443072105496,0,4,0,3,0,2,4,0.08516097109003828
MOBQ,causal,tb_293_296#1,bo_291#0,burst_290_291#0,原有,291,293,2,0,2024-11-15,0.23278693842549658,-0.33423443072105496,0,4,0,3,0,2,4,0.08516097109003828
MAPS,cur,tb_298_302#1,bo_295#0,burst_292_295#0,原有,295,298,3,0,2024-11-22,0.33622857109147164,-0.13347596253612398,3,0,1,0,0,0,5,0.06833439205414339
MAPS,wide,tb_298_302#0,bo_294#0,burst_292_295#0,新增,295,298,3,0,2024-11-22,0.33622857109147164,-0.13347596253612398,3,0,1,0,0,0,5,0.06833439205414339
MAPS,wide,tb_298_302#1,bo_295#0,burst_292_295#0,原有,295,298,3,0,2024-11-22,0.33622857109147164,-0.13347596253612398,3,0,1,0,0,0,5,0.06833439205414339
MAPS,causal,tb_298_302#0,bo_294#0,burst_292_295#0,新增,295,298,3,0,2024-11-22,0.33622857109147164,-0.13347596253612398,3,0,1,0,0,0,5,0.06833439205414339
MAPS,causal,tb_298_302#1,bo_295#0,burst_292_295#0,原有,295,298,3,0,2024-11-22,0.33622857109147164,-0.13347596253612398,3,0,1,0,0,0,5,0.06833439205414339
MHH,cur,tb_231_233#1,bo_229#0,burst_222_229#0,原有,229,231,2,0,2024-08-20,0.04050796817538201,-0.1677856054908504,0,3,0,0,0,0,3,0.041083630122629174
MHH,wide,tb_231_233#0,bo_226#0,burst_222_229#0,新增,229,231,2,0,2024-08-20,0.04050796817538201,-0.1677856054908504,0,3,0,0,0,0,3,0.041083630122629174
MHH,wide,tb_231_233#1,bo_229#0,burst_222_229#0,原有,229,231,2,0,2024-08-20,0.04050796817538201,-0.1677856054908504,0,3,0,0,0,0,3,0.041083630122629174
MHH,causal,tb_231_233#0,bo_226#0,burst_222_229#0,新增,229,231,2,0,2024-08-20,0.04050796817538201,-0.1677856054908504,0,3,0,0,0,0,3,0.041083630122629174
MHH,causal,tb_231_233#1,bo_229#0,burst_222_229#0,原有,229,231,2,0,2024-08-20,0.04050796817538201,-0.1677856054908504,0,3,0,0,0,0,3,0.041083630122629174
LUMN,cur,tb_224#3,bo_215#0,burst_208_215#0,原有,215,224,9,0,2024-08-09,0.36086170378791027,-0.19569122423613383,0,0,0,0,0,0,1,0.127002228659519
LUMN,cur,tb_224#4,bo_216#0,burst_208_216#0,原有,216,224,8,0,2024-08-09,0.36086170378791027,-0.19569122423613383,0,0,0,0,0,0,1,0.127002228659519
LUMN,wide,tb_224#0,bo_208#0,burst_208_215#0,新增,215,224,9,0,2024-08-09,0.36086170378791027,-0.19569122423613383,0,0,0,0,0,0,1,0.127002228659519
LUMN,wide,tb_224#1,bo_210#0,burst_208_215#0,新增,215,224,9,0,2024-08-09,0.36086170378791027,-0.19569122423613383,0,0,0,0,0,0,1,0.127002228659519
LUMN,wide,tb_224#2,bo_211#0,burst_208_215#0,新增,215,224,9,0,2024-08-09,0.36086170378791027,-0.19569122423613383,0,0,0,0,0,0,1,0.127002228659519
LUMN,wide,tb_224#3,bo_215#0,burst_208_215#0,原有,215,224,9,0,2024-08-09,0.36086170378791027,-0.19569122423613383,0,0,0,0,0,0,1,0.127002228659519
LUMN,wide,tb_224#4,bo_216#0,burst_208_216#0,原有,216,224,8,0,2024-08-09,0.36086170378791027,-0.19569122423613383,0,0,0,0,0,0,1,0.127002228659519
LUMN,causal,tb_224#0,bo_208#0,burst_208_215#0,新增,215,224,9,0,2024-08-09,0.36086170378791027,-0.19569122423613383,0,0,0,0,0,0,1,0.127002228659519
LUMN,causal,tb_224#1,bo_210#0,burst_208_215#0,新增,215,224,9,0,2024-08-09,0.36086170378791027,-0.19569122423613383,0,0,0,0,0,0,1,0.127002228659519
LUMN,causal,tb_224#2,bo_211#0,burst_208_215#0,新增,215,224,9,0,2024-08-09,0.36086170378791027,-0.19569122423613383,0,0,0,0,0,0,1,0.127002228659519
LUMN,causal,tb_224#3,bo_215#0,burst_208_215#0,原有,215,224,9,0,2024-08-09,0.36086170378791027,-0.19569122423613383,0,0,0,0,0,0,1,0.127002228659519
LUMN,causal,tb_224#4,bo_216#0,burst_208_216#0,原有,216,224,8,0,2024-08-09,0.36086170378791027,-0.19569122423613383,0,0,0,0,0,0,1,0.127002228659519
LUNR,cur,tb_108#0,bo_99#0,burst_91_99#0,原有,99,108,9,0,2024-02-23,-0.2023983267839079,-0.5349322244855828,0,1,0,1,0,1,1,0.18989074345086238
LUNR,wide,tb_94#0,bo_91#0,burst_91_99#0,新增,99,94,-5,1,2024-02-02,2.542780739629254,-0.10160430841495827,1,0,1,0,1,0,1,0.10715937755720076
LUNR,wide,tb_94#1,bo_92#0,burst_91_99#0,新增,99,94,-5,1,2024-02-02,2.542780739629254,-0.10160430841495827,1,0,1,0,1,0,1,0.10715937755720076
LUNR,wide,tb_108#0,bo_99#0,burst_91_99#0,原有,99,108,9,0,2024-02-23,-0.2023983267839079,-0.5349322244855828,0,1,0,1,0,1,1,0.18989074345086238
LUNR,causal,tb_108#0,bo_99#0,burst_91_99#0,原有,99,108,9,0,2024-02-23,-0.2023983267839079,-0.5349322244855828,0,1,0,1,0,1,1,0.18989074345086238
LUXE,cur,tb_122#3,bo_120#0,burst_111_120#0,原有,120,122,2,0,2024-03-14,0.3438320111427209,-0.1784776479136997,1,0,1,0,0,0,1,0.06360834795800607
LUXE,cur,tb_267_269#1,bo_264#0,burst_263_264#0,原有,264,267,3,0,2024-10-10,0.04653516216441034,-0.2253507501134249,0,2,0,0,0,0,3,0.07457463828940336
LUXE,wide,tb_122#0,bo_111#0,burst_111_120#0,新增,120,122,2,0,2024-03-14,0.3438320111427209,-0.1784776479136997,1,0,1,0,0,0,1,0.06360834795800607
LUXE,wide,tb_122#1,bo_114#0,burst_111_120#0,新增,120,122,2,0,2024-03-14,0.3438320111427209,-0.1784776479136997,1,0,1,0,0,0,1,0.06360834795800607
LUXE,wide,tb_122#2,bo_117#0,burst_111_120#0,新增,120,122,2,0,2024-03-14,0.3438320111427209,-0.1784776479136997,1,0,1,0,0,0,1,0.06360834795800607
LUXE,wide,tb_122#3,bo_120#0,burst_111_120#0,原有,120,122,2,0,2024-03-14,0.3438320111427209,-0.1784776479136997,1,0,1,0,0,0,1,0.06360834795800607
LUXE,wide,tb_267_269#0,bo_263#0,burst_263_264#0,新增,264,267,3,0,2024-10-10,0.04653516216441034,-0.2253507501134249,0,2,0,0,0,0,3,0.07457463828940336
LUXE,wide,tb_267_269#1,bo_264#0,burst_263_264#0,原有,264,267,3,0,2024-10-10,0.04653516216441034,-0.2253507501134249,0,2,0,0,0,0,3,0.07457463828940336
LUXE,causal,tb_122#0,bo_111#0,burst_111_120#0,新增,120,122,2,0,2024-03-14,0.3438320111427209,-0.1784776479136997,1,0,1,0,0,0,1,0.06360834795800607
LUXE,causal,tb_122#1,bo_114#0,burst_111_120#0,新增,120,122,2,0,2024-03-14,0.3438320111427209,-0.1784776479136997,1,0,1,0,0,0,1,0.06360834795800607
LUXE,causal,tb_122#2,bo_117#0,burst_111_120#0,新增,120,122,2,0,2024-03-14,0.3438320111427209,-0.1784776479136997,1,0,1,0,0,0,1,0.06360834795800607
LUXE,causal,tb_122#3,bo_120#0,burst_111_120#0,原有,120,122,2,0,2024-03-14,0.3438320111427209,-0.1784776479136997,1,0,1,0,0,0,1,0.06360834795800607
LUXE,causal,tb_267_269#0,bo_263#0,burst_263_264#0,新增,264,267,3,0,2024-10-10,0.04653516216441034,-0.2253507501134249,0,2,0,0,0,0,3,0.07457463828940336
LUXE,causal,tb_267_269#1,bo_264#0,burst_263_264#0,原有,264,267,3,0,2024-10-10,0.04653516216441034,-0.2253507501134249,0,2,0,0,0,0,3,0.07457463828940336
MDNAF,cur,tb_105_107#1,bo_100#0,burst_99_100#0,原有,100,105,5,0,2024-02-20,1.0173741342910994,-0.05665481286787607,3,0,3,0,3,0,3,0.06936038458728708
MDNAF,wide,tb_105_107#0,bo_99#0,burst_99_100#0,新增,100,105,5,0,2024-02-20,1.0173741342910994,-0.05665481286787607,3,0,3,0,3,0,3,0.06936038458728708
MDNAF,wide,tb_105_107#1,bo_100#0,burst_99_100#0,原有,100,105,5,0,2024-02-20,1.0173741342910994,-0.05665481286787607,3,0,3,0,3,0,3,0.06936038458728708
MDNAF,causal,tb_105_107#0,bo_99#0,burst_99_100#0,新增,100,105,5,0,2024-02-20,1.0173741342910994,-0.05665481286787607,3,0,3,0,3,0,3,0.06936038458728708
MDNAF,causal,tb_105_107#1,bo_100#0,burst_99_100#0,原有,100,105,5,0,2024-02-20,1.0173741342910994,-0.05665481286787607,3,0,3,0,3,0,3,0.06936038458728708
MIND,cur,tb_312#1,bo_310#0,burst_308_310#0,原有,310,312,2,0,2024-12-13,0.6525285359419308,0.0,1,0,1,0,1,0,1,0.03398841059433502
MIND,cur,tb_321_325#0,bo_313#0,burst_308_313#0,原有,313,321,8,0,2024-12-27,0.3867460387018536,-0.18794153677600645,2,0,1,0,0,0,3,0.08256964164592184
MIND,cur,tb_321_325#1,bo_314#0,burst_308_314#0,原有,314,321,7,0,2024-12-27,0.3867460387018536,-0.18794153677600645,2,0,1,0,0,0,3,0.08256964164592184
MIND,wide,tb_312#0,bo_308#0,burst_308_310#0,新增,310,312,2,0,2024-12-13,0.6525285359419308,0.0,1,0,1,0,1,0,1,0.03398841059433502
MIND,wide,tb_312#1,bo_310#0,burst_308_310#0,原有,310,312,2,0,2024-12-13,0.6525285359419308,0.0,1,0,1,0,1,0,1,0.03398841059433502
MIND,wide,tb_321_325#0,bo_313#0,burst_308_313#0,原有,313,321,8,0,2024-12-27,0.3867460387018536,-0.18794153677600645,2,0,1,0,0,0,3,0.08256964164592184
MIND,wide,tb_321_325#1,bo_314#0,burst_308_314#0,原有,314,321,7,0,2024-12-27,0.3867460387018536,-0.18794153677600645,2,0,1,0,0,0,3,0.08256964164592184
MIND,causal,tb_312#0,bo_308#0,burst_308_310#0,新增,310,312,2,0,2024-12-13,0.6525285359419308,0.0,1,0,1,0,1,0,1,0.03398841059433502
MIND,causal,tb_312#1,bo_310#0,burst_308_310#0,原有,310,312,2,0,2024-12-13,0.6525285359419308,0.0,1,0,1,0,1,0,1,0.03398841059433502
MIND,causal,tb_321_325#0,bo_313#0,burst_308_313#0,原有,313,321,8,0,2024-12-27,0.3867460387018536,-0.18794153677600645,2,0,1,0,0,0,3,0.08256964164592184
MIND,causal,tb_321_325#1,bo_314#0,burst_308_314#0,原有,314,321,7,0,2024-12-27,0.3867460387018536,-0.18794153677600645,2,0,1,0,0,0,3,0.08256964164592184
MIST,cur,tb_294_301#1,bo_286#0,burst_285_286#0,原有,286,294,8,0,2024-11-18,0.512651776374852,-0.07590730728436063,8,0,8,0,8,0,8,0.0709887263393058
MIST,cur,tb_294_301#2,bo_287#0,burst_285_287#0,原有,287,294,7,0,2024-11-18,0.512651776374852,-0.07590730728436063,8,0,8,0,8,0,8,0.0709887263393058
MIST,wide,tb_294_301#0,bo_285#0,burst_285_286#0,新增,286,294,8,0,2024-11-18,0.512651776374852,-0.07590730728436063,8,0,8,0,8,0,8,0.0709887263393058
MIST,wide,tb_294_301#1,bo_286#0,burst_285_286#0,原有,286,294,8,0,2024-11-18,0.512651776374852,-0.07590730728436063,8,0,8,0,8,0,8,0.0709887263393058
MIST,wide,tb_294_301#2,bo_287#0,burst_285_287#0,原有,287,294,7,0,2024-11-18,0.512651776374852,-0.07590730728436063,8,0,8,0,8,0,8,0.0709887263393058
MIST,causal,tb_294_301#0,bo_285#0,burst_285_286#0,新增,286,294,8,0,2024-11-18,0.512651776374852,-0.07590730728436063,8,0,8,0,8,0,8,0.0709887263393058
MIST,causal,tb_294_301#1,bo_286#0,burst_285_286#0,原有,286,294,8,0,2024-11-18,0.512651776374852,-0.07590730728436063,8,0,8,0,8,0,8,0.0709887263393058
MIST,causal,tb_294_301#2,bo_287#0,burst_285_287#0,原有,287,294,7,0,2024-11-18,0.512651776374852,-0.07590730728436063,8,0,8,0,8,0,8,0.0709887263393058
MNOV,cur,tb_245_247#0,bo_241#0,burst_240_241#0,原有,241,245,4,0,2024-09-10,0.06782100202045371,-0.23541541265837232,0,1,0,1,0,0,3,0.07919311250489026
MNOV,wide,tb_242#0,bo_240#0,burst_240_241#0,新增,241,242,1,0,2024-09-05,0.17222219499540836,-0.13888889256818804,0,0,0,0,0,0,1,0.06541592264953328
MNOV,wide,tb_245_247#0,bo_241#0,burst_240_241#0,原有,241,245,4,0,2024-09-10,0.06782100202045371,-0.23541541265837232,0,1,0,1,0,0,3,0.07919311250489026
MNOV,causal,tb_242#0,bo_240#0,burst_240_241#0,新增,241,242,1,0,2024-09-05,0.17222219499540836,-0.13888889256818804,0,0,0,0,0,0,1,0.06541592264953328
MNOV,causal,tb_245_247#0,bo_241#0,burst_240_241#0,原有,241,245,4,0,2024-09-10,0.06782100202045371,-0.23541541265837232,0,1,0,1,0,0,3,0.07919311250489026
MNPR,cur,tb_113_117#0,bo_107#0,burst_105_107#0,原有,107,113,6,0,2024-03-01,0.11816797001197817,-0.4794672846795809,0,5,0,3,0,2,5,0.13073579610528668
MNPR,wide,tb_113_117#0,bo_107#0,burst_105_107#0,原有,107,113,6,0,2024-03-01,0.11816797001197817,-0.4794672846795809,0,5,0,3,0,2,5,0.13073579610528668
MNPR,causal,tb_113_117#0,bo_107#0,burst_105_107#0,原有,107,113,6,0,2024-03-01,0.11816797001197817,-0.4794672846795809,0,5,0,3,0,2,5,0.13073579610528668
MRT,cur,tb_86#0,bo_83#0,burst_79_83#0,原有,83,86,3,0,2024-01-23,0.09953699471871125,-0.1620370852639592,0,0,0,0,0,0,1,0.08616116528001068
MRT,cur,tb_234#0,bo_231#0,burst_223_231#0,原有,231,234,3,0,2024-08-23,0.02788841972460654,-0.2968127520314735,0,1,0,1,0,0,1,0.07092557934399185
MRT,wide,tb_82_86#0,bo_79#0,burst_79_83#0,新增,83,82,-1,1,2024-01-17,0.09044289372166774,-0.1689677473653613,0,0,0,0,0,0,5,0.09676397561354216
MRT,wide,tb_82_86#1,bo_80#0,burst_79_83#0,新增,83,82,-1,1,2024-01-17,0.09044289372166774,-0.1689677473653613,0,0,0,0,0,0,5,0.09676397561354216
MRT,wide,tb_86#0,bo_83#0,burst_79_83#0,原有,83,86,3,0,2024-01-23,0.09953699471871125,-0.1620370852639592,0,0,0,0,0,0,1,0.08616116528001068
MRT,wide,tb_234#0,bo_231#0,burst_223_231#0,原有,231,234,3,0,2024-08-23,0.02788841972460654,-0.2968127520314735,0,1,0,1,0,0,1,0.07092557934399185
MRT,causal,tb_86#0,bo_83#0,burst_79_83#0,原有,83,86,3,0,2024-01-23,0.09953699471871125,-0.1620370852639592,0,0,0,0,0,0,1,0.08616116528001068
MRT,causal,tb_234#0,bo_231#0,burst_223_231#0,原有,231,234,3,0,2024-08-23,0.02788841972460654,-0.2968127520314735,0,1,0,1,0,0,1,0.07092557934399185
MOLN,cur,tb_185#0,bo_183#0,burst_183#0,原有,183,185,2,0,2024-06-13,1.1344538178789736,-0.04201680806959163,1,0,1,0,1,0,1,0.07278705391340218
MOLN,cur,tb_188#0,bo_184#0,burst_183_184#0,原有,184,188,4,0,2024-06-18,0.5954773553269479,-0.2839196253833117,1,0,1,0,1,0,1,0.09065949749750257
MOLN,wide,tb_185#0,bo_183#0,burst_183#0,原有,183,185,2,0,2024-06-13,1.1344538178789736,-0.04201680806959163,1,0,1,0,1,0,1,0.07278705391340218
MOLN,wide,tb_188#0,bo_184#0,burst_183_184#0,原有,184,188,4,0,2024-06-18,0.5954773553269479,-0.2839196253833117,1,0,1,0,1,0,1,0.09065949749750257
MOLN,causal,tb_185#0,bo_183#0,burst_183#0,原有,183,185,2,0,2024-06-13,1.1344538178789736,-0.04201680806959163,1,0,1,0,1,0,1,0.07278705391340218
MOLN,causal,tb_188#0,bo_184#0,burst_183_184#0,原有,184,188,4,0,2024-06-18,0.5954773553269479,-0.2839196253833117,1,0,1,0,1,0,1,0.09065949749750257
MPT,cur,tb_254_260#1,bo_248#0,burst_244_248#0,原有,248,254,6,0,2024-09-23,0.0150146433328735,-0.30048343333038463,0,7,0,7,0,7,7,0.04770245164274007
MPT,wide,tb_254_260#0,bo_247#0,burst_244_248#0,新增,248,254,6,0,2024-09-23,0.0150146433328735,-0.30048343333038463,0,7,0,7,0,7,7,0.04770245164274007
MPT,wide,tb_254_260#1,bo_248#0,burst_244_248#0,原有,248,254,6,0,2024-09-23,0.0150146433328735,-0.30048343333038463,0,7,0,7,0,7,7,0.04770245164274007
MPT,causal,tb_254_260#0,bo_247#0,burst_244_248#0,新增,248,254,6,0,2024-09-23,0.0150146433328735,-0.30048343333038463,0,7,0,7,0,7,7,0.04770245164274007
MPT,causal,tb_254_260#1,bo_248#0,burst_244_248#0,原有,248,254,6,0,2024-09-23,0.0150146433328735,-0.30048343333038463,0,7,0,7,0,7,7,0.04770245164274007
NIU,cur,tb_263#2,bo_261#0,burst_257_261#0,原有,261,263,2,0,2024-10-04,0.2500000212873734,-0.382142839808853,1,0,0,1,0,1,1,0.06043293715446021
NIU,cur,tb_268#0,bo_264#0,burst_257_264#0,原有,264,268,4,0,2024-10-11,0.06037729873738917,-0.3471698276170757,0,1,0,1,0,1,1,0.07984114296877395
NIU,wide,tb_263#0,bo_257#0,burst_257_261#0,新增,261,263,2,0,2024-10-04,0.2500000212873734,-0.382142839808853,1,0,0,1,0,1,1,0.06043293715446021
NIU,wide,tb_263#1,bo_260#0,burst_257_261#0,新增,261,263,2,0,2024-10-04,0.2500000212873734,-0.382142839808853,1,0,0,1,0,1,1,0.06043293715446021
NIU,wide,tb_263#2,bo_261#0,burst_257_261#0,原有,261,263,2,0,2024-10-04,0.2500000212873734,-0.382142839808853,1,0,0,1,0,1,1,0.06043293715446021
NIU,wide,tb_268#0,bo_264#0,burst_257_264#0,原有,264,268,4,0,2024-10-11,0.06037729873738917,-0.3471698276170757,0,1,0,1,0,1,1,0.07984114296877395
NIU,causal,tb_263#0,bo_257#0,burst_257_261#0,新增,261,263,2,0,2024-10-04,0.2500000212873734,-0.382142839808853,1,0,0,1,0,1,1,0.06043293715446021
NIU,causal,tb_263#1,bo_260#0,burst_257_261#0,新增,261,263,2,0,2024-10-04,0.2500000212873734,-0.382142839808853,1,0,0,1,0,1,1,0.06043293715446021
NIU,causal,tb_263#2,bo_261#0,burst_257_261#0,原有,261,263,2,0,2024-10-04,0.2500000212873734,-0.382142839808853,1,0,0,1,0,1,1,0.06043293715446021
NIU,causal,tb_268#0,bo_264#0,burst_257_264#0,原有,264,268,4,0,2024-10-11,0.06037729873738917,-0.3471698276170757,0,1,0,1,0,1,1,0.07984114296877395
NAMS,cur,tb_292_294#0,bo_286#0,burst_286#0,原有,286,292,6,0,2024-11-14,0.09851534661773553,-0.291137586096154,0,3,0,3,0,3,3,0.04947500095360109
NAMS,cur,tb_292_294#1,bo_288#0,burst_286_288#0,原有,288,292,4,0,2024-11-14,0.09851534661773553,-0.291137586096154,0,3,0,3,0,3,3,0.04947500095360109
NAMS,wide,tb_292_294#0,bo_286#0,burst_286#0,原有,286,292,6,0,2024-11-14,0.09851534661773553,-0.291137586096154,0,3,0,3,0,3,3,0.04947500095360109
NAMS,wide,tb_292_294#1,bo_288#0,burst_286_288#0,原有,288,292,4,0,2024-11-14,0.09851534661773553,-0.291137586096154,0,3,0,3,0,3,3,0.04947500095360109
NAMS,causal,tb_292_294#0,bo_286#0,burst_286#0,原有,286,292,6,0,2024-11-14,0.09851534661773553,-0.291137586096154,0,3,0,3,0,3,3,0.04947500095360109
NAMS,causal,tb_292_294#1,bo_288#0,burst_286_288#0,原有,288,292,4,0,2024-11-14,0.09851534661773553,-0.291137586096154,0,3,0,3,0,3,3,0.04947500095360109
NCI,cur,tb_117_124#0,bo_111#0,burst_103_111#0,原有,111,117,6,0,2024-10-09,1.7243855766428244,-0.24019913651203073,8,0,8,0,7,0,8,0.18885048995787054
NCI,wide,tb_117_124#0,bo_111#0,burst_103_111#0,原有,111,117,6,0,2024-10-09,1.7243855766428244,-0.24019913651203073,8,0,8,0,7,0,8,0.18885048995787054
NCI,causal,tb_117_124#0,bo_111#0,burst_103_111#0,原有,111,117,6,0,2024-10-09,1.7243855766428244,-0.24019913651203073,8,0,8,0,7,0,8,0.18885048995787054
MUX,cur,tb_123_124#0,bo_120#0,burst_114_120#0,原有,120,123,3,0,2024-03-15,0.46551483605836763,-0.030967931460001652,2,0,2,0,2,0,2,0.04699484619561721
MUX,cur,tb_123_124#1,bo_121#0,burst_114_121#0,原有,121,123,2,0,2024-03-15,0.46551483605836763,-0.030967931460001652,2,0,2,0,2,0,2,0.04699484619561721
MUX,wide,tb_117_120#0,bo_114#0,burst_114_120#0,新增,120,117,-3,1,2024-03-07,0.5329819567344203,-0.030467448208079645,4,0,4,0,4,0,4,0.03657464354141357
MUX,wide,tb_123_124#0,bo_120#0,burst_114_120#0,原有,120,123,3,0,2024-03-15,0.46551483605836763,-0.030967931460001652,2,0,2,0,2,0,2,0.04699484619561721
MUX,wide,tb_123_124#1,bo_121#0,burst_114_121#0,原有,121,123,2,0,2024-03-15,0.46551483605836763,-0.030967931460001652,2,0,2,0,2,0,2,0.04699484619561721
MUX,causal,tb_123_124#0,bo_120#0,burst_114_120#0,原有,120,123,3,0,2024-03-15,0.46551483605836763,-0.030967931460001652,2,0,2,0,2,0,2,0.04699484619561721
MUX,causal,tb_123_124#1,bo_121#0,burst_114_121#0,原有,121,123,2,0,2024-03-15,0.46551483605836763,-0.030967931460001652,2,0,2,0,2,0,2,0.04699484619561721
NEOV,cur,tb_144#0,bo_141#0,burst_135_141#0,原有,141,144,3,0,2024-04-16,0.5023924563902171,-0.1722487607081602,0,0,0,0,0,0,1,0.14814224944791266
NEOV,cur,tb_144#1,bo_142#0,burst_135_142#0,原有,142,144,2,0,2024-04-16,0.5023924563902171,-0.1722487607081602,0,0,0,0,0,0,1,0.14814224944791266
NEOV,wide,tb_144#0,bo_141#0,burst_135_141#0,原有,141,144,3,0,2024-04-16,0.5023924563902171,-0.1722487607081602,0,0,0,0,0,0,1,0.14814224944791266
NEOV,wide,tb_144#1,bo_142#0,burst_135_142#0,原有,142,144,2,0,2024-04-16,0.5023924563902171,-0.1722487607081602,0,0,0,0,0,0,1,0.14814224944791266
NEOV,causal,tb_144#0,bo_141#0,burst_135_141#0,原有,141,144,3,0,2024-04-16,0.5023924563902171,-0.1722487607081602,0,0,0,0,0,0,1,0.14814224944791266
NEOV,causal,tb_144#1,bo_142#0,burst_135_142#0,原有,142,144,2,0,2024-04-16,0.5023924563902171,-0.1722487607081602,0,0,0,0,0,0,1,0.14814224944791266
MYSE,cur,tb_288_293#0,bo_286#0,burst_278_286#0,原有,286,288,2,0,2024-11-08,3.124190890735012,-0.28908487316880577,6,0,6,0,6,0,6,0.16855036094016668
MYSE,wide,tb_288_293#0,bo_286#0,burst_278_286#0,原有,286,288,2,0,2024-11-08,3.124190890735012,-0.28908487316880577,6,0,6,0,6,0,6,0.16855036094016668
MYSE,causal,tb_288_293#0,bo_286#0,burst_278_286#0,原有,286,288,2,0,2024-11-08,3.124190890735012,-0.28908487316880577,6,0,6,0,6,0,6,0.16855036094016668
NPCE,cur,tb_295_298#1,bo_292#0,burst_286_292#0,原有,292,295,3,0,2024-11-19,0.5567129520655114,-0.036963217974596174,4,0,4,0,3,0,4,0.09202983670203399
NPCE,cur,tb_301_303#0,bo_299#0,burst_286_299#0,原有,299,301,2,0,2024-11-27,0.4126568069545893,-0.07256413294662327,2,0,1,0,0,0,3,0.09202983670203399
NPCE,wide,tb_295_298#0,bo_291#0,burst_286_292#0,新增,292,295,3,0,2024-11-19,0.5567129520655114,-0.036963217974596174,4,0,4,0,3,0,4,0.09202983670203399
NPCE,wide,tb_295_298#1,bo_292#0,burst_286_292#0,原有,292,295,3,0,2024-11-19,0.5567129520655114,-0.036963217974596174,4,0,4,0,3,0,4,0.09202983670203399
NPCE,wide,tb_301_303#0,bo_299#0,burst_286_299#0,原有,299,301,2,0,2024-11-27,0.4126568069545893,-0.07256413294662327,2,0,1,0,0,0,3,0.09202983670203399
NPCE,causal,tb_295_298#0,bo_291#0,burst_286_292#0,新增,292,295,3,0,2024-11-19,0.5567129520655114,-0.036963217974596174,4,0,4,0,3,0,4,0.09202983670203399
NPCE,causal,tb_295_298#1,bo_292#0,burst_286_292#0,原有,292,295,3,0,2024-11-19,0.5567129520655114,-0.036963217974596174,4,0,4,0,3,0,4,0.09202983670203399
NPCE,causal,tb_301_303#0,bo_299#0,burst_286_299#0,原有,299,301,2,0,2024-11-27,0.4126568069545893,-0.07256413294662327,2,0,1,0,0,0,3,0.09202983670203399
NVX,cur,tb_109#0,bo_107#0,burst_104_107#0,原有,107,109,2,0,2024-02-26,0.3025209057020506,-0.1941176930218692,0,0,0,0,0,0,1,0.09024364299314916
NVX,cur,tb_116_118#0,bo_113#0,burst_104_113#0,原有,113,116,3,0,2024-03-06,0.2068524100551674,-0.2533087183939206,0,1,0,0,0,0,3,0.08929264616524762
NVX,cur,tb_273_280#0,bo_266#0,burst_258_266#0,原有,266,273,7,0,2024-10-18,0.30288595882247515,-0.2811119990631411,6,2,0,7,0,2,8,0.07313043461512408
NVX,cur,tb_273_280#1,bo_267#0,burst_258_267#0,原有,267,273,6,0,2024-10-18,0.30288595882247515,-0.2811119990631411,6,2,0,7,0,2,8,0.07313043461512408
NVX,wide,tb_109#0,bo_107#0,burst_104_107#0,原有,107,109,2,0,2024-02-26,0.3025209057020506,-0.1941176930218692,0,0,0,0,0,0,1,0.09024364299314916
NVX,wide,tb_116_118#0,bo_113#0,burst_104_113#0,原有,113,116,3,0,2024-03-06,0.2068524100551674,-0.2533087183939206,0,1,0,0,0,0,3,0.08929264616524762
NVX,wide,tb_273_280#0,bo_266#0,burst_258_266#0,原有,266,273,7,0,2024-10-18,0.30288595882247515,-0.2811119990631411,6,2,0,7,0,2,8,0.07313043461512408
NVX,wide,tb_273_280#1,bo_267#0,burst_258_267#0,原有,267,273,6,0,2024-10-18,0.30288595882247515,-0.2811119990631411,6,2,0,7,0,2,8,0.07313043461512408
NVX,causal,tb_109#0,bo_107#0,burst_104_107#0,原有,107,109,2,0,2024-02-26,0.3025209057020506,-0.1941176930218692,0,0,0,0,0,0,1,0.09024364299314916
NVX,causal,tb_116_118#0,bo_113#0,burst_104_113#0,原有,113,116,3,0,2024-03-06,0.2068524100551674,-0.2533087183939206,0,1,0,0,0,0,3,0.08929264616524762
NVX,causal,tb_273_280#0,bo_266#0,burst_258_266#0,原有,266,273,7,0,2024-10-18,0.30288595882247515,-0.2811119990631411,6,2,0,7,0,2,8,0.07313043461512408
NVX,causal,tb_273_280#1,bo_267#0,burst_258_267#0,原有,267,273,6,0,2024-10-18,0.30288595882247515,-0.2811119990631411,6,2,0,7,0,2,8,0.07313043461512408
NTRP,cur,tb_310_313#1,bo_307#0,burst_302_307#0,原有,307,310,3,0,2024-12-11,0.9197999912730694,-0.11915057069983936,4,0,3,0,2,0,4,0.14428615666484623
NTRP,wide,tb_310_313#0,bo_306#0,burst_302_307#0,新增,307,310,3,0,2024-12-11,0.9197999912730694,-0.11915057069983936,4,0,3,0,2,0,4,0.14428615666484623
NTRP,wide,tb_310_313#1,bo_307#0,burst_302_307#0,原有,307,310,3,0,2024-12-11,0.9197999912730694,-0.11915057069983936,4,0,3,0,2,0,4,0.14428615666484623
NTRP,causal,tb_310_313#0,bo_306#0,burst_302_307#0,新增,307,310,3,0,2024-12-11,0.9197999912730694,-0.11915057069983936,4,0,3,0,2,0,4,0.14428615666484623
NTRP,causal,tb_310_313#1,bo_307#0,burst_302_307#0,原有,307,310,3,0,2024-12-11,0.9197999912730694,-0.11915057069983936,4,0,3,0,2,0,4,0.14428615666484623
NRGV,cur,tb_279#0,bo_273#0,burst_270_273#0,原有,273,279,6,0,2024-10-28,0.3313953045125013,-0.19186048687568125,0,0,0,0,0,0,1,0.087556242997335
NRGV,wide,tb_279#0,bo_273#0,burst_270_273#0,原有,273,279,6,0,2024-10-28,0.3313953045125013,-0.19186048687568125,0,0,0,0,0,0,1,0.087556242997335
NRGV,causal,tb_279#0,bo_273#0,burst_270_273#0,原有,273,279,6,0,2024-10-28,0.3313953045125013,-0.19186048687568125,0,0,0,0,0,0,1,0.087556242997335
NTPIF,cur,tb_323#0,bo_321#0,burst_313_321#0,原有,321,323,2,0,2024-12-31,0.34736844112998555,0.05263157894736836,1,0,0,0,0,0,1,0.08058826596129175
NTPIF,wide,tb_315#0,bo_313#0,burst_313_321#0,新增,321,315,-6,1,2024-12-18,0.7714285169328963,0.0,1,0,1,0,1,0,1,0.033222926478078195
NTPIF,wide,tb_323#0,bo_321#0,burst_313_321#0,原有,321,323,2,0,2024-12-31,0.34736844112998555,0.05263157894736836,1,0,0,0,0,0,1,0.08058826596129175
NTPIF,causal,tb_323#0,bo_321#0,burst_313_321#0,原有,321,323,2,0,2024-12-31,0.34736844112998555,0.05263157894736836,1,0,0,0,0,0,1,0.08058826596129175
NTRB,cur,tb_137_138#1,bo_131#0,burst_129_131#0,原有,131,137,6,0,2024-04-05,0.5143740932456288,-0.28207449324488953,1,1,1,0,0,0,2,0.09971652707786743
NTRB,wide,tb_137_138#0,bo_129#0,burst_129_131#0,新增,131,137,6,0,2024-04-05,0.5143740932456288,-0.28207449324488953,1,1,1,0,0,0,2,0.09971652707786743
NTRB,wide,tb_137_138#1,bo_131#0,burst_129_131#0,原有,131,137,6,0,2024-04-05,0.5143740932456288,-0.28207449324488953,1,1,1,0,0,0,2,0.09971652707786743
NTRB,causal,tb_137_138#0,bo_129#0,burst_129_131#0,新增,131,137,6,0,2024-04-05,0.5143740932456288,-0.28207449324488953,1,1,1,0,0,0,2,0.09971652707786743
NTRB,causal,tb_137_138#1,bo_131#0,burst_129_131#0,原有,131,137,6,0,2024-04-05,0.5143740932456288,-0.28207449324488953,1,1,1,0,0,0,2,0.09971652707786743
NXGL,cur,tb_216_217#2,bo_214#0,burst_210_214#0,原有,214,216,2,0,2024-07-30,-0.0015424380763301992,-0.2858954350037701,0,2,0,0,0,0,2,0.09157958936517784
NXGL,cur,tb_221_229#0,bo_216#0,burst_210_216#0,原有,216,221,5,0,2024-08-06,0.10815815794396319,-0.12615511374837507,0,0,0,0,0,0,9,0.10397545811926467
NXGL,wide,tb_216_217#0,bo_210#0,burst_210_214#0,新增,214,216,2,0,2024-07-30,-0.0015424380763301992,-0.2858954350037701,0,2,0,0,0,0,2,0.09157958936517784
NXGL,wide,tb_216_217#1,bo_211#0,burst_210_214#0,新增,214,216,2,0,2024-07-30,-0.0015424380763301992,-0.2858954350037701,0,2,0,0,0,0,2,0.09157958936517784
NXGL,wide,tb_216_217#2,bo_214#0,burst_210_214#0,原有,214,216,2,0,2024-07-30,-0.0015424380763301992,-0.2858954350037701,0,2,0,0,0,0,2,0.09157958936517784
NXGL,wide,tb_221_229#0,bo_216#0,burst_210_216#0,原有,216,221,5,0,2024-08-06,0.10815815794396319,-0.12615511374837507,0,0,0,0,0,0,9,0.10397545811926467
NXGL,causal,tb_216_217#0,bo_210#0,burst_210_214#0,新增,214,216,2,0,2024-07-30,-0.0015424380763301992,-0.2858954350037701,0,2,0,0,0,0,2,0.09157958936517784
NXGL,causal,tb_216_217#1,bo_211#0,burst_210_214#0,新增,214,216,2,0,2024-07-30,-0.0015424380763301992,-0.2858954350037701,0,2,0,0,0,0,2,0.09157958936517784
NXGL,causal,tb_216_217#2,bo_214#0,burst_210_214#0,原有,214,216,2,0,2024-07-30,-0.0015424380763301992,-0.2858954350037701,0,2,0,0,0,0,2,0.09157958936517784
NXGL,causal,tb_221_229#0,bo_216#0,burst_210_216#0,原有,216,221,5,0,2024-08-06,0.10815815794396319,-0.12615511374837507,0,0,0,0,0,0,9,0.10397545811926467
OMEX,cur,tb_181_183#1,bo_178#0,burst_173_178#0,原有,178,181,3,0,2024-06-07,0.09117126466070287,-0.3091215402265493,0,3,0,3,0,3,3,0.04912202454896074
OMEX,wide,tb_175_177#0,bo_173#0,burst_173_178#0,新增,178,175,-3,2,2024-05-30,0.14326609525782774,-0.17502580383893884,0,2,0,2,0,0,3,0.047541100753260665
OMEX,wide,tb_181_183#0,bo_176#0,burst_173_178#0,新增,178,181,3,0,2024-06-07,0.09117126466070287,-0.3091215402265493,0,3,0,3,0,3,3,0.04912202454896074
OMEX,wide,tb_181_183#1,bo_178#0,burst_173_178#0,原有,178,181,3,0,2024-06-07,0.09117126466070287,-0.3091215402265493,0,3,0,3,0,3,3,0.04912202454896074
OMEX,causal,tb_181_183#0,bo_176#0,burst_173_178#0,新增,178,181,3,0,2024-06-07,0.09117126466070287,-0.3091215402265493,0,3,0,3,0,3,3,0.04912202454896074
OMEX,causal,tb_181_183#1,bo_178#0,burst_173_178#0,原有,178,181,3,0,2024-06-07,0.09117126466070287,-0.3091215402265493,0,3,0,3,0,3,3,0.04912202454896074
NVAX,cur,tb_172_173#0,bo_162#0,burst_162#0,原有,162,172,10,0,2024-05-24,0.5383630030448523,-0.24693713808038925,2,0,1,0,0,0,2,0.10558004431738224
NVAX,wide,tb_172_173#0,bo_162#0,burst_162#0,原有,162,172,10,0,2024-05-24,0.5383630030448523,-0.24693713808038925,2,0,1,0,0,0,2,0.10558004431738224
NVAX,causal,tb_172_173#0,bo_162#0,burst_162#0,原有,162,172,10,0,2024-05-24,0.5383630030448523,-0.24693713808038925,2,0,1,0,0,0,2,0.10558004431738224
NVCR,cur,tb_307_309#1,bo_303#0,burst_299_303#0,原有,303,307,4,0,2024-12-06,0.18677716846621117,-0.22961330374276845,0,2,0,1,0,0,3,0.0680248630622828
NVCR,wide,tb_307_309#0,bo_301#0,burst_299_303#0,新增,303,307,4,0,2024-12-06,0.18677716846621117,-0.22961330374276845,0,2,0,1,0,0,3,0.0680248630622828
NVCR,wide,tb_307_309#1,bo_303#0,burst_299_303#0,原有,303,307,4,0,2024-12-06,0.18677716846621117,-0.22961330374276845,0,2,0,1,0,0,3,0.0680248630622828
NVCR,causal,tb_307_309#0,bo_301#0,burst_299_303#0,新增,303,307,4,0,2024-12-06,0.18677716846621117,-0.22961330374276845,0,2,0,1,0,0,3,0.0680248630622828
NVCR,causal,tb_307_309#1,bo_303#0,burst_299_303#0,原有,303,307,4,0,2024-12-06,0.18677716846621117,-0.22961330374276845,0,2,0,1,0,0,3,0.0680248630622828
NVCT,cur,tb_280_281#2,bo_276#0,burst_273_276#0,原有,276,280,4,0,2024-10-29,0.49746438828759265,-0.43654729981250534,0,2,0,2,2,0,2,0.059774623747575764
NVCT,wide,tb_275#0,bo_273#0,burst_273_276#0,新增,276,275,-1,2,2024-10-22,0.4622057790538605,-0.44485747354528615,0,1,0,1,0,1,1,0.052359684988712706
NVCT,wide,tb_280_281#0,bo_274#0,burst_273_276#0,新增,276,280,4,0,2024-10-29,0.49746438828759265,-0.43654729981250534,0,2,0,2,2,0,2,0.059774623747575764
NVCT,wide,tb_280_281#1,bo_275#0,burst_273_276#0,新增,276,280,4,0,2024-10-29,0.49746438828759265,-0.43654729981250534,0,2,0,2,2,0,2,0.059774623747575764
NVCT,wide,tb_280_281#2,bo_276#0,burst_273_276#0,原有,276,280,4,0,2024-10-29,0.49746438828759265,-0.43654729981250534,0,2,0,2,2,0,2,0.059774623747575764
NVCT,causal,tb_280_281#0,bo_274#0,burst_273_276#0,新增,276,280,4,0,2024-10-29,0.49746438828759265,-0.43654729981250534,0,2,0,2,2,0,2,0.059774623747575764
NVCT,causal,tb_280_281#1,bo_275#0,burst_273_276#0,新增,276,280,4,0,2024-10-29,0.49746438828759265,-0.43654729981250534,0,2,0,2,2,0,2,0.059774623747575764
NVCT,causal,tb_280_281#2,bo_276#0,burst_273_276#0,原有,276,280,4,0,2024-10-29,0.49746438828759265,-0.43654729981250534,0,2,0,2,2,0,2,0.059774623747575764
ORKA,cur,tb_241#0,bo_238#0,burst_232_238#0,原有,238,241,3,0,2024-09-04,0.11218290158360356,-0.1957841938923821,0,0,0,0,0,0,1,0.09744859186418336
ORKA,wide,tb_234#0,bo_232#0,burst_232_238#0,新增,238,234,-4,2,2024-08-23,0.22913766367067323,-0.19951921137474882,0,0,0,0,0,0,1,0.0799283044715354
ORKA,wide,tb_241#0,bo_238#0,burst_232_238#0,原有,238,241,3,0,2024-09-04,0.11218290158360356,-0.1957841938923821,0,0,0,0,0,0,1,0.09744859186418336
ORKA,causal,tb_241#0,bo_238#0,burst_232_238#0,原有,238,241,3,0,2024-09-04,0.11218290158360356,-0.1957841938923821,0,0,0,0,0,0,1,0.09744859186418336
PAY,cur,tb_273#0,bo_271#0,burst_271#0,原有,271,273,2,0,2024-10-18,0.4617116936511636,-0.107732695106591,1,0,1,0,1,0,1,0.038323325968981456
PAY,wide,tb_273#0,bo_271#0,burst_271#0,原有,271,273,2,0,2024-10-18,0.4617116936511636,-0.107732695106591,1,0,1,0,1,0,1,0.038323325968981456
PAY,causal,tb_273#0,bo_271#0,burst_271#0,原有,271,273,2,0,2024-10-18,0.4617116936511636,-0.107732695106591,1,0,1,0,1,0,1,0.038323325968981456
ONCY,cur,tb_266#1,bo_264#0,burst_263_264#0,原有,264,266,2,0,2024-10-09,0.04580157603787627,-0.34351141078649383,0,1,0,1,0,1,1,0.052357469535637656
ONCY,wide,tb_266#0,bo_263#0,burst_263_264#0,新增,264,266,2,0,2024-10-09,0.04580157603787627,-0.34351141078649383,0,1,0,1,0,1,1,0.052357469535637656
ONCY,wide,tb_266#1,bo_264#0,burst_263_264#0,原有,264,266,2,0,2024-10-09,0.04580157603787627,-0.34351141078649383,0,1,0,1,0,1,1,0.052357469535637656
ONCY,causal,tb_266#0,bo_263#0,burst_263_264#0,新增,264,266,2,0,2024-10-09,0.04580157603787627,-0.34351141078649383,0,1,0,1,0,1,1,0.052357469535637656
ONCY,causal,tb_266#1,bo_264#0,burst_263_264#0,原有,264,266,2,0,2024-10-09,0.04580157603787627,-0.34351141078649383,0,1,0,1,0,1,1,0.052357469535637656
ONDS,cur,tb_322#0,bo_318#0,burst_312_318#0,原有,318,322,4,0,2024-12-30,0.21863804367554973,-0.6716845802482767,0,1,0,1,0,1,1,0.2280536693455388
ONDS,cur,tb_322#1,bo_319#0,burst_312_319#0,原有,319,322,3,0,2024-12-30,0.21863804367554973,-0.6716845802482767,0,1,0,1,0,1,1,0.2280536693455388
ONDS,wide,tb_322#0,bo_318#0,burst_312_318#0,原有,318,322,4,0,2024-12-30,0.21863804367554973,-0.6716845802482767,0,1,0,1,0,1,1,0.2280536693455388
ONDS,wide,tb_322#1,bo_319#0,burst_312_319#0,原有,319,322,3,0,2024-12-30,0.21863804367554973,-0.6716845802482767,0,1,0,1,0,1,1,0.2280536693455388
ONDS,causal,tb_322#0,bo_318#0,burst_312_318#0,原有,318,322,4,0,2024-12-30,0.21863804367554973,-0.6716845802482767,0,1,0,1,0,1,1,0.2280536693455388
ONDS,causal,tb_322#1,bo_319#0,burst_312_319#0,原有,319,322,3,0,2024-12-30,0.21863804367554973,-0.6716845802482767,0,1,0,1,0,1,1,0.2280536693455388
OUST,cur,tb_141#1,bo_133#0,burst_131_133#0,原有,133,141,8,0,2024-04-11,0.6670588325051701,-0.19411765827852134,1,0,1,0,1,0,1,0.08493887366455669
OUST,wide,tb_141#0,bo_131#0,burst_131_133#0,新增,133,141,8,0,2024-04-11,0.6670588325051701,-0.19411765827852134,1,0,1,0,1,0,1,0.08493887366455669
OUST,wide,tb_141#1,bo_133#0,burst_131_133#0,原有,133,141,8,0,2024-04-11,0.6670588325051701,-0.19411765827852134,1,0,1,0,1,0,1,0.08493887366455669
OUST,causal,tb_141#0,bo_131#0,burst_131_133#0,新增,133,141,8,0,2024-04-11,0.6670588325051701,-0.19411765827852134,1,0,1,0,1,0,1,0.08493887366455669
OUST,causal,tb_141#1,bo_133#0,burst_131_133#0,原有,133,141,8,0,2024-04-11,0.6670588325051701,-0.19411765827852134,1,0,1,0,1,0,1,0.08493887366455669
OXBR,cur,tb_169#0,bo_167#0,burst_159_167#0,原有,167,169,2,0,2024-05-21,0.5117370214111066,-0.07981223810336124,1,0,1,0,0,0,1,0.08716243062655873
OXBR,wide,tb_162_164#0,bo_159#0,burst_159_167#0,新增,167,162,-5,1,2024-05-10,1.1120064251151733,0.013500646339106082,3,0,3,0,3,0,3,0.0675173052505605
OXBR,wide,tb_162_164#1,bo_160#0,burst_159_167#0,新增,167,162,-5,1,2024-05-10,1.1120064251151733,0.013500646339106082,3,0,3,0,3,0,3,0.0675173052505605
OXBR,wide,tb_169#0,bo_167#0,burst_159_167#0,原有,167,169,2,0,2024-05-21,0.5117370214111066,-0.07981223810336124,1,0,1,0,0,0,1,0.08716243062655873
OXBR,causal,tb_169#0,bo_167#0,burst_159_167#0,原有,167,169,2,0,2024-05-21,0.5117370214111066,-0.07981223810336124,1,0,1,0,0,0,1,0.08716243062655873
OPRA,cur,tb_120_122#0,bo_117#0,burst_113_117#0,原有,117,120,3,0,2024-03-12,0.04304264746816785,-0.23956624946029337,0,2,0,0,0,0,3,0.06971322998770205
OPRA,cur,tb_286_293#2,bo_280#0,burst_278_280#0,原有,280,286,6,0,2024-11-06,0.1414885939419552,-0.03775779544464265,1,0,1,0,0,0,8,0.03450801169489166
OPRA,wide,tb_120_122#0,bo_117#0,burst_113_117#0,原有,117,120,3,0,2024-03-12,0.04304264746816785,-0.23956624946029337,0,2,0,0,0,0,3,0.06971322998770205
OPRA,wide,tb_286_293#0,bo_278#0,burst_278_280#0,新增,280,286,6,0,2024-11-06,0.1414885939419552,-0.03775779544464265,1,0,1,0,0,0,8,0.03450801169489166
OPRA,wide,tb_286_293#1,bo_279#0,burst_278_280#0,新增,280,286,6,0,2024-11-06,0.1414885939419552,-0.03775779544464265,1,0,1,0,0,0,8,0.03450801169489166
OPRA,wide,tb_286_293#2,bo_280#0,burst_278_280#0,原有,280,286,6,0,2024-11-06,0.1414885939419552,-0.03775779544464265,1,0,1,0,0,0,8,0.03450801169489166
OPRA,causal,tb_120_122#0,bo_117#0,burst_113_117#0,原有,117,120,3,0,2024-03-12,0.04304264746816785,-0.23956624946029337,0,2,0,0,0,0,3,0.06971322998770205
OPRA,causal,tb_286_293#0,bo_278#0,burst_278_280#0,新增,280,286,6,0,2024-11-06,0.1414885939419552,-0.03775779544464265,1,0,1,0,0,0,8,0.03450801169489166
OPRA,causal,tb_286_293#1,bo_279#0,burst_278_280#0,新增,280,286,6,0,2024-11-06,0.1414885939419552,-0.03775779544464265,1,0,1,0,0,0,8,0.03450801169489166
OPRA,causal,tb_286_293#2,bo_280#0,burst_278_280#0,原有,280,286,6,0,2024-11-06,0.1414885939419552,-0.03775779544464265,1,0,1,0,0,0,8,0.03450801169489166
OKLO,cur,tb_278#0,bo_270#0,burst_263_270#0,原有,270,278,8,0,2024-10-25,0.47148089697083906,-0.10308744938689374,0,0,0,0,0,0,1,0.12001393120227646
OKLO,cur,tb_278#1,bo_271#0,burst_263_271#0,原有,271,278,7,0,2024-10-25,0.47148089697083906,-0.10308744938689374,0,0,0,0,0,0,1,0.12001393120227646
OKLO,cur,tb_278#2,bo_274#0,burst_263_274#0,原有,274,278,4,0,2024-10-25,0.47148089697083906,-0.10308744938689374,0,0,0,0,0,0,1,0.12001393120227646
OKLO,wide,tb_278#0,bo_270#0,burst_263_270#0,原有,270,278,8,0,2024-10-25,0.47148089697083906,-0.10308744938689374,0,0,0,0,0,0,1,0.12001393120227646
OKLO,wide,tb_278#1,bo_271#0,burst_263_271#0,原有,271,278,7,0,2024-10-25,0.47148089697083906,-0.10308744938689374,0,0,0,0,0,0,1,0.12001393120227646
OKLO,wide,tb_278#2,bo_274#0,burst_263_274#0,原有,274,278,4,0,2024-10-25,0.47148089697083906,-0.10308744938689374,0,0,0,0,0,0,1,0.12001393120227646
OKLO,causal,tb_278#0,bo_270#0,burst_263_270#0,原有,270,278,8,0,2024-10-25,0.47148089697083906,-0.10308744938689374,0,0,0,0,0,0,1,0.12001393120227646
OKLO,causal,tb_278#1,bo_271#0,burst_263_271#0,原有,271,278,7,0,2024-10-25,0.47148089697083906,-0.10308744938689374,0,0,0,0,0,0,1,0.12001393120227646
OKLO,causal,tb_278#2,bo_274#0,burst_263_274#0,原有,274,278,4,0,2024-10-25,0.47148089697083906,-0.10308744938689374,0,0,0,0,0,0,1,0.12001393120227646
OSTX,cur,tb_99#0,bo_96#0,burst_92_96#0,原有,96,99,3,0,2024-12-20,0.7632241686533381,-0.5717884041731779,1,0,0,1,0,1,1,0.1551734959667369
OSTX,wide,tb_99#0,bo_96#0,burst_92_96#0,原有,96,99,3,0,2024-12-20,0.7632241686533381,-0.5717884041731779,1,0,0,1,0,1,1,0.1551734959667369
OSTX,causal,tb_99#0,bo_96#0,burst_92_96#0,原有,96,99,3,0,2024-12-20,0.7632241686533381,-0.5717884041731779,1,0,0,1,0,1,1,0.1551734959667369
ORBS,cur,tb_127#0,bo_123#0,burst_118_123#0,原有,123,127,4,0,2024-03-21,0.16905067675221686,-0.3302990823086037,0,1,0,1,0,0,1,0.08708382054029891
ORBS,cur,tb_261_262#2,bo_256#0,burst_251_256#0,原有,256,261,5,0,2024-10-02,0.11051061920427652,-0.32000547122158934,0,0,0,0,0,0,2,0.14281882422760744
ORBS,wide,tb_127#0,bo_123#0,burst_118_123#0,原有,123,127,4,0,2024-03-21,0.16905067675221686,-0.3302990823086037,0,1,0,1,0,0,1,0.08708382054029891
ORBS,wide,tb_261_262#2,bo_256#0,burst_251_256#0,原有,256,261,5,0,2024-10-02,0.11051061920427652,-0.32000547122158934,0,0,0,0,0,0,2,0.14281882422760744
ORBS,causal,tb_127#0,bo_123#0,burst_118_123#0,原有,123,127,4,0,2024-03-21,0.16905067675221686,-0.3302990823086037,0,1,0,1,0,0,1,0.08708382054029891
ORBS,causal,tb_261_262#2,bo_256#0,burst_251_256#0,原有,256,261,5,0,2024-10-02,0.11051061920427652,-0.32000547122158934,0,0,0,0,0,0,2,0.14281882422760744
PHAT,cur,tb_110#2,bo_107#0,burst_104_107#0,原有,107,110,3,0,2024-02-27,0.2088670856068835,-0.256157588720372,0,1,0,0,0,0,1,0.07854583311337834
PHAT,wide,tb_110#0,bo_104#0,burst_104_107#0,新增,107,110,3,0,2024-02-27,0.2088670856068835,-0.256157588720372,0,1,0,0,0,0,1,0.07854583311337834
PHAT,wide,tb_110#1,bo_105#0,burst_104_107#0,新增,107,110,3,0,2024-02-27,0.2088670856068835,-0.256157588720372,0,1,0,0,0,0,1,0.07854583311337834
PHAT,wide,tb_110#2,bo_107#0,burst_104_107#0,原有,107,110,3,0,2024-02-27,0.2088670856068835,-0.256157588720372,0,1,0,0,0,0,1,0.07854583311337834
PHAT,causal,tb_110#0,bo_104#0,burst_104_107#0,新增,107,110,3,0,2024-02-27,0.2088670856068835,-0.256157588720372,0,1,0,0,0,0,1,0.07854583311337834
PHAT,causal,tb_110#1,bo_105#0,burst_104_107#0,新增,107,110,3,0,2024-02-27,0.2088670856068835,-0.256157588720372,0,1,0,0,0,0,1,0.07854583311337834
PHAT,causal,tb_110#2,bo_107#0,burst_104_107#0,原有,107,110,3,0,2024-02-27,0.2088670856068835,-0.256157588720372,0,1,0,0,0,0,1,0.07854583311337834
PASG,cur,tb_307_313#0,bo_302#0,burst_300_302#0,原有,302,307,5,0,2024-12-06,0.3130464699344637,-0.31684783610870904,0,0,0,0,0,0,7,0.16332713431908136
PASG,wide,tb_307_313#0,bo_302#0,burst_300_302#0,原有,302,307,5,0,2024-12-06,0.3130464699344637,-0.31684783610870904,0,0,0,0,0,0,7,0.16332713431908136
PASG,causal,tb_307_313#0,bo_302#0,burst_300_302#0,原有,302,307,5,0,2024-12-06,0.3130464699344637,-0.31684783610870904,0,0,0,0,0,0,7,0.16332713431908136
PLSE,cur,tb_180#2,bo_178#0,burst_168_178#0,原有,178,180,2,0,2024-06-06,0.4051563848839377,-0.3331041761165333,0,1,0,0,0,0,1,0.10935089737329466
PLSE,wide,tb_180#0,bo_168#0,burst_168_178#0,新增,178,180,2,0,2024-06-06,0.4051563848839377,-0.3331041761165333,0,1,0,0,0,0,1,0.10935089737329466
PLSE,wide,tb_180#1,bo_170#0,burst_168_178#0,新增,178,180,2,0,2024-06-06,0.4051563848839377,-0.3331041761165333,0,1,0,0,0,0,1,0.10935089737329466
PLSE,wide,tb_180#2,bo_178#0,burst_168_178#0,原有,178,180,2,0,2024-06-06,0.4051563848839377,-0.3331041761165333,0,1,0,0,0,0,1,0.10935089737329466
PLSE,causal,tb_180#0,bo_168#0,burst_168_178#0,新增,178,180,2,0,2024-06-06,0.4051563848839377,-0.3331041761165333,0,1,0,0,0,0,1,0.10935089737329466
PLSE,causal,tb_180#1,bo_170#0,burst_168_178#0,新增,178,180,2,0,2024-06-06,0.4051563848839377,-0.3331041761165333,0,1,0,0,0,0,1,0.10935089737329466
PLSE,causal,tb_180#2,bo_178#0,burst_168_178#0,原有,178,180,2,0,2024-06-06,0.4051563848839377,-0.3331041761165333,0,1,0,0,0,0,1,0.10935089737329466
PLAG,cur,tb_278_280#0,bo_276#0,burst_268_276#0,原有,276,278,2,0,2024-10-25,1.1125427293854462,-0.5024808954788738,0,3,0,3,0,3,3,0.10418358907833951
PLAG,wide,tb_275_280#0,bo_272#0,burst_268_276#0,新增,276,275,-1,1,2024-10-22,1.1173038305759608,-0.501359621685028,0,6,0,6,0,6,6,0.08826255145139074
PLAG,wide,tb_278_280#0,bo_276#0,burst_268_276#0,原有,276,278,2,0,2024-10-25,1.1125427293854462,-0.5024808954788738,0,3,0,3,0,3,3,0.10418358907833951
PLAG,causal,tb_278_280#0,bo_276#0,burst_268_276#0,原有,276,278,2,0,2024-10-25,1.1125427293854462,-0.5024808954788738,0,3,0,3,0,3,3,0.10418358907833951
PLBY,cur,tb_288#1,bo_283#0,burst_274_283#0,原有,283,288,5,0,2024-11-08,0.7610619627735762,-0.245132753258818,1,0,1,0,1,0,1,0.08969697871702995
PLBY,wide,tb_288#0,bo_282#0,burst_274_283#0,新增,283,288,5,0,2024-11-08,0.7610619627735762,-0.245132753258818,1,0,1,0,1,0,1,0.08969697871702995
PLBY,wide,tb_288#1,bo_283#0,burst_274_283#0,原有,283,288,5,0,2024-11-08,0.7610619627735762,-0.245132753258818,1,0,1,0,1,0,1,0.08969697871702995
PLBY,causal,tb_288#0,bo_282#0,burst_274_283#0,新增,283,288,5,0,2024-11-08,0.7610619627735762,-0.245132753258818,1,0,1,0,1,0,1,0.08969697871702995
PLBY,causal,tb_288#1,bo_283#0,burst_274_283#0,原有,283,288,5,0,2024-11-08,0.7610619627735762,-0.245132753258818,1,0,1,0,1,0,1,0.08969697871702995
PLCE,cur,tb_254_259#2,bo_250#0,burst_246_250#0,原有,250,254,4,0,2024-09-23,0.06960624715351166,-0.3754310750893351,0,5,0,2,0,1,6,0.09774063108681737
PLCE,wide,tb_254_259#0,bo_246#0,burst_246_250#0,新增,250,254,4,0,2024-09-23,0.06960624715351166,-0.3754310750893351,0,5,0,2,0,1,6,0.09774063108681737
PLCE,wide,tb_254_259#1,bo_247#0,burst_246_250#0,新增,250,254,4,0,2024-09-23,0.06960624715351166,-0.3754310750893351,0,5,0,2,0,1,6,0.09774063108681737
PLCE,wide,tb_254_259#2,bo_250#0,burst_246_250#0,原有,250,254,4,0,2024-09-23,0.06960624715351166,-0.3754310750893351,0,5,0,2,0,1,6,0.09774063108681737
PLCE,causal,tb_254_259#0,bo_246#0,burst_246_250#0,新增,250,254,4,0,2024-09-23,0.06960624715351166,-0.3754310750893351,0,5,0,2,0,1,6,0.09774063108681737
PLCE,causal,tb_254_259#1,bo_247#0,burst_246_250#0,新增,250,254,4,0,2024-09-23,0.06960624715351166,-0.3754310750893351,0,5,0,2,0,1,6,0.09774063108681737
PLCE,causal,tb_254_259#2,bo_250#0,burst_246_250#0,原有,250,254,4,0,2024-09-23,0.06960624715351166,-0.3754310750893351,0,5,0,2,0,1,6,0.09774063108681737
POET,cur,tb_202#1,bo_199#0,burst_196_199#0,原有,199,202,3,0,2024-07-10,0.2776025530793451,-0.28391169517561143,0,1,0,0,0,0,1,0.08040807290305602
POET,cur,tb_210_211#0,bo_206#0,burst_196_206#0,原有,206,210,4,0,2024-07-22,0.127491447857917,-0.2770040698552585,0,0,0,0,0,0,2,0.15004234024614904
POET,wide,tb_202#0,bo_196#0,burst_196_199#0,新增,199,202,3,0,2024-07-10,0.2776025530793451,-0.28391169517561143,0,1,0,0,0,0,1,0.08040807290305602
POET,wide,tb_202#1,bo_199#0,burst_196_199#0,原有,199,202,3,0,2024-07-10,0.2776025530793451,-0.28391169517561143,0,1,0,0,0,0,1,0.08040807290305602
POET,wide,tb_210_211#0,bo_206#0,burst_196_206#0,原有,206,210,4,0,2024-07-22,0.127491447857917,-0.2770040698552585,0,0,0,0,0,0,2,0.15004234024614904
POET,causal,tb_202#0,bo_196#0,burst_196_199#0,新增,199,202,3,0,2024-07-10,0.2776025530793451,-0.28391169517561143,0,1,0,0,0,0,1,0.08040807290305602
POET,causal,tb_202#1,bo_199#0,burst_196_199#0,原有,199,202,3,0,2024-07-10,0.2776025530793451,-0.28391169517561143,0,1,0,0,0,0,1,0.08040807290305602
POET,causal,tb_210_211#0,bo_206#0,burst_196_206#0,原有,206,210,4,0,2024-07-22,0.127491447857917,-0.2770040698552585,0,0,0,0,0,0,2,0.15004234024614904
PRFX,cur,tb_301_304#0,bo_297#0,burst_295_297#0,原有,297,301,4,0,2024-11-27,4.781758396987574,-0.24903198262943546,4,0,4,0,4,0,4,0.15376896492807468
PRFX,wide,tb_301_304#0,bo_297#0,burst_295_297#0,原有,297,301,4,0,2024-11-27,4.781758396987574,-0.24903198262943546,4,0,4,0,4,0,4,0.15376896492807468
PRFX,causal,tb_301_304#0,bo_297#0,burst_295_297#0,原有,297,301,4,0,2024-11-27,4.781758396987574,-0.24903198262943546,4,0,4,0,4,0,4,0.15376896492807468
PPTA,cur,tb_123#0,bo_121#0,burst_115_121#0,原有,121,123,2,0,2024-03-15,0.7274999618530273,-0.05449998378753662,1,0,1,0,1,0,1,0.05831600069124696
PPTA,wide,tb_119_120#0,bo_117#0,burst_115_121#0,新增,121,119,-2,1,2024-03-11,0.7859589662802936,-0.030640528997817607,2,0,2,0,2,0,2,0.0533017761152289
PPTA,wide,tb_123#0,bo_121#0,burst_115_121#0,原有,121,123,2,0,2024-03-15,0.7274999618530273,-0.05449998378753662,1,0,1,0,1,0,1,0.05831600069124696
PPTA,causal,tb_123#0,bo_121#0,burst_115_121#0,原有,121,123,2,0,2024-03-15,0.7274999618530273,-0.05449998378753662,1,0,1,0,1,0,1,0.05831600069124696
PULM,cur,tb_296_300#0,bo_291#0,burst_291#0,原有,291,296,5,0,2024-11-20,0.3344080346073619,-0.10243104997861507,2,0,1,0,1,0,5,0.059938157030940714
PULM,wide,tb_296_300#0,bo_291#0,burst_291#0,原有,291,296,5,0,2024-11-20,0.3344080346073619,-0.10243104997861507,2,0,1,0,1,0,5,0.059938157030940714
PULM,causal,tb_296_300#0,bo_291#0,burst_291#0,原有,291,296,5,0,2024-11-20,0.3344080346073619,-0.10243104997861507,2,0,1,0,1,0,5,0.059938157030940714
RAVE,cur,tb_275_284#0,bo_269#0,burst_260_269#0,原有,269,275,6,0,2024-10-22,0.16741959560935457,-0.11367745511162905,0,0,0,0,0,0,10,0.06708231340923022
RAVE,wide,tb_265_267#0,bo_260#0,burst_260_269#0,新增,269,265,-4,1,2024-10-08,0.34365414469880523,-0.03758039316702455,3,0,3,0,3,0,3,0.04434486489082606
RAVE,wide,tb_265_267#1,bo_262#0,burst_260_269#0,新增,269,265,-4,1,2024-10-08,0.34365414469880523,-0.03758039316702455,3,0,3,0,3,0,3,0.04434486489082606
RAVE,wide,tb_265_267#2,bo_263#0,burst_260_269#0,新增,269,265,-4,1,2024-10-08,0.34365414469880523,-0.03758039316702455,3,0,3,0,3,0,3,0.04434486489082606
RAVE,wide,tb_275_284#0,bo_269#0,burst_260_269#0,原有,269,275,6,0,2024-10-22,0.16741959560935457,-0.11367745511162905,0,0,0,0,0,0,10,0.06708231340923022
RAVE,causal,tb_275_284#0,bo_269#0,burst_260_269#0,原有,269,275,6,0,2024-10-22,0.16741959560935457,-0.11367745511162905,0,0,0,0,0,0,10,0.06708231340923022
PRLD,cur,tb_213#1,bo_206#0,burst_204_206#0,原有,206,213,7,0,2024-07-25,0.13522545084596804,-0.5993321891363914,0,1,0,1,0,1,1,0.11335659955214303
PRLD,wide,tb_213#0,bo_204#0,burst_204_206#0,新增,206,213,7,0,2024-07-25,0.13522545084596804,-0.5993321891363914,0,1,0,1,0,1,1,0.11335659955214303
PRLD,wide,tb_213#1,bo_206#0,burst_204_206#0,原有,206,213,7,0,2024-07-25,0.13522545084596804,-0.5993321891363914,0,1,0,1,0,1,1,0.11335659955214303
PRLD,causal,tb_213#0,bo_204#0,burst_204_206#0,新增,206,213,7,0,2024-07-25,0.13522545084596804,-0.5993321891363914,0,1,0,1,0,1,1,0.11335659955214303
PRLD,causal,tb_213#1,bo_206#0,burst_204_206#0,原有,206,213,7,0,2024-07-25,0.13522545084596804,-0.5993321891363914,0,1,0,1,0,1,1,0.11335659955214303
RSSS,cur,tb_306_307#0,bo_303#0,burst_295_303#0,原有,303,306,3,0,2024-12-05,0.14810413790890353,-0.038733524800195374,1,0,0,0,0,0,2,0.04252907850869206
RSSS,wide,tb_302#0,bo_299#0,burst_295_303#0,新增,303,302,-1,1,2024-11-29,0.2219019412562735,-0.01152736643320651,1,0,1,0,0,0,1,0.0407722009627861
RSSS,wide,tb_306_307#0,bo_303#0,burst_295_303#0,原有,303,306,3,0,2024-12-05,0.14810413790890353,-0.038733524800195374,1,0,0,0,0,0,2,0.04252907850869206
RSSS,causal,tb_306_307#0,bo_303#0,burst_295_303#0,原有,303,306,3,0,2024-12-05,0.14810413790890353,-0.038733524800195374,1,0,0,0,0,0,2,0.04252907850869206
QS,cur,tb_211#0,bo_203#0,burst_203#0,原有,203,211,8,0,2024-07-23,-0.006211203670828613,-0.3465838379810443,0,1,0,1,0,1,1,0.052554045447246865
QS,cur,tb_211#1,bo_204#0,burst_203_204#0,原有,204,211,7,0,2024-07-23,-0.006211203670828613,-0.3465838379810443,0,1,0,1,0,1,1,0.052554045447246865
QS,wide,tb_211#0,bo_203#0,burst_203#0,原有,203,211,8,0,2024-07-23,-0.006211203670828613,-0.3465838379810443,0,1,0,1,0,1,1,0.052554045447246865
QS,wide,tb_211#1,bo_204#0,burst_203_204#0,原有,204,211,7,0,2024-07-23,-0.006211203670828613,-0.3465838379810443,0,1,0,1,0,1,1,0.052554045447246865
QS,causal,tb_211#0,bo_203#0,burst_203#0,原有,203,211,8,0,2024-07-23,-0.006211203670828613,-0.3465838379810443,0,1,0,1,0,1,1,0.052554045447246865
QS,causal,tb_211#1,bo_204#0,burst_203_204#0,原有,204,211,7,0,2024-07-23,-0.006211203670828613,-0.3465838379810443,0,1,0,1,0,1,1,0.052554045447246865
PSNL,cur,tb_322#2,bo_320#0,burst_316_320#0,原有,320,322,2,0,2024-12-30,0.16917927376500175,-0.34505858907154685,0,1,0,1,0,1,1,0.08456886602602504
PSNL,wide,tb_322#0,bo_316#0,burst_316_320#0,新增,320,322,2,0,2024-12-30,0.16917927376500175,-0.34505858907154685,0,1,0,1,0,1,1,0.08456886602602504
PSNL,wide,tb_322#1,bo_318#0,burst_316_320#0,新增,320,322,2,0,2024-12-30,0.16917927376500175,-0.34505858907154685,0,1,0,1,0,1,1,0.08456886602602504
PSNL,wide,tb_322#2,bo_320#0,burst_316_320#0,原有,320,322,2,0,2024-12-30,0.16917927376500175,-0.34505858907154685,0,1,0,1,0,1,1,0.08456886602602504
PSNL,causal,tb_322#0,bo_316#0,burst_316_320#0,新增,320,322,2,0,2024-12-30,0.16917927376500175,-0.34505858907154685,0,1,0,1,0,1,1,0.08456886602602504
PSNL,causal,tb_322#1,bo_318#0,burst_316_320#0,新增,320,322,2,0,2024-12-30,0.16917927376500175,-0.34505858907154685,0,1,0,1,0,1,1,0.08456886602602504
PSNL,causal,tb_322#2,bo_320#0,burst_316_320#0,原有,320,322,2,0,2024-12-30,0.16917927376500175,-0.34505858907154685,0,1,0,1,0,1,1,0.08456886602602504
REPL,wide,tb_185#0,bo_181#0,burst_181_185#0,新增,185,185,0,1,2024-06-13,0.19661729906732472,-0.22727273643738533,0,0,0,0,0,0,1,0.09491359736809729
RGTI,cur,tb_286_287#0,bo_279#0,burst_271_279#0,原有,279,286,7,0,2024-11-06,15.414510468041833,-0.05877038437823401,2,0,2,0,2,0,2,0.11666669978035689
RGTI,wide,tb_278#0,bo_271#0,burst_271_279#0,新增,279,278,-1,1,2024-10-25,9.4508194270489,-0.1311476082610863,1,0,1,0,1,0,1,0.07504084284348622
RGTI,wide,tb_278#1,bo_273#0,burst_271_279#0,新增,279,278,-1,1,2024-10-25,9.4508194270489,-0.1311476082610863,1,0,1,0,1,0,1,0.07504084284348622
RGTI,wide,tb_286_287#0,bo_279#0,burst_271_279#0,原有,279,286,7,0,2024-11-06,15.414510468041833,-0.05877038437823401,2,0,2,0,2,0,2,0.11666669978035689
RGTI,causal,tb_286_287#0,bo_279#0,burst_271_279#0,原有,279,286,7,0,2024-11-06,15.414510468041833,-0.05877038437823401,2,0,2,0,2,0,2,0.11666669978035689
RCON,cur,tb_225#0,bo_221#0,burst_216_221#0,原有,221,225,4,0,2024-08-12,0.4913793697014166,-0.2241379292626443,1,0,0,0,0,0,1,0.10499097463547136
RCON,wide,tb_225#0,bo_221#0,burst_216_221#0,原有,221,225,4,0,2024-08-12,0.4913793697014166,-0.2241379292626443,1,0,0,0,0,0,1,0.10499097463547136
RCON,causal,tb_225#0,bo_221#0,burst_216_221#0,原有,221,225,4,0,2024-08-12,0.4913793697014166,-0.2241379292626443,1,0,0,0,0,0,1,0.10499097463547136
REAL,cur,tb_293_294#0,bo_291#0,burst_285_291#0,原有,291,293,2,0,2024-11-15,1.8437676891865022,-0.027119886756164835,2,0,2,0,2,0,2,0.05200390763648434
REAL,cur,tb_305_306#0,bo_298#0,burst_285_298#0,原有,298,305,7,0,2024-12-04,0.8541268163642314,-0.00402520251372096,2,0,2,0,2,0,2,0.059957123612539
REAL,wide,tb_288_290#0,bo_285#0,burst_285_291#0,新增,291,288,-3,1,2024-11-08,2.019930404091955,-0.00800216880852996,3,0,3,0,3,0,3,0.054253689416454726
REAL,wide,tb_293_294#0,bo_291#0,burst_285_291#0,原有,291,293,2,0,2024-11-15,1.8437676891865022,-0.027119886756164835,2,0,2,0,2,0,2,0.05200390763648434
REAL,wide,tb_305_306#0,bo_298#0,burst_285_298#0,原有,298,305,7,0,2024-12-04,0.8541268163642314,-0.00402520251372096,2,0,2,0,2,0,2,0.059957123612539
REAL,causal,tb_293_294#0,bo_291#0,burst_285_291#0,原有,291,293,2,0,2024-11-15,1.8437676891865022,-0.027119886756164835,2,0,2,0,2,0,2,0.05200390763648434
REAL,causal,tb_305_306#0,bo_298#0,burst_285_298#0,原有,298,305,7,0,2024-12-04,0.8541268163642314,-0.00402520251372096,2,0,2,0,2,0,2,0.059957123612539
REEAF,cur,tb_254_257#1,bo_250#0,burst_249_250#0,原有,250,254,4,0,2024-09-23,0.4085181617926948,-0.033920199152674135,4,0,1,0,0,0,4,0.08996179735715713
REEAF,cur,tb_260_264#0,bo_257#0,burst_249_257#0,原有,257,260,3,0,2024-10-01,0.15639921217563843,-0.1895996585365488,0,0,0,0,0,0,5,0.09282611979955707
REEAF,cur,tb_260_264#1,bo_258#0,burst_249_258#0,原有,258,260,2,0,2024-10-01,0.15639921217563843,-0.1895996585365488,0,0,0,0,0,0,5,0.09282611979955707
REEAF,wide,tb_254_257#0,bo_249#0,burst_249_250#0,新增,250,254,4,0,2024-09-23,0.4085181617926948,-0.033920199152674135,4,0,1,0,0,0,4,0.08996179735715713
REEAF,wide,tb_254_257#1,bo_250#0,burst_249_250#0,原有,250,254,4,0,2024-09-23,0.4085181617926948,-0.033920199152674135,4,0,1,0,0,0,4,0.08996179735715713
REEAF,wide,tb_260_264#0,bo_257#0,burst_249_257#0,原有,257,260,3,0,2024-10-01,0.15639921217563843,-0.1895996585365488,0,0,0,0,0,0,5,0.09282611979955707
REEAF,wide,tb_260_264#1,bo_258#0,burst_249_258#0,原有,258,260,2,0,2024-10-01,0.15639921217563843,-0.1895996585365488,0,0,0,0,0,0,5,0.09282611979955707
REEAF,causal,tb_254_257#0,bo_249#0,burst_249_250#0,新增,250,254,4,0,2024-09-23,0.4085181617926948,-0.033920199152674135,4,0,1,0,0,0,4,0.08996179735715713
REEAF,causal,tb_254_257#1,bo_250#0,burst_249_250#0,原有,250,254,4,0,2024-09-23,0.4085181617926948,-0.033920199152674135,4,0,1,0,0,0,4,0.08996179735715713
REEAF,causal,tb_260_264#0,bo_257#0,burst_249_257#0,原有,257,260,3,0,2024-10-01,0.15639921217563843,-0.1895996585365488,0,0,0,0,0,0,5,0.09282611979955707
REEAF,causal,tb_260_264#1,bo_258#0,burst_249_258#0,原有,258,260,2,0,2024-10-01,0.15639921217563843,-0.1895996585365488,0,0,0,0,0,0,5,0.09282611979955707
RGBP,wide,tb_174_176#0,bo_171#0,burst_171_177#0,新增,177,174,-3,1,2024-05-29,0.19506175727710526,-0.7411098025051258,0,3,0,3,0,3,3,0.1728951128531156
RGBP,wide,tb_174_176#1,bo_172#0,burst_171_177#0,新增,177,174,-3,1,2024-05-29,0.19506175727710526,-0.7411098025051258,0,3,0,3,0,3,3,0.1728951128531156
SATL,cur,tb_310#0,bo_302#0,burst_296_302#0,原有,302,310,8,0,2024-12-11,0.2864321258850091,-0.3329145832497171,0,0,0,0,0,0,1,0.13175363103950577
SATL,cur,tb_310#1,bo_305#0,burst_296_305#0,原有,305,310,5,0,2024-12-11,0.2864321258850091,-0.3329145832497171,0,0,0,0,0,0,1,0.13175363103950577
SATL,wide,tb_310#0,bo_302#0,burst_296_302#0,原有,302,310,8,0,2024-12-11,0.2864321258850091,-0.3329145832497171,0,0,0,0,0,0,1,0.13175363103950577
SATL,wide,tb_310#1,bo_305#0,burst_296_305#0,原有,305,310,5,0,2024-12-11,0.2864321258850091,-0.3329145832497171,0,0,0,0,0,0,1,0.13175363103950577
SATL,causal,tb_310#0,bo_302#0,burst_296_302#0,原有,302,310,8,0,2024-12-11,0.2864321258850091,-0.3329145832497171,0,0,0,0,0,0,1,0.13175363103950577
SATL,causal,tb_310#1,bo_305#0,burst_296_305#0,原有,305,310,5,0,2024-12-11,0.2864321258850091,-0.3329145832497171,0,0,0,0,0,0,1,0.13175363103950577
RVLV,cur,tb_226_227#0,bo_222#0,burst_215_222#0,原有,222,226,4,0,2024-08-13,0.17845484283404733,-0.0659634553951009,1,0,0,0,0,0,2,0.04554014457166644
RVLV,cur,tb_234_237#0,bo_228#0,burst_215_228#0,原有,228,234,6,0,2024-08-23,0.13501745943717108,-0.11985173710578612,0,0,0,0,0,0,4,0.04554014457166644
RVLV,wide,tb_226_227#0,bo_222#0,burst_215_222#0,原有,222,226,4,0,2024-08-13,0.17845484283404733,-0.0659634553951009,1,0,0,0,0,0,2,0.04554014457166644
RVLV,wide,tb_234_237#0,bo_228#0,burst_215_228#0,原有,228,234,6,0,2024-08-23,0.13501745943717108,-0.11985173710578612,0,0,0,0,0,0,4,0.04554014457166644
RVLV,causal,tb_226_227#0,bo_222#0,burst_215_222#0,原有,222,226,4,0,2024-08-13,0.17845484283404733,-0.0659634553951009,1,0,0,0,0,0,2,0.04554014457166644
RVLV,causal,tb_234_237#0,bo_228#0,burst_215_228#0,原有,228,234,6,0,2024-08-23,0.13501745943717108,-0.11985173710578612,0,0,0,0,0,0,4,0.04554014457166644
RKDA,cur,tb_284#0,bo_277#0,burst_273_277#0,原有,277,284,7,0,2024-11-04,1.6334611800958547,-0.34355045765405856,0,1,1,0,1,0,1,0.12124323879854992
RKDA,wide,tb_284#0,bo_277#0,burst_273_277#0,原有,277,284,7,0,2024-11-04,1.6334611800958547,-0.34355045765405856,0,1,1,0,1,0,1,0.12124323879854992
RKDA,causal,tb_284#0,bo_277#0,burst_273_277#0,原有,277,284,7,0,2024-11-04,1.6334611800958547,-0.34355045765405856,0,1,1,0,1,0,1,0.12124323879854992
RILYP,cur,tb_155#1,bo_153#0,burst_149_153#0,原有,153,155,2,0,2024-05-01,0.06441558772935174,-0.11688311425756415,0,1,0,0,0,0,1,0.02866836827975077
RILYP,cur,tb_160#0,bo_156#0,burst_149_156#0,原有,156,160,4,0,2024-05-08,0.01861177752466414,-0.14486919994451675,0,1,0,1,0,0,1,0.031642681797175026
RILYP,wide,tb_152#0,bo_149#0,burst_149_153#0,新增,153,152,-1,2,2024-04-26,0.12644309522344188,-0.0654205653433757,1,0,1,0,0,0,1,0.02471767170830998
RILYP,wide,tb_152#1,bo_150#0,burst_149_153#0,新增,153,152,-1,2,2024-04-26,0.12644309522344188,-0.0654205653433757,1,0,1,0,0,0,1,0.02471767170830998
RILYP,wide,tb_155#0,bo_152#0,burst_149_153#0,新增,153,155,2,0,2024-05-01,0.06441558772935174,-0.11688311425756415,0,1,0,0,0,0,1,0.02866836827975077
RILYP,wide,tb_155#1,bo_153#0,burst_149_153#0,原有,153,155,2,0,2024-05-01,0.06441558772935174,-0.11688311425756415,0,1,0,0,0,0,1,0.02866836827975077
RILYP,wide,tb_160#0,bo_156#0,burst_149_156#0,原有,156,160,4,0,2024-05-08,0.01861177752466414,-0.14486919994451675,0,1,0,1,0,0,1,0.031642681797175026
RILYP,causal,tb_155#0,bo_152#0,burst_149_153#0,新增,153,155,2,0,2024-05-01,0.06441558772935174,-0.11688311425756415,0,1,0,0,0,0,1,0.02866836827975077
RILYP,causal,tb_155#1,bo_153#0,burst_149_153#0,原有,153,155,2,0,2024-05-01,0.06441558772935174,-0.11688311425756415,0,1,0,0,0,0,1,0.02866836827975077
RILYP,causal,tb_160#0,bo_156#0,burst_149_156#0,原有,156,160,4,0,2024-05-08,0.01861177752466414,-0.14486919994451675,0,1,0,1,0,0,1,0.031642681797175026
ROMA,cur,tb_189_194#0,bo_187#0,burst_180_187#0,原有,187,189,2,0,2024-10-09,0.187465729218675,-0.34265289763983825,0,6,0,6,0,6,6,0.07481678598279004
ROMA,wide,tb_186#0,bo_183#0,burst_180_187#0,新增,187,186,-1,1,2024-10-04,0.3510253436937567,-0.2521109678874043,1,0,1,0,0,0,1,0.06760205327640506
ROMA,wide,tb_189_194#0,bo_187#0,burst_180_187#0,原有,187,189,2,0,2024-10-09,0.187465729218675,-0.34265289763983825,0,6,0,6,0,6,6,0.07481678598279004
ROMA,causal,tb_189_194#0,bo_187#0,burst_180_187#0,原有,187,189,2,0,2024-10-09,0.187465729218675,-0.34265289763983825,0,6,0,6,0,6,6,0.07481678598279004
RPID,cur,tb_283_286#0,bo_279#0,burst_279#0,原有,279,283,4,0,2024-11-01,0.2159297440322484,-0.21055309197356153,3,1,2,1,0,1,4,0.0427904939705894
RPID,cur,tb_289#0,bo_287#0,burst_279_287#0,原有,287,289,2,0,2024-11-11,0.023622025071121877,-0.3149606158783772,0,1,0,1,0,1,1,0.06481486080605124
RPID,wide,tb_283_286#0,bo_279#0,burst_279#0,原有,279,283,4,0,2024-11-01,0.2159297440322484,-0.21055309197356153,3,1,2,1,0,1,4,0.0427904939705894
RPID,wide,tb_289#0,bo_287#0,burst_279_287#0,原有,287,289,2,0,2024-11-11,0.023622025071121877,-0.3149606158783772,0,1,0,1,0,1,1,0.06481486080605124
RPID,causal,tb_283_286#0,bo_279#0,burst_279#0,原有,279,283,4,0,2024-11-01,0.2159297440322484,-0.21055309197356153,3,1,2,1,0,1,4,0.0427904939705894
RPID,causal,tb_289#0,bo_287#0,burst_279_287#0,原有,287,289,2,0,2024-11-11,0.023622025071121877,-0.3149606158783772,0,1,0,1,0,1,1,0.06481486080605124
RNXT,cur,tb_302#0,bo_300#0,burst_296_300#0,原有,300,302,2,0,2024-11-29,0.33070872645804217,-0.1338582359352748,0,0,0,0,0,0,1,0.10393687517034197
RNXT,wide,tb_300_302#0,bo_296#0,burst_296_300#0,新增,300,300,0,1,2024-11-26,0.3048752370398209,-0.15067293298487075,0,0,0,0,0,0,3,0.09941524211381755
RNXT,wide,tb_300_302#1,bo_298#0,burst_296_300#0,新增,300,300,0,1,2024-11-26,0.3048752370398209,-0.15067293298487075,0,0,0,0,0,0,3,0.09941524211381755
RNXT,wide,tb_302#0,bo_300#0,burst_296_300#0,原有,300,302,2,0,2024-11-29,0.33070872645804217,-0.1338582359352748,0,0,0,0,0,0,1,0.10393687517034197
RNXT,causal,tb_302#0,bo_300#0,burst_296_300#0,原有,300,302,2,0,2024-11-29,0.33070872645804217,-0.1338582359352748,0,0,0,0,0,0,1,0.10393687517034197
SGMOQ,cur,tb_223_230#0,bo_221#0,burst_213_221#0,原有,221,223,2,0,2024-08-08,0.12137337858649114,-0.25463138328854296,0,0,0,0,0,0,8,0.20730892725058525
SGMOQ,cur,tb_278#1,bo_276#0,burst_275_276#0,原有,276,278,2,0,2024-10-25,1.1200000445048013,0.026666641235351562,1,0,1,0,1,0,1,0.09274411852964021
SGMOQ,wide,tb_223_230#0,bo_221#0,burst_213_221#0,原有,221,223,2,0,2024-08-08,0.12137337858649114,-0.25463138328854296,0,0,0,0,0,0,8,0.20730892725058525
SGMOQ,wide,tb_278#0,bo_275#0,burst_275_276#0,新增,276,278,2,0,2024-10-25,1.1200000445048013,0.026666641235351562,1,0,1,0,1,0,1,0.09274411852964021
SGMOQ,wide,tb_278#1,bo_276#0,burst_275_276#0,原有,276,278,2,0,2024-10-25,1.1200000445048013,0.026666641235351562,1,0,1,0,1,0,1,0.09274411852964021
SGMOQ,causal,tb_223_230#0,bo_221#0,burst_213_221#0,原有,221,223,2,0,2024-08-08,0.12137337858649114,-0.25463138328854296,0,0,0,0,0,0,8,0.20730892725058525
SGMOQ,causal,tb_278#0,bo_275#0,burst_275_276#0,新增,276,278,2,0,2024-10-25,1.1200000445048013,0.026666641235351562,1,0,1,0,1,0,1,0.09274411852964021
SGMOQ,causal,tb_278#1,bo_276#0,burst_275_276#0,原有,276,278,2,0,2024-10-25,1.1200000445048013,0.026666641235351562,1,0,1,0,1,0,1,0.09274411852964021
SFIX,cur,tb_182_184#0,bo_179#0,burst_179#0,原有,179,182,3,0,2024-06-10,0.3188669866334232,-0.12131894742703368,3,0,1,0,0,0,3,0.06572071015516448
SFIX,wide,tb_182_184#0,bo_179#0,burst_179#0,原有,179,182,3,0,2024-06-10,0.3188669866334232,-0.12131894742703368,3,0,1,0,0,0,3,0.06572071015516448
SFIX,causal,tb_182_184#0,bo_179#0,burst_179#0,原有,179,182,3,0,2024-06-10,0.3188669866334232,-0.12131894742703368,3,0,1,0,0,0,3,0.06572071015516448
SCWO,cur,tb_252#1,bo_245#0,burst_244_245#0,原有,245,252,7,0,2024-09-19,0.17469876818602303,-0.2710843311198514,0,1,0,0,0,0,1,0.08748214608496713
SCWO,cur,tb_252#2,bo_248#0,burst_244_248#0,原有,248,252,4,0,2024-09-19,0.17469876818602303,-0.2710843311198514,0,1,0,0,0,0,1,0.08748214608496713
SCWO,wide,tb_252#0,bo_244#0,burst_244_245#0,新增,245,252,7,0,2024-09-19,0.17469876818602303,-0.2710843311198514,0,1,0,0,0,0,1,0.08748214608496713
SCWO,wide,tb_252#1,bo_245#0,burst_244_245#0,原有,245,252,7,0,2024-09-19,0.17469876818602303,-0.2710843311198514,0,1,0,0,0,0,1,0.08748214608496713
SCWO,wide,tb_252#2,bo_248#0,burst_244_248#0,原有,248,252,4,0,2024-09-19,0.17469876818602303,-0.2710843311198514,0,1,0,0,0,0,1,0.08748214608496713
SCWO,causal,tb_252#0,bo_244#0,burst_244_245#0,新增,245,252,7,0,2024-09-19,0.17469876818602303,-0.2710843311198514,0,1,0,0,0,0,1,0.08748214608496713
SCWO,causal,tb_252#1,bo_245#0,burst_244_245#0,原有,245,252,7,0,2024-09-19,0.17469876818602303,-0.2710843311198514,0,1,0,0,0,0,1,0.08748214608496713
SCWO,causal,tb_252#2,bo_248#0,burst_244_248#0,原有,248,252,4,0,2024-09-19,0.17469876818602303,-0.2710843311198514,0,1,0,0,0,0,1,0.08748214608496713
SGHT,cur,tb_141#0,bo_139#0,burst_134_139#0,原有,139,141,2,0,2024-04-11,0.21967215959630493,-0.18032785603770052,0,0,0,0,0,0,1,0.066217017502745
SGHT,wide,tb_141#0,bo_139#0,burst_134_139#0,原有,139,141,2,0,2024-04-11,0.21967215959630493,-0.18032785603770052,0,0,0,0,0,0,1,0.066217017502745
SGHT,causal,tb_141#0,bo_139#0,burst_134_139#0,原有,139,141,2,0,2024-04-11,0.21967215959630493,-0.18032785603770052,0,0,0,0,0,0,1,0.066217017502745
SLDP,cur,tb_206_207#1,bo_204#0,burst_203_204#0,原有,204,206,2,0,2024-07-16,0.05864442374830969,-0.4684253552383812,0,2,0,2,0,2,2,0.05439306077163186
SLDP,cur,tb_322#1,bo_320#0,burst_317_320#0,原有,320,322,2,0,2024-12-30,0.08878495770465755,-0.4626168599138284,0,1,0,1,0,1,1,0.05358851956555839
SLDP,wide,tb_206_207#0,bo_203#0,burst_203_204#0,新增,204,206,2,0,2024-07-16,0.05864442374830969,-0.4684253552383812,0,2,0,2,0,2,2,0.05439306077163186
SLDP,wide,tb_206_207#1,bo_204#0,burst_203_204#0,原有,204,206,2,0,2024-07-16,0.05864442374830969,-0.4684253552383812,0,2,0,2,0,2,2,0.05439306077163186
SLDP,wide,tb_322#0,bo_317#0,burst_317_320#0,新增,320,322,2,0,2024-12-30,0.08878495770465755,-0.4626168599138284,0,1,0,1,0,1,1,0.05358851956555839
SLDP,wide,tb_322#1,bo_320#0,burst_317_320#0,原有,320,322,2,0,2024-12-30,0.08878495770465755,-0.4626168599138284,0,1,0,1,0,1,1,0.05358851956555839
SLDP,causal,tb_206_207#0,bo_203#0,burst_203_204#0,新增,204,206,2,0,2024-07-16,0.05864442374830969,-0.4684253552383812,0,2,0,2,0,2,2,0.05439306077163186
SLDP,causal,tb_206_207#1,bo_204#0,burst_203_204#0,原有,204,206,2,0,2024-07-16,0.05864442374830969,-0.4684253552383812,0,2,0,2,0,2,2,0.05439306077163186
SLDP,causal,tb_322#0,bo_317#0,burst_317_320#0,新增,320,322,2,0,2024-12-30,0.08878495770465755,-0.4626168599138284,0,1,0,1,0,1,1,0.05358851956555839
SLDP,causal,tb_322#1,bo_320#0,burst_317_320#0,原有,320,322,2,0,2024-12-30,0.08878495770465755,-0.4626168599138284,0,1,0,1,0,1,1,0.05358851956555839
SKIL,wide,tb_317_320#0,bo_313#0,burst_310_321#0,新增,321,317,-4,1,2024-12-20,0.782298397503544,-0.031423689591576875,4,0,4,0,4,0,4,0.06725801392152991
SOUN,cur,tb_292_293#0,bo_287#0,burst_279_287#0,原有,287,292,5,0,2024-11-14,2.8476975705360257,-0.08043418295577176,2,0,2,0,2,0,2,0.07621756735124127
SOUN,wide,tb_292_293#0,bo_287#0,burst_279_287#0,原有,287,292,5,0,2024-11-14,2.8476975705360257,-0.08043418295577176,2,0,2,0,2,0,2,0.07621756735124127
SOUN,causal,tb_292_293#0,bo_287#0,burst_279_287#0,原有,287,292,5,0,2024-11-14,2.8476975705360257,-0.08043418295577176,2,0,2,0,2,0,2,0.07621756735124127
SKYH,cur,tb_313_314#0,bo_310#0,burst_308_310#0,原有,310,313,3,0,2024-12-16,0.008751138965442107,-0.23312565647407335,0,2,0,2,0,2,2,0.03889875147762985
SKYH,cur,tb_313_314#1,bo_311#0,burst_308_311#0,原有,311,313,2,0,2024-12-16,0.008751138965442107,-0.23312565647407335,0,2,0,2,0,2,2,0.03889875147762985
SKYH,wide,tb_313_314#0,bo_310#0,burst_308_310#0,原有,310,313,3,0,2024-12-16,0.008751138965442107,-0.23312565647407335,0,2,0,2,0,2,2,0.03889875147762985
SKYH,wide,tb_313_314#1,bo_311#0,burst_308_311#0,原有,311,313,2,0,2024-12-16,0.008751138965442107,-0.23312565647407335,0,2,0,2,0,2,2,0.03889875147762985
SKYH,causal,tb_313_314#0,bo_310#0,burst_308_310#0,原有,310,313,3,0,2024-12-16,0.008751138965442107,-0.23312565647407335,0,2,0,2,0,2,2,0.03889875147762985
SKYH,causal,tb_313_314#1,bo_311#0,burst_308_311#0,原有,311,313,2,0,2024-12-16,0.008751138965442107,-0.23312565647407335,0,2,0,2,0,2,2,0.03889875147762985
SLNHP,cur,tb_186#0,bo_184#0,burst_171_184#0,原有,184,186,2,0,2024-06-14,1.1589743257431047,-0.1307692251261876,1,0,1,0,1,0,1,0.11336911158166643
SLNHP,cur,tb_195_196#0,bo_192#0,burst_171_192#0,原有,192,195,3,0,2024-06-28,0.5917335656560806,-0.10110531849478716,2,0,2,0,0,0,2,0.11279981982263543
SLNHP,cur,tb_282#2,bo_274#0,burst_271_274#0,原有,274,282,8,0,2024-10-31,-0.007407435664424145,-0.4644444430315936,0,1,0,1,0,1,1,0.13559038104295743
SLNHP,wide,tb_184_187#0,bo_178#0,burst_171_184#0,新增,184,184,0,1,2024-06-12,1.1453372334260752,-0.13625969353075157,4,0,4,0,4,0,4,0.1139807047714196
SLNHP,wide,tb_184_187#1,bo_181#0,burst_171_184#0,新增,184,184,0,1,2024-06-12,1.1453372334260752,-0.13625969353075157,4,0,4,0,4,0,4,0.1139807047714196
SLNHP,wide,tb_186#0,bo_184#0,burst_171_184#0,原有,184,186,2,0,2024-06-14,1.1589743257431047,-0.1307692251261876,1,0,1,0,1,0,1,0.11336911158166643
SLNHP,wide,tb_195_196#0,bo_192#0,burst_171_192#0,原有,192,195,3,0,2024-06-28,0.5917335656560806,-0.10110531849478716,2,0,2,0,0,0,2,0.11279981982263543
SLNHP,wide,tb_282#0,bo_271#0,burst_271_274#0,新增,274,282,8,0,2024-10-31,-0.007407435664424145,-0.4644444430315936,0,1,0,1,0,1,1,0.13559038104295743
SLNHP,wide,tb_282#1,bo_273#0,burst_271_274#0,新增,274,282,8,0,2024-10-31,-0.007407435664424145,-0.4644444430315936,0,1,0,1,0,1,1,0.13559038104295743
SLNHP,wide,tb_282#2,bo_274#0,burst_271_274#0,原有,274,282,8,0,2024-10-31,-0.007407435664424145,-0.4644444430315936,0,1,0,1,0,1,1,0.13559038104295743
SLNHP,causal,tb_186#0,bo_184#0,burst_171_184#0,原有,184,186,2,0,2024-06-14,1.1589743257431047,-0.1307692251261876,1,0,1,0,1,0,1,0.11336911158166643
SLNHP,causal,tb_195_196#0,bo_192#0,burst_171_192#0,原有,192,195,3,0,2024-06-28,0.5917335656560806,-0.10110531849478716,2,0,2,0,0,0,2,0.11279981982263543
SLNHP,causal,tb_282#0,bo_271#0,burst_271_274#0,新增,274,282,8,0,2024-10-31,-0.007407435664424145,-0.4644444430315936,0,1,0,1,0,1,1,0.13559038104295743
SLNHP,causal,tb_282#1,bo_273#0,burst_271_274#0,新增,274,282,8,0,2024-10-31,-0.007407435664424145,-0.4644444430315936,0,1,0,1,0,1,1,0.13559038104295743
SLNHP,causal,tb_282#2,bo_274#0,burst_271_274#0,原有,274,282,8,0,2024-10-31,-0.007407435664424145,-0.4644444430315936,0,1,0,1,0,1,1,0.13559038104295743
SLSN,cur,tb_156_157#1,bo_149#0,burst_141_149#0,原有,149,156,7,0,2024-05-02,0.24828976110027612,-0.12052311133164406,0,0,0,0,0,0,2,0.08090061897346636
SLSN,wide,tb_145_147#0,bo_141#0,burst_141_149#0,新增,149,145,-4,2,2024-04-17,0.8209942803868029,0.00010741139340038804,3,0,3,0,3,0,3,0.08090061897346636
SLSN,wide,tb_156_157#0,bo_148#0,burst_141_149#0,新增,149,156,7,0,2024-05-02,0.24828976110027612,-0.12052311133164406,0,0,0,0,0,0,2,0.08090061897346636
SLSN,wide,tb_156_157#1,bo_149#0,burst_141_149#0,原有,149,156,7,0,2024-05-02,0.24828976110027612,-0.12052311133164406,0,0,0,0,0,0,2,0.08090061897346636
SLSN,causal,tb_156_157#0,bo_148#0,burst_141_149#0,新增,149,156,7,0,2024-05-02,0.24828976110027612,-0.12052311133164406,0,0,0,0,0,0,2,0.08090061897346636
SLSN,causal,tb_156_157#1,bo_149#0,burst_141_149#0,原有,149,156,7,0,2024-05-02,0.24828976110027612,-0.12052311133164406,0,0,0,0,0,0,2,0.08090061897346636
SNT,cur,tb_147_148#1,bo_144#0,burst_143_144#0,原有,144,147,3,0,2024-04-19,0.5104166563186384,-0.12409631296979523,2,0,2,0,2,0,2,0.05791112030100276
SNT,wide,tb_147_148#0,bo_143#0,burst_143_144#0,新增,144,147,3,0,2024-04-19,0.5104166563186384,-0.12409631296979523,2,0,2,0,2,0,2,0.05791112030100276
SNT,wide,tb_147_148#1,bo_144#0,burst_143_144#0,原有,144,147,3,0,2024-04-19,0.5104166563186384,-0.12409631296979523,2,0,2,0,2,0,2,0.05791112030100276
SNT,causal,tb_147_148#0,bo_143#0,burst_143_144#0,新增,144,147,3,0,2024-04-19,0.5104166563186384,-0.12409631296979523,2,0,2,0,2,0,2,0.05791112030100276
SNT,causal,tb_147_148#1,bo_144#0,burst_143_144#0,原有,144,147,3,0,2024-04-19,0.5104166563186384,-0.12409631296979523,2,0,2,0,2,0,2,0.05791112030100276
SMR,cur,tb_123#0,bo_120#0,burst_113_120#0,原有,120,123,3,0,2024-03-15,0.4280254999151716,-0.5171974512233546,0,1,0,1,0,1,1,0.13548565488793768
SMR,wide,tb_117#0,bo_113#0,burst_113_120#0,新增,120,117,-3,1,2024-03-07,1.5134529018534426,-0.15022423106801475,1,0,1,0,1,0,1,0.08900297249623111
SMR,wide,tb_117#1,bo_114#0,burst_113_120#0,新增,120,117,-3,1,2024-03-07,1.5134529018534426,-0.15022423106801475,1,0,1,0,1,0,1,0.08900297249623111
SMR,wide,tb_123#0,bo_120#0,burst_113_120#0,原有,120,123,3,0,2024-03-15,0.4280254999151716,-0.5171974512233546,0,1,0,1,0,1,1,0.13548565488793768
SMR,causal,tb_123#0,bo_120#0,burst_113_120#0,原有,120,123,3,0,2024-03-15,0.4280254999151716,-0.5171974512233546,0,1,0,1,0,1,1,0.13548565488793768
SMC,cur,tb_133_139#0,bo_128#0,burst_128#0,原有,128,133,5,0,2024-04-01,0.2665422471312695,-0.050093314651547885,7,0,7,0,7,0,7,0.03995822534918718
SMC,wide,tb_133_139#0,bo_128#0,burst_128#0,原有,128,133,5,0,2024-04-01,0.2665422471312695,-0.050093314651547885,7,0,7,0,7,0,7,0.03995822534918718
SMC,causal,tb_133_139#0,bo_128#0,burst_128#0,原有,128,133,5,0,2024-04-01,0.2665422471312695,-0.050093314651547885,7,0,7,0,7,0,7,0.03995822534918718
SNAL,cur,tb_273_276#0,bo_263#0,burst_263#0,原有,263,273,10,0,2024-10-18,0.04159300251219206,-0.5685086150956731,0,4,0,4,0,4,4,0.12459491886874599
SNAL,cur,tb_273_276#1,bo_264#0,burst_263_264#0,原有,264,273,9,0,2024-10-18,0.04159300251219206,-0.5685086150956731,0,4,0,4,0,4,4,0.12459491886874599
SNAL,wide,tb_273_276#0,bo_263#0,burst_263#0,原有,263,273,10,0,2024-10-18,0.04159300251219206,-0.5685086150956731,0,4,0,4,0,4,4,0.12459491886874599
SNAL,wide,tb_273_276#1,bo_264#0,burst_263_264#0,原有,264,273,9,0,2024-10-18,0.04159300251219206,-0.5685086150956731,0,4,0,4,0,4,4,0.12459491886874599
SNAL,causal,tb_273_276#0,bo_263#0,burst_263#0,原有,263,273,10,0,2024-10-18,0.04159300251219206,-0.5685086150956731,0,4,0,4,0,4,4,0.12459491886874599
SNAL,causal,tb_273_276#1,bo_264#0,burst_263_264#0,原有,264,273,9,0,2024-10-18,0.04159300251219206,-0.5685086150956731,0,4,0,4,0,4,4,0.12459491886874599
STI,wide,tb_282#0,bo_280#0,burst_280_282#0,新增,282,282,0,1,2024-10-31,1.282157640225143,-0.35062243274637384,0,1,0,1,0,1,1,0.06102649213433767
SWVL,cur,tb_299_300#1,bo_295#0,burst_293_295#0,原有,295,299,4,0,2024-11-25,0.14226762716118024,-0.3209853036918177,0,2,0,1,0,0,2,0.09930259204222194
SWVL,wide,tb_299_300#0,bo_293#0,burst_293_295#0,新增,295,299,4,0,2024-11-25,0.14226762716118024,-0.3209853036918177,0,2,0,1,0,0,2,0.09930259204222194
SWVL,wide,tb_299_300#1,bo_295#0,burst_293_295#0,原有,295,299,4,0,2024-11-25,0.14226762716118024,-0.3209853036918177,0,2,0,1,0,0,2,0.09930259204222194
SWVL,causal,tb_299_300#0,bo_293#0,burst_293_295#0,新增,295,299,4,0,2024-11-25,0.14226762716118024,-0.3209853036918177,0,2,0,1,0,0,2,0.09930259204222194
SWVL,causal,tb_299_300#1,bo_295#0,burst_293_295#0,原有,295,299,4,0,2024-11-25,0.14226762716118024,-0.3209853036918177,0,2,0,1,0,0,2,0.09930259204222194
SXGCF,cur,tb_241_242#1,bo_238#0,burst_228_238#0,原有,238,241,3,0,2024-09-04,0.2647061032407556,-0.14705871308550456,2,0,0,0,0,0,2,0.06486706244723367
SXGCF,wide,tb_232_235#0,bo_228#0,burst_228_238#0,新增,238,232,-6,2,2024-08-21,0.39922514367740364,-0.05633657363308203,4,0,1,0,0,0,4,0.08333392658561667
SXGCF,wide,tb_232_235#1,bo_229#0,burst_228_238#0,新增,238,232,-6,2,2024-08-21,0.39922514367740364,-0.05633657363308203,4,0,1,0,0,0,4,0.08333392658561667
SXGCF,wide,tb_241_242#0,bo_236#0,burst_228_238#0,新增,238,241,3,0,2024-09-04,0.2647061032407556,-0.14705871308550456,2,0,0,0,0,0,2,0.06486706244723367
SXGCF,wide,tb_241_242#1,bo_238#0,burst_228_238#0,原有,238,241,3,0,2024-09-04,0.2647061032407556,-0.14705871308550456,2,0,0,0,0,0,2,0.06486706244723367
SXGCF,causal,tb_241_242#0,bo_236#0,burst_228_238#0,新增,238,241,3,0,2024-09-04,0.2647061032407556,-0.14705871308550456,2,0,0,0,0,0,2,0.06486706244723367
SXGCF,causal,tb_241_242#1,bo_238#0,burst_228_238#0,原有,238,241,3,0,2024-09-04,0.2647061032407556,-0.14705871308550456,2,0,0,0,0,0,2,0.06486706244723367
SWIM,cur,tb_232#0,bo_222#0,burst_214_222#0,原有,222,232,10,0,2024-08-21,0.2465986022183957,-0.06292514938059013,0,0,0,0,0,0,1,0.07836333040438274
SWIM,wide,tb_232#0,bo_222#0,burst_214_222#0,原有,222,232,10,0,2024-08-21,0.2465986022183957,-0.06292514938059013,0,0,0,0,0,0,1,0.07836333040438274
SWIM,causal,tb_232#0,bo_222#0,burst_214_222#0,原有,222,232,10,0,2024-08-21,0.2465986022183957,-0.06292514938059013,0,0,0,0,0,0,1,0.07836333040438274
TDAY,cur,tb_159#0,bo_156#0,burst_147_156#0,原有,156,159,3,0,2024-05-07,0.5202492387688511,-0.03426795395862481,1,0,1,0,1,0,1,0.058236474146275204
TDAY,wide,tb_152#0,bo_149#0,burst_147_156#0,新增,156,152,-4,1,2024-04-26,0.7906976830149122,-0.08914729685073075,1,0,1,0,1,0,1,0.059957495377503854
TDAY,wide,tb_159#0,bo_156#0,burst_147_156#0,原有,156,159,3,0,2024-05-07,0.5202492387688511,-0.03426795395862481,1,0,1,0,1,0,1,0.058236474146275204
TDAY,causal,tb_159#0,bo_156#0,burst_147_156#0,原有,156,159,3,0,2024-05-07,0.5202492387688511,-0.03426795395862481,1,0,1,0,1,0,1,0.058236474146275204
TIGR,cur,tb_268#0,bo_259#0,burst_255_259#0,原有,259,268,9,0,2024-10-11,-0.015081219972949755,-0.37819023147623143,0,1,0,0,0,0,1,0.14948293378836183
TIGR,cur,tb_268#1,bo_260#0,burst_255_260#0,原有,260,268,8,0,2024-10-11,-0.015081219972949755,-0.37819023147623143,0,1,0,0,0,0,1,0.14948293378836183
TIGR,wide,tb_268#0,bo_259#0,burst_255_259#0,原有,259,268,9,0,2024-10-11,-0.015081219972949755,-0.37819023147623143,0,1,0,0,0,0,1,0.14948293378836183
TIGR,wide,tb_268#1,bo_260#0,burst_255_260#0,原有,260,268,8,0,2024-10-11,-0.015081219972949755,-0.37819023147623143,0,1,0,0,0,0,1,0.14948293378836183
TIGR,causal,tb_268#0,bo_259#0,burst_255_259#0,原有,259,268,9,0,2024-10-11,-0.015081219972949755,-0.37819023147623143,0,1,0,0,0,0,1,0.14948293378836183
TIGR,causal,tb_268#1,bo_260#0,burst_255_260#0,原有,260,268,8,0,2024-10-11,-0.015081219972949755,-0.37819023147623143,0,1,0,0,0,0,1,0.14948293378836183
TLSA,cur,tb_150_152#0,bo_147#0,burst_144_147#0,原有,147,150,3,0,2024-04-24,0.30842254808288483,-0.32709691797430557,0,2,0,0,0,0,3,0.10317464492338557
TLSA,cur,tb_150_152#1,bo_148#0,burst_144_148#0,原有,148,150,2,0,2024-04-24,0.30842254808288483,-0.32709691797430557,0,2,0,0,0,0,3,0.10317464492338557
TLSA,wide,tb_150_152#0,bo_147#0,burst_144_147#0,原有,147,150,3,0,2024-04-24,0.30842254808288483,-0.32709691797430557,0,2,0,0,0,0,3,0.10317464492338557
TLSA,wide,tb_150_152#1,bo_148#0,burst_144_148#0,原有,148,150,2,0,2024-04-24,0.30842254808288483,-0.32709691797430557,0,2,0,0,0,0,3,0.10317464492338557
TLSA,causal,tb_150_152#0,bo_147#0,burst_144_147#0,原有,147,150,3,0,2024-04-24,0.30842254808288483,-0.32709691797430557,0,2,0,0,0,0,3,0.10317464492338557
TLSA,causal,tb_150_152#1,bo_148#0,burst_144_148#0,原有,148,150,2,0,2024-04-24,0.30842254808288483,-0.32709691797430557,0,2,0,0,0,0,3,0.10317464492338557
TEO,cur,tb_162#1,bo_159#0,burst_158_159#0,原有,159,162,3,0,2024-05-10,0.012671522009941816,-0.297782499912293,0,1,0,1,0,1,1,0.053377690541784886
TEO,wide,tb_162#0,bo_158#0,burst_158_159#0,新增,159,162,3,0,2024-05-10,0.012671522009941816,-0.297782499912293,0,1,0,1,0,1,1,0.053377690541784886
TEO,wide,tb_162#1,bo_159#0,burst_158_159#0,原有,159,162,3,0,2024-05-10,0.012671522009941816,-0.297782499912293,0,1,0,1,0,1,1,0.053377690541784886
TEO,causal,tb_162#0,bo_158#0,burst_158_159#0,新增,159,162,3,0,2024-05-10,0.012671522009941816,-0.297782499912293,0,1,0,1,0,1,1,0.053377690541784886
TEO,causal,tb_162#1,bo_159#0,burst_158_159#0,原有,159,162,3,0,2024-05-10,0.012671522009941816,-0.297782499912293,0,1,0,1,0,1,1,0.053377690541784886
TE,cur,tb_294_301#1,bo_287#0,burst_286_287#0,原有,287,294,7,0,2024-11-18,0.486951787529704,-0.31184225481976635,3,5,1,4,1,1,8,0.0693756755439022
TE,wide,tb_294_301#0,bo_286#0,burst_286_287#0,新增,287,294,7,0,2024-11-18,0.486951787529704,-0.31184225481976635,3,5,1,4,1,1,8,0.0693756755439022
TE,wide,tb_294_301#1,bo_287#0,burst_286_287#0,原有,287,294,7,0,2024-11-18,0.486951787529704,-0.31184225481976635,3,5,1,4,1,1,8,0.0693756755439022
TE,causal,tb_294_301#0,bo_286#0,burst_286_287#0,新增,287,294,7,0,2024-11-18,0.486951787529704,-0.31184225481976635,3,5,1,4,1,1,8,0.0693756755439022
TE,causal,tb_294_301#1,bo_287#0,burst_286_287#0,原有,287,294,7,0,2024-11-18,0.486951787529704,-0.31184225481976635,3,5,1,4,1,1,8,0.0693756755439022
TUSK,cur,tb_214#0,bo_211#0,burst_207_211#0,原有,211,214,3,0,2024-07-26,0.038190942130779115,-0.1381909421307792,0,0,0,0,0,0,1,0.055640725441380184
TUSK,wide,tb_214#0,bo_211#0,burst_207_211#0,原有,211,214,3,0,2024-07-26,0.038190942130779115,-0.1381909421307792,0,0,0,0,0,0,1,0.055640725441380184
TUSK,causal,tb_214#0,bo_211#0,burst_207_211#0,原有,211,214,3,0,2024-07-26,0.038190942130779115,-0.1381909421307792,0,0,0,0,0,0,1,0.055640725441380184
TIL,cur,tb_89_96#0,bo_82#0,burst_82#0,原有,82,89,7,0,2024-01-26,0.1005056348250136,-0.108599223415827,0,0,0,0,0,0,8,0.04471686582716834
TIL,wide,tb_89_96#0,bo_82#0,burst_82#0,原有,82,89,7,0,2024-01-26,0.1005056348250136,-0.108599223415827,0,0,0,0,0,0,8,0.04471686582716834
TIL,causal,tb_89_96#0,bo_82#0,burst_82#0,原有,82,89,7,0,2024-01-26,0.1005056348250136,-0.108599223415827,0,0,0,0,0,0,8,0.04471686582716834
TISI,cur,tb_137#1,bo_135#0,burst_131_135#0,原有,135,137,2,0,2024-04-05,0.012903213236342914,-0.3580645518546043,0,1,0,1,0,0,1,0.10680044332757874
TISI,wide,tb_137#0,bo_133#0,burst_131_135#0,新增,135,137,2,0,2024-04-05,0.012903213236342914,-0.3580645518546043,0,1,0,1,0,0,1,0.10680044332757874
TISI,wide,tb_137#1,bo_135#0,burst_131_135#0,原有,135,137,2,0,2024-04-05,0.012903213236342914,-0.3580645518546043,0,1,0,1,0,0,1,0.10680044332757874
TISI,causal,tb_137#0,bo_133#0,burst_131_135#0,新增,135,137,2,0,2024-04-05,0.012903213236342914,-0.3580645518546043,0,1,0,1,0,0,1,0.10680044332757874
TISI,causal,tb_137#1,bo_135#0,burst_131_135#0,原有,135,137,2,0,2024-04-05,0.012903213236342914,-0.3580645518546043,0,1,0,1,0,0,1,0.10680044332757874
TKNO,cur,tb_216_217#1,bo_212#0,burst_207_212#0,原有,212,216,4,0,2024-07-30,0.45273225102542713,-0.11850710632067313,0,0,0,0,0,0,2,0.11573772521191095
TKNO,cur,tb_216_217#2,bo_214#0,burst_207_214#0,原有,214,216,2,0,2024-07-30,0.45273225102542713,-0.11850710632067313,0,0,0,0,0,0,2,0.11573772521191095
TKNO,wide,tb_216_217#0,bo_209#0,burst_207_212#0,新增,212,216,4,0,2024-07-30,0.45273225102542713,-0.11850710632067313,0,0,0,0,0,0,2,0.11573772521191095
TKNO,wide,tb_216_217#1,bo_212#0,burst_207_212#0,原有,212,216,4,0,2024-07-30,0.45273225102542713,-0.11850710632067313,0,0,0,0,0,0,2,0.11573772521191095
TKNO,wide,tb_216_217#2,bo_214#0,burst_207_214#0,原有,214,216,2,0,2024-07-30,0.45273225102542713,-0.11850710632067313,0,0,0,0,0,0,2,0.11573772521191095
TKNO,causal,tb_216_217#0,bo_209#0,burst_207_212#0,新增,212,216,4,0,2024-07-30,0.45273225102542713,-0.11850710632067313,0,0,0,0,0,0,2,0.11573772521191095
TKNO,causal,tb_216_217#1,bo_212#0,burst_207_212#0,原有,212,216,4,0,2024-07-30,0.45273225102542713,-0.11850710632067313,0,0,0,0,0,0,2,0.11573772521191095
TKNO,causal,tb_216_217#2,bo_214#0,burst_207_214#0,原有,214,216,2,0,2024-07-30,0.45273225102542713,-0.11850710632067313,0,0,0,0,0,0,2,0.11573772521191095
TGEN,cur,tb_234_235#0,bo_230#0,burst_224_230#0,原有,230,234,4,0,2024-08-23,0.10704390865036151,-0.25114661711124925,0,2,0,2,0,2,2,0.030387555622624133
TGEN,cur,tb_234_235#1,bo_231#0,burst_224_231#0,原有,231,234,3,0,2024-08-23,0.10704390865036151,-0.25114661711124925,0,2,0,2,0,2,2,0.030387555622624133
TGEN,cur,tb_234_235#2,bo_232#0,burst_224_232#0,原有,232,234,2,0,2024-08-23,0.10704390865036151,-0.25114661711124925,0,2,0,2,0,2,2,0.030387555622624133
TGEN,wide,tb_226#0,bo_224#0,burst_224_230#0,新增,230,226,-4,1,2024-08-13,0.39534886944545367,-0.10930237200145321,0,1,0,1,0,1,1,0.01947977453969764
TGEN,wide,tb_234_235#0,bo_230#0,burst_224_230#0,原有,230,234,4,0,2024-08-23,0.10704390865036151,-0.25114661711124925,0,2,0,2,0,2,2,0.030387555622624133
TGEN,wide,tb_234_235#1,bo_231#0,burst_224_231#0,原有,231,234,3,0,2024-08-23,0.10704390865036151,-0.25114661711124925,0,2,0,2,0,2,2,0.030387555622624133
TGEN,wide,tb_234_235#2,bo_232#0,burst_224_232#0,原有,232,234,2,0,2024-08-23,0.10704390865036151,-0.25114661711124925,0,2,0,2,0,2,2,0.030387555622624133
TGEN,causal,tb_234_235#0,bo_230#0,burst_224_230#0,原有,230,234,4,0,2024-08-23,0.10704390865036151,-0.25114661711124925,0,2,0,2,0,2,2,0.030387555622624133
TGEN,causal,tb_234_235#1,bo_231#0,burst_224_231#0,原有,231,234,3,0,2024-08-23,0.10704390865036151,-0.25114661711124925,0,2,0,2,0,2,2,0.030387555622624133
TGEN,causal,tb_234_235#2,bo_232#0,burst_224_232#0,原有,232,234,2,0,2024-08-23,0.10704390865036151,-0.25114661711124925,0,2,0,2,0,2,2,0.030387555622624133
TGS,cur,tb_141#0,bo_135#0,burst_128_135#0,原有,135,141,6,0,2024-04-11,0.18061923865075658,-0.14564224987075636,0,0,0,0,0,0,1,0.049174877288139185
TGS,wide,tb_141#0,bo_135#0,burst_128_135#0,原有,135,141,6,0,2024-04-11,0.18061923865075658,-0.14564224987075636,0,0,0,0,0,0,1,0.049174877288139185
TGS,causal,tb_141#0,bo_135#0,burst_128_135#0,原有,135,141,6,0,2024-04-11,0.18061923865075658,-0.14564224987075636,0,0,0,0,0,0,1,0.049174877288139185
TMQ,cur,tb_208_218#1,bo_206#0,burst_204_206#0,原有,206,208,2,0,2024-07-18,0.04553230308626189,-0.29887104829200944,0,11,0,11,0,6,11,0.07827815979517079
TMQ,wide,tb_208_218#0,bo_204#0,burst_204_206#0,新增,206,208,2,0,2024-07-18,0.04553230308626189,-0.29887104829200944,0,11,0,11,0,6,11,0.07827815979517079
TMQ,wide,tb_208_218#1,bo_206#0,burst_204_206#0,原有,206,208,2,0,2024-07-18,0.04553230308626189,-0.29887104829200944,0,11,0,11,0,6,11,0.07827815979517079
TMQ,causal,tb_208_218#0,bo_204#0,burst_204_206#0,新增,206,208,2,0,2024-07-18,0.04553230308626189,-0.29887104829200944,0,11,0,11,0,6,11,0.07827815979517079
TMQ,causal,tb_208_218#1,bo_206#0,burst_204_206#0,原有,206,208,2,0,2024-07-18,0.04553230308626189,-0.29887104829200944,0,11,0,11,0,6,11,0.07827815979517079
TOUR,cur,tb_261#1,bo_259#0,burst_258_259#0,原有,259,261,2,0,2024-10-02,0.05263159313393806,-0.35263159960941937,0,1,0,1,0,1,1,0.04907977624922771
TOUR,wide,tb_261#0,bo_258#0,burst_258_259#0,新增,259,261,2,0,2024-10-02,0.05263159313393806,-0.35263159960941937,0,1,0,1,0,1,1,0.04907977624922771
TOUR,wide,tb_261#1,bo_259#0,burst_258_259#0,原有,259,261,2,0,2024-10-02,0.05263159313393806,-0.35263159960941937,0,1,0,1,0,1,1,0.04907977624922771
TOUR,causal,tb_261#0,bo_258#0,burst_258_259#0,新增,259,261,2,0,2024-10-02,0.05263159313393806,-0.35263159960941937,0,1,0,1,0,1,1,0.04907977624922771
TOUR,causal,tb_261#1,bo_259#0,burst_258_259#0,原有,259,261,2,0,2024-10-02,0.05263159313393806,-0.35263159960941937,0,1,0,1,0,1,1,0.04907977624922771
TRVI,cur,tb_314#1,bo_312#0,burst_311_312#0,原有,312,314,2,0,2024-12-17,0.039999961853027344,-0.2284444702996148,0,0,0,0,0,0,1,0.08987001067922819
TRVI,wide,tb_314#0,bo_311#0,burst_311_312#0,新增,312,314,2,0,2024-12-17,0.039999961853027344,-0.2284444702996148,0,0,0,0,0,0,1,0.08987001067922819
TRVI,wide,tb_314#1,bo_312#0,burst_311_312#0,原有,312,314,2,0,2024-12-17,0.039999961853027344,-0.2284444702996148,0,0,0,0,0,0,1,0.08987001067922819
TRVI,causal,tb_314#0,bo_311#0,burst_311_312#0,新增,312,314,2,0,2024-12-17,0.039999961853027344,-0.2284444702996148,0,0,0,0,0,0,1,0.08987001067922819
TRVI,causal,tb_314#1,bo_312#0,burst_311_312#0,原有,312,314,2,0,2024-12-17,0.039999961853027344,-0.2284444702996148,0,0,0,0,0,0,1,0.08987001067922819
UMAC,cur,tb_189_191#1,bo_186#0,burst_183_186#0,原有,186,189,3,0,2024-11-13,6.7835086092140955,-0.2041638765906918,3,0,3,0,3,0,3,0.1364783283723593
UMAC,wide,tb_189_191#0,bo_185#0,burst_183_186#0,新增,186,189,3,0,2024-11-13,6.7835086092140955,-0.2041638765906918,3,0,3,0,3,0,3,0.1364783283723593
UMAC,wide,tb_189_191#1,bo_186#0,burst_183_186#0,原有,186,189,3,0,2024-11-13,6.7835086092140955,-0.2041638765906918,3,0,3,0,3,0,3,0.1364783283723593
UMAC,causal,tb_189_191#0,bo_185#0,burst_183_186#0,新增,186,189,3,0,2024-11-13,6.7835086092140955,-0.2041638765906918,3,0,3,0,3,0,3,0.1364783283723593
UMAC,causal,tb_189_191#1,bo_186#0,burst_183_186#0,原有,186,189,3,0,2024-11-13,6.7835086092140955,-0.2041638765906918,3,0,3,0,3,0,3,0.1364783283723593
UNCY,cur,tb_81_84#1,bo_77#0,burst_69_77#0,原有,77,81,4,0,2024-01-16,1.0769433112786029,-0.06320492461760854,4,0,4,0,4,0,4,0.1148004506178816
UNCY,wide,tb_72#0,bo_69#0,burst_69_77#0,新增,77,72,-5,2,2024-01-02,1.051918849847202,-0.14221216714101026,1,0,1,0,1,0,1,0.10928154512471633
UNCY,wide,tb_81_84#0,bo_76#0,burst_69_77#0,新增,77,81,4,0,2024-01-16,1.0769433112786029,-0.06320492461760854,4,0,4,0,4,0,4,0.1148004506178816
UNCY,wide,tb_81_84#1,bo_77#0,burst_69_77#0,原有,77,81,4,0,2024-01-16,1.0769433112786029,-0.06320492461760854,4,0,4,0,4,0,4,0.1148004506178816
UNCY,causal,tb_81_84#0,bo_76#0,burst_69_77#0,新增,77,81,4,0,2024-01-16,1.0769433112786029,-0.06320492461760854,4,0,4,0,4,0,4,0.1148004506178816
UNCY,causal,tb_81_84#1,bo_77#0,burst_69_77#0,原有,77,81,4,0,2024-01-16,1.0769433112786029,-0.06320492461760854,4,0,4,0,4,0,4,0.1148004506178816
VRAX,cur,tb_178_179#1,bo_176#0,burst_170_176#0,原有,176,178,2,0,2024-06-04,1.6417445482866042,-0.09237208041711864,2,0,2,0,2,0,2,0.09975070529009261
VRAX,wide,tb_174#0,bo_172#0,burst_170_176#0,新增,176,174,-2,2,2024-05-29,2.0434782608695654,-0.08695652173913049,1,0,1,0,1,0,1,0.08100177090248192
VRAX,wide,tb_178_179#0,bo_174#0,burst_170_176#0,新增,176,178,2,0,2024-06-04,1.6417445482866042,-0.09237208041711864,2,0,2,0,2,0,2,0.09975070529009261
VRAX,wide,tb_178_179#1,bo_176#0,burst_170_176#0,原有,176,178,2,0,2024-06-04,1.6417445482866042,-0.09237208041711864,2,0,2,0,2,0,2,0.09975070529009261
VRAX,causal,tb_178_179#0,bo_174#0,burst_170_176#0,新增,176,178,2,0,2024-06-04,1.6417445482866042,-0.09237208041711864,2,0,2,0,2,0,2,0.09975070529009261
VRAX,causal,tb_178_179#1,bo_176#0,burst_170_176#0,原有,176,178,2,0,2024-06-04,1.6417445482866042,-0.09237208041711864,2,0,2,0,2,0,2,0.09975070529009261
USGO,cur,tb_271_279#0,bo_259#0,burst_259#0,原有,259,271,12,0,2024-10-16,0.29687006624660345,-0.24742237476476475,0,0,0,0,0,0,9,0.10310494171114033
USGO,cur,tb_271_279#1,bo_260#0,burst_259_260#0,原有,260,271,11,0,2024-10-16,0.29687006624660345,-0.24742237476476475,0,0,0,0,0,0,9,0.10310494171114033
USGO,cur,tb_271_279#2,bo_262#0,burst_259_262#0,原有,262,271,9,0,2024-10-16,0.29687006624660345,-0.24742237476476475,0,0,0,0,0,0,9,0.10310494171114033
USGO,wide,tb_271_279#0,bo_259#0,burst_259#0,原有,259,271,12,0,2024-10-16,0.29687006624660345,-0.24742237476476475,0,0,0,0,0,0,9,0.10310494171114033
USGO,wide,tb_271_279#1,bo_260#0,burst_259_260#0,原有,260,271,11,0,2024-10-16,0.29687006624660345,-0.24742237476476475,0,0,0,0,0,0,9,0.10310494171114033
USGO,wide,tb_271_279#2,bo_262#0,burst_259_262#0,原有,262,271,9,0,2024-10-16,0.29687006624660345,-0.24742237476476475,0,0,0,0,0,0,9,0.10310494171114033
USGO,causal,tb_271_279#0,bo_259#0,burst_259#0,原有,259,271,12,0,2024-10-16,0.29687006624660345,-0.24742237476476475,0,0,0,0,0,0,9,0.10310494171114033
USGO,causal,tb_271_279#1,bo_260#0,burst_259_260#0,原有,260,271,11,0,2024-10-16,0.29687006624660345,-0.24742237476476475,0,0,0,0,0,0,9,0.10310494171114033
USGO,causal,tb_271_279#2,bo_262#0,burst_259_262#0,原有,262,271,9,0,2024-10-16,0.29687006624660345,-0.24742237476476475,0,0,0,0,0,0,9,0.10310494171114033
UURAF,cur,tb_308_310#1,bo_305#0,burst_304_305#0,原有,305,308,3,0,2024-12-09,0.021937775956590893,-0.358033660810337,0,3,0,3,0,3,3,0.04651165208409023
UURAF,wide,tb_308_310#0,bo_304#0,burst_304_305#0,新增,305,308,3,0,2024-12-09,0.021937775956590893,-0.358033660810337,0,3,0,3,0,3,3,0.04651165208409023
UURAF,wide,tb_308_310#1,bo_305#0,burst_304_305#0,原有,305,308,3,0,2024-12-09,0.021937775956590893,-0.358033660810337,0,3,0,3,0,3,3,0.04651165208409023
UURAF,causal,tb_308_310#0,bo_304#0,burst_304_305#0,新增,305,308,3,0,2024-12-09,0.021937775956590893,-0.358033660810337,0,3,0,3,0,3,3,0.04651165208409023
UURAF,causal,tb_308_310#1,bo_305#0,burst_304_305#0,原有,305,308,3,0,2024-12-09,0.021937775956590893,-0.358033660810337,0,3,0,3,0,3,3,0.04651165208409023
UXIN,cur,tb_266#0,bo_258#0,burst_254_258#0,原有,258,266,8,0,2024-10-09,0.2508361196012845,-0.37959865780706414,0,1,0,0,0,0,1,0.1401896351512077
UXIN,wide,tb_266#0,bo_258#0,burst_254_258#0,原有,258,266,8,0,2024-10-09,0.2508361196012845,-0.37959865780706414,0,1,0,0,0,0,1,0.1401896351512077
UXIN,causal,tb_266#0,bo_258#0,burst_254_258#0,原有,258,266,8,0,2024-10-09,0.2508361196012845,-0.37959865780706414,0,1,0,0,0,0,1,0.1401896351512077
WNDW,cur,tb_258#1,bo_252#0,burst_245_252#0,原有,252,258,6,0,2024-09-27,0.09411762478442398,-0.647058819404523,0,1,0,1,0,1,1,0.2788889080653957
WNDW,cur,tb_258#2,bo_253#0,burst_245_253#0,原有,253,258,5,0,2024-09-27,0.09411762478442398,-0.647058819404523,0,1,0,1,0,1,1,0.2788889080653957
WNDW,wide,tb_258#0,bo_250#0,burst_245_252#0,新增,252,258,6,0,2024-09-27,0.09411762478442398,-0.647058819404523,0,1,0,1,0,1,1,0.2788889080653957
WNDW,wide,tb_258#1,bo_252#0,burst_245_252#0,原有,252,258,6,0,2024-09-27,0.09411762478442398,-0.647058819404523,0,1,0,1,0,1,1,0.2788889080653957
WNDW,wide,tb_258#2,bo_253#0,burst_245_253#0,原有,253,258,5,0,2024-09-27,0.09411762478442398,-0.647058819404523,0,1,0,1,0,1,1,0.2788889080653957
WNDW,causal,tb_258#0,bo_250#0,burst_245_252#0,新增,252,258,6,0,2024-09-27,0.09411762478442398,-0.647058819404523,0,1,0,1,0,1,1,0.2788889080653957
WNDW,causal,tb_258#1,bo_252#0,burst_245_252#0,原有,252,258,6,0,2024-09-27,0.09411762478442398,-0.647058819404523,0,1,0,1,0,1,1,0.2788889080653957
WNDW,causal,tb_258#2,bo_253#0,burst_245_253#0,原有,253,258,5,0,2024-09-27,0.09411762478442398,-0.647058819404523,0,1,0,1,0,1,1,0.2788889080653957
WOOF,cur,tb_177_179#0,bo_170#0,burst_165_170#0,原有,170,177,7,0,2024-06-03,0.055343545622484745,-0.2653630078009041,0,1,0,0,0,0,3,0.10469006304322556
WOOF,cur,tb_177_179#1,bo_172#0,burst_165_172#0,原有,172,177,5,0,2024-06-03,0.055343545622484745,-0.2653630078009041,0,1,0,0,0,0,3,0.10469006304322556
WOOF,cur,tb_177_179#2,bo_175#0,burst_165_175#0,原有,175,177,2,0,2024-06-03,0.055343545622484745,-0.2653630078009041,0,1,0,0,0,0,3,0.10469006304322556
WOOF,cur,tb_179#0,bo_177#0,burst_165_177#0,原有,177,179,2,0,2024-06-05,0.002421247401352966,-0.30024212474013534,0,1,0,0,0,0,1,0.10688034740183175
WOOF,cur,tb_249_253#1,bo_247#0,burst_246_247#0,原有,247,249,2,0,2024-09-16,0.25279344424544037,-0.13546266408768518,0,0,0,0,0,0,5,0.0852729348454622
WOOF,wide,tb_177_179#0,bo_170#0,burst_165_170#0,原有,170,177,7,0,2024-06-03,0.055343545622484745,-0.2653630078009041,0,1,0,0,0,0,3,0.10469006304322556
WOOF,wide,tb_177_179#1,bo_172#0,burst_165_172#0,原有,172,177,5,0,2024-06-03,0.055343545622484745,-0.2653630078009041,0,1,0,0,0,0,3,0.10469006304322556
WOOF,wide,tb_177_179#2,bo_175#0,burst_165_175#0,原有,175,177,2,0,2024-06-03,0.055343545622484745,-0.2653630078009041,0,1,0,0,0,0,3,0.10469006304322556
WOOF,wide,tb_179#0,bo_177#0,burst_165_177#0,原有,177,179,2,0,2024-06-05,0.002421247401352966,-0.30024212474013534,0,1,0,0,0,0,1,0.10688034740183175
WOOF,wide,tb_249_253#0,bo_246#0,burst_246_247#0,新增,247,249,2,0,2024-09-16,0.25279344424544037,-0.13546266408768518,0,0,0,0,0,0,5,0.0852729348454622
WOOF,wide,tb_249_253#1,bo_247#0,burst_246_247#0,原有,247,249,2,0,2024-09-16,0.25279344424544037,-0.13546266408768518,0,0,0,0,0,0,5,0.0852729348454622
WOOF,causal,tb_177_179#0,bo_170#0,burst_165_170#0,原有,170,177,7,0,2024-06-03,0.055343545622484745,-0.2653630078009041,0,1,0,0,0,0,3,0.10469006304322556
WOOF,causal,tb_177_179#1,bo_172#0,burst_165_172#0,原有,172,177,5,0,2024-06-03,0.055343545622484745,-0.2653630078009041,0,1,0,0,0,0,3,0.10469006304322556
WOOF,causal,tb_177_179#2,bo_175#0,burst_165_175#0,原有,175,177,2,0,2024-06-03,0.055343545622484745,-0.2653630078009041,0,1,0,0,0,0,3,0.10469006304322556
WOOF,causal,tb_179#0,bo_177#0,burst_165_177#0,原有,177,179,2,0,2024-06-05,0.002421247401352966,-0.30024212474013534,0,1,0,0,0,0,1,0.10688034740183175
WOOF,causal,tb_249_253#0,bo_246#0,burst_246_247#0,新增,247,249,2,0,2024-09-16,0.25279344424544037,-0.13546266408768518,0,0,0,0,0,0,5,0.0852729348454622
WOOF,causal,tb_249_253#1,bo_247#0,burst_246_247#0,原有,247,249,2,0,2024-09-16,0.25279344424544037,-0.13546266408768518,0,0,0,0,0,0,5,0.0852729348454622
ZVRA,cur,tb_210_214#0,bo_206#0,burst_201_206#0,原有,206,210,4,0,2024-07-22,0.38107811155948734,-0.12935151559141805,5,0,2,0,0,0,5,0.07478103492902885
ZVRA,wide,tb_205#0,bo_201#0,burst_201_206#0,新增,206,205,-1,1,2024-07-15,0.35473508098616047,-0.12520067534836854,1,0,1,0,1,0,1,0.050726987933729255
ZVRA,wide,tb_210_214#0,bo_206#0,burst_201_206#0,原有,206,210,4,0,2024-07-22,0.38107811155948734,-0.12935151559141805,5,0,2,0,0,0,5,0.07478103492902885
ZVRA,causal,tb_210_214#0,bo_206#0,burst_201_206#0,原有,206,210,4,0,2024-07-22,0.38107811155948734,-0.12935151559141805,5,0,2,0,0,0,5,0.07478103492902885
YQ,cur,tb_270#0,bo_264#0,burst_258_264#0,原有,264,270,6,0,2024-10-15,0.04411760452090707,-0.4485294175653308,0,1,0,1,0,1,1,0.0639618097186702
YQ,wide,tb_263#0,bo_258#0,burst_258_264#0,新增,264,263,-1,1,2024-10-04,0.17757015010031862,-0.3943925107865469,0,1,0,1,0,1,1,0.05024229506387426
YQ,wide,tb_270#0,bo_264#0,burst_258_264#0,原有,264,270,6,0,2024-10-15,0.04411760452090707,-0.4485294175653308,0,1,0,1,0,1,1,0.0639618097186702
YQ,causal,tb_270#0,bo_264#0,burst_258_264#0,原有,264,270,6,0,2024-10-15,0.04411760452090707,-0.4485294175653308,0,1,0,1,0,1,1,0.0639618097186702
YRD,cur,tb_264#1,bo_259#0,burst_258_259#0,原有,259,264,5,0,2024-10-07,-0.07926026076242498,-0.41743725049927793,0,1,0,1,0,1,1,0.054533473654124406
YRD,wide,tb_264#0,bo_258#0,burst_258_259#0,新增,259,264,5,0,2024-10-07,-0.07926026076242498,-0.41743725049927793,0,1,0,1,0,1,1,0.054533473654124406
YRD,wide,tb_264#1,bo_259#0,burst_258_259#0,原有,259,264,5,0,2024-10-07,-0.07926026076242498,-0.41743725049927793,0,1,0,1,0,1,1,0.054533473654124406
YRD,causal,tb_264#0,bo_258#0,burst_258_259#0,新增,259,264,5,0,2024-10-07,-0.07926026076242498,-0.41743725049927793,0,1,0,1,0,1,1,0.054533473654124406
YRD,causal,tb_264#1,bo_259#0,burst_258_259#0,原有,259,264,5,0,2024-10-07,-0.07926026076242498,-0.41743725049927793,0,1,0,1,0,1,1,0.054533473654124406
WWR,cur,tb_279_283#0,bo_276#0,burst_274_276#0,原有,276,279,3,0,2024-10-28,0.31126387074128864,-0.20708619097686326,0,5,0,5,0,5,5,0.038461503192516594
WWR,wide,tb_279_283#0,bo_276#0,burst_274_276#0,原有,276,279,3,0,2024-10-28,0.31126387074128864,-0.20708619097686326,0,5,0,5,0,5,5,0.038461503192516594
WWR,causal,tb_279_283#0,bo_276#0,burst_274_276#0,原有,276,279,3,0,2024-10-28,0.31126387074128864,-0.20708619097686326,0,5,0,5,0,5,5,0.038461503192516594
WYY,cur,tb_194#0,bo_192#0,burst_177_192#0,原有,192,194,2,0,2024-06-27,0.2500000163749019,-0.24450551627871575,1,0,0,1,0,0,1,0.05874292583561509
WYY,wide,tb_189_191#0,bo_184#0,burst_177_192#0,新增,192,189,-3,1,2024-06-20,0.5072537788437356,-0.08902247954613178,3,0,3,0,3,0,3,0.054598592148494385
WYY,wide,tb_194#0,bo_192#0,burst_177_192#0,原有,192,194,2,0,2024-06-27,0.2500000163749019,-0.24450551627871575,1,0,0,1,0,0,1,0.05874292583561509
WYY,causal,tb_194#0,bo_192#0,burst_177_192#0,原有,192,194,2,0,2024-06-27,0.2500000163749019,-0.24450551627871575,1,0,0,1,0,0,1,0.05874292583561509
WULF,cur,tb_182#2,bo_180#0,burst_178_180#0,原有,180,182,2,0,2024-06-10,1.1067962490969605,-0.11326858069724555,1,0,1,0,1,0,1,0.10919796548121319
WULF,wide,tb_182#0,bo_178#0,burst_178_180#0,新增,180,182,2,0,2024-06-10,1.1067962490969605,-0.11326858069724555,1,0,1,0,1,0,1,0.10919796548121319
WULF,wide,tb_182#1,bo_179#0,burst_178_180#0,新增,180,182,2,0,2024-06-10,1.1067962490969605,-0.11326858069724555,1,0,1,0,1,0,1,0.10919796548121319
WULF,wide,tb_182#2,bo_180#0,burst_178_180#0,原有,180,182,2,0,2024-06-10,1.1067962490969605,-0.11326858069724555,1,0,1,0,1,0,1,0.10919796548121319
WULF,causal,tb_182#0,bo_178#0,burst_178_180#0,新增,180,182,2,0,2024-06-10,1.1067962490969605,-0.11326858069724555,1,0,1,0,1,0,1,0.10919796548121319
WULF,causal,tb_182#1,bo_179#0,burst_178_180#0,新增,180,182,2,0,2024-06-10,1.1067962490969605,-0.11326858069724555,1,0,1,0,1,0,1,0.10919796548121319
WULF,causal,tb_182#2,bo_180#0,burst_178_180#0,原有,180,182,2,0,2024-06-10,1.1067962490969605,-0.11326858069724555,1,0,1,0,1,0,1,0.10919796548121319
XPOF,cur,tb_123#0,bo_120#0,burst_113_120#0,原有,120,123,3,0,2024-03-15,0.11329400722818916,-0.5153896611964359,0,1,0,1,0,1,1,0.06212645331199816
XPOF,wide,tb_123#0,bo_120#0,burst_113_120#0,原有,120,123,3,0,2024-03-15,0.11329400722818916,-0.5153896611964359,0,1,0,1,0,1,1,0.06212645331199816
XPOF,causal,tb_123#0,bo_120#0,burst_113_120#0,原有,120,123,3,0,2024-03-15,0.11329400722818916,-0.5153896611964359,0,1,0,1,0,1,1,0.06212645331199816
XGN,cur,tb_298_300#2,bo_296#0,burst_294_296#0,原有,296,298,2,0,2024-11-22,0.543851875572312,-0.3149467354363092,3,0,3,0,1,0,3,0.09889933491677283
XGN,wide,tb_298_300#0,bo_294#0,burst_294_296#0,新增,296,298,2,0,2024-11-22,0.543851875572312,-0.3149467354363092,3,0,3,0,1,0,3,0.09889933491677283
XGN,wide,tb_298_300#1,bo_295#0,burst_294_296#0,新增,296,298,2,0,2024-11-22,0.543851875572312,-0.3149467354363092,3,0,3,0,1,0,3,0.09889933491677283
XGN,wide,tb_298_300#2,bo_296#0,burst_294_296#0,原有,296,298,2,0,2024-11-22,0.543851875572312,-0.3149467354363092,3,0,3,0,1,0,3,0.09889933491677283
XGN,causal,tb_298_300#0,bo_294#0,burst_294_296#0,新增,296,298,2,0,2024-11-22,0.543851875572312,-0.3149467354363092,3,0,3,0,1,0,3,0.09889933491677283
XGN,causal,tb_298_300#1,bo_295#0,burst_294_296#0,新增,296,298,2,0,2024-11-22,0.543851875572312,-0.3149467354363092,3,0,3,0,1,0,3,0.09889933491677283
XGN,causal,tb_298_300#2,bo_296#0,burst_294_296#0,原有,296,298,2,0,2024-11-22,0.543851875572312,-0.3149467354363092,3,0,3,0,1,0,3,0.09889933491677283
WRBY,cur,tb_165_167#0,bo_163#0,burst_161_163#0,原有,163,165,2,0,2024-05-15,0.11330192811347883,-0.06129112976969031,0,0,0,0,0,0,3,0.041780430159652826
WRBY,wide,tb_163_165#0,bo_161#0,burst_161_163#0,新增,163,163,0,1,2024-05-13,0.1509267442728266,-0.029566807932385086,0,0,0,0,0,0,3,0.04215328705360739
WRBY,wide,tb_165_167#0,bo_163#0,burst_161_163#0,原有,163,165,2,0,2024-05-15,0.11330192811347883,-0.06129112976969031,0,0,0,0,0,0,3,0.041780430159652826
WRBY,causal,tb_165_167#0,bo_163#0,burst_161_163#0,原有,163,165,2,0,2024-05-15,0.11330192811347883,-0.06129112976969031,0,0,0,0,0,0,3,0.041780430159652826
WRLGF,cur,tb_143_147#0,bo_141#0,burst_138_141#0,原有,141,143,2,0,2024-04-15,0.055554814521219374,-0.4033236100804315,0,5,0,5,0,5,5,0.06955860101456016
WRLGF,wide,tb_143_147#0,bo_141#0,burst_138_141#0,原有,141,143,2,0,2024-04-15,0.055554814521219374,-0.4033236100804315,0,5,0,5,0,5,5,0.06955860101456016
WRLGF,causal,tb_143_147#0,bo_141#0,burst_138_141#0,原有,141,143,2,0,2024-04-15,0.055554814521219374,-0.4033236100804315,0,5,0,5,0,5,5,0.06955860101456016
ZCSH,cur,tb_118#0,bo_114#0,burst_102_114#0,原有,114,118,4,0,2024-03-08,0.5044116551900848,-0.3617647013449753,0,0,0,0,0,0,1,0.15036192457313913
ZCSH,wide,tb_109_111#0,bo_107#0,burst_102_114#0,新增,114,109,-5,1,2024-02-26,1.70793066411175,-0.10926789333916864,3,0,3,0,3,0,3,0.14813222306736407
ZCSH,wide,tb_118#0,bo_114#0,burst_102_114#0,原有,114,118,4,0,2024-03-08,0.5044116551900848,-0.3617647013449753,0,0,0,0,0,0,1,0.15036192457313913
ZCSH,causal,tb_118#0,bo_114#0,burst_102_114#0,原有,114,118,4,0,2024-03-08,0.5044116551900848,-0.3617647013449753,0,0,0,0,0,0,1,0.15036192457313913
ZTEK,cur,tb_298_302#1,bo_293#0,burst_291_293#0,原有,293,298,5,0,2024-11-22,0.07587995207788682,-0.3000509892416369,0,4,0,0,0,0,5,0.10189079390793326
ZTEK,wide,tb_298_302#0,bo_291#0,burst_291_293#0,新增,293,298,5,0,2024-11-22,0.07587995207788682,-0.3000509892416369,0,4,0,0,0,0,5,0.10189079390793326
ZTEK,wide,tb_298_302#1,bo_293#0,burst_291_293#0,原有,293,298,5,0,2024-11-22,0.07587995207788682,-0.3000509892416369,0,4,0,0,0,0,5,0.10189079390793326
ZTEK,causal,tb_298_302#0,bo_291#0,burst_291_293#0,新增,293,298,5,0,2024-11-22,0.07587995207788682,-0.3000509892416369,0,4,0,0,0,0,5,0.10189079390793326
ZTEK,causal,tb_298_302#1,bo_293#0,burst_291_293#0,原有,293,298,5,0,2024-11-22,0.07587995207788682,-0.3000509892416369,0,4,0,0,0,0,5,0.10189079390793326
ZVIA,cur,tb_292_293#0,bo_288#0,burst_288#0,原有,288,292,4,0,2024-11-14,1.524504830797906,-0.028552926027859304,2,0,2,0,2,0,2,0.09149055811759482
ZVIA,cur,tb_292_293#1,bo_289#0,burst_288_289#0,原有,289,292,3,0,2024-11-14,1.524504830797906,-0.028552926027859304,2,0,2,0,2,0,2,0.09149055811759482
ZVIA,cur,tb_297_302#0,bo_295#0,burst_288_295#0,原有,295,297,2,0,2024-11-21,1.3066946499878405,-0.05675251998075174,6,0,6,0,6,0,6,0.10585080755644594
ZVIA,cur,tb_305_308#0,bo_303#0,burst_288_303#0,原有,303,305,2,0,2024-12-04,0.7404569417395543,-0.02654432580913424,4,0,3,0,1,0,4,0.14065786037940947
ZVIA,wide,tb_292_293#0,bo_288#0,burst_288#0,原有,288,292,4,0,2024-11-14,1.524504830797906,-0.028552926027859304,2,0,2,0,2,0,2,0.09149055811759482
ZVIA,wide,tb_292_293#1,bo_289#0,burst_288_289#0,原有,289,292,3,0,2024-11-14,1.524504830797906,-0.028552926027859304,2,0,2,0,2,0,2,0.09149055811759482
ZVIA,wide,tb_297_302#0,bo_295#0,burst_288_295#0,原有,295,297,2,0,2024-11-21,1.3066946499878405,-0.05675251998075174,6,0,6,0,6,0,6,0.10585080755644594
ZVIA,wide,tb_305_308#0,bo_303#0,burst_288_303#0,原有,303,305,2,0,2024-12-04,0.7404569417395543,-0.02654432580913424,4,0,3,0,1,0,4,0.14065786037940947
ZVIA,causal,tb_292_293#0,bo_288#0,burst_288#0,原有,288,292,4,0,2024-11-14,1.524504830797906,-0.028552926027859304,2,0,2,0,2,0,2,0.09149055811759482
ZVIA,causal,tb_292_293#1,bo_289#0,burst_288_289#0,原有,289,292,3,0,2024-11-14,1.524504830797906,-0.028552926027859304,2,0,2,0,2,0,2,0.09149055811759482
ZVIA,causal,tb_297_302#0,bo_295#0,burst_288_295#0,原有,295,297,2,0,2024-11-21,1.3066946499878405,-0.05675251998075174,6,0,6,0,6,0,6,0.10585080755644594
ZVIA,causal,tb_305_308#0,bo_303#0,burst_288_303#0,原有,303,305,2,0,2024-12-04,0.7404569417395543,-0.02654432580913424,4,0,3,0,1,0,4,0.14065786037940947
XLO,cur,tb_283#0,bo_281#0,burst_275_281#0,原有,281,283,2,0,2024-11-01,0.16666666666666674,-0.38636361290647525,0,1,0,1,0,1,1,0.09819203323464562
XLO,wide,tb_283#0,bo_281#0,burst_275_281#0,原有,281,283,2,0,2024-11-01,0.16666666666666674,-0.38636361290647525,0,1,0,1,0,1,1,0.09819203323464562
XLO,causal,tb_283#0,bo_281#0,burst_275_281#0,原有,281,283,2,0,2024-11-01,0.16666666666666674,-0.38636361290647525,0,1,0,1,0,1,1,0.09819203323464562
