symbol,tb_id,group,causal,n_burst,tb_start,tb_date,anchor_idx,burst_end_max,burst_end_min,n_bo_after,pos_from_end,first_drought,distinct_pk,vol_spike,peak_age,fr,dd,fp_up,fp_down,fp_both,fp_none,up4,dn4,up6,dn6,n_buy_bars,atr_pct
AIP,tb_307#0,新增,False,1,307,2024-12-06,305,310,310,1,1,94,4,4.655402896398069,152,0.40600674806809334,-0.04115682925240627,1,0,0,0,1,0,1,0,1,0.05030309022308495
AIP,tb_314#0,原有,True,1,314,2024-12-17,310,310,310,0,0,94,4,4.655402896398069,152,0.2640000343322755,-0.1279999732971191,1,0,0,0,1,0,0,0,1,0.05171594377438808
AHCO,tb_113_116#0,原有,True,1,113,2024-03-01,110,110,110,0,0,57,3,4.97228354901279,102,0.11853421499261074,-0.13368424702093412,0,0,0,4,0,0,0,0,4,0.0634624652628096
AMBIQ,tb_219#0,新增,False,1,219,2024-08-02,217,219,219,1,1,144,3,7.210794281071638,71,0.16593975771091785,-0.3173758872743404,0,1,0,0,0,1,0,0,1,0.08976081718325855
AMBIQ,tb_221#0,原有,True,1,221,2024-08-06,219,219,219,0,0,144,3,7.210794281071638,71,0.2163627243558901,-0.28785469405712294,0,0,0,1,0,1,0,0,1,0.09558726334815584
AMBR,tb_311_315#0,原有,True,2,311,2024-12-12,296,297,296,0,1,95,4,3.9049907578558223,162,0.4187865778605088,-0.1085831225839979,0,0,0,5,0,0,0,0,5,0.1382361897453565
AMBR,tb_311_315#1,原有,True,1,311,2024-12-12,297,297,297,0,0,95,4,3.9049907578558223,162,0.4187865778605088,-0.1085831225839979,0,0,0,5,0,0,0,0,5,0.1382361897453565
ALGS,tb_112#0,原有,True,1,112,2024-02-29,109,109,109,0,0,87,5,5.241554095861321,100,0.21212121212121215,-0.26262626262626265,0,0,0,1,0,1,0,0,1,0.07539914515323873
AAOI,tb_246#0,新增,False,2,246,2024-09-11,238,255,247,2,3,66,7,3.012757567557119,128,0.5610130905159905,-0.04681501682104405,1,0,0,0,1,0,1,0,1,0.07934082494471568
AAOI,tb_246#1,新增,False,2,246,2024-09-11,240,255,247,2,2,66,7,3.012757567557119,128,0.5610130905159905,-0.04681501682104405,1,0,0,0,1,0,1,0,1,0.07934082494471568
AAOI,tb_250_254#0,原有,True,2,250,2024-09-17,247,255,247,1,1,66,7,3.012757567557119,128,1.1126632521609234,-0.09882521563380646,5,0,0,0,5,0,5,0,5,0.08771660677984355
AAOI,tb_259#0,原有,True,1,259,2024-09-30,255,255,255,0,0,66,7,3.012757567557119,128,1.7679943709891615,-0.13207549181702805,1,0,0,0,1,0,1,0,1,0.09229724871970682
ADAPY,tb_82_83#0,原有,True,1,82,2024-01-17,75,75,75,0,0,49,3,3.3730629590698333,69,1.8314970217938933,-0.05661469124070406,2,0,0,0,2,0,2,0,2,0.13497750789041849
ACIC,tb_288_289#0,原有,True,2,288,2024-11-08,285,286,285,0,1,174,3,4.246139907131262,60,0.13608736864518123,-0.0774726786832613,0,0,0,2,0,0,0,0,2,0.046082562637094315
ACIC,tb_288_289#1,原有,True,1,288,2024-11-08,286,286,286,0,0,174,3,4.246139907131262,60,0.13608736864518123,-0.0774726786832613,0,0,0,2,0,0,0,0,2,0.046082562637094315
AENT,tb_86#0,新增,True,1,86,2024-01-23,81,83,83,0,1,61,3,7.50301762291784,74,0.6357142863224965,-0.2357142352328,0,0,0,1,1,0,0,0,1,0.14721297520116372
AENT,tb_86#1,原有,True,1,86,2024-01-23,83,83,83,0,0,61,3,7.50301762291784,74,0.6357142863224965,-0.2357142352328,0,0,0,1,1,0,0,0,1,0.14721297520116372
ADNH,tb_294_299#0,新增,True,1,294,2024-11-18,285,290,290,0,2,74,5,1398.5027453152331,152,0.1471717036066741,-0.39931827370644185,0,0,0,6,0,2,0,0,6,0.19686014088073656
ADNH,tb_294_299#1,新增,True,1,294,2024-11-18,287,290,290,0,1,74,5,1398.5027453152331,152,0.1471717036066741,-0.39931827370644185,0,0,0,6,0,2,0,0,6,0.19686014088073656
ADNH,tb_294_299#2,原有,True,1,294,2024-11-18,290,290,290,0,0,74,5,1398.5027453152331,152,0.1471717036066741,-0.39931827370644185,0,0,0,6,0,2,0,0,6,0.19686014088073656
ACB,tb_138#0,原有,True,1,138,2024-04-08,135,135,135,0,0,108,3,20.378870835028835,97,0.3338088553759069,-0.2239657803708528,0,0,0,1,0,0,0,0,1,0.15064791871381245
ACHR,tb_292#0,新增,False,4,292,2024-11-14,288,299,295,4,5,90,8,5.06119267120289,238,1.9079255227035623,-0.05594400308910452,1,0,0,0,1,0,1,0,1,0.07169691097632461
ACHR,tb_292#1,新增,False,4,292,2024-11-14,289,299,295,4,4,90,8,5.06119267120289,238,1.9079255227035623,-0.05594400308910452,1,0,0,0,1,0,1,0,1,0.07169691097632461
ARMP,tb_80_81#0,原有,True,1,80,2024-01-12,78,78,78,0,0,50,4,9.530090972708187,72,0.19946667482151748,-0.2610428578183273,0,0,0,2,0,0,0,0,2,0.11366391529169968
ARQ,tb_290_291#0,新增,False,1,290,2024-11-12,287,294,294,2,2,166,4,3.0962196194491365,88,0.14145019724870767,-0.1414492738446433,0,1,0,1,2,0,0,0,2,0.033271581919608086
ARQ,tb_293#0,新增,False,1,293,2024-11-15,290,294,294,1,1,166,4,3.0962196194491365,88,0.17706818778415157,-0.11465892266497024,1,0,0,0,1,0,0,0,1,0.033271581919608086
ARQ,tb_297_302#0,原有,True,1,297,2024-11-21,294,294,294,0,0,166,4,3.0962196194491365,88,0.0324049728436005,-0.2056101541493279,0,5,0,1,0,6,0,1,6,0.04246310983442467
ARQQ,tb_301#0,新增,True,2,301,2024-11-27,297,304,299,1,3,183,4,15.953635701369503,186,1.949162125170023,-0.12849158022772034,1,0,0,0,1,0,1,0,1,0.16128441923209536
ARQQ,tb_301#1,新增,True,2,301,2024-11-27,298,304,299,1,2,183,4,15.953635701369503,186,1.949162125170023,-0.12849158022772034,1,0,0,0,1,0,1,0,1,0.16128441923209536
ARQQ,tb_301#2,原有,True,2,301,2024-11-27,299,304,299,1,1,183,4,15.953635701369503,186,1.949162125170023,-0.12849158022772034,1,0,0,0,1,0,1,0,1,0.16128441923209536
ARQQ,tb_307_313#0,原有,True,1,307,2024-12-06,304,304,304,0,0,183,4,15.953635701369503,186,1.1636474433618382,-0.3606194287471059,2,0,0,5,6,0,2,0,7,0.1849380166292781
AMST,tb_83#0,新增,True,1,83,2024-01-18,76,78,78,0,1,46,3,9.597526165556612,61,0.18385093695047727,-0.23395442937301147,0,0,0,1,0,0,0,0,1,0.10242672584006915
AMST,tb_83#1,原有,True,1,83,2024-01-18,78,78,78,0,0,46,3,9.597526165556612,61,0.18385093695047727,-0.23395442937301147,0,0,0,1,0,0,0,0,1,0.10242672584006915
AMST,tb_306_307#0,新增,False,1,306,2024-12-05,304,308,308,2,2,153,5,8.131303254644504,141,0.8839366601599222,-0.2792207341746525,2,0,0,0,2,0,2,0,2,0.0607031524130622
AMST,tb_313#0,新增,True,1,313,2024-12-16,306,308,308,0,1,153,5,8.131303254644504,141,0.592131896544734,-0.39086292880397744,1,0,0,0,1,0,1,0,1,0.07537846643850979
AMST,tb_313#1,原有,True,1,313,2024-12-16,308,308,308,0,0,153,5,8.131303254644504,141,0.592131896544734,-0.39086292880397744,1,0,0,0,1,0,1,0,1,0.07537846643850979
API,tb_262#0,新增,True,1,262,2024-10-03,260,261,261,0,1,94,5,514.3264029107775,225,0.3111111153924775,-0.4707070734315766,0,1,0,0,0,1,0,1,1,0.052935265621664576
API,tb_267_268#0,原有,True,1,267,2024-10-10,261,261,261,0,0,94,5,514.3264029107775,225,1.0230488119621588,-0.19258679027151032,2,0,0,0,2,0,2,0,2,0.08133751416659432
APLD,tb_191#0,原有,True,2,191,2024-06-24,187,189,187,0,1,103,4,3.7329858348261586,98,0.18914475490099192,-0.4078947450975964,0,1,0,0,0,1,0,1,1,0.10338188713376922
APLD,tb_191#1,原有,True,1,191,2024-06-24,189,189,189,0,0,103,4,3.7329858348261586,98,0.18914475490099192,-0.4078947450975964,0,1,0,0,0,1,0,1,1,0.10338188713376922
ARBB,tb_282_285#0,新增,True,1,282,2024-10-31,271,278,278,0,1,203,4,2113.1536908332723,78,1.2045649987287206,-0.250054174030487,4,0,0,0,4,0,4,0,4,0.12691902721432669
ARBB,tb_282_285#1,原有,True,1,282,2024-10-31,278,278,278,0,0,203,4,2113.1536908332723,78,1.2045649987287206,-0.250054174030487,4,0,0,0,4,0,4,0,4,0.12691902721432669
BAER,tb_277_278#0,新增,True,1,277,2024-10-24,273,275,275,0,2,208,3,30.364932713983197,65,0.20528650134875237,-0.3916172950083206,0,2,0,0,0,2,0,2,2,0.09172429750351717
BAER,tb_277_278#1,新增,True,1,277,2024-10-24,274,275,275,0,1,208,3,30.364932713983197,65,0.20528650134875237,-0.3916172950083206,0,2,0,0,0,2,0,2,2,0.09172429750351717
BAER,tb_277_278#2,原有,True,1,277,2024-10-24,275,275,275,0,0,208,3,30.364932713983197,65,0.20528650134875237,-0.3916172950083206,0,2,0,0,0,2,0,2,2,0.09172429750351717
ATHE,tb_312_314#0,新增,True,3,312,2024-12-13,302,308,304,0,4,161,4,71.14461335095837,101,1.5242872660014488,-0.12273491878295413,3,0,0,0,3,0,3,0,3,0.09902093445859941
ATHE,tb_312_314#1,新增,True,3,312,2024-12-13,303,308,304,0,3,161,4,71.14461335095837,101,1.5242872660014488,-0.12273491878295413,3,0,0,0,3,0,3,0,3,0.09902093445859941
ATHE,tb_312_314#2,原有,True,3,312,2024-12-13,304,308,304,0,2,161,4,71.14461335095837,101,1.5242872660014488,-0.12273491878295413,3,0,0,0,3,0,3,0,3,0.09902093445859941
ATHE,tb_312_314#3,原有,True,2,312,2024-12-13,305,308,305,0,1,161,4,71.14461335095837,101,1.5242872660014488,-0.12273491878295413,3,0,0,0,3,0,3,0,3,0.09902093445859941
ATHE,tb_312_314#4,原有,True,1,312,2024-12-13,308,308,308,0,0,161,4,71.14461335095837,101,1.5242872660014488,-0.12273491878295413,3,0,0,0,3,0,3,0,3,0.09902093445859941
BCRX,tb_169_176#0,新增,True,1,169,2024-05-21,165,166,166,0,1,82,4,3.08983725389328,66,0.22115612156282738,-0.06894554526515367,0,0,0,8,1,0,0,0,8,0.06303910490558075
BCRX,tb_169_176#1,原有,True,1,169,2024-05-21,166,166,166,0,0,82,4,3.08983725389328,66,0.22115612156282738,-0.06894554526515367,0,0,0,8,1,0,0,0,8,0.06303910490558075
AVXL,tb_207#0,新增,False,1,207,2024-07-17,203,215,215,2,3,143,4,3.031684699681917,126,0.26520264773494295,-0.16722976945890256,0,0,0,1,0,0,0,0,1,0.06632302456479527
AVXL,tb_207#1,新增,False,1,207,2024-07-17,205,215,215,2,2,143,4,3.031684699681917,126,0.26520264773494295,-0.16722976945890256,0,0,0,1,0,0,0,0,1,0.06632302456479527
AVXL,tb_213_215#0,新增,False,1,213,2024-07-25,211,215,215,1,1,143,4,3.031684699681917,126,0.0744501961427378,-0.2825005772108504,0,3,0,0,0,3,0,0,3,0.07151964586092399
AVXL,tb_217_221#0,原有,True,1,217,2024-07-31,215,215,215,0,0,143,4,3.031684699681917,126,0.08098987763259569,-0.2556871473830148,0,0,0,5,0,4,0,0,5,0.07819268845288652
AVXL,tb_294_301#0,新增,True,2,294,2024-11-18,282,285,284,0,3,67,4,8.722985173527706,70,0.6700428499113025,-0.126945376198722,8,0,0,0,8,0,8,0,8,0.07607130942036376
AVXL,tb_294_301#1,新增,True,2,294,2024-11-18,283,285,284,0,2,67,4,8.722985173527706,70,0.6700428499113025,-0.126945376198722,8,0,0,0,8,0,8,0,8,0.07607130942036376
AVXL,tb_294_301#2,原有,True,2,294,2024-11-18,284,285,284,0,1,67,4,8.722985173527706,70,0.6700428499113025,-0.126945376198722,8,0,0,0,8,0,8,0,8,0.07607130942036376
AVXL,tb_294_301#3,原有,True,1,294,2024-11-18,285,285,285,0,0,67,4,8.722985173527706,70,0.6700428499113025,-0.126945376198722,8,0,0,0,8,0,8,0,8,0.07607130942036376
ASTS,tb_177_182#0,原有,True,2,177,2024-06-03,166,174,166,0,1,116,5,23.351065862379563,105,1.4582066613906246,-0.06836917581909387,6,0,0,0,6,0,6,0,6,0.13996171147299044
ASTS,tb_177_182#1,原有,True,1,177,2024-06-03,174,174,174,0,0,116,5,23.351065862379563,105,1.4582066613906246,-0.06836917581909387,6,0,0,0,6,0,6,0,6,0.13996171147299044
ATAI,tb_298_305#0,原有,True,1,298,2024-11-22,295,295,295,0,0,83,3,8.005738518578278,80,0.17357362567806495,-0.313145638584535,0,0,0,8,0,2,0,0,8,0.12484985466804033
AUST,tb_257_259#0,新增,False,2,257,2024-09-26,255,267,260,2,2,139,5,9.14262881291651,144,1.7982456993418292,-0.01725146666641571,3,0,0,0,3,0,3,0,3,0.06735855055413742
AUST,tb_265_266#0,原有,True,2,265,2024-10-08,260,267,260,1,1,139,5,9.14262881291651,144,1.4856665142277758,-0.003190270548499019,2,0,0,0,2,0,2,0,2,0.07352399936986681
AUST,tb_272#0,原有,True,1,272,2024-10-17,267,267,267,0,0,139,5,9.14262881291651,144,0.7722223009592242,-0.24444441648177084,1,0,0,0,1,0,1,0,1,0.10287157879684589
BEKE,tb_262_263#0,原有,True,1,262,2024-10-03,260,260,260,0,0,99,3,7.513665511752874,93,0.008259167881852547,-0.3007161589544287,0,2,0,0,0,2,0,2,2,0.051958572448023384
AYTU,tb_104_105#0,新增,False,1,104,2024-02-16,100,105,105,1,3,79,3,3.88736877373241,69,0.04836695798942048,-0.17805548976688046,0,1,0,1,0,2,0,0,2,0.045389389569885474
AYTU,tb_104_105#1,新增,False,1,104,2024-02-16,101,105,105,1,2,79,3,3.88736877373241,69,0.04836695798942048,-0.17805548976688046,0,1,0,1,0,2,0,0,2,0.045389389569885474
AYTU,tb_104_105#2,新增,False,1,104,2024-02-16,102,105,105,1,1,79,3,3.88736877373241,69,0.04836695798942048,-0.17805548976688046,0,1,0,1,0,2,0,0,2,0.045389389569885474
BE,tb_291#0,新增,False,1,291,2024-11-13,288,293,293,1,1,115,4,11.76124392611946,123,1.1102941145533922,-0.060294163639568854,1,0,0,0,1,0,1,0,1,0.06306284392352654
BE,tb_300_308#0,原有,True,1,300,2024-11-26,293,293,293,0,0,115,4,11.76124392611946,123,0.11982225900306413,-0.2558297983590514,0,5,0,4,0,9,0,0,9,0.07060284658205748
BEAT,tb_179#0,新增,True,1,179,2024-06-05,172,173,173,0,1,51,3,5.743155912884185,103,0.18749999452163202,-0.25735295600028996,0,0,0,1,0,1,0,0,1,0.07774555671866709
BEAT,tb_179#1,原有,True,1,179,2024-06-05,173,173,173,0,0,51,3,5.743155912884185,103,0.18749999452163202,-0.25735295600028996,0,0,0,1,0,1,0,0,1,0.07774555671866709
BILI,tb_263#0,新增,True,1,263,2024-10-04,253,255,255,0,1,63,4,3.2994293018534533,64,0.007979732431568687,-0.3500181256926851,0,1,0,0,0,1,0,1,1,0.05635886023200585
BILI,tb_263#1,原有,True,1,263,2024-10-04,255,255,255,0,0,63,4,3.2994293018534533,64,0.007979732431568687,-0.3500181256926851,0,1,0,0,0,1,0,1,1,0.05635886023200585
BLFS,tb_170#0,原有,True,1,170,2024-05-22,162,162,162,0,0,64,3,4.238220509050448,62,0.06489945753015247,-0.14533814075867324,0,0,0,1,0,0,0,0,1,0.0501325102870692
BNTC,tb_119_126#0,新增,True,1,119,2024-03-11,106,109,109,0,1,86,3,5.978808353808354,75,1.010539984211492,-0.07190816711287856,8,0,0,0,8,0,8,0,8,0.07464109356175164
BNTC,tb_119_129#0,原有,True,1,119,2024-03-11,109,109,109,0,0,86,3,5.978808353808354,75,1.0386186384913085,-0.06589142979872863,11,0,0,0,11,0,11,0,11,0.07464109356175164
BNTC,tb_313_316#0,新增,True,1,313,2024-12-16,307,310,310,0,2,47,4,3.2993858751279426,103,0.05954343457414518,-0.21326086461473825,0,0,0,4,0,1,0,0,4,0.07879260284693508
BNTC,tb_313_316#1,新增,True,1,313,2024-12-16,308,310,310,0,1,47,4,3.2993858751279426,103,0.05954343457414518,-0.21326086461473825,0,0,0,4,0,1,0,0,4,0.07879260284693508
BNTC,tb_313_316#2,原有,True,1,313,2024-12-16,310,310,310,0,0,47,4,3.2993858751279426,103,0.05954343457414518,-0.21326086461473825,0,0,0,4,0,1,0,0,4,0.07879260284693508
BOF,tb_247_249#0,新增,True,1,247,2024-09-12,237,240,240,0,2,137,3,2132.541517503564,86,0.21392611567082218,-0.3900125930668252,0,0,0,3,0,0,0,0,3,0.20359609208774138
BOF,tb_247_249#1,新增,True,1,247,2024-09-12,238,240,240,0,1,137,3,2132.541517503564,86,0.21392611567082218,-0.3900125930668252,0,0,0,3,0,0,0,0,3,0.20359609208774138
BOF,tb_247_249#2,原有,True,1,247,2024-09-12,240,240,240,0,0,137,3,2132.541517503564,86,0.21392611567082218,-0.3900125930668252,0,0,0,3,0,0,0,0,3,0.20359609208774138
BTDR,tb_189_196#0,新增,True,1,189,2024-06-20,184,185,185,0,1,125,6,4.281603557854563,94,0.31266142145226505,-0.37891197623693584,0,7,0,1,0,8,0,5,8,0.0902970973317752
BTDR,tb_189_196#1,原有,True,1,189,2024-06-20,185,185,185,0,0,125,6,4.281603557854563,94,0.31266142145226505,-0.37891197623693584,0,7,0,1,0,8,0,5,8,0.0902970973317752
BTG,tb_252_253#0,新增,True,1,252,2024-09-19,247,249,249,0,2,41,4,3.60351544930118,226,0.0464524691042949,-0.20617540364114428,0,2,0,0,0,2,0,2,2,0.029704223310445116
BTG,tb_252_253#1,新增,True,1,252,2024-09-19,248,249,249,0,1,41,4,3.60351544930118,226,0.0464524691042949,-0.20617540364114428,0,2,0,0,0,2,0,2,2,0.029704223310445116
BTG,tb_252_253#2,原有,True,1,252,2024-09-19,249,249,249,0,0,41,4,3.60351544930118,226,0.0464524691042949,-0.20617540364114428,0,2,0,0,0,2,0,2,2,0.029704223310445116
CAN,tb_293_296#0,原有,True,1,293,2024-11-15,289,289,289,0,0,217,3,8.118887116850786,162,1.0334401795006642,-0.07690263923311158,4,0,0,0,4,0,4,0,4,0.1281892420254629
CANG,tb_285#0,原有,True,1,285,2024-11-05,278,278,278,0,0,74,3,9.330316742081449,73,2.4134275999420383,-0.11660775003622614,1,0,0,0,1,0,1,0,1,0.08532881275577839
CAPR,tb_265#0,新增,True,1,265,2024-10-08,254,255,255,0,1,83,7,71.3712130208256,130,0.2105535287577951,-0.35281943723446485,0,0,0,1,0,0,0,0,1,0.14684177566105122
CAPR,tb_265#1,原有,True,1,265,2024-10-08,255,255,255,0,0,83,7,71.3712130208256,130,0.2105535287577951,-0.35281943723446485,0,0,0,1,0,0,0,0,1,0.14684177566105122
BWEN,tb_170_171#0,新增,True,2,170,2024-05-22,166,168,167,0,2,146,5,14.371730167148552,155,0.26876088596953307,-0.17325906035613226,0,0,0,2,2,0,0,0,2,0.05641973135905913
BWEN,tb_170_171#1,原有,True,2,170,2024-05-22,167,168,167,0,1,146,5,14.371730167148552,155,0.26876088596953307,-0.17325906035613226,0,0,0,2,2,0,0,0,2,0.05641973135905913
BWEN,tb_170_171#2,原有,True,1,170,2024-05-22,168,168,168,0,0,146,5,14.371730167148552,155,0.26876088596953307,-0.17325906035613226,0,0,0,2,2,0,0,0,2,0.05641973135905913
BYRN,tb_251#0,原有,True,1,251,2024-09-18,247,247,247,0,0,108,4,7.327854948451665,108,0.1684716664063477,-0.2117930373056487,0,1,0,0,0,1,0,0,1,0.05167648141329784
BYSI,tb_97#0,新增,False,1,97,2024-02-07,93,99,99,2,3,73,4,9.575712656784493,82,2.636363557547579,-0.04545460949259217,1,0,0,0,1,0,1,0,1,0.06666667108182565
BYSI,tb_97#1,新增,False,1,97,2024-02-07,95,99,99,2,2,73,4,9.575712656784493,82,2.636363557547579,-0.04545460949259217,1,0,0,0,1,0,1,0,1,0.06666667108182565
BYSI,tb_101_103#0,新增,True,1,101,2024-02-13,97,99,99,0,1,73,4,9.575712656784493,82,1.9057046364706682,-0.23725256756514812,3,0,0,0,0,3,3,0,3,0.06666667108182565
BYSI,tb_101_103#1,原有,True,1,101,2024-02-13,99,99,99,0,0,73,4,9.575712656784493,82,1.9057046364706682,-0.23725256756514812,3,0,0,0,0,3,3,0,3,0.06666667108182565
BZ,tb_112#0,新增,False,1,112,2024-02-29,109,120,120,2,3,89,3,5.253470292588897,73,0.3623002774742379,-0.007028735156811128,1,0,0,0,1,0,1,0,1,0.03606267946337072
BZ,tb_112#1,新增,False,1,112,2024-02-29,110,120,120,2,2,89,3,5.253470292588897,73,0.3623002774742379,-0.007028735156811128,1,0,0,0,1,0,1,0,1,0.03606267946337072
BZ,tb_119#0,新增,False,1,119,2024-03-11,117,120,120,1,1,89,3,5.253470292588897,73,0.21828573054111367,-0.0005713458843676911,1,0,0,0,1,0,1,0,1,0.029930221420077053
BZ,tb_126#0,原有,True,1,126,2024-03-20,120,120,120,0,0,89,3,5.253470292588897,73,0.14818655875332798,-0.09378230122931897,0,0,0,1,1,0,0,0,1,0.029930221420077053
BZUN,tb_260#0,原有,True,1,260,2024-10-01,258,258,258,0,0,95,3,8.16430933137399,217,0.19863010566841788,-0.3643835965409058,0,1,0,0,1,0,0,1,1,0.04465722207916938
CGC,tb_134#0,原有,True,1,134,2024-04-02,131,131,131,0,0,75,3,17.847113027073444,73,0.7868262748112353,-0.27065869768068707,1,0,0,0,1,0,0,0,1,0.14871344455195726
CLLS,tb_160_161#0,新增,True,1,160,2024-05-08,156,158,158,0,1,93,3,7.777970082828532,60,0.04011350187475371,-0.4255873906139649,0,2,0,0,0,2,0,2,2,0.061776684831411084
CLLS,tb_160_161#1,原有,True,1,160,2024-05-08,158,158,158,0,0,93,3,7.777970082828532,60,0.04011350187475371,-0.4255873906139649,0,2,0,0,0,2,0,2,2,0.061776684831411084
CCEL,tb_297_300#0,原有,True,2,297,2024-11-21,287,289,287,0,1,129,4,50.066098081023455,99,0.05581173916136928,-0.21800319487969164,0,0,0,4,0,2,0,0,4,0.0721084372183308
CCEL,tb_297_300#1,原有,True,1,297,2024-11-21,289,289,289,0,0,129,4,50.066098081023455,99,0.05581173916136928,-0.21800319487969164,0,0,0,4,0,2,0,0,4,0.0721084372183308
CHRS,tb_303#0,新增,False,1,303,2024-12-02,300,304,304,1,1,90,4,38.619573480595875,76,0.7737226702915572,-0.24817520598190468,1,0,0,0,1,0,1,0,1,0.11281017949758065
CHRS,tb_307_310#0,原有,True,1,307,2024-12-06,304,304,304,0,0,90,4,38.619573480595875,76,0.07537946120575567,-0.3810603541256169,0,0,0,4,0,4,0,0,4,0.13395654557125558
CNK,tb_115#0,新增,True,2,115,2024-03-05,111,120,113,1,2,83,3,3.417488377506353,87,0.18466927871560213,-0.015679222987702968,0,0,0,1,1,0,0,0,1,0.03943820155383751
CNK,tb_115#1,原有,True,2,115,2024-03-05,113,120,113,1,1,83,3,3.417488377506353,87,0.18466927871560213,-0.015679222987702968,0,0,0,1,1,0,0,0,1,0.03943820155383751
CNK,tb_128#0,原有,True,1,128,2024-03-22,120,120,120,0,0,83,3,3.417488377506353,87,0.1352255115849903,-0.07178629023485095,0,0,0,1,0,0,0,0,1,0.0372476703908712
CMTL,tb_258#0,新增,True,1,258,2024-09-27,253,254,254,0,1,65,4,3.1658205819499923,66,0.2285714480341705,-0.4404761877730319,0,1,0,0,0,1,0,1,1,0.06105483797709211
CMTL,tb_258#1,原有,True,1,258,2024-09-27,254,254,254,0,0,65,4,3.1658205819499923,66,0.2285714480341705,-0.4404761877730319,0,1,0,0,0,1,0,1,1,0.06105483797709211
CLPS,tb_244#0,新增,True,2,244,2024-09-09,234,240,237,0,2,214,4,5.18577648766328,188,0.41666669425701497,-0.15833337585695006,0,0,0,1,1,0,0,0,1,0.0921091365768408
CLPS,tb_244#1,原有,True,2,244,2024-09-09,237,240,237,0,1,214,4,5.18577648766328,188,0.41666669425701497,-0.15833337585695006,0,0,0,1,1,0,0,0,1,0.0921091365768408
CLPS,tb_244#2,原有,True,1,244,2024-09-09,240,240,240,0,0,214,4,5.18577648766328,188,0.41666669425701497,-0.15833337585695006,0,0,0,1,1,0,0,0,1,0.0921091365768408
COHN,tb_164_165#0,新增,True,1,164,2024-05-14,158,159,159,0,1,76,3,5.680406122139718,118,0.4055749268983462,-0.1612597690476476,2,0,0,0,2,0,0,0,2,0.07494224407719655
COHN,tb_164_165#1,原有,True,1,164,2024-05-14,159,159,159,0,0,76,3,5.680406122139718,118,0.4055749268983462,-0.1612597690476476,2,0,0,0,2,0,0,0,2,0.07494224407719655
COYA,tb_272_274#0,新增,False,2,272,2024-10-17,269,277,275,2,3,163,4,4.728563465258878,109,0.25465076611770493,-0.3285015631001768,0,3,0,0,0,3,0,3,3,0.07010759796948346
COYA,tb_272_274#1,新增,False,2,272,2024-10-17,270,277,275,2,2,163,4,4.728563465258878,109,0.25465076611770493,-0.3285015631001768,0,3,0,0,0,3,0,3,3,0.07010759796948346
COYA,tb_277#0,原有,True,2,277,2024-10-24,275,277,275,1,1,163,4,4.728563465258878,109,0.03329969008952416,-0.4883955348409664,0,1,0,0,0,1,0,1,1,0.08206539348534822
CRBU,tb_289#0,新增,True,1,289,2024-11-11,284,287,287,0,1,175,3,3.537972528450891,81,-0.028673808171997717,-0.44802867996090956,0,1,0,0,0,1,0,1,1,0.081916561740522
CRBU,tb_289#1,原有,True,1,289,2024-11-11,287,287,287,0,0,175,3,3.537972528450891,81,-0.028673808171997717,-0.44802867996090956,0,1,0,0,0,1,0,1,1,0.081916561740522
CRCT,tb_163_166#0,原有,True,1,163,2024-05-13,160,160,160,0,0,136,3,9.031286838906995,98,0.019742745803729977,-0.24499736776847789,0,4,0,0,0,4,0,4,4,0.04547317596462162
CTSO,tb_206_207#0,原有,True,1,206,2024-07-16,204,204,204,0,0,140,4,4.496497509339975,106,0.12621751777670065,-0.23146917918733406,0,0,0,2,0,0,0,0,2,0.09952407391287268
CSBR,tb_314_315#0,新增,True,3,314,2024-12-17,308,316,310,1,3,60,5,6.228645587541293,234,0.8043019334920706,-0.006947580068602688,2,0,0,0,2,0,2,0,2,0.0922929798808596
CSBR,tb_314_315#1,原有,True,3,314,2024-12-17,310,316,310,1,2,60,5,6.228645587541293,234,0.8043019334920706,-0.006947580068602688,2,0,0,0,2,0,2,0,2,0.0922929798808596
CSBR,tb_314_315#2,原有,True,2,314,2024-12-17,312,316,312,1,1,60,5,6.228645587541293,234,0.8043019334920706,-0.006947580068602688,2,0,0,0,2,0,2,0,2,0.0922929798808596
CSBR,tb_318_324#0,原有,True,1,318,2024-12-23,316,316,316,0,0,60,5,6.228645587541293,234,0.45135356435486385,-0.0714450723646728,0,0,0,6,3,0,0,0,6,0.11253770919749981
CSPI,tb_302_310#0,新增,True,1,302,2024-11-29,296,299,299,0,2,86,3,5.493887530562347,89,0.2890343477291586,-0.2601216143819893,3,5,0,1,6,3,2,2,9,0.04613228859103738
CSPI,tb_302_310#1,新增,True,1,302,2024-11-29,298,299,299,0,1,86,3,5.493887530562347,89,0.2890343477291586,-0.2601216143819893,3,5,0,1,6,3,2,2,9,0.04613228859103738
CSPI,tb_302_310#2,原有,True,1,302,2024-11-29,299,299,299,0,0,86,3,5.493887530562347,89,0.2890343477291586,-0.2601216143819893,3,5,0,1,6,3,2,2,9,0.04613228859103738
CURI,tb_243_244#0,新增,True,1,243,2024-09-06,236,239,239,0,2,109,4,5.147504059504478,98,0.8501979296210274,-0.0365855080966202,2,0,0,0,2,0,2,0,2,0.08687942873294419
CURI,tb_243_244#1,新增,True,1,243,2024-09-06,237,239,239,0,1,109,4,5.147504059504478,98,0.8501979296210274,-0.0365855080966202,2,0,0,0,2,0,2,0,2,0.08687942873294419
CURI,tb_243_244#2,原有,True,1,243,2024-09-06,239,239,239,0,0,109,4,5.147504059504478,98,0.8501979296210274,-0.0365855080966202,2,0,0,0,2,0,2,0,2,0.08687942873294419
CRGO,tb_291#0,新增,True,1,291,2024-11-13,287,289,289,0,2,93,3,12.952057274981195,95,0.3778705547378203,-0.2734864202948267,0,0,0,1,0,0,0,0,1,0.09647489466134958
CRGO,tb_291#1,新增,True,1,291,2024-11-13,288,289,289,0,1,93,3,12.952057274981195,95,0.3778705547378203,-0.2734864202948267,0,0,0,1,0,0,0,0,1,0.09647489466134958
CRGO,tb_291#2,原有,True,1,291,2024-11-13,289,289,289,0,0,93,3,12.952057274981195,95,0.3778705547378203,-0.2734864202948267,0,0,0,1,0,0,0,0,1,0.09647489466134958
CTGO,tb_175_177#0,新增,False,1,175,2024-05-30,173,177,177,1,1,52,4,8.263687853996224,132,0.03590157268842161,-0.32126352859001256,0,3,0,0,0,3,0,3,3,0.041087640123226646
CTGO,tb_179_182#0,原有,True,1,179,2024-06-05,177,177,177,0,0,52,4,8.263687853996224,132,0.016219140610112703,-0.3223324765253666,0,4,0,0,0,4,0,4,4,0.0466764455639078
CRVO,tb_102#0,新增,True,1,102,2024-02-14,99,100,100,0,1,79,4,5.076822916666667,77,0.7824323527563926,-0.19594598208316616,1,0,0,0,1,0,1,0,1,0.05661877684524394
CRVO,tb_102#1,原有,True,1,102,2024-02-14,100,100,100,0,0,79,4,5.076822916666667,77,0.7824323527563926,-0.19594598208316616,1,0,0,0,1,0,1,0,1,0.05661877684524394
CNTX,tb_131_134#0,新增,False,1,131,2024-03-27,129,131,131,1,1,109,3,4.410839626832519,97,0.5368861323988929,-0.10411478276124447,4,0,0,0,4,0,3,0,4,0.09068847725865198
CNTY,tb_287#0,新增,True,1,287,2024-11-07,279,284,284,0,2,62,5,7.872983354673495,185,0.23543696455641538,-0.29611646215521603,0,1,0,0,0,1,0,0,1,0.07067933990147074
CNTY,tb_287#1,新增,True,1,287,2024-11-07,280,284,284,0,1,62,5,7.872983354673495,185,0.23543696455641538,-0.29611646215521603,0,1,0,0,0,1,0,0,1,0.07067933990147074
CNTY,tb_287#2,原有,True,1,287,2024-11-07,284,284,284,0,0,62,5,7.872983354673495,185,0.23543696455641538,-0.29611646215521603,0,1,0,0,0,1,0,0,1,0.07067933990147074
CNVS,tb_268_270#0,原有,True,2,268,2024-10-11,265,271,265,1,1,154,5,14.662336049284578,133,1.8635330593379091,-0.03443426599717362,3,0,0,0,3,0,3,0,3,0.0677280080568059
CNVS,tb_275#0,原有,True,1,275,2024-10-22,271,271,271,0,0,154,5,14.662336049284578,133,0.8458150186901263,-0.08370046643917117,1,0,0,0,1,0,0,0,1,0.14499398691403428
COCP,tb_169#0,新增,True,2,169,2024-05-21,164,172,165,1,2,141,6,7.769211514392992,159,0.6315789176486533,-0.06842105098048068,1,0,0,0,1,0,1,0,1,0.05750859565720546
COCP,tb_169#1,原有,True,2,169,2024-05-21,165,172,165,1,1,141,6,7.769211514392992,159,0.6315789176486533,-0.06842105098048068,1,0,0,0,1,0,1,0,1,0.05750859565720546
COCP,tb_175_179#0,原有,True,1,175,2024-05-30,172,172,172,0,0,141,6,7.769211514392992,159,0.34700382815505504,-0.17564856854097802,0,0,0,5,1,0,0,0,5,0.09354168345915179
CYPH,tb_283#0,新增,True,1,283,2024-11-01,278,280,280,0,1,47,3,9.555206535265544,139,0.04812835997278464,-0.33957218654762056,0,1,0,0,0,1,0,0,1,0.08806944217112413
CYPH,tb_283#1,原有,True,1,283,2024-11-01,280,280,280,0,0,47,3,9.555206535265544,139,0.04812835997278464,-0.33957218654762056,0,1,0,0,0,1,0,0,1,0.08806944217112413
CRMD,tb_238_239#0,新增,True,1,238,2024-08-29,234,235,235,0,1,94,3,3.550319827578745,77,1.2089590208743037,-0.13712220223438365,2,0,0,0,2,0,2,0,2,0.06627942785208543
CRMD,tb_238_239#1,原有,True,1,238,2024-08-29,235,235,235,0,0,94,3,3.550319827578745,77,1.2089590208743037,-0.13712220223438365,2,0,0,0,2,0,2,0,2,0.06627942785208543
CVRX,tb_283#0,新增,True,1,283,2024-11-01,280,281,281,0,1,75,4,4.5155291503646815,81,0.19514924220609653,-0.1503730930605388,0,0,0,1,0,0,0,0,1,0.08356500752747126
CVRX,tb_283#1,原有,True,1,283,2024-11-01,281,281,281,0,0,75,4,4.5155291503646815,81,0.19514924220609653,-0.1503730930605388,0,0,0,1,0,0,0,0,1,0.08356500752747126
CVU,tb_238#0,新增,True,1,238,2024-08-29,234,236,236,0,2,94,3,4.038289249146758,95,0.16393442879246,-0.08196721439623,0,0,0,1,0,0,0,0,1,0.04554232003009499
CVU,tb_238#1,新增,True,1,238,2024-08-29,235,236,236,0,1,94,3,4.038289249146758,95,0.16393442879246,-0.08196721439623,0,0,0,1,0,0,0,0,1,0.04554232003009499
CVU,tb_238#2,原有,True,1,238,2024-08-29,236,236,236,0,0,94,3,4.038289249146758,95,0.16393442879246,-0.08196721439623,0,0,0,1,0,0,0,0,1,0.04554232003009499
CVV,tb_317_322#0,原有,True,1,317,2024-12-20,312,312,312,0,0,170,3,3.52462798477333,105,0.2162964238048151,-0.23624423765990799,0,0,0,6,0,4,0,0,6,0.0786443208256725
DOMH,tb_139_143#0,原有,True,1,139,2024-04-09,136,136,136,0,0,64,3,7.134550696780394,63,0.06565617620668651,-0.30904224730723284,0,5,0,0,0,5,0,5,5,0.057426268445222334
DQ,tb_260_262#0,新增,False,2,260,2024-10-01,257,264,263,2,3,139,4,5.361902516717744,112,0.42683773582658696,-0.18644811408225573,3,0,0,0,3,0,3,0,3,0.0588599836822341
DQ,tb_260_262#1,新增,False,2,260,2024-10-01,258,264,263,2,2,139,4,5.361902516717744,112,0.42683773582658696,-0.18644811408225573,3,0,0,0,3,0,3,0,3,0.0588599836822341
DQ,tb_268#0,原有,True,2,268,2024-10-11,263,264,263,0,1,139,4,5.361902516717744,112,0.5048780673887672,-0.1419512120688834,1,0,0,0,1,0,0,0,1,0.08749754681577843
DQ,tb_268#1,原有,True,1,268,2024-10-11,264,264,264,0,0,139,4,5.361902516717744,112,0.5048780673887672,-0.1419512120688834,1,0,0,0,1,0,0,0,1,0.08749754681577843
DCGO,tb_290_293#0,原有,True,2,290,2024-11-12,288,291,288,1,1,74,5,5.566718853192709,166,0.11540903677774189,-0.07789652893908905,0,0,0,4,0,0,0,0,4,0.05189050683056022
DCGO,tb_295_300#0,原有,True,1,295,2024-11-19,291,291,291,0,0,74,5,5.566718853192709,166,0.1580426996342028,-0.058065609059874734,0,0,0,6,0,0,0,0,6,0.05302204091199714
DDL,tb_245_246#0,新增,True,1,245,2024-09-10,238,242,242,0,2,61,6,5.161169111691117,193,0.59239130261946,-0.06948472278541679,2,0,0,0,2,0,2,0,2,0.07600117063232682
DDL,tb_245_246#1,新增,True,1,245,2024-09-10,240,242,242,0,1,61,6,5.161169111691117,193,0.59239130261946,-0.06948472278541679,2,0,0,0,2,0,2,0,2,0.07600117063232682
DDL,tb_245_246#2,原有,True,1,245,2024-09-10,242,242,242,0,0,61,6,5.161169111691117,193,0.59239130261946,-0.06948472278541679,2,0,0,0,2,0,2,0,2,0.07600117063232682
DAO,tb_260#0,新增,False,2,260,2024-10-01,258,261,260,2,2,148,5,11.41771411867875,151,0.4699073269227436,-0.02546299285726661,1,0,0,0,1,0,1,0,1,0.05302607320396807
DAO,tb_263_265#0,原有,True,2,263,2024-10-04,260,261,260,0,1,148,5,11.41771411867875,151,0.3214416701009542,-0.22268137052885043,0,0,0,3,1,2,0,0,3,0.061446754107136764
DAO,tb_263_265#1,原有,True,1,263,2024-10-04,261,261,261,0,0,148,5,11.41771411867875,151,0.3214416701009542,-0.22268137052885043,0,0,0,3,1,2,0,0,3,0.061446754107136764
DGXX,tb_285_286#0,新增,True,1,285,2024-11-05,279,280,280,0,1,206,4,7.737408082587411,123,0.3509956648200112,-0.10337507058293693,0,0,0,2,1,0,0,0,2,0.1042163606502853
DGXX,tb_285_286#1,原有,True,1,285,2024-11-05,280,280,280,0,0,206,4,7.737408082587411,123,0.3509956648200112,-0.10337507058293693,0,0,0,2,1,0,0,0,2,0.1042163606502853
CYDVF,tb_118#0,原有,True,2,118,2024-03-08,115,116,115,0,1,85,4,3.5227846041175037,84,0.33962267333818863,-0.4528301748867849,0,1,0,0,0,1,0,1,1,0.09838709832478262
CYDVF,tb_118#1,原有,True,1,118,2024-03-08,116,116,116,0,0,85,4,3.5227846041175037,84,0.33962267333818863,-0.4528301748867849,0,1,0,0,0,1,0,1,1,0.09838709832478262
DYAI,tb_301#0,新增,True,1,301,2024-11-27,296,297,297,0,1,121,4,19.164809384164222,92,0.17647061073468806,-0.27272726693197424,0,0,0,1,0,0,0,0,1,0.09431838074326226
DYAI,tb_301#1,原有,True,1,301,2024-11-27,297,297,297,0,0,121,4,19.164809384164222,92,0.17647061073468806,-0.27272726693197424,0,0,0,1,0,0,0,0,1,0.09431838074326226
DERM,tb_184#0,新增,True,2,184,2024-06-12,180,184,183,1,3,44,3,3.4898044790380087,98,0.04377100160607417,-0.20707070828700425,0,0,0,1,0,0,0,0,1,0.07918964001550292
DERM,tb_184#1,新增,True,2,184,2024-06-12,182,184,183,1,2,44,3,3.4898044790380087,98,0.04377100160607417,-0.20707070828700425,0,0,0,1,0,0,0,0,1,0.07918964001550292
DERM,tb_186_189#0,原有,True,2,186,2024-06-14,183,184,183,0,1,44,3,3.4898044790380087,98,0.1280208069626667,-0.23403745380013433,0,0,0,4,0,0,0,0,4,0.08759613316677427
DERM,tb_186_189#1,原有,True,1,186,2024-06-14,184,184,184,0,0,44,3,3.4898044790380087,98,0.1280208069626667,-0.23403745380013433,0,0,0,4,0,0,0,0,4,0.08759613316677427
DUOT,tb_261#0,新增,False,2,261,2024-10-02,259,271,270,3,3,131,4,6.33563796354494,112,1.077419437206005,-0.08580638780305883,1,0,0,0,1,0,1,0,1,0.0662514843497525
DUOT,tb_266#0,新增,False,2,266,2024-10-09,264,271,270,2,2,131,4,6.33563796354494,112,0.9815384791447566,-0.04615387549767125,1,0,0,0,1,0,1,0,1,0.08264426348314259
DUOT,tb_273_280#0,原有,True,2,273,2024-10-18,270,271,270,0,1,131,4,6.33563796354494,112,0.5831139303573841,-0.09436287893845217,8,0,0,0,8,0,8,0,8,0.08439985951711144
DUOT,tb_273_280#1,原有,True,1,273,2024-10-18,271,271,271,0,0,131,4,6.33563796354494,112,0.5831139303573841,-0.09436287893845217,8,0,0,0,8,0,8,0,8,0.08439985951711144
EBON,tb_292#0,新增,True,1,292,2024-11-14,286,289,289,0,1,221,3,6.909907722195241,82,0.09988560272545732,-0.35697940128892247,0,1,0,0,0,1,0,1,1,0.07589638734549672
EBON,tb_292#1,原有,True,1,292,2024-11-14,289,289,289,0,0,221,3,6.909907722195241,82,0.09988560272545732,-0.35697940128892247,0,1,0,0,0,1,0,1,1,0.07589638734549672
EDN,tb_241#0,新增,False,2,241,2024-09-04,239,244,243,2,2,171,6,3.3764610811278826,180,0.443050666758541,-0.011038696303782403,1,0,0,0,1,0,1,0,1,0.05137244809710952
EDN,tb_246#0,原有,True,2,246,2024-09-11,243,244,243,0,1,171,6,3.3764610811278826,180,0.5010979191053002,-0.06148439132125394,1,0,0,0,1,0,1,0,1,0.05321526659855938
EDN,tb_246#1,原有,True,1,246,2024-09-11,244,244,244,0,0,171,6,3.3764610811278826,180,0.5010979191053002,-0.06148439132125394,1,0,0,0,1,0,1,0,1,0.05321526659855938
DTST,tb_291#0,新增,False,1,291,2024-11-13,288,291,291,1,2,114,3,4.181933717860984,65,0.025291851715514513,-0.28015561404799416,0,1,0,0,0,1,0,1,1,0.051877061156799784
DTST,tb_291#1,新增,False,1,291,2024-11-13,289,291,291,1,1,114,3,4.181933717860984,65,0.025291851715514513,-0.28015561404799416,0,1,0,0,0,1,0,1,1,0.051877061156799784
ECOR,tb_84#0,新增,False,1,84,2024-01-19,81,85,85,1,1,61,5,5.299322700458816,74,0.2187028332181875,-0.09954755850029462,0,0,0,1,0,0,0,0,1,0.0675634967274116
ECOR,tb_87_94#0,原有,True,1,87,2024-01-24,85,85,85,0,0,61,5,5.299322700458816,74,0.045063385934478783,-0.22197919864190763,0,4,0,4,0,6,0,1,8,0.06348454908074916
EMBC,tb_305#0,原有,True,2,305,2024-12-04,300,301,300,0,1,89,6,5.131070473374067,229,0.043491053241119904,-0.14279395478002976,0,0,0,1,0,0,0,0,1,0.053828540445191975
EMBC,tb_305#1,原有,True,1,305,2024-12-04,301,301,301,0,0,89,6,5.131070473374067,229,0.043491053241119904,-0.14279395478002976,0,0,0,1,0,0,0,0,1,0.053828540445191975
ELBM,tb_101#0,新增,True,1,101,2024-02-13,98,99,99,0,1,78,3,7.332675556791905,78,0.17741937654695672,-0.29193547239660855,0,0,0,1,0,1,0,0,1,0.08565228060908464
ELBM,tb_101#1,原有,True,1,101,2024-02-13,99,99,99,0,0,78,3,7.332675556791905,78,0.17741937654695672,-0.29193547239660855,0,0,0,1,0,1,0,0,1,0.08565228060908464
ELDN,tb_280#0,新增,True,1,280,2024-10-29,274,276,276,0,2,108,3,4.153188320193123,108,0.5431755137339398,-0.025069614574109722,1,0,0,0,1,0,1,0,1,0.06010478540077478
ELDN,tb_280#1,新增,True,1,280,2024-10-29,275,276,276,0,1,108,3,4.153188320193123,108,0.5431755137339398,-0.025069614574109722,1,0,0,0,1,0,1,0,1,0.06010478540077478
ELDN,tb_280#2,原有,True,1,280,2024-10-29,276,276,276,0,0,108,3,4.153188320193123,108,0.5431755137339398,-0.025069614574109722,1,0,0,0,1,0,1,0,1,0.06010478540077478
ESOA,tb_233_236#0,原有,True,1,233,2024-08-22,230,230,230,0,0,88,5,9.550586947265982,91,0.07014549486397231,-0.11483317599082266,0,0,0,4,0,0,0,0,4,0.05964801635672478
ESP,tb_261#0,原有,True,1,261,2024-10-02,259,259,259,0,0,153,3,25.38186882755128,157,0.09126974603253135,-0.09821427707681751,0,0,0,1,0,0,0,0,1,0.049800337114524654
ETCG,tb_297_298#0,新增,False,3,297,2024-11-21,294,307,298,3,3,177,5,3.8556506937638626,135,0.3425606254465179,-0.22047376180819134,0,0,0,2,2,0,0,0,2,0.07822025000487187
ETCG,tb_301_302#0,原有,True,3,301,2024-11-27,298,307,298,1,2,177,5,3.8556506937638626,135,0.19424049995177783,-0.30659235286742054,0,1,0,1,0,2,0,0,2,0.0910443176822405
ETCG,tb_301_302#1,原有,True,2,301,2024-11-27,299,307,299,1,1,177,5,3.8556506937638626,135,0.19424049995177783,-0.30659235286742054,0,1,0,1,0,2,0,0,2,0.0910443176822405
ETCG,tb_310_314#0,原有,True,1,310,2024-12-11,307,307,307,0,0,177,5,3.8556506937638626,135,0.014974175575384052,-0.4220911947156617,0,5,0,0,0,5,0,5,5,0.08681073752320491
EVGO,tb_198#0,新增,False,1,198,2024-07-03,193,204,204,2,3,82,5,3.6831127822672785,136,0.8577074554998314,-0.017786591621669512,1,0,0,0,1,0,1,0,1,0.06883541116194647
EVGO,tb_198#1,新增,False,1,198,2024-07-03,194,204,204,2,2,82,5,3.6831127822672785,136,0.8577074554998314,-0.017786591621669512,1,0,0,0,1,0,1,0,1,0.06883541116194647
EVGO,tb_206#0,新增,True,1,206,2024-07-16,199,204,204,0,1,82,5,3.6831127822672785,136,0.14914416477253112,-0.19315407598988588,0,0,0,1,0,0,0,0,1,0.07958504728171537
EVGO,tb_206#1,原有,True,1,206,2024-07-16,204,204,204,0,0,82,5,3.6831127822672785,136,0.14914416477253112,-0.19315407598988588,0,0,0,1,0,0,0,0,1,0.07958504728171537
EPRX,tb_150_151#0,原有,True,2,150,2024-11-07,146,147,146,0,1,126,4,39.03964757709251,114,0.2794829511997915,-0.13446740217053404,0,0,0,2,0,0,0,0,2,0.08223451455122284
EPRX,tb_150_151#1,原有,True,1,150,2024-11-07,147,147,147,0,0,126,4,39.03964757709251,114,0.2794829511997915,-0.13446740217053404,0,0,0,2,0,0,0,0,2,0.08223451455122284
EH,tb_135_141#0,原有,True,1,135,2024-04-03,132,132,132,0,0,108,3,3.899962915580074,83,0.10446356867652581,-0.21168769213965266,0,0,0,7,0,0,0,0,7,0.09996369141340272
ESLA,tb_208_210#0,新增,True,2,208,2024-07-18,198,204,203,0,3,148,5,4.642340954863168,110,1.3228893403453326,-0.37289181297714163,3,0,0,0,3,0,3,0,3,0.09274466587602087
ESLA,tb_208_210#1,新增,True,2,208,2024-07-18,200,204,203,0,2,148,5,4.642340954863168,110,1.3228893403453326,-0.37289181297714163,3,0,0,0,3,0,3,0,3,0.09274466587602087
ESLA,tb_208_210#2,原有,True,2,208,2024-07-18,203,204,203,0,1,148,5,4.642340954863168,110,1.3228893403453326,-0.37289181297714163,3,0,0,0,3,0,3,0,3,0.09274466587602087
ESLA,tb_208_210#3,原有,True,1,208,2024-07-18,204,204,204,0,0,148,5,4.642340954863168,110,1.3228893403453326,-0.37289181297714163,3,0,0,0,3,0,3,0,3,0.09274466587602087
EYPT,tb_275#0,新增,False,1,275,2024-10-22,271,279,279,1,1,183,3,7.8433493480501495,75,0.30139532754587584,-0.3293023220328397,1,0,0,0,1,0,0,1,1,0.05221785439470214
EYPT,tb_282_289#0,原有,True,1,282,2024-10-31,279,279,279,0,0,183,3,7.8433493480501495,75,0.047940299791068605,-0.4152801307155886,0,8,0,0,0,8,0,8,8,0.0656600673781895
EOSE,tb_194#0,新增,True,4,194,2024-06-27,191,203,192,3,4,163,9,7.877249534981524,170,0.8749999452163197,-0.06617649443524909,1,0,0,0,1,0,1,0,1,0.11775516516428339
EOSE,tb_194#1,原有,True,4,194,2024-06-27,192,203,192,3,3,163,9,7.877249534981524,170,0.8749999452163197,-0.06617649443524909,1,0,0,0,1,0,1,0,1,0.11775516516428339
EOSE,tb_202_203#0,原有,True,3,202,2024-07-10,198,203,198,1,2,163,9,7.877249534981524,170,0.344774711344667,-0.33239831499048283,0,0,0,2,0,0,0,0,2,0.1366966821518611
EOSE,tb_202_203#1,原有,True,2,202,2024-07-10,199,203,199,1,1,163,9,7.877249534981524,170,0.344774711344667,-0.33239831499048283,0,0,0,2,0,0,0,0,2,0.1366966821518611
EOSE,tb_207#0,原有,True,1,207,2024-07-17,203,203,203,0,0,163,9,7.877249534981524,170,0.4336734122904289,-0.28826532970612717,0,0,0,1,0,0,0,0,1,0.1366966821518611
FMCKO,tb_182_188#0,原有,True,1,182,2024-06-10,176,176,176,0,0,87,3,102.86567926455567,81,0.0570719620593827,-0.3523573798473955,0,6,0,0,0,6,0,6,6,0.0056308121798687005
EVTL,tb_133#0,原有,True,1,133,2024-04-01,127,127,127,0,0,104,3,4.664095714024179,69,0.04310344685839129,-0.43620691838077286,0,1,0,0,0,1,0,1,1,0.07577072384496789
EXFY,tb_292#0,新增,True,2,292,2024-11-14,288,296,289,1,2,44,5,6.726198888057824,234,0.44405603703791074,-0.08041950667526199,1,0,0,0,1,0,1,0,1,0.059069120875405424
EXFY,tb_292#1,原有,True,2,292,2024-11-14,289,296,289,1,1,44,5,6.726198888057824,234,0.44405603703791074,-0.08041950667526199,1,0,0,0,1,0,1,0,1,0.059069120875405424
EXFY,tb_300_301#0,原有,True,1,300,2024-11-26,296,296,296,0,0,44,5,6.726198888057824,234,0.24976199820385736,-0.07100020708483334,0,0,0,2,0,0,0,0,2,0.06689606039290097
FNMAP,tb_177_179#0,原有,True,1,177,2024-06-03,175,175,175,0,0,148,4,11.52367688022284,81,0.12106762734836211,-0.16720389986125314,0,2,0,1,2,1,0,2,3,0.029462988608010266
FOSL,tb_170#0,原有,True,1,170,2024-05-22,167,167,167,0,0,144,3,3.7302765057098135,60,0.21678326808361215,-0.19580418297909696,0,0,0,1,0,0,0,0,1,0.09055350071655266
FNMA,tb_278#0,新增,True,1,278,2024-10-25,275,276,276,0,1,150,3,4.9443600962887775,96,1.3701299907666984,-0.22077917051387563,1,0,0,0,0,1,1,0,1,0.06786573749212707
FNMA,tb_278#1,原有,True,1,278,2024-10-25,276,276,276,0,0,150,3,4.9443600962887775,96,1.3701299907666984,-0.22077917051387563,1,0,0,0,0,1,1,0,1,0.06786573749212707
FLNT,tb_161_162#0,新增,False,1,161,2024-05-09,159,161,161,1,1,77,3,3.253018297075349,71,0.011870857912195332,-0.2251141419559649,0,0,0,2,0,0,0,0,2,0.08805364964019943
FLNT,tb_165#0,原有,True,1,165,2024-05-15,161,161,161,0,0,77,3,3.253018297075349,71,0.0680100102171668,-0.1763224288763453,0,0,0,1,0,0,0,0,1,0.07255731171972168
GDLC,tb_275#0,新增,True,1,275,2024-10-22,268,273,273,0,2,93,4,7.287006978349224,154,0.7186951808706381,-0.09786043118656151,1,0,0,0,1,0,1,0,1,0.03768897703106043
GDLC,tb_275#1,新增,True,1,275,2024-10-22,271,273,273,0,1,93,4,7.287006978349224,154,0.7186951808706381,-0.09786043118656151,1,0,0,0,1,0,1,0,1,0.03768897703106043
GDLC,tb_275#2,原有,True,1,275,2024-10-22,273,273,273,0,0,93,4,7.287006978349224,154,0.7186951808706381,-0.09786043118656151,1,0,0,0,1,0,1,0,1,0.03768897703106043
FSI,tb_233_234#0,新增,True,1,233,2024-08-22,227,229,229,0,1,91,3,8.925844668714348,221,0.25459776403792056,0.009999991798078645,2,0,0,0,2,0,1,0,2,0.0406604361094126
FSI,tb_233_234#1,原有,True,1,233,2024-08-22,229,229,229,0,0,91,3,8.925844668714348,221,0.25459776403792056,0.009999991798078645,2,0,0,0,2,0,1,0,2,0.0406604361094126
FTCI,tb_252#0,原有,True,2,252,2024-09-19,250,258,250,1,1,188,5,197.42845199944267,126,0.4041745962333845,-0.27134726222632644,0,0,0,1,0,0,0,0,1,0.12782476275673887
FTCI,tb_263#0,原有,True,1,263,2024-10-04,258,258,258,0,0,188,5,197.42845199944267,126,0.4068440633776387,-0.42775668070586403,0,1,0,0,0,1,0,0,1,0.13276272016661142
GFAI,tb_313_314#0,新增,True,1,313,2024-12-16,306,308,308,0,1,175,3,14.129986168301562,72,2.1040000915527344,-0.2464000225067139,2,0,0,0,2,0,2,0,2,0.11254686327010836
GFAI,tb_313_314#1,原有,True,1,313,2024-12-16,308,308,308,0,0,175,3,14.129986168301562,72,2.1040000915527344,-0.2464000225067139,2,0,0,0,2,0,2,0,2,0.11254686327010836
GLGI,tb_92_95#0,新增,False,1,92,2024-01-31,84,96,96,1,2,64,3,3.1413382218148485,64,0.9708831647992544,-0.13616609117556014,4,0,0,0,3,1,4,0,4,0.04188600544444715
GLGI,tb_92_95#1,新增,False,1,92,2024-01-31,89,96,96,1,1,64,3,3.1413382218148485,64,0.9708831647992544,-0.13616609117556014,4,0,0,0,3,1,4,0,4,0.04188600544444715
GLGI,tb_98_99#0,原有,True,1,98,2024-02-08,96,96,96,0,0,64,3,3.1413382218148485,64,0.9183991916921166,-0.15916970521495122,2,0,0,0,2,0,2,0,2,0.04878376195954204
GGRP,tb_307_308#0,新增,False,4,307,2024-12-06,303,317,309,4,4,195,11,244.85779975151462,311,7.948087605389271,0.08657301847759435,2,0,0,0,2,0,2,0,2,0.12620034934412425
GGRP,tb_317#0,原有,True,4,317,2024-12-20,309,317,309,1,3,195,11,244.85779975151462,311,0.2836676237339477,-0.5702005742403686,0,1,0,0,0,1,0,1,1,0.2187423900627323
GGRP,tb_317#1,原有,True,3,317,2024-12-20,310,317,310,1,2,195,11,244.85779975151462,311,0.2836676237339477,-0.5702005742403686,0,1,0,0,0,1,0,1,1,0.2187423900627323
GGRP,tb_317#2,原有,True,2,317,2024-12-20,315,317,315,1,1,195,11,244.85779975151462,311,0.2836676237339477,-0.5702005742403686,0,1,0,0,0,1,0,1,1,0.2187423900627323
FURY,tb_141#0,原有,True,1,141,2024-04-11,138,138,138,0,0,115,3,5.51930988162203,84,0.051660511735571735,-0.2988929921762855,0,0,0,1,0,1,0,0,1,0.09935063092421156
HERE,tb_93_94#0,原有,True,2,93,2024-02-01,89,90,89,0,1,61,5,6.530345339121709,73,0.10075266276285733,-0.35915087536648554,0,0,0,2,0,0,0,0,2,0.167358590111784
HERE,tb_93_94#1,原有,True,1,93,2024-02-01,90,90,90,0,0,61,5,6.530345339121709,73,0.10075266276285733,-0.35915087536648554,0,0,0,2,0,0,0,0,2,0.167358590111784
HERE,tb_268_271#0,新增,True,1,268,2024-10-11,261,264,264,0,1,126,4,98.0722770568205,174,0.08060528297823494,-0.3087201953901876,0,0,0,4,0,0,0,0,4,0.1349653134790004
HERE,tb_268_271#1,原有,True,1,268,2024-10-11,264,264,264,0,0,126,4,98.0722770568205,174,0.08060528297823494,-0.3087201953901876,0,0,0,4,0,0,0,0,4,0.1349653134790004
GSKRF,tb_138_151#0,新增,True,2,138,2024-04-08,131,135,134,0,3,111,4,7.130533135023119,122,0.5884123312327788,-0.031054019580911814,8,0,0,6,11,0,8,0,14,0.07722502093978681
GSKRF,tb_138_151#1,新增,True,2,138,2024-04-08,133,135,134,0,2,111,4,7.130533135023119,122,0.5884123312327788,-0.031054019580911814,8,0,0,6,11,0,8,0,14,0.07722502093978681
GSKRF,tb_138_151#2,原有,True,2,138,2024-04-08,134,135,134,0,1,111,4,7.130533135023119,122,0.5884123312327788,-0.031054019580911814,8,0,0,6,11,0,8,0,14,0.07722502093978681
GSKRF,tb_138_151#3,原有,True,1,138,2024-04-08,135,135,135,0,0,111,4,7.130533135023119,122,0.5884123312327788,-0.031054019580911814,8,0,0,6,11,0,8,0,14,0.07722502093978681
HCHDF,tb_133_135#0,原有,True,1,133,2024-04-01,127,127,127,0,0,76,3,7.5650782361308675,78,0.42693603480692516,-0.008155625909104569,3,0,0,0,3,0,3,0,3,0.026476829993674473
GRWG,tb_133_134#0,新增,True,2,133,2024-04-01,129,135,131,1,3,77,5,6.487248017548946,82,0.1736677538473057,-0.2812153580311323,0,2,0,0,0,2,0,1,2,0.06630811288654422
GRWG,tb_133_134#1,新增,True,2,133,2024-04-01,130,135,131,1,2,77,5,6.487248017548946,82,0.1736677538473057,-0.2812153580311323,0,2,0,0,0,2,0,1,2,0.06630811288654422
GRWG,tb_133_134#2,原有,True,2,133,2024-04-01,131,135,131,1,1,77,5,6.487248017548946,82,0.1736677538473057,-0.2812153580311323,0,2,0,0,0,2,0,1,2,0.06630811288654422
GRWG,tb_137#0,原有,True,1,137,2024-04-05,135,135,135,0,0,77,5,6.487248017548946,82,0.11130744371467949,-0.2685512406191133,0,0,0,1,0,0,0,0,1,0.09486890838807732
GENK,tb_135#0,新增,True,1,135,2024-04-03,126,132,132,0,2,43,3,5.402734631867758,111,0.07806085773146632,-0.30073951417951217,0,0,0,1,0,1,0,0,1,0.10411684424305578
GENK,tb_135#1,新增,True,1,135,2024-04-03,127,132,132,0,1,43,3,5.402734631867758,111,0.07806085773146632,-0.30073951417951217,0,0,0,1,0,1,0,0,1,0.10411684424305578
GENK,tb_135#2,原有,True,1,135,2024-04-03,132,132,132,0,0,43,3,5.402734631867758,111,0.07806085773146632,-0.30073951417951217,0,0,0,1,0,1,0,0,1,0.10411684424305578
GWSO,tb_104_110#0,新增,True,1,104,2024-02-16,95,96,96,0,1,72,3,31.960460100647015,77,0.07295748382297738,-0.603753011580518,0,7,0,0,0,7,0,7,7,0.17789289628097654
GWSO,tb_104_110#1,原有,True,1,104,2024-02-16,96,96,96,0,0,72,3,31.960460100647015,77,0.07295748382297738,-0.603753011580518,0,7,0,0,0,7,0,7,7,0.17789289628097654
HANNF,tb_310#0,原有,True,1,310,2024-12-11,307,307,307,0,0,107,4,5.037061034080601,95,0.5465517941255511,-0.2241379292626443,0,0,0,1,1,0,0,0,1,0.10934383112047744
HTZ,tb_294#0,新增,False,2,294,2024-11-18,290,302,299,2,3,84,4,3.2442597170850576,95,0.27764429138786206,-0.24278841083924263,0,0,0,1,1,0,0,0,1,0.06459494521697165
HTZ,tb_294#1,新增,False,2,294,2024-11-18,292,302,299,2,2,84,4,3.2442597170850576,95,0.27764429138786206,-0.24278841083924263,0,0,0,1,1,0,0,0,1,0.06459494521697165
HTZ,tb_301_303#0,原有,True,2,301,2024-11-27,299,302,299,1,1,84,4,3.2442597170850576,95,0.08640815103949977,-0.33685497917655716,0,3,0,0,0,3,0,2,3,0.0783986913377151
HTZ,tb_306_310#0,原有,True,1,306,2024-12-05,302,302,302,0,0,84,4,3.2442597170850576,95,0.052125348013843206,-0.31281993481786247,0,5,0,0,0,5,0,1,5,0.07980830074680768
HIPO,tb_287#0,原有,True,2,287,2024-11-07,285,288,285,1,1,75,5,4.66976519587131,150,0.4496189865325202,0.005503774604049605,1,0,0,0,1,0,1,0,1,0.050333345385565276
HIPO,tb_293_296#0,原有,True,1,293,2024-11-15,288,288,288,0,0,75,5,4.66976519587131,150,0.205391646503656,-0.19628826376428393,0,1,0,3,1,3,0,0,4,0.0517463518715479
HIMX,tb_317_323#0,新增,True,1,317,2024-12-20,307,311,311,0,1,124,4,25.178381405210654,122,0.736441316879028,-0.11492670517556351,7,0,0,0,7,0,7,0,7,0.05213626642136384
HIMX,tb_317_323#1,原有,True,1,317,2024-12-20,311,311,311,0,0,124,4,25.178381405210654,122,0.736441316879028,-0.11492670517556351,7,0,0,0,7,0,7,0,7,0.05213626642136384
HNST,tb_297#0,新增,True,1,297,2024-11-21,286,291,291,0,2,58,3,10.088908739377962,174,0.1725490398961853,-0.26405228179667006,0,1,0,0,0,1,0,0,1,0.05980602092210913
HNST,tb_297#1,新增,True,1,297,2024-11-21,289,291,291,0,1,58,3,10.088908739377962,174,0.1725490398961853,-0.26405228179667006,0,1,0,0,0,1,0,0,1,0.05980602092210913
HNST,tb_297#2,原有,True,1,297,2024-11-21,291,291,291,0,0,58,3,10.088908739377962,174,0.1725490398961853,-0.26405228179667006,0,1,0,0,0,1,0,0,1,0.05980602092210913
HOUR,tb_227_229#0,新增,True,1,227,2024-08-14,224,225,225,0,1,95,3,85.08060109289617,85,0.21278790093224695,-0.0644425993453015,0,0,0,3,0,0,0,0,3,0.07751029131910214
HOUR,tb_227_229#1,原有,True,1,227,2024-08-14,225,225,225,0,0,95,3,85.08060109289617,85,0.21278790093224695,-0.0644425993453015,0,0,0,3,0,0,0,0,3,0.07751029131910214
IDN,tb_131#0,原有,True,1,131,2024-03-27,128,128,128,0,0,66,3,489.00599300815713,118,0.059490096274503745,-0.2521246101130138,0,1,0,0,0,1,0,1,1,0.05489840418922511
IONQ,tb_265_267#0,原有,True,1,265,2024-10-08,258,258,258,0,0,44,4,9.741351351997897,93,2.922841762638211,-0.037606537150739396,3,0,0,0,3,0,3,0,3,0.0659570997882401
IBIO,tb_262#0,新增,False,1,262,2024-10-03,259,266,266,2,2,90,3,19.102080922331155,82,0.3938053578140688,-0.0884955966936618,1,0,0,0,1,0,0,0,1,0.06878499239485639
IBIO,tb_266#0,新增,False,1,266,2024-10-09,264,266,266,1,1,90,3,19.102080922331155,82,0.10915499667851014,-0.2746478855503478,0,1,0,0,0,1,0,0,1,0.07251230209058514
IBIO,tb_268#0,原有,True,1,268,2024-10-11,266,266,266,0,0,90,3,19.102080922331155,82,0.19771861532297108,-0.21673009386258024,0,0,0,1,0,0,0,0,1,0.0879619821053362
HRTG,tb_232_237#0,新增,True,2,232,2024-08-21,224,226,225,0,2,97,4,3.8497345687153786,93,0.11468471609145574,-0.4261682227049775,0,6,0,0,0,6,0,6,6,0.08882541097942467
HRTG,tb_232_237#1,原有,True,2,232,2024-08-21,225,226,225,0,1,97,4,3.8497345687153786,93,0.11468471609145574,-0.4261682227049775,0,6,0,0,0,6,0,6,6,0.08882541097942467
HRTG,tb_232_237#2,原有,True,1,232,2024-08-21,226,226,226,0,0,97,4,3.8497345687153786,93,0.11468471609145574,-0.4261682227049775,0,6,0,0,0,6,0,6,6,0.08882541097942467
INDO,tb_267_268#0,原有,True,1,267,2024-10-10,264,264,264,0,0,118,3,45.17852352715907,110,-0.00015782848332568378,-0.44602271815619876,0,2,0,0,0,2,0,2,2,0.06999885869872864
IMMX,tb_304_305#0,新增,False,2,304,2024-12-03,301,307,306,2,3,133,4,5.664466587908984,108,0.19149082959231456,-0.19541393409791435,0,0,0,2,0,0,0,0,2,0.10887618070503613
IMMX,tb_304_305#1,新增,False,2,304,2024-12-03,302,307,306,2,2,133,4,5.664466587908984,108,0.19149082959231456,-0.19541393409791435,0,0,0,2,0,0,0,0,2,0.10887618070503613
IMMX,tb_310#0,原有,True,2,310,2024-12-11,306,307,306,0,1,133,4,5.664466587908984,108,0.0732758970627756,-0.21120685535647943,0,0,0,1,0,0,0,0,1,0.11512897338515912
IMMX,tb_310#1,原有,True,1,310,2024-12-11,307,307,307,0,0,133,4,5.664466587908984,108,0.0732758970627756,-0.21120685535647943,0,0,0,1,0,0,0,0,1,0.11512897338515912
IPI,tb_166#0,新增,False,1,166,2024-05-16,161,172,172,2,2,100,3,3.6403322878697977,104,0.11687276987804229,-0.10809729228006904,0,0,0,1,1,0,0,0,1,0.027192600347824433
IPI,tb_175_177#0,新增,True,1,175,2024-05-30,169,172,172,0,1,100,3,3.6403322878697977,104,0.025636086226220083,-0.15779022626330133,0,2,0,1,0,3,0,0,3,0.03650786780524644
IPI,tb_175_177#1,原有,True,1,175,2024-05-30,172,172,172,0,0,100,3,3.6403322878697977,104,0.025636086226220083,-0.15779022626330133,0,2,0,1,0,3,0,0,3,0.03650786780524644
IPI,tb_289#0,原有,True,1,289,2024-11-11,285,285,285,0,0,107,3,5.342336683417086,112,0.045421782237853536,-0.24621485148017885,0,1,0,0,0,1,0,1,1,0.029395335358885114
IMRX,tb_252#0,新增,False,1,252,2024-09-19,248,253,253,1,2,202,3,76.29121599359463,120,0.45041317347335275,-0.3045454894752979,1,0,0,0,1,0,0,0,1,0.08986571554409714
IMRX,tb_252#1,新增,False,1,252,2024-09-19,249,253,253,1,1,202,3,76.29121599359463,120,0.45041317347335275,-0.3045454894752979,1,0,0,0,1,0,0,0,1,0.08986571554409714
IMRX,tb_255_256#0,原有,True,1,255,2024-09-24,253,253,253,0,0,202,3,76.29121599359463,120,0.08871839887197164,-0.425590602538826,0,2,0,0,0,2,0,0,2,0.13411571711971546
IMUX,tb_206_218#0,新增,False,1,206,2024-07-16,203,206,206,1,1,91,3,6.557893375697344,64,0.35361041860011366,-0.2292238624881628,8,0,0,5,5,6,5,0,13,0.07977024498721899
IMUX,tb_209_218#0,原有,True,1,209,2024-07-19,206,206,206,0,0,91,3,6.557893375697344,64,0.41684594772012495,-0.2279497803067187,8,0,0,2,5,4,5,0,10,0.07977024498721899
INO,tb_79#0,原有,True,1,79,2024-01-11,75,75,75,0,0,47,3,4.692009720703438,60,0.197565505279498,-0.5571161157381974,0,1,0,0,0,1,0,1,1,0.09003543979703305
JETMF,tb_285#0,原有,True,1,285,2024-11-05,281,281,281,0,0,61,5,9.358560850406578,163,0.03787875024959453,-0.39393940899107127,0,1,0,0,0,1,0,1,1,0.05764791396923945
HYFM,tb_134#0,新增,False,1,134,2024-04-02,130,135,135,1,2,40,4,4.392482564985055,102,0.18811876700679786,-0.24752479033801422,0,0,0,1,0,1,0,0,1,0.06638563094135755
HYFM,tb_134#1,新增,False,1,134,2024-04-02,132,135,135,1,1,40,4,4.392482564985055,102,0.18811876700679786,-0.24752479033801422,0,0,0,1,0,1,0,0,1,0.06638563094135755
HYFM,tb_138_140#0,原有,True,1,138,2024-04-08,135,135,135,0,0,40,4,4.392482564985055,102,0.03018199177751864,-0.2519982577633131,0,1,0,2,0,3,0,0,3,0.0694996271072708
HYPR,tb_204_205#0,新增,False,1,204,2024-07-12,202,206,206,1,1,83,3,7.31166169895678,66,0.20002704452687037,-0.19239888352162987,0,0,0,2,0,0,0,0,2,0.08364108733397681
HYPR,tb_208_209#0,原有,True,1,208,2024-07-18,206,206,206,0,0,83,3,7.31166169895678,66,0.03088606256244486,-0.3029246587422441,0,1,0,1,0,2,0,0,2,0.0838414047949485
INUV,tb_320#0,新增,False,2,320,2024-12-26,317,323,322,2,2,106,4,5.613027818972964,248,0.7954545282135328,-0.11363636117336184,1,0,0,0,1,0,0,0,1,0.1403941028446577
INVZ,tb_317#0,新增,True,4,317,2024-12-20,311,326,313,3,5,63,7,22.773698087526334,215,1.7304349304372315,-0.3217391412515047,1,0,0,0,1,0,1,0,1,0.1206806423877792
INVZ,tb_317#1,新增,True,4,317,2024-12-20,312,326,313,3,4,63,7,22.773698087526334,215,1.7304349304372315,-0.3217391412515047,1,0,0,0,1,0,1,0,1,0.1206806423877792
INVZ,tb_317#2,原有,True,4,317,2024-12-20,313,326,313,3,3,63,7,22.773698087526334,215,1.7304349304372315,-0.3217391412515047,1,0,0,0,1,0,1,0,1,0.1206806423877792
INVZ,tb_322#0,原有,True,3,322,2024-12-30,318,326,318,1,2,63,7,22.773698087526334,215,0.70652176518634,-0.6353260914986998,0,1,0,0,1,0,0,1,1,0.16251148087093034
INVZ,tb_322#1,原有,True,2,322,2024-12-30,319,326,319,1,1,63,7,22.773698087526334,215,0.70652176518634,-0.6353260914986998,0,1,0,0,1,0,0,1,1,0.16251148087093034
KULR,tb_133#0,新增,True,2,133,2024-04-01,126,134,130,1,4,106,6,39.83228532280176,113,1.1951219122158774,-0.1951219122158776,1,0,0,0,1,0,1,0,1,0.15679445512225798
KULR,tb_133#1,新增,True,2,133,2024-04-01,127,134,130,1,3,106,6,39.83228532280176,113,1.1951219122158774,-0.1951219122158776,1,0,0,0,1,0,1,0,1,0.15679445512225798
KULR,tb_133#2,新增,True,2,133,2024-04-01,129,134,130,1,2,106,6,39.83228532280176,113,1.1951219122158774,-0.1951219122158776,1,0,0,0,1,0,1,0,1,0.15679445512225798
KULR,tb_133#3,原有,True,2,133,2024-04-01,130,134,130,1,1,106,6,39.83228532280176,113,1.1951219122158774,-0.1951219122158776,1,0,0,0,1,0,1,0,1,0.15679445512225798
KULR,tb_138#0,原有,True,1,138,2024-04-08,134,134,134,0,0,106,6,39.83228532280176,113,0.26760563853240593,-0.5915492951834492,0,1,0,0,0,1,0,1,1,0.20526317646959175
JOBY,tb_211#0,新增,True,1,211,2024-07-23,203,206,206,0,2,142,3,4.178753016807541,137,0.02544911387164306,-0.30239521449642104,0,1,0,0,0,1,0,1,1,0.061253633571709515
JOBY,tb_211#1,新增,True,1,211,2024-07-23,204,206,206,0,1,142,3,4.178753016807541,137,0.02544911387164306,-0.30239521449642104,0,1,0,0,0,1,0,1,1,0.061253633571709515
JOBY,tb_211#2,原有,True,1,211,2024-07-23,206,206,206,0,0,142,3,4.178753016807541,137,0.02544911387164306,-0.30239521449642104,0,1,0,0,0,1,0,1,1,0.061253633571709515
JUSH,tb_96#0,新增,True,2,96,2024-02-06,93,96,94,1,2,73,4,3.183607527047845,90,0.13541672681458428,-0.41562499786571905,0,1,0,0,0,1,0,1,1,0.11414494338406042
JUSH,tb_96#1,原有,True,2,96,2024-02-06,94,96,94,1,1,73,4,3.183607527047845,90,0.13541672681458428,-0.41562499786571905,0,1,0,0,0,1,0,1,1,0.11414494338406042
JVA,tb_304#0,原有,True,1,304,2024-12-03,302,302,302,0,0,46,4,3.099100389640156,91,0.26682686359436003,-0.20192310033873284,0,0,0,1,0,0,0,0,1,0.09044798050814119
JWEL,tb_184#0,原有,True,1,184,2024-06-12,182,182,182,0,0,69,6,3650.429555084746,105,-0.01702126105374524,-0.476595715323741,0,1,0,0,0,1,0,1,1,0.0714513394574686
KC,tb_263_264#0,新增,True,2,263,2024-10-04,257,261,260,0,3,131,6,9.10545637415137,135,0.9325321133065448,-0.3613701643966704,0,2,0,0,0,2,0,2,2,0.05483480865387837
KC,tb_263_264#1,新增,True,2,263,2024-10-04,258,261,260,0,2,131,6,9.10545637415137,135,0.9325321133065448,-0.3613701643966704,0,2,0,0,0,2,0,2,2,0.05483480865387837
KC,tb_263_264#2,原有,True,2,263,2024-10-04,260,261,260,0,1,131,6,9.10545637415137,135,0.9325321133065448,-0.3613701643966704,0,2,0,0,0,2,0,2,2,0.05483480865387837
KC,tb_263_264#3,原有,True,1,263,2024-10-04,261,261,261,0,0,131,6,9.10545637415137,135,0.9325321133065448,-0.3613701643966704,0,2,0,0,0,2,0,2,2,0.05483480865387837
LFVN,tb_172_176#0,原有,True,1,172,2024-05-24,170,170,170,0,0,145,3,3.5425063392499667,66,0.1061907764284776,-0.31326325634109586,0,5,0,0,0,5,0,5,5,0.04350636494175037
KGEI,tb_308_309#0,原有,True,2,308,2024-12-09,295,296,295,0,1,272,6,8.714657980456026,225,0.7521878014594845,-0.038775208936468186,2,0,0,0,2,0,2,0,2,0.04344240271787761
KGEI,tb_308_309#1,原有,True,1,308,2024-12-09,296,296,296,0,0,272,6,8.714657980456026,225,0.7521878014594845,-0.038775208936468186,2,0,0,0,2,0,2,0,2,0.04344240271787761
KRNT,tb_234#0,新增,True,1,234,2024-08-23,230,231,231,0,1,119,4,3.9796272789409812,161,0.32669320173640926,-0.133466151163269,1,0,0,0,1,0,1,0,1,0.046339999712000826
KRNT,tb_234#1,原有,True,1,234,2024-08-23,231,231,231,0,0,119,4,3.9796272789409812,161,0.32669320173640926,-0.133466151163269,1,0,0,0,1,0,1,0,1,0.046339999712000826
KSCP,tb_278_279#0,新增,False,2,278,2024-10-25,273,287,280,2,3,143,7,22.59649330390561,86,0.8543632720031749,-0.23738164230552894,2,0,0,0,2,0,0,0,2,0.1716210750626954
KSCP,tb_278_279#1,新增,False,2,278,2024-10-25,275,287,280,2,2,143,7,22.59649330390561,86,0.8543632720031749,-0.23738164230552894,2,0,0,0,2,0,0,0,2,0.1716210750626954
KSCP,tb_284_286#0,原有,True,2,284,2024-11-04,280,287,280,1,1,143,7,22.59649330390561,86,0.5270262782442865,-0.37200100430539346,0,0,0,3,0,1,0,0,3,0.15319497009130295
KPTI,tb_102_103#0,新增,True,1,102,2024-02-14,94,96,96,0,1,74,3,11.726620205378568,88,0.2788461655333393,-0.18755651539912582,0,0,0,2,0,0,0,0,2,0.13313988789424694
KPTI,tb_102_103#1,原有,True,1,102,2024-02-14,96,96,96,0,0,74,3,11.726620205378568,88,0.2788461655333393,-0.18755651539912582,0,0,0,2,0,0,0,0,2,0.13313988789424694
KLTR,tb_293#0,新增,True,3,293,2024-11-15,285,297,288,1,3,46,5,10.462552926714523,218,0.3823529343016556,-0.053921576648068514,1,0,0,0,1,0,1,0,1,0.03759616292165838
KLTR,tb_293#1,原有,True,3,293,2024-11-15,288,297,288,1,2,46,5,10.462552926714523,218,0.3823529343016556,-0.053921576648068514,1,0,0,0,1,0,1,0,1,0.03759616292165838
KLTR,tb_293#2,原有,True,2,293,2024-11-15,289,297,289,1,1,46,5,10.462552926714523,218,0.3823529343016556,-0.053921576648068514,1,0,0,0,1,0,1,0,1,0.03759616292165838
KLTR,tb_299_303#0,原有,True,1,299,2024-11-25,297,297,297,0,0,46,5,10.462552926714523,218,0.27865440891927873,-0.12489255299083693,4,0,0,1,5,0,0,0,5,0.05236941262202195
LIND,tb_290_291#0,原有,True,1,290,2024-11-12,285,285,285,0,0,80,4,6.597363465160075,214,0.05573724213144071,-0.16542215289138734,0,0,0,2,0,1,0,0,2,0.04553643481548257
LINK,tb_282_283#0,新增,True,2,282,2024-10-31,278,284,279,1,2,194,4,459.4535686876439,114,0.4679976996873255,-0.23468375576366035,0,2,0,0,0,2,2,0,2,0.05768084613446988
LINK,tb_282_283#1,原有,True,2,282,2024-10-31,279,284,279,1,1,194,4,459.4535686876439,114,0.4679976996873255,-0.23468375576366035,0,2,0,0,0,2,2,0,2,0.05768084613446988
LINK,tb_295_296#0,原有,True,1,295,2024-11-19,284,284,284,0,0,194,4,459.4535686876439,114,0.9915965345035258,-0.2370143081677727,2,0,0,0,2,0,2,0,2,0.11156534168123042
KOD,tb_280_284#0,新增,True,1,280,2024-10-29,271,273,273,0,1,139,4,3.0329136017952876,96,1.9872374260209462,-0.02391899497275367,5,0,0,0,5,0,5,0,5,0.05589227178836445
KOD,tb_280_284#1,原有,True,1,280,2024-10-29,273,273,273,0,0,139,4,3.0329136017952876,96,1.9872374260209462,-0.02391899497275367,5,0,0,0,5,0,5,0,5,0.05589227178836445
KODK,tb_302_303#0,原有,True,1,302,2024-11-29,299,299,299,0,0,117,3,12.925716115366617,115,0.07809728152869011,-0.18589837320706332,0,0,0,2,0,0,0,0,2,0.07380689631052659
KOPN,tb_301#0,新增,False,1,301,2024-11-27,297,302,302,1,1,92,3,4.490407178616655,69,0.9727272993276921,-0.06363640994079744,1,0,0,0,1,0,1,0,1,0.10746703912703226
KOPN,tb_304_307#0,原有,True,1,304,2024-12-03,302,302,302,0,0,92,3,4.490407178616655,69,0.7973697066152333,-0.1468706537779139,4,0,0,0,4,0,4,0,4,0.10050503737512217
LAC,tb_266_267#0,原有,True,2,266,2024-10-22,262,269,262,1,1,235,3,11.034230569173516,72,0.5983907857698292,-0.10858969207885544,2,0,0,0,2,0,2,0,2,0.07671343449440751
LAC,tb_274_276#0,原有,True,1,274,2024-11-01,269,269,269,0,0,235,3,11.034230569173516,72,0.06814315477161677,-0.3163883537818801,0,1,0,2,0,3,0,0,3,0.09456106934704597
LAKE,tb_185_187#0,原有,True,1,185,2024-06-13,179,179,179,0,0,159,3,6.2745301573426575,115,0.08020474769502191,-0.0822615074616528,0,0,0,3,0,0,0,0,3,0.05371202408210628
LDI,tb_226_227#0,新增,False,3,226,2024-08-13,224,229,226,3,3,150,7,4.984509228477883,116,0.29842271950701105,-0.17652541107895925,0,0,0,2,1,0,0,0,2,0.07873437310701106
LDI,tb_231_233#0,原有,True,3,231,2024-08-20,226,229,226,0,2,150,7,4.984509228477883,116,0.15055707121303477,-0.28826002157113123,0,2,0,1,0,3,0,0,3,0.08260805980823302
LDI,tb_231_233#1,原有,True,2,231,2024-08-20,227,229,227,0,1,150,7,4.984509228477883,116,0.15055707121303477,-0.28826002157113123,0,2,0,1,0,3,0,0,3,0.08260805980823302
LDI,tb_231_233#2,原有,True,1,231,2024-08-20,229,229,229,0,0,150,7,4.984509228477883,116,0.15055707121303477,-0.28826002157113123,0,2,0,1,0,3,0,0,3,0.08260805980823302
LEE,tb_272_273#0,新增,True,2,272,2024-10-17,265,268,266,0,2,141,5,42.0356900067981,138,0.38552045549871394,-0.04644001675152948,2,0,0,0,2,0,2,0,2,0.053363554649509835
LEE,tb_272_273#1,原有,True,2,272,2024-10-17,266,268,266,0,1,141,5,42.0356900067981,138,0.38552045549871394,-0.04644001675152948,2,0,0,0,2,0,2,0,2,0.053363554649509835
LEE,tb_272_273#2,原有,True,1,272,2024-10-17,268,268,268,0,0,141,5,42.0356900067981,138,0.38552045549871394,-0.04644001675152948,2,0,0,0,2,0,2,0,2,0.053363554649509835
LKNCY,tb_263_264#0,原有,True,2,263,2024-10-04,259,261,259,0,1,70,7,5.81822659153272,190,0.006048190508573192,-0.25060618901509685,0,2,0,0,0,2,0,2,2,0.0410466454902131
LKNCY,tb_263_264#1,原有,True,1,263,2024-10-04,261,261,261,0,0,70,7,5.81822659153272,190,0.006048190508573192,-0.25060618901509685,0,2,0,0,0,2,0,2,2,0.0410466454902131
LSPD,tb_263#0,新增,True,1,263,2024-10-04,256,257,257,0,1,191,4,11.95734415029889,90,0.17763966678501708,-0.08385095338404513,1,0,0,0,1,0,0,0,1,0.03127735444648369
LSPD,tb_263#1,原有,True,1,263,2024-10-04,257,257,257,0,0,191,4,11.95734415029889,90,0.17763966678501708,-0.08385095338404513,1,0,0,0,1,0,0,0,1,0.03127735444648369
LTBR,tb_265#0,新增,False,2,265,2024-10-08,262,273,271,3,3,63,4,33.45834480290685,253,3.6710526274512016,-0.039473647060816464,1,0,0,0,1,0,1,0,1,0.0879933311393481
LWAY,tb_133_136#0,新增,True,1,133,2024-04-01,126,129,129,0,2,86,3,4.650139134834303,82,0.528742378138203,-0.21788170018772754,4,0,0,0,4,0,4,0,4,0.07942994127260788
LWAY,tb_133_136#1,新增,True,1,133,2024-04-01,128,129,129,0,1,86,3,4.650139134834303,82,0.528742378138203,-0.21788170018772754,4,0,0,0,4,0,4,0,4,0.07942994127260788
LWAY,tb_133_136#2,原有,True,1,133,2024-04-01,129,129,129,0,0,86,3,4.650139134834303,82,0.528742378138203,-0.21788170018772754,4,0,0,0,4,0,4,0,4,0.07942994127260788
LX,tb_262#0,原有,True,2,262,2024-10-03,257,258,257,0,1,131,6,10.765538055267378,243,0.49999980317444903,-0.22794115604831977,1,0,0,0,1,0,1,0,1,0.03830350254714321
LX,tb_262#1,原有,True,1,262,2024-10-03,258,258,258,0,0,131,6,10.765538055267378,243,0.49999980317444903,-0.22794115604831977,1,0,0,0,1,0,1,0,1,0.03830350254714321
LUMN,tb_224#0,新增,True,2,224,2024-08-09,208,216,215,0,4,90,5,14.628244568476951,144,0.36086170378791027,-0.19569122423613383,0,0,0,1,0,0,0,0,1,0.127002228659519
LUMN,tb_224#1,新增,True,2,224,2024-08-09,210,216,215,0,3,90,5,14.628244568476951,144,0.36086170378791027,-0.19569122423613383,0,0,0,1,0,0,0,0,1,0.127002228659519
LUMN,tb_224#2,新增,True,2,224,2024-08-09,211,216,215,0,2,90,5,14.628244568476951,144,0.36086170378791027,-0.19569122423613383,0,0,0,1,0,0,0,0,1,0.127002228659519
LUMN,tb_224#3,原有,True,2,224,2024-08-09,215,216,215,0,1,90,5,14.628244568476951,144,0.36086170378791027,-0.19569122423613383,0,0,0,1,0,0,0,0,1,0.127002228659519
LUMN,tb_224#4,原有,True,1,224,2024-08-09,216,216,216,0,0,90,5,14.628244568476951,144,0.36086170378791027,-0.19569122423613383,0,0,0,1,0,0,0,0,1,0.127002228659519
LUNR,tb_94#0,新增,False,1,94,2024-02-02,91,99,99,1,2,71,4,8.488183111193708,85,2.542780739629254,-0.10160430841495827,1,0,0,0,1,0,1,0,1,0.10715937755720076
LUNR,tb_94#1,新增,False,1,94,2024-02-02,92,99,99,1,1,71,4,8.488183111193708,85,2.542780739629254,-0.10160430841495827,1,0,0,0,1,0,1,0,1,0.10715937755720076
LUNR,tb_108#0,原有,True,1,108,2024-02-23,99,99,99,0,0,71,4,8.488183111193708,85,-0.2023983267839079,-0.5349322244855828,0,1,0,0,0,1,0,1,1,0.18989074345086238
LUXE,tb_122#0,新增,True,1,122,2024-03-14,111,120,120,0,3,91,4,3.709571314189262,86,0.3438320111427209,-0.1784776479136997,1,0,0,0,1,0,0,0,1,0.06360834795800607
LUXE,tb_122#1,新增,True,1,122,2024-03-14,114,120,120,0,2,91,4,3.709571314189262,86,0.3438320111427209,-0.1784776479136997,1,0,0,0,1,0,0,0,1,0.06360834795800607
LUXE,tb_122#2,新增,True,1,122,2024-03-14,117,120,120,0,1,91,4,3.709571314189262,86,0.3438320111427209,-0.1784776479136997,1,0,0,0,1,0,0,0,1,0.06360834795800607
LUXE,tb_122#3,原有,True,1,122,2024-03-14,120,120,120,0,0,91,4,3.709571314189262,86,0.3438320111427209,-0.1784776479136997,1,0,0,0,1,0,0,0,1,0.06360834795800607
LUXE,tb_267_269#0,新增,True,1,267,2024-10-10,263,264,264,0,1,91,4,376.2019853853578,82,0.04653516216441034,-0.2253507501134249,0,0,0,3,0,2,0,0,3,0.07457463828940336
LUXE,tb_267_269#1,原有,True,1,267,2024-10-10,264,264,264,0,0,91,4,376.2019853853578,82,0.04653516216441034,-0.2253507501134249,0,0,0,3,0,2,0,0,3,0.07457463828940336
MDAI,tb_307_310#0,原有,True,2,307,2024-12-06,302,303,302,0,1,106,5,12.363449513243737,134,0.5664571874280528,-0.17339257577684306,0,0,0,4,1,0,0,0,4,0.1330672885042939
MDAI,tb_307_310#1,原有,True,1,307,2024-12-06,303,303,303,0,0,106,5,12.363449513243737,134,0.5664571874280528,-0.17339257577684306,0,0,0,4,1,0,0,0,4,0.1330672885042939
MAPS,tb_298_302#0,新增,True,1,298,2024-11-22,294,295,295,0,1,161,6,6.371272262548554,107,0.33622857109147164,-0.13347596253612398,1,0,0,4,3,0,0,0,5,0.06833439205414339
MAPS,tb_298_302#1,原有,True,1,298,2024-11-22,295,295,295,0,0,161,6,6.371272262548554,107,0.33622857109147164,-0.13347596253612398,1,0,0,4,3,0,0,0,5,0.06833439205414339
MDNAF,tb_105_107#0,新增,True,1,105,2024-02-20,99,100,100,0,1,65,3,4.794388305207994,62,1.0173741342910994,-0.05665481286787607,3,0,0,0,3,0,3,0,3,0.06936038458728708
MDNAF,tb_105_107#1,原有,True,1,105,2024-02-20,100,100,100,0,0,65,3,4.794388305207994,62,1.0173741342910994,-0.05665481286787607,3,0,0,0,3,0,3,0,3,0.06936038458728708
MHH,tb_231_233#0,新增,True,1,231,2024-08-20,226,229,229,0,1,202,3,5.292407108239096,190,0.04050796817538201,-0.1677856054908504,0,0,0,3,0,3,0,0,3,0.041083630122629174
MHH,tb_231_233#1,原有,True,1,231,2024-08-20,229,229,229,0,0,202,3,5.292407108239096,190,0.04050796817538201,-0.1677856054908504,0,0,0,3,0,3,0,0,3,0.041083630122629174
MOB,tb_271_278#0,新增,True,1,271,2024-10-16,267,268,268,0,1,247,4,3.8838920142471958,62,1.8488369913085658,-0.054525030233269,8,0,0,0,8,0,8,0,8,0.06356420668133586
MOB,tb_271_278#1,原有,True,1,271,2024-10-16,268,268,268,0,0,247,4,3.8838920142471958,62,1.8488369913085658,-0.054525030233269,8,0,0,0,8,0,8,0,8,0.06356420668133586
MOBQ,tb_293_296#0,新增,True,1,293,2024-11-15,290,291,291,0,1,62,3,3.106548279689234,62,0.23278693842549658,-0.33423443072105496,0,3,0,1,0,4,0,2,4,0.08516097109003828
MOBQ,tb_293_296#1,原有,True,1,293,2024-11-15,291,291,291,0,0,62,3,3.106548279689234,62,0.23278693842549658,-0.33423443072105496,0,3,0,1,0,4,0,2,4,0.08516097109003828
MIND,tb_312#0,新增,True,4,312,2024-12-13,308,322,310,3,4,254,8,59.01928460342147,298,0.6525285359419308,0.0,1,0,0,0,1,0,1,0,1,0.03398841059433502
MIND,tb_312#1,原有,True,4,312,2024-12-13,310,322,310,3,3,254,8,59.01928460342147,298,0.6525285359419308,0.0,1,0,0,0,1,0,1,0,1,0.03398841059433502
MIND,tb_321_325#0,原有,True,3,321,2024-12-27,313,322,313,1,2,254,8,59.01928460342147,298,0.3867460387018536,-0.18794153677600645,1,0,0,2,2,0,0,0,3,0.08256964164592184
MIND,tb_321_325#1,原有,True,2,321,2024-12-27,314,322,314,1,1,254,8,59.01928460342147,298,0.3867460387018536,-0.18794153677600645,1,0,0,2,2,0,0,0,3,0.08256964164592184
MIST,tb_294_301#0,新增,True,2,294,2024-11-18,285,287,286,0,2,176,4,10.266774821544452,129,0.512651776374852,-0.07590730728436063,8,0,0,0,8,0,8,0,8,0.0709887263393058
MIST,tb_294_301#1,原有,True,2,294,2024-11-18,286,287,286,0,1,176,4,10.266774821544452,129,0.512651776374852,-0.07590730728436063,8,0,0,0,8,0,8,0,8,0.0709887263393058
MIST,tb_294_301#2,原有,True,1,294,2024-11-18,287,287,287,0,0,176,4,10.266774821544452,129,0.512651776374852,-0.07590730728436063,8,0,0,0,8,0,8,0,8,0.0709887263393058
MNOV,tb_242#0,新增,True,1,242,2024-09-05,240,241,241,0,1,220,3,15.48842105263158,169,0.17222219499540836,-0.13888889256818804,0,0,0,1,0,0,0,0,1,0.06541592264953328
MNOV,tb_245_247#0,原有,True,1,245,2024-09-10,241,241,241,0,0,220,3,15.48842105263158,169,0.06782100202045371,-0.23541541265837232,0,1,0,2,0,1,0,0,3,0.07919311250489026
MNPR,tb_113_117#0,原有,True,1,113,2024-03-01,107,107,107,0,0,85,3,628.9498955743411,76,0.11816797001197817,-0.4794672846795809,0,3,0,2,0,5,0,2,5,0.13073579610528668
MOLN,tb_185#0,原有,True,2,185,2024-06-13,183,184,183,0,1,110,4,5.614446529080675,111,1.1344538178789736,-0.04201680806959163,1,0,0,0,1,0,1,0,1,0.07278705391340218
MOLN,tb_188#0,原有,True,1,188,2024-06-18,184,184,184,0,0,110,4,5.614446529080675,111,0.5954773553269479,-0.2839196253833117,1,0,0,0,1,0,1,0,1,0.09065949749750257
MPT,tb_254_260#0,新增,True,1,254,2024-09-23,247,248,248,0,1,80,3,3.692851476087838,84,0.0150146433328735,-0.30048343333038463,0,7,0,0,0,7,0,7,7,0.04770245164274007
MPT,tb_254_260#1,原有,True,1,254,2024-09-23,248,248,248,0,0,80,3,3.692851476087838,84,0.0150146433328735,-0.30048343333038463,0,7,0,0,0,7,0,7,7,0.04770245164274007
MRT,tb_82_86#0,新增,False,1,82,2024-01-17,79,83,83,1,2,59,3,7.547267379851976,75,0.09044289372166774,-0.1689677473653613,0,0,0,5,0,0,0,0,5,0.09676397561354216
MRT,tb_82_86#1,新增,False,1,82,2024-01-17,80,83,83,1,1,59,3,7.547267379851976,75,0.09044289372166774,-0.1689677473653613,0,0,0,5,0,0,0,0,5,0.09676397561354216
MRT,tb_86#0,原有,True,1,86,2024-01-23,83,83,83,0,0,59,3,7.547267379851976,75,0.09953699471871125,-0.1620370852639592,0,0,0,1,0,0,0,0,1,0.08616116528001068
MRT,tb_234#0,原有,True,1,234,2024-08-23,231,231,231,0,0,76,4,8.569560989663989,76,0.02788841972460654,-0.2968127520314735,0,1,0,0,0,1,0,0,1,0.07092557934399185
NEOV,tb_144#0,原有,True,2,144,2024-04-16,141,142,141,0,1,115,5,7.944140153040677,109,0.5023924563902171,-0.1722487607081602,0,0,0,1,0,0,0,0,1,0.14814224944791266
NEOV,tb_144#1,原有,True,1,144,2024-04-16,142,142,142,0,0,115,5,7.944140153040677,109,0.5023924563902171,-0.1722487607081602,0,0,0,1,0,0,0,0,1,0.14814224944791266
NAMS,tb_292_294#0,原有,True,3,292,2024-11-14,286,292,286,1,2,84,5,3.4931884231891015,159,0.09851534661773553,-0.291137586096154,0,3,0,0,0,3,0,3,3,0.04947500095360109
NAMS,tb_292_294#1,原有,True,2,292,2024-11-14,288,292,288,1,1,84,5,3.4931884231891015,159,0.09851534661773553,-0.291137586096154,0,3,0,0,0,3,0,3,3,0.04947500095360109
MYSE,tb_288_293#0,原有,True,1,288,2024-11-08,286,286,286,0,0,73,3,263.16163141993957,79,3.124190890735012,-0.28908487316880577,6,0,0,0,6,0,6,0,6,0.16855036094016668
NPCE,tb_295_298#0,新增,True,2,295,2024-11-19,291,299,292,1,2,80,6,6.750756341633698,80,0.5567129520655114,-0.036963217974596174,4,0,0,0,4,0,3,0,4,0.09202983670203399
NPCE,tb_295_298#1,原有,True,2,295,2024-11-19,292,299,292,1,1,80,6,6.750756341633698,80,0.5567129520655114,-0.036963217974596174,4,0,0,0,4,0,3,0,4,0.09202983670203399
NPCE,tb_301_303#0,原有,True,1,301,2024-11-27,299,299,299,0,0,80,6,6.750756341633698,80,0.4126568069545893,-0.07256413294662327,1,0,0,2,2,0,0,0,3,0.09202983670203399
NIU,tb_263#0,新增,True,2,263,2024-10-04,257,264,261,1,3,91,5,12.141244537951126,256,0.2500000212873734,-0.382142839808853,0,1,0,0,1,0,0,1,1,0.06043293715446021
NIU,tb_263#1,新增,True,2,263,2024-10-04,260,264,261,1,2,91,5,12.141244537951126,256,0.2500000212873734,-0.382142839808853,0,1,0,0,1,0,0,1,1,0.06043293715446021
NIU,tb_263#2,原有,True,2,263,2024-10-04,261,264,261,1,1,91,5,12.141244537951126,256,0.2500000212873734,-0.382142839808853,0,1,0,0,1,0,0,1,1,0.06043293715446021
NIU,tb_268#0,原有,True,1,268,2024-10-11,264,264,264,0,0,91,5,12.141244537951126,256,0.06037729873738917,-0.3471698276170757,0,1,0,0,0,1,0,1,1,0.07984114296877395
MUX,tb_117_120#0,新增,False,2,117,2024-03-07,114,121,120,2,2,50,4,4.268765688728772,100,0.5329819567344203,-0.030467448208079645,4,0,0,0,4,0,4,0,4,0.03657464354141357
MUX,tb_123_124#0,原有,True,2,123,2024-03-15,120,121,120,0,1,50,4,4.268765688728772,100,0.46551483605836763,-0.030967931460001652,2,0,0,0,2,0,2,0,2,0.04699484619561721
MUX,tb_123_124#1,原有,True,1,123,2024-03-15,121,121,121,0,0,50,4,4.268765688728772,100,0.46551483605836763,-0.030967931460001652,2,0,0,0,2,0,2,0,2,0.04699484619561721
NCI,tb_117_124#0,原有,True,1,117,2024-10-09,111,111,111,0,0,83,3,99.56023592236879,73,1.7243855766428244,-0.24019913651203073,8,0,0,0,8,0,7,0,8,0.18885048995787054
NTRP,tb_310_313#0,新增,True,1,310,2024-12-11,306,307,307,0,1,98,4,6.425085279454212,167,0.9197999912730694,-0.11915057069983936,3,0,0,1,4,0,2,0,4,0.14428615666484623
NTRP,tb_310_313#1,原有,True,1,310,2024-12-11,307,307,307,0,0,98,4,6.425085279454212,167,0.9197999912730694,-0.11915057069983936,3,0,0,1,4,0,2,0,4,0.14428615666484623
NRGV,tb_279#0,原有,True,1,279,2024-10-28,273,273,273,0,0,64,3,4.422388004579532,115,0.3313953045125013,-0.19186048687568125,0,0,0,1,0,0,0,0,1,0.087556242997335
NVAX,tb_172_173#0,原有,True,1,172,2024-05-24,162,162,162,0,0,52,4,24.9474593880061,152,0.5383630030448523,-0.24693713808038925,1,0,0,1,2,0,0,0,2,0.10558004431738224
NVCR,tb_307_309#0,新增,True,1,307,2024-12-06,301,303,303,0,1,135,5,11.734164881329052,135,0.18677716846621117,-0.22961330374276845,0,1,0,2,0,2,0,0,3,0.0680248630622828
NVCR,tb_307_309#1,原有,True,1,307,2024-12-06,303,303,303,0,0,135,5,11.734164881329052,135,0.18677716846621117,-0.22961330374276845,0,1,0,2,0,2,0,0,3,0.0680248630622828
NVCT,tb_275#0,新增,False,1,275,2024-10-22,273,276,276,2,3,150,3,4.425976009418053,118,0.4622057790538605,-0.44485747354528615,0,1,0,0,0,1,0,1,1,0.052359684988712706
NVCT,tb_280_281#0,新增,True,1,280,2024-10-29,274,276,276,0,2,150,3,4.425976009418053,118,0.49746438828759265,-0.43654729981250534,0,2,0,0,0,2,2,0,2,0.059774623747575764
NVCT,tb_280_281#1,新增,True,1,280,2024-10-29,275,276,276,0,1,150,3,4.425976009418053,118,0.49746438828759265,-0.43654729981250534,0,2,0,0,0,2,2,0,2,0.059774623747575764
NVCT,tb_280_281#2,原有,True,1,280,2024-10-29,276,276,276,0,0,150,3,4.425976009418053,118,0.49746438828759265,-0.43654729981250534,0,2,0,0,0,2,2,0,2,0.059774623747575764
NTPIF,tb_315#0,新增,False,3,315,2024-12-18,313,324,321,3,3,293,8,7.505991703794746,310,0.7714285169328963,0.0,1,0,0,0,1,0,1,0,1,0.033222926478078195
NTPIF,tb_323#0,原有,True,3,323,2024-12-31,321,324,321,2,2,293,8,7.505991703794746,310,0.34736844112998555,0.05263157894736836,0,0,0,1,1,0,0,0,1,0.08058826596129175
NTRB,tb_137_138#0,新增,True,1,137,2024-04-05,129,131,131,0,1,62,3,30.55743243243243,63,0.5143740932456288,-0.28207449324488953,1,0,0,1,1,1,0,0,2,0.09971652707786743
NTRB,tb_137_138#1,原有,True,1,137,2024-04-05,131,131,131,0,0,62,3,30.55743243243243,63,0.5143740932456288,-0.28207449324488953,1,0,0,1,1,1,0,0,2,0.09971652707786743
OMEX,tb_175_177#0,新增,False,1,175,2024-05-30,173,178,178,2,2,105,3,6.811940298507462,86,0.14326609525782774,-0.17502580383893884,0,2,0,1,0,2,0,0,3,0.047541100753260665
OMEX,tb_181_183#0,新增,True,1,181,2024-06-07,176,178,178,0,1,105,3,6.811940298507462,86,0.09117126466070287,-0.3091215402265493,0,3,0,0,0,3,0,3,3,0.04912202454896074
OMEX,tb_181_183#1,原有,True,1,181,2024-06-07,178,178,178,0,0,105,3,6.811940298507462,86,0.09117126466070287,-0.3091215402265493,0,3,0,0,0,3,0,3,3,0.04912202454896074
NXGL,tb_216_217#0,新增,True,2,216,2024-07-30,210,216,214,1,3,96,4,15.734362934362935,100,-0.0015424380763301992,-0.2858954350037701,0,0,0,2,0,2,0,0,2,0.09157958936517784
NXGL,tb_216_217#1,新增,True,2,216,2024-07-30,211,216,214,1,2,96,4,15.734362934362935,100,-0.0015424380763301992,-0.2858954350037701,0,0,0,2,0,2,0,0,2,0.09157958936517784
NXGL,tb_216_217#2,原有,True,2,216,2024-07-30,214,216,214,1,1,96,4,15.734362934362935,100,-0.0015424380763301992,-0.2858954350037701,0,0,0,2,0,2,0,0,2,0.09157958936517784
NXGL,tb_221_229#0,原有,True,1,221,2024-08-06,216,216,216,0,0,96,4,15.734362934362935,100,0.10815815794396319,-0.12615511374837507,0,0,0,9,0,0,0,0,9,0.10397545811926467
NVX,tb_109#0,原有,True,2,109,2024-02-26,107,113,107,1,1,84,4,12.195251396648043,99,0.3025209057020506,-0.1941176930218692,0,0,0,1,0,0,0,0,1,0.09024364299314916
NVX,tb_116_118#0,原有,True,1,116,2024-03-06,113,113,113,0,0,84,4,12.195251396648043,99,0.2068524100551674,-0.2533087183939206,0,0,0,3,0,1,0,0,3,0.08929264616524762
NVX,tb_273_280#0,原有,True,2,273,2024-10-18,266,267,266,0,1,117,3,5.870527634693024,75,0.30288595882247515,-0.2811119990631411,0,7,0,1,6,2,0,2,8,0.07313043461512408
NVX,tb_273_280#1,原有,True,1,273,2024-10-18,267,267,267,0,0,117,3,5.870527634693024,75,0.30288595882247515,-0.2811119990631411,0,7,0,1,6,2,0,2,8,0.07313043461512408
ONCY,tb_266#0,新增,True,1,266,2024-10-09,263,264,264,0,1,243,4,20.579661472326706,176,0.04580157603787627,-0.34351141078649383,0,1,0,0,0,1,0,1,1,0.052357469535637656
ONCY,tb_266#1,原有,True,1,266,2024-10-09,264,264,264,0,0,243,4,20.579661472326706,176,0.04580157603787627,-0.34351141078649383,0,1,0,0,0,1,0,1,1,0.052357469535637656
ONDS,tb_322#0,原有,True,2,322,2024-12-30,318,319,318,0,1,67,6,9.666243445185229,247,0.21863804367554973,-0.6716845802482767,0,1,0,0,0,1,0,1,1,0.2280536693455388
ONDS,tb_322#1,原有,True,1,322,2024-12-30,319,319,319,0,0,67,6,9.666243445185229,247,0.21863804367554973,-0.6716845802482767,0,1,0,0,0,1,0,1,1,0.2280536693455388
OKLO,tb_278#0,原有,True,3,278,2024-10-25,270,274,270,0,2,102,5,14.47549685656784,113,0.47148089697083906,-0.10308744938689374,0,0,0,1,0,0,0,0,1,0.12001393120227646
OKLO,tb_278#1,原有,True,2,278,2024-10-25,271,274,271,0,1,102,5,14.47549685656784,113,0.47148089697083906,-0.10308744938689374,0,0,0,1,0,0,0,0,1,0.12001393120227646
OKLO,tb_278#2,原有,True,1,278,2024-10-25,274,274,274,0,0,102,5,14.47549685656784,113,0.47148089697083906,-0.10308744938689374,0,0,0,1,0,0,0,0,1,0.12001393120227646
ORKA,tb_234#0,新增,False,1,234,2024-08-23,232,238,238,2,2,66,4,19.43050759106014,71,0.22913766367067323,-0.19951921137474882,0,0,0,1,0,0,0,0,1,0.0799283044715354
ORKA,tb_241#0,原有,True,1,241,2024-09-04,238,238,238,0,0,66,4,19.43050759106014,71,0.11218290158360356,-0.1957841938923821,0,0,0,1,0,0,0,0,1,0.09744859186418336
PHAT,tb_110#0,新增,True,1,110,2024-02-27,104,107,107,0,2,84,3,9.063828031295046,75,0.2088670856068835,-0.256157588720372,0,0,0,1,0,1,0,0,1,0.07854583311337834
PHAT,tb_110#1,新增,True,1,110,2024-02-27,105,107,107,0,1,84,3,9.063828031295046,75,0.2088670856068835,-0.256157588720372,0,0,0,1,0,1,0,0,1,0.07854583311337834
PHAT,tb_110#2,原有,True,1,110,2024-02-27,107,107,107,0,0,84,3,9.063828031295046,75,0.2088670856068835,-0.256157588720372,0,0,0,1,0,1,0,0,1,0.07854583311337834
OUST,tb_141#0,新增,True,1,141,2024-04-11,131,133,133,0,1,79,3,13.283324747734918,64,0.6670588325051701,-0.19411765827852134,1,0,0,0,1,0,1,0,1,0.08493887366455669
OUST,tb_141#1,原有,True,1,141,2024-04-11,133,133,133,0,0,79,3,13.283324747734918,64,0.6670588325051701,-0.19411765827852134,1,0,0,0,1,0,1,0,1,0.08493887366455669
OXBR,tb_162_164#0,新增,False,1,162,2024-05-10,159,167,167,1,2,139,4,22.951026287360463,157,1.1120064251151733,0.013500646339106082,3,0,0,0,3,0,3,0,3,0.0675173052505605
OXBR,tb_162_164#1,新增,False,1,162,2024-05-10,160,167,167,1,1,139,4,22.951026287360463,157,1.1120064251151733,0.013500646339106082,3,0,0,0,3,0,3,0,3,0.0675173052505605
OXBR,tb_169#0,原有,True,1,169,2024-05-21,167,167,167,0,0,139,4,22.951026287360463,157,0.5117370214111066,-0.07981223810336124,1,0,0,0,1,0,0,0,1,0.08716243062655873
OPRA,tb_120_122#0,原有,True,1,120,2024-03-12,117,117,117,0,0,93,3,5.014452196502861,111,0.04304264746816785,-0.23956624946029337,0,0,0,3,0,2,0,0,3,0.06971322998770205
OPRA,tb_286_293#0,新增,True,1,286,2024-11-06,278,280,280,0,2,45,3,6.240498536717045,159,0.1414885939419552,-0.03775779544464265,1,0,0,7,1,0,0,0,8,0.03450801169489166
OPRA,tb_286_293#1,新增,True,1,286,2024-11-06,279,280,280,0,1,45,3,6.240498536717045,159,0.1414885939419552,-0.03775779544464265,1,0,0,7,1,0,0,0,8,0.03450801169489166
OPRA,tb_286_293#2,原有,True,1,286,2024-11-06,280,280,280,0,0,45,3,6.240498536717045,159,0.1414885939419552,-0.03775779544464265,1,0,0,7,1,0,0,0,8,0.03450801169489166
OSTX,tb_99#0,原有,True,1,99,2024-12-20,96,96,96,0,0,72,3,14.792647058823528,79,0.7632241686533381,-0.5717884041731779,0,1,0,0,1,0,0,1,1,0.1551734959667369
ORBS,tb_127#0,原有,True,1,127,2024-03-21,123,123,123,0,0,98,4,4.344327035397756,105,0.16905067675221686,-0.3302990823086037,0,1,0,0,0,1,0,0,1,0.08708382054029891
ORBS,tb_261_262#2,原有,True,1,261,2024-10-02,256,256,256,0,0,128,3,813.7668522446548,90,0.11051061920427652,-0.32000547122158934,0,0,0,2,0,0,0,0,2,0.14281882422760744
PASG,tb_307_313#0,原有,True,1,307,2024-12-06,302,302,302,0,0,141,4,55.95313928811746,67,0.3130464699344637,-0.31684783610870904,0,0,0,7,0,0,0,0,7,0.16332713431908136
PAY,tb_273#0,原有,True,1,273,2024-10-18,271,271,271,0,0,46,3,3.927636744307773,150,0.4617116936511636,-0.107732695106591,1,0,0,0,1,0,1,0,1,0.038323325968981456
PLSE,tb_180#0,新增,True,1,180,2024-06-06,168,178,178,0,2,58,3,4.773350372815284,111,0.4051563848839377,-0.3331041761165333,0,0,0,1,0,1,0,0,1,0.10935089737329466
PLSE,tb_180#1,新增,True,1,180,2024-06-06,170,178,178,0,1,58,3,4.773350372815284,111,0.4051563848839377,-0.3331041761165333,0,0,0,1,0,1,0,0,1,0.10935089737329466
PLSE,tb_180#2,原有,True,1,180,2024-06-06,178,178,178,0,0,58,3,4.773350372815284,111,0.4051563848839377,-0.3331041761165333,0,0,0,1,0,1,0,0,1,0.10935089737329466
POET,tb_202#0,新增,True,2,202,2024-07-10,196,206,199,1,2,47,3,13.047979678251133,192,0.2776025530793451,-0.28391169517561143,0,0,0,1,0,1,0,0,1,0.08040807290305602
POET,tb_202#1,原有,True,2,202,2024-07-10,199,206,199,1,1,47,3,13.047979678251133,192,0.2776025530793451,-0.28391169517561143,0,0,0,1,0,1,0,0,1,0.08040807290305602
POET,tb_210_211#0,原有,True,1,210,2024-07-22,206,206,206,0,0,47,3,13.047979678251133,192,0.127491447857917,-0.2770040698552585,0,0,0,2,0,0,0,0,2,0.15004234024614904
RAVE,tb_265_267#0,新增,False,1,265,2024-10-08,260,269,269,1,3,225,3,4.706324110671937,227,0.34365414469880523,-0.03758039316702455,3,0,0,0,3,0,3,0,3,0.04434486489082606
RAVE,tb_265_267#1,新增,False,1,265,2024-10-08,262,269,269,1,2,225,3,4.706324110671937,227,0.34365414469880523,-0.03758039316702455,3,0,0,0,3,0,3,0,3,0.04434486489082606
RAVE,tb_265_267#2,新增,False,1,265,2024-10-08,263,269,269,1,1,225,3,4.706324110671937,227,0.34365414469880523,-0.03758039316702455,3,0,0,0,3,0,3,0,3,0.04434486489082606
RAVE,tb_275_284#0,原有,True,1,275,2024-10-22,269,269,269,0,0,225,3,4.706324110671937,227,0.16741959560935457,-0.11367745511162905,0,0,0,10,0,0,0,0,10,0.06708231340923022
PRLD,tb_213#0,新增,True,1,213,2024-07-25,204,206,206,0,1,63,3,5.511543134872418,63,0.13522545084596804,-0.5993321891363914,0,1,0,0,0,1,0,1,1,0.11335659955214303
PRLD,tb_213#1,原有,True,1,213,2024-07-25,206,206,206,0,0,63,3,5.511543134872418,63,0.13522545084596804,-0.5993321891363914,0,1,0,0,0,1,0,1,1,0.11335659955214303
PULM,tb_296_300#0,原有,True,1,296,2024-11-20,291,291,291,0,0,65,3,316.0186567164179,73,0.3344080346073619,-0.10243104997861507,1,0,0,4,2,0,1,0,5,0.059938157030940714
RCON,tb_225#0,原有,True,1,225,2024-08-12,221,221,221,0,0,160,3,34.61524495507456,62,0.4913793697014166,-0.2241379292626443,0,0,0,1,1,0,0,0,1,0.10499097463547136
PRFX,tb_301_304#0,原有,True,1,301,2024-11-27,297,297,297,0,0,182,3,473.4230161908477,66,4.781758396987574,-0.24903198262943546,4,0,0,0,4,0,4,0,4,0.15376896492807468
PPTA,tb_119_120#0,新增,False,1,119,2024-03-11,117,121,121,1,1,54,3,5.131655741171495,107,0.7859589662802936,-0.030640528997817607,2,0,0,0,2,0,2,0,2,0.0533017761152289
PPTA,tb_123#0,原有,True,1,123,2024-03-15,121,121,121,0,0,54,3,5.131655741171495,107,0.7274999618530273,-0.05449998378753662,1,0,0,0,1,0,1,0,1,0.05831600069124696
RSSS,tb_302#0,新增,False,1,302,2024-11-29,299,303,303,1,1,185,4,5.871217891019871,186,0.2219019412562735,-0.01152736643320651,1,0,0,0,1,0,0,0,1,0.0407722009627861
RSSS,tb_306_307#0,原有,True,1,306,2024-12-05,303,303,303,0,0,185,4,5.871217891019871,186,0.14810413790890353,-0.038733524800195374,0,0,0,2,1,0,0,0,2,0.04252907850869206
PSNL,tb_322#0,新增,True,1,322,2024-12-30,316,320,320,0,2,90,3,10.642518981125898,68,0.16917927376500175,-0.34505858907154685,0,1,0,0,0,1,0,1,1,0.08456886602602504
PSNL,tb_322#1,新增,True,1,322,2024-12-30,318,320,320,0,1,90,3,10.642518981125898,68,0.16917927376500175,-0.34505858907154685,0,1,0,0,0,1,0,1,1,0.08456886602602504
PSNL,tb_322#2,原有,True,1,322,2024-12-30,320,320,320,0,0,90,3,10.642518981125898,68,0.16917927376500175,-0.34505858907154685,0,1,0,0,0,1,0,1,1,0.08456886602602504
PLAG,tb_275_280#0,新增,False,1,275,2024-10-22,272,276,276,1,1,248,3,14.291330810988649,98,1.1173038305759608,-0.501359621685028,0,6,0,0,0,6,0,6,6,0.08826255145139074
PLAG,tb_278_280#0,原有,True,1,278,2024-10-25,276,276,276,0,0,248,3,14.291330810988649,98,1.1125427293854462,-0.5024808954788738,0,3,0,0,0,3,0,3,3,0.10418358907833951
PLBY,tb_288#0,新增,True,1,288,2024-11-08,282,283,283,0,1,213,3,387.46163452936645,145,0.7610619627735762,-0.245132753258818,1,0,0,0,1,0,1,0,1,0.08969697871702995
PLBY,tb_288#1,原有,True,1,288,2024-11-08,283,283,283,0,0,213,3,387.46163452936645,145,0.7610619627735762,-0.245132753258818,1,0,0,0,1,0,1,0,1,0.08969697871702995
PLCE,tb_254_259#0,新增,True,1,254,2024-09-23,246,250,250,0,2,78,3,131.2813974885417,82,0.06960624715351166,-0.3754310750893351,0,2,0,4,0,5,0,1,6,0.09774063108681737
PLCE,tb_254_259#1,新增,True,1,254,2024-09-23,247,250,250,0,1,78,3,131.2813974885417,82,0.06960624715351166,-0.3754310750893351,0,2,0,4,0,5,0,1,6,0.09774063108681737
PLCE,tb_254_259#2,原有,True,1,254,2024-09-23,250,250,250,0,0,78,3,131.2813974885417,82,0.06960624715351166,-0.3754310750893351,0,2,0,4,0,5,0,1,6,0.09774063108681737
QS,tb_211#0,原有,True,2,211,2024-07-23,203,204,203,0,1,129,4,14.83793614939603,104,-0.006211203670828613,-0.3465838379810443,0,1,0,0,0,1,0,1,1,0.052554045447246865
QS,tb_211#1,原有,True,1,211,2024-07-23,204,204,204,0,0,129,4,14.83793614939603,104,-0.006211203670828613,-0.3465838379810443,0,1,0,0,0,1,0,1,1,0.052554045447246865
RGBP,tb_174_176#0,新增,False,1,174,2024-05-29,171,177,177,1,2,151,4,3.4863153743020736,86,0.19506175727710526,-0.7411098025051258,0,3,0,0,0,3,0,3,3,0.1728951128531156
RGBP,tb_174_176#1,新增,False,1,174,2024-05-29,172,177,177,1,1,151,4,3.4863153743020736,86,0.19506175727710526,-0.7411098025051258,0,3,0,0,0,3,0,3,3,0.1728951128531156
REPL,tb_185#0,新增,False,1,185,2024-06-13,181,185,185,1,1,72,3,3.5624362922936963,66,0.19661729906732472,-0.22727273643738533,0,0,0,1,0,0,0,0,1,0.09491359736809729
SATL,tb_310#0,原有,True,2,310,2024-12-11,302,305,302,0,1,182,7,11.947835738068813,249,0.2864321258850091,-0.3329145832497171,0,0,0,1,0,0,0,0,1,0.13175363103950577
SATL,tb_310#1,原有,True,1,310,2024-12-11,305,305,305,0,0,182,7,11.947835738068813,249,0.2864321258850091,-0.3329145832497171,0,0,0,1,0,0,0,0,1,0.13175363103950577
REAL,tb_288_290#0,新增,False,2,288,2024-11-08,285,298,291,2,2,127,6,3.9559154022765095,133,2.019930404091955,-0.00800216880852996,3,0,0,0,3,0,3,0,3,0.054253689416454726
REAL,tb_293_294#0,原有,True,2,293,2024-11-15,291,298,291,1,1,127,6,3.9559154022765095,133,1.8437676891865022,-0.027119886756164835,2,0,0,0,2,0,2,0,2,0.05200390763648434
REAL,tb_305_306#0,原有,True,1,305,2024-12-04,298,298,298,0,0,127,6,3.9559154022765095,133,0.8541268163642314,-0.00402520251372096,2,0,0,0,2,0,2,0,2,0.059957123612539
REEAF,tb_254_257#0,新增,True,3,254,2024-09-23,249,258,250,2,3,85,5,527.739737129925,126,0.4085181617926948,-0.033920199152674135,1,0,0,3,4,0,0,0,4,0.08996179735715713
REEAF,tb_254_257#1,原有,True,3,254,2024-09-23,250,258,250,2,2,85,5,527.739737129925,126,0.4085181617926948,-0.033920199152674135,1,0,0,3,4,0,0,0,4,0.08996179735715713
REEAF,tb_260_264#0,原有,True,2,260,2024-10-01,257,258,257,0,1,85,5,527.739737129925,126,0.15639921217563843,-0.1895996585365488,0,0,0,5,0,0,0,0,5,0.09282611979955707
REEAF,tb_260_264#1,原有,True,1,260,2024-10-01,258,258,258,0,0,85,5,527.739737129925,126,0.15639921217563843,-0.1895996585365488,0,0,0,5,0,0,0,0,5,0.09282611979955707
RKDA,tb_284#0,原有,True,1,284,2024-11-04,277,277,277,0,0,107,5,9.3515625,207,1.6334611800958547,-0.34355045765405856,1,0,0,0,0,1,1,0,1,0.12124323879854992
RGTI,tb_278#0,新增,False,1,278,2024-10-25,271,279,279,1,2,66,4,3.988761865265501,121,9.4508194270489,-0.1311476082610863,1,0,0,0,1,0,1,0,1,0.07504084284348622
RGTI,tb_278#1,新增,False,1,278,2024-10-25,273,279,279,1,1,66,4,3.988761865265501,121,9.4508194270489,-0.1311476082610863,1,0,0,0,1,0,1,0,1,0.07504084284348622
RGTI,tb_286_287#0,原有,True,1,286,2024-11-06,279,279,279,0,0,66,4,3.988761865265501,121,15.414510468041833,-0.05877038437823401,2,0,0,0,2,0,2,0,2,0.11666669978035689
RVLV,tb_226_227#0,原有,True,2,226,2024-08-13,222,228,222,1,1,104,3,4.196186529952946,114,0.17845484283404733,-0.0659634553951009,0,0,0,2,1,0,0,0,2,0.04554014457166644
RVLV,tb_234_237#0,原有,True,1,234,2024-08-23,228,228,228,0,0,104,3,4.196186529952946,114,0.13501745943717108,-0.11985173710578612,0,0,0,4,0,0,0,0,4,0.04554014457166644
RILYP,tb_152#0,新增,False,2,152,2024-04-26,149,156,153,3,4,129,4,3.2421654537353337,122,0.12644309522344188,-0.0654205653433757,1,0,0,0,1,0,0,0,1,0.02471767170830998
RILYP,tb_152#1,新增,False,2,152,2024-04-26,150,156,153,3,3,129,4,3.2421654537353337,122,0.12644309522344188,-0.0654205653433757,1,0,0,0,1,0,0,0,1,0.02471767170830998
RILYP,tb_155#0,新增,True,2,155,2024-05-01,152,156,153,1,2,129,4,3.2421654537353337,122,0.06441558772935174,-0.11688311425756415,0,0,0,1,0,1,0,0,1,0.02866836827975077
RILYP,tb_155#1,原有,True,2,155,2024-05-01,153,156,153,1,1,129,4,3.2421654537353337,122,0.06441558772935174,-0.11688311425756415,0,0,0,1,0,1,0,0,1,0.02866836827975077
RILYP,tb_160#0,原有,True,1,160,2024-05-08,156,156,156,0,0,129,4,3.2421654537353337,122,0.01861177752466414,-0.14486919994451675,0,1,0,0,0,1,0,0,1,0.031642681797175026
SKIL,tb_317_320#0,新增,False,1,317,2024-12-20,313,321,321,1,1,52,5,8.939518592432696,304,0.782298397503544,-0.031423689591576875,4,0,0,0,4,0,4,0,4,0.06725801392152991
ROMA,tb_186#0,新增,False,1,186,2024-10-04,183,187,187,1,1,160,4,4.6980740099545555,96,0.3510253436937567,-0.2521109678874043,1,0,0,0,1,0,0,0,1,0.06760205327640506
ROMA,tb_189_194#0,原有,True,1,189,2024-10-09,187,187,187,0,0,160,4,4.6980740099545555,96,0.187465729218675,-0.34265289763983825,0,6,0,0,0,6,0,6,6,0.07481678598279004
RPID,tb_283_286#0,原有,True,2,283,2024-11-01,279,287,279,1,1,56,5,7.031211414460145,237,0.2159297440322484,-0.21055309197356153,2,1,0,1,3,1,0,1,4,0.0427904939705894
RPID,tb_289#0,原有,True,1,289,2024-11-11,287,287,287,0,0,56,5,7.031211414460145,237,0.023622025071121877,-0.3149606158783772,0,1,0,0,0,1,0,1,1,0.06481486080605124
RNXT,tb_300_302#0,新增,False,1,300,2024-11-26,296,300,300,1,2,134,3,7.29074099627432,95,0.3048752370398209,-0.15067293298487075,0,0,0,3,0,0,0,0,3,0.09941524211381755
RNXT,tb_300_302#1,新增,False,1,300,2024-11-26,298,300,300,1,1,134,3,7.29074099627432,95,0.3048752370398209,-0.15067293298487075,0,0,0,3,0,0,0,0,3,0.09941524211381755
RNXT,tb_302#0,原有,True,1,302,2024-11-29,300,300,300,0,0,134,3,7.29074099627432,95,0.33070872645804217,-0.1338582359352748,0,0,0,1,0,0,0,0,1,0.10393687517034197
SFIX,tb_182_184#0,原有,True,1,182,2024-06-10,179,179,179,0,0,119,3,13.708533754294736,65,0.3188669866334232,-0.12131894742703368,1,0,0,2,3,0,0,0,3,0.06572071015516448
SGHT,tb_141#0,原有,True,1,141,2024-04-11,139,139,139,0,0,66,3,3.6079572192513365,69,0.21967215959630493,-0.18032785603770052,0,0,0,1,0,0,0,0,1,0.066217017502745
SCWO,tb_252#0,新增,True,2,252,2024-09-19,244,248,245,0,2,86,4,4.215466706748835,90,0.17469876818602303,-0.2710843311198514,0,0,0,1,0,1,0,0,1,0.08748214608496713
SCWO,tb_252#1,原有,True,2,252,2024-09-19,245,248,245,0,1,86,4,4.215466706748835,90,0.17469876818602303,-0.2710843311198514,0,0,0,1,0,1,0,0,1,0.08748214608496713
SCWO,tb_252#2,原有,True,1,252,2024-09-19,248,248,248,0,0,86,4,4.215466706748835,90,0.17469876818602303,-0.2710843311198514,0,0,0,1,0,1,0,0,1,0.08748214608496713
SGMOQ,tb_223_230#0,原有,True,1,223,2024-08-08,221,221,221,0,0,113,3,17.449330988138648,94,0.12137337858649114,-0.25463138328854296,0,0,0,8,0,0,0,0,8,0.20730892725058525
SGMOQ,tb_278#0,新增,True,1,278,2024-10-25,275,276,276,0,1,54,3,4.5278083309882975,172,1.1200000445048013,0.026666641235351562,1,0,0,0,1,0,1,0,1,0.09274411852964021
SGMOQ,tb_278#1,原有,True,1,278,2024-10-25,276,276,276,0,0,54,3,4.5278083309882975,172,1.1200000445048013,0.026666641235351562,1,0,0,0,1,0,1,0,1,0.09274411852964021
SKYH,tb_313_314#0,原有,True,2,313,2024-12-16,310,311,310,0,1,60,5,4.0001617697611875,196,0.008751138965442107,-0.23312565647407335,0,2,0,0,0,2,0,2,2,0.03889875147762985
SKYH,tb_313_314#1,原有,True,1,313,2024-12-16,311,311,311,0,0,60,5,4.0001617697611875,196,0.008751138965442107,-0.23312565647407335,0,2,0,0,0,2,0,2,2,0.03889875147762985
SNAL,tb_273_276#0,原有,True,2,273,2024-10-18,263,264,263,0,1,243,7,369.9157764995892,223,0.04159300251219206,-0.5685086150956731,0,4,0,0,0,4,0,4,4,0.12459491886874599
SNAL,tb_273_276#1,原有,True,1,273,2024-10-18,264,264,264,0,0,243,7,369.9157764995892,223,0.04159300251219206,-0.5685086150956731,0,4,0,0,0,4,0,4,4,0.12459491886874599
SNT,tb_147_148#0,新增,True,1,147,2024-04-19,143,144,144,0,1,123,3,4.576899482955043,103,0.5104166563186384,-0.12409631296979523,2,0,0,0,2,0,2,0,2,0.05791112030100276
SNT,tb_147_148#1,原有,True,1,147,2024-04-19,144,144,144,0,0,123,3,4.576899482955043,103,0.5104166563186384,-0.12409631296979523,2,0,0,0,2,0,2,0,2,0.05791112030100276
SLDP,tb_206_207#0,新增,True,1,206,2024-07-16,203,204,204,0,1,71,3,4.1013454713381305,71,0.05864442374830969,-0.4684253552383812,0,2,0,0,0,2,0,2,2,0.05439306077163186
SLDP,tb_206_207#1,原有,True,1,206,2024-07-16,204,204,204,0,0,71,3,4.1013454713381305,71,0.05864442374830969,-0.4684253552383812,0,2,0,0,0,2,0,2,2,0.05439306077163186
SLDP,tb_322#0,新增,True,1,322,2024-12-30,317,320,320,0,1,113,3,8.08319637684116,86,0.08878495770465755,-0.4626168599138284,0,1,0,0,0,1,0,1,1,0.05358851956555839
SLDP,tb_322#1,原有,True,1,322,2024-12-30,320,320,320,0,0,113,3,8.08319637684116,86,0.08878495770465755,-0.4626168599138284,0,1,0,0,0,1,0,1,1,0.05358851956555839
SLNHP,tb_184_187#0,新增,False,2,184,2024-06-12,178,192,184,2,3,127,5,14.606205250596659,125,1.1453372334260752,-0.13625969353075157,4,0,0,0,4,0,4,0,4,0.1139807047714196
SLNHP,tb_184_187#1,新增,False,2,184,2024-06-12,181,192,184,2,2,127,5,14.606205250596659,125,1.1453372334260752,-0.13625969353075157,4,0,0,0,4,0,4,0,4,0.1139807047714196
SLNHP,tb_186#0,原有,True,2,186,2024-06-14,184,192,184,1,1,127,5,14.606205250596659,125,1.1589743257431047,-0.1307692251261876,1,0,0,0,1,0,1,0,1,0.11336911158166643
SLNHP,tb_195_196#0,原有,True,1,195,2024-06-28,192,192,192,0,0,127,5,14.606205250596659,125,0.5917335656560806,-0.10110531849478716,2,0,0,0,2,0,0,0,2,0.11279981982263543
SLNHP,tb_282#0,新增,True,1,282,2024-10-31,271,274,274,0,2,61,3,12.387288977159882,65,-0.007407435664424145,-0.4644444430315936,0,1,0,0,0,1,0,1,1,0.13559038104295743
SLNHP,tb_282#1,新增,True,1,282,2024-10-31,273,274,274,0,1,61,3,12.387288977159882,65,-0.007407435664424145,-0.4644444430315936,0,1,0,0,0,1,0,1,1,0.13559038104295743
SLNHP,tb_282#2,原有,True,1,282,2024-10-31,274,274,274,0,0,61,3,12.387288977159882,65,-0.007407435664424145,-0.4644444430315936,0,1,0,0,0,1,0,1,1,0.13559038104295743
SLSN,tb_145_147#0,新增,False,1,145,2024-04-17,141,149,149,2,2,40,5,6.237345999703132,129,0.8209942803868029,0.00010741139340038804,3,0,0,0,3,0,3,0,3,0.08090061897346636
SLSN,tb_156_157#0,新增,True,1,156,2024-05-02,148,149,149,0,1,40,5,6.237345999703132,129,0.24828976110027612,-0.12052311133164406,0,0,0,2,0,0,0,0,2,0.08090061897346636
SLSN,tb_156_157#1,原有,True,1,156,2024-05-02,149,149,149,0,0,40,5,6.237345999703132,129,0.24828976110027612,-0.12052311133164406,0,0,0,2,0,0,0,0,2,0.08090061897346636
SMC,tb_133_139#0,原有,True,1,133,2024-04-01,128,128,128,0,0,89,3,35.58290251107829,88,0.2665422471312695,-0.050093314651547885,7,0,0,0,7,0,7,0,7,0.03995822534918718
SOUN,tb_292_293#0,原有,True,1,292,2024-11-14,287,287,287,0,0,75,3,3.9504436980000857,83,2.8476975705360257,-0.08043418295577176,2,0,0,0,2,0,2,0,2,0.07621756735124127
STI,tb_282#0,新增,False,1,282,2024-10-31,280,282,282,1,2,142,3,307.6165190705831,76,1.282157640225143,-0.35062243274637384,0,1,0,0,0,1,0,1,1,0.06102649213433767
SMR,tb_117#0,新增,False,1,117,2024-03-07,113,120,120,1,2,93,3,4.083506301157459,101,1.5134529018534426,-0.15022423106801475,1,0,0,0,1,0,1,0,1,0.08900297249623111
SMR,tb_117#1,新增,False,1,117,2024-03-07,114,120,120,1,1,93,3,4.083506301157459,101,1.5134529018534426,-0.15022423106801475,1,0,0,0,1,0,1,0,1,0.08900297249623111
SMR,tb_123#0,原有,True,1,123,2024-03-15,120,120,120,0,0,93,3,4.083506301157459,101,0.4280254999151716,-0.5171974512233546,0,1,0,0,0,1,0,1,1,0.13548565488793768
SWIM,tb_232#0,原有,True,1,232,2024-08-21,222,222,222,0,0,87,4,43.56865755899288,90,0.2465986022183957,-0.06292514938059013,0,0,0,1,0,0,0,0,1,0.07836333040438274
SWVL,tb_299_300#0,新增,True,1,299,2024-11-25,293,295,295,0,1,76,4,12.407849089332176,67,0.14226762716118024,-0.3209853036918177,0,1,0,1,0,2,0,0,2,0.09930259204222194
SWVL,tb_299_300#1,原有,True,1,299,2024-11-25,295,295,295,0,0,76,4,12.407849089332176,67,0.14226762716118024,-0.3209853036918177,0,1,0,1,0,2,0,0,2,0.09930259204222194
SXGCF,tb_232_235#0,新增,False,1,232,2024-08-21,228,238,238,2,3,75,4,48.02587465334293,76,0.39922514367740364,-0.05633657363308203,1,0,0,3,4,0,0,0,4,0.08333392658561667
SXGCF,tb_232_235#1,新增,False,1,232,2024-08-21,229,238,238,2,2,75,4,48.02587465334293,76,0.39922514367740364,-0.05633657363308203,1,0,0,3,4,0,0,0,4,0.08333392658561667
SXGCF,tb_241_242#0,新增,True,1,241,2024-09-04,236,238,238,0,1,75,4,48.02587465334293,76,0.2647061032407556,-0.14705871308550456,0,0,0,2,2,0,0,0,2,0.06486706244723367
SXGCF,tb_241_242#1,原有,True,1,241,2024-09-04,238,238,238,0,0,75,4,48.02587465334293,76,0.2647061032407556,-0.14705871308550456,0,0,0,2,2,0,0,0,2,0.06486706244723367
TEO,tb_162#0,新增,True,1,162,2024-05-10,158,159,159,0,1,114,3,4.044284859365649,110,0.012671522009941816,-0.297782499912293,0,1,0,0,0,1,0,1,1,0.053377690541784886
TEO,tb_162#1,原有,True,1,162,2024-05-10,159,159,159,0,0,114,3,4.044284859365649,110,0.012671522009941816,-0.297782499912293,0,1,0,0,0,1,0,1,1,0.053377690541784886
TDAY,tb_152#0,新增,False,1,152,2024-04-26,149,156,156,1,1,127,5,6.370897218645763,136,0.7906976830149122,-0.08914729685073075,1,0,0,0,1,0,1,0,1,0.059957495377503854
TDAY,tb_159#0,原有,True,1,159,2024-05-07,156,156,156,0,0,127,5,6.370897218645763,136,0.5202492387688511,-0.03426795395862481,1,0,0,0,1,0,1,0,1,0.058236474146275204
TGEN,tb_226#0,新增,False,3,226,2024-08-13,224,232,230,3,4,68,7,11.386891909056267,224,0.39534886944545367,-0.10930237200145321,0,1,0,0,0,1,0,1,1,0.01947977453969764
TGEN,tb_234_235#0,原有,True,3,234,2024-08-23,230,232,230,0,2,68,7,11.386891909056267,224,0.10704390865036151,-0.25114661711124925,0,2,0,0,0,2,0,2,2,0.030387555622624133
TGEN,tb_234_235#1,原有,True,2,234,2024-08-23,231,232,231,0,1,68,7,11.386891909056267,224,0.10704390865036151,-0.25114661711124925,0,2,0,0,0,2,0,2,2,0.030387555622624133
TGEN,tb_234_235#2,原有,True,1,234,2024-08-23,232,232,232,0,0,68,7,11.386891909056267,224,0.10704390865036151,-0.25114661711124925,0,2,0,0,0,2,0,2,2,0.030387555622624133
TGS,tb_141#0,原有,True,1,141,2024-04-11,135,135,135,0,0,66,3,5.119961365099806,72,0.18061923865075658,-0.14564224987075636,0,0,0,1,0,0,0,0,1,0.049174877288139185
TIGR,tb_268#0,原有,True,2,268,2024-10-11,259,260,259,0,1,74,6,20.73777246355322,244,-0.015081219972949755,-0.37819023147623143,0,0,0,1,0,1,0,0,1,0.14948293378836183
TIGR,tb_268#1,原有,True,1,268,2024-10-11,260,260,260,0,0,74,6,20.73777246355322,244,-0.015081219972949755,-0.37819023147623143,0,0,0,1,0,1,0,0,1,0.14948293378836183
TLSA,tb_150_152#0,原有,True,2,150,2024-04-24,147,148,147,0,1,124,5,22.687812326485282,119,0.30842254808288483,-0.32709691797430557,0,0,0,3,0,2,0,0,3,0.10317464492338557
TLSA,tb_150_152#1,原有,True,1,150,2024-04-24,148,148,148,0,0,124,5,22.687812326485282,119,0.30842254808288483,-0.32709691797430557,0,0,0,3,0,2,0,0,3,0.10317464492338557
TMQ,tb_208_218#0,新增,True,1,208,2024-07-18,204,206,206,0,1,70,3,3.5579053966534393,116,0.04553230308626189,-0.29887104829200944,0,11,0,0,0,11,0,6,11,0.07827815979517079
TMQ,tb_208_218#1,原有,True,1,208,2024-07-18,206,206,206,0,0,70,3,3.5579053966534393,116,0.04553230308626189,-0.29887104829200944,0,11,0,0,0,11,0,6,11,0.07827815979517079
TIL,tb_89_96#0,原有,True,1,89,2024-01-26,82,82,82,0,0,62,3,8.438788336665777,66,0.1005056348250136,-0.108599223415827,0,0,0,8,0,0,0,0,8,0.04471686582716834
TISI,tb_137#0,新增,True,1,137,2024-04-05,133,135,135,0,1,111,4,4.2399608227228205,115,0.012903213236342914,-0.3580645518546043,0,1,0,0,0,1,0,0,1,0.10680044332757874
TISI,tb_137#1,原有,True,1,137,2024-04-05,135,135,135,0,0,111,4,4.2399608227228205,115,0.012903213236342914,-0.3580645518546043,0,1,0,0,0,1,0,0,1,0.10680044332757874
TKNO,tb_216_217#0,新增,True,2,216,2024-07-30,209,214,212,0,2,154,7,353.9422585831836,114,0.45273225102542713,-0.11850710632067313,0,0,0,2,0,0,0,0,2,0.11573772521191095
TKNO,tb_216_217#1,原有,True,2,216,2024-07-30,212,214,212,0,1,154,7,353.9422585831836,114,0.45273225102542713,-0.11850710632067313,0,0,0,2,0,0,0,0,2,0.11573772521191095
TKNO,tb_216_217#2,原有,True,1,216,2024-07-30,214,214,214,0,0,154,7,353.9422585831836,114,0.45273225102542713,-0.11850710632067313,0,0,0,2,0,0,0,0,2,0.11573772521191095
TUSK,tb_214#0,原有,True,1,214,2024-07-26,211,211,211,0,0,80,4,89.80036878355659,83,0.038190942130779115,-0.1381909421307792,0,0,0,1,0,0,0,0,1,0.055640725441380184
TE,tb_294_301#0,新增,True,1,294,2024-11-18,286,287,287,0,1,116,4,34.25824868247894,79,0.486951787529704,-0.31184225481976635,1,4,0,3,3,5,1,1,8,0.0693756755439022
TE,tb_294_301#1,原有,True,1,294,2024-11-18,287,287,287,0,0,116,4,34.25824868247894,79,0.486951787529704,-0.31184225481976635,1,4,0,3,3,5,1,1,8,0.0693756755439022
TRVI,tb_314#0,新增,True,1,314,2024-12-17,311,312,312,0,1,62,4,121.30531540523671,185,0.039999961853027344,-0.2284444702996148,0,0,0,1,0,0,0,0,1,0.08987001067922819
TRVI,tb_314#1,原有,True,1,314,2024-12-17,312,312,312,0,0,62,4,121.30531540523671,185,0.039999961853027344,-0.2284444702996148,0,0,0,1,0,0,0,0,1,0.08987001067922819
UURAF,tb_308_310#0,新增,True,1,308,2024-12-09,304,305,305,0,1,241,4,4.722838517840805,152,0.021937775956590893,-0.358033660810337,0,3,0,0,0,3,0,3,3,0.04651165208409023
UURAF,tb_308_310#1,原有,True,1,308,2024-12-09,305,305,305,0,0,241,4,4.722838517840805,152,0.021937775956590893,-0.358033660810337,0,3,0,0,0,3,0,3,3,0.04651165208409023
UMAC,tb_189_191#0,新增,True,1,189,2024-11-13,185,186,186,0,1,71,3,4.940592303599929,156,6.7835086092140955,-0.2041638765906918,3,0,0,0,3,0,3,0,3,0.1364783283723593
UMAC,tb_189_191#1,原有,True,1,189,2024-11-13,186,186,186,0,0,71,3,4.940592303599929,156,6.7835086092140955,-0.2041638765906918,3,0,0,0,3,0,3,0,3,0.1364783283723593
UNCY,tb_72#0,新增,False,1,72,2024-01-02,69,77,77,2,2,49,5,10.377313618033295,70,1.051918849847202,-0.14221216714101026,1,0,0,0,1,0,1,0,1,0.10928154512471633
UNCY,tb_81_84#0,新增,True,1,81,2024-01-16,76,77,77,0,1,49,5,10.377313618033295,70,1.0769433112786029,-0.06320492461760854,4,0,0,0,4,0,4,0,4,0.1148004506178816
UNCY,tb_81_84#1,原有,True,1,81,2024-01-16,77,77,77,0,0,49,5,10.377313618033295,70,1.0769433112786029,-0.06320492461760854,4,0,0,0,4,0,4,0,4,0.1148004506178816
TOUR,tb_261#0,新增,True,1,261,2024-10-02,258,259,259,0,1,90,5,61.55116544755857,250,0.05263159313393806,-0.35263159960941937,0,1,0,0,0,1,0,1,1,0.04907977624922771
TOUR,tb_261#1,原有,True,1,261,2024-10-02,259,259,259,0,0,90,5,61.55116544755857,250,0.05263159313393806,-0.35263159960941937,0,1,0,0,0,1,0,1,1,0.04907977624922771
USGO,tb_271_279#0,原有,True,3,271,2024-10-16,259,262,259,0,2,125,6,37.5534203102962,256,0.29687006624660345,-0.24742237476476475,0,0,0,9,0,0,0,0,9,0.10310494171114033
USGO,tb_271_279#1,原有,True,2,271,2024-10-16,260,262,260,0,1,125,6,37.5534203102962,256,0.29687006624660345,-0.24742237476476475,0,0,0,9,0,0,0,0,9,0.10310494171114033
USGO,tb_271_279#2,原有,True,1,271,2024-10-16,262,262,262,0,0,125,6,37.5534203102962,256,0.29687006624660345,-0.24742237476476475,0,0,0,9,0,0,0,0,9,0.10310494171114033
UXIN,tb_266#0,原有,True,1,266,2024-10-09,258,258,258,0,0,91,4,618.6527426387469,94,0.2508361196012845,-0.37959865780706414,0,0,0,1,0,1,0,0,1,0.1401896351512077
VRAX,tb_174#0,新增,False,2,174,2024-05-29,172,180,176,3,3,150,5,1061.5319688232685,111,2.0434782608695654,-0.08695652173913049,1,0,0,0,1,0,1,0,1,0.08100177090248192
VRAX,tb_178_179#0,新增,True,2,178,2024-06-04,174,180,176,1,2,150,5,1061.5319688232685,111,1.6417445482866042,-0.09237208041711864,2,0,0,0,2,0,2,0,2,0.09975070529009261
VRAX,tb_178_179#1,原有,True,2,178,2024-06-04,176,180,176,1,1,150,5,1061.5319688232685,111,1.6417445482866042,-0.09237208041711864,2,0,0,0,2,0,2,0,2,0.09975070529009261
WWR,tb_279_283#0,原有,True,1,279,2024-10-28,276,276,276,0,0,97,3,29.274611525755535,97,0.31126387074128864,-0.20708619097686326,0,5,0,0,0,5,0,5,5,0.038461503192516594
WYY,tb_189_191#0,新增,False,1,189,2024-06-20,184,192,192,1,1,96,4,18.12669351885756,101,0.5072537788437356,-0.08902247954613178,3,0,0,0,3,0,3,0,3,0.054598592148494385
WYY,tb_194#0,原有,True,1,194,2024-06-27,192,192,192,0,0,96,4,18.12669351885756,101,0.2500000163749019,-0.24450551627871575,0,1,0,0,1,0,0,0,1,0.05874292583561509
WULF,tb_182#0,新增,True,1,182,2024-06-10,178,180,180,0,2,74,4,3.2015872982707143,110,1.1067962490969605,-0.11326858069724555,1,0,0,0,1,0,1,0,1,0.10919796548121319
WULF,tb_182#1,新增,True,1,182,2024-06-10,179,180,180,0,1,74,4,3.2015872982707143,110,1.1067962490969605,-0.11326858069724555,1,0,0,0,1,0,1,0,1,0.10919796548121319
WULF,tb_182#2,原有,True,1,182,2024-06-10,180,180,180,0,0,74,4,3.2015872982707143,110,1.1067962490969605,-0.11326858069724555,1,0,0,0,1,0,1,0,1,0.10919796548121319
ZVRA,tb_205#0,新增,False,1,205,2024-07-15,201,206,206,1,1,132,4,5.386717614320721,74,0.35473508098616047,-0.12520067534836854,1,0,0,0,1,0,1,0,1,0.050726987933729255
ZVRA,tb_210_214#0,原有,True,1,210,2024-07-22,206,206,206,0,0,132,4,5.386717614320721,74,0.38107811155948734,-0.12935151559141805,2,0,0,3,5,0,0,0,5,0.07478103492902885
WNDW,tb_258#0,新增,True,2,258,2024-09-27,250,253,252,0,2,225,6,14.230528336195574,183,0.09411762478442398,-0.647058819404523,0,1,0,0,0,1,0,1,1,0.2788889080653957
WNDW,tb_258#1,原有,True,2,258,2024-09-27,252,253,252,0,1,225,6,14.230528336195574,183,0.09411762478442398,-0.647058819404523,0,1,0,0,0,1,0,1,1,0.2788889080653957
WNDW,tb_258#2,原有,True,1,258,2024-09-27,253,253,253,0,0,225,6,14.230528336195574,183,0.09411762478442398,-0.647058819404523,0,1,0,0,0,1,0,1,1,0.2788889080653957
WOOF,tb_177_179#0,原有,True,4,177,2024-06-03,170,177,170,1,3,121,6,6.562250302079852,133,0.055343545622484745,-0.2653630078009041,0,0,0,3,0,1,0,0,3,0.10469006304322556
WOOF,tb_177_179#1,原有,True,3,177,2024-06-03,172,177,172,1,2,121,6,6.562250302079852,133,0.055343545622484745,-0.2653630078009041,0,0,0,3,0,1,0,0,3,0.10469006304322556
WOOF,tb_177_179#2,原有,True,2,177,2024-06-03,175,177,175,1,1,121,6,6.562250302079852,133,0.055343545622484745,-0.2653630078009041,0,0,0,3,0,1,0,0,3,0.10469006304322556
WOOF,tb_179#0,原有,True,1,179,2024-06-05,177,177,177,0,0,121,6,6.562250302079852,133,0.002421247401352966,-0.30024212474013534,0,0,0,1,0,1,0,0,1,0.10688034740183175
WOOF,tb_249_253#0,新增,True,1,249,2024-09-16,246,247,247,0,1,69,3,6.06509064919335,68,0.25279344424544037,-0.13546266408768518,0,0,0,5,0,0,0,0,5,0.0852729348454622
WOOF,tb_249_253#1,原有,True,1,249,2024-09-16,247,247,247,0,0,69,3,6.06509064919335,68,0.25279344424544037,-0.13546266408768518,0,0,0,5,0,0,0,0,5,0.0852729348454622
WRBY,tb_163_165#0,新增,False,1,163,2024-05-13,161,163,163,1,1,89,3,3.5863848795960886,91,0.1509267442728266,-0.029566807932385086,0,0,0,3,0,0,0,0,3,0.04215328705360739
WRBY,tb_165_167#0,原有,True,1,165,2024-05-15,163,163,163,0,0,89,3,3.5863848795960886,91,0.11330192811347883,-0.06129112976969031,0,0,0,3,0,0,0,0,3,0.041780430159652826
WRLGF,tb_143_147#0,原有,True,1,143,2024-04-15,141,141,141,0,0,72,3,7.808181354811488,73,0.055554814521219374,-0.4033236100804315,0,5,0,0,0,5,0,5,5,0.06955860101456016
XPOF,tb_123#0,原有,True,1,123,2024-03-15,120,120,120,0,0,93,4,9.772048202307221,67,0.11329400722818916,-0.5153896611964359,0,1,0,0,0,1,0,1,1,0.06212645331199816
XLO,tb_283#0,原有,True,1,283,2024-11-01,281,281,281,0,0,143,5,22.985879306212404,120,0.16666666666666674,-0.38636361290647525,0,1,0,0,0,1,0,1,1,0.09819203323464562
YQ,tb_263#0,新增,False,1,263,2024-10-04,258,264,264,1,1,51,4,6.633551457465794,126,0.17757015010031862,-0.3943925107865469,0,1,0,0,0,1,0,1,1,0.05024229506387426
YQ,tb_270#0,原有,True,1,270,2024-10-15,264,264,264,0,0,51,4,6.633551457465794,126,0.04411760452090707,-0.4485294175653308,0,1,0,0,0,1,0,1,1,0.0639618097186702
YRD,tb_264#0,新增,True,1,264,2024-10-07,258,259,259,0,1,155,4,7.735927152317881,145,-0.07926026076242498,-0.41743725049927793,0,1,0,0,0,1,0,1,1,0.054533473654124406
YRD,tb_264#1,原有,True,1,264,2024-10-07,259,259,259,0,0,155,4,7.735927152317881,145,-0.07926026076242498,-0.41743725049927793,0,1,0,0,0,1,0,1,1,0.054533473654124406
ZCSH,tb_109_111#0,新增,False,1,109,2024-02-26,107,114,114,1,1,67,5,4.137931034482759,75,1.70793066411175,-0.10926789333916864,3,0,0,0,3,0,3,0,3,0.14813222306736407
ZCSH,tb_118#0,原有,True,1,118,2024-03-08,114,114,114,0,0,67,5,4.137931034482759,75,0.5044116551900848,-0.3617647013449753,0,0,0,1,0,0,0,0,1,0.15036192457313913
XGN,tb_298_300#0,新增,True,1,298,2024-11-22,294,296,296,0,2,71,4,26.618794520547944,71,0.543851875572312,-0.3149467354363092,3,0,0,0,3,0,1,0,3,0.09889933491677283
XGN,tb_298_300#1,新增,True,1,298,2024-11-22,295,296,296,0,1,71,4,26.618794520547944,71,0.543851875572312,-0.3149467354363092,3,0,0,0,3,0,1,0,3,0.09889933491677283
XGN,tb_298_300#2,原有,True,1,298,2024-11-22,296,296,296,0,0,71,4,26.618794520547944,71,0.543851875572312,-0.3149467354363092,3,0,0,0,3,0,1,0,3,0.09889933491677283
ZTEK,tb_298_302#0,新增,True,1,298,2024-11-22,291,293,293,0,1,215,5,10.066808334197159,132,0.07587995207788682,-0.3000509892416369,0,0,0,5,0,4,0,0,5,0.10189079390793326
ZTEK,tb_298_302#1,原有,True,1,298,2024-11-22,293,293,293,0,0,215,5,10.066808334197159,132,0.07587995207788682,-0.3000509892416369,0,0,0,5,0,4,0,0,5,0.10189079390793326
ZVIA,tb_292_293#0,原有,True,4,292,2024-11-14,288,303,288,2,3,62,7,19.34024009051336,226,1.524504830797906,-0.028552926027859304,2,0,0,0,2,0,2,0,2,0.09149055811759482
ZVIA,tb_292_293#1,原有,True,3,292,2024-11-14,289,303,289,2,2,62,7,19.34024009051336,226,1.524504830797906,-0.028552926027859304,2,0,0,0,2,0,2,0,2,0.09149055811759482
ZVIA,tb_297_302#0,原有,True,2,297,2024-11-21,295,303,295,1,1,62,7,19.34024009051336,226,1.3066946499878405,-0.05675251998075174,6,0,0,0,6,0,6,0,6,0.10585080755644594
ZVIA,tb_305_308#0,原有,True,1,305,2024-12-04,303,303,303,0,0,62,7,19.34024009051336,226,0.7404569417395543,-0.02654432580913424,3,0,0,1,4,0,1,0,4,0.14065786037940947
