symbol,tb_id,group,causal,n_burst,tb_start,tb_date,anchor_idx,burst_end_max,burst_end_min,n_bo_after,pos_from_end,first_drought,distinct_pk,vol_spike,peak_age,fr,dd,fp_up,fp_down,fp_both,fp_none,up4,dn4,up6,dn6,n_buy_bars,atr_pct
AIFA,tb_158_159#0,新增,False,1,158,2025-05-08,151,160,160,1,3,61,3,59.24075990642943,137,1.7881213261817588,0.01030452812913557,2,0,0,0,2,0,2,0,2,0.08346504966465496
AIFA,tb_158_159#1,新增,False,1,158,2025-05-08,152,160,160,1,2,61,3,59.24075990642943,137,1.7881213261817588,0.01030452812913557,2,0,0,0,2,0,2,0,2,0.08346504966465496
AIFA,tb_158_159#2,新增,False,1,158,2025-05-08,154,160,160,1,1,61,3,59.24075990642943,137,1.7881213261817588,0.01030452812913557,2,0,0,0,2,0,2,0,2,0.08346504966465496
AIFA,tb_162_164#0,原有,True,1,162,2025-05-14,160,160,160,0,0,61,3,59.24075990642943,137,1.1380952140136376,-0.1388069066630675,3,0,0,0,3,0,3,0,3,0.09061902144238189
AIIO,tb_160_161#0,新增,False,2,160,2025-05-12,156,164,162,2,3,118,7,25.019502780669903,126,4.453997936627967,0.029159685273346003,2,0,0,0,2,0,2,0,2,0.11680196805912599
AIIO,tb_160_161#1,新增,False,2,160,2025-05-12,157,164,162,2,2,118,7,25.019502780669903,126,4.453997936627967,0.029159685273346003,2,0,0,0,2,0,2,0,2,0.11680196805912599
ACMR,tb_97_101#0,新增,False,2,97,2025-02-10,95,108,103,2,2,70,3,3.8844609363086464,96,0.3175004841062051,-0.2666479699997572,5,0,0,0,5,0,5,0,5,0.042864290953282605
ACMR,tb_112_117#0,原有,True,2,112,2025-03-04,103,108,103,0,1,70,3,3.8844609363086464,96,0.1580222837201257,-0.36429716557524877,0,6,0,0,0,6,0,6,6,0.057200398922108195
ACMR,tb_112_119#0,原有,True,1,112,2025-03-04,108,108,108,0,0,70,3,3.8844609363086464,96,0.14736669126676735,-0.37014661287890016,0,8,0,0,0,8,0,8,8,0.057200398922108195
ACOG,tb_121_122#0,新增,True,3,121,2025-05-09,118,127,119,2,3,98,5,9.709485119801139,106,0.5416568151245839,-0.11962201837731123,0,0,0,2,2,0,0,0,2,0.11647760739407483
ACOG,tb_121_122#1,原有,True,3,121,2025-05-09,119,127,119,2,2,98,5,9.709485119801139,106,0.5416568151245839,-0.11962201837731123,0,0,0,2,2,0,0,0,2,0.11647760739407483
ACOG,tb_131_132#0,原有,True,2,131,2025-05-23,126,127,126,0,1,98,5,9.709485119801139,106,0.28548603445737286,-0.15674787403135776,0,0,0,2,0,0,0,0,2,0.09395420640451538
ACOG,tb_131_132#1,原有,True,1,131,2025-05-23,127,127,127,0,0,98,5,9.709485119801139,106,0.28548603445737286,-0.15674787403135776,0,0,0,2,0,0,0,0,2,0.09395420640451538
ABAT,tb_255#0,新增,True,2,255,2025-09-26,249,253,252,0,2,45,4,3.2110749363741666,184,1.6232875504353261,-0.2625570925388486,1,0,0,0,1,0,1,0,1,0.07931434644591516
ABAT,tb_255#1,原有,True,2,255,2025-09-26,252,253,252,0,1,45,4,3.2110749363741666,184,1.6232875504353261,-0.2625570925388486,1,0,0,0,1,0,1,0,1,0.07931434644591516
ABAT,tb_255#2,原有,True,1,255,2025-09-26,253,253,253,0,0,45,4,3.2110749363741666,184,1.6232875504353261,-0.2625570925388486,1,0,0,0,1,0,1,0,1,0.07931434644591516
ABUS,tb_246#0,新增,True,2,246,2025-09-15,235,240,237,0,3,53,4,3.4443325461869705,186,0.0927151390738139,-0.09492280027818656,0,0,0,1,0,0,0,0,1,0.04349485312004129
ABUS,tb_246#1,新增,True,2,246,2025-09-15,236,240,237,0,2,53,4,3.4443325461869705,186,0.0927151390738139,-0.09492280027818656,0,0,0,1,0,0,0,0,1,0.04349485312004129
ABUS,tb_246#2,原有,True,2,246,2025-09-15,237,240,237,0,1,53,4,3.4443325461869705,186,0.0927151390738139,-0.09492280027818656,0,0,0,1,0,0,0,0,1,0.04349485312004129
ABUS,tb_246#3,原有,True,1,246,2025-09-15,240,240,240,0,0,53,4,3.4443325461869705,186,0.0927151390738139,-0.09492280027818656,0,0,0,1,0,0,0,0,1,0.04349485312004129
ACFN,tb_219_224#0,原有,True,1,219,2025-08-06,212,212,212,0,0,54,4,28.11778846153846,158,0.10736076060337496,-0.18643837845077385,0,0,0,6,0,0,0,0,6,0.06917495749568961
ACHR,tb_170_172#0,新增,True,2,170,2025-05-27,161,164,163,0,2,52,5,3.3674942253532114,89,0.2688300480883674,-0.1456420946493159,0,0,0,3,3,0,0,0,3,0.05904162335558703
ACHR,tb_170_172#1,原有,True,2,170,2025-05-27,163,164,163,0,1,52,5,3.3674942253532114,89,0.2688300480883674,-0.1456420946493159,0,0,0,3,3,0,0,0,3,0.05904162335558703
ACHR,tb_170_172#2,原有,True,1,170,2025-05-27,164,164,164,0,0,52,5,3.3674942253532114,89,0.2688300480883674,-0.1456420946493159,0,0,0,3,3,0,0,0,3,0.05904162335558703
ALOT,tb_198_199#0,新增,True,1,198,2025-07-08,193,195,195,0,1,148,3,7.22124424884977,91,0.04010933994149268,-0.13006255131536082,0,0,0,2,0,2,0,0,2,0.031532385763586766
ALOT,tb_198_199#1,原有,True,1,198,2025-07-08,195,195,195,0,0,148,3,7.22124424884977,91,0.04010933994149268,-0.13006255131536082,0,0,0,2,0,2,0,0,2,0.031532385763586766
ALT,tb_185#0,原有,True,2,185,2025-06-17,182,190,182,1,1,144,4,3.11892041708277,104,0.12191584453779569,-0.5791001231402572,0,1,0,0,0,1,0,1,1,0.06284296283918349
ABOS,tb_263#0,新增,True,2,263,2025-10-08,256,264,261,1,3,47,5,4.052056704624681,190,0.3085106619076796,-0.20212765755077033,0,0,0,1,1,0,0,0,1,0.07067997927223782
ABOS,tb_263#1,新增,True,2,263,2025-10-08,257,264,261,1,2,47,5,4.052056704624681,190,0.3085106619076796,-0.20212765755077033,0,0,0,1,1,0,0,0,1,0.07067997927223782
ABOS,tb_263#2,原有,True,2,263,2025-10-08,261,264,261,1,1,47,5,4.052056704624681,190,0.3085106619076796,-0.20212765755077033,0,0,0,1,1,0,0,0,1,0.07067997927223782
ABOS,tb_267_269#0,原有,True,1,267,2025-10-14,264,264,264,0,0,47,5,4.052056704624681,190,0.09655699145755355,-0.33136769850405196,0,2,0,1,0,3,0,1,3,0.07958029893572184
AGMRF,tb_213_217#0,新增,True,2,213,2025-07-29,197,201,200,0,3,74,4,7.625320017418518,177,1.3354180546196361,-0.03924034943683417,5,0,0,0,5,0,5,0,5,0.1612922614024801
AGMRF,tb_213_218#0,新增,True,2,213,2025-07-29,198,201,200,0,2,74,4,7.625320017418518,177,1.31139910829481,-0.03183071988054106,6,0,0,0,6,0,6,0,6,0.1612922614024801
AGMRF,tb_213_220#0,原有,True,2,213,2025-07-29,200,201,200,0,1,74,4,7.625320017418518,177,1.2585493063858397,-0.026477216407699247,8,0,0,0,8,0,8,0,8,0.1612922614024801
AGMRF,tb_213_221#0,原有,True,1,213,2025-07-29,201,201,201,0,0,74,4,7.625320017418518,177,1.2409327057495163,-0.024461228479611644,9,0,0,0,9,0,9,0,9,0.1612922614024801
AMBO,tb_231_237#0,原有,True,1,231,2025-08-22,227,227,227,0,0,157,5,48.213260060273,120,0.9037350998598487,-0.179278621630955,7,0,0,0,7,0,7,0,7,0.09467356944795523
AMBP,tb_151_153#0,原有,True,1,151,2025-04-29,148,148,148,0,0,128,3,6.875096660683754,96,0.20039459839531237,-0.04427935256230534,2,0,0,1,3,0,0,0,3,0.04102717171848999
AMC,tb_173_174#0,新增,True,1,173,2025-05-30,168,170,170,0,1,146,3,7.5887999509582675,68,0.02887376364885008,-0.20262282295119843,0,1,0,1,0,2,0,0,2,0.0481101794224206
AMC,tb_173_174#1,原有,True,1,173,2025-05-30,170,170,170,0,0,146,3,7.5887999509582675,68,0.02887376364885008,-0.20262282295119843,0,1,0,1,0,2,0,0,2,0.0481101794224206
ADUR,tb_162#0,新增,False,1,162,2025-05-14,158,165,165,1,1,116,4,6.079530127277632,125,0.909090957486735,-0.062200935832852355,1,0,0,0,1,0,1,0,1,0.057997986919337066
ADUR,tb_167#0,原有,True,1,167,2025-05-21,165,165,165,0,0,116,4,6.079530127277632,125,0.710344774969693,-0.013793090294147325,1,0,0,0,1,0,1,0,1,0.08228098763916682
ANIX,tb_182#0,原有,True,2,182,2025-06-12,179,184,179,1,1,79,4,33.780651530108585,138,0.05555557027275215,-0.1944443966135554,0,0,0,1,0,1,0,0,1,0.05667378146911687
ANIX,tb_188#0,原有,True,1,188,2025-06-23,184,184,184,0,0,79,4,33.780651530108585,138,0.00859598031741915,-0.1690544162054679,0,0,0,1,0,0,0,0,1,0.070672279266633
ANIX,tb_266_269#0,新增,True,1,266,2025-10-13,262,263,263,0,1,78,3,10.46170975937827,227,0.23283006796415895,-0.15282626400245983,0,0,0,4,3,0,0,0,4,0.054997360090340536
ANIX,tb_266_269#1,原有,True,1,266,2025-10-13,263,263,263,0,0,78,3,10.46170975937827,227,0.23283006796415895,-0.15282626400245983,0,0,0,4,3,0,0,0,4,0.054997360090340536
ALTO,tb_292_296#0,原有,True,3,292,2025-11-18,288,293,288,1,2,104,6,58.323095620119034,261,0.502076520080583,-0.026283196269197374,5,0,0,0,5,0,1,0,5,0.08967207292126138
ALTO,tb_292_296#1,原有,True,2,292,2025-11-18,289,293,289,1,1,104,6,58.323095620119034,261,0.502076520080583,-0.026283196269197374,5,0,0,0,5,0,1,0,5,0.08967207292126138
ALTO,tb_296#0,原有,True,1,296,2025-11-24,293,293,293,0,0,104,6,58.323095620119034,261,0.4790697328847071,-0.018604743487125486,1,0,0,0,1,0,0,0,1,0.09308025006154805
ALXO,tb_223_226#0,新增,True,2,223,2025-08-12,218,227,219,1,2,156,4,31.15356587330336,72,2.528935261599407,-0.018041919349413127,4,0,0,0,4,0,4,0,4,0.08394145949059292
ALXO,tb_223_226#1,原有,True,2,223,2025-08-12,219,227,219,1,1,156,4,31.15356587330336,72,2.528935261599407,-0.018041919349413127,4,0,0,0,4,0,4,0,4,0.08394145949059292
ALXO,tb_233_236#0,原有,True,1,233,2025-08-26,227,227,227,0,0,156,4,31.15356587330336,72,0.9716754876593824,-0.16616368204863147,4,0,0,0,4,0,4,0,4,0.10729489969322187
ALYAF,tb_105_108#0,新增,True,1,105,2025-02-21,101,102,102,0,1,81,3,7.678713858424726,76,0.009836030511854638,-0.38405981623415075,0,4,0,0,0,4,0,4,4,0.04634511746807178
ALYAF,tb_105_108#1,原有,True,1,105,2025-02-21,102,102,102,0,0,81,3,7.678713858424726,76,0.009836030511854638,-0.38405981623415075,0,4,0,0,0,4,0,4,4,0.04634511746807178
ALYAF,tb_186#0,新增,True,1,186,2025-06-18,181,183,183,0,2,73,4,9.086428700851602,80,0.10674160689570833,-0.15730335724171662,0,1,0,0,0,1,0,0,1,0.033376447207861794
ALYAF,tb_186#1,新增,True,1,186,2025-06-18,182,183,183,0,1,73,4,9.086428700851602,80,0.10674160689570833,-0.15730335724171662,0,1,0,0,0,1,0,0,1,0.033376447207861794
ALYAF,tb_186#2,原有,True,1,186,2025-06-18,183,183,183,0,0,73,4,9.086428700851602,80,0.10674160689570833,-0.15730335724171662,0,1,0,0,0,1,0,0,1,0.033376447207861794
AERG,tb_164_166#0,新增,False,1,164,2025-05-16,162,168,168,2,2,82,3,6.1924176811831035,84,1.4714147247205493,-0.09911833678253106,3,0,0,0,3,0,3,0,3,0.10661200752803363
AERG,tb_166_167#0,新增,False,1,166,2025-05-20,164,168,168,1,1,82,3,6.1924176811831035,84,1.384324577886175,-0.04120600660819568,2,0,0,0,2,0,2,0,2,0.10812782989237604
ADCT,tb_177_184#0,原有,True,1,177,2025-06-05,165,165,165,0,0,50,3,7.92829373650108,93,0.08760844679378332,-0.28385734112869665,0,0,0,8,0,0,0,0,8,0.11662330891023376
ANVS,tb_296#0,原有,True,4,296,2025-11-24,291,296,291,1,3,123,6,69.92178829651496,118,0.3447432261145398,-0.3398533137033434,0,1,0,0,0,1,0,0,1,0.091395413772039
ANVS,tb_296#1,原有,True,3,296,2025-11-24,292,296,292,1,2,123,6,69.92178829651496,118,0.3447432261145398,-0.3398533137033434,0,1,0,0,0,1,0,0,1,0.091395413772039
ANVS,tb_296#2,原有,True,2,296,2025-11-24,294,296,294,1,1,123,6,69.92178829651496,118,0.3447432261145398,-0.3398533137033434,0,1,0,0,0,1,0,0,1,0.091395413772039
ANVS,tb_299#0,原有,True,1,299,2025-11-28,296,296,296,0,0,123,6,69.92178829651496,118,0.0,-0.47058821604463574,0,1,0,0,0,1,0,1,1,0.13346487122109285
ANY,tb_266_267#0,新增,False,1,266,2025-10-13,263,269,269,1,1,101,3,6.380552824250576,103,0.4157304406211271,-0.5269662675735931,2,0,0,0,2,0,1,1,2,0.06912859860367189
ANY,tb_271#0,原有,True,1,271,2025-10-20,269,269,269,0,0,101,3,6.380552824250576,103,0.018099529937821268,-0.5475113200276349,0,1,0,0,0,1,0,1,1,0.08539711120232263
AP,tb_163_164#0,新增,True,1,163,2025-05-15,158,160,160,0,1,73,5,5.133191100274307,77,0.6108455576538537,-0.009511650366428648,2,0,0,0,2,0,1,0,2,0.07276484228285024
AP,tb_163_164#1,原有,True,1,163,2025-05-15,160,160,160,0,0,73,5,5.133191100274307,77,0.6108455576538537,-0.009511650366428648,2,0,0,0,2,0,1,0,2,0.07276484228285024
AMTD,tb_249_252#0,新增,True,2,249,2025-09-18,244,247,246,0,3,224,4,3.6438112199465715,175,0.2476862113554551,-0.3391043754272046,0,4,0,0,0,4,0,4,4,0.0631973439850897
AMTD,tb_249_252#1,新增,True,2,249,2025-09-18,245,247,246,0,2,224,4,3.6438112199465715,175,0.2476862113554551,-0.3391043754272046,0,4,0,0,0,4,0,4,4,0.0631973439850897
AMTD,tb_249_252#2,原有,True,2,249,2025-09-18,246,247,246,0,1,224,4,3.6438112199465715,175,0.2476862113554551,-0.3391043754272046,0,4,0,0,0,4,0,4,4,0.0631973439850897
AMTD,tb_249_252#3,原有,True,1,249,2025-09-18,247,247,247,0,0,224,4,3.6438112199465715,175,0.2476862113554551,-0.3391043754272046,0,4,0,0,0,4,0,4,4,0.0631973439850897
ADNH,tb_229#0,原有,True,1,229,2025-08-20,227,227,227,0,0,141,4,544.7850204380047,70,0.3794642415239802,-0.38616071689911946,0,1,0,0,0,1,0,1,1,0.09737971561368106
AMPG,tb_207#0,原有,True,1,207,2025-07-21,204,204,204,0,0,40,3,4.1029495059682395,107,0.532423095159688,-0.12969286886791298,1,0,0,0,1,0,1,0,1,0.0648706091673668
ATXG,tb_253#0,新增,True,1,253,2025-09-24,250,251,251,0,1,148,4,9.50693976523048,77,0.14705875936447388,-0.5686274625911905,0,1,0,0,0,1,0,1,1,0.12458931822191466
ATXG,tb_253#1,原有,True,1,253,2025-09-24,251,251,251,0,0,148,4,9.50693976523048,77,0.14705875936447388,-0.5686274625911905,0,1,0,0,0,1,0,1,1,0.12458931822191466
ASTI,tb_316_317#0,新增,True,2,316,2025-12-23,307,316,310,1,2,46,4,55.44973406941125,246,1.062300844224572,-0.358534597010548,1,0,0,1,2,0,0,0,2,0.20478519735436534
ASTI,tb_316_317#1,原有,True,2,316,2025-12-23,310,316,310,1,1,46,4,55.44973406941125,246,1.062300844224572,-0.358534597010548,1,0,0,1,2,0,0,0,2,0.20478519735436534
ATHE,tb_217_227#0,新增,True,1,217,2025-08-04,210,211,211,0,1,51,3,5.493405517479698,121,0.06172446941641529,-0.2877519406742168,0,11,0,0,0,11,0,8,11,0.06783308158495582
ATHE,tb_217_227#1,原有,True,1,217,2025-08-04,211,211,211,0,0,51,3,5.493405517479698,121,0.06172446941641529,-0.2877519406742168,0,11,0,0,0,11,0,8,11,0.06783308158495582
BCHT,tb_191_192#0,原有,True,1,191,2025-06-26,187,187,187,0,0,96,3,19.49763440860215,96,0.05041409880893111,-0.22298135814534548,0,2,0,0,0,2,0,2,2,0.039999961853027344
APCX,tb_293#0,原有,True,2,293,2025-11-19,289,290,289,0,1,71,6,10.707590003932644,192,0.0,-0.5549019562011037,0,1,0,0,0,1,0,1,1,0.17520108578989865
APCX,tb_293#1,原有,True,1,293,2025-11-19,290,290,290,0,0,71,6,10.707590003932644,192,0.0,-0.5549019562011037,0,1,0,0,0,1,0,1,1,0.17520108578989865
ARRY,tb_166#0,新增,True,1,166,2025-05-20,160,161,161,0,1,70,4,3.4035724138991363,129,0.06779654483922948,-0.2803129170770865,0,0,0,1,0,1,0,0,1,0.08877780724360412
ARRY,tb_166#1,原有,True,1,166,2025-05-20,161,161,161,0,0,70,4,3.4035724138991363,129,0.06779654483922948,-0.2803129170770865,0,0,0,1,0,1,0,0,1,0.08877780724360412
ARSMF,tb_267#0,原有,True,1,267,2025-10-14,262,262,262,0,0,92,3,8.12015162200282,85,0.014754103486559034,-0.5655738041305431,0,1,0,0,0,1,0,1,1,0.12128783835449788
AUST,tb_240_244#0,原有,True,2,240,2025-09-05,238,241,238,1,1,59,4,6.433697749196141,142,0.6247112729729036,-0.12377698951452239,5,0,0,0,5,0,5,0,5,0.06532825791716403
AUST,tb_246#0,原有,True,1,246,2025-09-15,241,241,241,0,0,59,4,6.433697749196141,142,0.6333334083910362,-0.1888888462090187,1,0,0,0,1,0,1,0,1,0.07030545100354882
AVAH,tb_225#0,新增,True,2,225,2025-08-14,220,222,221,0,2,60,5,26.846444816429383,184,0.2652777636124761,-0.033333302427220435,1,0,0,0,1,0,1,0,1,0.03887679717095799
AVAH,tb_225#1,原有,True,2,225,2025-08-14,221,222,221,0,1,60,5,26.846444816429383,184,0.2652777636124761,-0.033333302427220435,1,0,0,0,1,0,1,0,1,0.03887679717095799
AVAH,tb_225#2,原有,True,1,225,2025-08-14,222,222,222,0,0,60,5,26.846444816429383,184,0.2652777636124761,-0.033333302427220435,1,0,0,0,1,0,1,0,1,0.03887679717095799
AYTU,tb_314_317#0,新增,False,1,314,2025-12-19,310,323,323,3,3,102,5,3.5282992197218137,106,0.19612804895555142,-0.170113049979724,0,0,0,4,0,1,0,0,4,0.05869827321353799
AYTU,tb_319_321#0,新增,False,1,319,2025-12-29,315,323,323,2,2,102,5,3.5282992197218137,106,0.19778407418578983,-0.16896408124792375,0,0,0,3,0,0,0,0,3,0.059719660340684946
BEEM,tb_212#0,原有,True,1,212,2025-07-28,205,205,205,0,0,182,4,7.663308355896985,102,0.2337165356445381,-0.19540230305048822,0,0,0,1,0,0,0,0,1,0.08650735158096129
BELGF,tb_247_248#0,新增,False,2,247,2025-09-16,245,256,249,3,3,139,5,5.17185321158181,133,0.3895454179698785,0.015151500099837789,2,0,0,0,2,0,2,0,2,0.03802690767976562
BELGF,tb_253_255#0,新增,True,2,253,2025-09-24,247,256,249,1,2,139,5,5.17185321158181,133,0.254689214187429,-0.03528329768883143,3,0,0,0,3,0,2,0,3,0.041716111268850484
BELGF,tb_253_255#1,原有,True,2,253,2025-09-24,249,256,249,1,1,139,5,5.17185321158181,133,0.254689214187429,-0.03528329768883143,3,0,0,0,3,0,2,0,3,0.041716111268850484
BELGF,tb_258#0,原有,True,1,258,2025-10-01,256,256,256,0,0,139,5,5.17185321158181,133,0.14881620983462418,-0.10497308644681669,0,0,0,1,0,0,0,0,1,0.050086289622276445
BAIDF,tb_250_251#0,原有,True,1,250,2025-09-19,248,248,248,0,0,42,5,44.888475836431226,238,0.08447666408634136,-0.20862513701807517,0,0,0,2,0,2,0,0,2,0.053591476016918466
BALY,tb_222#0,新增,True,2,222,2025-10-28,217,220,219,0,3,155,4,5.0982611633830635,157,0.007194311592171543,-0.24357651800846913,0,0,0,1,0,0,0,0,1,0.0821564125372246
BALY,tb_222#1,新增,True,2,222,2025-10-28,218,220,219,0,2,155,4,5.0982611633830635,157,0.007194311592171543,-0.24357651800846913,0,0,0,1,0,0,0,0,1,0.0821564125372246
BALY,tb_222#2,原有,True,2,222,2025-10-28,219,220,219,0,1,155,4,5.0982611633830635,157,0.007194311592171543,-0.24357651800846913,0,0,0,1,0,0,0,0,1,0.0821564125372246
BALY,tb_222#3,原有,True,1,222,2025-10-28,220,220,220,0,0,155,4,5.0982611633830635,157,0.007194311592171543,-0.24357651800846913,0,0,0,1,0,0,0,0,1,0.0821564125372246
BGDE,tb_266_267#0,新增,True,1,266,2025-10-13,258,259,259,0,1,105,5,42.85429894811019,99,1.1363636117336184,-0.7863636388266382,2,0,0,0,2,0,1,1,2,0.15333335210406762
BGDE,tb_266_267#1,原有,True,1,266,2025-10-13,259,259,259,0,0,105,5,42.85429894811019,99,1.1363636117336184,-0.7863636388266382,2,0,0,0,2,0,1,1,2,0.15333335210406762
BHC,tb_234#0,新增,True,2,234,2025-08-27,224,226,225,0,2,41,5,18.203896249070073,140,0.06464921477644237,-0.18982119918314577,0,1,0,0,0,1,0,0,1,0.04446844146855753
BHC,tb_234#1,原有,True,2,234,2025-08-27,225,226,225,0,1,41,5,18.203896249070073,140,0.06464921477644237,-0.18982119918314577,0,1,0,0,0,1,0,0,1,0.04446844146855753
BHC,tb_234#2,原有,True,1,234,2025-08-27,226,226,226,0,0,41,5,18.203896249070073,140,0.06464921477644237,-0.18982119918314577,0,1,0,0,0,1,0,0,1,0.04446844146855753
ASLE,tb_227_236#0,新增,False,1,227,2025-08-18,220,227,227,1,2,136,3,4.8047542404358055,106,0.024104868735143125,-0.1811697110586416,0,8,0,2,0,10,0,5,10,0.04164228252305416
ASLE,tb_227_236#1,新增,False,1,227,2025-08-18,221,227,227,1,1,136,3,4.8047542404358055,106,0.024104868735143125,-0.1811697110586416,0,8,0,2,0,10,0,5,10,0.04164228252305416
ASLE,tb_230_233#0,原有,True,1,230,2025-08-21,227,227,227,0,0,136,3,4.8047542404358055,106,0.020066623916005055,-0.1913271156137575,0,4,0,0,0,4,0,4,4,0.037835056161295025
BCAB,tb_236_237#0,新增,False,2,236,2025-08-29,233,242,241,2,3,79,5,3.4572528024092355,168,1.3453164750796152,-0.030897548875918113,2,0,0,0,2,0,2,0,2,0.08353929537884967
BCAB,tb_236_237#1,新增,False,2,236,2025-08-29,234,242,241,2,2,79,5,3.4572528024092355,168,1.3453164750796152,-0.030897548875918113,2,0,0,0,2,0,2,0,2,0.08353929537884967
BBBXF,tb_176_177#0,新增,False,1,176,2025-06-04,172,182,182,2,3,76,5,6.642942434443538,71,0.8668361149993609,-0.21897674941165768,2,0,0,0,2,0,2,0,2,0.09878050322239457
BBBXF,tb_176_177#1,新增,False,1,176,2025-06-04,174,182,182,2,2,76,5,6.642942434443538,71,0.8668361149993609,-0.21897674941165768,2,0,0,0,2,0,2,0,2,0.09878050322239457
BBBXF,tb_189_191#0,新增,True,1,189,2025-06-24,181,182,182,0,1,76,5,6.642942434443538,71,0.07183370512709912,-0.3135123087992651,0,0,0,3,0,0,0,0,3,0.1584114340598649
BBBXF,tb_189_191#1,原有,True,1,189,2025-06-24,182,182,182,0,0,76,5,6.642942434443538,71,0.07183370512709912,-0.3135123087992651,0,0,0,3,0,0,0,0,3,0.1584114340598649
BABAF,tb_246_252#0,原有,True,1,246,2025-09-15,244,244,244,0,0,135,4,6.042920237061644,133,0.17472725165551742,-0.0890866994483643,0,0,0,7,0,0,0,0,7,0.06912488031380604
APYX,tb_263_266#0,新增,True,1,263,2025-10-08,260,261,261,0,1,63,4,3.845274503953454,64,0.5017344438041507,-0.08034816305710224,4,0,0,0,4,0,4,0,4,0.05514728119681547
APYX,tb_263_266#1,原有,True,1,263,2025-10-08,261,261,261,0,0,63,4,3.845274503953454,64,0.5017344438041507,-0.08034816305710224,4,0,0,0,4,0,4,0,4,0.05514728119681547
ARBB,tb_259_270#0,新增,True,1,259,2025-10-02,250,251,251,0,1,108,4,438.29485464055466,70,0.17436604805425016,-0.3091687538719119,0,2,0,10,1,3,0,0,12,0.10119657323010833
ARBB,tb_259_271#0,原有,True,1,259,2025-10-02,251,251,251,0,0,108,4,438.29485464055466,70,0.21227538951760777,-0.3028144298300294,1,2,0,10,2,3,0,0,13,0.10119657323010833
BEAT,tb_314_316#0,新增,True,2,314,2025-12-19,308,310,309,0,2,48,6,24.398972005498216,214,0.018768406877121373,-0.5816046184617231,0,3,0,0,0,3,0,3,3,0.18500576521473877
BEAT,tb_314_316#1,原有,True,2,314,2025-12-19,309,310,309,0,1,48,6,24.398972005498216,214,0.018768406877121373,-0.5816046184617231,0,3,0,0,0,3,0,3,3,0.18500576521473877
BEAT,tb_314_316#2,原有,True,1,314,2025-12-19,310,310,310,0,0,48,6,24.398972005498216,214,0.018768406877121373,-0.5816046184617231,0,3,0,0,0,3,0,3,3,0.18500576521473877
BLZE,tb_226#0,新增,False,2,226,2025-08-15,220,235,231,2,4,52,4,4.724981597672544,196,0.4101562715853415,-0.04414059320406449,1,0,0,0,1,0,1,0,1,0.04373983149830486
BLZE,tb_226#1,新增,False,2,226,2025-08-15,223,235,231,2,3,52,4,4.724981597672544,196,0.4101562715853415,-0.04414059320406449,1,0,0,0,1,0,1,0,1,0.04373983149830486
BLZE,tb_226#2,新增,False,2,226,2025-08-15,224,235,231,2,2,52,4,4.724981597672544,196,0.4101562715853415,-0.04414059320406449,1,0,0,0,1,0,1,0,1,0.04373983149830486
BLZE,tb_233_238#0,原有,True,2,233,2025-08-26,231,235,231,1,1,52,4,4.724981597672544,196,0.3098582526768627,-0.034524335265153396,6,0,0,0,6,0,3,0,6,0.05342295063050202
BLZE,tb_238_240#0,原有,True,1,238,2025-09-03,235,235,235,0,0,52,4,4.724981597672544,196,0.2633824217307548,-0.010774076586882638,1,0,0,2,3,0,0,0,3,0.053305745960024076
BRNS,tb_209#0,原有,True,2,209,2025-07-23,204,207,204,0,1,139,8,2154.2556667647923,181,0.015706853991273695,-0.48167537861900844,0,1,0,0,0,1,0,1,1,0.09740359631210933
BRNS,tb_209#1,原有,True,1,209,2025-07-23,207,207,207,0,0,139,8,2154.2556667647923,181,0.015706853991273695,-0.48167537861900844,0,1,0,0,0,1,0,1,1,0.09740359631210933
BLND,tb_244_249#0,原有,True,2,244,2025-09-11,240,241,240,0,1,205,6,3.355168179545115,148,0.040573022323388074,-0.395090049064327,0,6,0,0,0,6,0,6,6,0.06445036923143693
BLND,tb_244_249#1,原有,True,1,244,2025-09-11,241,241,241,0,0,205,6,3.355168179545115,148,0.040573022323388074,-0.395090049064327,0,6,0,0,0,6,0,6,6,0.06445036923143693
BLRX,tb_170_172#0,新增,False,1,170,2025-05-27,168,173,173,1,1,146,3,1336.873976421395,70,1.0705589611468256,-0.007167501043617741,3,0,0,0,3,0,3,0,3,0.05654191110452253
BRFH,tb_89_92#0,原有,True,1,89,2025-01-29,84,84,84,0,0,64,4,3.437044745057232,72,0.2474541854512851,-0.22302829725690088,0,0,0,4,0,0,0,0,4,0.08699027153883707
BRFH,tb_252#0,新增,True,1,252,2025-09-23,249,250,250,0,1,57,3,493.6570289132602,128,0.020356275003996283,-0.2824427772670012,0,1,0,0,0,1,0,0,1,0.07019485171378807
BRFH,tb_252#1,原有,True,1,252,2025-09-23,250,250,250,0,0,57,3,493.6570289132602,128,0.020356275003996283,-0.2824427772670012,0,1,0,0,0,1,0,0,1,0.07019485171378807
BURU,tb_261#0,新增,False,1,261,2025-10-06,259,263,263,3,3,86,4,24.317276380323605,90,2.3333333956649893,-0.26274508612286973,1,0,0,0,1,0,1,0,1,0.14474688716171225
BZAI,tb_200#0,新增,False,1,200,2025-07-10,198,206,206,1,1,173,4,147.0510707198984,86,1.0816325736214663,-0.09183672641890273,1,0,0,0,1,0,1,0,1,0.09715080593977482
BZAI,tb_208_209#0,原有,True,1,208,2025-07-22,206,206,206,0,0,173,4,147.0510707198984,86,0.003817589648050901,-0.3655954302304527,0,2,0,0,0,2,0,1,2,0.09732288378872331
BZUN,tb_243#0,新增,False,1,243,2025-09-10,236,244,244,1,1,78,3,7.616986342264348,232,0.22921916354475447,-0.19874056137185447,0,0,0,1,0,1,0,0,1,0.057641107500849366
BZUN,tb_248#0,原有,True,1,248,2025-09-17,244,244,244,0,0,78,3,7.616986342264348,232,-0.006550160146491013,-0.3253275184186164,0,1,0,0,0,1,0,1,1,0.06677084440051848
BTBD,tb_226#0,原有,True,1,226,2025-08-15,217,217,217,0,0,45,4,18686.302713987472,131,1.8124999580904846,-0.0625000139698384,1,0,0,0,1,0,1,0,1,0.11005092636919128
BTCY,tb_226_228#0,新增,False,1,226,2025-08-15,224,232,232,2,2,68,3,5.225132863662805,75,0.257149703497544,-0.23263153785191426,0,0,0,3,0,0,0,0,3,0.13351479135913652
BTCY,tb_234_235#0,原有,True,1,234,2025-08-27,232,232,232,0,0,68,3,5.225132863662805,75,0.29083705214376243,-0.2548739288802494,0,0,0,2,0,0,0,0,2,0.14676891154394822
CARV,tb_204_205#0,新增,False,1,204,2025-07-16,202,206,206,2,2,180,4,6.395173176123803,174,1.0213454762712881,-0.1547100451102637,2,0,0,0,2,0,2,0,2,0.07961982484436272
CARV,tb_208_210#0,新增,True,1,208,2025-07-22,205,206,206,0,1,180,4,6.395173176123803,174,0.46759529847121944,-0.3862783090748458,0,3,0,0,0,3,0,2,3,0.09864137455966873
CARV,tb_208_210#1,原有,True,1,208,2025-07-22,206,206,206,0,0,180,4,6.395173176123803,174,0.46759529847121944,-0.3862783090748458,0,3,0,0,0,3,0,2,3,0.09864137455966873
BW-PA,tb_181_186#0,新增,False,1,181,2025-06-11,177,184,184,1,2,157,3,3.189858223079533,111,0.17094416565743117,-0.24528495411850115,0,0,0,6,0,0,0,0,6,0.12039595918004256
BW-PA,tb_181_186#1,新增,False,1,181,2025-06-11,179,184,184,1,1,157,3,3.189858223079533,111,0.17094416565743117,-0.24528495411850115,0,0,0,6,0,0,0,0,6,0.12039595918004256
BW-PA,tb_190_202#0,原有,True,1,190,2025-06-25,184,184,184,0,0,157,3,3.189858223079533,111,0.44448936405585704,-0.17048621427748628,9,0,0,4,10,1,8,0,13,0.09619441135378054
BWEN,tb_206#0,原有,True,2,206,2025-07-18,203,204,203,0,1,40,4,10.730058199246834,131,0.1882353051173511,-0.25098039124022076,0,1,0,0,1,0,0,1,1,0.04642379309960944
BWEN,tb_206#1,原有,True,1,206,2025-07-18,204,204,204,0,0,40,4,10.730058199246834,131,0.1882353051173511,-0.25098039124022076,0,1,0,0,1,0,0,1,1,0.04642379309960944
CGEN,tb_84_86#0,原有,True,2,84,2025-01-22,78,81,78,0,1,58,3,9.132709842761642,71,0.09640678378464347,-0.3652382140143946,0,3,0,0,0,3,0,3,3,0.07209119967217259
CGEN,tb_84_86#1,原有,True,1,84,2025-01-22,81,81,81,0,0,58,3,9.132709842761642,71,0.09640678378464347,-0.3652382140143946,0,3,0,0,0,3,0,3,3,0.07209119967217259
CLF,tb_266_270#0,新增,False,1,266,2025-10-13,263,271,271,1,1,48,4,3.0826163684959336,211,0.2172490072874663,-0.27839735585250636,2,3,0,0,5,0,0,5,5,0.04792504521489525
CLF,tb_274_278#0,原有,True,1,274,2025-10-23,271,271,271,0,0,48,4,3.0826163684959336,211,0.07494336111624567,-0.2727511434101739,0,5,0,0,0,5,0,5,5,0.049505828865885046
CLIR,tb_253_259#0,新增,True,1,253,2025-09-24,250,251,251,0,1,180,3,429.40288474212446,87,0.42803528066219687,-0.08879515036860629,5,0,0,2,6,0,2,0,7,0.05217789164309378
CLIR,tb_253_259#1,原有,True,1,253,2025-09-24,251,251,251,0,0,180,3,429.40288474212446,87,0.42803528066219687,-0.08879515036860629,5,0,0,2,6,0,2,0,7,0.05217789164309378
CLLS,tb_216_226#0,原有,True,1,216,2025-08-01,209,209,209,0,0,51,4,21.62183074081015,135,0.47966610625507167,-0.09636480280233316,4,0,0,7,5,0,2,0,11,0.10471459293344915
CATO,tb_235#0,新增,False,1,235,2025-08-28,232,237,237,1,1,50,3,59.81217611122815,174,0.25190839509415874,-0.06615775726380413,0,0,0,1,1,0,0,0,1,0.05124070682700753
CATO,tb_241#0,原有,True,1,241,2025-09-08,237,237,237,0,0,50,3,59.81217611122815,174,0.002118692653888754,-0.23093214495809844,0,0,0,1,0,1,0,0,1,0.06215611746593321
CCM,tb_154#0,原有,True,1,154,2025-05-02,150,150,150,0,0,75,3,4.810238907849829,60,0.39420286269529514,-0.28840582905084045,0,0,0,1,0,0,0,0,1,0.102749654922595
CEPU,tb_280#0,新增,True,2,280,2025-10-31,276,280,278,1,3,106,4,4.698275722627501,113,0.18913880208334932,-0.13174808068452237,0,0,0,1,0,0,0,0,1,0.08412081102155256
CEPU,tb_280#1,新增,True,2,280,2025-10-31,277,280,278,1,2,106,4,4.698275722627501,113,0.18913880208334932,-0.13174808068452237,0,0,0,1,0,0,0,0,1,0.08412081102155256
CEPU,tb_280#2,原有,True,2,280,2025-10-31,278,280,278,1,1,106,4,4.698275722627501,113,0.18913880208334932,-0.13174808068452237,0,0,0,1,0,0,0,0,1,0.08412081102155256
CEPU,tb_286_293#0,原有,True,1,286,2025-11-10,280,280,280,0,0,106,4,4.698275722627501,113,0.24904865020327802,-0.08800479308437482,0,0,0,8,0,0,0,0,8,0.06719559439353016
CCCC,tb_205_208#0,原有,True,1,205,2025-07-17,202,202,202,0,0,179,3,3.183430829686523,76,0.5578282428116821,-0.131894513197599,3,0,0,1,4,0,1,0,4,0.0935117716502903
CHPGF,tb_179#0,原有,True,1,179,2025-06-09,177,177,177,0,0,93,4,6.1136412002553735,99,0.45714289606834124,-0.04761900436850974,1,0,0,0,1,0,1,0,1,0.05988240250155062
CALC,tb_204#0,新增,True,3,204,2025-07-16,201,208,202,2,3,181,5,14.923947732883724,137,0.9496569063808233,0.016018346337421274,1,0,0,0,1,0,1,0,1,0.09440563288089099
CALC,tb_204#1,原有,True,3,204,2025-07-16,202,208,202,2,2,181,5,14.923947732883724,137,0.9496569063808233,0.016018346337421274,1,0,0,0,1,0,1,0,1,0.09440563288089099
CALC,tb_211_213#0,原有,True,2,211,2025-07-25,207,208,207,0,1,181,5,14.923947732883724,137,0.0230198127293962,-0.3861175607934923,0,1,0,2,0,3,0,0,3,0.15119577937641507
CALC,tb_211_213#1,原有,True,1,211,2025-07-25,208,208,208,0,0,181,5,14.923947732883724,137,0.0230198127293962,-0.3861175607934923,0,1,0,2,0,3,0,0,3,0.15119577937641507
CALC,tb_305_308#0,原有,True,2,305,2025-12-08,300,301,300,0,1,88,3,25.767604488534722,92,0.5838258231174793,-0.8856125806069892,4,0,0,0,4,0,4,0,4,0.07988302118982687
CALC,tb_305_308#1,原有,True,1,305,2025-12-08,301,301,301,0,0,88,3,25.767604488534722,92,0.5838258231174793,-0.8856125806069892,4,0,0,0,4,0,4,0,4,0.07988302118982687
CALY,tb_306_317#0,原有,True,2,306,2025-12-09,297,298,297,0,1,76,4,3.9762244679440766,256,0.4256525569958424,-0.025443916215790136,12,0,0,0,12,0,12,0,12,0.05089141317588804
CALY,tb_306_318#0,原有,True,1,306,2025-12-09,298,298,298,0,0,76,4,3.9762244679440766,256,0.4250814583456378,-0.024928176085205683,13,0,0,0,13,0,13,0,13,0.05089141317588804
CAN,tb_255_257#0,新增,False,1,255,2025-09-26,253,268,268,3,3,43,5,3.15573941848581,163,1.60715036433649,-0.03112658028006343,3,0,0,0,3,0,3,0,3,0.06590517335619232
CAN,tb_261#0,新增,False,1,261,2025-10-06,259,268,268,2,2,43,5,3.15573941848581,163,0.6818181366631497,-0.3750000338662741,1,0,0,0,1,0,1,0,1,0.07503255620447744
CAN,tb_271_276#0,新增,True,1,271,2025-10-20,267,268,268,0,1,43,5,3.15573941848581,163,0.03680820125923338,-0.5860903963058051,0,6,0,0,0,6,0,6,6,0.18732383039400916
CAN,tb_271_276#1,原有,True,1,271,2025-10-20,268,268,268,0,0,43,5,3.15573941848581,163,0.03680820125923338,-0.5860903963058051,0,6,0,0,0,6,0,6,6,0.18732383039400916
CNET,tb_251_259#0,原有,True,2,251,2025-09-22,248,251,248,1,1,177,4,220.24731580895966,183,0.14946458370745344,-0.3665738301014021,0,6,0,3,0,7,0,5,9,0.08358689793784299
CNET,tb_253_259#0,原有,True,1,253,2025-09-24,251,251,251,0,0,177,4,220.24731580895966,183,0.1363377410318695,-0.42204936193842446,0,6,0,1,0,7,0,5,7,0.08788941594405367
CLNN,tb_233_235#0,新增,True,3,233,2025-08-26,227,241,229,2,3,53,6,4.408851529268786,210,1.0519622197924516,-0.04084411262356221,3,0,0,0,3,0,3,0,3,0.0661801238213117
CLNN,tb_233_235#1,原有,True,3,233,2025-08-26,229,241,229,2,2,53,6,4.408851529268786,210,1.0519622197924516,-0.04084411262356221,3,0,0,0,3,0,3,0,3,0.0661801238213117
CLNN,tb_239_240#0,原有,True,2,239,2025-09-04,237,241,237,1,1,53,6,4.408851529268786,210,0.9866257233247409,-0.06172779586854504,2,0,0,0,2,0,2,0,2,0.07381836954537918
CLNN,tb_246_257#0,原有,True,1,246,2025-09-15,241,241,241,0,0,53,6,4.408851529268786,210,1.196710085873044,-0.07831299161414697,12,0,0,0,12,0,12,0,12,0.09237750909941304
CLPT,tb_257#0,新增,True,2,257,2025-09-30,251,255,253,0,2,103,5,29.622696462613852,160,0.3813675592836143,-0.38825152071438296,1,0,0,0,1,0,1,0,1,0.06052942573780484
CLPT,tb_257#1,原有,True,2,257,2025-09-30,253,255,253,0,1,103,5,29.622696462613852,160,0.3813675592836143,-0.38825152071438296,1,0,0,0,1,0,1,0,1,0.06052942573780484
CLPT,tb_257#2,原有,True,1,257,2025-09-30,255,255,255,0,0,103,5,29.622696462613852,160,0.3813675592836143,-0.38825152071438296,1,0,0,0,1,0,1,0,1,0.06052942573780484
CMPX,tb_87#0,原有,True,1,87,2025-01-27,80,80,80,0,0,56,3,50.72796937414563,63,0.4468085178336678,-0.2446807926014486,0,0,0,1,0,0,0,0,1,0.11853151822872662
CGTX,tb_202_206#0,新增,True,2,202,2025-07-14,196,200,197,0,2,128,4,108.91219898222127,97,5.153922590837511,-0.10762855877311309,5,0,0,0,5,0,5,0,5,0.123039193658222
CGTX,tb_202_206#1,原有,True,2,202,2025-07-14,197,200,197,0,1,128,4,108.91219898222127,97,5.153922590837511,-0.10762855877311309,5,0,0,0,5,0,5,0,5,0.123039193658222
CGTX,tb_202_207#0,原有,True,1,202,2025-07-14,200,200,200,0,0,128,4,108.91219898222127,97,5.040173584967108,-0.12397617903793286,6,0,0,0,6,0,6,0,6,0.123039193658222
COSM,tb_215#0,新增,True,2,215,2025-07-31,210,219,213,1,2,127,6,27.473771527887504,136,0.38378373502030594,-0.4,1,0,0,0,1,0,0,1,1,0.07516629887942017
COSM,tb_215#1,原有,True,2,215,2025-07-31,213,219,213,1,1,127,6,27.473771527887504,136,0.38378373502030594,-0.4,1,0,0,0,1,0,0,1,1,0.07516629887942017
CMP,tb_154_155#0,新增,False,1,154,2025-05-02,148,158,158,1,2,105,6,3.4739912184567956,117,0.5940314981074654,-0.00913811571516887,2,0,0,0,2,0,2,0,2,0.05246748139734337
CMP,tb_154_155#1,新增,False,1,154,2025-05-02,150,158,158,1,1,105,6,3.4739912184567956,117,0.5940314981074654,-0.00913811571516887,2,0,0,0,2,0,2,0,2,0.05246748139734337
CMP,tb_161_163#0,原有,True,1,161,2025-05-13,158,158,158,0,0,105,6,3.4739912184567956,117,0.15454685423850875,-0.08816750863517313,0,0,0,3,0,0,0,0,3,0.046396476024055104
CLYM,tb_313_314#0,新增,True,2,313,2025-12-18,307,311,309,0,2,75,4,30.33347286411126,274,0.4366810734858484,-0.20081724489689967,2,0,0,0,2,0,0,0,2,0.07790938783662718
CLYM,tb_313_314#1,原有,True,2,313,2025-12-18,309,311,309,0,1,75,4,30.33347286411126,274,0.4366810734858484,-0.20081724489689967,2,0,0,0,2,0,0,0,2,0.07790938783662718
CLYM,tb_313_314#2,原有,True,1,313,2025-12-18,311,311,311,0,0,75,4,30.33347286411126,274,0.4366810734858484,-0.20081724489689967,2,0,0,0,2,0,0,0,2,0.07790938783662718
CMBMF,tb_209#0,新增,True,1,209,2025-07-23,202,206,206,0,2,41,3,9.364012632911766,83,0.09009011040820591,-0.44175675828061545,0,1,0,0,0,1,0,1,1,0.11416874230517776
CMBMF,tb_209#1,新增,True,1,209,2025-07-23,203,206,206,0,1,41,3,9.364012632911766,83,0.09009011040820591,-0.44175675828061545,0,1,0,0,0,1,0,1,1,0.11416874230517776
CMBMF,tb_209#2,原有,True,1,209,2025-07-23,206,206,206,0,0,41,3,9.364012632911766,83,0.09009011040820591,-0.44175675828061545,0,1,0,0,0,1,0,1,1,0.11416874230517776
CPIX,tb_321_323#0,新增,True,2,321,2025-12-31,310,313,312,0,2,93,4,12.668981859781011,96,0.35175881506384976,-0.11055280312090465,0,0,0,1,0,0,0,0,1,0.09672657882076266
CPIX,tb_321_323#1,原有,True,2,321,2025-12-31,312,313,312,0,1,93,4,12.668981859781011,96,0.35175881506384976,-0.11055280312090465,0,0,0,1,0,0,0,0,1,0.09672657882076266
CPIX,tb_321_323#2,原有,True,1,321,2025-12-31,313,313,313,0,0,93,4,12.668981859781011,96,0.35175881506384976,-0.11055280312090465,0,0,0,1,0,0,0,0,1,0.09672657882076266
CNTB,tb_298_299#0,新增,True,2,298,2025-11-26,290,293,291,0,2,86,4,18.705351038653696,85,0.024835643595875312,-0.2833243367825296,0,0,0,2,0,0,0,0,2,0.10120456944114034
CNTB,tb_298_299#1,原有,True,2,298,2025-11-26,291,293,291,0,1,86,4,18.705351038653696,85,0.024835643595875312,-0.2833243367825296,0,0,0,2,0,0,0,0,2,0.10120456944114034
CNTB,tb_298_299#2,原有,True,1,298,2025-11-26,293,293,293,0,0,86,4,18.705351038653696,85,0.024835643595875312,-0.2833243367825296,0,0,0,2,0,0,0,0,2,0.10120456944114034
CPPKF,tb_198_199#0,原有,True,1,198,2025-07-08,195,195,195,0,0,77,3,17.758389261744966,160,0.3090620673375013,-0.057857223448426975,2,0,0,0,2,0,2,0,2,0.02721868834114449
CREX,tb_175_178#0,新增,True,1,175,2025-06-03,167,169,169,0,1,143,5,8.874390278286858,111,0.219277836442561,-0.22549552998182446,0,0,0,4,0,0,0,0,4,0.13248627972439087
CREX,tb_175_178#1,原有,True,1,175,2025-06-03,169,169,169,0,0,143,5,8.874390278286858,111,0.219277836442561,-0.22549552998182446,0,0,0,4,0,0,0,0,4,0.13248627972439087
CXDO,tb_108#0,原有,True,1,108,2025-02-26,104,104,104,0,0,77,3,5.258121960177631,81,0.10044978540183425,-0.43778111587614643,0,1,0,0,0,1,0,1,1,0.049676302556905916
COCH,tb_164_166#0,原有,True,1,164,2025-05-16,162,162,162,0,0,139,3,5.019820819789106,76,0.058921210312226746,-0.2058090572010387,0,0,0,3,0,0,0,0,3,0.09035714542683286
COOT,tb_274#0,新增,True,1,274,2025-10-23,267,268,268,0,1,163,6,245.33605833465433,196,0.1271676451934678,-0.6919075222576834,0,1,0,0,0,1,0,1,1,0.15184116054360075
COOT,tb_274#1,原有,True,1,274,2025-10-23,268,268,268,0,0,163,6,245.33605833465433,196,0.1271676451934678,-0.6919075222576834,0,1,0,0,0,1,0,1,1,0.15184116054360075
CRCT,tb_160_166#0,新增,True,1,160,2025-05-12,157,158,158,0,1,137,3,6.082135147989609,95,0.1741248349121189,-0.08275256786966687,0,0,0,7,1,0,0,0,7,0.04891242193851474
CRCT,tb_160_166#1,原有,True,1,160,2025-05-12,158,158,158,0,0,137,3,6.082135147989609,95,0.1741248349121189,-0.08275256786966687,0,0,0,7,1,0,0,0,7,0.04891242193851474
CRLBF,tb_224#0,新增,False,2,224,2025-08-13,222,235,231,2,3,70,4,8.438548783617817,195,0.4529147900558712,-0.14798208075910768,0,0,0,1,0,0,0,0,1,0.12315213385437385
CRLBF,tb_240_243#0,原有,True,2,240,2025-09-05,231,235,231,0,1,70,4,8.438548783617817,195,0.27003218075347263,-0.20622988702907957,0,0,0,4,0,0,0,0,4,0.1619565323009125
CRLBF,tb_240_243#1,原有,True,1,240,2025-09-05,235,235,235,0,0,70,4,8.438548783617817,195,0.27003218075347263,-0.20622988702907957,0,0,0,4,0,0,0,0,4,0.1619565323009125
COE,tb_183_187#0,新增,True,1,183,2025-06-13,175,179,179,0,2,80,4,6.984566929133858,82,0.47370325893694804,-0.11752984730590388,4,0,0,1,5,0,3,0,5,0.046867859512519046
COE,tb_183_187#1,新增,True,1,183,2025-06-13,177,179,179,0,1,80,4,6.984566929133858,82,0.47370325893694804,-0.11752984730590388,4,0,0,1,5,0,3,0,5,0.046867859512519046
COE,tb_183_187#2,原有,True,1,183,2025-06-13,179,179,179,0,0,80,4,6.984566929133858,82,0.47370325893694804,-0.11752984730590388,4,0,0,1,5,0,3,0,5,0.046867859512519046
COHN,tb_296_299#0,新增,True,2,296,2025-11-24,286,290,288,0,2,79,3,12.987893462469735,82,1.1896976815945137,-0.013747471567174346,4,0,0,0,4,0,4,0,4,0.06903626527569043
COHN,tb_296_299#1,原有,True,2,296,2025-11-24,288,290,288,0,1,79,3,12.987893462469735,82,1.1896976815945137,-0.013747471567174346,4,0,0,0,4,0,4,0,4,0.06903626527569043
COHN,tb_296_299#2,原有,True,1,296,2025-11-24,290,290,290,0,0,79,3,12.987893462469735,82,1.1896976815945137,-0.013747471567174346,4,0,0,0,4,0,4,0,4,0.06903626527569043
DOMO,tb_173_174#0,原有,True,1,173,2025-05-30,168,168,168,0,0,114,5,12.291226306530337,114,0.288622589236846,-0.07567427189344239,2,0,0,0,2,0,1,0,2,0.04333899131190549
DOUG,tb_165_166#0,新增,False,2,165,2025-05-19,161,170,169,2,3,68,4,26.43724338803823,123,0.42545340909918095,-0.09127348223308124,2,0,0,0,2,0,2,0,2,0.051802856537016634
DOUG,tb_168#0,新增,False,2,168,2025-05-22,164,170,169,2,2,68,4,26.43724338803823,123,0.49532705178395586,-0.023364573964402724,1,0,0,0,1,0,1,0,1,0.056077611528657645
DOUG,tb_177_187#0,原有,True,2,177,2025-06-05,169,170,169,0,1,68,4,26.43724338803823,123,0.13054860105844898,-0.26051000007734015,0,11,0,0,0,11,0,3,11,0.06153577322157469
DOUG,tb_177_187#1,原有,True,1,177,2025-06-05,170,170,170,0,0,68,4,26.43724338803823,123,0.13054860105844898,-0.26051000007734015,0,11,0,0,0,11,0,3,11,0.06153577322157469
DFLI,tb_258#0,新增,False,1,258,2025-10-01,254,260,260,2,3,46,4,12.780451797743156,134,3.3572623336841287,-0.028380568606441336,1,0,0,0,1,0,1,0,1,0.08080123873621939
DFLI,tb_258#1,新增,False,1,258,2025-10-01,255,260,260,2,2,46,4,12.780451797743156,134,3.3572623336841287,-0.028380568606441336,1,0,0,0,1,0,1,0,1,0.08080123873621939
DRIO,tb_259#0,原有,True,2,259,2025-10-02,256,257,256,0,1,107,4,70.67295834297697,107,0.027214782912365454,-0.47828604574058253,0,1,0,0,0,1,0,1,1,0.12016021429138923
DRIO,tb_259#1,原有,True,1,259,2025-10-02,257,257,257,0,0,107,4,70.67295834297697,107,0.027214782912365454,-0.47828604574058253,0,1,0,0,0,1,0,1,1,0.12016021429138923
CTMX,tb_258_270#0,新增,True,1,258,2025-10-01,253,256,256,0,2,80,4,5.116824443238165,73,0.383495461460705,-0.06775117864576839,13,0,0,0,13,0,10,0,13,0.05970241199004807
CTMX,tb_258_270#1,新增,True,1,258,2025-10-01,254,256,256,0,1,80,4,5.116824443238165,73,0.383495461460705,-0.06775117864576839,13,0,0,0,13,0,10,0,13,0.05970241199004807
CTMX,tb_258_270#2,原有,True,1,258,2025-10-01,256,256,256,0,0,80,4,5.116824443238165,73,0.383495461460705,-0.06775117864576839,13,0,0,0,13,0,10,0,13,0.05970241199004807
CTOR,tb_185#0,新增,True,2,185,2025-06-17,178,187,181,1,3,126,6,13.710939120921957,150,3.2689654163174655,-0.07172419871217794,1,0,0,0,1,0,1,0,1,0.07889419018711058
CTOR,tb_185#1,新增,True,2,185,2025-06-17,179,187,181,1,2,126,6,13.710939120921957,150,3.2689654163174655,-0.07172419871217794,1,0,0,0,1,0,1,0,1,0.07889419018711058
CTOR,tb_185#2,原有,True,2,185,2025-06-17,181,187,181,1,1,126,6,13.710939120921957,150,3.2689654163174655,-0.07172419871217794,1,0,0,0,1,0,1,0,1,0.07889419018711058
CTOR,tb_189_190#0,原有,True,1,189,2025-06-24,187,187,187,0,0,126,6,13.710939120921957,150,1.2849106336332095,-0.5016753826547683,2,0,0,0,2,0,2,0,2,0.1048413194247072
DVLT,tb_256_257#0,新增,True,4,256,2025-09-29,254,261,255,3,4,87,6,38.4281655063112,162,2.663342534759903,-0.08863185304945687,2,0,0,0,2,0,2,0,2,0.1746515808734761
DVLT,tb_267_274#0,原有,True,4,267,2025-10-14,255,261,255,0,3,87,6,38.4281655063112,162,0.9275818701868866,-0.4511568858827393,2,1,0,5,3,4,0,1,8,0.2441019795305701
DVLT,tb_267_274#1,原有,True,3,267,2025-10-14,256,261,256,0,2,87,6,38.4281655063112,162,0.9275818701868866,-0.4511568858827393,2,1,0,5,3,4,0,1,8,0.2441019795305701
DVLT,tb_267_274#2,原有,True,2,267,2025-10-14,258,261,258,0,1,87,6,38.4281655063112,162,0.9275818701868866,-0.4511568858827393,2,1,0,5,3,4,0,1,8,0.2441019795305701
DVLT,tb_267_274#3,原有,True,1,267,2025-10-14,261,261,261,0,0,87,6,38.4281655063112,162,0.9275818701868866,-0.4511568858827393,2,1,0,5,3,4,0,1,8,0.2441019795305701
DRSHF,tb_179_181#0,新增,True,2,179,2025-06-09,176,185,177,1,2,56,4,3.574504062660127,168,1.7780580161957282,9.337050950186665e-05,3,0,0,0,3,0,3,0,3,0.07273601904001757
DRSHF,tb_179_181#1,原有,True,2,179,2025-06-09,177,185,177,1,1,56,4,3.574504062660127,168,1.7780580161957282,9.337050950186665e-05,3,0,0,0,3,0,3,0,3,0.07273601904001757
DRSHF,tb_187#0,原有,True,1,187,2025-06-20,185,185,185,0,0,56,4,3.574504062660127,168,1.3035020350464186,-0.17509729936681773,1,0,0,0,1,0,1,0,1,0.07807422519921828
DRTTF,tb_280#0,新增,True,2,280,2025-10-31,274,281,277,1,2,68,5,3.3388327024125655,135,0.09195404070689062,-0.14655172561446306,0,0,0,1,0,1,0,0,1,0.03825083497881733
DRTTF,tb_280#1,原有,True,2,280,2025-10-31,277,281,277,1,1,68,5,3.3388327024125655,135,0.09195404070689062,-0.14655172561446306,0,0,0,1,0,1,0,0,1,0.03825083497881733
DRTTF,tb_285_301#0,原有,True,1,285,2025-11-07,281,281,281,0,0,68,5,3.3388327024125655,135,0.06038976607222611,-0.15792318735333508,0,10,0,7,0,12,0,6,17,0.05099265911198542
DCTH,tb_170_174#0,新增,True,2,170,2025-05-27,158,165,164,0,3,77,3,3.1950235399101485,69,0.05625657940399997,-0.33745072988865976,0,5,0,0,0,5,0,5,5,0.04613505121926987
DCTH,tb_170_174#1,新增,True,2,170,2025-05-27,159,165,164,0,2,77,3,3.1950235399101485,69,0.05625657940399997,-0.33745072988865976,0,5,0,0,0,5,0,5,5,0.04613505121926987
DCTH,tb_170_174#2,原有,True,2,170,2025-05-27,164,165,164,0,1,77,3,3.1950235399101485,69,0.05625657940399997,-0.33745072988865976,0,5,0,0,0,5,0,5,5,0.04613505121926987
DCTH,tb_170_174#3,原有,True,1,170,2025-05-27,165,165,165,0,0,77,3,3.1950235399101485,69,0.05625657940399997,-0.33745072988865976,0,5,0,0,0,5,0,5,5,0.04613505121926987
DDC,tb_168#0,新增,False,2,168,2025-05-22,164,174,173,3,3,50,5,22.2213208643085,165,3.810392803701226,-0.1755196313751367,1,0,0,0,1,0,1,0,1,0.15225191340069472
DDC,tb_183_191#0,新增,True,2,183,2025-06-13,171,174,173,0,2,50,5,22.2213208643085,165,0.9818288738550395,-0.16422822328654316,1,0,0,8,8,0,0,0,9,0.21324004234892174
DDC,tb_183_193#0,原有,True,2,183,2025-06-13,173,174,173,0,1,50,5,22.2213208643085,165,0.9985826323891916,-0.15307052470408278,3,0,0,8,10,0,1,0,11,0.21324004234892174
DDC,tb_183_194#0,原有,True,1,183,2025-06-13,174,174,174,0,0,50,5,22.2213208643085,165,0.9884079517411409,-0.15600533894241828,3,0,0,9,11,0,1,0,12,0.21324004234892174
DDL,tb_315_317#0,新增,True,1,315,2025-12-22,311,312,312,0,1,248,5,9.873142329570838,165,0.27635282554086843,-0.09981570919483755,1,0,0,2,3,0,0,0,3,0.06022073320803447
DDL,tb_315_317#1,原有,True,1,315,2025-12-22,312,312,312,0,0,248,5,9.873142329570838,165,0.27635282554086843,-0.09981570919483755,1,0,0,2,3,0,0,0,3,0.06022073320803447
DBGI,tb_316_318#0,新增,False,2,316,2025-12-23,311,329,322,3,3,145,5,3.9115423959990907,159,0.6692025156820636,-0.8358617543933478,2,1,0,0,3,0,2,1,3,0.1014930202051619
DBGI,tb_321#0,新增,False,2,321,2025-12-31,319,329,322,2,2,145,5,3.9115423959990907,159,0.4195583254562445,-0.8604100995010208,0,1,0,0,0,1,0,1,1,0.11437750799514952
DBI,tb_309_311#0,新增,True,1,309,2025-12-12,304,306,306,0,1,59,6,15.669681372443184,299,0.02240441593364939,-0.2860031306847663,0,3,0,0,0,3,0,0,3,0.06363793021476005
DBI,tb_309_311#1,原有,True,1,309,2025-12-12,306,306,306,0,0,59,6,15.669681372443184,299,0.02240441593364939,-0.2860031306847663,0,3,0,0,0,3,0,0,3,0.06363793021476005
DBVT,tb_261#0,新增,True,2,261,2025-10-06,259,263,260,1,2,65,4,7.244435596257217,101,0.3544018097566839,-0.05492848339591294,1,0,0,0,1,0,0,0,1,0.059809929323658154
DBVT,tb_266_273#0,原有,True,2,266,2025-10-13,260,263,260,0,1,65,4,7.244435596257217,101,0.3696716178150884,-0.22209281129686215,2,0,0,6,2,0,2,0,8,0.08345726621383037
DBVT,tb_266_273#1,原有,True,1,266,2025-10-13,263,263,263,0,0,65,4,7.244435596257217,101,0.3696716178150884,-0.22209281129686215,2,0,0,6,2,0,2,0,8,0.08345726621383037
ELVA,tb_170_172#0,原有,True,1,170,2025-05-27,163,163,163,0,0,111,3,3.2113424088883464,111,0.49544059508661387,-0.0618077890776052,3,0,0,0,3,0,3,0,3,0.05223952649067423
EMBC,tb_228_230#0,新增,True,3,228,2025-08-19,221,231,223,1,3,63,4,3.08551461456446,91,0.13975963564540414,-0.03981665694181058,0,0,0,3,0,0,0,0,3,0.041481601675883314
EMBC,tb_228_230#1,原有,True,3,228,2025-08-19,223,231,223,1,2,63,4,3.08551461456446,91,0.13975963564540414,-0.03981665694181058,0,0,0,3,0,0,0,0,3,0.041481601675883314
EMBC,tb_228_230#2,原有,True,2,228,2025-08-19,224,231,224,1,1,63,4,3.08551461456446,91,0.13975963564540414,-0.03981665694181058,0,0,0,3,0,0,0,0,3,0.041481601675883314
EMBC,tb_234_239#0,原有,True,1,234,2025-08-27,231,231,231,0,0,63,4,3.08551461456446,91,0.07631271229899661,-0.09326711882890244,0,0,0,6,0,0,0,0,6,0.03996222994884523
EPOW,tb_260_262#0,原有,True,1,260,2025-10-03,257,257,257,0,0,54,5,281.14487617777036,240,0.10459972111313716,-0.2685758555347069,0,0,0,3,0,0,0,0,3,0.11309017218773854
EQ,tb_224_225#0,原有,True,2,224,2025-08-13,222,230,222,1,1,121,5,183.40356490498021,201,1.4624203190696703,-0.10615538956463222,2,0,0,0,2,0,2,0,2,0.16442307255669908
EQ,tb_233_234#0,原有,True,1,233,2025-08-26,230,230,230,0,0,121,5,183.40356490498021,201,0.2177472952350672,-0.3937173017086774,0,0,0,2,0,0,0,0,2,0.24954508710127443
EU,tb_259_265#0,新增,False,1,259,2025-10-02,257,268,268,3,3,43,5,3.5690955368023447,194,0.23880786233173495,-0.32725025374406663,0,7,0,0,2,5,0,7,7,0.056726828215792446
EU,tb_261_265#0,新增,False,1,261,2025-10-06,259,268,268,2,2,43,5,3.5690955368023447,194,0.22453227877272988,-0.33500278382480025,0,5,0,0,0,5,0,5,5,0.0638839919658804
EU,tb_266_267#0,新增,False,1,266,2025-10-13,262,268,268,1,1,43,5,3.5690955368023447,194,0.1420764290473817,-0.3797814405211126,0,2,0,0,0,2,0,2,2,0.06752115090243235
EU,tb_271#0,原有,True,1,271,2025-10-20,268,268,268,0,0,43,5,3.5690955368023447,194,0.0338461215679462,-0.30153846740722656,0,1,0,0,0,1,0,0,1,0.0815978043155583
ERAS,tb_262_272#0,原有,True,1,262,2025-10-07,257,257,257,0,0,40,4,4.207816356467303,171,0.4550287091176821,-0.13767480085866263,8,0,0,3,11,0,4,0,11,0.08405065753504509
ELA,tb_227_231#0,新增,False,1,227,2025-08-18,224,232,232,2,2,69,3,3.286595722555375,148,0.17304707971806232,-0.03332823478144509,0,0,0,5,0,0,0,0,5,0.05596740907175528
ELA,tb_229_238#0,新增,False,1,229,2025-08-20,227,232,232,1,1,69,3,3.286595722555375,148,0.17742871920760653,-0.05671858482479375,1,0,0,9,2,0,0,0,10,0.05596740907175528
ELA,tb_236_237#0,原有,True,1,236,2025-08-29,232,232,232,0,0,69,3,3.286595722555375,148,0.21256603923184525,-0.07331853165376695,0,0,0,2,1,0,0,0,2,0.05203427341847597
FMCC,tb_173_174#0,原有,True,1,173,2025-05-30,168,168,168,0,0,93,4,9.319620002667484,88,0.07789623720151562,-0.2901965154850271,0,2,0,0,0,2,0,2,2,0.038738486639074074
FKWL,tb_270_285#0,新增,True,2,270,2025-10-17,265,268,267,0,2,178,3,4.228578629032258,112,0.04918519881755268,-0.1792779685678786,0,9,0,7,0,15,0,1,16,0.042142500832750195
FKWL,tb_270_287#0,原有,True,2,270,2025-10-17,267,268,267,0,1,178,3,4.228578629032258,112,0.04568010388947492,-0.18206433594357496,0,11,0,7,0,17,0,3,18,0.042142500832750195
FKWL,tb_270_288#0,原有,True,1,270,2025-10-17,268,268,268,0,0,178,3,4.228578629032258,112,0.04451749196822828,-0.18299265309237858,0,12,0,7,0,18,0,4,19,0.042142500832750195
FBIO,tb_243_245#0,原有,True,1,243,2025-09-10,235,235,235,0,0,47,4,4.544160942100098,184,0.08812667881419271,-0.41448419156638844,0,3,0,0,0,3,0,3,3,0.08564196034854356
FBRX,tb_296_299#0,新增,True,1,296,2025-11-24,292,294,294,0,1,41,4,3.271056974192341,106,0.8550962323821043,-0.09545577867097049,4,0,0,0,4,0,4,0,4,0.11180722691200344
FBRX,tb_296_299#1,原有,True,1,296,2025-11-24,294,294,294,0,0,41,4,3.271056974192341,106,0.8550962323821043,-0.09545577867097049,4,0,0,0,4,0,4,0,4,0.11180722691200344
EH,tb_98#0,新增,False,1,98,2025-02-11,95,99,99,1,2,75,5,4.360062763020483,87,0.4369870373965601,-0.3073394060271114,1,0,0,0,1,0,1,0,1,0.04338314143889822
EH,tb_98#1,新增,False,1,98,2025-02-11,96,99,99,1,1,75,5,4.360062763020483,87,0.4369870373965601,-0.3073394060271114,1,0,0,0,1,0,1,0,1,0.04338314143889822
EH,tb_102_104#0,原有,True,1,102,2025-02-18,99,99,99,0,0,75,5,4.360062763020483,87,0.08766386944259434,-0.4666300151769018,0,3,0,0,0,3,0,3,3,0.04998547911499511
FLUX,tb_199_200#0,新增,True,1,199,2025-07-09,195,197,197,0,1,70,4,12.442938400096818,122,0.030683281163704557,-0.3301737970946932,0,1,0,1,0,2,0,0,2,0.09794521155431846
FLUX,tb_199_200#1,原有,True,1,199,2025-07-09,197,197,197,0,0,70,4,12.442938400096818,122,0.030683281163704557,-0.3301737970946932,0,1,0,1,0,2,0,0,2,0.09794521155431846
FLUX,tb_250_252#0,新增,False,1,250,2025-09-19,246,253,253,1,2,49,3,58.9730124719783,230,1.6949358934292178,-0.44557486479854475,3,0,0,0,3,0,3,0,3,0.07933830631370983
FLUX,tb_250_252#1,新增,False,1,250,2025-09-19,247,253,253,1,1,49,3,58.9730124719783,230,1.6949358934292178,-0.44557486479854475,3,0,0,0,3,0,3,0,3,0.07933830631370983
FLUX,tb_258_259#0,原有,True,1,258,2025-10-01,253,253,253,0,0,49,3,58.9730124719783,230,0.9249444781768937,-0.6379574824705425,2,0,0,0,2,0,2,0,2,0.13809564284073228
FLYX,tb_229_230#0,新增,True,1,229,2025-08-20,226,227,227,0,1,50,4,5.768222442899702,102,0.7935404194778882,-0.0897054014627946,2,0,0,0,2,0,1,0,2,0.1353614224059377
FLYX,tb_229_230#1,原有,True,1,229,2025-08-20,227,227,227,0,0,50,4,5.768222442899702,102,0.7935404194778882,-0.0897054014627946,2,0,0,0,2,0,1,0,2,0.1353614224059377
FEAM,tb_270_271#0,新增,True,1,270,2025-10-17,262,266,266,0,2,40,4,17.602998514667657,144,0.02925768438118459,-0.45391703696433405,0,2,0,0,0,2,0,1,2,0.1427496908699079
FEAM,tb_270_271#1,新增,True,1,270,2025-10-17,265,266,266,0,1,40,4,17.602998514667657,144,0.02925768438118459,-0.45391703696433405,0,2,0,0,0,2,0,1,2,0.1427496908699079
FEAM,tb_270_271#2,原有,True,1,270,2025-10-17,266,266,266,0,0,40,4,17.602998514667657,144,0.02925768438118459,-0.45391703696433405,0,2,0,0,0,2,0,1,2,0.1427496908699079
FOXX,tb_216#0,原有,True,1,216,2025-08-01,212,212,212,0,0,56,3,5.576086956521739,61,0.10909093160978367,-0.4155844011079962,0,1,0,0,0,1,0,1,1,0.10275550680794886
FCCN,tb_319_332#0,原有,True,3,319,2025-12-29,312,315,312,0,2,47,7,6.564377682403434,171,0.05558417350994945,-0.3864567893221101,0,3,0,0,0,3,0,3,3,0.07371868599479253
FCCN,tb_319_333#0,原有,True,2,319,2025-12-29,313,315,313,0,1,47,7,6.564377682403434,171,0.05558417350994945,-0.3864567893221101,0,3,0,0,0,3,0,3,3,0.07371868599479253
FCCN,tb_319_335#0,原有,True,1,319,2025-12-29,315,315,315,0,0,47,7,6.564377682403434,171,0.05558417350994945,-0.3864567893221101,0,3,0,0,0,3,0,3,3,0.07371868599479253
FCEL,tb_247#0,新增,False,2,247,2025-09-16,244,251,249,2,2,65,4,3.8612377931719086,148,0.7658320822502669,-0.005891010615280079,1,0,0,0,1,0,1,0,1,0.061892947191088274
FCEL,tb_255#0,原有,True,2,255,2025-09-26,249,251,249,0,1,65,4,3.8612377931719086,148,0.5177214716932867,-0.26582276952933337,1,0,0,0,1,0,0,0,1,0.09273121981325744
FCEL,tb_255#1,原有,True,1,255,2025-09-26,251,251,251,0,0,65,4,3.8612377931719086,148,0.5177214716932867,-0.26582276952933337,1,0,0,0,1,0,0,0,1,0.09273121981325744
EVGO,tb_158#0,原有,True,1,158,2025-05-08,156,156,156,0,0,136,4,6.003551594931673,63,0.2532637823371544,-0.14621408718924034,0,0,0,1,1,0,0,0,1,0.0621289991053318
FOCL,tb_240_244#0,新增,True,1,240,2025-09-05,235,237,237,0,1,78,3,14.183584943352074,108,0.055581775110772114,-0.34269531672750403,0,2,0,3,0,5,0,0,5,0.10214624940258091
FOCL,tb_240_244#1,原有,True,1,240,2025-09-05,237,237,237,0,0,78,3,14.183584943352074,108,0.055581775110772114,-0.34269531672750403,0,2,0,3,0,5,0,0,5,0.10214624940258091
FNMA,tb_171_172#0,新增,True,1,171,2025-05-28,165,168,168,0,2,55,3,8.741156144856324,64,0.04299507186108187,-0.3202323822635992,0,2,0,0,0,2,0,2,2,0.04543755465228501
FNMA,tb_171_172#1,新增,True,1,171,2025-05-28,166,168,168,0,1,55,3,8.741156144856324,64,0.04299507186108187,-0.3202323822635992,0,2,0,0,0,2,0,2,2,0.04543755465228501
FNMA,tb_171_172#2,原有,True,1,171,2025-05-28,168,168,168,0,0,55,3,8.741156144856324,64,0.04299507186108187,-0.3202323822635992,0,2,0,0,0,2,0,2,2,0.04543755465228501
FNMAT,tb_163_164#0,新增,False,1,163,2025-05-15,160,168,168,1,1,121,3,16.927545084121096,86,0.305528037901063,-0.022889621611173305,2,0,0,0,2,0,2,0,2,0.027805391027515086
FNMAT,tb_170#0,原有,True,1,170,2025-05-27,168,168,168,0,0,121,3,16.927545084121096,86,0.14888533623282707,-0.07165609411914775,0,0,0,1,1,0,0,0,1,0.03251122689941211
FNUC,tb_258_260#0,新增,False,1,258,2025-10-01,255,267,267,3,3,46,5,21.54700780314673,117,0.5935962899997439,-0.498113692062661,3,0,0,0,3,0,2,1,3,0.08090698837738217
FNUC,tb_263#0,新增,False,1,263,2025-10-08,260,267,267,2,2,46,5,21.54700780314673,117,0.5194274092441857,-0.5214723971248181,1,0,0,0,1,0,0,1,1,0.09901964810573297
FNUC,tb_274_275#0,新增,True,1,274,2025-10-23,266,267,267,0,1,46,5,21.54700780314673,117,0.02578610420737637,-0.46379864610254834,0,2,0,0,0,2,0,2,2,0.12744734451608844
FNUC,tb_274_275#1,原有,True,1,274,2025-10-23,267,267,267,0,0,46,5,21.54700780314673,117,0.02578610420737637,-0.46379864610254834,0,2,0,0,0,2,0,2,2,0.12744734451608844
FULC,tb_149_152#0,新增,False,1,149,2025-04-25,145,154,154,2,2,87,4,10.399000572794248,80,1.0655945747671562,-0.022408080635726524,4,0,0,0,4,0,4,0,4,0.08451169497499358
FULC,tb_158_160#0,新增,True,1,158,2025-05-08,153,154,154,0,1,87,4,10.399000572794248,80,0.476407525060817,-0.017986338801299406,1,0,0,2,3,0,0,0,3,0.10359826701144242
FULC,tb_158_160#1,原有,True,1,158,2025-05-08,154,154,154,0,0,87,4,10.399000572794248,80,0.476407525060817,-0.017986338801299406,1,0,0,2,3,0,0,0,3,0.10359826701144242
FURY,tb_181#0,原有,True,1,181,2025-06-11,179,179,179,0,0,154,3,10.034384249131385,156,0.10586010575374138,-0.11153116675137886,0,0,0,1,0,0,0,0,1,0.05790102150897283
FSLY,tb_248#0,原有,True,1,248,2025-09-17,246,246,246,0,0,86,3,3.5115209706574917,84,0.453070659972455,-0.10370799177961487,1,0,0,0,1,0,1,0,1,0.04208825013524534
GEOS,tb_191_192#0,原有,True,2,191,2025-06-26,187,188,187,0,1,165,4,46.51999733368884,148,0.25455878183607483,-0.3576356877018981,0,2,0,0,0,2,0,2,2,0.056958245561896395
GEOS,tb_191_192#1,原有,True,1,191,2025-06-26,188,188,188,0,0,165,4,46.51999733368884,148,0.25455878183607483,-0.3576356877018981,0,2,0,0,0,2,0,2,2,0.056958245561896395
GAU,tb_230_232#0,新增,True,1,230,2025-08-21,222,225,225,0,3,66,4,4.2979510588755705,199,0.48102010293694164,-0.020597288179495615,3,0,0,0,3,0,3,0,3,0.05228981019003755
GAU,tb_230_232#1,新增,True,1,230,2025-08-21,223,225,225,0,2,66,4,4.2979510588755705,199,0.48102010293694164,-0.020597288179495615,3,0,0,0,3,0,3,0,3,0.05228981019003755
GAU,tb_230_232#2,新增,True,1,230,2025-08-21,224,225,225,0,1,66,4,4.2979510588755705,199,0.48102010293694164,-0.020597288179495615,3,0,0,0,3,0,3,0,3,0.05228981019003755
GAU,tb_230_232#3,原有,True,1,230,2025-08-21,225,225,225,0,0,66,4,4.2979510588755705,199,0.48102010293694164,-0.020597288179495615,3,0,0,0,3,0,3,0,3,0.05228981019003755
GPRK,tb_287#0,原有,True,1,287,2025-11-11,284,284,284,0,0,104,3,4.444824936918353,156,0.03850773249504913,-0.17689529884849942,0,0,0,1,0,1,0,0,1,0.0476375380394351
GPUS,tb_161#0,原有,True,1,161,2025-05-13,158,158,158,0,0,135,5,3425.2481267433595,101,0.48511902586706834,-0.830357139689379,0,1,0,0,0,1,0,1,1,0.1432867204670119
GSKRF,tb_255#0,新增,False,1,255,2025-09-26,252,256,256,1,1,155,4,3.9979872453618794,111,0.1539682019724402,-0.15154493093570076,0,0,0,1,0,0,0,0,1,0.04497522976170303
GSKRF,tb_258_262#0,原有,True,1,258,2025-10-01,256,256,256,0,0,155,4,3.9979872453618794,111,0.06807579646932985,-0.21469731825337215,0,3,0,2,0,5,0,0,5,0.053489648554651936
GTBIF,tb_224_225#0,原有,True,2,224,2025-08-13,222,224,222,1,1,197,4,5.446950294651516,152,0.10609452834459054,-0.20311168945045782,0,0,0,2,0,0,0,0,2,0.07068255860111455
GTBIF,tb_227#0,原有,True,1,227,2025-08-18,224,224,224,0,0,197,4,5.446950294651516,152,0.17654159657295376,-0.1523579394362643,0,0,0,1,0,0,0,0,1,0.0905871372828225
HCWC,tb_253_261#0,新增,True,1,253,2025-09-24,246,247,247,0,1,40,3,58.73272108304965,123,0.117928237242979,-0.2423089410469611,0,0,0,9,0,0,0,0,9,0.09751468779280717
HCWC,tb_253_261#1,原有,True,1,253,2025-09-24,247,247,247,0,0,40,3,58.73272108304965,123,0.117928237242979,-0.2423089410469611,0,0,0,9,0,0,0,0,9,0.09751468779280717
GNLX,tb_88_91#0,新增,True,1,88,2025-01-28,83,86,86,0,2,63,4,9.594868925831202,67,0.4827516361125241,-0.26870416583801926,4,0,0,0,4,0,0,0,4,0.0855690811118729
GNLX,tb_88_91#1,新增,True,1,88,2025-01-28,84,86,86,0,1,63,4,9.594868925831202,67,0.4827516361125241,-0.26870416583801926,4,0,0,0,4,0,0,0,4,0.0855690811118729
GNLX,tb_88_91#2,原有,True,1,88,2025-01-28,86,86,86,0,0,63,4,9.594868925831202,67,0.4827516361125241,-0.26870416583801926,4,0,0,0,4,0,0,0,4,0.0855690811118729
HMY,tb_252#0,原有,True,1,252,2025-09-23,250,250,250,0,0,127,3,5.793229425677724,94,0.23200444895876493,-0.1622370019742302,0,0,0,1,1,0,0,0,1,0.05164816308984159
HOWL,tb_247#0,新增,False,2,247,2025-09-16,243,256,251,2,3,68,7,11.11993476698546,209,0.6413793352923118,-0.26206895361048754,1,0,0,0,1,0,1,0,1,0.05742287516918683
HOWL,tb_247#1,新增,False,2,247,2025-09-16,244,256,251,2,2,68,7,11.11993476698546,209,0.6413793352923118,-0.26206895361048754,1,0,0,0,1,0,1,0,1,0.05742287516918683
HOWL,tb_255#0,原有,True,2,255,2025-09-26,251,256,251,1,1,68,7,11.11993476698546,209,0.1497585464712956,-0.6135265518256932,0,1,0,0,0,1,0,1,1,0.060231589100786714
HOWL,tb_260_262#0,原有,True,1,260,2025-10-03,256,256,256,0,0,68,7,11.11993476698546,209,0.06722291530725914,-0.6003865372762788,0,3,0,0,0,3,0,3,3,0.088650101364436
HPP-PC,tb_191_194#0,原有,True,2,191,2025-06-26,186,187,186,0,1,162,3,7.677158975150909,159,0.10692897320397127,-0.030499001743985704,4,0,0,0,4,0,1,0,4,0.01761079825477388
HPP-PC,tb_191_194#1,原有,True,1,191,2025-06-26,187,187,187,0,0,162,3,7.677158975150909,159,0.10692897320397127,-0.030499001743985704,4,0,0,0,4,0,1,0,4,0.01761079825477388
HOVR,tb_258_260#0,新增,True,1,258,2025-10-01,249,256,256,0,1,66,4,3.9770973623308032,69,0.5795399340789078,-0.5616587688863736,3,0,0,0,3,0,2,1,3,0.08469113766185413
HOVR,tb_258_260#1,原有,True,1,258,2025-10-01,256,256,256,0,0,66,4,3.9770973623308032,69,0.5795399340789078,-0.5616587688863736,3,0,0,0,3,0,2,1,3,0.08469113766185413
GVHGF,tb_120_123#0,原有,True,1,120,2025-03-14,113,113,113,0,0,52,4,695.2074973445926,77,0.014595515041107093,-0.7207982423034255,0,4,0,0,0,4,0,4,4,0.17398410442689363
HTCR,tb_235#0,新增,True,1,235,2025-08-28,230,232,232,0,1,56,4,25.944457583641093,107,0.024000039252825678,-0.455999981782403,0,1,0,0,0,1,0,1,1,0.1221850944734245
HTCR,tb_235#1,原有,True,1,235,2025-08-28,232,232,232,0,0,56,4,25.944457583641093,107,0.024000039252825678,-0.455999981782403,0,1,0,0,0,1,0,1,1,0.1221850944734245
GRWG,tb_229_230#0,新增,False,1,229,2025-08-20,222,230,230,1,2,202,3,7.048364903789526,135,0.3070668932740541,-0.08067538305521144,1,0,0,1,2,0,0,0,2,0.06436742718225097
GRWG,tb_229_230#1,新增,False,1,229,2025-08-20,223,230,230,1,1,202,3,7.048364903789526,135,0.3070668932740541,-0.08067538305521144,1,0,0,1,2,0,0,0,2,0.06436742718225097
GRWG,tb_235_236#0,原有,True,1,235,2025-08-28,230,230,230,0,0,202,3,7.048364903789526,135,0.20510130220870837,-0.1523928126910361,0,0,0,2,0,0,0,0,2,0.07808715845256739
ILPT,tb_191_199#0,原有,True,1,191,2025-06-26,184,184,184,0,0,94,4,5.582660807031562,94,0.37568790945342073,-0.013140014255495405,9,0,0,0,9,0,9,0,9,0.04032231699585784
HRTX,tb_115#0,原有,True,2,115,2025-03-07,109,110,109,0,1,89,4,3.850859863593734,101,0.07112963615630563,-0.30962347124068534,0,1,0,0,0,1,0,1,1,0.06497174180460791
HRTX,tb_115#1,原有,True,1,115,2025-03-07,110,110,110,0,0,89,4,3.850859863593734,101,0.07112963615630563,-0.30962347124068534,0,1,0,0,0,1,0,1,1,0.06497174180460791
IOBTQ,tb_177_182#0,原有,True,1,177,2025-06-05,173,173,173,0,0,65,3,3.1443758080735527,143,0.6291702731527921,-0.23525147217530876,6,0,0,0,6,0,6,0,6,0.08570249714882983
IVA,tb_106_107#0,新增,False,2,106,2025-02-24,103,107,106,2,3,83,3,3.762780496035094,89,0.342862762596701,-0.10779553226076827,2,0,0,0,2,0,1,0,2,0.0566770372517406
IVA,tb_109_110#0,新增,True,2,109,2025-02-27,105,107,106,0,2,83,3,3.762780496035094,89,0.2599669517824116,-0.1693551360607521,0,0,0,2,2,0,0,0,2,0.05851937716290885
IVA,tb_109_110#1,原有,True,2,109,2025-02-27,106,107,106,0,1,83,3,3.762780496035094,89,0.2599669517824116,-0.1693551360607521,0,0,0,2,2,0,0,0,2,0.05851937716290885
IVA,tb_109_110#2,原有,True,1,109,2025-02-27,107,107,107,0,0,83,3,3.762780496035094,89,0.2599669517824116,-0.1693551360607521,0,0,0,2,2,0,0,0,2,0.05851937716290885
IVA,tb_229#0,新增,True,2,229,2025-08-20,223,225,224,0,2,80,5,4.046701428247563,78,0.42947599135279746,-0.101965068866531,0,0,0,1,1,0,0,0,1,0.08939151496832087
IVA,tb_229#1,原有,True,2,229,2025-08-20,224,225,224,0,1,80,5,4.046701428247563,78,0.42947599135279746,-0.101965068866531,0,0,0,1,1,0,0,0,1,0.08939151496832087
IVA,tb_229#2,原有,True,1,229,2025-08-20,225,225,225,0,0,80,5,4.046701428247563,78,0.42947599135279746,-0.101965068866531,0,0,0,1,1,0,0,0,1,0.08939151496832087
IXHL,tb_208#0,新增,False,1,208,2025-07-22,203,210,210,1,1,133,3,8.841046320161285,73,0.9761903860851957,-0.5952381150612569,1,0,0,0,1,0,1,0,1,0.08149352006626673
JETMF,tb_93_96#0,新增,True,2,93,2025-02-04,85,94,91,1,2,56,3,5.753351206434316,70,0.08522664383146233,-0.2711563893948728,0,4,0,0,0,4,0,3,4,0.058390037093731
JETMF,tb_93_96#1,原有,True,2,93,2025-02-04,91,94,91,1,1,56,3,5.753351206434316,70,0.08522664383146233,-0.2711563893948728,0,4,0,0,0,4,0,3,4,0.058390037093731
JETMF,tb_96_97#0,原有,True,1,96,2025-02-07,94,94,94,0,0,56,3,5.753351206434316,70,0.04856739414089806,-0.2957769237859315,0,2,0,0,0,2,0,2,2,0.056573583487219685
JETMF,tb_280_281#0,原有,True,1,280,2025-10-31,277,277,277,0,0,41,4,4.7035907010633204,174,0.009174310851576162,-0.353874680595834,0,2,0,0,0,2,0,2,2,0.046656799874173545
IMRX,tb_173_174#0,新增,False,3,173,2025-05-30,171,186,178,4,4,91,5,92.80404875754488,98,1.6247959859072894,-0.07076964630557098,2,0,0,0,2,0,2,0,2,0.09057328523192593
IMRX,tb_177_182#0,新增,False,3,177,2025-06-05,175,186,178,3,3,91,5,92.80404875754488,98,1.2357540214207867,-0.20849829424725422,6,0,0,0,6,0,6,0,6,0.09433908438829783
IMRX,tb_180#0,原有,True,3,180,2025-06-10,178,186,178,2,2,91,5,92.80404875754488,98,1.1608294768854845,-0.23502308375193925,1,0,0,0,1,0,1,0,1,0.08125955651376035
IMRX,tb_194_196#1,原有,True,1,194,2025-07-01,186,186,186,0,0,91,5,92.80404875754488,98,0.7697547609134278,-0.16953250518040444,3,0,0,0,3,0,3,0,3,0.11145031883228651
IMVT,tb_282#0,新增,True,1,282,2025-11-04,276,279,279,0,2,70,4,3.5785854451142107,184,0.1446878843624777,-0.11409674113053336,0,0,0,1,0,0,0,0,1,0.04653851960181353
IMVT,tb_282#1,新增,True,1,282,2025-11-04,277,279,279,0,1,70,4,3.5785854451142107,184,0.1446878843624777,-0.11409674113053336,0,0,0,1,0,0,0,0,1,0.04653851960181353
IMVT,tb_282#2,原有,True,1,282,2025-11-04,279,279,279,0,0,70,4,3.5785854451142107,184,0.1446878843624777,-0.11409674113053336,0,0,0,1,0,0,0,0,1,0.04653851960181353
HTZ,tb_148#0,原有,True,1,148,2025-04-24,143,143,143,0,0,46,3,13.10614014322069,93,-0.0011559856241032396,-0.36300572579469736,0,1,0,0,0,1,0,0,1,0.11107337783239492
IMNM,tb_263_267#0,新增,True,2,263,2025-10-08,260,268,261,1,2,48,5,5.347533370351408,212,0.4489107577476238,-0.03652704645612068,5,0,0,0,5,0,1,0,5,0.07936802072327273
IMNM,tb_263_267#1,原有,True,2,263,2025-10-08,261,268,261,1,1,48,5,5.347533370351408,212,0.4489107577476238,-0.03652704645612068,5,0,0,0,5,0,1,0,5,0.07936802072327273
IMNM,tb_271_281#0,原有,True,1,271,2025-10-20,268,268,268,0,0,48,5,5.347533370351408,212,0.5605617551810731,-0.09697133120223449,11,0,0,0,11,0,11,0,11,0.08290238406176798
INSG,tb_230#0,新增,False,1,230,2025-08-21,228,230,230,1,1,59,3,7.766335000532085,109,0.7651072325877757,-0.0155945266903319,1,0,0,0,1,0,1,0,1,0.06703613611878648
INSG,tb_236_243#0,原有,True,1,236,2025-08-29,230,230,230,0,0,59,3,7.766335000532085,109,0.40274790291648666,-0.028761015941041787,5,0,0,3,8,0,3,0,8,0.07550416866687157
HYPD,tb_171_174#0,原有,True,1,171,2025-05-28,168,168,168,0,0,95,3,164.40680073126143,60,9.08849749156721,-0.035225095937617634,4,0,0,0,4,0,4,0,4,0.10341217596669658
HZEN,tb_267_268#0,新增,True,1,267,2025-10-14,264,265,265,0,1,207,3,3.294546389984565,85,1.1589209759828782,-0.3794017164669424,2,0,0,0,2,0,2,0,2,0.10072368857993154
HZEN,tb_267_268#1,原有,True,1,267,2025-10-14,265,265,265,0,0,207,3,3.294546389984565,85,1.1589209759828782,-0.3794017164669424,2,0,0,0,2,0,2,0,2,0.10072368857993154
ITMSF,tb_208_211#0,原有,True,1,208,2025-07-22,203,203,203,0,0,42,3,5.652637216264092,106,0.1231782564671473,-0.13601669410378328,0,0,0,4,0,0,0,0,4,0.06428962333056103
ITOC,tb_171_176#0,新增,True,2,171,2025-05-28,168,177,169,1,2,141,6,10.906081239727637,160,4.1104024861053015,-0.6031361362216876,6,0,0,0,6,0,6,0,6,0.15372185002416247
ITOC,tb_171_176#1,原有,True,2,171,2025-05-28,169,177,169,1,1,141,6,10.906081239727637,160,4.1104024861053015,-0.6031361362216876,6,0,0,0,6,0,6,0,6,0.15372185002416247
ITOC,tb_186#0,原有,True,1,186,2025-06-18,177,177,177,0,0,141,6,10.906081239727637,160,0.7679557638441104,-0.9668508281106932,1,0,0,0,1,0,1,0,1,0.09817275129100493
ITRG,tb_229_231#0,新增,False,1,229,2025-08-20,226,231,231,1,2,70,3,3.675868411190196,75,0.8185307076238173,-0.003516282743603901,3,0,0,0,3,0,3,0,3,0.04631485443629747
ITRG,tb_229_231#1,新增,False,1,229,2025-08-20,227,231,231,1,1,70,3,3.675868411190196,75,0.8185307076238173,-0.003516282743603901,3,0,0,0,3,0,3,0,3,0.04631485443629747
ITRG,tb_235#0,原有,True,1,235,2025-08-28,231,231,231,0,0,70,3,3.675868411190196,75,0.6157406809521333,-0.004629625030506013,1,0,0,0,1,0,1,0,1,0.04827121535989297
KRMD,tb_302_303#0,原有,True,1,302,2025-12-03,297,297,297,0,0,60,3,3.528127570714421,204,0.15931252243321747,-0.09998886935756135,0,0,0,2,0,0,0,0,2,0.06125759657753256
KODK,tb_288#0,新增,True,1,288,2025-11-12,285,286,286,0,1,83,3,6.376261584988359,191,0.18712748874601837,-0.19547083149143862,0,1,0,0,0,1,0,0,1,0.047210451602937395
KODK,tb_288#1,原有,True,1,288,2025-11-12,286,286,286,0,0,83,3,6.376261584988359,191,0.18712748874601837,-0.19547083149143862,0,1,0,0,0,1,0,0,1,0.047210451602937395
KZIA,tb_178#0,新增,False,1,178,2025-06-06,175,181,181,1,2,143,3,1729.2901193633952,66,1.276106095506346,-0.10973449116707712,1,0,0,0,1,0,1,0,1,0.09294058970664236
KZIA,tb_178#1,新增,False,1,178,2025-06-06,176,181,181,1,1,143,3,1729.2901193633952,66,1.276106095506346,-0.10973449116707712,1,0,0,0,1,0,1,0,1,0.09294058970664236
KZIA,tb_185#0,原有,True,1,185,2025-06-17,181,181,181,0,0,143,3,1729.2901193633952,66,0.2861736439579059,-0.37513397948772254,0,1,0,0,0,1,0,0,1,0.11580436236438188
LAC,tb_250_251#0,新增,False,1,250,2025-09-19,246,253,253,2,3,41,8,32.52669340742417,225,2.21240109521605,-0.09613051800149502,2,0,0,0,2,0,2,0,2,0.04324446563857499
LAC,tb_250_251#1,新增,False,1,250,2025-09-19,247,253,253,2,2,41,8,32.52669340742417,225,2.21240109521605,-0.09613051800149502,2,0,0,0,2,0,2,0,2,0.04324446563857499
LAC,tb_264#0,原有,True,1,264,2025-10-09,253,253,253,0,0,41,8,32.52669340742417,225,0.30845777458673806,-0.4613184239084729,0,1,0,0,0,1,0,1,1,0.1084996031092913
LI,tb_112_120#0,新增,True,1,112,2025-03-04,107,108,108,0,1,85,3,4.856750881921598,96,0.04140067637021901,-0.32747714639904835,0,9,0,0,0,9,0,9,9,0.05566919562724576
LI,tb_112_120#1,原有,True,1,112,2025-03-04,108,108,108,0,0,85,3,4.856750881921598,96,0.04140067637021901,-0.32747714639904835,0,9,0,0,0,9,0,9,9,0.05566919562724576
LU,tb_254#0,新增,False,1,254,2025-09-25,250,258,258,2,3,40,4,3.3247546922142273,249,0.33625733032544836,-0.307017592781076,1,0,0,0,1,0,1,0,1,0.03844430505896233
LU,tb_254#1,新增,False,1,254,2025-09-25,251,258,258,2,2,40,4,3.3247546922142273,249,0.33625733032544836,-0.307017592781076,1,0,0,0,1,0,1,0,1,0.03844430505896233
LU,tb_261#0,新增,True,1,261,2025-10-06,255,258,258,0,1,40,4,3.3247546922142273,249,0.0024449270590736205,-0.4205379469094891,0,1,0,0,0,1,0,1,1,0.05423453496769745
LU,tb_261#1,原有,True,1,261,2025-10-06,258,258,258,0,0,40,4,3.3247546922142273,249,0.0024449270590736205,-0.4205379469094891,0,1,0,0,0,1,0,1,1,0.05423453496769745
KYNB,tb_226#0,原有,True,1,226,2025-08-15,223,223,223,0,0,117,3,6.1229887992995,72,0.32701427417951123,0.013691428752793833,1,0,0,0,1,0,1,0,1,0.05336157397874086
LION,tb_310_315#0,新增,False,2,310,2025-12-15,307,318,316,3,4,63,4,3.563173398467393,217,0.2037330248658917,-0.05632207234940826,3,0,0,3,6,0,0,0,6,0.041851014464463515
LION,tb_310_315#1,新增,False,2,310,2025-12-15,308,318,316,3,3,63,4,3.563173398467393,217,0.2037330248658917,-0.05632207234940826,3,0,0,3,6,0,0,0,6,0.041851014464463515
LION,tb_315#0,新增,False,2,315,2025-12-22,313,318,316,2,2,63,4,3.563173398467393,217,0.20693786686089988,-0.05622007290589481,1,0,0,0,1,0,0,0,1,0.03845339374594577
LION,tb_318_323#0,原有,True,2,318,2025-12-26,316,318,316,1,1,63,4,3.563173398467393,217,0.08743222994157906,-0.1496689772744325,0,0,0,4,0,3,0,0,4,0.04234163221412361
LITB,tb_135#0,新增,True,2,135,2025-04-04,129,132,131,0,2,109,4,21.22971961540676,84,-0.0134529018534425,-0.5246637068550579,0,1,0,0,0,1,0,1,1,0.09500411066127815
LITB,tb_135#1,原有,True,2,135,2025-04-04,131,132,131,0,1,109,4,21.22971961540676,84,-0.0134529018534425,-0.5246637068550579,0,1,0,0,0,1,0,1,1,0.09500411066127815
LITB,tb_135#2,原有,True,1,135,2025-04-04,132,132,132,0,0,109,4,21.22971961540676,84,-0.0134529018534425,-0.5246637068550579,0,1,0,0,0,1,0,1,1,0.09500411066127815
MBAI,tb_254_256#0,原有,True,1,254,2025-09-25,246,246,246,0,0,90,4,257.2883624641969,171,0.075484519344499,-0.46666545946078886,0,3,0,0,0,3,0,3,3,0.12011602896989149
MCFT,tb_244#0,新增,True,1,244,2025-09-11,240,241,241,0,1,55,3,6.916789862724393,207,-4.3161982728245896e-05,-0.16228453332688786,0,1,0,0,0,1,0,0,1,0.034585496543036984
MCFT,tb_244#1,原有,True,1,244,2025-09-11,241,241,241,0,0,55,3,6.916789862724393,207,-4.3161982728245896e-05,-0.16228453332688786,0,1,0,0,0,1,0,0,1,0.034585496543036984
LBRT,tb_277#0,原有,True,2,277,2025-10-28,275,278,275,1,1,87,4,6.464703993132248,173,0.2351210034378881,-0.13425222804485826,0,0,0,1,1,0,0,0,1,0.049345096753765735
LBRT,tb_281#0,原有,True,1,281,2025-11-03,278,278,278,0,0,87,4,6.464703993132248,173,0.14636964223361648,-0.19646175489017526,0,0,0,1,0,1,0,0,1,0.05088836682693061
KSS,tb_212#0,新增,True,1,212,2025-07-28,207,208,208,0,1,180,5,23.31101742952391,122,0.4332268056058799,-0.19485582039804739,1,0,0,0,0,1,1,0,1,0.05271228398302522
KSS,tb_212#1,原有,True,1,212,2025-07-28,208,208,208,0,0,180,5,23.31101742952391,122,0.4332268056058799,-0.19485582039804739,1,0,0,0,0,1,1,0,1,0.05271228398302522
MATH,tb_164_166#0,新增,False,1,164,2025-05-16,158,167,167,1,2,61,3,5.362982557658924,65,0.7033153629505243,-0.05593567784196485,3,0,0,0,3,0,3,0,3,0.09640327283027571
MATH,tb_164_166#1,新增,False,1,164,2025-05-16,159,167,167,1,1,61,3,5.362982557658924,65,0.7033153629505243,-0.05593567784196485,3,0,0,0,3,0,3,0,3,0.09640327283027571
MATH,tb_169_172#0,原有,True,1,169,2025-05-23,167,167,167,0,0,61,3,5.362982557658924,65,0.43242492669642607,-0.06743984450567941,0,0,0,4,3,0,0,0,4,0.10133929517178857
LPSN,tb_77#0,新增,True,1,77,2025-01-10,70,71,71,0,1,50,3,23.424226270680837,65,0.10563380660057264,-0.40845066512741535,0,1,0,0,0,1,0,1,1,0.09464570218455004
LPSN,tb_77#1,原有,True,1,77,2025-01-10,71,71,71,0,0,50,3,23.424226270680837,65,0.10563380660057264,-0.40845066512741535,0,1,0,0,0,1,0,1,1,0.09464570218455004
LPSN,tb_198#0,新增,True,1,198,2025-07-08,190,196,196,0,2,119,3,4.630965917947572,75,0.32110090993943263,-0.24770642790473152,0,0,0,1,0,1,0,0,1,0.07241156284696687
LPSN,tb_198#1,新增,True,1,198,2025-07-08,193,196,196,0,1,119,3,4.630965917947572,75,0.32110090993943263,-0.24770642790473152,0,0,0,1,0,1,0,0,1,0.07241156284696687
LPSN,tb_198#2,原有,True,1,198,2025-07-08,196,196,196,0,0,119,3,4.630965917947572,75,0.32110090993943263,-0.24770642790473152,0,0,0,1,0,1,0,0,1,0.07241156284696687
LRDC,tb_295_297#0,新增,True,2,295,2025-11-21,283,288,286,0,2,57,6,12.96733110012935,255,0.4765225849192467,-0.005296465100138,0,0,0,3,3,0,0,0,3,0.10167308125255572
LRDC,tb_295_297#1,原有,True,2,295,2025-11-21,286,288,286,0,1,57,6,12.96733110012935,255,0.4765225849192467,-0.005296465100138,0,0,0,3,3,0,0,0,3,0.10167308125255572
LRDC,tb_295_297#2,原有,True,1,295,2025-11-21,288,288,288,0,0,57,6,12.96733110012935,255,0.4765225849192467,-0.005296465100138,0,0,0,3,3,0,0,0,3,0.10167308125255572
MDWD,tb_163_165#0,新增,False,2,163,2025-05-15,160,170,166,2,3,81,4,5.532119476268412,78,0.10731979515988499,-0.08973930351570536,0,0,0,3,0,0,0,0,3,0.04196458528806453
MDWD,tb_163_165#1,新增,False,2,163,2025-05-15,161,170,166,2,2,81,4,5.532119476268412,78,0.10731979515988499,-0.08973930351570536,0,0,0,3,0,0,0,0,3,0.04196458528806453
MDWD,tb_168_169#0,原有,True,2,168,2025-05-22,166,170,166,1,1,81,4,5.532119476268412,78,0.10562568579680864,-0.09113192846063534,0,0,0,2,0,0,0,0,2,0.04196458528806453
MDWD,tb_172_180#0,原有,True,1,172,2025-05-29,170,170,170,0,0,81,4,5.532119476268412,78,0.019343022388578237,-0.17559829528697718,0,4,0,5,0,7,0,3,9,0.04401308039277722
MAGN,tb_304_305#0,新增,True,1,304,2025-12-05,296,299,299,0,1,198,3,4.121317218673495,90,0.10110648175537074,-0.10251313380607169,0,0,0,2,0,0,0,0,2,0.05152471742631841
MAGN,tb_304_305#1,原有,True,1,304,2025-12-05,299,299,299,0,0,198,3,4.121317218673495,90,0.10110648175537074,-0.10251313380607169,0,0,0,2,0,0,0,0,2,0.05152471742631841
METCB,tb_213#0,原有,True,2,213,2025-07-29,200,201,200,0,1,180,4,8.564596503925351,167,0.49389812361630314,-0.10588662362083978,1,0,0,0,1,0,0,0,1,0.09597350517316178
METCB,tb_213#1,原有,True,1,213,2025-07-29,201,201,201,0,0,180,4,8.564596503925351,167,0.49389812361630314,-0.10588662362083978,1,0,0,0,1,0,0,0,1,0.09597350517316178
MLYS,tb_125#0,原有,True,1,125,2025-03-21,122,122,122,0,0,82,4,55.720032521269495,88,0.028452846375681684,-0.38115002602111836,0,1,0,0,0,1,0,1,1,0.08574439608946549
MOB,tb_182_183#0,新增,False,1,182,2025-06-12,176,187,187,1,2,126,3,4.9153611974376865,85,0.7942241749608155,-0.0430804019963314,2,0,0,0,2,0,0,0,2,0.14145232073362846
MOB,tb_182_183#1,新增,False,1,182,2025-06-12,179,187,187,1,1,126,3,4.9153611974376865,85,0.7942241749608155,-0.0430804019963314,2,0,0,0,2,0,0,0,2,0.14145232073362846
MOB,tb_191#0,原有,True,1,191,2025-06-26,187,187,187,0,0,126,3,4.9153611974376865,85,0.6901409633101498,-0.15140839483595414,0,0,0,1,1,0,0,0,1,0.1423872331059745
MNKD,tb_240_252#0,原有,True,1,240,2025-09-05,237,237,237,0,0,214,3,8.482215771480533,113,0.12419606754268596,-0.12616345044620525,0,0,0,13,0,1,0,0,13,0.045454532113285234
MTC,tb_287_289#0,原有,True,2,287,2025-11-11,283,284,283,0,1,61,4,959.1338804706221,228,0.48437247901862485,-0.23753546775024056,0,0,0,3,0,0,0,0,3,0.1401106714624492
MTC,tb_287_289#1,原有,True,1,287,2025-11-11,284,284,284,0,0,61,4,959.1338804706221,228,0.48437247901862485,-0.23753546775024056,0,0,0,3,0,0,0,0,3,0.1401106714624492
MGIH,tb_247#0,原有,True,1,247,2025-09-16,241,241,241,0,0,165,4,1370.7202122527738,148,0.12635375705508123,-0.46570396055437746,0,1,0,0,0,1,0,1,1,0.11722741078028284
NBTX,tb_178_180#0,新增,False,1,178,2025-06-06,176,182,182,2,3,76,5,5.126190848039982,158,0.5675572375974491,-0.1189148525753166,3,0,0,0,3,0,3,0,3,0.0468874064470807
NBTX,tb_180#0,新增,False,1,180,2025-06-10,177,182,182,2,2,76,5,5.126190848039982,158,0.5958762728479969,-0.13814434834400346,1,0,0,0,1,0,1,0,1,0.0468874064470807
NBTX,tb_187_200#0,新增,True,1,187,2025-06-20,180,182,182,0,1,76,5,5.126190848039982,158,1.1437130995746194,-0.0188894772082494,14,0,0,0,14,0,14,0,14,0.05904436298321805
NBTX,tb_187_202#0,原有,True,1,187,2025-06-20,182,182,182,0,0,76,5,5.126190848039982,158,1.1322906227445328,-0.022099555580933218,16,0,0,0,16,0,16,0,16,0.05904436298321805
NCL,tb_153_159#0,新增,True,1,153,2025-05-01,146,149,149,0,1,74,6,18.281109489433277,94,2.8097050680829128,-0.602510694191189,7,0,0,0,7,0,7,0,7,0.08365727913928969
NCL,tb_153_159#1,原有,True,1,153,2025-05-01,149,149,149,0,0,74,6,18.281109489433277,94,2.8097050680829128,-0.602510694191189,7,0,0,0,7,0,7,0,7,0.08365727913928969
MIR,tb_164_166#0,新增,False,2,164,2025-05-16,161,170,169,2,2,111,4,8.688854326714797,116,0.27626276020898693,-0.03301649332281731,3,0,0,0,3,0,3,0,3,0.033997173633039585
MIR,tb_174_178#0,原有,True,2,174,2025-06-02,169,170,169,0,1,111,4,8.688854326714797,116,0.16401982129025078,-0.04868259913626023,4,0,0,1,5,0,0,0,5,0.03170243919174791
MIR,tb_174_178#1,原有,True,1,174,2025-06-02,170,170,170,0,0,111,4,8.688854326714797,116,0.16401982129025078,-0.04868259913626023,4,0,0,1,5,0,0,0,5,0.03170243919174791
MXC,tb_194_196#0,新增,True,1,194,2025-07-01,181,185,185,0,2,161,3,78.55555555555556,108,0.005066912675586603,-0.14650736548134438,0,0,0,3,0,0,0,0,3,0.09867486418595726
MXC,tb_194_196#1,新增,True,1,194,2025-07-01,183,185,185,0,1,161,3,78.55555555555556,108,0.005066912675586603,-0.14650736548134438,0,0,0,3,0,0,0,0,3,0.09867486418595726
MXC,tb_194_196#2,原有,True,1,194,2025-07-01,185,185,185,0,0,161,3,78.55555555555556,108,0.005066912675586603,-0.14650736548134438,0,0,0,3,0,0,0,0,3,0.09867486418595726
NDLS,tb_90_91#0,新增,True,1,90,2025-01-30,82,87,87,0,2,62,4,3.324201961877891,63,0.1797830155681598,-0.3151834322174517,0,0,0,2,0,0,0,0,2,0.15368943191997908
NDLS,tb_90_91#1,新增,True,1,90,2025-01-30,86,87,87,0,1,62,4,3.324201961877891,63,0.1797830155681598,-0.3151834322174517,0,0,0,2,0,0,0,0,2,0.15368943191997908
NDLS,tb_90_91#2,原有,True,1,90,2025-01-30,87,87,87,0,0,62,4,3.324201961877891,63,0.1797830155681598,-0.3151834322174517,0,0,0,2,0,0,0,0,2,0.15368943191997908
NRSN,tb_163_164#0,新增,False,2,163,2025-05-15,160,166,164,2,3,95,5,6.3054286624880485,101,1.0165944113010352,-0.05375179626009513,2,0,0,0,2,0,2,0,2,0.06854545182433036
NRSN,tb_163_164#1,新增,False,2,163,2025-05-15,161,166,164,2,2,95,5,6.3054286624880485,101,1.0165944113010352,-0.05375179626009513,2,0,0,0,2,0,2,0,2,0.06854545182433036
NRSN,tb_169_173#0,原有,True,2,169,2025-05-23,164,166,164,0,1,95,5,6.3054286624880485,101,0.6976534004364691,-0.0415793049805387,5,0,0,0,5,0,5,0,5,0.07451155624553393
NRSN,tb_169_173#1,原有,True,1,169,2025-05-23,166,166,166,0,0,95,5,6.3054286624880485,101,0.6976534004364691,-0.0415793049805387,5,0,0,0,5,0,5,0,5,0.07451155624553393
NMG,tb_260#0,新增,True,1,260,2025-10-03,253,256,256,0,1,44,3,5.501756627275631,181,1.1565836534449279,-0.18149466222365296,1,0,0,0,1,0,1,0,1,0.05749878115835956
NMG,tb_260#1,原有,True,1,260,2025-10-03,256,256,256,0,0,44,3,5.501756627275631,181,1.1565836534449279,-0.18149466222365296,1,0,0,0,1,0,1,0,1,0.05749878115835956
NAUT,tb_259_266#0,新增,False,1,259,2025-10-02,257,259,259,1,1,93,3,3.4889221670036465,63,1.89361895639074,-0.060089680336677734,8,0,0,0,8,0,8,0,8,0.07945155788414243
NAUT,tb_262_264#0,原有,True,1,262,2025-10-07,259,259,259,0,0,93,3,3.4889221670036465,63,1.8570706919136324,-0.07763858971688502,3,0,0,0,3,0,3,0,3,0.07151047908924249
MPU,tb_202_208#0,新增,True,2,202,2025-07-14,193,198,196,0,3,52,4,53.21295202079886,143,1.035835067470846,-0.4314334525798544,6,1,0,0,7,0,5,0,7,0.14963601895642292
MPU,tb_202_208#1,新增,True,2,202,2025-07-14,194,198,196,0,2,52,4,53.21295202079886,143,1.035835067470846,-0.4314334525798544,6,1,0,0,7,0,5,0,7,0.14963601895642292
MPU,tb_202_208#2,原有,True,2,202,2025-07-14,196,198,196,0,1,52,4,53.21295202079886,143,1.035835067470846,-0.4314334525798544,6,1,0,0,7,0,5,0,7,0.14963601895642292
MPU,tb_202_208#3,原有,True,1,202,2025-07-14,198,198,198,0,0,52,4,53.21295202079886,143,1.035835067470846,-0.4314334525798544,6,1,0,0,7,0,5,0,7,0.14963601895642292
NGXXF,tb_173#0,新增,True,1,173,2025-05-30,167,171,171,0,2,121,3,4.4533210640789695,103,0.265529288397113,-0.06824152806822803,1,0,0,0,1,0,1,0,1,0.028161177050616194
NGXXF,tb_173#1,新增,True,1,173,2025-05-30,169,171,171,0,1,121,3,4.4533210640789695,103,0.265529288397113,-0.06824152806822803,1,0,0,0,1,0,1,0,1,0.028161177050616194
NGXXF,tb_173#2,原有,True,1,173,2025-05-30,171,171,171,0,0,121,3,4.4533210640789695,103,0.265529288397113,-0.06824152806822803,1,0,0,0,1,0,1,0,1,0.028161177050616194
NNDM,tb_263_264#0,新增,False,1,263,2025-10-08,261,264,264,2,2,193,3,3.04555123784743,115,0.2163908115181019,-0.17562138239364583,1,1,0,0,2,0,0,0,2,0.04072066427855407
NVX,tb_264#0,新增,False,1,264,2025-10-09,260,265,265,1,2,53,4,44.024479992683915,218,0.7829099136759543,-0.5565819882413937,1,0,0,0,1,0,1,0,1,0.09234109692887207
NVX,tb_264#1,新增,False,1,264,2025-10-09,262,265,265,1,1,53,4,44.024479992683915,218,0.7829099136759543,-0.5565819882413937,1,0,0,0,1,0,1,0,1,0.09234109692887207
NTWK,tb_202_203#0,新增,True,1,202,2025-07-14,193,198,198,0,2,173,3,5.986917887115354,182,0.24357021708711657,0.010989000192372367,1,0,0,1,2,0,1,0,2,0.04328652320034058
NTWK,tb_202_203#1,新增,True,1,202,2025-07-14,196,198,198,0,1,173,3,5.986917887115354,182,0.24357021708711657,0.010989000192372367,1,0,0,1,2,0,1,0,2,0.04328652320034058
NTWK,tb_202_203#2,原有,True,1,202,2025-07-14,198,198,198,0,0,173,3,5.986917887115354,182,0.24357021708711657,0.010989000192372367,1,0,0,1,2,0,1,0,2,0.04328652320034058
NVA,tb_255_257#0,新增,False,1,255,2025-09-26,249,258,258,1,3,72,4,5.743683913148761,184,4.081355588622675,0.027371470461154956,3,0,0,0,3,0,3,0,3,0.05615036611892267
NVA,tb_255_257#1,新增,False,1,255,2025-09-26,250,258,258,1,2,72,4,5.743683913148761,184,4.081355588622675,0.027371470461154956,3,0,0,0,3,0,3,0,3,0.05615036611892267
NVA,tb_255_257#2,新增,False,1,255,2025-09-26,252,258,258,1,1,72,4,5.743683913148761,184,4.081355588622675,0.027371470461154956,3,0,0,0,3,0,3,0,3,0.05615036611892267
NVA,tb_263#0,原有,True,1,263,2025-10-08,258,258,258,0,0,72,4,5.743683913148761,184,2.457943936592409,-0.08028892198344806,1,0,0,0,1,0,1,0,1,0.0736966468238727
NIU,tb_228_234#0,新增,True,1,228,2025-08-19,223,224,224,0,1,59,3,3.2973754440894356,95,0.22958942633032917,-0.12389044645016556,0,0,0,7,6,1,0,0,7,0.05435807820122211
NIU,tb_228_234#1,原有,True,1,228,2025-08-19,224,224,224,0,0,59,3,3.2973754440894356,95,0.22958942633032917,-0.12389044645016556,0,0,0,7,6,1,0,0,7,0.05435807820122211
NXDT,tb_315_319#0,新增,True,1,315,2025-12-22,310,312,312,0,1,99,3,4.846918947803065,62,0.3331981989598868,-0.14405567064559152,0,0,0,5,2,0,0,0,5,0.08510161616788753
NXDT,tb_315_319#1,原有,True,1,315,2025-12-22,312,312,312,0,0,99,3,4.846918947803065,62,0.3331981989598868,-0.14405567064559152,0,0,0,5,2,0,0,0,5,0.08510161616788753
OBIO,tb_274_285#0,新增,True,2,274,2025-10-23,265,269,267,0,2,87,3,3.698067025798485,87,0.4084661697652752,-0.0935760609277193,6,0,0,6,12,0,1,0,12,0.07393762115821627
OBIO,tb_274_286#0,原有,True,2,274,2025-10-23,267,269,267,0,1,87,3,3.698067025798485,87,0.41050112511158415,-0.08770065489201836,7,0,0,6,13,0,1,0,13,0.07393762115821627
OBIO,tb_274_286#1,原有,True,1,274,2025-10-23,269,269,269,0,0,87,3,3.698067025798485,87,0.41050112511158415,-0.08770065489201836,7,0,0,6,13,0,1,0,13,0.07393762115821627
NKTR,tb_193#0,原有,True,1,193,2025-06-30,189,189,189,0,0,169,6,153.59585183393457,168,0.14938082769186756,-0.18653249482823597,0,0,0,1,0,0,0,0,1,0.1483752503020218
NMAD,tb_203_215#1,原有,True,1,203,2025-07-15,200,200,200,0,0,103,3,159.03344823014717,107,0.553303005641686,-0.2288421862573053,0,0,0,13,1,0,0,0,13,0.20223515315698912
NOV,tb_290#0,原有,True,3,290,2025-11-14,284,287,284,0,2,65,4,3.673281804888239,158,0.16439056856764767,-0.0903308708508247,1,0,0,0,1,0,0,0,1,0.03219916357882633
NOV,tb_290#1,原有,True,2,290,2025-11-14,286,287,286,0,1,65,4,3.673281804888239,158,0.16439056856764767,-0.0903308708508247,1,0,0,0,1,0,0,0,1,0.03219916357882633
NOV,tb_290#2,原有,True,1,290,2025-11-14,287,287,287,0,0,65,4,3.673281804888239,158,0.16439056856764767,-0.0903308708508247,1,0,0,0,1,0,0,0,1,0.03219916357882633
NPCE,tb_166_169#0,原有,True,1,166,2025-05-20,162,162,162,0,0,79,3,3.512389763752466,76,-0.01908922361890497,-0.4993853404794037,0,4,0,0,0,4,0,4,4,0.06027316126999392
NXTC,tb_265#0,新增,False,1,265,2025-10-10,261,270,270,1,2,50,5,3.7797250484165734,196,1.3669172248708792,-0.06120301639294423,1,0,0,0,1,0,1,0,1,0.05686039982092769
NXTC,tb_265#1,新增,False,1,265,2025-10-10,263,270,270,1,1,50,5,3.7797250484165734,196,1.3669172248708792,-0.06120301639294423,1,0,0,0,1,0,1,0,1,0.05686039982092769
NYXH,tb_78_79#0,新增,False,1,78,2025-01-13,72,81,81,2,2,52,3,3.0261773386372384,67,0.22788239523064724,-0.009910201379478178,0,0,0,2,2,0,0,0,2,0.05018758746486579
NYXH,tb_86_100#0,新增,True,1,86,2025-01-24,80,81,81,0,1,52,3,3.0261773386372384,67,0.11509734319149742,-0.3554061663716538,0,12,0,3,0,12,0,12,15,0.053183246183758776
NYXH,tb_86_101#0,原有,True,1,86,2025-01-24,81,81,81,0,0,52,3,3.0261773386372384,67,0.11585722663619294,-0.3627516835643766,0,13,0,3,0,13,0,13,16,0.053183246183758776
NVNXF,tb_264#0,新增,False,1,264,2025-10-09,260,265,265,1,1,53,4,17.218644651393706,217,0.7419999837875366,-0.5419999957084656,1,0,0,0,1,0,0,1,1,0.12745409842196226
NVNXF,tb_267_268#0,原有,True,1,267,2025-10-14,265,265,265,0,0,53,4,17.218644651393706,217,-0.033520329036946406,-0.6415213093528198,0,2,0,0,0,2,0,2,2,0.14361573361558982
ONCY,tb_195#0,新增,False,2,195,2025-07-02,193,198,196,2,2,165,6,4.241700944014262,130,0.7088607432578284,-0.025316506313829312,1,0,0,0,1,0,1,0,1,0.1120645376064518
ONCY,tb_201_204#0,原有,True,2,201,2025-07-11,196,198,196,0,1,165,6,4.241700944014262,130,0.19260106316180725,-0.3268506457782361,0,0,0,4,0,2,0,0,4,0.1233107716107561
ONCY,tb_201_204#1,原有,True,1,201,2025-07-11,198,198,198,0,0,165,6,4.241700944014262,130,0.19260106316180725,-0.3268506457782361,0,0,0,4,0,2,0,0,4,0.1233107716107561
ORIO,tb_164_170#0,原有,True,1,164,2025-05-16,161,161,161,0,0,134,4,1774.1134653507556,87,1.8027997539504201,-0.15842827299585988,7,0,0,0,7,0,7,0,7,0.11834609953471523
ORMP,tb_254_255#0,新增,False,1,254,2025-09-25,251,256,256,1,1,229,3,4.800257229713929,140,0.13513997812143297,-0.13097348373748585,0,0,0,2,1,1,0,0,2,0.03204482395154967
ORMP,tb_261_262#0,原有,True,1,261,2025-10-06,256,256,256,0,0,229,3,4.800257229713929,140,0.21302662812768147,-0.15209850597081287,0,0,0,2,0,0,0,0,2,0.055423495061301634
OSCR,tb_159#0,新增,False,1,159,2025-05-09,157,164,164,1,1,137,3,5.8552072755677065,60,0.3313851475179721,-0.20689659785199777,0,1,0,0,0,1,1,0,1,0.04921327970119703
NTLA,tb_253#0,原有,True,4,253,2025-09-24,251,271,251,3,3,41,6,3.573059492538175,242,0.5906531326536255,-0.5382883049781692,1,0,0,0,1,0,1,0,1,0.05719942685456991
NTLA,tb_261_262#0,原有,True,3,261,2025-10-06,258,271,258,2,2,41,6,3.573059492538175,242,0.3787294886181384,-0.6120035691489408,2,0,0,0,2,0,0,2,2,0.07316934128554933
NTLA,tb_267_270#0,原有,True,2,267,2025-10-14,263,271,263,1,1,41,6,3.573059492538175,242,0.13674421869295994,-0.6801020771046982,0,4,0,0,0,4,0,4,4,0.08673181503068172
NTLA,tb_274_275#0,原有,True,1,274,2025-10-23,271,271,271,0,0,41,6,3.573059492538175,242,-0.16375297162729668,-0.6911923855207984,0,2,0,0,0,2,0,2,2,0.08819963427646113
PBK,tb_104_107#0,新增,True,1,104,2025-02-20,91,97,97,0,2,71,3,33.3585,90,0.17106716439449676,-0.5125227656839839,0,4,0,0,0,4,0,4,4,0.13387997480764602
PBK,tb_104_107#1,新增,True,1,104,2025-02-20,93,97,97,0,1,71,3,33.3585,90,0.17106716439449676,-0.5125227656839839,0,4,0,0,0,4,0,4,4,0.13387997480764602
PBK,tb_104_107#2,原有,True,1,104,2025-02-20,97,97,97,0,0,71,3,33.3585,90,0.17106716439449676,-0.5125227656839839,0,4,0,0,0,4,0,4,4,0.13387997480764602
PBK,tb_230_231#0,新增,False,1,230,2025-08-21,223,232,232,1,3,126,4,4.630927483623699,81,0.11430206670382914,-0.3620074155620792,0,2,0,0,0,2,0,2,2,0.07439984251992848
PBK,tb_230_231#1,新增,False,1,230,2025-08-21,224,232,232,1,2,126,4,4.630927483623699,81,0.11430206670382914,-0.3620074155620792,0,2,0,0,0,2,0,2,2,0.07439984251992848
PBK,tb_230_231#2,新增,False,1,230,2025-08-21,227,232,232,1,1,126,4,4.630927483623699,81,0.11430206670382914,-0.3620074155620792,0,2,0,0,0,2,0,2,2,0.07439984251992848
PBK,tb_239_245#0,原有,True,1,239,2025-09-04,232,232,232,0,0,126,4,4.630927483623699,81,0.2514379745342074,-0.22251082352950682,0,0,0,7,0,0,0,0,7,0.10695669886409902
PACB,tb_278#0,新增,False,1,278,2025-10-29,276,280,280,1,1,62,3,3.0201328535271212,204,0.35820897115740125,-0.24378110042866707,0,0,0,1,0,1,0,0,1,0.07930319609763722
OSS,tb_178_180#0,新增,False,1,178,2025-06-06,176,184,184,3,3,79,3,12.520369821495157,79,0.9835516550021367,-0.0175586527342787,3,0,0,0,3,0,3,0,3,0.0711719886432853
OSS,tb_180#0,新增,False,1,180,2025-06-10,178,184,184,2,2,79,3,12.520369821495157,79,0.9814241664318157,0.049535629995625774,1,0,0,0,1,0,1,0,1,0.06742261468972235
OSS,tb_190_191#0,新增,True,1,190,2025-06-25,181,184,184,0,1,79,3,12.520369821495157,79,0.6452877382664863,-0.11051631994734146,2,0,0,0,2,0,2,0,2,0.09814887219365953
OSS,tb_190_191#1,原有,True,1,190,2025-06-25,184,184,184,0,0,79,3,12.520369821495157,79,0.6452877382664863,-0.11051631994734146,2,0,0,0,2,0,2,0,2,0.09814887219365953
PONY,tb_203_208#0,新增,False,2,203,2025-09-23,197,210,204,2,2,145,5,3.4918752552371015,154,0.14494808590206867,-0.4913540589048957,0,6,0,0,0,6,0,6,6,0.05139193241570353
PONY,tb_207_209#0,原有,True,2,207,2025-09-29,204,210,204,1,1,145,5,3.4918752552371015,154,0.09580532154495806,-0.5390318245097069,0,3,0,0,0,3,0,3,3,0.06385022023496056
PONY,tb_214_215#0,原有,True,1,214,2025-10-08,210,210,210,0,0,145,5,3.4918752552371015,154,0.03443530139690776,-0.5408981933084156,0,2,0,0,0,2,0,2,2,0.07381124800492664
OPTT,tb_209#0,原有,True,1,209,2025-07-23,205,205,205,0,0,50,3,6.75518837495908,84,0.011904821881092875,-0.4404761744261865,0,1,0,0,0,1,0,1,1,0.08248294571637815
OMER,tb_271#0,原有,True,1,271,2025-10-20,268,268,268,0,0,49,4,111.58038632734431,163,0.41939394401781493,-0.24363639137961646,0,1,0,0,0,1,1,0,1,0.06117813178028127
OMEX,tb_151_152#0,原有,True,2,151,2025-04-29,148,149,148,0,1,123,4,484.9247856573856,98,0.08296142374246207,-0.4870182461429618,0,0,0,2,0,2,0,0,2,0.21800765338610054
OMEX,tb_151_152#1,原有,True,1,151,2025-04-29,149,149,149,0,0,123,4,484.9247856573856,98,0.08296142374246207,-0.4870182461429618,0,0,0,2,0,2,0,0,2,0.21800765338610054
PCSA,tb_268#0,新增,True,1,268,2025-10-15,261,262,262,0,1,90,5,38.74619819704667,63,0.058536622582412434,-0.42926830198706645,0,1,0,0,0,1,0,1,1,0.10615856473038837
PCSA,tb_268#1,原有,True,1,268,2025-10-15,262,262,262,0,0,90,5,38.74619819704667,63,0.058536622582412434,-0.42926830198706645,0,1,0,0,0,1,0,1,1,0.10615856473038837
PATH,tb_266#0,新增,True,1,266,2025-10-13,263,264,264,0,1,114,4,6.087619339380462,208,0.15752630449742577,-0.2791715296268896,0,1,0,0,0,1,0,1,1,0.04892467877957018
PATH,tb_266#1,原有,True,1,266,2025-10-13,264,264,264,0,0,114,4,6.087619339380462,208,0.15752630449742577,-0.2791715296268896,0,1,0,0,0,1,0,1,1,0.04892467877957018
PAYS,tb_160#0,新增,False,1,160,2025-05-12,158,171,171,3,3,135,9,5.325170742526142,152,1.9050845953555902,-0.016949136104436047,1,0,0,0,1,0,1,0,1,0.05534425112857948
PAYS,tb_165#0,新增,False,1,165,2025-05-19,162,171,171,1,2,135,9,5.325170742526142,152,1.3608813841991148,-0.08815431448289701,1,0,0,0,1,0,1,0,1,0.06608717533962896
PAYS,tb_165#1,新增,False,1,165,2025-05-19,163,171,171,1,1,135,9,5.325170742526142,152,1.3608813841991148,-0.08815431448289701,1,0,0,0,1,0,1,0,1,0.06608717533962896
PAYS,tb_173#0,原有,True,1,173,2025-05-30,171,171,171,0,0,135,9,5.325170742526142,152,0.9955057292254901,-0.05393253514718621,1,0,0,0,1,0,1,0,1,0.07550296399043399
PALI,tb_211#0,原有,True,1,211,2025-07-25,209,209,209,0,0,57,4,35.93744305089759,91,0.6379310610603359,-0.5431034597928122,0,0,1,0,0,1,0,0,1,0.0540639144018539
PPIH,tb_190_202#0,原有,True,2,190,2025-06-25,183,184,183,0,1,131,5,13.621355171874184,130,0.37801894104515615,-0.10622276011875774,13,0,0,0,13,0,5,0,13,0.047945191162705326
PPIH,tb_190_202#1,原有,True,1,190,2025-06-25,184,184,184,0,0,131,5,13.621355171874184,130,0.37801894104515615,-0.10622276011875774,13,0,0,0,13,0,5,0,13,0.047945191162705326
PLBY,tb_302#0,新增,False,2,302,2025-12-03,296,305,303,2,2,87,6,9.470082141226722,214,0.3675675344780647,-0.19999999999999996,1,0,0,0,1,0,0,0,1,0.06409601670640333
PLBY,tb_308#0,原有,True,2,308,2025-12-11,303,305,303,0,1,87,6,9.470082141226722,214,0.14253396008290498,-0.3371040687370461,0,1,0,0,0,1,0,1,1,0.0790865336530612
PLBY,tb_308#1,原有,True,1,308,2025-12-11,305,305,305,0,0,87,6,9.470082141226722,214,0.14253396008290498,-0.3371040687370461,0,1,0,0,0,1,0,1,1,0.0790865336530612
QNME,tb_241_243#0,原有,True,1,241,2025-09-08,236,236,236,0,0,190,4,355.66363636363633,65,0.42014478528826965,-0.1293159917348552,3,0,0,0,3,0,3,0,3,0.06453484882529643
PEPG,tb_249_252#0,原有,True,2,249,2025-09-18,247,254,247,1,1,221,6,129.23774620727653,185,2.176717977405804,-0.05075549264203502,4,0,0,0,4,0,4,0,4,0.0915549256919613
PEPG,tb_258_265#0,原有,True,1,258,2025-10-01,254,254,254,0,0,221,6,129.23774620727653,185,0.35118141582726564,-0.1770347375119225,0,0,0,8,0,0,0,0,8,0.14374607342195056
PHAT,tb_180_181#0,新增,True,3,180,2025-06-10,174,183,178,2,3,154,8,32.73740424263791,137,0.2526563013769262,-0.15490116610001753,0,0,0,2,0,0,0,0,2,0.09505778313355019
PHAT,tb_180_181#1,原有,True,3,180,2025-06-10,178,183,178,2,2,154,8,32.73740424263791,137,0.2526563013769262,-0.15490116610001753,0,0,0,2,0,0,0,0,2,0.09505778313355019
PHAT,tb_186#0,原有,True,2,186,2025-06-18,182,183,182,0,1,154,8,32.73740424263791,137,0.028440406464757206,-0.3018348257024511,0,0,0,1,0,1,0,0,1,0.08995108060620491
PHAT,tb_186#1,原有,True,1,186,2025-06-18,183,183,183,0,0,154,8,32.73740424263791,137,0.028440406464757206,-0.3018348257024511,0,0,0,1,0,1,0,0,1,0.08995108060620491
QZMRF,tb_146_147#0,新增,False,1,146,2025-04-22,142,148,148,1,2,41,4,3.0574916606648723,127,0.06314928952323762,-0.3693182007854949,0,2,0,0,1,1,0,2,2,0.009090900224102623
QZMRF,tb_146_147#1,新增,False,1,146,2025-04-22,144,148,148,1,1,41,4,3.0574916606648723,127,0.06314928952323762,-0.3693182007854949,0,2,0,0,1,1,0,2,2,0.009090900224102623
PRE,tb_255_257#0,新增,True,1,255,2025-09-26,248,251,251,0,1,77,3,4.790721237168378,83,0.3691947884104106,-0.1350250886671737,0,0,0,3,2,0,0,0,3,0.08782224579658648
PRE,tb_255_257#1,原有,True,1,255,2025-09-26,251,251,251,0,0,77,3,4.790721237168378,83,0.3691947884104106,-0.1350250886671737,0,0,0,3,2,0,0,0,3,0.08782224579658648
REEMF,tb_88#0,原有,True,1,88,2025-01-28,85,85,85,0,0,65,3,3.2901783963928644,73,1.2115384968074836,0.0,1,0,0,0,1,0,1,0,1,0.0733452535847332
REEMF,tb_270_271#0,原有,True,1,270,2025-10-17,265,265,265,0,0,43,3,5.395664183251242,121,0.06916890303813872,-0.4067836772941021,0,2,0,0,0,2,0,0,2,0.11904767367061589
RENT,tb_300#0,新增,False,1,300,2025-12-01,297,311,311,2,2,56,4,11.10157848582286,67,1.0800822079029642,-0.06960980620044976,1,0,0,0,1,0,1,0,1,0.05560237159360026
RENT,tb_316_320#0,新增,True,1,316,2025-12-23,305,311,311,0,1,56,4,11.10157848582286,67,0.19841167977728924,-0.32922070690975447,0,5,0,0,0,5,0,1,5,0.08401242938072523
RENT,tb_316_320#1,原有,True,1,316,2025-12-23,311,311,311,0,0,56,4,11.10157848582286,67,0.19841167977728924,-0.32922070690975447,0,5,0,0,0,5,0,1,5,0.08401242938072523
RAIL,tb_319#0,原有,True,1,319,2025-12-29,316,316,316,0,0,119,3,4.660485157995532,65,0.2800686579942935,-0.10309284600904922,1,0,0,0,1,0,1,0,1,0.04374251601089239
RGS,tb_248_249#0,新增,True,1,248,2025-09-17,241,246,246,0,3,71,6,4.477300751036879,240,0.10623359453094727,-0.06935903952158406,0,0,0,2,0,0,0,0,2,0.06153847093892936
RGS,tb_248_249#1,新增,True,1,248,2025-09-17,243,246,246,0,2,71,6,4.477300751036879,240,0.10623359453094727,-0.06935903952158406,0,0,0,2,0,0,0,0,2,0.06153847093892936
RGS,tb_248_249#2,新增,True,1,248,2025-09-17,244,246,246,0,1,71,6,4.477300751036879,240,0.10623359453094727,-0.06935903952158406,0,0,0,2,0,0,0,0,2,0.06153847093892936
RGS,tb_248_249#3,原有,True,1,248,2025-09-17,246,246,246,0,0,71,6,4.477300751036879,240,0.10623359453094727,-0.06935903952158406,0,0,0,2,0,0,0,0,2,0.06153847093892936
RGTI,tb_164_166#0,新增,False,1,164,2025-05-16,160,168,168,1,1,107,3,3.338161761146991,63,0.43496193992944204,-0.1373119809718296,2,0,0,1,3,0,0,0,3,0.07786975889639311
RGTI,tb_174#0,原有,True,1,174,2025-06-02,168,168,168,0,0,107,3,3.338161761146991,63,0.4184338552197955,-0.1598694944172716,0,0,0,1,0,0,0,0,1,0.11184194169606318
PYPD,tb_180_185#0,新增,False,2,180,2025-06-10,178,184,180,2,3,158,3,649.5734565548781,97,0.1178023014473382,-0.12233940780261864,0,0,0,6,0,0,0,0,6,0.09014442107044618
PYPD,tb_184_185#0,新增,True,2,184,2025-06-16,179,184,180,1,2,158,3,649.5734565548781,97,0.08652192755570742,-0.1468997002965034,0,0,0,2,0,0,0,0,2,0.08030540334559472
PYPD,tb_184_185#1,原有,True,2,184,2025-06-16,180,184,180,1,1,158,3,649.5734565548781,97,0.08652192755570742,-0.1468997002965034,0,0,0,2,0,0,0,0,2,0.08030540334559472
PYPD,tb_190_191#0,原有,True,1,190,2025-06-25,184,184,184,0,0,158,3,649.5734565548781,97,0.06881669196922935,-0.1608012529500471,0,0,0,2,0,0,0,0,2,0.0798799574535391
PYPD,tb_307_308#0,原有,True,1,307,2025-12-10,305,305,305,0,0,95,3,4.992404606820077,126,0.28162000225933126,-0.026269129947120662,2,0,0,0,2,0,2,0,2,0.033467228382442836
RERE,tb_194_196#0,新增,False,1,194,2025-07-01,189,197,197,1,1,76,3,5.901066666666667,141,0.42949557420488027,-0.10982722988248954,3,0,0,0,3,0,3,0,3,0.05550985517404461
RERE,tb_200#0,原有,True,1,200,2025-07-10,197,197,197,0,0,76,3,5.901066666666667,141,0.3396738053092858,-0.16576087128541594,1,0,0,0,1,0,0,0,1,0.06457681058999712
QTTB,tb_271#0,新增,True,1,271,2025-10-20,261,266,266,0,1,58,3,4.108929341188303,66,0.9129129223732,-0.42792792341279096,0,1,0,0,0,1,0,1,1,0.07607610357131472
QTTB,tb_271#1,原有,True,1,271,2025-10-20,266,266,266,0,0,58,3,4.108929341188303,66,0.9129129223732,-0.42792792341279096,0,1,0,0,0,1,0,1,1,0.07607610357131472
QUBT,tb_252_254#0,新增,True,1,252,2025-09-23,248,250,250,0,1,68,4,5.06002988716077,66,0.223231728002837,-0.5483889098462038,0,3,0,0,0,3,0,3,3,0.06803137885755667
QUBT,tb_252_254#1,原有,True,1,252,2025-09-23,250,250,250,0,0,68,4,5.06002988716077,66,0.223231728002837,-0.5483889098462038,0,3,0,0,0,3,0,3,3,0.06803137885755667
PSRHF,tb_270_276#0,原有,True,1,270,2025-10-17,266,266,266,0,0,93,6,18.77270686896509,198,0.04108678367576663,-0.4705906341146112,0,7,0,0,0,7,0,5,7,0.12383303056961154
RSSS,tb_240#0,新增,True,1,240,2025-09-05,237,238,238,0,1,70,3,3.021097302212792,78,0.24096384590432418,-0.06626507019093375,1,0,0,0,1,0,0,0,1,0.04745295385264217
RSSS,tb_240#1,原有,True,1,240,2025-09-05,238,238,238,0,0,70,3,3.021097302212792,78,0.24096384590432418,-0.06626507019093375,1,0,0,0,1,0,0,0,1,0.04745295385264217
PTN,tb_299_303#0,新增,True,3,299,2025-11-28,291,295,292,0,3,82,4,70.14973262032085,85,0.5881260892288616,-0.29097853815302405,1,0,0,4,1,0,0,0,5,0.1491546310219935
PTN,tb_299_303#1,原有,True,3,299,2025-11-28,292,295,292,0,2,82,4,70.14973262032085,85,0.5881260892288616,-0.29097853815302405,1,0,0,4,1,0,0,0,5,0.1491546310219935
PTN,tb_299_303#2,原有,True,2,299,2025-11-28,294,295,294,0,1,82,4,70.14973262032085,85,0.5881260892288616,-0.29097853815302405,1,0,0,4,1,0,0,0,5,0.1491546310219935
PTN,tb_299_303#3,原有,True,1,299,2025-11-28,295,295,295,0,0,82,4,70.14973262032085,85,0.5881260892288616,-0.29097853815302405,1,0,0,4,1,0,0,0,5,0.1491546310219935
PUMP,tb_281#0,新增,True,1,281,2025-11-03,276,278,278,0,1,89,5,9.454508295601212,173,0.06392692433408498,-0.19726026347365466,0,0,0,1,0,0,0,0,1,0.06562408313253923
PUMP,tb_281#1,原有,True,1,281,2025-11-03,278,278,278,0,0,89,5,9.454508295601212,173,0.06392692433408498,-0.19726026347365466,0,0,0,1,0,0,0,0,1,0.06562408313253923
RKDA,tb_270#0,原有,True,1,270,2025-10-17,268,268,268,0,0,85,5,766.3165128607893,184,-0.045802906322469084,-0.3642335847721184,0,1,0,0,0,1,0,1,1,0.07332426639211126
RUN,tb_166#0,新增,True,2,166,2025-05-20,158,162,160,0,3,130,6,3.4276910829723186,113,-0.0025996302487313327,-0.5337954824761517,0,1,0,0,0,1,0,1,1,0.06967972700298672
RUN,tb_166#1,新增,True,2,166,2025-05-20,159,162,160,0,2,130,6,3.4276910829723186,113,-0.0025996302487313327,-0.5337954824761517,0,1,0,0,0,1,0,1,1,0.06967972700298672
RUN,tb_166#2,原有,True,2,166,2025-05-20,160,162,160,0,1,130,6,3.4276910829723186,113,-0.0025996302487313327,-0.5337954824761517,0,1,0,0,0,1,0,1,1,0.06967972700298672
RUN,tb_166#3,原有,True,1,166,2025-05-20,162,162,162,0,0,130,6,3.4276910829723186,113,-0.0025996302487313327,-0.5337954824761517,0,1,0,0,0,1,0,1,1,0.06967972700298672
SBFM,tb_274_277#0,新增,True,1,274,2025-10-23,267,268,268,0,1,82,3,12.455017301038062,87,0.085315801000512,-0.3355081452964894,0,4,0,0,0,4,0,4,4,0.056474929047325866
SBFM,tb_274_277#1,原有,True,1,274,2025-10-23,268,268,268,0,0,82,3,12.455017301038062,87,0.085315801000512,-0.3355081452964894,0,4,0,0,0,4,0,4,4,0.056474929047325866
SBGI,tb_288#0,新增,True,3,288,2025-11-12,284,291,287,2,3,227,4,3.2317205345228324,217,0.07322924134518516,-0.13087089484769987,0,0,0,1,0,1,0,0,1,0.03160041035469778
RMCO,tb_147_149#0,新增,False,1,147,2025-04-23,143,148,148,1,1,115,3,10.208882907133244,84,0.04861943212270314,-0.21877138632212764,0,0,0,3,0,0,0,0,3,0.0771635629326191
SDEV,tb_317_319#0,新增,True,1,317,2025-12-24,305,311,311,0,2,76,3,4.868519031621238,72,3.139446820780689,-0.9381483199831654,3,0,0,0,3,0,3,0,3,0.16738242808271792
SDEV,tb_317_319#1,新增,True,1,317,2025-12-24,306,311,311,0,1,76,3,4.868519031621238,72,3.139446820780689,-0.9381483199831654,3,0,0,0,3,0,3,0,3,0.16738242808271792
SDEV,tb_317_319#2,原有,True,1,317,2025-12-24,311,311,311,0,0,76,3,4.868519031621238,72,3.139446820780689,-0.9381483199831654,3,0,0,0,3,0,3,0,3,0.16738242808271792
SDST,tb_270_271#0,新增,True,1,270,2025-10-17,266,267,267,0,1,105,5,12.342999707819995,93,0.02278863321617297,-0.4215418327956805,0,2,0,0,0,2,0,1,2,0.11813543419944002
SDST,tb_270_271#1,原有,True,1,270,2025-10-17,267,267,267,0,0,105,5,12.342999707819995,93,0.02278863321617297,-0.4215418327956805,0,2,0,0,0,2,0,1,2,0.11813543419944002
SCTSF,tb_226_230#0,新增,False,1,226,2025-08-15,224,231,231,1,1,116,3,5.155959447391921,185,0.7511827018334232,-0.013397159294080719,5,0,0,0,5,0,5,0,5,0.0434227707378009
SCTSF,tb_246_247#0,原有,True,1,246,2025-09-15,231,231,231,0,0,116,3,5.155959447391921,185,0.08322654329606283,-0.16403164160925027,0,0,0,2,0,0,0,0,2,0.05672024640811963
RKTO,tb_245#0,新增,False,1,245,2025-09-12,243,246,246,1,1,65,3,3.174269007901052,69,0.32187498626299216,-0.2625000437721604,1,0,0,0,1,0,1,0,1,0.05299385430218684
RKTO,tb_249_251#0,原有,True,1,249,2025-09-18,246,246,246,0,0,65,3,3.174269007901052,69,0.12225624144703133,-0.39371680803511544,0,3,0,0,0,3,0,3,3,0.07739175080468905
SLN,tb_274_275#0,新增,True,1,274,2025-10-23,267,271,271,0,3,68,5,3.008066588900532,68,0.06530466255956036,-0.20273971018887876,0,0,0,2,0,0,0,0,2,0.08361125332308308
SLN,tb_274_275#1,新增,True,1,274,2025-10-23,268,271,271,0,2,68,5,3.008066588900532,68,0.06530466255956036,-0.20273971018887876,0,0,0,2,0,0,0,0,2,0.08361125332308308
SLN,tb_274_275#2,新增,True,1,274,2025-10-23,269,271,271,0,1,68,5,3.008066588900532,68,0.06530466255956036,-0.20273971018887876,0,0,0,2,0,0,0,0,2,0.08361125332308308
SLN,tb_274_275#3,原有,True,1,274,2025-10-23,271,271,271,0,0,68,5,3.008066588900532,68,0.06530466255956036,-0.20273971018887876,0,0,0,2,0,0,0,0,2,0.08361125332308308
SIFY,tb_99#0,新增,False,1,99,2025-02-12,94,102,102,1,2,74,3,3.6159199895508745,79,0.4098764862307096,-0.13580250983520747,1,0,0,0,1,0,0,0,1,0.07598274343251112
SIFY,tb_99#1,新增,False,1,99,2025-02-12,96,102,102,1,1,74,3,3.6159199895508745,79,0.4098764862307096,-0.13580250983520747,1,0,0,0,1,0,0,0,1,0.07598274343251112
SIFY,tb_108_122#0,原有,True,1,108,2025-02-26,102,102,102,0,0,74,3,3.6159199895508745,79,0.05183318054223109,-0.25887418842071536,0,0,0,15,0,11,0,0,15,0.0847228349891958
RILY,tb_110#0,新增,False,1,110,2025-02-28,108,110,110,1,1,88,4,14.322821227178293,61,0.07824726298077267,-0.5821596037430896,0,1,0,0,0,1,0,1,1,0.09799123718896788
SNOA,tb_123_125#0,原有,True,1,123,2025-03-19,121,121,121,0,0,97,3,72.61944420384967,78,0.22570732404346452,-0.5011656460625673,0,3,0,0,0,3,0,3,3,0.09411819059163945
SNT,tb_179#0,原有,True,1,179,2025-06-09,173,173,173,0,0,60,4,6.9366889500589854,85,0.3090909316097836,-0.03636360258532445,1,0,0,0,1,0,0,0,1,0.057389282212953405
SPPL,tb_247_248#0,新增,False,1,247,2025-09-16,243,252,252,1,3,43,5,5.7735950044603035,154,0.5320881443103854,0.006357760447898042,2,0,0,0,2,0,2,0,2,0.071387035958734
SPPL,tb_247_248#1,新增,False,1,247,2025-09-16,244,252,252,1,2,43,5,5.7735950044603035,154,0.5320881443103854,0.006357760447898042,2,0,0,0,2,0,2,0,2,0.071387035958734
SPPL,tb_247_248#2,新增,False,1,247,2025-09-16,245,252,252,1,1,43,5,5.7735950044603035,154,0.5320881443103854,0.006357760447898042,2,0,0,0,2,0,2,0,2,0.071387035958734
SPPL,tb_258#0,原有,True,1,258,2025-10-01,252,252,252,0,0,43,5,5.7735950044603035,154,0.18443319470899544,-0.38917089876464483,0,1,0,0,0,1,0,1,1,0.07988245367622214
SMR,tb_165#0,新增,False,2,165,2025-05-19,161,170,169,2,2,78,4,6.048026929402253,120,1.0093800790351741,-0.08156606699274138,1,0,0,0,1,0,1,0,1,0.07295218411664643
SMTOY,tb_178_180#0,新增,True,1,178,2025-06-06,168,174,174,0,2,128,3,5.174223647762064,88,0.3013851318606131,-0.0833100841922166,3,0,0,0,0,3,3,0,3,0.020685775329956444
SMTOY,tb_178_180#1,新增,True,1,178,2025-06-06,169,174,174,0,1,128,3,5.174223647762064,88,0.3013851318606131,-0.0833100841922166,3,0,0,0,0,3,3,0,3,0.020685775329956444
SMTOY,tb_178_180#2,原有,True,1,178,2025-06-06,174,174,174,0,0,128,3,5.174223647762064,88,0.3013851318606131,-0.0833100841922166,3,0,0,0,0,3,3,0,3,0.020685775329956444
SNDX,tb_229_239#0,原有,True,1,229,2025-08-20,225,225,225,0,0,123,3,4.042019824384485,100,0.0732986412177131,-0.15093111233765213,0,1,0,10,0,5,0,0,11,0.055699948043535896
SNES,tb_195_201#0,新增,True,2,195,2025-07-02,183,193,186,0,3,123,4,21.957918406681657,133,0.23095817013540287,-0.15154624526991406,0,0,0,7,0,0,0,0,7,0.0884372796210765
SNES,tb_195_201#1,新增,True,2,195,2025-07-02,185,193,186,0,2,123,4,21.957918406681657,133,0.23095817013540287,-0.15154624526991406,0,0,0,7,0,0,0,0,7,0.0884372796210765
SNES,tb_195_201#2,原有,True,2,195,2025-07-02,186,193,186,0,1,123,4,21.957918406681657,133,0.23095817013540287,-0.15154624526991406,0,0,0,7,0,0,0,0,7,0.0884372796210765
SNES,tb_195_201#3,原有,True,1,195,2025-07-02,193,193,193,0,0,123,4,21.957918406681657,133,0.23095817013540287,-0.15154624526991406,0,0,0,7,0,0,0,0,7,0.0884372796210765
SGMT,tb_186#0,新增,True,2,186,2025-06-18,177,182,178,0,2,103,4,8.821864256107618,108,0.620738623471361,0.019886344779005638,1,0,0,0,1,0,0,0,1,0.10835055943534794
SGMT,tb_186#1,原有,True,2,186,2025-06-18,178,182,178,0,1,103,4,8.821864256107618,108,0.620738623471361,0.019886344779005638,1,0,0,0,1,0,0,0,1,0.10835055943534794
SGMT,tb_186#2,原有,True,1,186,2025-06-18,182,182,182,0,0,103,4,8.821864256107618,108,0.620738623471361,0.019886344779005638,1,0,0,0,1,0,0,0,1,0.10835055943534794
SPCE,tb_169#0,原有,True,1,169,2025-05-23,164,164,164,0,0,138,3,57.591442659349966,61,0.2446236771053627,-0.27956988006840566,0,0,0,1,0,1,0,0,1,0.07888197195643373
SSGC,tb_184_187#0,新增,True,1,184,2025-06-16,174,176,176,0,2,95,4,7.356208024797658,90,0.04908069854249719,-0.7288659608192158,0,4,0,0,0,4,0,4,4,0.17817696360724544
SSGC,tb_184_187#1,新增,True,1,184,2025-06-16,175,176,176,0,1,95,4,7.356208024797658,90,0.04908069854249719,-0.7288659608192158,0,4,0,0,0,4,0,4,4,0.17817696360724544
SSGC,tb_184_187#2,原有,True,1,184,2025-06-16,176,176,176,0,0,95,4,7.356208024797658,90,0.04908069854249719,-0.7288659608192158,0,4,0,0,0,4,0,4,4,0.17817696360724544
SSP,tb_295#0,新增,True,1,295,2025-11-21,285,291,291,0,3,85,5,18.022410399786633,91,0.6076215588845584,-0.07524251744032118,1,0,0,0,1,0,1,0,1,0.08193852427427888
SSP,tb_295#1,新增,True,1,295,2025-11-21,287,291,291,0,2,85,5,18.022410399786633,91,0.6076215588845584,-0.07524251744032118,1,0,0,0,1,0,1,0,1,0.08193852427427888
SSP,tb_295#2,新增,True,1,295,2025-11-21,288,291,291,0,1,85,5,18.022410399786633,91,0.6076215588845584,-0.07524251744032118,1,0,0,0,1,0,1,0,1,0.08193852427427888
SSP,tb_295#3,原有,True,1,295,2025-11-21,291,291,291,0,0,85,5,18.022410399786633,91,0.6076215588845584,-0.07524251744032118,1,0,0,0,1,0,1,0,1,0.08193852427427888
SHIM,tb_321_322#0,原有,True,5,321,2025-12-31,318,342,318,4,4,78,7,5.973053892215569,282,0.5321917329502959,-0.017123352543991444,1,0,0,0,1,0,1,0,1,0.06526691434228406
TBLA,tb_292_303#0,新增,True,1,292,2025-11-18,283,287,287,0,2,112,3,5.580790862701712,186,0.16032363785654782,-0.035795770117912545,2,0,0,10,12,0,0,0,12,0.039458604181433876
TBLA,tb_292_306#0,新增,True,1,292,2025-11-18,286,287,287,0,1,112,3,5.580790862701712,186,0.1572486562049934,-0.05055099470362683,4,1,0,10,14,1,0,1,15,0.039458604181433876
TBLA,tb_292_307#0,原有,True,1,292,2025-11-18,287,287,287,0,0,112,3,5.580790862701712,186,0.1562658196223381,-0.05760347664127996,4,2,0,10,15,1,0,2,16,0.039458604181433876
STEX,tb_152#0,新增,False,4,152,2025-04-30,148,161,158,5,5,116,6,8.406085066749457,123,7.543689742885231,0.0,1,0,0,0,1,0,1,0,1,0.16158329706124414
STEX,tb_157#0,新增,False,4,157,2025-05-07,154,161,158,4,4,116,6,8.406085066749457,123,7.6938772001614755,-0.006802714468455484,1,0,0,0,1,0,1,0,1,0.1700954095121412
STEX,tb_164_166#0,原有,True,4,164,2025-05-16,158,161,158,0,3,116,6,8.406085066749457,123,3.9922731586391627,-0.025225808006480777,3,0,0,0,3,0,3,0,3,0.19678880400093002
STEX,tb_164_166#1,原有,True,3,164,2025-05-16,159,161,159,0,2,116,6,8.406085066749457,123,3.9922731586391627,-0.025225808006480777,3,0,0,0,3,0,3,0,3,0.19678880400093002
STEX,tb_164_166#2,原有,True,2,164,2025-05-16,160,161,160,0,1,116,6,8.406085066749457,123,3.9922731586391627,-0.025225808006480777,3,0,0,0,3,0,3,0,3,0.19678880400093002
STEX,tb_164_166#3,原有,True,1,164,2025-05-16,161,161,161,0,0,116,6,8.406085066749457,123,3.9922731586391627,-0.025225808006480777,3,0,0,0,3,0,3,0,3,0.19678880400093002
SLNH,tb_258_259#0,新增,True,1,258,2025-10-01,243,253,253,0,2,42,3,24.534985217825035,167,1.0522968034158284,-0.43701585613229293,0,0,0,2,2,0,0,0,2,0.23226255164352527
SLNH,tb_258_259#1,新增,True,1,258,2025-10-01,251,253,253,0,1,42,3,24.534985217825035,167,1.0522968034158284,-0.43701585613229293,0,0,0,2,2,0,0,0,2,0.23226255164352527
SLNH,tb_258_259#2,原有,True,1,258,2025-10-01,253,253,253,0,0,42,3,24.534985217825035,167,1.0522968034158284,-0.43701585613229293,0,0,0,2,2,0,0,0,2,0.23226255164352527
SLNHP,tb_250#0,新增,True,1,250,2025-09-19,247,248,248,0,1,46,5,22.936217240290496,123,0.9379845534327471,-0.051937991946257145,1,0,0,0,1,0,1,0,1,0.13961940554279473
SLNHP,tb_250#1,原有,True,1,250,2025-09-19,248,248,248,0,0,46,5,22.936217240290496,123,0.9379845534327471,-0.051937991946257145,1,0,0,0,1,0,1,0,1,0.13961940554279473
SPWR,tb_150_151#0,原有,True,2,150,2025-04-28,147,150,147,1,1,122,4,4.247798892474404,75,0.06633533853636386,-0.41225606254847635,0,2,0,0,0,2,0,0,2,0.12801991717297279
SPWR,tb_153_154#0,原有,True,1,153,2025-05-01,150,150,150,0,0,122,4,4.247798892474404,75,0.12760726620448493,-0.3784841310355095,0,0,0,2,0,2,0,0,2,0.1291784660805898
SYRE,tb_274_275#0,新增,True,2,274,2025-10-23,263,268,264,0,2,88,6,9.16041291253985,153,0.5446823586158959,-0.07498419966817621,2,0,0,0,2,0,2,0,2,0.05751014275745865
SYRE,tb_274_275#1,原有,True,2,274,2025-10-23,264,268,264,0,1,88,6,9.16041291253985,153,0.5446823586158959,-0.07498419966817621,2,0,0,0,2,0,2,0,2,0.05751014275745865
SYRE,tb_274_275#2,原有,True,1,274,2025-10-23,268,268,268,0,0,88,6,9.16041291253985,153,0.5446823586158959,-0.07498419966817621,2,0,0,0,2,0,2,0,2,0.05751014275745865
TEO,tb_286_287#0,原有,True,4,286,2025-11-10,281,288,281,2,3,52,6,8.409893992932862,198,0.06446805494986041,-0.138362632516576,0,0,0,2,0,0,0,0,2,0.06272417389700227
TEO,tb_286_287#1,原有,True,3,286,2025-11-10,283,288,283,2,2,52,6,8.409893992932862,198,0.06446805494986041,-0.138362632516576,0,0,0,2,0,0,0,0,2,0.06272417389700227
TEO,tb_288_293#0,原有,True,2,288,2025-11-12,286,288,286,1,1,52,6,8.409893992932862,198,0.03654578994301708,-0.16931904821279828,0,0,0,6,0,0,0,0,6,0.060988521994282036
TEO,tb_290_293#0,原有,True,1,290,2025-11-14,288,288,288,0,0,52,6,8.409893992932862,198,0.03523302822605179,-0.17455898835835276,0,0,0,4,0,0,0,0,4,0.06272417389700227
TNEYF,tb_164_169#0,新增,False,2,164,2025-05-16,160,175,170,3,4,140,3,4.330113942002054,71,0.19442736241292613,-0.017030829909640038,6,0,0,0,6,0,6,0,6,0.026261954663095586
TNEYF,tb_164_169#1,新增,False,2,164,2025-05-16,162,175,170,3,3,140,3,4.330113942002054,71,0.19442736241292613,-0.017030829909640038,6,0,0,0,6,0,6,0,6,0.026261954663095586
TNEYF,tb_169_173#0,新增,False,2,169,2025-05-23,167,175,170,2,2,140,3,4.330113942002054,71,0.19567445631314323,-0.032557013773076404,5,0,0,0,5,0,5,0,5,0.026768688341100175
TNEYF,tb_174#0,原有,True,2,174,2025-06-02,170,175,170,1,1,140,3,4.330113942002054,71,0.2263417923002251,-0.006116233213438682,1,0,0,0,1,0,1,0,1,0.026313137349899728
TNEYF,tb_178#0,原有,True,1,178,2025-06-06,175,175,175,0,0,140,3,4.330113942002054,71,0.20424554138972617,0.00900893296465144,1,0,0,0,1,0,1,0,1,0.025318708734417765
TIL,tb_174_175#0,新增,True,3,174,2025-06-02,171,180,172,2,3,148,6,10.74002047082907,141,0.43713704882885873,-0.30813220096576593,0,0,0,2,0,0,0,0,2,0.14076768827784256
TIL,tb_174_175#1,原有,True,3,174,2025-06-02,172,180,172,2,2,148,6,10.74002047082907,141,0.43713704882885873,-0.30813220096576593,0,0,0,2,0,0,0,0,2,0.14076768827784256
TISI,tb_144_145#0,原有,True,1,144,2025-04-17,138,138,138,0,0,50,4,9.904465414923632,82,0.02464697017059958,-0.30324006995504715,0,2,0,0,0,2,0,0,2,0.0835891181760691
TKLF,tb_202#0,新增,False,1,202,2025-07-14,200,202,202,1,1,40,4,3.117876424715057,98,0.019093060289627983,-0.21957042093795343,0,1,0,0,0,1,0,0,1,0.052356403514333655
TKLF,tb_204#0,原有,True,1,204,2025-07-16,202,202,202,0,0,40,4,3.117876424715057,98,0.008457691555391778,-0.18656716506430004,0,0,0,1,0,1,0,0,1,0.0563491935144229
TONX,tb_175#0,原有,True,1,175,2025-06-03,173,173,173,0,0,146,4,4.0815755488592345,100,0.514030568180657,-0.1864796354044771,1,0,0,0,1,0,0,0,1,0.09161463406111715
TRIB,tb_220#0,新增,False,1,220,2025-08-07,217,225,225,1,2,63,4,206.04449076775396,136,2.865168665743978,-0.07865167862085831,1,0,0,0,1,0,1,0,1,0.06803037401576592
TRIB,tb_220#1,新增,False,1,220,2025-08-07,218,225,225,1,1,63,4,206.04449076775396,136,2.865168665743978,-0.07865167862085831,1,0,0,0,1,0,1,0,1,0.06803037401576592
TRIB,tb_231#0,原有,True,1,231,2025-08-22,225,225,225,0,0,63,4,206.04449076775396,136,0.04458594325106491,-0.38853506594285625,0,1,0,0,0,1,0,0,1,0.10977242303398049
SOS,tb_201#0,原有,True,1,201,2025-07-11,198,198,198,0,0,178,4,29.0650835532102,115,0.043274839450884395,-0.8807017592781076,0,1,0,0,0,1,0,1,1,0.06130094651414426
TGB,tb_182_184#0,新增,True,1,182,2025-06-12,176,178,178,0,2,53,4,3.415284600957274,169,0.24646674827301088,-0.06176282437291166,2,0,0,1,3,0,1,0,3,0.043267055879305516
TGB,tb_182_184#1,新增,True,1,182,2025-06-12,177,178,178,0,1,53,4,3.415284600957274,169,0.24646674827301088,-0.06176282437291166,2,0,0,1,3,0,1,0,3,0.043267055879305516
TGB,tb_182_184#2,原有,True,1,182,2025-06-12,178,178,178,0,0,53,4,3.415284600957274,169,0.24646674827301088,-0.06176282437291166,2,0,0,1,3,0,1,0,3,0.043267055879305516
TULP,tb_172_173#0,原有,True,2,172,2025-05-29,169,173,169,1,1,123,4,8.420327624720775,103,0.056908533447050824,-0.22619197140458203,0,0,0,2,0,0,0,0,2,0.08025348465840651
TULP,tb_175_193#0,原有,True,1,175,2025-06-03,173,173,173,0,0,123,4,8.420327624720775,103,0.1267130940028664,-0.17679991653956853,0,1,0,18,0,6,0,1,19,0.08995102606718079
TUNGF,tb_164#0,原有,True,1,164,2025-08-15,160,160,160,0,0,74,3,16.482632003357704,65,3.036135391038777,-0.2521278806511785,1,0,0,0,1,0,1,0,1,0.10775133242418364
TLSA,tb_112#0,新增,True,1,112,2025-03-04,107,110,110,0,2,87,6,7.6775432400569565,81,0.6608695706257524,-0.36521736155836193,1,0,0,0,1,0,1,0,1,0.08856211781153
TLSA,tb_112#1,新增,True,1,112,2025-03-04,109,110,110,0,1,87,6,7.6775432400569565,81,0.6608695706257524,-0.36521736155836193,1,0,0,0,1,0,1,0,1,0.08856211781153
TLSA,tb_112#2,原有,True,1,112,2025-03-04,110,110,110,0,0,87,6,7.6775432400569565,81,0.6608695706257524,-0.36521736155836193,1,0,0,0,1,0,1,0,1,0.08856211781153
TIC,tb_150#0,原有,True,1,150,2025-09-23,147,147,147,0,0,49,5,9.580696953828538,128,0.03777782222371151,-0.3624999619192537,0,1,0,0,0,1,0,1,1,0.035980219824878194
SUPV,tb_283#0,新增,True,1,283,2025-11-05,276,280,280,0,1,128,4,7.110847075986948,60,0.001577247918613356,-0.2712934109830788,0,0,0,1,0,0,0,0,1,0.10466212773745057
SUPV,tb_283#1,原有,True,1,283,2025-11-05,280,280,280,0,0,128,4,7.110847075986948,60,0.001577247918613356,-0.2712934109830788,0,0,0,1,0,0,0,0,1,0.10466212773745057
URGN,tb_192_193#0,新增,True,1,192,2025-06-27,183,184,184,0,1,59,6,9.477724864247758,167,0.5458810858441283,-0.06357049313829338,2,0,0,0,2,0,0,0,2,0.10377304769007231
URGN,tb_192_193#1,原有,True,1,192,2025-06-27,184,184,184,0,0,59,6,9.477724864247758,167,0.5458810858441283,-0.06357049313829338,2,0,0,0,2,0,0,0,2,0.10377304769007231
TVRD,tb_149#0,原有,True,2,149,2025-04-25,146,154,146,1,1,79,5,7.212508667170311,75,0.8201591872124874,-0.05305039680439683,1,0,0,0,1,0,1,0,1,0.07378532407567634
TVRD,tb_158#0,原有,True,1,158,2025-05-08,154,154,154,0,0,79,5,7.212508667170311,75,0.31708262488081806,-0.18848368488344525,0,0,0,1,0,0,0,0,1,0.12726853113237818
TWIN,tb_236#0,新增,False,2,236,2025-08-29,232,241,238,2,2,41,4,4.244310863031344,207,0.3053797969381833,-0.05063296668545503,1,0,0,0,1,0,1,0,1,0.034388326246234224
TWIN,tb_241_250#0,原有,True,2,241,2025-09-08,238,241,238,1,1,41,4,4.244310863031344,207,0.262023242300351,-0.03244554209224757,9,0,0,1,10,0,4,0,10,0.04256847934225484
TWIN,tb_244_250#0,原有,True,1,244,2025-09-11,241,241,241,0,0,41,4,4.244310863031344,207,0.27403606298247357,-0.0277215073117907,7,0,0,0,7,0,4,0,7,0.04553398614798798
VATE,tb_86#0,原有,True,1,86,2025-01-24,83,83,83,0,0,63,4,613.3858511837656,60,0.30217183788077184,-0.3314447760441338,0,1,0,0,1,0,0,1,1,0.07376736016489346
TPCS,tb_169_172#0,新增,True,2,169,2025-05-23,158,165,163,0,2,134,5,4.275755228505035,143,0.07561949042732707,-0.19617645230167435,0,0,0,4,0,0,0,0,4,0.07187298885284096
TPCS,tb_169_172#1,原有,True,2,169,2025-05-23,163,165,163,0,1,134,5,4.275755228505035,143,0.07561949042732707,-0.19617645230167435,0,0,0,4,0,0,0,0,4,0.07187298885284096
TPCS,tb_169_172#2,原有,True,1,169,2025-05-23,165,165,165,0,0,134,5,4.275755228505035,143,0.07561949042732707,-0.19617645230167435,0,0,0,4,0,0,0,0,4,0.07187298885284096
TRON,tb_176#0,新增,False,2,176,2025-06-04,168,184,182,3,4,66,5,490.7211336468926,131,19.846905087178584,0.004885930401774985,1,0,0,0,1,0,1,0,1,0.10079009480008741
TRON,tb_176#1,新增,False,2,176,2025-06-04,169,184,182,3,3,66,5,490.7211336468926,131,19.846905087178584,0.004885930401774985,1,0,0,0,1,0,1,0,1,0.10079009480008741
TRON,tb_193#0,新增,True,2,193,2025-06-30,177,184,182,0,2,66,5,490.7211336468926,131,0.6516129278367566,-0.3754838512789819,0,0,0,1,0,0,0,0,1,0.1891143371545318
TRON,tb_193#1,原有,True,2,193,2025-06-30,182,184,182,0,1,66,5,490.7211336468926,131,0.6516129278367566,-0.3754838512789819,0,0,0,1,0,0,0,0,1,0.1891143371545318
TRON,tb_193#2,原有,True,1,193,2025-06-30,184,184,184,0,0,66,5,490.7211336468926,131,0.6516129278367566,-0.3754838512789819,0,0,0,1,0,0,0,0,1,0.1891143371545318
TRT,tb_271_272#0,新增,True,2,271,2025-10-20,263,267,266,0,2,243,4,9.011703511053316,248,0.44536780897425343,-0.12279264940524348,2,0,0,0,2,0,2,0,2,0.053393578227988014
TRT,tb_271_272#1,原有,True,2,271,2025-10-20,266,267,266,0,1,243,4,9.011703511053316,248,0.44536780897425343,-0.12279264940524348,2,0,0,0,2,0,2,0,2,0.053393578227988014
TRT,tb_271_272#2,原有,True,1,271,2025-10-20,267,267,267,0,0,243,4,9.011703511053316,248,0.44536780897425343,-0.12279264940524348,2,0,0,0,2,0,2,0,2,0.053393578227988014
VNRX,tb_186#0,新增,False,1,186,2025-06-18,183,187,187,1,2,156,7,6.463398375954429,176,0.40298505763111003,-0.10447758644666494,0,0,0,1,1,0,0,0,1,0.09672618916684818
VNRX,tb_186#1,新增,False,1,186,2025-06-18,184,187,187,1,1,156,7,6.463398375954429,176,0.40298505763111003,-0.10447758644666494,0,0,0,1,1,0,0,0,1,0.09672618916684818
VNRX,tb_191_194#0,原有,True,1,191,2025-06-26,187,187,187,0,0,156,7,6.463398375954429,176,0.056290826187906984,-0.2568411432757784,0,0,0,4,0,1,0,0,4,0.1101009916197796
VOR,tb_195#0,新增,True,3,195,2025-07-02,188,196,192,1,4,119,6,39.837560601829296,122,1.2689656224744073,0.062068939208984375,1,0,0,0,1,0,1,0,1,0.18201165077569442
VOR,tb_195#1,新增,True,3,195,2025-07-02,191,196,192,1,3,119,6,39.837560601829296,122,1.2689656224744073,0.062068939208984375,1,0,0,0,1,0,1,0,1,0.18201165077569442
VOR,tb_195#2,原有,True,3,195,2025-07-02,192,196,192,1,2,119,6,39.837560601829296,122,1.2689656224744073,0.062068939208984375,1,0,0,0,1,0,1,0,1,0.18201165077569442
VOR,tb_195#3,原有,True,2,195,2025-07-02,193,196,193,1,1,119,6,39.837560601829296,122,1.2689656224744073,0.062068939208984375,1,0,0,0,1,0,1,0,1,0.18201165077569442
VRCA,tb_302_316#0,新增,True,1,302,2025-12-03,296,299,299,0,2,99,3,8.05270317711076,75,0.1298240774445186,-0.2607033915726891,0,0,0,15,0,0,0,0,15,0.10230886823167787
VRCA,tb_302_317#0,新增,True,1,302,2025-12-03,297,299,299,0,1,99,3,8.05270317711076,75,0.12688714748701896,-0.26654328191245125,0,0,0,16,0,0,0,0,16,0.10230886823167787
VRCA,tb_302_319#0,原有,True,1,302,2025-12-03,299,299,299,0,0,99,3,8.05270317711076,75,0.12419925971305777,-0.27496006492014935,0,0,0,18,0,1,0,0,18,0.10230886823167787
VRNO,tb_227_228#0,新增,True,3,227,2025-08-18,222,230,224,2,3,69,5,7.027994531092405,173,0.3214285714285714,-0.24285711560930523,0,0,0,2,0,0,0,0,2,0.1570167034317751
VRNO,tb_227_228#1,原有,True,3,227,2025-08-18,224,230,224,2,2,69,5,7.027994531092405,173,0.3214285714285714,-0.24285711560930523,0,0,0,2,0,0,0,0,2,0.1570167034317751
VRNO,tb_232_236#0,原有,True,2,232,2025-08-25,229,230,229,0,1,69,5,7.027994531092405,173,0.09213826041746373,-0.36739127853959075,0,0,0,5,0,0,0,0,5,0.16797231199554585
VRNO,tb_232_236#1,原有,True,1,232,2025-08-25,230,230,230,0,0,69,5,7.027994531092405,173,0.09213826041746373,-0.36739127853959075,0,0,0,5,0,0,0,0,5,0.16797231199554585
VSAT,tb_189#0,原有,True,2,189,2025-06-24,183,186,183,0,1,62,5,3.5230690476214903,162,1.2026195039188816,0.004622528638884793,1,0,0,0,1,0,1,0,1,0.06159344966098652
VSAT,tb_189#1,原有,True,1,189,2025-06-24,186,186,186,0,0,62,5,3.5230690476214903,162,1.2026195039188816,0.004622528638884793,1,0,0,0,1,0,1,0,1,0.06159344966098652
VSTD,tb_101_103#0,原有,True,1,101,2025-02-14,97,97,97,0,0,73,5,16.840303503682215,90,0.6963653351235157,-0.5114467820464008,0,2,0,1,0,3,0,2,3,0.1422027714045978
TSNDF,tb_220_221#0,原有,True,2,220,2025-08-07,218,224,218,1,1,116,6,5.719867835081167,168,1.3516163306076676,-0.018865891558924597,2,0,0,0,2,0,2,0,2,0.1305008828085517
TSNDF,tb_226#0,原有,True,1,226,2025-08-15,224,224,224,0,0,116,6,5.719867835081167,168,0.5078407789529025,-0.14957782080240933,0,0,0,1,0,0,0,0,1,0.13535064588494186
WEXPF,tb_246#0,新增,False,1,246,2025-09-15,244,246,246,1,1,71,3,7.140101002062255,170,-0.01897666326848113,-0.3130131938033318,0,1,0,0,0,1,0,0,1,0.07859195014920733
WEXPF,tb_251_256#0,原有,True,1,251,2025-09-22,246,246,246,0,0,71,3,7.140101002062255,170,0.08036017831395277,-0.2883221713940319,0,1,0,5,0,6,0,0,6,0.08260530004843197
VVOS,tb_190#0,新增,False,3,190,2025-06-25,187,200,194,4,4,106,6,190.46296732473985,118,1.6065573552640906,0.0196721126942887,1,0,0,0,1,0,1,0,1,0.08363002237527507
VVOS,tb_206#0,新增,True,3,206,2025-07-18,191,200,194,0,3,106,6,190.46296732473985,118,0.02113396297138359,-0.4261168701622434,0,1,0,0,0,1,0,0,1,0.1436052479739695
VVOS,tb_206#1,原有,True,3,206,2025-07-18,194,200,194,0,2,106,6,190.46296732473985,118,0.02113396297138359,-0.4261168701622434,0,1,0,0,0,1,0,0,1,0.1436052479739695
VVOS,tb_206#2,原有,True,2,206,2025-07-18,196,200,196,0,1,106,6,190.46296732473985,118,0.02113396297138359,-0.4261168701622434,0,1,0,0,0,1,0,0,1,0.1436052479739695
VVOS,tb_206#3,原有,True,1,206,2025-07-18,200,200,200,0,0,106,6,190.46296732473985,118,0.02113396297138359,-0.4261168701622434,0,1,0,0,0,1,0,0,1,0.1436052479739695
WIMI,tb_256#0,新增,True,1,256,2025-09-29,249,251,251,0,1,45,3,3.9465439113860317,91,0.08008566731674449,-0.4282655176286797,0,1,0,0,0,1,0,1,1,0.08723171706607734
WIMI,tb_256#1,原有,True,1,256,2025-09-29,251,251,251,0,0,45,3,3.9465439113860317,91,0.08008566731674449,-0.4282655176286797,0,1,0,0,0,1,0,1,1,0.08723171706607734
WSTRF,tb_248#0,新增,False,1,248,2025-09-17,246,251,251,2,2,75,4,7.750678476977977,73,0.4534883227314175,-0.34447675917081977,1,0,0,0,1,0,1,0,1,0.04723064816339173
WSTRF,tb_253_254#0,新增,True,1,253,2025-09-24,250,251,251,0,1,75,4,7.750678476977977,73,0.04578580324489623,-0.6158337787746333,0,2,0,0,0,2,0,2,2,0.052339590945093356
WSTRF,tb_253_254#1,原有,True,1,253,2025-09-24,251,251,251,0,0,75,4,7.750678476977977,73,0.04578580324489623,-0.6158337787746333,0,2,0,0,0,2,0,2,2,0.052339590945093356
VIOT,tb_207_210#0,新增,True,1,207,2025-07-21,196,197,197,0,1,70,3,88.78944190459761,71,0.28699949184901186,-0.16250591609921192,0,0,0,4,0,0,0,0,4,0.12392175467637472
VIOT,tb_207_210#1,原有,True,1,207,2025-07-21,197,197,197,0,0,70,3,88.78944190459761,71,0.28699949184901186,-0.16250591609921192,0,0,0,4,0,0,0,0,4,0.12392175467637472
VCUFF,tb_185#0,新增,True,1,185,2025-06-17,177,182,182,0,2,80,4,5.858614317336393,167,0.6219839829693707,-0.1327077455597535,0,0,0,1,1,0,0,0,1,0.15226824016497267
VCUFF,tb_185#1,新增,True,1,185,2025-06-17,179,182,182,0,1,80,4,5.858614317336393,167,0.6219839829693707,-0.1327077455597535,0,0,0,1,1,0,0,0,1,0.15226824016497267
VCUFF,tb_185#2,原有,True,1,185,2025-06-17,182,182,182,0,0,80,4,5.858614317336393,167,0.6219839829693707,-0.1327077455597535,0,0,0,1,1,0,0,0,1,0.15226824016497267
VERI,tb_206#0,新增,False,1,206,2025-07-18,204,207,207,1,1,134,3,12.946182027659926,67,0.898230079626531,-0.15929204240010708,1,0,0,0,1,0,1,0,1,0.09107665752433858
VERI,tb_214_221#0,原有,True,1,214,2025-07-30,207,207,207,0,0,134,3,12.946182027659926,67,1.7441536493639278,-0.08243813373659029,8,0,0,0,8,0,8,0,8,0.09636584382120895
XELB,tb_263_266#0,新增,True,1,263,2025-10-08,254,260,260,0,1,231,3,43.10955590734176,67,0.11711714845760024,-0.6376997252457148,0,4,0,0,0,4,0,4,4,0.06452356486495286
XELB,tb_263_269#0,原有,True,1,263,2025-10-08,260,260,260,0,0,231,3,43.10955590734176,67,0.06797822160241473,-0.6470906065309847,0,7,0,0,0,7,0,7,7,0.06452356486495286
VNCE,tb_249#0,新增,True,1,249,2025-09-18,243,244,244,0,1,180,4,288.4597711267606,90,0.3854962874039638,-0.12977096527496945,1,0,0,0,1,0,1,0,1,0.05805608325228302
VNCE,tb_249#1,原有,True,1,249,2025-09-18,244,244,244,0,0,180,4,288.4597711267606,90,0.3854962874039638,-0.12977096527496945,1,0,0,0,1,0,1,0,1,0.05805608325228302
WHWK,tb_273_278#0,原有,True,1,273,2025-10-22,269,269,269,0,0,95,6,878.0564501831935,146,0.12613226828683136,-0.18526190480859336,0,0,0,6,0,0,0,0,6,0.07618146511968518
WATT,tb_205#0,新增,True,2,205,2025-07-17,199,206,200,1,2,129,4,6.029868629909393,106,0.5223880573409712,-0.46019900477841424,1,0,0,0,1,0,1,0,1,0.07123009433491409
WATT,tb_205#1,原有,True,2,205,2025-07-17,200,206,200,1,1,129,4,6.029868629909393,106,0.5223880573409712,-0.46019900477841424,1,0,0,0,1,0,1,0,1,0.07123009433491409
WATT,tb_209#0,原有,True,1,209,2025-07-23,206,206,206,0,0,129,4,6.029868629909393,106,0.04972372132713043,-0.6003683325347995,0,1,0,0,0,1,0,1,1,0.09058659630539845
ZENA,tb_171#0,新增,False,1,171,2025-06-09,168,172,172,1,2,129,3,83.78356328022328,62,0.5528634911832389,-0.2885462453274684,1,0,0,0,1,0,1,0,1,0.08312254640772969
ZENA,tb_171#1,新增,False,1,171,2025-06-09,169,172,172,1,1,129,3,83.78356328022328,62,0.5528634911832389,-0.2885462453274684,1,0,0,0,1,0,1,0,1,0.08312254640772969
ZENA,tb_174_176#0,原有,True,1,174,2025-06-12,172,172,172,0,0,129,3,83.78356328022328,62,0.4035301142208499,-0.35696423077245126,0,3,0,0,0,3,0,2,3,0.08982192923333525
ZEPP,tb_205_206#0,新增,True,1,205,2025-07-17,197,198,198,0,1,75,4,516.8478084195698,191,3.0967009116609114,-0.2375848806506214,2,0,0,0,2,0,2,0,2,0.12473965564056491
ZEPP,tb_205_206#1,原有,True,1,205,2025-07-17,198,198,198,0,0,75,4,516.8478084195698,191,3.0967009116609114,-0.2375848806506214,2,0,0,0,2,0,2,0,2,0.12473965564056491
ZH,tb_107_109#0,新增,True,1,107,2025-02-25,100,101,101,0,1,77,3,12.779089300176981,89,0.08503510464772919,-0.3992565317112855,0,3,0,0,0,3,0,3,3,0.06776725263710356
ZH,tb_107_109#1,原有,True,1,107,2025-02-25,101,101,101,0,0,77,3,12.779089300176981,89,0.08503510464772919,-0.3992565317112855,0,3,0,0,0,3,0,3,3,0.06776725263710356
XNET,tb_92_94#0,新增,True,1,92,2025-02-03,86,87,87,0,1,66,3,4.513038897181491,75,1.1705896913030653,-0.009099941272439368,3,0,0,0,3,0,3,0,3,0.05513470140132076
XNET,tb_92_94#1,原有,True,1,92,2025-02-03,87,87,87,0,0,66,3,4.513038897181491,75,1.1705896913030653,-0.009099941272439368,3,0,0,0,3,0,3,0,3,0.05513470140132076
ZSTK,tb_250#0,新增,False,1,250,2025-09-19,246,251,251,1,2,65,3,101.02351472219597,70,0.7279411280031449,-0.7325000066616953,1,0,0,0,1,0,1,0,1,0.08326883055781906
ZSTK,tb_250#1,新增,False,1,250,2025-09-19,248,251,251,1,1,65,3,101.02351472219597,70,0.7279411280031449,-0.7325000066616953,1,0,0,0,1,0,1,0,1,0.08326883055781906
ZTEK,tb_153_155#0,新增,True,1,153,2025-05-01,149,150,150,0,1,67,3,7.391061452513967,108,0.026474070257619053,-0.41473516564456325,0,3,0,0,0,3,0,3,3,0.09045453681970864
ZTEK,tb_153_155#1,原有,True,1,153,2025-05-01,150,150,150,0,0,67,3,7.391061452513967,108,0.026474070257619053,-0.41473516564456325,0,3,0,0,0,3,0,3,3,0.09045453681970864
ZURA,tb_209_210#0,原有,True,1,209,2025-07-23,205,205,205,0,0,180,3,14.055056426144827,114,0.35312762295637246,-0.2017733708653246,0,0,0,2,2,0,0,0,2,0.0808722759198206
YQ,tb_245#0,原有,True,3,245,2025-09-12,242,248,242,2,2,115,6,3.874775820234202,240,1.406716286790855,0.018656698160751883,1,0,0,0,1,0,1,0,1,0.04585754965728723
YQ,tb_256#0,原有,True,2,256,2025-09-29,246,248,246,0,1,115,6,3.874775820234202,240,0.6124999523162842,-0.03750002384185791,1,0,0,0,1,0,1,0,1,0.08985236243258553
YQ,tb_256#1,原有,True,1,256,2025-09-29,248,248,248,0,0,115,6,3.874775820234202,240,0.6124999523162842,-0.03750002384185791,1,0,0,0,1,0,1,0,1,0.08985236243258553
YSG,tb_123#0,新增,True,2,123,2025-03-19,118,121,120,0,3,87,3,7.898095585736403,65,0.0,-0.42033897948929444,0,1,0,0,0,1,0,1,1,0.0750241774919235
YSG,tb_123#1,新增,True,2,123,2025-03-19,119,121,120,0,2,87,3,7.898095585736403,65,0.0,-0.42033897948929444,0,1,0,0,0,1,0,1,1,0.0750241774919235
YSG,tb_123#2,原有,True,2,123,2025-03-19,120,121,120,0,1,87,3,7.898095585736403,65,0.0,-0.42033897948929444,0,1,0,0,0,1,0,1,1,0.0750241774919235
YSG,tb_123#3,原有,True,1,123,2025-03-19,121,121,121,0,0,87,3,7.898095585736403,65,0.0,-0.42033897948929444,0,1,0,0,0,1,0,1,1,0.0750241774919235
WWR,tb_263#0,原有,True,2,263,2025-10-08,259,261,259,0,1,48,4,10.918036208289996,175,1.4509804379889628,-0.464052282234621,1,0,0,0,1,0,1,0,1,0.10947708663322012
WWR,tb_263#1,原有,True,1,263,2025-10-08,261,261,261,0,0,48,4,10.918036208289996,175,1.4509804379889628,-0.464052282234621,1,0,0,0,1,0,1,0,1,0.10947708663322012
WYY,tb_154#0,新增,False,1,154,2025-05-02,151,159,159,2,2,96,3,6.255512714985055,89,0.34347825140493327,-0.3826087015112317,0,1,0,0,0,1,0,0,1,0.11930650952221405
WYY,tb_157_159#0,新增,False,1,157,2025-05-07,154,159,159,1,1,96,3,6.255512714985055,89,0.1981358087558275,-0.4494003740216151,0,3,0,0,0,3,0,3,3,0.1259149279987461
WYY,tb_162#0,原有,True,1,162,2025-05-14,159,159,159,0,0,96,3,6.255512714985055,89,0.001666704813639397,-0.5266666809717815,0,1,0,0,0,1,0,1,1,0.1083881624984344
XPON,tb_209_211#0,新增,True,1,209,2025-07-23,205,206,206,0,1,46,3,391.5123773700691,104,2.883172660390464,-0.2374860935334591,3,0,0,0,3,0,3,0,3,0.09386898725188825
XPON,tb_209_211#1,原有,True,1,209,2025-07-23,206,206,206,0,0,46,3,391.5123773700691,104,2.883172660390464,-0.2374860935334591,3,0,0,0,3,0,3,0,3,0.09386898725188825
XTNT,tb_164_168#0,新增,False,1,164,2025-05-16,161,165,165,1,1,141,3,67.1906700013981,72,0.11567297261463398,-0.1990039868707097,0,0,0,5,0,0,0,0,5,0.10874700763291606
XTNT,tb_168_169#0,原有,True,1,168,2025-05-22,165,165,165,0,0,141,3,67.1906700013981,72,0.0612735426913259,-0.23805998944013546,0,0,0,2,0,0,0,0,2,0.10303029124698965
XTNT,tb_268#0,新增,True,1,268,2025-10-15,265,266,266,0,1,96,4,7.75362484301861,73,0.2337662488458374,-0.2727272516158278,0,1,0,0,0,1,0,0,1,0.06299597260710604
XTNT,tb_268#1,原有,True,1,268,2025-10-15,266,266,266,0,0,96,4,7.75362484301861,73,0.2337662488458374,-0.2727272516158278,0,1,0,0,0,1,0,0,1,0.06299597260710604
WRBY,tb_312_313#0,新增,True,1,312,2025-12-17,305,308,308,0,3,99,4,8.945795708992224,88,0.12128671524087598,-0.21921070676657334,0,0,0,2,0,2,0,0,2,0.06208028976049046
WRBY,tb_312_313#1,新增,True,1,312,2025-12-17,306,308,308,0,2,99,4,8.945795708992224,88,0.12128671524087598,-0.21921070676657334,0,0,0,2,0,2,0,0,2,0.06208028976049046
WRBY,tb_312_313#2,新增,True,1,312,2025-12-17,307,308,308,0,1,99,4,8.945795708992224,88,0.12128671524087598,-0.21921070676657334,0,0,0,2,0,2,0,0,2,0.06208028976049046
WRBY,tb_312_313#3,原有,True,1,312,2025-12-17,308,308,308,0,0,99,4,8.945795708992224,88,0.12128671524087598,-0.21921070676657334,0,0,0,2,0,2,0,0,2,0.06208028976049046
WRD,tb_82#0,新增,True,1,82,2025-02-26,73,75,75,0,1,53,3,196.21247543188167,64,0.03898885353311399,-0.7043701777952913,0,1,0,0,0,1,0,1,1,0.09333916459875834
WRD,tb_82#1,原有,True,1,82,2025-02-26,75,75,75,0,0,53,3,196.21247543188167,64,0.03898885353311399,-0.7043701777952913,0,1,0,0,0,1,0,1,1,0.09333916459875834
XYF,tb_108_112#0,原有,True,2,108,2025-02-26,101,102,101,0,1,81,3,7.695888354016693,93,0.7373588801319106,-0.03285565516629898,5,0,0,0,5,0,5,0,5,0.0470807283019475
XYF,tb_108_112#1,原有,True,1,108,2025-02-26,102,102,102,0,0,81,3,7.695888354016693,93,0.7373588801319106,-0.03285565516629898,5,0,0,0,5,0,5,0,5,0.0470807283019475
ZOOZ,tb_207#0,新增,False,3,207,2025-07-21,205,211,208,3,3,167,7,612.7661507402423,163,2.151079168280709,-0.021582679517531345,1,0,0,0,1,0,1,0,1,0.11254960346292564
