symbol,tb_id,bo_id,bo_idx,tb_start,tb_end,tb_date,first_bo_idx,burst_count,bo_drought,bo_vol_ratio,burst_first_drought,burst_distinct_pk,burst_max_bar_vol_ratio,burst_peak_age_max,atr,m2_depth_rel,m2_depth_atr,m1_burst_runup,label,fp_up,fp_down,fp_both,fp_none,day_drop
AACG,tb_477_497#0,bo_471#0,471,477,497,2024-10-10 00:00:00,466,2,5.0,1.4792920353982302,140,3,2.7126108092650845,68,0.06323636627014348,0.07608694736696163,1.1069578626388046,0.3235293627816507,0.0733302102414724,0,11,0,10,0.02272725117600642
AACG,tb_681_682#0,bo_677#0,677,681,682,2025-08-06 00:00:00,669,4,1.0,19.558344529278763,198,11,36.79383429672447,563,0.12706315661008305,0.40434781166466033,7.31919442550755,1.7073171316761835,0.5880681341398543,1,0,0,1,0.5135135004518676
AAL,tb_696_698#0,bo_693#0,693,696,698,2025-08-27 00:00:00,690,2,3.0,1.0240198117247854,28,1,1.088953922312565,31,0.4324635315642434,0.03976435676633336,1.248660112217599,0.02885346334393124,0.057416330296279496,0,3,0,0,0.040590419409066804
AAME,tb_288_305#0,bo_281#0,281,288,305,2024-01-10 00:00:00,277,4,1.0,3.588726513569937,0,3,3.866197183098592,138,0.11708956700658384,0.03891046973934737,0.8336300529821375,0.2189055642311568,0.14288196412743087,0,5,0,13,0.008196744286524569
AAME,tb_695_698#0,bo_688#0,688,695,698,2025-08-26 00:00:00,687,2,1.0,5.206704912154894,37,2,11.665195460277427,359,0.1962239489521506,0.0710382470945342,1.3250166039959683,0.25714280153502633,0.03573384137352903,0,0,0,4,0.0666666712737889
AAMI,tb_417_427#0,bo_414#0,414,417,427,2024-07-17 00:00:00,414,1,56.0,0.530500055322296,56,1,0.530500055322296,111,0.5629116910576384,0.019801980198019722,0.8836557674481077,0.019607915246510954,0.04659672428133006,0,11,0,0,0.0
AAOI,tb_451_456#0,bo_448#0,448,451,456,2024-09-04 00:00:00,448,1,66.0,1.8505429627750132,66,1,1.8505429627750132,20,0.7255527816046279,0.12820513178801293,2.4119540912374577,0.12938599999811773,0.61618734294713,6,0,0,0,0.0
AAPG,tb_95_99#0,bo_89#0,89,95,99,2025-06-11 00:00:00,89,1,27.0,0.6239232475370093,27,1,0.6239232475370093,26,1.3341358888092643,0.020737300137262556,0.47221513644227425,0.10031723852212093,0.38853734748108826,5,0,0,0,0.011311473729829907
AAT,tb_417#0,bo_414#0,414,417,417,2024-07-17 00:00:00,414,1,114.0,0.7392005473025801,114,1,0.7392005473025801,143,0.4358030956209615,0.024283462976595203,1.2378669095086234,0.017248827538974387,0.12265684673933475,1,0,0,0,0.00405840155907882
AAUC,tb_197_212#0,bo_192#0,192,197,212,2025-05-30 00:00:00,192,1,29.0,5.316153871959165,29,1,5.316153871959165,25,0.5311817590245581,0.048916893250391884,1.317817773383084,0.01721441875004337,0.047501765750381064,0,13,0,3,0.022638798290592062
AAUC,tb_266_274#0,bo_261#0,261,266,274,2025-09-09 00:00:00,260,2,1.0,0.9199744488680254,68,1,0.9199744488680254,20,0.4874206644965494,0.041533522963198406,1.3335495720142472,0.023826708636598415,0.3291560456468347,9,0,0,0,0.02577323198495751
AAUC,tb_281_291#0,bo_275#0,275,281,291,2025-09-30 00:00:00,270,2,5.0,1.14074378708654,9,2,4.143552935144835,74,0.5556819837091854,0.02808988884443171,0.8997952329900866,0.07488701514218121,0.21697914762302573,0,11,0,0,0.016288579287170913
AAWH,tb_688#0,bo_683#0,683,688,688,2025-08-15 00:00:00,683,1,11.0,2.895426849681955,11,3,2.895426849681955,164,0.04747999403697243,0.08571429057997108,1.2636901836479613,0.11587980966164446,0.505376320457998,0,0,0,1,0.08840578220341787
ABAT,tb_719_722#0,bo_714#0,714,719,722,2025-09-30 00:00:00,711,2,3.0,2.7922497696656268,45,4,3.2110749363741666,183,0.29228975747732155,0.12713473979484782,2.292246167216208,0.699588477770019,1.3064978251194217,4,0,0,0,0.07659567474185354
ABAT,tb_719_722#1,bo_715#0,715,719,722,2025-09-30 00:00:00,711,3,1.0,3.1433109724428157,45,4,3.2110749363741666,184,0.3139119026712022,0.12713473979484782,2.1343570300859764,0.9341562469737765,1.3064978251194217,4,0,0,0,0.07659567474185354
ABLV,tb_541_559#0,bo_538#0,538,541,559,2025-01-14 00:00:00,536,2,2.0,0.8088235294117647,97,2,1.7710843373493974,42,0.09625616213962807,0.13793100967701988,1.6622308958184395,0.3154533606971688,0.6164365649756989,1,3,15,0,0.07184466311569575
ABOS,tb_726_734#0,bo_723#0,723,726,734,2025-10-09 00:00:00,716,4,4.0,1.8117173742907455,47,4,4.052056704624681,177,0.13114891877119908,0.18454933975446774,3.2787151550832503,0.5275591231152259,0.14528209115038837,0,5,0,4,0.030927866092331894
ABSI,tb_563_566#0,bo_560#0,560,563,566,2025-02-14 00:00:00,556,3,3.0,1.4185990698446416,67,4,2.1264069843287454,135,0.433798781597759,0.14017089028922333,1.8902766204275916,0.12873562185212117,0.04000945381403073,0,4,0,0,0.0
ABSI,tb_724#0,bo_721#0,721,724,724,2025-10-07 00:00:00,718,2,3.0,2.213905044289358,49,2,2.213905044289358,35,0.1953424894531275,0.08248732054917601,1.6637447827841865,0.30036627381456626,0.3978610028612142,1,0,0,0,0.047887278917974535
ABTS,tb_501#0,bo_498#0,498,501,501,2024-11-13 00:00:00,490,2,8.0,0.2280449650756694,203,3,5.312720547595766,59,0.06727659751301691,0.258823555811053,3.2700825657490054,0.2291666395030909,0.4461538955304767,0,0,0,1,0.09722229120907686
ABUS,tb_312#0,bo_309#0,309,312,312,2024-02-14 00:00:00,309,1,258.0,4.504821992564804,258,1,4.504821992564804,27,0.11800146211144216,0.02040814340536656,0.5084677910420827,0.08661418579303093,0.13058414598426515,0,1,0,0,0.0
ABVX,tb_67_76#0,bo_62#0,62,67,76,2024-01-29 00:00:00,59,2,3.0,,0,2,0.0,41,0.7043015485754643,0.05863850900269861,1.111739700067845,0.015720550932248,0.3367191909191404,10,0,0,0,0.004187540939506615
ABVX,tb_66_76#0,bo_63#0,63,66,76,2024-01-26 00:00:00,59,3,1.0,0.5046279196687964,0,2,0.5046279196687964,45,0.6938514101701367,0.050583700615442755,0.9368008231693377,0.04279474054852517,0.33838976743331634,11,0,0,0,0.004187540939506615
ABVX,tb_68_70#0,bo_65#0,65,68,70,2024-01-30 00:00:00,59,4,2.0,0.33039261032812756,0,2,0.7691367066424284,45,0.6740861388115243,0.09408408552725446,1.9582062570690137,0.04978171685534005,0.302731744540057,3,0,0,0,0.030920048290729408
ABVX,tb_70#0,bo_67#0,67,70,70,2024-02-01 00:00:00,59,5,2.0,0.4221173442025099,0,3,0.7691367066424284,45,0.6592170971183542,0.0791161566502879,1.6838150307833408,0.15807864190111864,0.2923310827005796,1,0,0,0,0.030920048290729408
ABVX,tb_434_437#0,bo_431#0,431,434,437,2025-07-17 00:00:00,431,1,26.0,3.504934483330569,26,1,3.504934483330569,26,0.5066418675890051,0.0640841780184773,1.3224332988553142,0.06771456287123523,8.194226187906606,4,0,0,0,0.0
ABXXF,tb_307_309#0,bo_304#0,304,307,309,2024-02-07 00:00:00,304,1,27.0,0.863376810723087,27,1,0.863376810723087,13,0.4593967930227258,0.07058820537492341,1.9590899026710262,0.009191123781578048,0.04721629848706691,0,3,0,0,0.015637826036926584
ABXXF,tb_689_692#0,bo_682#0,682,689,692,2025-08-18 00:00:00,681,2,1.0,2.732142857142857,30,2,3.854262277310013,275,0.3248637775859616,0.058205357614380206,2.2163143960803406,0.1934282471144102,1.2319275810513763,4,0,0,0,0.023255771927096568
ACAD,tb_422_431#0,bo_415#0,415,422,431,2024-07-24 00:00:00,413,2,2.0,1.5750045537911155,143,1,1.5750045537911155,48,0.605930769337496,0.04437401685398919,1.3862972390497978,0.05376972784777956,0.015933577705084124,0,10,0,0,0.019073589874317683
ACDC,tb_647_649#0,bo_642#0,642,647,649,2025-06-17 00:00:00,639,2,3.0,1.2860283178766774,16,3,1.2860283178766774,97,0.606870184946124,0.08506612712857314,1.4830183470129985,0.21410256864834887,0.025230126294303174,0,3,0,0,0.04931787266776338
ACDC,tb_647_649#1,bo_643#0,643,647,649,2025-06-17 00:00:00,639,3,1.0,1.1399357106686532,16,5,1.2860283178766774,216,0.6185223472902346,0.08506612712857314,1.4550801963311422,0.22179480768363158,0.025230126294303174,0,3,0,0,0.04931787266776338
ACDC,tb_743#0,bo_740#0,740,743,743,2025-11-03 00:00:00,736,2,4.0,1.8944024470259124,89,1,1.8944024470259124,17,0.26073770815058706,0.0963341180617955,2.1669270025837215,0.42105267450750095,0.0,0,1,0,0,0.024074094841672847
ACFN,tb_442_445#0,bo_439#0,439,442,445,2024-08-21 00:00:00,437,2,2.0,5.166821994408202,78,2,5.166821994408202,46,0.38566484582275484,0.022727272727272728,0.6482312368052748,0.08999996185302739,0.1772525536047841,0,4,0,0,0.035779761770397565
ACFN,tb_623_628#0,bo_620#0,620,623,628,2025-05-13 00:00:00,619,2,1.0,5.066945606694561,77,2,5.066945606694561,35,0.7250896243359363,0.051268462444134195,1.3377647132143882,0.05000002243939572,0.011307849277033877,0,2,0,4,0.005602262147486451
ACHR,tb_414#0,bo_408#0,408,414,414,2024-07-12 00:00:00,401,2,7.0,2.806020164823707,134,2,4.208966102155748,18,0.22932621994736885,0.09845555385052002,2.2239051084595753,0.15027320749132,0.08217820716411439,0,1,0,0,0.04464281437804522
ACHR,tb_506#0,bo_499#0,499,506,506,2024-11-20 00:00:00,498,2,1.0,4.088027180196122,90,2,4.088027180196122,54,0.23297425928356977,0.05523253020153578,1.2233104562217558,0.28857149396623893,1.4654151230319985,1,0,0,0,0.08154498928037289
ACHR,tb_508#0,bo_505#0,505,508,508,2024-11-22 00:00:00,498,3,6.0,2.515443209578804,90,3,4.088027180196122,80,0.3101369771751516,0.0771704236759623,1.5477032872555652,0.46571431841169075,1.065397427195097,1,0,0,0,0.013645257329395942
ACHR,tb_517_522#0,bo_511#0,511,517,522,2024-12-06 00:00:00,498,7,2.0,3.5937139605486967,90,9,5.06119267120289,319,0.5199083871516381,0.21544718795951304,4.0776421669418355,1.3085714067731584,0.6054522656548605,3,0,0,3,0.23719953777188188
ACHV,tb_634_636#0,bo_627#0,627,634,636,2025-05-29 00:00:00,617,4,1.0,2.733357792529138,229,4,3.1540207062827963,50,0.22118961603775356,0.09356729956805805,1.4467233019056283,0.2879377543808024,0.19703558723699252,0,3,0,0,0.054140149877203045
ACIU,tb_720_721#0,bo_715#0,715,720,721,2025-10-01 00:00:00,709,2,6.0,1.701756822442886,39,1,1.701756822442886,42,0.1514354937114631,0.08360128592713208,1.7169025840048213,0.10080645083760875,0.2968723575176653,0,0,0,2,0.04934205882602063
ACIU,tb_720_721#1,bo_716#0,716,720,721,2025-10-01 00:00:00,709,3,1.0,3.2367860089850553,39,2,3.2367860089850553,153,0.1589043900150493,0.08360128592713208,1.6362039490452913,0.1733871223589134,0.2968723575176653,0,0,0,2,0.04934205882602063
ACMR,tb_560#0,bo_557#0,557,560,560,2025-02-11 00:00:00,552,2,5.0,2.018745432493778,79,2,3.4635009650135293,60,1.0402493290919828,0.03275203956900574,0.7402075985338948,0.316361603630684,0.32928418237795154,1,0,0,0,0.013270606386613025
ACNT,tb_510_530#0,bo_505#0,505,510,530,2024-11-26 00:00:00,504,2,1.0,0.306861125885284,214,1,0.4476710029374738,40,0.42800811688680246,0.024590119794701184,0.6308279993689083,0.038190967007564414,0.047277838431754,0,0,0,21,0.01525260733109191
ACR,tb_318#0,bo_315#0,315,318,318,2024-02-23 00:00:00,315,1,41.0,0.6844975439180752,41,1,0.6844975439180752,226,0.2285420906215723,0.024344590023638264,1.1376470223699542,0.016881835297504644,0.3448922473160816,1,0,0,0,0.0
ACR,tb_322_332#0,bo_316#0,316,322,332,2024-02-29 00:00:00,315,2,1.0,1.443343653250774,41,2,1.443343653250774,227,0.22864619430834057,0.027027043281519322,1.3120716556965666,0.03574981343212902,0.30458037513908265,11,0,0,0,0.009372106912342226
ACR,tb_433_435#0,bo_428#0,428,433,435,2024-08-08 00:00:00,426,2,2.0,3.7719277810133955,110,1,3.7719277810133955,86,0.29118069553425796,0.029709185993743125,1.6141156352832322,0.04363123743101216,0.038287364030109794,0,0,0,3,0.018542196642395738
ACTG,tb_336#0,bo_333#0,333,336,336,2024-03-20 00:00:00,333,1,260.0,7.045452422104919,260,2,7.045452422104919,255,0.1006093200411378,0.03660887381997734,1.8884936022107148,0.16834172690529692,0.05802702310843211,0,1,0,0,0.0
ACTG,tb_337_349#0,bo_334#0,334,337,349,2024-03-21 00:00:00,333,2,1.0,4.370300366049742,260,3,7.045452422104919,256,0.14342292641428056,0.020952406383696057,0.7669633876850781,0.2336682974577271,0.08330147327809892,0,11,0,2,0.0
ACV,tb_626_646#0,bo_620#0,620,626,646,2025-05-16 00:00:00,620,1,,0.5137750359165048,0,1,0.5137750359165048,32,0.4480442897780857,0.009086730975960708,0.39379497913552736,0.005280681023389189,0.055766681029806954,1,0,0,20,0.0009174387069137103
ACV,tb_626_630#0,bo_621#0,621,626,630,2025-05-16 00:00:00,620,2,1.0,0.9223153084539223,0,1,0.9223153084539223,33,0.4461824954036313,0.009086730975960708,0.3954381751021904,0.02160330679226674,0.06820506144130194,0,0,0,5,0.0009174387069137103
ACVA,tb_323_326#0,bo_320#0,320,323,326,2024-03-01 00:00:00,317,2,3.0,1.5588945937783145,177,2,3.7267611419852207,118,0.7165558656839757,0.04060639024808855,1.046673449925779,0.25428567613874153,0.0662735391044198,0,0,0,4,0.0
ADAM,tb_571_572#0,bo_568#0,568,571,572,2025-02-27 00:00:00,568,1,51.0,1.4607570044022797,51,2,1.4607570044022797,209,0.16291996665860298,0.021156571528800433,0.7629894079699704,0.03869965262314068,0.018643505820632345,0,2,0,0,0.011379877812516318
ADAM,tb_626#0,bo_623#0,623,626,626,2025-05-16 00:00:00,623,1,55.0,1.0449615776635097,55,1,1.0449615776635097,36,0.21276895498773163,0.023383779469044737,0.6831482404160485,0.014836813667046256,-0.0014044775076098581,0,0,0,1,0.009735678606258133
ADAPY,tb_307#0,bo_304#0,304,307,307,2024-02-07 00:00:00,303,2,1.0,2.137409845710634,18,2,5.439091232630587,129,0.08920533567996174,0.15492951834492505,2.4662191753890648,0.08333331781129005,0.6532257552821732,1,0,0,0,0.06766919584552951
ADCT,tb_306#0,bo_300#0,300,306,306,2024-02-06 00:00:00,298,3,1.0,2.75326039367453,14,4,2.75326039367453,174,0.22260251875032042,0.09880828588637733,1.7879391739281325,0.5333334165906187,0.5368956384870673,1,0,0,0,0.028037430379547517
ADMA,tb_390_391#0,bo_387#0,387,390,391,2024-06-06 00:00:00,387,1,47.0,1.6519788514953242,47,1,1.6519788514953242,7,0.30874223439622367,0.030861271174557812,1.0850445684173418,0.027225154312989552,0.3330529916809032,2,0,0,0,0.0
ADMA,tb_765_766#0,bo_758#0,758,765,766,2025-12-04 00:00:00,757,2,1.0,1.4600214355526264,145,2,1.4600214355526264,69,0.7526852071148766,0.03264094311695679,0.8768603941905007,0.11980434054705924,0.023967257020182986,0,2,0,0,0.006707903322812078
ADNH,tb_507_508#0,bo_500#0,500,507,508,2024-11-21 00:00:00,492,4,3.0,1.5668482722732453,74,5,1398.5027453152331,152,0.6113343454757642,0.21501705059019854,3.091597716491332,2.9382024390756807,0.031416889103507595,0,0,0,2,0.16506187240900166
ADNT,tb_644_652#0,bo_641#0,641,644,652,2025-06-12 00:00:00,641,1,19.0,0.6832534358149215,19,1,0.6832534358149215,19,0.6109042239167034,0.03932878930268453,1.2276883521798374,0.028089815401518337,0.26894726685962606,9,0,0,0,0.0
ADNT,tb_648_656#0,bo_643#0,643,648,656,2025-06-18 00:00:00,641,2,2.0,1.9549840535626317,19,2,1.9549840535626317,80,0.6796062467882006,0.02229135742703131,0.6327197656112642,0.17353300248812542,0.26871986800220043,9,0,0,0,0.029520268118731804
ADNT,tb_648_656#1,bo_644#0,644,648,656,2025-06-18 00:00:00,641,3,1.0,1.373301129775284,19,3,1.9549840535626317,94,0.7317772182613369,0.02229135742703131,0.5876109483121635,0.18414474227815525,0.26871986800220043,9,0,0,0,0.029520268118731804
ADNT,tb_653_656#0,bo_646#0,646,653,656,2025-06-26 00:00:00,641,4,2.0,0.9798749106732975,19,3,1.9549840535626317,96,0.732144593230249,0.026821896786764315,0.7239016603361437,0.19475648206818508,0.2727310291648776,4,0,0,0,0.010449261335869556
ADPT,tb_714#0,bo_711#0,711,714,714,2025-09-23 00:00:00,706,2,5.0,0.6820440881763526,20,1,1.4881363257352471,25,0.6616838331768109,0.045250478023061855,0.9898997886963377,0.10869568222036263,0.28399133436628654,1,0,0,0,0.029774930098514483
ADUR,tb_192_193#0,bo_189#0,189,192,193,2025-05-22 00:00:00,178,3,7.0,4.11889900128866,116,4,6.079530127277632,125,0.4381677292976179,0.14371260254853746,2.7386779214112673,0.36982585575205795,0.47832875052529633,1,0,0,1,0.02569891119261138
AEC,tb_478_498#0,bo_471#0,471,478,498,2024-10-11 00:00:00,471,1,122.0,31.34004040624659,122,1,31.34004040624659,51,0.4926344166305853,0.125,1.5224271278683457,0.3999999999999999,0.13114134542705974,0,15,0,6,0.0
AEC,tb_481_487#0,bo_478#0,478,481,487,2024-10-16 00:00:00,471,2,7.0,1.364876121007008,122,2,31.34004040624659,51,0.46524616586817347,0.1111111111111111,1.6120498244202854,0.6000000000000001,0.06944444444444445,0,2,0,5,0.0
AEC,tb_629#0,bo_626#0,626,629,629,2025-05-21 00:00:00,622,2,4.0,3.4747630819942317,144,2,13.243321903569315,38,0.47751525242531,0.25,3.1412609175968065,0.75,0.4285714285714286,0,0,0,1,0.0
AEHR,tb_642_648#0,bo_637#0,637,642,648,2025-06-10 00:00:00,632,2,5.0,0.6233598020189791,95,1,1.9057994803839506,54,0.5525921353151466,0.05947660748768221,1.3572397290313778,0.15706207115638549,0.9711621479003252,7,0,0,0,0.053892145712630096
AEHR,tb_672_674#0,bo_669#0,669,672,674,2025-07-24 00:00:00,669,1,13.0,1.5933846378051588,13,1,1.5933846378051588,9,1.0561288742692443,0.09217394953188689,2.007331577503046,0.09157273364704821,0.5387467357771095,2,1,0,0,0.03877369695756399
AENT,tb_496_513#0,bo_491#0,491,496,513,2024-11-06 00:00:00,484,2,7.0,1.854000980498965,25,4,1.854000980498965,341,0.38726431996070027,0.1322645045461026,1.7042619559661123,0.31861190149416996,1.5021136378041422,18,0,0,0,0.2520491783255629
AENT,tb_517#0,bo_514#0,514,517,517,2024-12-06 00:00:00,510,2,4.0,0.9101544905864336,19,2,0.9101544905864336,447,0.49936812185068385,0.09566515112280895,1.2816193875446502,0.1387163740946511,0.866451597719857,1,0,0,0,0.01898739859760083
AEO,tb_770_771#0,bo_764#0,764,770,771,2025-12-11 00:00:00,761,3,2.0,3.436490369426552,60,4,3.436490369426552,337,0.7766315888853895,0.03587084946420152,1.1372649724528823,0.18311941655135033,0.12652668528537858,0,0,0,2,0.04507861932089413
AEO,tb_773_789#0,bo_770#0,770,773,789,2025-12-16 00:00:00,761,4,6.0,0.7850785341352636,60,6,3.436490369426552,443,1.0646417109835762,0.0277372350168888,0.700558926595101,0.23741352474644395,0.05630063237973122,0,1,0,10,0.0
AERG,tb_633_634#0,bo_630#0,630,633,634,2025-05-28 00:00:00,624,3,4.0,3.0260952317350074,81,4,6.1924176811831035,211,0.11062986653257793,0.14572862334836728,2.6213532651025035,1.0,0.5299021334238826,0,0,0,2,0.0
AERG,tb_636#0,bo_633#0,633,636,636,2025-06-02 00:00:00,624,4,3.0,3.0664348877635854,81,5,6.1924176811831035,236,0.1488993518816813,0.11599998474121094,1.9476240708117232,1.559999942779541,0.20564515586326082,0,0,0,1,0.0
AERG,tb_641_642#0,bo_635#0,635,641,642,2025-06-09 00:00:00,624,5,2.0,3.7827025654051307,81,5,6.1924176811831035,238,0.15690811176191985,0.19397990697529036,3.6964304597973965,1.9200000762939453,0.009161236562529762,0,0,0,2,0.2552446879129862
AERG,tb_641_642#1,bo_636#0,636,641,642,2025-06-09 00:00:00,624,6,1.0,3.4393882529555264,81,7,6.1924176811831035,394,0.16284324731726435,0.19397990697529036,3.5617069375683235,2.306666692097982,0.009161236562529762,0,0,0,2,0.2552446879129862
AERG,tb_641_642#2,bo_637#0,637,641,642,2025-06-09 00:00:00,624,7,1.0,3.423719676549865,81,8,6.1924176811831035,480,0.17335443985028412,0.19397990697529036,3.345745999969577,2.8133331934611,0.009161236562529762,0,0,0,2,0.2552446879129862
AES,tb_374_390#0,bo_371#0,371,374,390,2024-05-14 00:00:00,366,2,5.0,0.8422125455915824,104,2,1.2833594053935098,100,0.5921176712558517,0.019560011385571244,0.6016337495152425,0.1001651572046236,0.04336557167511832,0,17,0,0,0.0025012205583487958
AEVA,tb_290_291#0,bo_285#0,285,290,291,2024-01-12 00:00:00,270,3,8.0,2.8392238908205583,135,4,11.294250710903002,85,0.42145068662123514,0.14843754249159183,2.2541196781963633,0.6302765641681927,0.3594146645910198,0,0,0,2,0.14529913136570485
AEVA,tb_602_617#0,bo_596#0,596,602,617,2025-04-11 00:00:00,588,3,6.0,1.1893432363376815,53,3,6.625737454690457,268,0.4820545885404787,0.07469631363831931,1.199034471209095,0.7446300341171861,3.1951246857344584,16,0,0,0,0.10123115963210089
AEVA,tb_611_617#0,bo_604#0,604,611,617,2025-04-25 00:00:00,588,4,8.0,3.135599339386299,53,5,6.625737454690457,465,0.6512898043947148,0.1194581039239588,1.4893520267726792,0.8615751990965814,3.8482835628521466,7,0,0,0,0.13648832520791473
AEVA,tb_623#0,bo_620#0,620,623,623,2025-05-13 00:00:00,618,2,2.0,2.523015511726842,14,2,4.026284121754959,546,0.7324181370348661,0.0898465726762199,1.6793679457691735,0.30808724393875075,1.8655834081516898,1,0,0,0,0.0
AEVA,tb_624#0,bo_621#0,621,624,624,2025-05-14 00:00:00,618,3,1.0,2.41301054661051,14,3,4.026284121754959,568,0.8043882537551017,0.09951627556903281,1.7901809571874099,0.42747110911589004,1.6851210899105018,1,0,0,0,0.0
AEYE,tb_319#0,bo_313#0,313,319,319,2024-02-26 00:00:00,310,2,3.0,0.9189270193316349,31,2,0.9189270193316349,92,0.31275668496600456,0.09221900017417611,2.0463187431314576,0.06941836601412432,1.2715134925111093,1,0,0,0,0.044067834691389786
AEYE,tb_319#1,bo_314#0,314,319,319,2024-02-26 00:00:00,310,3,1.0,1.2281748020447028,31,3,1.2281748020447028,105,0.31970262514072634,0.09221900017417611,2.0018599040401415,0.1257035808413447,1.2715134925111093,1,0,0,0,0.044067834691389786
AEYE,tb_324#0,bo_319#0,319,324,324,2024-03-04 00:00:00,310,5,1.0,1.5324062195309693,31,6,1.5324062195309693,176,0.33018308872422547,0.05381725164661006,1.3023072441416472,0.26454031286959356,1.1174242798253813,1,0,0,0,0.0
AEYE,tb_330_331#0,bo_327#0,327,330,331,2024-03-12 00:00:00,310,7,3.0,9.129210810810811,31,7,9.129210810810811,234,0.5214122162589435,0.09189193313186234,1.6301888505189908,0.525328373511114,1.5575051023971536,2,0,0,0,0.012643638975727454
AFCG,tb_417_421#0,bo_414#0,414,417,421,2024-07-17 00:00:00,412,2,2.0,2.059061044569774,273,1,2.244371754958804,339,0.1822864462107616,0.03061226376490175,1.3295998238339235,0.09889327426739292,0.12487740373974843,0,5,0,0,0.0
AG,tb_348_351#0,bo_345#0,345,348,351,2024-04-08 00:00:00,342,2,3.0,3.1934530857802352,71,3,3.1934530857802352,178,0.27709281655883716,0.06593400643258594,1.9367812233276018,0.3458782802797784,0.0593667084935085,0,2,0,2,0.001331612622944012
AG,tb_472_483#0,bo_465#0,465,472,483,2024-10-03 00:00:00,458,2,7.0,1.6605094413445947,109,2,2.92453269951181,38,0.30151587986272366,0.060606091036442725,1.3203539738286938,0.11917101618270687,0.24562203546197411,11,1,0,0,0.047619047619047616
AG,tb_640_660#0,bo_637#0,637,640,660,2025-06-06 00:00:00,637,1,54.0,1.5455547318231442,54,1,1.5455547318231442,32,0.35407564373130135,0.05046947166185869,1.212050403559537,0.024709343103608727,0.14658429809310686,1,0,0,20,0.016646730100094896
AGMRF,tb_700#0,bo_697#0,697,700,700,2025-09-03 00:00:00,697,1,9.0,2.008301696051338,9,2,2.008301696051338,436,0.09815291205009638,0.11904756768760534,2.5470449686007557,0.157520382083554,0.48395726646597437,1,0,0,0,0.05555556224519015
AGMRF,tb_704_713#0,bo_699#0,699,704,713,2025-09-09 00:00:00,697,2,2.0,3.1864074552278248,9,3,4.191181513432855,528,0.12434103187778667,0.08323496609779404,1.4749750177033438,0.34146347176068326,0.3618200246267006,3,1,0,6,0.05555556224519015
AGNC,tb_703_705#0,bo_700#0,700,703,705,2025-09-08 00:00:00,693,2,7.0,0.9491822955201088,431,1,1.1067919483679152,115,0.11240745547207995,0.009606093108663259,0.7855884589969188,0.044966059306895234,0.01908916215646513,0,3,0,0,0.0028929786401344524
AGPU,tb_723#0,bo_718#0,718,723,723,2025-10-06 00:00:00,713,2,5.0,258.3413232309877,9,2,258.3413232309877,96,1.7451823781032412,0.5794392323450217,10.65791100545983,0.1881188417974502,0.05594406853597067,0,1,0,0,0.20999998516506618
AGXPF,tb_774_776#0,bo_768#0,768,774,776,2025-12-17 00:00:00,761,2,7.0,1.442269032464855,32,2,1.442269032464855,37,0.041115942431587095,0.09076532310214477,1.396051866497927,0.3878386392592934,0.9698329194840962,3,0,0,0,0.0019127172846317131
AIFA,tb_410_411#0,bo_403#0,403,410,411,2024-07-08 00:00:00,393,4,1.0,27.978080499542127,119,4,27.978080499542127,61,0.4805527425073773,0.0763889233823162,1.373419119003645,0.9247467909525611,0.10761130068691582,0,0,0,2,0.06451613109971018
AIFA,tb_419_421#0,bo_412#0,412,419,421,2024-07-19 00:00:00,393,7,1.0,5.8389614051382415,119,8,27.978080499542127,348,0.7661327695097334,0.14012735500354034,1.7229385654250475,1.199710585371105,0.11778521119858842,0,0,0,3,0.042857103931658785
AIFA,tb_625_626#0,bo_622#0,622,625,626,2025-05-15 00:00:00,613,4,6.0,59.24075990642943,61,6,59.24075990642943,210,0.6654207932110435,0.28930819160895915,6.221627555918169,0.5963302203789704,1.1425361205834805,2,0,0,0,0.08620686347740546
AIFC,tb_489#0,bo_486#0,486,489,489,2024-10-28 00:00:00,482,2,4.0,0.27961021415619175,42,1,1.248090034458413,29,0.2018351740913867,0.04225348210765052,0.594543969351688,0.12389379317314764,0.5957447186267564,0,1,0,0,0.0
AIFC,tb_520_527#0,bo_517#0,517,520,527,2024-12-11 00:00:00,517,1,31.0,2.2606335419593817,31,1,2.2606335419593817,28,0.25071601757033923,0.048710623446820804,0.6780582985538657,0.16538464712673506,1.0306272519801734,8,0,0,0,0.0
AIFC,tb_521_531#0,bo_518#0,518,521,531,2024-12-12 00:00:00,517,2,1.0,1.6056058028118563,31,2,2.2606335419593817,77,0.2713791564476741,0.12596400933742743,1.8055919104134381,0.2769230980844901,0.9322084161910827,11,0,0,0,0.0
AIJTY,tb_626_631#0,bo_623#0,623,626,631,2025-05-16 00:00:00,609,6,7.0,1.2412998976458547,25,13,48.06393180607352,567,0.15826263933937304,0.03875965410453306,0.6318604634043286,5.50000015685433,0.15062449197494152,0,6,0,0,0.0004048289510808518
AIOT,tb_711_712#0,bo_706#0,706,711,712,2025-09-18 00:00:00,702,2,4.0,1.2300979751796213,143,2,1.8750880130592114,60,0.2623222303836655,0.02554742080261265,0.5336942518399437,0.17225951164832165,0.09001136339902371,0,0,0,2,0.0
AIP,tb_306_312#0,bo_301#0,301,306,312,2024-02-06 00:00:00,297,2,4.0,0.7466106247827324,164,2,1.8140936137305865,30,0.3586655596930023,0.062121189899461776,1.1431257792441694,0.11224486982426929,0.1461074888094434,0,0,0,7,0.053516805301845945
AIP,tb_521#0,bo_515#0,515,521,521,2024-12-12 00:00:00,510,2,5.0,3.2317299829008994,94,2,3.2317299829008994,61,0.3848572288302434,0.05664061881543589,1.507052174825815,0.08470591376809522,0.24654831512370357,0,0,0,1,0.037960994721588655
AIP,tb_654_655#0,bo_651#0,651,654,655,2025-06-27 00:00:00,643,2,8.0,2.291383829558438,20,1,10.985839803992686,28,0.5845513960397701,0.06627102859013821,1.1461782160355352,0.08805796131119292,0.4870958206177106,2,0,0,0,0.0
AIRG,tb_475_476#0,bo_472#0,472,475,476,2024-10-08 00:00:00,471,2,1.0,1.4274676621234481,48,3,1.7248039693439066,416,0.38067336858396167,0.06695605362924893,1.7022486221548285,0.0906800736779465,0.09941799290992737,0,0,0,2,0.0
AIRI,tb_298#0,bo_295#0,295,298,298,2024-01-25 00:00:00,294,2,1.0,5.054222938923604,0,3,5.054222938923604,134,0.1688793063665983,0.10769235767354618,2.9014818837048275,0.12391932657401772,0.23373488383155538,0,0,0,1,0.0212263397662868
AIRI,tb_368_370#0,bo_362#0,362,368,370,2024-05-06 00:00:00,355,2,7.0,12.66779196117734,10,2,16.69840031213422,322,0.4127651619597795,0.14342101176689814,2.640725953167878,0.16920148816700542,0.0489813081021467,0,3,0,0,0.18309855371258366
AIRI,tb_368_375#0,bo_363#0,363,368,375,2024-05-06 00:00:00,355,3,1.0,14.835949902981126,10,3,16.69840031213422,322,0.48399621092066025,0.14342101176689814,2.2520830765954325,0.32889723706420626,0.051237282209848814,0,8,0,0,0.18309855371258366
AIRS,tb_497#0,bo_494#0,494,497,497,2024-11-07 00:00:00,494,1,31.0,2.8617468310470566,31,4,2.8617468310470566,171,0.4265354455108395,0.09067688953576887,1.6645745286107283,0.14163820900943924,0.2795549007021443,0,1,0,0,0.061357676181995925
AIRS,tb_499_500#0,bo_496#0,496,499,500,2024-11-11 00:00:00,494,2,2.0,2.752679307502061,31,5,2.8617468310470566,182,0.46410453072238267,0.10434783239671111,2.068499604286828,0.30716717967345764,0.008640289370863696,0,2,0,0,0.061357676181995925
AIRS,tb_725_729#0,bo_718#0,718,725,729,2025-10-08 00:00:00,714,2,4.0,1.148481945224487,28,2,1.943849659083998,32,0.5294731825853293,0.06046516682535363,0.9821091508820076,0.10557181408637062,0.32689009883679077,0,5,0,0,0.027638224368655026
AIRS,tb_725_729#1,bo_719#0,719,725,729,2025-10-08 00:00:00,714,3,1.0,1.3213105678865968,28,3,1.943849659083998,204,0.5316536654563444,0.06046516682535363,0.9780812050215623,0.1759531167005779,0.32689009883679077,0,5,0,0,0.027638224368655026
AISP,tb_632_635#0,bo_627#0,627,632,635,2025-05-27 00:00:00,623,2,4.0,5.441248830718452,61,2,5.441248830718452,38,0.32095872496489786,0.09982701041509663,1.7977393859814945,0.30339806667989166,0.2173128678224927,0,0,0,4,0.08490571130336146
AIZN,tb_332_349#0,bo_327#0,327,332,349,2024-03-14 00:00:00,322,2,5.0,0.6801113962075224,221,1,3.2464947837065585,224,0.2960230843898039,0.0065807344895196795,0.4257179753368872,0.02642745520837053,0.020576544959202542,0,18,0,0,0.002252300884473573
AKA,tb_375#0,bo_372#0,372,375,375,2024-05-15 00:00:00,364,3,7.0,1.5517241379310345,43,5,3.904225352112676,360,1.987464878887254,0.15470826354481595,2.625455406743474,0.7788679014961675,-0.010508456472623107,0,1,0,0,0.0
AKBA,tb_634_637#0,bo_628#0,628,634,637,2025-05-29 00:00:00,620,2,8.0,1.651827080297345,36,3,2.6178665735462023,43,0.16354391268092058,0.07802551458358564,1.498069356183646,0.18699188252593424,0.28728027231557646,2,0,0,2,0.03767127761654586
AKBA,tb_637#0,bo_634#0,634,637,637,2025-06-03 00:00:00,620,3,6.0,1.5948444069293233,36,3,2.6178665735462023,43,0.15006682870550284,0.07736389117155132,1.799198285560978,0.22357721292174415,0.19269003075739022,0,0,0,1,0.0
ALAR,tb_689_690#0,bo_686#0,686,689,690,2025-08-18 00:00:00,682,2,4.0,1.4525942967851306,31,3,1.4525942967851306,185,0.7978371777523658,0.0984366368198458,2.1307615267173,0.13586202161065453,0.0775701455720137,0,1,0,1,0.029751049881395798
ALEC,tb_415_420#0,bo_412#0,412,415,420,2024-07-15 00:00:00,412,1,141.0,0.516278274488036,141,1,0.516278274488036,17,0.2804097884380217,0.07118645245848748,1.4978081850619023,0.05241090167707729,0.1419321530322587,0,2,0,4,0.0
ALEC,tb_416_428#0,bo_413#0,413,416,428,2024-07-16 00:00:00,412,2,1.0,0.8933524724543436,141,1,0.8933524724543436,18,0.28288052192248153,0.05176664835591094,1.1135445278440883,0.13417188030287663,0.07675791517172582,0,9,0,4,0.0
ALGS,tb_322_323#0,bo_319#0,319,322,323,2024-02-29 00:00:00,317,2,2.0,3.7801670422908655,204,5,5.241554095861321,100,1.5184932009360548,0.05326636232922425,0.8725760261044793,0.3663663976713163,0.13703405738803975,0,1,0,1,0.0
ALHC,tb_391_396#0,bo_385#0,385,391,396,2024-06-07 00:00:00,379,2,6.0,1.7064348149525759,12,2,1.7064348149525759,88,0.3316757944192568,0.045086636629783176,1.1758451964554772,0.09141278994853663,0.23121263353171276,6,0,0,0,0.017521886169716793
ALHC,tb_419#0,bo_416#0,416,419,419,2024-07-19 00:00:00,413,2,3.0,1.8370174288015277,24,2,2.2781331505029017,128,0.3859182083006682,0.027722839214859792,0.7255441195129092,0.24936705903926004,0.2274081461025308,0,1,0,0,0.0
ALHC,tb_549_558#0,bo_543#0,543,549,558,2025-01-27 00:00:00,540,2,3.0,1.2488260610080737,46,2,2.8706989805853738,47,0.6517945820152713,0.056774200931672125,1.3501187931327419,0.22474747900451497,0.2160660975803864,5,1,0,4,0.0027378482404512624
ALLO,tb_311_315#0,bo_308#0,308,311,315,2024-02-13 00:00:00,304,2,4.0,0.8707067156014462,25,2,1.3138050158856418,103,0.28749977974188085,0.08669351311119515,1.4956527226722736,0.17789753116599916,0.20968039709978054,0,3,0,2,0.07056449635902146
ALLO,tb_327#0,bo_324#0,324,327,327,2024-03-07 00:00:00,320,2,4.0,0.9418510470837871,12,2,0.9418510470837871,146,0.33557327117119645,0.06457240564179077,1.1025904544415353,0.17926563783817073,0.03770198055206442,0,1,0,0,0.01098900043229742
ALLT,tb_418_421#0,bo_415#0,415,418,421,2024-07-18 00:00:00,415,1,9.0,3.830492339194942,9,1,3.830492339194942,217,0.11231908125154465,0.07594936804365715,2.136769699880737,0.015037579158775127,0.16296830955746683,0,0,0,4,0.00657894117680275
ALM,tb_294_295#0,bo_291#0,291,294,295,2024-01-19 00:00:00,291,1,63.0,0.43005079795053014,63,1,0.43005079795053014,63,0.021976518442005148,0.029940065934451757,1.5357272399735975,0.03636364949964621,0.1130559227524105,1,1,0,0,0.0
ALM,tb_641_652#0,bo_636#0,636,641,652,2025-06-09 00:00:00,634,2,2.0,0.6977484253036512,29,2,0.6977484253036512,30,0.23783633186139497,0.06639006448139684,1.5136465093323224,0.08540546051587761,0.5910327436541621,12,0,0,0,0.020662898314240234
ALMMF,tb_473_475#0,bo_468#0,468,473,475,2024-10-04 00:00:00,468,1,19.0,1.1678449258836945,19,1,1.1678449258836945,57,0.017715423567514873,0.0,0.0,0.1159420119449952,0.0004409158397353415,0,2,0,0,0.0
ALMMF,tb_583_586#0,bo_580#0,580,583,586,2025-03-17 00:00:00,580,1,32.0,0.029598308668076112,32,1,0.029598308668076112,31,0.01256378089160964,0.041666752057582634,2.321102766868328,0.015151570050497165,0.0075708275142179204,0,3,0,0,0.0
ALMMF,tb_671_672#0,bo_668#0,668,671,672,2025-07-23 00:00:00,668,1,24.0,0.5302038526276417,24,1,0.5302038526276417,88,0.01892361418931367,0.0,0.0,0.057142888769811995,0.2174382843920638,2,0,0,0,0.0
ALMS,tb_355_358#0,bo_349#0,349,355,358,2025-11-26 00:00:00,343,3,5.0,2.213181407489208,77,3,2.667210957960875,127,0.3475526008282651,0.0520565808337332,1.1652918402658448,0.358050875496297,2.723308866453716,4,0,0,0,0.0
ALMU,tb_409#0,bo_406#0,406,409,409,2024-10-14 00:00:00,398,2,8.0,0.027559055118110236,94,2,0.8443042964130864,24,0.1111459319936933,0.014705938038939924,0.4498607356830695,0.11111108435257266,0.11940301694166888,0,1,0,0,0.0
ALOY,tb_641_645#0,bo_638#0,638,641,645,2025-06-09 00:00:00,638,1,13.0,0.705524020490101,13,1,0.705524020490101,50,0.2529152381828092,0.07499997707513578,1.5420180661621528,0.06958762189763967,0.9119695046466412,5,0,0,0,0.07129092128704871
ALRS,tb_301#0,bo_298#0,298,301,301,2024-01-30 00:00:00,298,1,118.0,2.915022344448264,118,2,2.915022344448264,258,0.5137423832433144,0.07736943792982214,3.5427976944297983,0.058417655754738895,0.007754956476053287,0,1,0,0,0.0
ALT,tb_507_513#0,bo_500#0,500,507,513,2024-11-21 00:00:00,490,3,2.0,8.55787111253607,32,5,8.55787111253607,99,0.4851253469308192,0.29121864197459124,6.699299512097979,0.35378023698465877,0.26475689109603795,0,0,0,7,0.11186979861845456
ALT,tb_651_652#0,bo_644#0,644,651,652,2025-06-24 00:00:00,642,2,2.0,2.515198044961559,142,3,3.11892041708277,79,0.40195153205831097,0.07712764962462072,1.442959853234032,0.2016807268184606,-0.13624809459079817,0,2,0,0,0.032167834406394764
ALTG,tb_642_648#0,bo_639#0,639,642,648,2025-06-10 00:00:00,639,1,143.0,1.1978122151321786,143,1,1.1978122151321786,13,0.3511351415078066,0.05845179937102692,1.0537250244172898,0.06433821708660048,0.44463167511223506,7,0,0,0,0.0
ALTO,tb_753#0,bo_750#0,750,753,753,2025-11-17 00:00:00,746,2,4.0,2.4681606826457227,104,4,58.323095620119034,182,0.13148234145295082,0.09433959399563019,1.5211162675102918,0.6465517427422351,0.597989975636976,1,0,0,0,0.024509781005518688
ALTO,tb_760_763#0,bo_755#0,755,760,763,2025-11-26 00:00:00,746,4,4.0,1.0226016281616552,104,6,58.323095620119034,261,0.1539822392453998,0.1030534323358943,1.7534488539046225,0.8448277297258135,0.24908276514607453,0,0,0,4,0.027777860562003345
ALTO,tb_762_766#0,bo_759#0,759,762,766,2025-12-01 00:00:00,746,5,4.0,2.1757227230338825,104,7,58.323095620119034,413,0.16270451774927566,0.09191176373911153,1.536527709606963,1.1120690673979539,0.19874892377368067,0,0,0,5,0.0
ALVO,tb_286_287#0,bo_283#0,283,286,287,2024-01-08 00:00:00,283,1,9.0,1.2383067011247406,9,1,1.2383067011247406,7,0.4224790992044099,0.04541956604954613,1.3965191501755885,0.028169072021973385,0.44230861609591976,2,0,0,0,0.0
ALVO,tb_623_627#0,bo_620#0,620,623,627,2025-05-13 00:00:00,620,1,81.0,8.08792829731115,81,1,8.08792829731115,17,0.40703602073563,0.05202639619587303,1.35614544574887,0.18136020741095016,0.138653545103926,0,4,0,1,0.0
ALYAF,tb_647_648#0,bo_644#0,644,647,648,2025-06-17 00:00:00,637,3,1.0,9.086428700851602,73,3,9.086428700851602,58,0.05642626702286097,0.039772689558011234,1.2405558073589653,0.2076923923379601,0.13621102886485392,0,1,0,1,0.03428568158830915
AMBO,tb_695_697#0,bo_689#0,689,695,697,2025-08-26 00:00:00,687,2,2.0,4.5634299138606105,157,5,48.213260060273,120,0.35365640022552775,0.17931034218164077,2.2055304835211866,0.3571942592579094,0.8739041457935617,3,0,0,0,0.08629445371829501
AMBP,tb_484_486#0,bo_479#0,479,484,486,2024-10-21 00:00:00,479,1,9.0,0.7205400051450366,9,1,0.7205400051450366,56,0.07785944458002057,0.021126725219965736,0.9786997481055155,0.0268096452002331,-0.004360123848375659,0,3,0,0,0.016509292520656374
AMBP,tb_484_486#1,bo_480#0,480,484,486,2024-10-21 00:00:00,479,2,1.0,2.3170236434587608,9,2,2.3170236434587608,117,0.08016007137403837,0.021126725219965736,0.9506106655336748,0.061662267003903315,-0.004360123848375659,0,3,0,0,0.016509292520656374
AMBP,tb_659_671#0,bo_656#0,656,659,671,2025-07-07 00:00:00,653,2,3.0,0.7221688132708497,31,1,1.8092657183113015,594,0.10536650118876714,0.016375504479146128,0.6606574409322603,0.023419334629497968,0.018605400452821955,0,13,0,0,0.0
AMBR,tb_416_420#0,bo_411#0,411,416,420,2024-07-16 00:00:00,411,1,132.0,0.2741269664174941,132,1,0.2741269664174941,8,0.06788407922053737,0.032894705884013754,0.7365490243131618,0.035971274849026624,1.298884795528738,5,0,0,0,0.01020407170268328
AMEGF,tb_494_498#0,bo_491#0,491,494,498,2024-11-04 00:00:00,488,2,3.0,1.2242395888892326,9,3,3.59764500766902,75,0.035105603749194705,0.0725586564880995,1.1365708206814216,0.3071582796589478,0.4281929338377518,4,0,0,1,0.08424909064709248
AMLIF,tb_729#0,bo_726#0,726,729,729,2025-10-14 00:00:00,714,4,3.0,5.663512060034369,17,4,14.351117359775047,225,0.052008239287121207,0.13596492632650234,2.3842378548913765,1.2666665342119057,0.036585403970846864,0,1,0,0,0.0888888726999726
AMLX,tb_286#0,bo_283#0,283,286,286,2024-01-08 00:00:00,283,1,237.0,1.8905817464873094,237,1,1.8905817464873094,18,0.7878370370316562,0.03956619332890819,0.8567752026532672,0.07047423732016123,0.18251324318332052,0,0,0,1,0.0
AMLX,tb_327#0,bo_320#0,320,327,327,2024-03-07 00:00:00,317,2,3.0,1.509164203314587,34,2,5.230971143952858,77,1.063439345547343,0.06461474740322254,1.2121044447830547,0.241018907854196,-0.7685819701956907,0,1,0,0,0.03679097212990321
AMLX,tb_327#1,bo_321#0,321,327,327,2024-03-07 00:00:00,317,3,1.0,1.2693579379456947,34,2,5.230971143952858,78,1.0917651774240533,0.06461474740322254,1.1806564123399,0.27824945515672117,-0.7685819701956907,0,1,0,0,0.03679097212990321
AMLX,tb_460_462#0,bo_454#0,454,460,462,2024-09-17 00:00:00,453,2,1.0,0.8273907040405887,40,2,0.9800717708619112,40,0.12871779603141673,0.06127943435874996,1.4139452928038367,0.14545451195772108,1.5127789510217962,3,0,0,0,0.033834642738285695
AMLX,tb_610_612#0,bo_607#0,607,610,612,2025-04-24 00:00:00,607,1,131.0,1.0842071075511004,131,3,1.0842071075511004,72,0.3066263124414264,0.054028496511224385,0.9294711924101753,0.06281407005073292,0.24921018768220807,0,0,0,3,0.0
AMPG,tb_301#0,bo_297#0,297,301,301,2024-01-30 00:00:00,294,2,3.0,3.544288645690835,192,2,3.544288645690835,74,0.09738284190177894,0.042194054625018865,1.026873961364046,0.09405943515569315,0.026086932184114398,0,1,0,0,0.021739110153428578
AMPX,tb_653_657#0,bo_646#0,646,653,657,2025-06-26 00:00:00,643,3,2.0,1.4378891921816723,10,3,3.387712644804024,87,0.25580192686051656,0.12558143635322055,2.111009119044116,0.3035143049618789,1.3212727107800684,5,0,0,0,0.10156246750072193
AMPY,tb_345_365#0,bo_342#0,342,345,365,2024-04-03 00:00:00,341,2,1.0,0.5561881188118812,239,1,0.7209190666842199,15,0.3001669045787881,0.04564314285414672,1.099388102659519,0.05254775679635304,0.059515525703091064,0,19,0,2,0.0
AMRN,tb_662_663#0,bo_656#0,656,662,663,2025-07-10 00:00:00,634,5,5.0,1.1186401480111008,26,6,12.037635054911215,262,0.997908457040101,0.025728922897638846,0.4509420201984891,0.4889282128202379,-0.0017187856975012794,0,0,0,2,0.00951813518711136
AMRQF,tb_392_395#0,bo_387#0,387,392,395,2025-10-15 00:00:00,384,2,3.0,6.395319139017276,94,2,6.395319139017276,73,0.05518165650577179,0.05714280362031807,1.4497557480480312,0.25,0.024550211681080097,0,2,0,2,0.055118058499284556
AMRX,tb_439_459#0,bo_436#0,436,439,459,2024-08-16 00:00:00,433,2,3.0,0.894949989247359,20,1,2.5336021536013784,19,0.3832862647187832,0.029120156823297733,0.6131178659628337,0.15418505133001514,0.0665598413691489,0,2,0,19,0.006361347313680888
AMSC,tb_394#0,bo_387#0,387,394,394,2024-06-12 00:00:00,380,3,2.0,3.945477842088985,52,2,9.24408269249975,211,1.0450266412203402,0.05070072261466833,1.1770030482667735,0.36286094289355564,0.388535109227502,1,0,0,0,0.03624158622448836
AMST,tb_519_526#0,bo_516#0,516,519,526,2024-12-10 00:00:00,514,2,2.0,1.1284492496369212,153,2,8.131303254644504,56,0.2963080869731944,0.1364653073215629,2.058667724283236,0.17437723114401726,0.549408385739867,8,0,0,0,0.0
AMTX,tb_507_513#0,bo_500#0,500,507,513,2024-11-21 00:00:00,498,2,2.0,7.376751940811755,16,4,7.376751940811755,132,0.25389113047690537,0.18076110266929005,3.3675852223252813,0.5222404464264041,0.03665386730186488,0,7,0,0,0.10606055914628394
AMTX,tb_653_656#0,bo_646#0,646,653,656,2025-06-26 00:00:00,640,2,6.0,1.2211206536150694,140,2,2.2389159107004644,47,0.11767772517299635,0.08282825519400916,1.7420452630664574,0.24418608680681708,0.5055633481518038,4,0,0,0,0.05990788473286133
AMTX,tb_653_656#1,bo_647#0,647,653,656,2025-06-26 00:00:00,640,3,1.0,1.840237957964254,140,3,2.2389159107004644,64,0.1271293247470173,0.08282825519400916,1.612530579502385,0.31395346097136434,0.5055633481518038,4,0,0,0,0.05990788473286133
AMXOF,tb_742_746#0,bo_739#0,739,742,746,2025-10-31 00:00:00,739,1,51.0,0.08942245866340393,51,1,0.08942245866340393,567,0.0073255959103925555,0.0,0.0,0.028037367204757357,0.3309940755125225,0,0,0,0,0.0
ANAB,tb_289#0,bo_286#0,286,289,289,2024-01-11 00:00:00,271,4,8.0,1.0138167145564592,0,6,5.437720686716182,168,0.6245829594172635,0.035775095074489255,0.8965974135203157,0.23535851576334355,0.19461324831298144,0,0,0,1,0.0013014861555659184
ANAB,tb_422_428#0,bo_415#0,415,422,428,2024-07-24 00:00:00,412,3,2.0,0.941498992562605,47,5,0.9810508735868448,385,0.8671477141380627,0.04346664428710938,1.2531499414236145,0.2688130849740471,0.14955005589067888,0,0,0,7,0.02177068166590096
ANAB,tb_422_428#1,bo_416#0,416,422,428,2024-07-24 00:00:00,412,4,1.0,1.4697266895974714,47,5,1.4697266895974714,386,0.9713990115779081,0.04346664428710938,1.118660915057542,0.33747097776292634,0.14955005589067888,0,0,0,7,0.02177068166590096
ANAB,tb_667#0,bo_664#0,664,667,667,2025-07-17 00:00:00,661,3,2.0,0.4723555660295195,24,3,1.3985545458129633,153,0.9276398884885678,0.02931004291482464,0.578529315930555,0.11134015023613753,0.06821587983532185,0,1,0,0,0.011873934945754156
ANEB,tb_651#0,bo_645#0,645,651,651,2025-06-24 00:00:00,644,2,1.0,0.4364666981577704,59,2,0.45303580695381424,26,0.09300848556846615,0.12426037339451897,2.2578589132320164,0.19827588421694653,1.2800000508626304,1,0,0,0,0.06962026032742867
ANIX,tb_767_769#0,bo_764#0,764,767,769,2025-12-08 00:00:00,760,2,4.0,2.9363485297305107,35,1,2.9363485297305107,15,0.25957597225967693,0.0669215876397974,1.3483524749449165,0.12268511849789232,0.02975550439305752,0,3,0,0,0.022680440345851472
ANNX,tb_341_342#0,bo_338#0,338,341,342,2024-03-27 00:00:00,333,2,5.0,3.3354562471760225,27,2,5.924498931841849,212,0.6459155411427796,0.14761902707504213,1.919755280890605,0.21428576902467467,0.03857212903932283,0,2,0,0,0.023529458788438158
ANNX,tb_723_726#0,bo_717#0,717,723,726,2025-10-06 00:00:00,712,2,5.0,3.3321830065359475,54,3,3.3321830065359475,59,0.18578199727400704,0.08029193015400587,1.4802287680396686,0.276515057442168,0.6026360323623187,4,0,0,0,0.07418397878032125
ANRO,tb_473#0,bo_470#0,470,473,473,2025-12-22 00:00:00,468,2,2.0,0.41752176771802585,17,2,0.7385918098008805,356,1.2839278631187796,0.07690843869454453,1.252408141590128,0.20224721721555472,0.03992011978605725,0,1,0,0,0.0
ANVS,tb_634_637#0,bo_627#0,627,634,637,2025-05-29 00:00:00,626,2,1.0,1.751664971621666,142,2,1.751664971621666,38,0.1852096577204534,0.1240309855448105,1.727771311611571,0.2544377596328862,0.3955915624075564,1,0,0,3,0.06074771405057437
ANVS,tb_757_758#0,bo_754#0,754,757,758,2025-11-21 00:00:00,750,3,1.0,5.396760180608162,123,5,69.92178829651496,103,0.2965630065057686,0.13249999284744263,1.7871412137152756,0.597156423273677,0.3979652879066635,1,1,0,0,0.023195914931270316
ANVS,tb_759#0,bo_756#0,756,759,759,2025-11-25 00:00:00,750,4,2.0,2.4329682225847433,123,6,69.92178829651496,118,0.3428527948202162,0.1697721962270827,2.391696107521034,0.8388627049029822,0.1410787975354444,0,1,0,0,0.023195914931270316
ANVS,tb_761#0,bo_758#0,758,761,761,2025-11-28 00:00:00,750,5,2.0,2.1300698843634884,123,6,69.92178829651496,118,0.37327612594028936,0.10909089175137607,1.6073889084686508,0.9383887942810272,0.0,0,1,0,0,0.0
ANY,tb_624_625#0,bo_620#0,620,624,625,2025-05-14 00:00:00,613,2,7.0,1.2135842034529103,113,2,1.8156206484981101,18,0.49877072458822047,0.11976053067690315,2.0049301764107095,0.21217713638000024,0.30778829549611997,0,2,0,0,0.01978692709958399
AOSL,tb_662_663#0,bo_656#0,656,662,663,2025-07-10 00:00:00,653,2,3.0,0.5153435966239296,138,1,1.0110036349774687,14,1.2357218603100892,0.04809686532857908,1.1248481023874046,0.04651156321612504,0.0884182076927974,0,2,0,0,0.044244589064470166
AOUT,tb_520#0,bo_517#0,517,520,520,2024-12-11 00:00:00,515,2,2.0,9.361292761292761,91,3,9.361292761292761,505,0.4329736784323907,0.04572568105238118,1.5936315957030203,0.33771477077537004,0.21410175905389295,1,0,0,0,0.0
AP,tb_546#0,bo_543#0,543,546,546,2025-01-22 00:00:00,535,2,8.0,1.1426254285398312,23,2,1.1426254285398312,17,0.16886018244560022,0.09677418803518135,1.598955875897484,0.10313902112388584,0.03731339632150399,0,1,0,0,0.0
AP,tb_547#0,bo_544#0,544,547,547,2025-01-23 00:00:00,535,3,1.0,0.909922822491731,23,2,1.1426254285398312,17,0.17108445853403703,0.07885305792768277,1.28591474933102,0.17040353039109846,0.041198461405480113,0,1,0,0,0.0037313396321503886
APA,tb_624#0,bo_621#0,621,624,624,2025-05-14 00:00:00,621,1,443.0,0.8266797844196963,443,1,0.8266797844196963,9,0.8690910330897139,0.03630528582612562,0.7458932356020221,0.03337447593572018,0.17446346894471088,0,0,0,1,0.015709463102763926
APEI,tb_504_508#0,bo_497#0,497,504,508,2024-11-18 00:00:00,496,2,1.0,0.9310544239542504,80,2,1.002296317653843,48,0.6550338201081983,0.09040679311177945,2.747948551363689,0.11075547430125487,0.2316138573795521,5,0,0,0,0.0705289466813912
APEI,tb_524#0,bo_519#0,519,524,524,2024-12-17 00:00:00,509,3,4.0,0.8015073351604063,12,3,1.0193445878848064,149,0.7868677152542416,0.04907718409418462,1.486908223087932,0.11424249897025263,0.01098901098901095,0,1,0,0,0.022346387947327344
APG,tb_621_639#0,bo_615#0,615,621,639,2025-05-09 00:00:00,615,1,473.0,1.9456588243442925,473,1,1.9456588243442925,26,0.9784939665934608,0.019223458569360898,0.581166961568791,0.06634949116822697,0.1481573231138278,15,0,0,4,0.008401391959397379
APLD,tb_400_402#0,bo_397#0,397,400,402,2024-06-21 00:00:00,390,2,7.0,3.370863308019317,103,3,3.7329858348261586,87,0.402254749469413,0.16087306301767382,2.4735565878874497,0.16916487129481195,0.21370249438135644,0,3,0,0,0.08609271261766391
APLD,tb_402_410#0,bo_399#0,399,402,410,2024-06-25 00:00:00,390,3,2.0,3.276595342754947,103,4,3.7329858348261586,98,0.4389339358191541,0.10244649544372614,1.5264257821477563,0.29336185507009604,0.11200487747424923,0,9,0,0,0.08609271261766391
APPS,tb_622_628#0,bo_619#0,619,622,628,2025-05-12 00:00:00,619,1,58.0,0.7870129406727248,58,1,0.7870129406727248,8,0.29380045610951744,0.07327579429614363,1.1572469296099177,0.16828478814579695,0.7089082118732887,7,0,0,0,0.0
APYX,tb_655_663#0,bo_649#0,649,655,663,2025-06-30 00:00:00,642,2,7.0,0.4235954298810286,19,6,0.8428435000596872,277,0.1839570320143404,0.06739129330575556,0.8425879113862168,0.15606935141602718,0.2008243996271898,0,1,0,8,0.16299559818381756
APYX,tb_655_663#1,bo_651#0,651,655,663,2025-06-30 00:00:00,642,3,2.0,0.7386644682605111,19,6,0.8428435000596872,279,0.1928506978553084,0.06739129330575556,0.803730414841763,0.31213870283205436,0.2008243996271898,0,1,0,8,0.16299559818381756
APYX,tb_726#0,bo_723#0,723,726,726,2025-10-09 00:00:00,722,2,1.0,3.845274503953454,63,6,3.845274503953454,442,0.1631108093277978,0.05833331743876139,1.072889976068926,0.38277522659747576,0.4849498471768807,1,0,0,0,0.017301103432493185
AQB,tb_718_719#0,bo_715#0,715,718,719,2025-09-29 00:00:00,713,2,2.0,0.2290357974781583,16,2,0.3635459857623619,253,0.15859427390194875,0.0913705909355678,1.1349720410995896,0.09740266174223922,0.42273088848404206,0,2,0,0,0.023668686217741895
AQB,tb_720#0,bo_717#0,717,720,720,2025-10-01 00:00:00,713,3,2.0,0.18076665582067122,16,3,0.3635459857623619,289,0.16916547376438382,0.15564197172726657,2.3645478480199706,0.19480524607584693,0.17529882824391985,0,1,0,0,0.0
AQST,tb_722_729#0,bo_717#0,717,722,729,2025-10-03 00:00:00,712,2,5.0,6.01355189623506,10,2,8.2506665242714,226,0.35568928950186235,0.11664074961472966,2.108581905995438,0.2125505469100133,0.19534766453005156,0,1,0,7,0.05676121681842136
ARBB,tb_398_399#0,bo_392#0,392,398,399,2024-11-04 00:00:00,385,2,7.0,2113.1536908332723,203,4,2113.1536908332723,78,0.5240478674492557,0.4654788666271273,11.964556765171466,1.5909091237491153,1.1224634037291994,2,0,0,0,0.18032783467976865
AREC,tb_473_474#0,bo_468#0,468,473,474,2024-10-04 00:00:00,463,2,5.0,1.7621237458193981,129,2,1.7621237458193981,62,0.07156312311150444,0.044221166069906365,0.6054673876187242,0.5229507692460347,0.3469132091562064,0,0,0,2,0.020452068733795514
AREN,tb_598#0,bo_595#0,595,598,598,2025-04-07 00:00:00,585,3,6.0,5.213720755973691,26,3,5.213720755973691,77,0.13987109231258724,0.07317072177911903,1.0724158486080781,0.20512824627539739,4.025000095367432,1,0,0,0,0.0053191438769257925
AREN,tb_615_619#0,bo_611#0,611,615,619,2025-05-01 00:00:00,605,3,2.0,5.771838496698832,10,6,22.52913362915545,411,0.378223587385821,0.11153122057513593,1.5599242677216718,1.434999942779541,0.9161636019776667,5,0,0,0,0.1601642199795753
ARHS,tb_319_324#0,bo_313#0,313,319,324,2024-02-26 00:00:00,310,2,3.0,0.6827421091251882,12,1,1.0758529020824104,16,0.4426538858896599,0.031203571701606526,0.8738011839047801,0.0658436501601698,0.3026671176335975,6,0,0,0,0.017611070051071185
ARHS,tb_319_324#1,bo_314#0,314,319,324,2024-02-26 00:00:00,310,3,1.0,0.732018460938431,12,2,1.0758529020824104,132,0.42945443493303953,0.031203571701606526,0.9006578069469576,0.07489720106487296,0.3026671176335975,6,0,0,0,0.017611070051071185
ARHS,tb_330_333#0,bo_327#0,327,330,333,2024-03-12 00:00:00,327,1,9.0,4.433753565483202,9,1,4.433753565483202,7,0.4148231709488872,0.04361773303460417,1.5096412434306898,0.12090482819141712,0.10888927885721972,0,2,0,2,0.0
ARHS,tb_520_522#0,bo_515#0,515,520,522,2024-12-11 00:00:00,509,2,6.0,0.7301829374205336,49,1,1.0534855469398126,15,0.5489870189244533,0.04038630590706194,0.7985422150343972,0.1179487016324634,0.19711672167596217,0,1,0,2,0.018348641540623784
ARIS,tb_760#0,bo_754#0,754,760,760,2025-11-26 00:00:00,750,2,4.0,0.7780364992186571,52,1,1.0932786422126086,23,0.5598876431487511,0.0584461661034233,1.4645790184127372,0.06751822705680177,0.5213979477364725,1,0,0,0,0.0389170939106199
ARIS,tb_777_783#0,bo_770#0,770,777,783,2025-12-22 00:00:00,769,2,1.0,1.6794343609975335,15,1,1.847407878916472,8,0.6138268263493947,0.03337314364573876,0.9123116638963231,0.06480831545498633,0.3681456998166772,7,0,0,0,0.016507951040116566
ARMP,tb_291#0,bo_288#0,288,291,291,2024-01-16 00:00:00,280,2,8.0,6.387525864617204,101,5,9.530090972708187,90,0.329451101552924,0.08717952417277008,1.0320200812358553,0.5141700268080935,0.19786096461224445,0,0,0,1,0.026737942346945313
ARMP,tb_734#0,bo_731#0,731,734,734,2025-10-21 00:00:00,723,2,8.0,0.859801488833747,23,3,2.4603321033210332,360,0.14178937346007628,0.01428570066179548,0.3526353992273102,0.11858978767602091,3.7089337227274397,1,0,0,0,0.025787940952257466
AROC,tb_514_524#0,bo_507#0,507,514,524,2024-12-03 00:00:00,499,2,8.0,1.1346248072793879,162,2,1.63192433841873,82,0.7060166922313922,0.03869516322903284,1.3720320385862121,0.137931089593331,0.17634646259412248,11,0,0,0,0.018561585108233716
ARQ,tb_500_501#0,bo_497#0,497,500,501,2024-11-12 00:00:00,497,1,166.0,3.0962196194491365,166,2,3.0962196194491365,37,0.25664854587296676,0.041724643720077885,1.1689144378918643,0.1162790384523229,0.14145019724870767,0,1,0,1,0.0
ARQQ,tb_512#0,bo_509#0,509,512,512,2024-11-29 00:00:00,507,3,1.0,15.953635701369503,183,3,15.953635701369503,146,1.464420517022063,0.19254661385021235,2.7519422459613025,1.415531222568871,1.6421422484987027,1,0,0,0,0.034404891074576366
ARQQ,tb_519#0,bo_514#0,514,519,519,2024-12-10 00:00:00,507,4,5.0,3.633576561706335,183,4,15.953635701369503,186,3.048323832109767,0.2401043379363613,2.356049261643205,2.673024322072701,0.9741960122432667,0,0,0,1,0.10237382845917072
ARQT,tb_319_322#0,bo_314#0,314,319,322,2024-02-26 00:00:00,312,2,2.0,2.1524031737366163,15,2,2.1524031737366163,114,0.6146925356122092,0.07421877401066067,1.2363908537215376,0.34782609597045666,0.2860844299793375,0,0,0,4,0.022151803229213823
ARQT,tb_518#0,bo_511#0,511,518,518,2024-12-09 00:00:00,510,2,1.0,0.8673325038774223,12,2,1.42884968680139,61,0.6867486543806505,0.08703705116554543,1.7109610382776013,0.08727943736582588,0.28775841503876176,0,0,0,1,0.04792944799297265
ARQT,tb_586_591#0,bo_583#0,583,586,591,2025-03-20 00:00:00,575,3,4.0,3.985702684005254,51,3,3.985702684005254,46,1.066832529614695,0.06045206531364892,1.0029705436140959,0.22537317490572506,0.04930527789579738,0,6,0,0,0.0334957483665859
ARQT,tb_721_738#0,bo_718#0,718,721,738,2025-10-02 00:00:00,718,1,14.0,2.5760234818000662,14,2,2.5760234818000662,699,0.7450441325608674,0.08313764122352692,2.375698808176399,0.059761022347569526,0.5426214874939035,18,0,0,0,0.0
ARR,tb_765_767#0,bo_759#0,759,765,767,2025-12-04 00:00:00,759,1,102.0,1.1449600606435841,102,1,1.1449600606435841,174,0.2722667222321802,0.010789177901472186,0.6160519581077594,0.01791031492226347,0.13724206437531464,3,0,0,0,0.014840146469047974
ARVN,tb_721_741#0,bo_718#0,718,721,741,2025-10-02 00:00:00,717,2,1.0,1.2500593779844704,76,2,1.5903774892897575,76,0.4108315622521895,0.04375665447381655,0.9979755332440365,0.10064512683499238,0.4922566478241029,21,0,0,0,0.0011722480094423823
ARWR,tb_706_714#0,bo_700#0,700,706,714,2025-09-11 00:00:00,696,3,3.0,2.5864018257739643,10,4,3.0659182276020496,188,1.2598849545116688,0.06241606545713452,1.4763242440051718,0.31255896300752317,0.4407219332059928,9,0,0,0,0.06552022825993262
ASAIY,tb_639_640#0,bo_632#0,632,639,640,2025-06-05 00:00:00,620,4,2.0,7.5090658645602,9,4,7.5090658645602,192,0.624180714457833,0.03655110970329199,0.624819598377868,0.23493973065710105,0.03639427239233095,0,0,0,2,0.030243943377238947
ASAN,tb_521#0,bo_518#0,518,521,521,2024-12-12 00:00:00,517,2,1.0,7.05594486742742,9,7,13.215868616659725,354,1.014855962167686,0.08697319634429236,2.236771071349923,0.6086675794222252,0.16533783242433464,0,1,0,0,0.058303205227561564
ASAN,tb_622_627#0,bo_619#0,619,622,627,2025-05-12 00:00:00,619,1,60.0,0.48674567853261363,60,1,0.48674567853261363,19,0.8527051446505849,0.03661202755337189,0.7857347648213063,0.019500286276643797,0.049269873656106945,0,6,0,0,0.0
ASG,tb_623_643#0,bo_620#0,620,623,643,2025-05-13 00:00:00,617,2,3.0,0.4627124147635025,0,1,0.8562999156319067,30,0.13575353307690233,0.015180251232560728,0.5278954646038041,0.013944272535114655,0.06962105809054504,1,0,0,20,0.00982306765419539
ASM,tb_383_387#0,bo_377#0,377,383,387,2024-05-28 00:00:00,375,2,2.0,4.690865732556622,30,3,4.690865732556622,276,0.04963745370047799,0.07142860944173758,1.6116870820586404,0.17241376475403358,0.06216746746490256,0,0,0,5,0.0471697688824151
ASM,tb_383_387#1,bo_378#0,378,383,387,2024-05-28 00:00:00,375,3,1.0,3.534571158030079,30,3,4.690865732556622,277,0.05466335020532753,0.07142860944173758,1.463504205557225,0.2183907321491969,0.06216746746490256,0,0,0,5,0.0471697688824151
ASMB,tb_305_307#0,bo_300#0,300,305,307,2024-02-05 00:00:00,296,2,4.0,1.133814901412832,18,2,1.2501747895643749,56,0.6923507913895762,0.12499995565130459,2.4265146691457344,0.1294118307041061,0.18444335822853705,0,0,0,3,0.09615383439750554
ASMB,tb_686_698#0,bo_683#0,683,686,698,2025-08-13 00:00:00,682,2,1.0,15.263590105294977,15,3,15.263590105294977,631,1.1864093136682274,0.05092223057611334,1.0704572554618534,0.2336592350422837,0.15826320018044518,1,7,0,5,0.015435917500365834
ASPI,tb_377#0,bo_374#0,374,377,377,2024-05-17 00:00:00,374,1,40.0,0.7794218024087897,40,1,0.7794218024087897,7,0.2795277858967398,0.1496062526493561,2.718870145973355,0.026595719384628902,0.2544248009336725,0,1,0,0,0.0
ASPI,tb_378_388#0,bo_375#0,375,378,388,2024-05-20 00:00:00,374,2,1.0,1.98130736621033,40,2,1.98130736621033,25,0.28027581549494457,0.11891897325536459,2.35482438284502,0.14627658343385286,0.05723340884061174,0,11,0,0,0.0
ASPI,tb_485_486#0,bo_482#0,482,485,486,2024-10-22 00:00:00,481,2,1.0,5.296643266758948,24,2,5.296643266758948,66,0.26570236785997703,0.12643675745969288,2.4839818053858065,0.3931033893090812,0.9264372202722808,2,0,0,0,0.018595072262501604
ASPN,tb_671_674#0,bo_668#0,668,671,674,2025-07-23 00:00:00,660,2,8.0,1.4183758959878363,34,2,1.6382928203443845,28,0.3746728417021637,0.0776583159205162,1.7348471066502655,0.14037852445828602,0.24523926778230892,0,1,0,3,0.0
ASRV,tb_628_630#0,bo_625#0,625,628,630,2025-05-20 00:00:00,623,2,2.0,2.1136506605158316,142,2,2.1136506605158316,36,0.09413855491408611,0.06367043874017833,1.7290131066255865,0.03688527392489549,0.33970376681815373,3,0,0,0,0.011857683390060254
ASRV,tb_661#0,bo_658#0,658,661,661,2025-07-09 00:00:00,655,2,3.0,1.298181818181818,25,1,3.0610295418361932,20,0.10204104621285137,0.043859741022785864,1.4074532307099967,0.03367001899044619,0.009090853003281607,0,1,0,0,0.0
ASTS,tb_390_391#0,bo_384#0,384,390,391,2024-06-06 00:00:00,376,2,8.0,18.9725276532031,116,7,23.351065862379563,310,0.5367566036721011,0.09375005587935226,1.6767387043725885,2.7740586032841708,1.3759697788222653,2,0,0,0,0.06762755869114445
ASYS,tb_773_776#0,bo_770#0,770,773,776,2025-12-16 00:00:00,764,2,6.0,3.06434555284891,41,2,3.06434555284891,46,0.48264943546657685,0.07011679724628521,1.7403919639967,0.2705202607841828,0.5413397269778106,4,0,0,0,0.0009099389526937612
ASYS,tb_778_780#0,bo_774#0,774,778,780,2025-12-23 00:00:00,764,3,4.0,1.6668262899557045,41,3,3.06434555284891,601,0.7021256486441434,0.07541477999539417,1.4242465033588703,0.40924856855132563,0.4651425789666724,3,0,0,0,0.017227239161264143
ATAI,tb_284_285#0,bo_279#0,279,284,285,2024-01-04 00:00:00,273,2,6.0,2.2333357891041783,107,1,2.316750370634273,36,0.09486200527651516,0.1492957685940134,2.7935313503275783,0.23015870162539032,0.3281338692410143,0,0,0,2,0.1124260655546674
ATAI,tb_285#0,bo_282#0,282,285,285,2024-01-05 00:00:00,273,3,3.0,3.9832321284943295,107,2,3.9832321284943295,60,0.10418797992321398,0.10422532127575568,1.7756361426326248,0.3412698968347663,0.359756121051801,0,0,0,1,0.1124260655546674
ATAI,tb_511_515#0,bo_505#0,505,511,515,2024-11-27 00:00:00,498,3,6.0,2.709304774508294,83,3,8.005738518578278,80,0.16390977484874666,0.08991829843716949,1.0066518681669616,0.2814814729782127,0.18703427973236866,0,0,0,5,0.08092484633026954
ATAI,tb_628_631#0,bo_625#0,625,628,631,2025-05-20 00:00:00,625,1,69.0,1.1515370613587201,69,1,1.1515370613587201,16,0.10192008378321456,0.22065733453863434,4.611457628108076,0.1398601783354365,0.7997999010352526,4,0,0,0,0.0
ATAT,tb_469_472#0,bo_466#0,466,469,472,2024-09-30 00:00:00,466,1,10.0,0.7108631287738085,10,1,0.7108631287738085,278,0.6460570449744717,0.04795535414394887,1.9223484352792377,0.00759938165575802,0.09139620500069617,0,0,0,4,0.0
ATEC,tb_305_310#0,bo_300#0,300,305,310,2024-02-05 00:00:00,295,2,5.0,0.4772165691231724,25,2,0.7149498069498069,101,0.5270026101312936,0.029691211132391968,0.9487619043773496,0.07966324671882608,0.034335525434121904,0,6,0,0,0.019796036124519314
ATEC,tb_611#0,bo_608#0,608,611,611,2025-04-25 00:00:00,608,1,36.0,0.9968189800128469,36,1,0.9968189800128469,10,0.6450782625637989,0.030224558184428096,0.5425704163068295,0.01785710284328479,0.14161599322568108,0,0,0,1,0.0
ATEC,tb_681#0,bo_678#0,678,681,681,2025-08-06 00:00:00,678,1,52.0,7.7451027091396245,52,2,7.7451027091396245,50,0.4502654643875024,0.03365692624653105,1.1548731697571175,0.3015123399868793,0.09868427450637163,0,0,0,1,0.009126489043687236
ATNM,tb_322#0,bo_319#0,319,322,322,2024-02-29 00:00:00,314,2,5.0,3.340268131901864,36,5,3.340268131901864,114,0.4141235263597019,0.06492024056489673,1.3764001766205503,0.41326534997981557,0.15592027729674807,0,1,0,0,0.004813472904117176
ATOM,tb_479#0,bo_476#0,476,479,479,2024-10-14 00:00:00,475,2,1.0,3.6526949524923675,165,1,3.6526949524923675,16,0.1944320311529812,0.0764248305421373,1.5172388835626431,0.20973780029131706,1.111111068036391,1,0,0,0,0.0
ATOM,tb_498_499#0,bo_493#0,493,498,499,2024-11-08 00:00:00,491,2,2.0,3.1317265472260503,15,3,5.593602180710334,79,0.31500062075323726,0.11091543250768585,1.999994908255384,0.3453453818964545,2.1738262146588845,2,0,0,0,0.034482726727597
ATOM,tb_498_499#1,bo_494#0,494,498,499,2024-11-08 00:00:00,491,3,1.0,1.8455307958046747,15,4,5.593602180710334,110,0.31678630159856963,0.11091543250768585,1.9887212118221351,0.3933933852231455,2.1738262146588845,2,0,0,0,0.034482726727597
ATOM,tb_500_501#0,bo_497#0,497,500,501,2024-11-12 00:00:00,491,4,3.0,3.3196230749467257,15,5,5.593602180710334,124,0.33396772828397286,0.073949511678664,1.317491311643049,0.5765766126976726,1.8641531544328598,2,0,0,0,0.0
ATOS,tb_284_290#0,bo_279#0,279,284,290,2024-01-04 00:00:00,278,2,1.0,2.611438625514346,21,2,2.611438625514346,66,0.6614770111883695,0.1727272958466501,4.3085403321116,0.15384617265629852,0.30624523221779104,4,0,0,3,0.10204081765052662
ATOS,tb_284_290#1,bo_280#0,280,284,290,2024-01-04 00:00:00,278,3,1.0,8.57557485265226,21,3,8.57557485265226,76,0.6999429253367101,0.1727272958466501,4.07176110837712,0.2564102605902885,0.30624523221779104,4,0,0,3,0.10204081765052662
ATOS,tb_617#0,bo_614#0,614,617,617,2025-05-05 00:00:00,613,2,1.0,1.727100732655953,114,2,1.727100732655953,49,0.8374851907570295,0.08602149287974441,1.4328609299710944,0.21621617441895036,0.21590905068006006,0,0,0,1,0.06666663840964988
ATRA,tb_676#0,bo_669#0,669,676,676,2025-07-30 00:00:00,668,2,1.0,2.8521922813427723,28,2,2.8521922813427723,111,0.6282643247572308,0.12258540964740053,2.6262825271319583,0.18434603036259367,0.23080100375996548,0,0,0,1,0.058371751318077474
ATRA,tb_772#0,bo_769#0,769,772,772,2025-12-15 00:00:00,768,2,1.0,2.2049584597125147,44,2,2.2049584597125147,43,1.1368161713024751,0.038650025007343346,0.6245521569312524,0.11604774594520828,0.0665737963249271,0,1,0,0,0.0025006987605043288
ATRC,tb_462_469#0,bo_457#0,457,462,469,2024-09-19 00:00:00,456,2,1.0,0.7231776552981642,40,1,0.7231776552981642,39,1.203288001210943,0.03390416618493051,0.8227470709177662,0.03126156378874234,0.33622744108341174,8,0,0,0,0.0322580601540321
ATYR,tb_638_641#0,bo_635#0,635,638,641,2025-06-04 00:00:00,629,2,6.0,1.1642974567256552,63,3,1.6251546391752578,52,0.286756488963566,0.11739133751910666,2.353914267727786,0.2808022286466958,0.36838451922770604,1,0,0,3,0.04638219038825427
AUMN,tb_350#0,bo_347#0,347,350,350,2024-04-10 00:00:00,345,2,2.0,9.091842102187051,32,3,9.091842102187051,87,0.061727137019078546,0.12658230522240038,1.6200334029901635,0.4375000271635756,0.042253566057856906,0,0,0,1,0.08974358386541943
AUPH,tb_681#0,bo_678#0,678,681,681,2025-08-06 00:00:00,671,2,7.0,4.904635643268883,9,3,4.904635643268883,146,0.4038929922560359,0.037711918754708265,1.1017785825222743,0.18130626530725125,0.16623603464671777,0,0,0,1,0.007692320859408922
AURE,tb_536_537#0,bo_533#0,533,536,537,2025-08-26 00:00:00,533,1,36.0,0.2529843796803394,36,1,0.2529843796803394,19,0.5176193196937645,0.17460322986774657,2.1251146153519,0.11034483439006659,1.8213219809612022,2,0,0,0,0.03703708936484497
AUST,tb_703_705#0,bo_700#0,700,703,705,2025-09-08 00:00:00,695,2,5.0,6.433697749196141,59,3,6.433697749196141,116,0.08984000717935937,0.07131865474916292,1.547195537246889,0.2857142735500724,0.603547870106245,3,0,0,0,0.027777752022683674
AUST,tb_730_733#0,bo_724#0,724,730,733,2025-10-15 00:00:00,721,2,3.0,2.3087490375653443,18,2,6.230538922155689,216,0.16846799364026652,0.09863944088735825,1.7213949996476527,0.18716578767346626,0.030084195654515755,0,4,0,0,0.07818932181101178
AVAH,tb_417#0,bo_414#0,414,417,417,2024-07-17 00:00:00,414,1,36.0,3.7947638227755403,36,2,3.7947638227755403,35,0.1959012089865935,0.08905855906001202,1.78661553372598,0.09621991860176937,0.52467533271778,0,1,0,0,0.0
AVAH,tb_686_698#0,bo_683#0,683,686,698,2025-08-13 00:00:00,682,2,1.0,3.2853087473725737,60,4,26.846444816429383,174,0.33404989078024777,0.06237687707281714,1.421943002355428,0.578406092777431,0.33722726046691825,13,0,0,0,0.012430894833693156
AVAH,tb_702_722#0,bo_696#0,696,702,722,2025-09-05 00:00:00,695,2,1.0,1.4147707558016913,11,1,1.5374727668845316,10,0.4179971149097465,0.04008563217595434,0.8062254048362062,0.05652760242228139,0.22205846504132148,15,0,0,6,0.031175086825527002
AVAI,tb_627_647#0,bo_624#0,624,627,647,2025-05-19 00:00:00,619,2,5.0,1.3282378514830655,72,2,1.4459889242265862,39,0.08721670529562518,0.12202383671378302,0.9401870534801186,0.2391303967550713,0.20754479558548986,0,0,0,21,0.0684210091526593
AVBH,tb_774_780#0,bo_770#0,770,774,780,2025-12-17 00:00:00,765,2,5.0,2.002512895119693,255,1,3.68049254698639,215,0.7091252557891157,0.021131810565030853,0.8320111965711016,0.024214883929573938,0.15033428108605404,7,0,0,0,0.015515333617615418
AVBP,tb_343_344#0,bo_338#0,338,343,344,2025-06-10 00:00:00,337,2,1.0,2.4894999097811152,86,2,2.611718694947502,27,1.2193448870646637,0.039806044734087706,0.8078113262300713,0.08800003949333646,0.08053530799378095,0,2,0,0,0.017301103432493185
AVD,tb_685_701#0,bo_679#0,679,685,701,2025-08-12 00:00:00,679,1,44.0,2.0917507166365854,44,1,2.0917507166365854,18,0.28461027887671847,0.09904761541457403,1.8270597357861287,0.033254124754644065,0.1217289511506836,0,0,0,17,0.028446413469971
AVIR,tb_657_666#0,bo_653#0,653,657,666,2025-07-02 00:00:00,651,2,2.0,1.068030031207128,14,2,1.2466731605549974,109,0.13743686327253188,0.055263168626875234,1.527974614281984,0.06325302481011064,0.09631612311217315,0,1,0,9,0.022662868089077776
AVIR,tb_662_664#0,bo_657#0,657,662,664,2025-07-10 00:00:00,651,3,4.0,1.1338445591316217,14,3,1.509998881556873,122,0.14770430963341216,0.019607855359147823,0.507771559745675,0.09186749183434295,0.076002939916005,0,1,0,2,0.026737942346945313
AVXL,tb_416_420#0,bo_413#0,413,416,420,2024-07-16 00:00:00,413,1,139.0,1.0457545990306611,139,1,1.0457545990306611,37,0.22772129155205462,0.07154472364185731,1.9321867280024614,0.0692641081359362,0.29916045296723187,1,0,0,4,0.0
AVXL,tb_424#0,bo_421#0,421,424,424,2024-07-26 00:00:00,413,3,6.0,1.9179861866176222,139,3,1.9179861866176222,111,0.32061243682356483,0.07251376175792215,1.6374898732302896,0.42424244300815306,0.1112759681704818,0,1,0,0,0.018237064886088096
AVXL,tb_496_497#0,bo_493#0,493,496,497,2024-11-06 00:00:00,492,2,1.0,2.6904948453168065,67,2,8.722985173527706,48,0.39369075121137725,0.05555558826043455,1.1430298647292438,0.19702276575905042,0.8726039709042854,2,0,0,0,0.0
AXG,tb_455_456#0,bo_450#0,450,455,456,2025-07-02 00:00:00,445,4,1.0,4.084792727780159,32,6,4.084792727780159,149,0.21019715884448217,0.11484589778120453,1.9505489496908686,0.5052084216149544,0.3756456401118038,0,0,0,2,0.0031249969732016778
AXG,tb_455_457#0,bo_452#0,452,455,457,2025-07-02 00:00:00,445,5,2.0,1.1473558294155284,32,7,4.084792727780159,169,0.2695067300090716,0.11484589778120453,1.5212972507154414,0.6666667287548398,0.3289094149266743,0,0,0,3,0.0031249969732016778
AXGN,tb_442#0,bo_439#0,439,442,442,2024-08-21 00:00:00,433,3,5.0,1.033967541449622,18,5,7.75286670690115,403,0.6459034414642163,0.057603684610685546,1.1611642729442722,0.48106053399499715,0.17879252726792538,0,0,0,1,0.0
AXIL,tb_243_245#0,bo_236#0,236,243,245,2025-02-04 00:00:00,235,2,1.0,12.48470588235294,0,2,12.48470588235294,63,0.25259968093005986,0.11160379194448981,2.988917621842939,0.6541353104906027,0.6971464589852147,3,0,0,0,0.10424238413380686
AXREF,tb_638_641#0,bo_635#0,635,638,641,2025-06-04 00:00:00,635,1,16.0,3.3597244998360116,16,1,3.3597244998360116,16,0.02297234233729072,0.14814816654464272,3.482449109386587,0.022222267845531718,0.09573975467013518,0,0,0,4,0.0
AYA,tb_646#0,bo_639#0,639,646,646,2025-06-16 00:00:00,633,3,1.0,1.8197579948141747,49,3,1.8197579948141747,121,0.4594675177246015,0.14690263888430571,3.6128774796373975,0.24028268749698123,0.13354037083122883,0,0,0,1,0.08703879875648805
AYA,tb_708#0,bo_705#0,705,708,708,2025-09-15 00:00:00,705,1,66.0,1.1989321634038326,66,1,1.1989321634038326,34,0.4646423771533414,0.04876034165184268,1.2697941074651025,0.03252782717010971,0.1686144019156277,0,1,0,0,0.0
AYTU,tb_315#0,bo_312#0,312,315,315,2024-02-20 00:00:00,310,3,1.0,3.88736877373241,79,2,3.88736877373241,33,0.14879506847844662,0.09275360255651056,2.1506084611208114,0.09756105260394632,0.030487848757137836,0,1,0,0,0.009523875841295883
AYTU,tb_783_803#0,bo_777#0,777,783,803,2025-12-31 00:00:00,772,2,5.0,0.6990768111328391,102,2,2.7327982393682437,50,0.1426744511142795,0.05992512406695293,1.1214347388834982,0.15217397839450797,0.18076924840374176,0,0,0,1,0.04150948285122699
AZ,tb_484#0,bo_481#0,481,484,484,2024-10-21 00:00:00,477,2,4.0,5.253861598711807,13,4,5.414754427592773,204,0.28330330706997214,0.07916668736272306,1.3413190208438441,0.875,0.5747368461207341,0,0,0,1,0.0
AZ,tb_488_497#0,bo_483#0,483,488,497,2024-10-25 00:00:00,477,3,2.0,5.533276011359439,13,6,5.533276011359439,244,0.3467104979870287,0.15942031113797447,2.538140954918074,1.315000057220459,0.44204393983456314,0,0,0,10,0.11368420249537418
AZASF,tb_762_766#0,bo_759#0,759,762,766,2025-12-01 00:00:00,759,1,11.0,0.5708295680462678,11,2,0.5708295680462678,640,0.02678497585520134,0.035055339394018704,0.7093526573938411,0.006507573119287624,0.6664944689111219,5,0,0,0,0.027881014945255682
AZIO,tb_308_311#0,bo_303#0,303,308,311,2024-02-08 00:00:00,301,3,1.0,4.675860405275008,70,5,8.277830637488107,88,1.4860438165981857,0.14776052195407033,2.375433846478134,0.6115108081491267,0.3942959043047698,1,0,0,3,0.10194176420301115
BABAF,tb_468_469#0,bo_465#0,465,468,469,2024-09-27 00:00:00,462,2,3.0,0.18309078001597304,94,1,2.3233487473255576,88,0.5839544904197338,0.09294116937577952,2.128795677914284,0.24081886716226975,0.17865365811236722,0,0,0,2,0.05189391649285046
BAK,tb_338#0,bo_335#0,335,338,338,2024-03-22 00:00:00,335,1,21.0,2.3051191945176983,21,1,2.3051191945176983,11,0.3211761806642461,0.04553734251779063,1.5567779620702766,0.04656572892024524,0.009250640510054309,0,1,0,0,0.0
BB,tb_558_560#0,bo_555#0,555,558,560,2025-02-07 00:00:00,552,2,3.0,1.509461603933108,23,2,1.8245990448805471,283,0.22242545694755034,0.04681647806299108,1.1239720643080524,0.06451606523659481,0.16632860798230675,0,3,0,0,0.0
BBAI,tb_508#0,bo_505#0,505,508,508,2024-11-22 00:00:00,499,2,6.0,4.344625307592934,20,2,4.344625307592934,63,0.13183268958527042,0.1235059537678827,2.3514649041505797,0.17045451928515076,1.1224488604321992,1,0,0,0,0.0
BBAR,tb_502_503#0,bo_496#0,496,502,503,2024-11-14 00:00:00,488,2,8.0,3.1218116102700106,26,2,3.1218116102700106,9,0.6364889898325863,0.047936892220679234,1.2191496137750522,0.23605479734185586,0.5491519993955126,2,0,0,0,0.025364591686555353
BBBXF,tb_647#0,bo_644#0,644,647,647,2025-06-17 00:00:00,634,4,1.0,3.093169304886442,76,6,6.642942434443538,180,0.08547025778643781,0.1894736941171156,2.1059958377839276,0.6666667287548398,0.180722938287863,0,0,0,1,0.08749998975545183
BBCP,tb_514_524#0,bo_511#0,511,514,524,2024-12-03 00:00:00,510,2,1.0,1.1871795898750401,247,1,1.3996606883179836,66,0.23644115444666972,0.03392130310474691,0.9367816538846144,0.06534959392020112,0.34724493776044213,11,0,0,0,0.012838864469567553
BBCP,tb_519_522#0,bo_513#0,513,519,522,2024-12-10 00:00:00,510,3,2.0,1.2752086844064743,247,2,1.3996606883179836,98,0.251965959695676,0.03299668095658211,0.8614821493406232,0.08814581361921614,0.32839695201425606,4,0,0,0,0.013927545908122813
BBDO,tb_614_615#0,bo_611#0,611,614,615,2025-04-30 00:00:00,610,2,1.0,0.444036332952797,332,1,0.6441400379413141,108,0.06898054175376751,0.047826042337542805,1.4939035131027028,0.03864731864363513,0.1942572294863154,2,0,0,0,0.0
BBGI,tb_712_714#0,bo_706#0,706,712,714,2025-09-19 00:00:00,706,1,17.0,0.12521897318420697,17,1,0.12521897318420697,17,0.1800106238788333,0.057921581325269395,1.8887756090417704,0.0491802798135097,0.25915163397439783,2,1,0,0,0.020332654303098507
BBGI,tb_712_714#1,bo_707#0,707,712,714,2025-09-19 00:00:00,706,2,1.0,0.10382752589802234,17,2,0.12521897318420697,58,0.1878670051627043,0.057921581325269395,1.809789193457744,0.0922130735065958,0.25915163397439783,2,1,0,0,0.020332654303098507
BBNX,tb_156#0,bo_151#0,151,156,156,2025-09-15 00:00:00,143,2,8.0,2.4637773613492286,60,3,2.4637773613492286,130,1.0766857507584284,0.06339086810691283,1.5696321167686704,0.32550132661830045,0.20387198562984965,0,1,0,0,0.0416509044992484
BBVA,tb_628_648#0,bo_622#0,622,628,648,2025-05-20 00:00:00,622,1,10.0,0.5964057262819478,10,2,0.5964057262819478,38,0.3158473424511489,0.008974380762775524,0.42208405733551096,0.0006910175129057894,0.13416507812276512,12,0,0,9,0.003331054314987736
BBVA,tb_628_630#0,bo_623#0,623,628,630,2025-05-20 00:00:00,622,2,1.0,0.5665220164819775,10,2,0.5964057262819478,38,0.30552987757190336,0.008974380762775524,0.43633745039892335,0.020041445824026338,0.03676115799629609,0,0,0,3,0.003331054314987736
BBVXF,tb_629_638#0,bo_626#0,626,629,638,2025-05-21 00:00:00,626,1,293.0,0.4916637105356509,293,1,0.4916637105356509,13,0.20347668693848317,0.0,0.0,0.03793109779608428,0.07755446841296525,0,0,0,0,0.0
BCAX,tb_267_270#0,bo_262#0,262,267,270,2025-10-08 00:00:00,260,2,2.0,2.0597612412759614,15,4,6.09197068747364,111,0.979348814828502,0.04123712513821292,0.7760260873087622,0.41844582034518774,0.08073391075332942,0,4,0,0,0.009356085612555456
BCBP,tb_416_419#0,bo_413#0,413,416,419,2024-07-16 00:00:00,413,1,142.0,1.8555758683729435,142,1,1.8555758683729435,36,0.2892333722846918,0.05944621808714825,2.244026379075964,0.056083391994414145,0.07467474874347418,0,0,0,4,0.0
BCBP,tb_417_426#0,bo_414#0,414,417,426,2024-07-17 00:00:00,413,2,1.0,0.7646820164316868,142,1,1.8555758683729435,37,0.3117588582317169,0.028340110984520932,0.9981677073142765,0.07509519000888276,0.05193851489065535,0,6,0,4,0.0
BCG,tb_392#0,bo_389#0,389,392,392,2025-10-20 00:00:00,387,2,2.0,2.064282141070535,196,2,10.108254397834912,26,0.15436360084777961,0.16666668171834403,2.850413276212376,0.26470590297738505,0.5021834561241092,0,1,0,0,0.045833387143079954
BCHG,tb_342#0,bo_339#0,339,342,342,2024-03-28 00:00:00,339,1,15.0,1.4929895069923076,15,1,1.4929895069923076,7,1.0598886179782878,0.07727797813126915,1.2642839349892339,0.24737345621127527,0.4259148379709059,0,1,0,0,0.0
BCHG,tb_670_684#0,bo_663#0,663,670,684,2025-07-22 00:00:00,655,2,8.0,1.5867762128325509,9,2,2.0517454005486626,78,0.21028187479957688,0.10888883802625868,2.3302045009118877,0.1526822746116352,0.21600865964393337,1,0,0,14,0.07463414668185878
BCRX,tb_565_567#0,bo_560#0,560,565,567,2025-02-19 00:00:00,556,2,4.0,1.4768898143662303,111,3,1.6309982650250778,420,0.39153767926992883,0.017932397766711936,0.4341833024515383,0.1112484056310401,-0.0012384340475285842,0,3,0,0,0.023359292935872137
BCS,tb_624_644#0,bo_621#0,621,624,644,2025-05-14 00:00:00,621,1,303.0,0.7783606383890904,303,1,0.7783606383890904,31,0.48516717349339256,0.014442519220862888,0.49944607496089843,0.011009260107889496,0.107709481619398,15,0,0,6,0.0
BCYC,tb_319_323#0,bo_316#0,316,319,323,2024-02-26 00:00:00,311,2,5.0,1.3347753743760398,36,3,2.670086413577798,93,1.1567793907075452,0.07473725326508159,1.6597806735816545,0.3318025637962676,0.03695608767079524,0,0,0,5,0.0
BDJ,tb_654_674#0,bo_651#0,651,654,674,2025-06-27 00:00:00,644,2,7.0,0.9083998072701964,0,1,1.0147542329619488,62,0.07646308700285671,0.011325071611977402,1.175990084430174,0.009514769302888748,0.03617185545866533,2,0,0,19,0.0
BDJ,tb_655_675#0,bo_652#0,652,655,675,2025-06-30 00:00:00,644,3,1.0,0.8960883249238147,0,1,1.0147542329619488,63,0.07806679951583302,0.007874088390909122,0.8062868579697312,0.014172217849224289,0.03621850793417097,1,0,0,20,0.0
BDRY,tb_760#0,bo_753#0,753,760,760,2025-11-26 00:00:00,751,2,2.0,0.6721406101186181,58,1,0.6721406101186181,253,0.23412865843459313,0.021505355393904912,0.854230364630946,0.03773592756753197,0.23913041900822218,1,0,0,0,0.010011140698471512
BDTX,tb_369#0,bo_366#0,366,369,369,2024-05-07 00:00:00,366,1,28.0,1.9892957746478872,28,1,1.9892957746478872,11,0.4791643968427572,0.08355089807238264,1.3356582223190894,0.11694916035039293,0.02430558269038685,0,1,0,0,0.025710427693257296
BDTX,tb_666_672#0,bo_663#0,663,666,672,2025-07-16 00:00:00,662,2,1.0,0.8997866697336107,39,3,0.8997866697336107,110,0.17213333093448532,0.11480358990678338,2.2075903252401967,0.08712112557406715,0.08925873782972239,0,7,0,0,0.0
BE,tb_506_507#0,bo_503#0,503,506,507,2024-11-20 00:00:00,495,3,5.0,11.76124392611946,115,6,11.76124392611946,410,0.808136132958848,0.0899681589720363,2.796558818137785,0.9537892778093906,0.17804427268158562,0,0,0,2,0.0
BE,tb_510_518#0,bo_505#0,505,510,518,2024-11-26 00:00:00,495,4,2.0,2.06010666105657,115,7,11.76124392611946,431,1.5820562254863577,0.0505200819649772,0.8596411356577858,1.1950093040539445,0.11982225900306413,0,5,0,4,0.034677368123373464
BE,tb_643_644#0,bo_640#0,640,643,644,2025-06-11 00:00:00,637,2,3.0,0.8445920671574193,13,1,1.1609876632034302,16,1.1633269117244371,0.048855578193195116,0.9541588798608146,0.19146607595900877,0.7800606403190333,2,0,0,0,0.016069805805117843
BEAM,tb_668_676#0,bo_661#0,661,668,676,2025-07-18 00:00:00,657,2,4.0,1.8683569404466556,94,3,1.8683569404466556,52,1.1751847670282072,0.09329188627796128,1.786953371409146,0.2241870076377721,0.18176206259119923,0,7,0,2,0.07510628941226903
BEEP,tb_334_335#0,bo_327#0,327,334,335,2024-12-24 00:00:00,325,2,2.0,1.2442702942481147,71,8,2.0273215821152193,209,0.3184831904247603,0.06995887721139359,1.067560746720834,0.3030303796570284,0.09950083612969862,0,1,0,1,0.0362473505799265
BELGF,tb_414_417#0,bo_411#0,411,414,417,2024-07-12 00:00:00,411,1,48.0,0.9717094723015534,48,2,0.9717094723015534,34,0.04491433864927679,0.017647111622106002,0.6679401612327452,0.4285714433159298,4.628742431191433,0,0,0,0,0.0
BELGF,tb_710_717#0,bo_707#0,707,710,717,2025-09-17 00:00:00,702,2,5.0,1.7609558384956066,139,1,3.0872949580789726,20,0.024619389990865357,0.004674978058371742,0.1259161161699575,0.0644130110539245,0.2919106024103686,8,0,0,0,0.0
BELGF,tb_712_717#0,bo_709#0,709,712,717,2025-09-19 00:00:00,702,3,2.0,1.7311544926131137,139,2,3.0872949580789726,51,0.026546565610347548,0.007921819399805243,0.20906760501826968,0.109989912520714,0.26781787853748884,6,0,0,0,0.0
BELGF,tb_721_730#0,bo_718#0,718,721,730,2025-10-02 00:00:00,702,5,7.0,2.7523956354231562,139,5,5.17185321158181,133,0.028317117247018873,0.028315410399692934,0.8369495612441225,0.34544228479250605,0.13284232432286108,0,0,0,10,0.05356252113636552
BEN,tb_622_642#0,bo_619#0,619,622,642,2025-05-12 00:00:00,616,2,3.0,1.4488612391907634,0,1,1.8975220875475245,34,0.6112709230594231,0.023992787821842408,0.8119672582042168,0.09178212776058103,0.18029560449085294,21,0,0,0,0.0
BETR,tb_708_710#0,bo_702#0,702,708,710,2025-09-15 00:00:00,698,2,4.0,1.1922928709055876,12,2,1.5611756954923173,262,1.376966423504955,0.057099351879025165,1.0893511812596512,0.1333333213090706,2.5309466332723485,3,0,0,0,0.027167410568174222
BEWFF,tb_678_680#0,bo_675#0,675,678,680,2025-08-01 00:00:00,671,2,4.0,21.233084311632872,24,2,21.233084311632872,169,0.011825225296396551,0.07816707519680377,4.904766469559073,0.2094594785076931,-0.003411320141768407,0,3,0,0,0.054469320133291296
BFLY,tb_416#0,bo_413#0,413,416,416,2024-07-16 00:00:00,410,3,2.0,2.1945908733280883,31,3,2.1945908733280883,76,0.07003666890938409,0.10370369127584932,1.998952661155575,0.17647055267590694,0.718750075669961,0,1,0,0,0.0
BFLY,tb_779_780#0,bo_776#0,776,779,780,2025-12-24 00:00:00,776,1,18.0,1.0068302824738284,18,1,1.0068302824738284,9,0.2647923437899976,0.0509317160912812,0.7741921809008798,0.0318840271233265,0.2899556763072848,0,1,0,1,0.0
BGC,tb_658_659#0,bo_655#0,655,658,659,2025-07-03 00:00:00,654,2,1.0,1.530014652375237,27,2,6.246634683305863,84,0.27337782997524823,0.0082796829379417,0.32648026789410184,0.02710838429537965,0.010604086677858393,0,2,0,0,0.0
BGH,tb_654_660#0,bo_651#0,651,654,660,2025-06-27 00:00:00,644,2,7.0,1.2937954435288415,0,1,1.2937954435288415,61,0.11381405648582092,0.006493469498212472,0.7782687536161662,0.01880721509433747,0.07335329312857373,7,0,0,0,0.002622987346290527
BGSF,tb_657_661#0,bo_654#0,654,657,661,2025-07-02 00:00:00,647,2,7.0,5.565991221213397,25,2,37.6836806368532,62,0.2683694883234899,0.09090906839021615,1.8735989376842925,0.5696516763907613,0.02781212735672849,0,3,0,2,0.0
BHC,tb_689_690#0,bo_686#0,686,689,690,2025-08-18 00:00:00,686,1,41.0,0.9372867383401464,41,1,0.9372867383401464,12,0.3388857706459385,0.08975831652880091,2.3016597347373446,0.024285725184849394,0.0025673916591080204,0,2,0,0,0.03836926726253396
BHFAO,tb_297_313#0,bo_291#0,291,297,313,2024-01-24 00:00:00,290,2,1.0,0.6938667792673915,0,1,0.6938667792673915,64,0.4097325476046098,0.012209981310001559,0.5935470106604064,0.021916709849471028,0.036924152076619296,0,0,0,17,0.0
BHFAO,tb_299_310#0,bo_296#0,296,299,310,2024-01-26 00:00:00,290,3,5.0,0.40006978367062107,0,2,0.6941052631578948,222,0.3784143802182266,0.01945215405834028,1.0496964254477086,0.04426293904273204,0.030162375687970977,0,0,0,12,0.0
BHLL,tb_699_701#0,bo_696#0,696,699,701,2025-09-02 00:00:00,696,1,55.0,1.1602113512229875,55,1,1.1602113512229875,8,0.2669384606116973,0.17037033747860414,3.015675697289714,0.08510637526939857,0.42857424414542883,0,0,0,3,0.0
BHLL,tb_769_779#0,bo_766#0,766,769,779,2025-12-10 00:00:00,764,2,2.0,1.331105817986216,33,3,1.331105817986216,64,0.36552826368470687,0.11282051317880129,2.106540197916655,0.1933333079020183,0.3471098776995695,9,2,0,0,0.039106127818086735
BHLL,tb_778_779#0,bo_771#0,771,778,779,2025-12-23 00:00:00,764,3,5.0,0.49993934121983513,33,4,1.8928105351627191,209,0.4507016686365117,0.15639812782825444,2.5626712528101394,0.2866666884649367,0.36240790696548275,2,0,0,0,0.09313725130086722
BHR,tb_416_423#0,bo_413#0,413,416,423,2024-07-16 00:00:00,413,1,19.0,0.9998352369664468,19,1,0.9998352369664468,19,0.13543164526639104,0.080103432411826,2.060232157472738,0.05084732978584028,0.07906323472669577,0,8,0,0,0.0
BHR,tb_422_427#0,bo_415#0,415,422,427,2024-07-24 00:00:00,413,2,2.0,5.071752977014677,19,2,5.071752977014677,238,0.1357868430025541,0.07235142874452485,1.8559856354385242,0.2169490919699577,0.031194609085523628,0,6,0,0,0.05333348025907812
BHST,tb_685#0,bo_682#0,682,685,685,2025-08-12 00:00:00,681,2,1.0,2.4875536480686695,37,2,2.4875536480686695,634,0.30234312562100935,0.1337894640470806,4.203832668054371,0.08000005086263018,0.40504947015590753,0,1,0,0,0.0
BHST,tb_686_687#0,bo_683#0,683,686,687,2025-08-13 00:00:00,681,3,1.0,7.162412993039443,37,3,7.162412993039443,645,0.3014615051259505,0.10134856864273452,3.240878917867275,0.16800003051757817,0.3686878777339603,0,2,0,0,0.0
BIOA,tb_274#0,bo_268#0,268,274,274,2025-10-30 00:00:00,268,1,16.0,13.550568482284506,16,1,13.550568482284506,15,0.28943465426454057,0.1093023828327985,3.2477124636169705,0.1415094288696639,0.8706338942389991,1,0,0,0,0.044025146293043854
BIOA,tb_274#1,bo_269#0,269,274,274,2025-10-30 00:00:00,268,2,1.0,25.5020144664609,16,2,25.5020144664609,208,0.3266178891584692,0.1093023828327985,2.8779823924510937,0.4999999100307282,0.8706338942389991,1,0,0,0,0.044025146293043854
BIOA,tb_294#0,bo_291#0,291,294,294,2025-11-28 00:00:00,290,2,1.0,0.879180994060644,21,1,0.879180994060644,22,0.4626876223618985,0.027027051140835392,0.56193469700919,0.06402796053142867,1.528977932438052,1,0,0,0,0.015317323639383826
BIRD,tb_641#0,bo_638#0,638,641,641,2025-06-09 00:00:00,632,2,6.0,1.3577932000509358,37,2,1.3577932000509358,75,0.47432410089937443,0.15053763741580536,3.2467250956318807,0.2090909294517247,0.27353817513807965,0,0,0,1,0.0
BIRD,tb_646#0,bo_642#0,642,646,646,2025-06-16 00:00:00,632,4,1.0,9.092802212045278,37,6,9.092802212045278,153,0.5685030181617645,0.16731521465983662,3.7818630746351087,0.862121233248295,0.13780602851875345,0,1,0,0,0.14239218921333044
BIREF,tb_647_650#0,bo_644#0,644,647,650,2025-06-17 00:00:00,637,2,7.0,2.2914155399902265,15,2,8.52720715069782,401,0.1180963656869167,0.01967801976954866,0.9233665111036224,0.11316867949882581,0.02089602834529042,0,4,0,0,0.0
BKTI,tb_440#0,bo_437#0,437,440,440,2024-08-19 00:00:00,435,2,2.0,1.5589129377431905,98,3,6.431554524361949,297,0.7115775167514166,0.11605801507692798,3.26036115561348,0.2628111414853358,0.5236641788951335,1,0,0,0,0.03420290739639946
BKTI,tb_445#0,bo_441#0,441,445,445,2024-08-26 00:00:00,435,3,4.0,3.9962815114562256,98,4,6.431554524361949,390,0.8787027339328783,0.04535147549208299,1.1380412981352885,0.5153734256344866,0.4003742614264951,1,0,0,0,0.0246350781773648
BKV,tb_156_176#0,bo_153#0,153,156,176,2025-05-13 00:00:00,153,1,100.0,0.6814083483005733,100,1,0.6814083483005733,7,0.8280960801719645,0.02941175720608451,0.797008781004074,0.049234112949884556,0.12410178433688851,3,4,0,14,0.0
BLDP,tb_713#0,bo_710#0,710,713,713,2025-09-22 00:00:00,708,2,2.0,2.572754799132407,13,5,2.572754799132407,283,0.11288397180209123,0.08304498298442137,2.1260769417071224,0.21739133439427683,0.42361102142820006,1,0,0,0,0.0
BLDP,tb_715#0,bo_712#0,712,715,715,2025-09-24 00:00:00,708,3,2.0,1.3957005007556058,13,6,2.572754799132407,298,0.13544587014238732,0.07570978036610262,1.7719256355652884,0.32367154487988015,0.3712374219248926,1,0,0,0,0.0
BLFS,tb_375_387#0,bo_372#0,372,375,387,2024-05-15 00:00:00,372,1,64.0,4.238220509050448,64,3,4.238220509050448,62,0.9597219085983065,0.040259752805969884,0.9690310253874121,0.0849528410439393,0.0822781889764985,0,0,0,13,0.0
BLIN,tb_323#0,bo_320#0,320,323,323,2024-03-01 00:00:00,315,2,5.0,1.7297397769516727,153,2,3.1794069192751238,109,0.054666453292871,0.06956515249097145,1.463418950511783,0.1111111405455043,0.25663713546616695,0,0,0,1,0.0
BLND,tb_377#0,bo_374#0,374,377,377,2024-05-17 00:00:00,374,1,39.0,0.9509148649397168,39,1,0.9509148649397168,10,0.23238122119863527,0.06249997728481505,0.8821707823405595,0.046428613091002324,0.04113920015548511,0,1,0,0,0.012499987892806711
BLND,tb_708_711#0,bo_703#0,703,708,711,2025-09-15 00:00:00,702,2,1.0,2.786419350048217,205,6,3.355168179545115,148,0.2370393835262368,0.05908591648471192,1.11795913143447,0.1972602113368358,0.04117251602594224,0,4,0,0,0.032036583558785296
BLNK,tb_712_713#0,bo_707#0,707,712,713,2025-09-19 00:00:00,706,2,1.0,1.5271744177211986,9,2,1.5271744177211986,36,0.0858099942643457,0.12422363099793945,2.330731395548134,0.18584074250719507,0.6896118302200323,2,0,0,0,0.007352934086817846
BLZE,tb_702_704#0,bo_697#0,697,702,704,2025-09-05 00:00:00,682,5,4.0,1.1380848461593802,52,4,4.724981597672544,196,0.37274449904259976,0.03107350964417928,0.7377723156503536,0.5700934146291683,0.20455603849839887,0,0,0,3,0.019161771709795206
BMEA,tb_473_475#0,bo_467#0,467,473,475,2024-10-04 00:00:00,461,2,6.0,6.297827626698478,30,1,6.297827626698478,19,0.6424445582848756,0.16229489827513516,3.0337238906816184,0.1585955725959729,0.21558153839330654,0,3,0,0,0.05940597611961833
BMPA,tb_675_676#0,bo_672#0,672,675,676,2025-07-29 00:00:00,672,1,191.0,1.833278751354053,191,1,1.833278751354053,16,0.24191192185720983,0.06148861620695474,0.7854090751014271,0.045454500672694964,0.7985143092312644,0,2,0,0,0.0
BMRRY,tb_612_632#0,bo_606#0,606,612,632,2025-04-28 00:00:00,604,2,2.0,0.4598795738767948,460,1,25.890679886685554,44,0.6029219325455636,0.02297897209569501,0.6446075730534027,0.07798740027652684,0.027983209614180528,0,21,0,0,0.008868096467151232
BMWKY,tb_623_630#0,bo_620#0,620,623,630,2025-05-13 00:00:00,620,1,,0.22326925903545589,0,1,0.22326925903545589,8,0.7536581533192824,0.029215633511766,1.0927235315707138,0.02979306516851188,0.1420488793134932,8,0,0,0,0.0
BNKU,tb_87_91#0,bo_84#0,84,87,91,2025-06-26 00:00:00,84,1,24.0,0.9162383816293056,24,2,0.9162383816293056,60,0.7505071835143833,0.034032700401868114,0.9726774981241344,0.026133321126302178,0.18339126715922255,0,0,0,5,0.0
BNR,tb_669#0,bo_663#0,663,669,669,2025-07-21 00:00:00,663,1,19.0,0.40085637680579456,19,1,0.40085637680579456,19,0.2788370885264094,0.05,0.896580872082667,0.05954773553269477,1.2273182899949195,1,0,0,0,0.05037158648963972
BNR,tb_669_670#0,bo_664#0,664,669,670,2025-07-21 00:00:00,663,2,1.0,0.8283492343461877,19,1,0.8283492343461877,20,0.29663443062664363,0.05,0.8427882072619559,0.16331660609357157,1.0679237769298369,2,0,0,0,0.05037158648963972
BNR,tb_740_743#0,bo_737#0,737,740,743,2025-10-29 00:00:00,734,2,3.0,2.4968196496721795,45,3,2.4968196496721795,507,0.6421634172330295,0.0911786184659346,1.915399584012715,0.5005747806192766,0.9127035615666472,4,0,0,0,0.10379168626855118
BNTC,tb_322#0,bo_319#0,319,322,322,2024-02-29 00:00:00,316,2,3.0,5.978808353808354,81,3,5.978808353808354,75,0.2577382156166719,0.08653066427793961,1.6450810843073314,0.4290540420808786,0.5298969530301625,1,0,0,0,0.0
BNTC,tb_582_587#0,bo_579#0,579,582,587,2025-03-14 00:00:00,572,2,7.0,1.1200627863023351,52,2,1.1200627863023351,46,0.9223353763063227,0.05003272369073583,0.8294166774631929,0.16476775982317982,0.07168335845893481,0,6,0,0,0.0
BNTC,tb_583_587#0,bo_580#0,580,583,587,2025-03-17 00:00:00,572,3,1.0,0.7490725768096642,52,3,1.1200627863023351,56,0.9441686094893811,0.07952413503622022,1.345099217448571,0.2699386472300984,0.060235136135024805,0,5,0,0,0.0
BODI,tb_763_766#0,bo_758#0,758,763,766,2025-12-02 00:00:00,753,2,5.0,1.6859692332539264,45,4,1.6859692332539264,346,0.6761878319328455,0.13739765790078837,2.2331076626528223,0.5151515197606413,0.22777743047522264,0,0,0,4,0.05888885921902127
BOF,tb_412_417#0,bo_407#0,407,412,417,2025-02-07 00:00:00,402,2,5.0,1.7156276222146254,48,3,1.7156276222146254,66,0.16455375893959023,0.09433961924644257,1.519260341489848,0.1827410608464779,0.12564321861480998,0,6,0,0,0.042735003547240656
BOF,tb_516_524#0,bo_510#0,510,516,524,2025-07-10 00:00:00,506,2,4.0,1.24051669909446,29,2,1.24051669909446,31,0.15715205817518732,0.048780443229294215,0.8908560798454769,0.15044244053276223,0.11378266022848818,0,9,0,0,0.08664260331744393
BOF,tb_529#0,bo_523#0,523,529,529,2025-07-29 00:00:00,506,4,8.0,2.3288304774579935,29,4,2.3288304774579935,70,0.15285394715852912,0.16129032754253042,3.271096424362767,0.3097345356803427,-0.03846150319251662,0,1,0,0,0.14482760775245115
BOLT,tb_284#0,bo_281#0,281,284,284,2024-01-04 00:00:00,281,1,9.0,6.057247352635122,9,2,6.057247352635122,38,1.262617657729537,0.040650405873703284,0.7920053975787247,0.04672897279559285,0.08403361613918325,0,0,0,1,0.03252037121966027
BORR,tb_696_698#0,bo_693#0,693,696,698,2025-08-27 00:00:00,681,4,7.0,1.5247723179615527,9,4,2.599308051857051,101,0.16344245312518413,0.057239082375866,1.040121908619045,0.25345619031295463,0.11141805648281837,0,0,0,3,0.0
BPYPM,tb_332_338#0,bo_327#0,327,332,338,2024-03-14 00:00:00,326,2,1.0,0.6766078184110971,0,1,0.6766078184110971,84,0.21929721179686495,0.022503515854347574,1.1669245832145474,0.04055094591865949,0.08616538294100606,2,0,0,5,0.0014705988093156573
BPYPM,tb_460_461#0,bo_457#0,457,460,461,2024-09-17 00:00:00,455,2,2.0,1.053138492195284,128,1,1.053138492195284,387,0.27554776341527615,0.02529413559857529,1.3136798359842965,0.018342848011877688,0.08495884751983795,0,0,0,2,0.0
BRCC,tb_403#0,bo_400#0,400,403,403,2024-06-26 00:00:00,397,2,3.0,1.406805711703165,14,2,1.4161717473375781,319,0.29227724485863477,0.09635850675168704,2.35392846156929,0.01748809764412118,0.016819592378596537,0,1,0,0,0.038235326704268546
BRFH,tb_553_554#0,bo_546#0,546,553,554,2025-01-31 00:00:00,546,1,132.0,3.437044745057232,132,4,3.437044745057232,72,0.24273331857287248,0.04810127972830664,0.7827522745437103,0.1855669917270395,0.2316481889462768,0,0,0,2,0.04699734514993105
BRLT,tb_688_694#0,bo_685#0,685,688,694,2025-08-15 00:00:00,682,2,3.0,0.4445953941554799,12,2,1219.8974804517811,104,0.16482820535304063,0.10170206523254327,1.2895960367418557,0.44927536372648946,0.5287499706478945,7,0,0,0,0.0
BRLT,tb_692_694#0,bo_688#0,688,692,694,2025-08-21 00:00:00,682,3,3.0,0.4199707359632594,12,3,1219.8974804517811,141,0.17393848583647437,0.06976742544933326,0.8436761588484021,0.6956520852311694,0.4756692971172772,3,0,0,0,0.08119651363498838
BRLT,tb_700_702#0,bo_695#0,695,700,702,2025-09-03 00:00:00,682,4,7.0,1.2562028477313782,12,5,1219.8974804517811,323,0.1775793129771051,0.09999998461815571,1.745698513990245,1.2487562546639541,0.036189020645400825,0,0,0,3,0.04946991881973533
BRN,tb_358#0,bo_355#0,355,358,358,2024-04-22 00:00:00,353,2,2.0,2.1219022103148024,56,2,10.23759069446044,165,0.13439110539837962,0.033898353028728144,0.744097927870405,0.0648855281372156,0.0958903986554498,0,1,0,0,0.0
BRSL,tb_687_701#0,bo_680#0,680,687,701,2025-08-14 00:00:00,675,2,5.0,1.3490180356195014,13,1,2.956461808823407,17,0.4168382584570249,0.026700583358297416,0.9564999001474696,0.10076970823539577,0.15423745757823012,15,0,0,0,0.019961309497466037
BRTX,tb_546_550#0,bo_543#0,543,546,550,2025-01-22 00:00:00,537,3,2.0,2.094349142280525,74,6,2.094349142280525,80,0.1321211319608619,0.1666666997803569,3.0275254944524943,0.2735849389037408,0.10301254322123662,0,5,0,0,0.027160525514554366
BRVMF,tb_206_211#0,bo_200#0,200,206,211,2025-06-12 00:00:00,198,2,2.0,0.4862912189699889,73,1,0.9662216702887302,11,0.09987579778150317,0.059457132937099,1.3817162366601807,0.17033605900846194,0.2428884372059029,5,0,0,1,0.05194800369332062
BRVMF,tb_206#0,bo_201#0,201,206,206,2025-06-12 00:00:00,198,3,1.0,1.063555114200596,73,2,1.063555114200596,36,0.10224180486876536,0.059457132937099,1.3497415428182693,0.2369641081262821,0.2477230809585209,1,0,0,0,0.05194800369332062
BSBR,tb_750_764#0,bo_745#0,745,750,764,2025-11-12 00:00:00,741,2,4.0,0.9227420388499702,22,2,0.9358089365232888,493,0.12465050545464572,0.012598446907414042,0.6177480210719096,0.08407865522929403,0.08697872626273735,1,10,0,4,0.0082508512530006
BSEM,tb_493#0,bo_490#0,490,493,493,2024-11-01 00:00:00,488,2,2.0,3.106488070322311,54,2,3.106488070322311,147,0.8732355746792562,0.0698280414432357,1.5345230902669986,0.21359085542269596,0.5232884707093959,1,0,0,0,0.0
BSIN,tb_347_349#0,bo_344#0,344,347,349,2024-04-05 00:00:00,343,2,1.0,6.218976237117793,105,1,6.218976237117793,65,0.0432182835973518,0.09701491939806427,3.007986074662025,0.14814811135515904,0.28542693124599233,2,1,0,0,0.0
BTBT,tb_415_428#0,bo_409#0,409,415,428,2024-07-15 00:00:00,397,3,7.0,2.89879858298844,22,5,5.860337773780468,96,0.28460077956698837,0.08076013052426037,1.1946564345508497,0.33707858847632854,0.0746958733329708,0,14,0,0,0.06896551506065508
BTBT,tb_415_428#1,bo_410#0,410,415,428,2024-07-15 00:00:00,397,4,1.0,3.276346074270716,22,6,5.860337773780468,96,0.30712928850024407,0.08076013052426037,1.1070261460512596,0.4119849712361834,0.0746958733329708,0,14,0,0,0.06896551506065508
BTCY,tb_689#0,bo_686#0,686,689,689,2025-08-18 00:00:00,686,1,68.0,2.1355818029557407,68,1,2.1355818029557407,16,0.05867181167868396,0.06249994179233778,0.6817577420667874,0.08000004291534424,0.20576000213623047,0,0,0,1,0.008503089066751793
BTCY,tb_697#0,bo_694#0,694,697,697,2025-08-28 00:00:00,686,3,6.0,1.2094267078507395,68,3,5.225132863662805,75,0.06906243602042854,0.24953552332912343,2.5281472130261227,0.3056999444961548,0.3221052820904875,0,0,0,1,0.12843680798100612
BTDR,tb_517#0,bo_514#0,514,517,517,2024-12-06 00:00:00,509,3,2.0,2.2949786406923223,10,6,4.487338612876495,349,1.4684265988199192,0.19854615146705093,2.9759749944227987,0.28162911704881277,0.28462634350740257,0,0,0,1,0.0
BTDR,tb_518_520#0,bo_515#0,515,518,520,2024-12-09 00:00:00,509,4,1.0,3.440192557555585,10,7,4.487338612876495,417,1.5221104322634111,0.12992130977276686,1.9512389888075787,0.3934142094333266,0.36352369791996203,0,0,0,3,0.018086676057854485
BTDR,tb_623#0,bo_620#0,620,623,623,2025-05-13 00:00:00,620,1,85.0,1.7030229284073872,85,1,1.7030229284073872,31,1.0222203727685073,0.0872131097512167,1.301089235879715,0.19295149839455017,0.12474006923027714,0,0,0,1,0.0
BTG,tb_460_468#0,bo_457#0,457,460,468,2024-09-17 00:00:00,457,1,41.0,3.60351544930118,41,2,3.60351544930118,30,0.09141462453118586,0.029673506859905534,1.0555318251204473,0.13138693437790883,0.06552530982138517,0,9,0,0,0.014969988781163896
BTMCQ,tb_635_640#0,bo_632#0,632,635,640,2025-05-30 00:00:00,621,4,6.0,4.515355940683651,32,6,37.47922485553109,133,2.181345915584268,0.11380141907794636,1.5082426792898151,1.4437086726080186,0.5982106495357842,2,0,0,4,0.027100300619707394
BTMD,tb_321_323#0,bo_318#0,318,321,323,2024-02-28 00:00:00,317,2,1.0,2.2314334198442802,152,2,2.2314334198442802,73,0.4325777490406912,0.11195162375312677,1.7106757099651764,0.21975809358967435,0.27269848823065107,0,0,0,3,0.07603306175947389
BTU,tb_469_470#0,bo_466#0,466,469,470,2024-09-30 00:00:00,466,1,,1.3476675459750203,0,1,1.3476675459750203,24,0.811511348500341,0.01729327012121915,0.5531001277337192,0.016680319939076815,0.13282322625585774,0,0,0,2,0.0
BTU,tb_712_714#0,bo_709#0,709,712,714,2025-09-19 00:00:00,702,2,7.0,1.0193418293273109,17,2,1.503205539278475,162,0.8015044647303652,0.058592046498272383,1.658760384035978,0.1781610585966229,0.5514899238423562,3,0,0,0,0.0
BTU,tb_713_714#0,bo_710#0,710,713,714,2025-09-22 00:00:00,702,3,1.0,1.8962258497315172,17,3,1.8962258497315172,176,0.7966972440904536,0.053282184517531875,1.5566874465494691,0.22241398416312275,0.5352014426646624,2,0,0,0,0.0
BULZ,tb_397_400#0,bo_394#0,394,397,400,2024-06-17 00:00:00,394,1,71.0,0.8929472837288248,71,1,0.8929472837288248,13,0.6346636438214607,0.06139866925614902,1.597695086463435,0.03969043097087899,0.24367301811192077,4,0,0,0,0.0
BULZ,tb_398#0,bo_395#0,395,398,398,2024-06-18 00:00:00,394,2,1.0,0.7044739467423835,71,2,0.8929472837288248,67,0.6476162396014429,0.02778677331342561,0.7085964128909732,0.07078959955970099,0.22733155535155736,1,0,0,0,0.00282743435509185
BULZ,tb_648_664#0,bo_641#0,641,648,664,2025-06-18 00:00:00,638,2,3.0,0.6513917951783925,15,1,1.5871390344189247,17,0.8640021678267065,0.040587386940125036,0.7453685620091283,0.03288837719465176,0.2713846829528565,11,0,0,6,0.040881737024683375
BULZ,tb_709#0,bo_706#0,706,709,709,2025-09-16 00:00:00,706,1,21.0,0.4873871307935677,21,1,0.4873871307935677,20,0.9241022771151417,0.015513597421732132,0.3975741915117744,0.013502217992382715,0.4204443876074735,1,0,0,0,0.0
BULZ,tb_713_715#0,bo_707#0,707,713,715,2025-09-22 00:00:00,706,2,1.0,1.5895260796410544,21,1,1.5895260796410544,21,0.9007378374690825,0.022460966967627897,0.6383663914409389,0.05106524230386045,0.35144554193206995,3,0,0,0,0.01405294105489418
BV,tb_377_397#0,bo_374#0,374,377,397,2024-05-17 00:00:00,366,2,8.0,0.7792145958711054,42,2,4.234539683132016,21,0.4221141327530126,0.023178846984606757,0.7462449361815854,0.1499555911037338,0.08438564260301269,1,0,0,20,0.0
BV,tb_381#0,bo_375#0,375,381,381,2024-05-23 00:00:00,366,3,1.0,1.173986639983263,42,2,4.234539683132016,21,0.4248202688525812,0.04517029580935368,1.5300601686454596,0.18722267710501383,0.04872727827592338,0,0,0,1,0.02250356135650042
BVC,tb_452_454#0,bo_446#0,446,452,454,2024-09-05 00:00:00,441,2,5.0,4.323719042095927,290,2,204.4957214795873,36,0.10368400022066471,0.30120482533361187,2.4111724033403354,2.0631067069258426,4.274600420579906,3,0,0,0,0.10344828294942289
BVFL,tb_420_429#0,bo_417#0,417,420,429,2024-07-22 00:00:00,416,2,1.0,2.911493860845839,156,1,2.911493860845839,91,0.235879354883741,0.020467885994093913,1.187050417292828,0.03115261789538648,0.10675632859708617,5,4,0,1,0.0
BW,tb_466_468#0,bo_463#0,463,466,468,2024-09-25 00:00:00,463,1,53.0,1.2223921688589783,53,2,1.2223921688589783,29,0.10062617189972885,0.0769231420351127,1.2919115572682167,0.04411760452090707,0.6649495698044451,3,0,0,0,0.0
BW,tb_467_468#0,bo_464#0,464,467,468,2024-09-26 00:00:00,463,2,1.0,0.8774167797557276,53,2,1.2223921688589783,30,0.1045100147204461,0.11764707382312542,2.105061693835827,0.11029409895615605,0.612808997221298,2,0,0,0,0.0
BW,tb_712#0,bo_709#0,709,712,712,2025-09-19 00:00:00,707,2,2.0,2.6137886506402843,9,2,2.6137886506402843,228,0.26818033642545064,0.10704222003563653,1.4169565192113631,0.2955465630031706,1.3761467970177117,1,0,0,0,0.07102272765757131
BW-PA,tb_644_648#0,bo_641#0,641,644,648,2025-06-12 00:00:00,639,2,2.0,1.3849554114256555,176,2,3.189858223079533,70,0.9284061526505868,0.04725741785564757,0.5233983953496427,0.842546051316869,0.177046802529077,0,0,0,5,0.0
BW-PA,tb_710_711#0,bo_707#0,707,710,711,2025-09-17 00:00:00,707,1,11.0,1.025785076346874,11,1,1.025785076346874,9,0.7039964106799391,0.027999979992010312,0.6306370232109211,0.030065313614042966,0.23324129134162908,1,0,0,1,0.0
BWEN,tb_672#0,bo_666#0,666,672,672,2025-07-24 00:00:00,665,2,1.0,7.180280932858391,40,4,10.730058199246834,131,0.10569128063629334,0.13523127535954965,3.5953758317112365,0.3650793350442705,0.19762846073288354,0,1,0,0,0.11372547736309047
BWEN,tb_765_773#0,bo_760#0,760,765,773,2025-12-04 00:00:00,753,2,7.0,3.4531120483690088,23,3,3.4531120483690088,85,0.23417974394919647,0.0518292920051199,0.7259384327058858,0.19921875072759576,0.2614223266053152,0,7,0,2,0.02640261533380844
BWET,tb_595#0,bo_592#0,592,595,595,2025-09-17 00:00:00,587,2,5.0,4.823970037453184,52,2,7.856677524429967,166,0.32552441063732396,0.034083583695836896,1.628141287264872,0.12029626634385848,0.3725099269831249,0,1,0,0,0.0075376467738799925
BWET,tb_642#0,bo_636#0,636,642,642,2025-11-21 00:00:00,634,2,2.0,3.3105796089385473,22,3,5.501138952164009,596,0.734059257141367,0.0250743788937816,0.8037500335947223,0.19564636480358177,0.4568759360635837,0,1,0,0,0.025866026596281243
BWLP,tb_370_376#0,bo_367#0,367,370,376,2024-05-08 00:00:00,367,1,12.0,10.651324965132495,12,1,10.651324965132495,83,0.3550232787155579,0.03356121545879383,1.1731682926580198,0.011386522890603823,0.36495465320626447,7,0,0,0,0.0
BWLP,tb_668_679#0,bo_662#0,662,668,679,2025-07-18 00:00:00,659,2,3.0,1.5390270518637643,14,1,1.5390270518637643,14,0.315009956570079,0.0231516364203297,0.9185675949034635,0.051999978094569244,0.22541355829961338,12,0,0,0,0.02771539106177318
BWMX,tb_324_328#0,bo_321#0,321,324,328,2024-03-04 00:00:00,319,2,2.0,2.207620361191328,41,2,3.438299232736573,95,0.6197465196380937,0.035956254031000764,0.8865994715737847,0.12313656672137174,0.15593179104815805,1,0,0,4,0.0
BWMX,tb_676#0,bo_673#0,673,676,676,2025-07-30 00:00:00,671,2,2.0,4.407036613272311,11,2,4.407036613272311,64,0.4066929474749637,0.08197585779982598,2.4696057988576836,0.16224798137740493,0.09878427333692463,0,0,0,1,0.0
BWMX,tb_677#0,bo_674#0,674,677,677,2025-07-31 00:00:00,671,3,1.0,7.588614970865083,11,3,7.588614970865083,107,0.4977614270440259,0.05302464674700572,1.317959017928292,0.3085894180964377,0.09961987821068918,0,0,0,1,0.0007599033905463438
BWNB,tb_374_385#0,bo_367#0,367,374,385,2024-05-14 00:00:00,363,2,4.0,1.1029536341559836,0,2,1.7645530145530146,37,0.7236761521485365,0.053846328275093835,1.1412058715076798,0.218487380306996,0.14684790733120753,0,0,0,12,0.01719215546702671
BWNB,tb_701_721#0,bo_696#0,696,701,721,2025-09-04 00:00:00,696,1,11.0,3.645724907063197,11,1,3.645724907063197,11,0.665172791343566,0.021881973153038737,0.7027599845331309,0.08226609227431503,0.09433233448567278,6,0,0,15,0.0009025989491590243
BYDDF,tb_629_631#0,bo_626#0,626,629,631,2025-05-21 00:00:00,625,2,1.0,0.9389392141919974,41,2,1.5199971381555413,38,0.8141998138416742,0.06114992207539324,1.4901179774744555,0.04419477335295574,0.01721825090530445,0,3,0,0,0.00017939021230816064
BYRN,tb_316_323#0,bo_313#0,313,316,323,2024-02-21 00:00:00,303,3,4.0,3.846451635303104,28,3,3.846451635303104,255,0.7068874926382414,0.10633112811623928,1.8531937254303517,0.6011395728856805,0.2859795559310813,0,0,0,8,0.04398337963336328
BYRN,tb_501_503#0,bo_498#0,498,501,503,2024-11-13 00:00:00,497,2,1.0,0.984495661110919,40,1,1.0451474581923865,15,1.2250013689751793,0.055211544951475296,0.873468162504477,0.0978670301557929,0.674403698326942,3,0,0,0,0.0
BZ,tb_582_594#0,bo_579#0,579,582,594,2025-03-14 00:00:00,576,2,3.0,1.6598208570341633,13,1,1.6598208570341633,16,0.7932454090734838,0.042402835700830324,1.0515439189163147,0.06592766108183956,0.017118535810772186,0,13,0,0,0.0
BZ,tb_585#0,bo_582#0,582,585,585,2025-03-19 00:00:00,576,3,3.0,2.276495368709219,13,3,2.276495368709219,168,0.857544759693491,0.021143615473373036,0.5095070098880212,0.1522753961636003,-0.00048640941631694634,0,1,0,0,0.0
BZFD,tb_517_518#0,bo_513#0,513,517,518,2024-12-06 00:00:00,508,2,5.0,1.4556848579695376,9,2,4.9381772179748085,133,0.3728665860150331,0.08274644443591883,1.2605039116395942,0.4123077392578125,0.03913507534743188,0,2,0,0,0.023965169903618643
CAAP,tb_624_625#0,bo_621#0,621,624,625,2025-05-14 00:00:00,619,2,2.0,1.2749832077020673,142,1,1.2749832077020673,9,0.7655316027181855,0.018757103526659605,0.5421081429607781,0.05701317283119445,0.02106073669932851,0,0,0,2,0.0041152331565729085
CAE,tb_511_524#0,bo_507#0,507,511,524,2024-11-27 00:00:00,501,2,6.0,1.1726759143834706,0,2,3.8125800000000005,257,0.5926818779145898,0.02046033934221348,0.8098772041508242,0.20589754567744767,0.10146037153073455,3,0,0,11,0.01758901144597404
CAE,tb_660_662#0,bo_654#0,654,660,662,2025-07-08 00:00:00,654,1,32.0,1.8150295065500357,32,1,1.8150295065500357,91,0.5743390646565086,0.013607695281518145,0.7138637655742874,0.047761221010612864,0.012698810637725044,0,3,0,0,0.009907786504677794
CAF,tb_716_719#0,bo_710#0,710,716,719,2025-09-25 00:00:00,706,2,4.0,2.3307436182019976,0,1,2.8270344827586205,236,0.2374157904606971,0.009779941408490582,0.663521012111849,0.05177996165125309,0.15688478223857544,4,0,0,0,0.01600000476861204
CAHPF,tb_347_367#0,bo_344#0,344,347,367,2024-04-05 00:00:00,344,1,64.0,1.35117599351176,64,1,1.35117599351176,17,0.07523448445363412,0.022988484747558928,0.7577738457425953,0.021834048216422763,0.056867219967681085,0,4,0,17,0.0
CAHPF,tb_605_607#0,bo_602#0,602,605,607,2025-04-16 00:00:00,602,1,20.0,2.435700575815739,20,1,2.435700575815739,8,0.20887924347082237,0.031954951333088524,0.8004912829734999,0.13809539090259104,0.20761027964681444,3,0,0,0,0.009615381926002003
CAHPF,tb_607_608#0,bo_604#0,604,607,608,2025-04-21 00:00:00,602,2,2.0,1.7753236862147754,20,1,2.5113516367476243,10,0.24775010321034582,0.03669721399350012,0.7939950917397592,0.23809529855857914,0.16222069692860241,1,0,0,1,0.009615381926002003
CANG,tb_324_333#0,bo_317#0,317,324,333,2024-03-04 00:00:00,306,4,1.0,2.0753397013318984,0,4,7.847482852335965,310,0.4403271197217978,0.17553188143514598,3.7472132526671453,0.47899167610590565,0.10581609321758137,0,0,0,10,0.0792682480060356
CAPR,tb_335_337#0,bo_332#0,332,335,337,2024-03-19 00:00:00,328,2,4.0,1.0923785266457682,61,2,2.888340841511505,115,0.35144567652475994,0.07617724790586257,1.5649636647584613,0.22420637360986362,0.06435943373594648,0,3,0,0,0.0
CAPR,tb_344_349#0,bo_337#0,337,344,349,2024-04-02 00:00:00,328,4,4.0,1.5838467631249586,61,3,3.608353106925701,130,0.4263081112740194,0.059065974283413,1.0086608577320468,0.3650793981179692,0.02156238006383515,0,6,0,0,0.07267441739579548
CARV,tb_671#0,bo_668#0,668,671,671,2025-07-23 00:00:00,662,4,1.0,6.395173176123803,243,8,6.395173176123803,410,0.1421131183735467,0.20000002980232195,4.503455502411282,0.43646408112027757,0.4980544765130326,0,1,0,0,0.06884060068006309
CATO,tb_699_719#0,bo_694#0,694,699,719,2025-09-02 00:00:00,692,2,2.0,2.378443623970463,50,2,59.81217611122815,103,0.236506879314275,0.09230770520607644,1.775847186820477,0.4295774878454792,0.07059149165134959,0,7,0,14,0.027093570602495502
CATO,tb_702_716#0,bo_699#0,699,702,716,2025-09-05 00:00:00,692,3,5.0,2.1942943956785954,50,3,59.81217611122815,174,0.23555599303088887,0.06666665299391689,1.3160350487830306,0.5316901535558411,0.05165093392954992,0,4,0,11,0.029885084434708442
CATX,tb_349_350#0,bo_344#0,344,349,350,2024-04-09 00:00:00,337,2,7.0,2.44035917791041,13,2,2.5616719947867446,8,1.0204791184401878,0.09375,1.4698977890824112,0.21666669845581055,0.24441853868009045,0,0,0,2,0.013888876011341837
CBAN,tb_418#0,bo_415#0,415,418,418,2024-07-18 00:00:00,413,2,2.0,2.418181818181818,0,1,2.418181818181818,115,0.3487041471936289,0.023775210445619484,0.8897276037059493,0.06971166468044743,0.15750917543453258,1,0,0,0,0.0036496131481143492
CBAN,tb_423#0,bo_416#0,416,423,423,2024-07-25 00:00:00,413,3,1.0,3.295656235404017,0,2,3.295656235404017,141,0.3446144946925012,0.02573017264356723,1.0094116449740762,0.09375014732052223,0.13677710906881368,1,0,0,0,0.00732596322794802
CBAT,tb_386#0,bo_383#0,383,386,386,2024-05-31 00:00:00,375,2,8.0,10.679671147746154,90,2,10.679671147746154,238,0.08938362849463868,0.08484847740474581,1.566282193425193,0.22881365435386192,0.2682926474689795,0,1,0,0,0.0
CBL,tb_417_427#0,bo_414#0,414,417,427,2024-07-17 00:00:00,414,1,,0.8447153890160184,0,1,0.8447153890160184,373,0.4192823597402007,0.014800808020911313,0.8049145356897607,0.018017918000479805,0.056401362188044146,0,0,0,11,0.0
CBL,tb_421_427#0,bo_417#0,417,421,427,2024-07-23 00:00:00,414,2,3.0,1.0446999857813166,0,2,1.2607865869972354,406,0.454212850789946,0.01630012709427574,0.8192127245777455,0.06879587563581202,0.05594299472660978,0,0,0,7,0.02183900348415048
CBLL,tb_287#0,bo_280#0,280,287,287,2025-12-04 00:00:00,279,2,1.0,3.106496300991196,106,2,3.7750752284613425,78,0.6860756573314389,0.07379558501682419,2.0741157633084724,0.17375365292562317,0.27049610487529274,1,0,0,0,0.02536026077138014
CBUS,tb_340_349#0,bo_333#0,333,340,349,2024-03-26 00:00:00,328,2,5.0,2.099238854657485,55,2,2.099238854657485,45,1.0666460075831936,0.09749785155857864,2.118791251094207,0.095675700419658,0.040299614252834216,0,7,0,3,0.09011204674109569
CBUS,tb_340_349#1,bo_334#0,334,340,349,2024-03-26 00:00:00,328,3,1.0,1.169884740419663,55,2,2.099238854657485,46,1.1618855512222708,0.09749785155857864,1.9451143243018898,0.15189186302391255,0.040299614252834216,0,7,0,3,0.09011204674109569
CCCC,tb_322_331#0,bo_319#0,319,322,331,2024-02-29 00:00:00,317,2,2.0,0.32346184518937987,47,4,0.4614474684255608,279,0.7522047918760505,0.07036061554854853,1.06354040731329,0.31172416950094295,0.06017694192622995,0,10,0,0,0.0
CCEL,tb_341_352#0,bo_338#0,338,341,352,2024-03-27 00:00:00,338,1,11.0,2.4599519423307967,11,2,2.4599519423307967,53,0.4284139930824401,0.05405411738324432,0.9383697372372022,0.06125829960437712,0.27308636479222176,1,0,0,11,0.004975167976182756
CCEL,tb_500_501#0,bo_497#0,497,500,501,2024-11-12 00:00:00,491,2,6.0,4.354470513633482,129,3,50.066098081023455,75,0.4528188885276438,0.06150582236860742,1.1702748005566854,0.4312715013911901,0.012862552843320385,0,0,0,2,0.0
CCL,tb_462_465#0,bo_459#0,459,462,465,2024-09-19 00:00:00,459,1,43.0,0.9699128695296927,43,1,0.9699128695296927,13,0.6031082982964346,0.019483882903858465,0.6037841592022994,0.033024245311608524,0.32779966040680913,4,0,0,0,0.0
CCL,tb_501_521#0,bo_496#0,496,501,521,2024-11-13 00:00:00,489,2,7.0,1.7626926607373186,13,1,1.7626926607373186,16,0.7136824732473258,0.020539679035396254,0.7033019894229613,0.15877559982275335,0.09788848505637275,0,4,0,17,0.022698985849726277
CCO,tb_416_417#0,bo_413#0,413,416,417,2024-07-16 00:00:00,413,1,94.0,1.6786032469710688,94,1,1.6786032469710688,41,0.058015483858911546,0.053191502178454655,1.7236781836560908,0.07006362510881647,0.00013975146881239908,0,2,0,0,0.0
CCO,tb_714_725#0,bo_711#0,711,714,725,2025-09-23 00:00:00,703,2,8.0,1.5975268523861144,10,2,2.389836174345546,9,0.06950047740913612,0.06211181549896973,1.4388393802416168,0.10606059100892873,0.35838989114048525,9,0,0,3,0.041095931795304914
CCO,tb_737_740#0,bo_732#0,732,737,740,2025-10-24 00:00:00,732,1,14.0,6.179587941971951,14,2,6.179587941971951,235,0.07735542632065602,0.06896551116650461,1.8098276016804966,0.19718316835298855,0.12919108354212527,0,0,0,4,0.03124997089616889
CCO,tb_736_740#0,bo_733#0,733,736,740,2025-10-23 00:00:00,732,2,1.0,4.311973535749028,14,3,6.179587941971951,272,0.10968717953987848,0.05128206225463519,0.9116837925940228,0.3239436986261466,0.13023457423885945,0,0,0,5,0.03124997089616889
CCO,tb_738_740#0,bo_735#0,735,738,740,2025-10-27 00:00:00,732,3,2.0,1.1516134889977876,14,4,6.179587941971951,319,0.11473026874830328,0.024630518729541365,0.43580436847031806,0.3521126866979134,0.14210401324970437,0,0,0,3,0.03124997089616889
CCSI,tb_690#0,bo_685#0,685,690,690,2025-08-19 00:00:00,684,2,1.0,1.5284615706106073,134,2,1.5715949877211761,96,1.0373849234040182,0.041403945904516674,1.0825289301479641,0.07592279590425677,0.1518575281463581,0,0,0,1,0.03535165583540363
CD,tb_704#0,bo_697#0,697,704,704,2025-09-09 00:00:00,694,2,3.0,0.27147035203586284,26,2,0.27147035203586284,28,0.5418254172843194,0.1428957746871474,1.948966811398672,0.3157894584433043,4.431314706256688,1,0,0,0,0.2318435590486912
CD,tb_708_709#0,bo_705#0,705,708,709,2025-09-15 00:00:00,694,3,8.0,0.338095574471091,26,5,0.5507581847919496,147,0.7035986673030584,0.07238189351298537,0.8556017293476953,0.6578946326959128,3.216688211192782,2,0,0,0,0.09768006775163525
CDRO,tb_301_313#0,bo_296#0,296,301,313,2024-01-30 00:00:00,291,2,5.0,0.6003090394025238,34,2,4.304161915621437,140,0.23829900952338248,0.062222268846299916,1.174995273242524,0.21712539519520213,0.8149036188650661,13,0,0,0,0.007537681217588103
CDRO,tb_302#0,bo_299#0,299,302,302,2024-01-31 00:00:00,291,3,3.0,1.4671532846715327,34,3,4.304161915621437,167,0.24762313202426617,0.04222223493787977,0.7672952670748049,0.26299698426014495,0.7146118796027576,1,0,0,0,0.0
CDRO,tb_316#0,bo_313#0,313,316,316,2024-02-21 00:00:00,310,2,3.0,5.082456765911927,9,1,5.082456765911927,13,0.23865279602019915,0.056689000666535413,1.4204745585232796,0.05955064150137912,0.37118644437650183,1,0,0,0,0.0
CDRO,tb_779#0,bo_776#0,776,779,779,2025-12-24 00:00:00,770,3,3.0,0.6305552058416216,100,2,0.9001698433666729,50,0.39250044124672784,0.017146398527475456,0.35668837180936813,0.07983764049355413,0.01977748385590905,0,0,0,1,0.0
CDXS,tb_498#0,bo_495#0,495,498,498,2024-11-08 00:00:00,495,1,15.0,1.3416164118027138,15,1,1.3416164118027138,14,0.20570676979798802,0.0888382410812712,1.8959019524179521,0.09455585180638959,0.49019608759779243,1,0,0,0,0.02392342314337228
CDZI,tb_417_422#0,bo_414#0,414,417,422,2024-07-17 00:00:00,413,2,1.0,2.6294168842471715,33,2,2.6294168842471715,140,0.11728646177683384,0.06250000388051082,2.0462720581800977,0.1333332778284806,0.036793106725739134,0,6,0,0,0.021164001140624767
CELU,tb_633#0,bo_630#0,630,633,633,2025-05-28 00:00:00,623,2,7.0,1.1478126608337622,123,2,5.850360192102455,41,0.2177481945164466,0.08582674741109333,1.0011561089370173,0.638157921567188,0.8510638643250106,1,0,0,0,0.08032130398301694
CENX,tb_341#0,bo_336#0,336,341,341,2024-03-27 00:00:00,334,2,2.0,0.992293527713499,61,2,0.992293527713499,49,0.555905405804943,0.05581707667073384,1.4930596375551104,0.0505804009496571,0.3450608606181733,1,0,0,0,0.0007892840427480935
CENX,tb_341_343#0,bo_338#0,338,341,343,2024-03-27 00:00:00,334,3,2.0,0.9841513136045028,61,3,0.992293527713499,61,0.5769286121093387,0.05581707667073384,1.4386527315250475,0.0961857219776927,0.30563721996042514,3,0,0,0,0.0
CENX,tb_342_344#0,bo_339#0,339,342,344,2024-03-28 00:00:00,334,4,1.0,1.5175150575106258,61,3,1.5175150575106258,62,0.5971479724356178,0.053205122013455855,1.389940118729185,0.15091207558034747,0.2655809856955818,2,0,0,1,0.0
CEPU,tb_629_634#0,bo_624#0,624,629,634,2025-05-21 00:00:00,622,2,2.0,2.474189238430706,126,2,2.474189238430706,36,0.6516501280201438,0.05661713972084542,1.2276529326640964,0.10472970904879042,0.013249105732757652,0,1,0,5,0.041666660957409535
CEPU,tb_744_746#0,bo_739#0,739,744,746,2025-11-04 00:00:00,730,3,1.0,1.9583711615487316,106,3,4.698275722627501,54,0.9427692202524761,0.05973402751286826,1.047977435545029,0.5288134632514281,0.20836643968972704,0,0,0,3,0.02696075910607056
CEPU,tb_744_746#1,bo_740#0,740,744,746,2025-11-04 00:00:00,730,4,1.0,2.1551797807616246,106,4,4.698275722627501,111,0.9697142541504578,0.05973402751286826,1.0188577362065687,0.6112993914372766,0.20836643968972704,0,0,0,3,0.02696075910607056
CEXYF,tb_447#0,bo_444#0,444,447,447,2024-08-28 00:00:00,443,2,1.0,5.550184049079754,68,4,5.550184049079754,66,0.6364650998450285,0.1362307621882512,2.7825561980986584,1.0353654037431457,-0.42114169142364066,0,1,0,0,0.0
CFFN,tb_775_780#0,bo_769#0,769,775,780,2025-12-18 00:00:00,764,2,5.0,1.4962723512677907,268,2,1.4962723512677907,687,0.1239254005458044,0.013679877621797159,0.7770448829698421,0.03412467388086893,0.12242490142507212,4,2,0,0,0.004285784015161001
CFOR,tb_587#0,bo_584#0,584,587,587,2025-03-21 00:00:00,581,2,3.0,4.754496529506918,75,3,4.754496529506918,81,0.22441099539331413,0.18518518191469718,2.228054820235856,0.7499998509883941,0.9444444101043206,0,0,0,1,0.0
CFOR,tb_588#0,bo_585#0,585,588,588,2025-03-24 00:00:00,581,3,1.0,4.858717724605204,75,4,4.858717724605204,127,0.24409593280874095,0.18518518191469718,2.048374973915564,1.0,0.9444444101043206,1,0,0,0,0.0
CFOR,tb_595#0,bo_590#0,590,595,595,2025-04-02 00:00:00,581,4,5.0,6.388458014113379,75,5,6.388458014113379,150,0.3164160990616486,0.09216591735115869,1.264158481675416,1.6833332505491079,0.2650602118926402,0,0,0,1,0.0050125265360176675
CFOR,tb_595#1,bo_592#0,592,595,595,2025-04-02 00:00:00,581,5,2.0,4.11116087947185,75,6,6.388458014113379,178,0.35297511595002856,0.09216591735115869,1.1332246305545814,2.3249998758236616,0.2650602118926402,0,0,0,1,0.0050125265360176675
CFOR,tb_761_762#0,bo_758#0,758,761,762,2025-11-28 00:00:00,754,2,4.0,22.690093061609144,146,5,22.690093061609144,381,0.7779889368254056,0.18666667938232423,1.7995115728510884,1.0392857626384626,1.922392706953772,2,0,0,0,0.0017513535577980913
CFOR,tb_766#0,bo_763#0,763,766,766,2025-12-05 00:00:00,754,3,5.0,4.784499690347696,146,6,22.690093061609144,415,0.9159282673234579,0.17431189770871425,2.074397839126078,2.214285769024675,1.3714285350981212,1,0,0,0,0.0
CFOR,tb_771_773#0,bo_765#0,765,771,773,2025-12-12 00:00:00,754,4,2.0,1.7244457398039834,146,7,22.690093061609144,425,1.1266932385476103,0.3504586998636333,3.3904523113571505,2.5714286322496385,2.1756094772886336,3,0,0,0,0.3523985348606668
CFOR,tb_780#0,bo_773#0,773,780,780,2025-12-26 00:00:00,754,5,8.0,0.7366242818634792,146,8,22.690093061609144,425,2.080460249790595,0.0033333460489908856,0.02403323530930041,3.1357143288972438,1.2742475206540664,0,0,0,1,0.03165296839048547
CFR-PB,tb_322#0,bo_319#0,319,322,322,2024-02-29 00:00:00,318,2,1.0,0.48440293547752994,0,2,0.7986747336861028,249,0.24143515937851293,0.013218110212169409,0.9394811338997394,0.017856872440926486,0.03297278201848819,0,1,0,0,0.0
CGAU,tb_699_703#0,bo_695#0,695,699,703,2025-09-02 00:00:00,693,2,2.0,0.8547059612145093,23,2,2.134468864415369,226,0.25839578229314264,0.03066029354276979,1.000371791857506,0.06216217319792805,0.49824082750684634,5,0,0,0,0.007633612939578031
CGC,tb_631#0,bo_628#0,628,631,631,2025-05-23 00:00:00,626,2,2.0,1.3198458736879763,16,1,2.0756272809091,17,0.1387937275010958,0.10552765685456407,1.5130369500690488,0.32089547525139595,0.026229495595542662,0,1,0,0,0.051813423497559886
CGEM,tb_297_299#0,bo_294#0,294,297,299,2024-01-24 00:00:00,294,1,12.0,1.3801979127237334,12,2,1.3801979127237334,93,0.5768901351886999,0.029984441145371753,0.667371836330505,0.09099526263421831,0.5313281974335816,3,0,0,0,0.0
CGEM,tb_298_301#0,bo_295#0,295,298,301,2024-01-25 00:00:00,294,2,1.0,1.3487545840608108,12,3,1.3801979127237334,130,0.6124693976227311,0.04740060314797103,1.0122952884920946,0.17630328180569332,0.4303023110247995,4,0,0,0,0.0
CGNT,tb_517_519#0,bo_514#0,514,517,519,2024-12-06 00:00:00,507,2,7.0,1.1226265408958556,115,3,2.298240242079288,58,0.29353595557174683,0.039473647060816505,1.2264243948447195,0.14075069508922922,0.2753136497268586,3,0,0,0,0.0
CGNT,tb_523#0,bo_516#0,516,523,523,2024-12-16 00:00:00,507,3,2.0,1.2724640551814135,115,4,2.298240242079288,118,0.3145284902187387,0.07894736842105263,2.384521667586974,0.1729222460129447,0.17052630374306132,0,0,0,1,0.04640366865901994
CGNT,tb_530#0,bo_523#0,523,530,530,2024-12-26 00:00:00,507,4,7.0,1.9152989538914624,115,5,2.5957782383039594,125,0.4138082654333502,0.09280503953720841,2.150755356205183,0.27345843852833984,0.2607710057047459,1,0,0,0,0.0712742798162766
CGTX,tb_537_539#0,bo_530#0,530,537,539,2025-01-07 00:00:00,526,2,4.0,1.1348061919985613,102,2,5.255738574873191,44,0.09793399262096683,0.1301445886705956,1.1946820573359114,0.3224138648629067,0.035512477909918884,0,3,0,0,0.10714282926653432
CGTX,tb_537_539#1,bo_531#0,531,537,539,2025-01-07 00:00:00,526,3,1.0,1.213866071475256,102,3,5.255738574873191,88,0.10108156597306374,0.1301445886705956,1.1574809181202717,0.4482758585252886,0.035512477909918884,0,3,0,0,0.10714282926653432
CGTX,tb_668_671#0,bo_662#0,662,668,671,2025-07-18 00:00:00,658,3,3.0,108.91219898222127,127,4,108.91219898222127,97,0.056280184056154155,0.37980768789906455,7.018455741587451,1.0895521511716093,4.256849267144708,4,0,0,0,0.19000002639634314
CHCI,tb_469_471#0,bo_464#0,464,469,471,2024-09-30 00:00:00,459,2,5.0,3.494644223412395,9,1,3.810866292596141,90,0.40728872536534705,0.05699996948242188,1.3994978483946894,0.08182903936999208,0.43424017616840566,3,0,0,0,0.05729726842931799
CHCI,tb_687_694#0,bo_684#0,684,687,694,2025-08-14 00:00:00,681,2,3.0,1.3422042019904166,14,2,1.3422042019904166,210,0.47533812059575936,0.027540988609439036,0.8835817244523608,0.1847389739735763,0.2410726430099233,8,0,0,0,0.009933812477823914
CHGG,tb_515_521#0,bo_508#0,508,515,521,2024-12-04 00:00:00,508,1,238.0,1.2026611782168146,238,1,1.2026611782168146,12,0.1488880978645448,0.08614232677953122,1.5447844547166922,0.11666669095004112,0.06535558544145645,0,7,0,0,0.08260872224328253
CHPGF,tb_642_656#0,bo_639#0,639,642,656,2025-06-10 00:00:00,632,2,7.0,6.1136412002553735,93,4,6.1136412002553735,99,0.053094208430596375,0.053571483690519485,1.1300679257185156,0.4383560614819446,0.3701022542995927,14,0,0,1,0.038095203494807814
CHRS,tb_674#0,bo_671#0,671,674,674,2025-07-28 00:00:00,664,2,7.0,0.9658626625464048,58,2,1.1766286055267579,23,0.05667591366023841,0.08695654427396825,1.7644183813487244,0.11249997460029326,0.5700933319562991,0,1,0,0,0.0
CHYM,tb_131_151#0,bo_125#0,125,131,151,2025-12-18 00:00:00,118,2,7.0,1.5857915499127873,0,2,1.5857915499127873,56,1.1797646352285744,0.10530657364403855,2.48947983941659,0.2541410815199754,0.09141186643076352,0,9,0,0,0.05994653160783952
CIA,tb_481_482#0,bo_474#0,474,481,482,2024-10-16 00:00:00,472,2,2.0,5.37488106565176,9,2,5.37488106565176,375,0.21382472793578508,0.10150374895277331,2.525432708677164,0.22826084210088493,0.14131832342254724,0,1,0,1,0.08829175331648936
CIA,tb_558#0,bo_555#0,555,558,558,2025-02-07 00:00:00,552,2,3.0,0.9668980069566938,78,2,1.7023567655424625,47,0.2773000889232388,0.055855929542887595,1.1179239819952325,0.05991734560131534,0.053406992821536825,0,1,0,0,0.018083250935933007
CIA,tb_685_688#0,bo_682#0,682,685,688,2025-08-12 00:00:00,682,1,125.0,0.6298832829000185,125,1,0.6298832829000185,10,0.17937005130278547,0.08527133144027743,2.4530296670190346,0.023866325362034813,0.17395761400740622,0,0,0,4,0.0
CIA,tb_686_688#0,bo_683#0,683,686,688,2025-08-13 00:00:00,682,2,1.0,0.8256275338566377,125,2,0.8256275338566377,59,0.18298647757212125,0.050387550335892976,1.4208686646924658,0.09307872581374421,0.1730044158245371,0,0,0,3,0.0
CIA,tb_715_716#0,bo_712#0,712,715,716,2025-09-24 00:00:00,711,2,1.0,2.8095012691631807,27,4,2.8095012691631807,150,0.19552196888266504,0.05509180906770769,1.6877894877587458,0.09074069675267715,0.09102468585623247,0,0,0,2,0.037351408349507884
CIB,tb_346_352#0,bo_340#0,340,346,352,2024-04-04 00:00:00,337,3,2.0,0.6375341685649202,172,1,1.3675181737889803,55,0.5036336506544389,0.038929504624611234,2.031274341341488,0.03663237583187029,0.051792248740999414,0,6,0,1,0.0031348442521781164
CIFR,tb_657#0,bo_654#0,654,657,657,2025-07-02 00:00:00,654,1,13.0,3.8197487930493463,13,1,3.8197487930493463,13,0.32382665713949255,0.1245614143693293,2.192531165959975,0.0167064846552325,0.28697185980684914,0,0,0,1,0.0
CII,tb_623_643#0,bo_620#0,620,623,643,2025-05-13 00:00:00,620,1,,0.5137741687801018,0,1,0.5137741687801018,31,0.35604881707117236,0.007013997799095404,0.3258652880177935,0.004694877672417386,0.08304294250708895,21,0,0,0,0.0
CII,tb_625_628#0,bo_622#0,622,625,628,2025-05-15 00:00:00,620,2,2.0,0.5444085372349871,0,1,0.5444085372349871,33,0.329665154012127,0.008521306756526481,0.43039960093368346,0.032863963621856396,0.0850197766437028,4,0,0,0,0.0
CIIT,tb_331_334#0,bo_328#0,328,331,334,2024-03-13 00:00:00,328,1,,4.406134969325153,0,1,4.406134969325153,54,0.06945690274739628,0.0,0.0,0.17250001724277264,0.47679324288134084,0,0,0,0,0.0
CILJF,tb_368_370#0,bo_365#0,365,368,370,2024-05-06 00:00:00,363,2,2.0,0.4616298643430043,188,1,1.4893035068867833,27,0.06139953402448114,0.02797200232183021,0.6006125908012478,0.04545457662273655,0.24460429001281492,3,0,0,0,0.027971959048955743
CILJF,tb_374_375#0,bo_367#0,367,374,375,2024-05-14 00:00:00,363,3,2.0,0.7097706879361915,188,3,1.4893035068867833,49,0.05797443946658444,0.01973682353040817,0.4770723217709666,0.0833332435392593,0.15353832215576668,1,1,0,0,0.027971959048955743
CILJF,tb_645_650#0,bo_642#0,642,645,650,2025-06-13 00:00:00,642,1,175.0,1.0959734167318218,175,1,1.0959734167318218,58,0.042101236606205995,0.025862046101643766,1.3877252064348276,0.023148127156569887,0.3552310307344076,6,0,0,0,0.013100425475679757
CILJF,tb_647_651#0,bo_644#0,644,647,651,2025-06-17 00:00:00,642,2,2.0,2.8601848131779835,175,1,2.8601848131779835,60,0.04285947853556264,0.016806806028663905,0.9087883699576819,0.06018513060708153,0.3643537328321148,5,0,0,0,0.013100425475679757
CILJF,tb_675#0,bo_672#0,672,675,675,2025-07-29 00:00:00,672,1,25.0,6.920522282145899,25,1,6.920522282145899,11,0.06726934369069064,0.037415010671258575,1.635219365602747,0.04832709043012651,0.09965634134001888,0,0,0,1,0.0
CIM,tb_415_416#0,bo_412#0,412,415,416,2024-07-15 00:00:00,412,1,363.0,0.8892090908065122,363,1,0.8892090908065122,11,0.25141505064067493,0.02191240824605293,1.0407517679194978,0.0287226371203142,0.03979098354214028,0,2,0,0,0.0
CIM,tb_416_421#0,bo_413#0,413,416,421,2024-07-16 00:00:00,412,2,1.0,1.619933382906496,363,2,1.619933382906496,41,0.25667780301348675,0.029164015167809625,1.3901070598720602,0.09901756002587692,0.05156495861269964,0,6,0,0,0.0
CIM,tb_417_418#0,bo_414#0,414,417,418,2024-07-17 00:00:00,412,3,1.0,1.339507305995079,363,3,1.619933382906496,114,0.29271465921699147,0.03557811144126854,1.5169333930946896,0.12093731897325721,0.0313531581474058,0,2,0,0,0.0
CINT,tb_424#0,bo_419#0,419,424,424,2024-07-26 00:00:00,416,2,3.0,0.7205388156222643,11,2,0.8482928835870013,166,0.22528953179722763,0.0339384611354761,0.9543281965777354,0.07775765136065438,0.30097090375072555,1,0,0,0,0.001666704813639323
CIVB,tb_423_424#0,bo_420#0,420,423,424,2024-07-25 00:00:00,417,2,3.0,2.582129396984925,0,1,2.582129396984925,121,0.5770559042487324,0.046315745303505414,1.4197749260756094,0.04568810027247139,0.007463954305376053,0,2,0,0,0.015838305484586982
CIVB,tb_500_504#0,bo_495#0,495,500,504,2024-11-12 00:00:00,491,2,4.0,1.8381734222678294,68,3,2.7054948087337447,429,0.48361939908282137,0.033333370890126626,1.5487554146755653,0.12517107804296557,0.04382405889351406,0,5,0,0,0.024833665931587205
CIX,tb_336#0,bo_329#0,329,336,336,2024-03-20 00:00:00,324,2,5.0,4.495371560812548,11,2,4.495371560812548,38,1.3005605334253436,0.1035295068048677,2.4866075441598596,0.5393000476140868,0.10861111404610169,0,1,0,0,0.08673612172131953
CIX,tb_439#0,bo_436#0,436,439,439,2024-08-16 00:00:00,436,1,10.0,1.3402597402597403,10,1,1.3402597402597403,9,1.149071503701848,0.05180052661845137,1.3459368752332272,0.12151996350316208,-0.015384575678660806,0,0,0,1,0.0
CLF,tb_343_348#0,bo_340#0,340,343,348,2024-04-01 00:00:00,340,1,67.0,0.4997076772194308,67,1,0.4997076772194308,66,0.6385506756437157,0.016122040389248703,0.5794384899215788,0.006063393541436479,0.01225405259215769,0,6,0,0,0.002198735161116861
CLF,tb_662_668#0,bo_656#0,656,662,668,2025-07-10 00:00:00,656,1,315.0,1.3120609535681602,315,1,1.3120609535681602,14,0.49258034197797756,0.07926826431664778,1.583497485585943,0.06842105098048079,0.26763084286523825,3,0,0,4,0.03741495863086099
CLF,tb_662_668#1,bo_657#0,657,662,668,2025-07-10 00:00:00,656,2,1.0,1.5414432193868994,315,1,1.5414432193868994,15,0.5116817624711103,0.07926826431664778,1.5243844713250463,0.1526316235270202,0.26763084286523825,3,0,0,4,0.03741495863086099
CLF,tb_669#0,bo_662#0,662,669,669,2025-07-21 00:00:00,656,3,5.0,1.2913879894867935,315,2,1.5414432193868994,46,0.4908816907037302,0.09562834980288992,2.1390067239119537,0.285526392152766,0.14915573877553934,0,0,0,1,0.044257121857070245
CLF,tb_739_740#0,bo_733#0,733,739,740,2025-10-28 00:00:00,717,4,8.0,3.0826163684959336,48,4,3.0826163684959336,211,0.6677624303573161,0.1796407674622328,4.49261716037099,0.3405137294339773,0.02200141514708248,0,2,0,0,0.1724350994579735
CLIR,tb_513_531#0,bo_506#0,506,513,531,2024-12-02 00:00:00,500,2,6.0,2.441325962751354,37,2,6.22355460385439,81,0.6737205528634159,0.10156251338776182,1.9295836904628523,0.07777775658501529,0.5080348831233148,10,1,0,8,0.11864411437076448
CLIR,tb_513_531#1,bo_507#0,507,513,531,2024-12-02 00:00:00,500,3,1.0,9.333249614294429,37,4,9.333249614294429,160,0.6970262276588862,0.10156251338776182,1.8650663908317997,0.2555555767483182,0.5080348831233148,10,1,0,8,0.11864411437076448
CLM,tb_344_350#0,bo_341#0,341,344,350,2024-04-02 00:00:00,339,2,2.0,0.679913347380129,0,1,0.7026903005891734,123,0.037342184001105304,0.011842147033299175,1.5393145675609143,0.010854851050591474,0.026253552074856197,0,7,0,0,0.0
CLMB,tb_437_448#0,bo_432#0,432,437,448,2024-08-14 00:00:00,426,2,6.0,2.1389744040812735,10,2,2.8120950323974085,108,0.8920377408923977,0.06145620336149958,1.5322643097570205,0.10753004259657306,0.2284772103551366,1,0,0,11,0.033721709821254
CLMB,tb_436_456#0,bo_433#0,433,436,456,2024-08-13 00:00:00,426,3,1.0,1.153925531000086,10,2,2.8120950323974085,109,1.0304813635077628,0.06145628612996561,1.3264086887638555,0.22816248436662034,0.2535226570096746,6,0,0,15,0.033721709821254
CLMT,tb_479_481#0,bo_472#0,472,479,481,2024-10-14 00:00:00,472,1,29.0,0.9448756223062991,29,1,0.9448756223062991,10,0.9995402667286768,0.05581185308066712,1.2105575253925627,0.07474517022816696,0.16398208806685588,0,0,0,3,0.010258871104878555
CLMT,tb_479_481#1,bo_473#0,473,479,481,2024-10-14 00:00:00,472,2,1.0,1.1234223941663641,29,1,1.1234223941663641,11,1.0410016707984895,0.05581185308066712,1.162342987301039,0.15628540502429766,0.16398208806685588,0,0,0,3,0.010258871104878555
CLMT,tb_486_490#0,bo_479#0,479,486,490,2024-10-23 00:00:00,472,3,6.0,0.8412559938992985,29,2,1.1234223941663641,35,1.0245926580387923,0.16963229577794933,4.187030701292532,0.21064548955245987,0.11215808382264925,0,0,0,5,0.08276183373728947
CLMT,tb_486_490#1,bo_480#0,480,486,490,2024-10-23 00:00:00,472,4,1.0,1.4137879186557907,29,2,1.4137879186557907,36,1.0378361104518279,0.16963229577794933,4.133601512149801,0.23895806057851643,0.11215808382264925,0,0,0,5,0.08276183373728947
CLNE,tb_697_698#0,bo_694#0,694,697,698,2025-08-28 00:00:00,694,1,11.0,0.6341486515284256,11,2,0.6341486515284256,29,0.14248103891004035,0.03703708936484497,0.7018487780278296,0.011857696335581869,0.1726940653719572,0,0,0,2,0.0
CLNN,tb_702_720#0,bo_699#0,699,702,720,2025-09-05 00:00:00,689,3,8.0,2.4545318898486332,53,5,4.408851529268786,162,0.41076991266940255,0.10015402795896937,1.5823934482110151,0.7651933890872784,1.1627410748332876,19,0,0,0,0.1251955759957931
CLNN,tb_710_715#0,bo_703#0,703,710,715,2025-09-17 00:00:00,689,4,4.0,3.300072612852475,53,6,4.408851529268786,210,0.49699934987575184,0.13521127479460912,1.931592140687849,0.8314918022205859,1.1639034498071477,6,0,0,0,0.06148861620695474
CLOV,tb_403_404#0,bo_400#0,400,403,404,2024-06-26 00:00:00,400,1,13.0,3.6363937721659934,13,1,3.6363937721659934,13,0.08209540924266559,0.07913670175336283,1.3399045734697055,0.21359226671956622,1.9575421987971664,2,0,0,0,0.022900742519207255
CLOV,tb_478_485#0,bo_472#0,472,478,485,2024-10-11 00:00:00,471,2,1.0,3.6255967856157736,45,2,3.6255967856157736,29,0.24658985884312531,0.06557751936949328,1.139542647091212,0.43884893567115046,0.12482287984689758,0,8,0,0,0.08663364057855928
CLPR,tb_448_457#0,bo_441#0,441,448,457,2024-08-29 00:00:00,429,4,2.0,0.664532824843367,268,3,2.8197237040076595,77,0.164690938874644,0.026530653183597316,0.6613176992201666,0.2412700157095813,0.4471471082288154,10,0,0,0,0.02754221218689425
CLPR,tb_448_457#1,bo_442#0,442,448,457,2024-08-29 00:00:00,429,5,1.0,0.8788700393820054,268,4,2.8197237040076595,98,0.16489573725100576,0.026530653183597316,0.6604963511773521,0.276425600437618,0.4471471082288154,10,0,0,0,0.02754221218689425
CLPR,tb_481_482#0,bo_478#0,478,481,482,2024-10-16 00:00:00,472,2,6.0,0.4803079326118487,14,2,1.2068170591141116,14,0.22369399225267866,0.04775276421567459,1.273385831699489,0.07651260562498052,0.017835506457710704,0,2,0,0,0.0
CLPT,tb_414_416#0,bo_411#0,411,414,416,2024-07-12 00:00:00,411,1,91.0,2.7454822095473665,91,1,2.7454822095473665,41,0.33636361558662353,0.06649934089376516,1.5756749791348965,0.16873886144840267,0.7857168151436532,3,0,0,0,0.018276745336084296
CLPT,tb_440_445#0,bo_436#0,436,440,445,2024-08-19 00:00:00,433,2,3.0,1.067524979154595,20,5,2.9830092421441776,315,0.6265002196710839,0.06869564885678499,1.2609731601814629,0.5388198384099583,0.19789147279930241,0,0,0,6,0.008302596985333475
CLPT,tb_444_464#0,bo_438#0,438,444,464,2024-08-23 00:00:00,433,3,2.0,1.244242525751612,20,6,2.9830092421441776,326,0.6244823540656844,0.08158321644146832,1.617339901289832,0.6832298224025943,0.15464817214986937,0,0,0,21,0.04614095530323723
CLPT,tb_444_464#1,bo_440#0,440,444,464,2024-08-23 00:00:00,433,4,2.0,0.8224803586060635,20,7,2.9830092421441776,338,0.6938648676558693,0.08158321644146832,1.4556151722942656,0.7127328625726446,0.15464817214986937,0,0,0,21,0.04614095530323723
CLPT,tb_446_452#0,bo_441#0,441,446,452,2024-08-27 00:00:00,433,5,1.0,1.1697201626405167,20,8,2.9830092421441776,401,0.7007316600985235,0.08590808620928055,1.6268714662649448,0.7484472249743608,0.11310312128550966,0,0,0,7,0.04614095530323723
CLPT,tb_445_452#0,bo_442#0,442,445,452,2024-08-26 00:00:00,433,6,1.0,2.1199335548172757,20,8,2.9830092421441776,401,0.7142508517573971,0.06300482437486765,1.0920529265761751,0.8509316724196871,0.12492677327001273,0,0,0,8,0.04614095530323723
CLSK,tb_500_502#0,bo_497#0,497,500,502,2024-11-12 00:00:00,497,1,14.0,1.5602870095765118,14,1,1.5602870095765118,7,1.039668774906342,0.11247907600223588,1.9333091760279346,0.04464972547540924,0.08881330578780237,0,3,0,0,0.0
CLSK,tb_662_675#0,bo_656#0,656,662,675,2025-07-10 00:00:00,652,2,4.0,1.0692340873864037,30,2,1.3037867135419232,26,0.6514340402865217,0.058461556067833535,1.1666572237268462,0.1035856539645923,0.10900373114515842,0,13,0,1,0.0751020470444037
CLSK,tb_662_675#1,bo_657#0,657,662,675,2025-07-10 00:00:00,652,3,1.0,1.5097882124639987,30,3,1.5097882124639987,113,0.657045861854365,0.058461556067833535,1.1566928170537523,0.24302784757510731,0.10900373114515842,0,13,0,1,0.0751020470444037
CLYM,tb_694_708#0,bo_689#0,689,694,708,2025-08-25 00:00:00,688,2,1.0,4.3179126297792205,14,2,4.3179126297792205,135,0.12399131076519694,0.06746034824628942,1.3710644338285563,0.22674410465022965,0.08604723504891058,0,14,0,1,0.04265398987862234
CLYM,tb_776_781#0,bo_773#0,773,776,781,2025-12-19 00:00:00,769,3,2.0,5.3447041503796475,75,4,30.33347286411126,274,0.3153830984715969,0.11099135372942676,1.6329342598933725,1.431578917648653,0.4161931473879246,2,0,0,4,0.08008655729962363
CMBT,tb_373#0,bo_370#0,370,373,373,2024-05-13 00:00:00,369,2,1.0,0.3746898729418841,112,2,0.3746898729418841,38,0.21606212265406088,0.017171725539842208,1.0887771947024574,0.09994087168536248,0.19812309909013348,1,0,0,0,0.0
CMCL,tb_645_665#0,bo_638#0,638,645,665,2025-06-13 00:00:00,638,1,11.0,1.0517610630886336,11,1,1.0517610630886336,11,0.8347515808905649,0.04128693926454553,0.987201557670139,0.018665199375750285,0.3272346276934869,19,0,0,2,0.036806665882847714
CMCL,tb_659#0,bo_656#0,656,659,659,2025-07-07 00:00:00,656,1,18.0,1.2738223273822329,18,1,1.2738223273822329,11,0.8303156288790643,0.06333333734277473,1.6832570004340466,0.04347830404998487,0.20818185016362234,0,0,0,1,0.0
CMCLF,tb_665_675#0,bo_660#0,660,665,675,2025-07-15 00:00:00,646,3,6.0,0.16702819956616052,56,3,0.907470703125,186,0.08296272337694445,0.09090911061310529,1.2053609111589045,0.2560624016347719,0.6955296620296209,10,1,0,0,0.09090911061310529
CMCM,tb_385_389#0,bo_378#0,378,385,389,2024-05-30 00:00:00,377,2,1.0,13.140245985650836,28,2,13.140245985650836,25,0.3207802074803775,0.13405237538385759,2.712137049828116,0.33413471017011176,0.12705278458459027,0,5,0,0,0.11822664187009109
CMCM,tb_519_523#0,bo_512#0,512,519,523,2024-12-10 00:00:00,509,2,3.0,2.831835007932311,38,2,2.831835007932311,38,0.3372582514008724,0.09465654112090653,1.8383549099864558,0.27032966318949336,0.06855282536340508,0,5,0,0,0.05527637107261288
CMCM,tb_563#0,bo_558#0,558,563,563,2025-02-14 00:00:00,558,1,46.0,1.4615617892342685,46,1,1.4615617892342685,10,0.3357229303667963,0.08959999084472656,1.668041983810011,0.04115222299809096,0.15000001661453588,0,1,0,0,0.05902190805469652
CMCM,tb_562_563#0,bo_559#0,559,562,563,2025-02-13 00:00:00,558,2,1.0,3.864215206088464,46,2,3.864215206088464,28,0.32888556184903683,0.08045980881414282,1.4898806904154684,0.22016454021174514,0.15403510067899417,0,2,0,0,0.05902190805469652
CMCM,tb_666#0,bo_663#0,663,666,666,2025-07-16 00:00:00,655,2,8.0,3.300643643158696,31,2,3.300643643158696,28,0.21449264052692488,0.06813628769100742,1.7436499059383834,0.13043476458082548,0.8057693630280627,1,0,0,0,0.03345730508306627
CMDB,tb_91_102#0,bo_88#0,88,91,102,2025-09-11 00:00:00,87,2,1.0,0.9576980500384563,0,1,1.2477010981162397,57,0.35961266341486675,0.04423702027548803,1.5155197014439021,0.07101725198656217,0.22296008015300592,12,0,0,0,0.0
CMMB,tb_451_452#0,bo_448#0,448,451,452,2024-09-04 00:00:00,446,3,1.0,2.5282852591261906,24,3,2.5282852591261906,321,0.5945435463634475,0.10196078248044149,1.7492410239993927,0.2405063195634285,-0.00230069446835951,0,2,0,0,0.0162601468425821
CMP,tb_613_619#0,bo_610#0,610,613,619,2025-04-29 00:00:00,608,2,2.0,0.7292402981418623,105,2,0.842896290999285,42,0.5726952644036343,0.02788250387865871,0.6460693185907378,0.08820962844598146,0.593226477063946,7,0,0,0,0.0
CMP,tb_623_625#0,bo_620#0,620,623,625,2025-05-13 00:00:00,608,4,8.0,3.4739912184567956,105,6,3.4739912184567956,117,0.5590545435497455,0.04709969059722518,1.6992988857712783,0.5685588981355043,0.15454685423850875,0,0,0,3,0.0
CMPX,tb_551_558#0,bo_544#0,544,551,558,2025-01-29 00:00:00,538,3,2.0,1.3757804767210953,64,5,50.72796937414563,347,0.2495377591956431,0.15151519928245863,2.204076018425937,0.8181818181818181,0.26260848962504824,0,6,0,2,0.14516123326090022
CMPX,tb_551_558#1,bo_547#0,547,551,558,2025-01-29 00:00:00,538,4,3.0,2.9030556217191044,64,6,50.72796937414563,372,0.23619406683235353,0.15151519928245863,2.328594439780081,1.1678321806572667,0.26260848962504824,0,6,0,2,0.14516123326090022
CMPX,tb_560#0,bo_557#0,557,560,560,2025-02-11 00:00:00,556,2,1.0,1.2829445023596897,9,2,1.2829445023596897,410,0.30893842512592906,0.12132350363120853,1.6022606619986195,0.1217949129420639,0.054794466860145,0,1,0,0,0.06410256253505212
CMPX,tb_642#0,bo_639#0,639,642,642,2025-06-10 00:00:00,639,1,80.0,0.5305843889656497,80,1,0.5305843889656497,30,0.13822056645336656,0.08759124405160874,1.7363552740012493,0.08755751710680704,0.37450201625178825,1,0,0,0,0.023346281843608353
CMRC,tb_387_389#0,bo_382#0,382,387,389,2024-06-03 00:00:00,373,3,8.0,1.4109312853974596,194,2,1.4109312853974596,37,0.3271147355730472,0.03508774082367343,0.9171099865290873,0.08827405307304259,0.01583770424559039,0,2,0,1,0.0145278307789256
CMRE,tb_687_702#0,bo_680#0,680,687,702,2025-08-14 00:00:00,671,3,1.0,1.9483165503548798,271,2,2.61777466759972,94,0.33275339450010344,0.023008869424180754,0.7697134770254005,0.17647042378848976,0.14092850134042378,6,0,0,10,0.022624383249531695
CMTG,tb_643_645#0,bo_640#0,640,643,645,2025-06-11 00:00:00,640,1,219.0,0.718580099724002,219,1,0.718580099724002,20,0.17894858681754702,0.06230531006447254,1.1176397156331417,0.04301079771268568,0.15226779851322206,0,0,0,3,0.0
CMTL,tb_726_739#0,bo_723#0,723,726,739,2025-10-09 00:00:00,716,2,7.0,1.8545946294030524,55,2,2.177059276366436,61,0.1664163368821167,0.06451606948963502,1.2018039395183258,0.23728822291976504,0.233130281703684,2,0,0,12,0.0342466234377868
CMTL,tb_729_730#0,bo_726#0,726,729,730,2025-10-14 00:00:00,716,3,3.0,1.2112042809069343,55,2,2.177059276366436,64,0.17540333546178258,0.0851063752693985,1.5963206780111532,0.3093220557299412,0.1385495100738361,0,0,0,2,0.01618121479130388
CNET,tb_716_717#0,bo_713#0,713,716,717,2025-09-25 00:00:00,707,3,3.0,0.28627652292950034,177,4,220.24731580895966,183,0.21740166147529813,0.08786612089098315,0.9659541547286359,0.30538929507690615,0.14043860255679386,0,2,0,0,0.00458715144817956
CNL,tb_560_568#0,bo_555#0,555,560,568,2025-02-11 00:00:00,555,1,10.0,0.7142441860465116,10,1,0.7142441860465116,437,0.20236854146545213,0.06572771284343376,2.0754217688802523,0.0455769225478877,0.8450518945816776,9,0,0,0,0.012800272373261066
CNL,tb_775_776#0,bo_770#0,770,775,776,2025-12-18 00:00:00,770,1,52.0,0.8405843913832087,52,1,0.8405843913832087,27,0.5199597437367425,0.03904970380404737,1.055850559567384,0.048182561158094384,0.5473018730393079,2,0,0,0,0.013868582702811898
CNTB,tb_666#0,bo_663#0,663,666,666,2025-07-16 00:00:00,658,2,5.0,6.356730188841942,11,4,6.356730188841942,169,0.08685213529664919,0.115151479246421,2.187625409118753,0.407407333821429,0.7654320288133267,1,0,0,0,0.07236843137199542
CNTX,tb_674#0,bo_667#0,667,674,674,2025-07-28 00:00:00,664,2,3.0,1.5316825453891785,54,2,2.5982971020297008,26,0.06646733021509962,0.1589999794960022,2.3921523398254623,0.36119399665591256,0.258823555811053,0,0,0,1,0.048331409500294284
CNVS,tb_628#0,bo_625#0,625,628,628,2025-05-20 00:00:00,625,1,69.0,0.6824520281276072,69,1,0.6824520281276072,12,0.20508716140970792,0.058495767339589284,1.0239539046955335,0.051779964490290764,1.1358380881531325,1,0,0,0,0.0
CNVS,tb_648_649#0,bo_643#0,643,648,649,2025-06-18 00:00:00,637,2,6.0,2.98354114713217,12,2,2.98354114713217,67,0.17542910916922025,0.03414630969318087,0.7980423952934217,0.031578980390385425,0.8782633610952563,2,0,0,0,0.020408204226431473
COCP,tb_390_410#0,bo_385#0,385,390,410,2024-06-06 00:00:00,371,5,3.0,3.2395775814467145,189,7,7.769211514392992,176,0.19232642474669248,0.12408755948391254,1.7678273519466474,0.46583843113468215,0.09990557294465606,0,20,0,1,0.046610127112467
COE,tb_403#0,bo_398#0,398,403,403,2024-06-26 00:00:00,396,3,1.0,11.958452138492872,55,3,11.958452138492872,196,0.3822908980490555,0.09645127279511621,2.7727562213797823,0.24864860162672353,0.8202764336976633,1,0,0,0,0.031472122600105304
COE,tb_403#1,bo_399#0,399,403,403,2024-06-26 00:00:00,396,4,1.0,6.032620133286566,55,4,11.958452138492872,244,0.46927014686481777,0.09645127279511621,2.258825695655718,0.33108111547674857,0.8202764336976633,1,0,0,0,0.031472122600105304
COE,tb_640#0,bo_637#0,637,640,640,2025-06-06 00:00:00,637,1,80.0,1.5280444669024762,80,1,1.5280444669024762,21,0.9358750452048143,0.05302139271847898,1.4531840655130372,0.06733169241095927,0.41449521310621895,1,0,0,0,0.0
COF-PJ,tb_301#0,bo_298#0,298,301,301,2024-01-30 00:00:00,295,2,3.0,0.8468688895749718,0,1,0.8468688895749718,190,0.24494073225698335,0.015174564363318833,1.0267980440322504,0.04195810315044812,0.03212230772463043,0,0,0,1,0.0
COGT,tb_449_469#0,bo_445#0,445,449,469,2024-08-30 00:00:00,440,2,5.0,0.30817996557500676,24,2,1.7689990178642527,128,0.57754094713923,0.05596327321335235,1.0562015727175638,0.08879494177596547,0.1674285140170459,0,5,0,16,0.03300972294095006
COGT,tb_452#0,bo_449#0,449,452,452,2024-09-05 00:00:00,440,3,4.0,0.7394460790584624,24,2,1.7689990178642527,132,0.5569691309599764,0.1046128848309463,2.2801990041615676,0.13530652513844155,0.1218861132968505,0,0,0,1,0.020905904241126094
COGT,tb_642_658#0,bo_639#0,639,642,658,2025-06-10 00:00:00,639,1,154.0,2.005096273969343,154,1,2.005096273969343,23,0.42934523822425735,0.09554974238622425,1.7002634571952322,0.062056722148587706,0.7796922930211565,17,0,0,0,0.0
COGT,tb_664#0,bo_661#0,661,664,664,2025-07-14 00:00:00,659,2,2.0,5.068714218830854,12,3,17.981216513601012,109,0.638091158276924,0.05960266685237702,1.0578428833861404,0.3720316257530316,0.21731287775047758,0,0,0,1,0.0
COGT,tb_665_680#0,bo_662#0,662,665,680,2025-07-15 00:00:00,659,3,1.0,2.498937468915314,12,4,17.981216513601012,144,0.712870391229765,0.06816220461193273,1.1081957836545953,0.4313984816196259,0.15242118255311932,0,0,0,16,0.0
COGT,tb_722_727#0,bo_716#0,716,722,727,2025-10-03 00:00:00,716,1,16.0,0.47479732049740203,16,1,0.47479732049740203,516,0.577885659314581,0.07557776519978732,2.0938398775670093,0.0030188650455114097,1.628826996275448,6,0,0,0,0.01601668159716012
COGT,tb_722_727#1,bo_717#0,717,722,727,2025-10-03 00:00:00,716,2,1.0,1.089310677716643,16,5,1.089310677716643,643,0.5744652360043389,0.07557776519978732,2.1063068090300137,0.06867923376695173,1.628826996275448,6,0,0,0,0.01601668159716012
COGT,tb_728#0,bo_722#0,722,728,728,2025-10-13 00:00:00,716,3,5.0,0.834889179488341,16,6,1.089310677716643,668,0.6191088073246424,0.047675072210379095,1.3083313568783443,0.1894339795382518,1.6993825606648687,1,0,0,0,0.02893082070334622
COMP,tb_286_290#0,bo_279#0,279,286,290,2024-01-08 00:00:00,276,3,2.0,1.6029609533689055,12,3,1.8882880203333918,80,0.23151057184966373,0.14536338905257176,2.505284830287102,0.2922078304094544,0.10866605892381558,0,0,0,5,0.06214690140704679
COOT,tb_522_533#0,bo_515#0,515,522,533,2024-12-13 00:00:00,500,3,7.0,1.1656353826927182,0,3,1.6395234841507977,14,0.08285454337477424,0.09174313832990853,1.2069347047093104,0.34952767139613306,0.4822040871353912,8,0,0,4,0.04343432567640434
CORZ,tb_361#0,bo_358#0,358,361,361,2025-07-03 00:00:00,356,2,2.0,1.5777479216074493,16,3,6.651278576905087,108,0.9754791451170508,0.06370125786558774,1.189159043756817,0.3878048317171914,-0.11388889948527015,0,1,0,0,0.0
COSM,tb_415_419#0,bo_410#0,410,415,419,2024-07-15 00:00:00,405,2,5.0,0.6070440410893838,31,2,427.5203946215289,105,0.14565806981215346,0.1476510249678655,1.5103868182102813,0.8262149822722273,0.17289768976734637,0,0,0,5,0.040322541880434236
COSM,tb_416_417#0,bo_413#0,413,416,417,2024-07-16 00:00:00,405,3,3.0,0.6918929916397693,31,3,427.5203946215289,116,0.17356806771794595,0.09090908387194259,0.8065998978705577,0.8998526123775756,0.10538163019255864,0,0,0,2,0.0
COUR,tb_514_521#0,bo_511#0,511,514,521,2024-12-03 00:00:00,509,2,2.0,1.1519875561700659,246,2,6.247473703075672,27,0.3517764731320295,0.034523806550335046,0.8243870298403496,0.1533051554546112,0.16553437556493902,0,0,0,8,0.030487805587205784
COYA,tb_291_309#0,bo_285#0,285,291,309,2024-02-28 00:00:00,285,1,61.0,1.9651117208937672,61,3,1.9651117208937672,191,0.4932930309495542,0.0434342796030634,0.871691519082981,0.07180856915689171,0.09817890119049215,0,0,0,19,0.0338797244662811
COYA,tb_291_309#1,bo_286#0,286,291,309,2024-02-28 00:00:00,285,2,1.0,3.1022727272727275,61,3,3.1022727272727275,192,0.5080578348890357,0.0434342796030634,0.8463590598802212,0.15691487118770442,0.09817890119049215,0,0,0,19,0.0338797244662811
CPF,tb_415#0,bo_412#0,412,415,415,2024-07-15 00:00:00,412,1,149.0,0.6362124983374817,149,1,0.6362124983374817,110,0.4279004296296202,0.02971132731147625,1.5226460681787728,0.014594998605401255,0.2257642826201367,1,0,0,0,0.0
CPF,tb_416_417#0,bo_413#0,413,416,417,2024-07-16 00:00:00,412,2,1.0,1.383769499616401,149,1,1.383769499616401,111,0.4259242014771068,0.04614124831880342,2.4693928377521592,0.06167599406038926,0.18032713522868604,2,0,0,0,0.0
CPF,tb_418_419#0,bo_415#0,415,418,419,2024-07-18 00:00:00,412,3,2.0,0.9292303257422889,149,2,1.383769499616401,361,0.4634152227313864,0.029423601690859603,1.4662117049937349,0.09369098220943606,0.1750342787934528,2,0,0,0,0.0
CPNG,tb_323_326#0,bo_320#0,320,323,326,2024-03-01 00:00:00,320,1,138.0,2.2173258258801662,138,1,2.2173258258801662,30,0.45381991820683104,0.038834938822706964,1.6306022310393722,0.03050640748136879,0.23893203314085554,4,0,0,0,0.0
CPNG,tb_324#0,bo_321#0,321,324,324,2024-03-04 00:00:00,320,2,1.0,3.451522102931885,138,1,3.451522102931885,31,0.48283282478859757,0.041660235576789204,1.6548205770297806,0.11287373095560604,0.24137926498576467,1,0,0,0,0.0052770647727517495
CPPKF,tb_699_700#0,bo_694#0,694,699,700,2025-09-02 00:00:00,694,1,29.0,0.2751228226887003,29,1,0.2751228226887003,28,0.032721032360533045,0.048076878990645736,1.5280676894715692,0.05114253474224273,0.6338016426553268,1,1,0,0,0.021084305444603078
CPPKF,tb_740_743#0,bo_737#0,737,740,743,2025-10-29 00:00:00,729,2,8.0,1.4980503096567017,14,2,2.0587913376592915,10,0.06909099281681577,0.04425837243818567,1.071051347458185,0.0903474808222624,0.31210507682246746,4,0,0,0,0.00429973549890039
CPTAF,tb_53_63#0,bo_50#0,50,53,63,2024-02-05 00:00:00,50,1,10.0,,10,1,0.0,9,0.35136932043868835,0.08959855426053023,1.9634608979403463,0.14566934233641948,0.04970880634712456,0,8,0,3,0.04138851164921489
CPTAF,tb_412_413#0,bo_409#0,409,412,413,2025-07-14 00:00:00,409,1,27.0,0.7640745509290345,27,1,0.7640745509290345,10,0.10802139728813387,0.05588236820326502,0.8794556541129396,0.08593751309672393,0.09886126219970848,0,2,0,0,0.0
CRBP,tb_719_725#0,bo_716#0,716,719,725,2025-09-30 00:00:00,710,2,6.0,0.8915625887774751,14,2,2.73055772897083,159,0.7105510404154846,0.05877742841276758,1.0555188260106525,0.18208371978654037,0.5034228690712629,7,0,0,0,0.0024712261776836603
CRBU,tb_632_635#0,bo_627#0,627,632,635,2025-05-27 00:00:00,626,2,1.0,1.0490201128354917,129,2,1.1408239427976599,27,0.08433106686914894,0.08482145375515114,1.126512827800873,0.2499999822605219,1.4044762024910833,4,0,0,0,0.07727276027695135
CRBU,tb_632_635#1,bo_628#0,628,632,635,2025-05-27 00:00:00,626,3,1.0,1.3303433102626392,129,3,1.3303433102626392,40,0.08773598848438272,0.08482145375515114,1.0827943042681942,0.3095238787922481,1.4044762024910833,4,0,0,0,0.07727276027695135
CRCT,tb_712_715#0,bo_709#0,709,712,715,2025-09-19 00:00:00,706,3,2.0,1.035583679742253,49,3,1.409882492180235,338,0.23332975541641157,0.03318903676345772,0.9440039518108273,0.07371794820644961,0.007483972856090315,0,4,0,0,0.013432817962999666
CRDF,tb_780#0,bo_777#0,777,780,780,2025-12-26 00:00:00,768,4,1.0,2.7226401658234067,101,4,2.7226401658234067,88,0.1283716378495116,0.06646526659015183,1.713774415405782,0.2478633262388521,0.041009423625731234,0,1,0,0,0.0034246541787590606
CRDL,tb_296#0,bo_293#0,293,296,296,2024-01-23 00:00:00,287,2,6.0,1.3800327555616214,29,2,2.1346021633513614,66,0.06545845098185335,0.06086950842960002,1.069379617036821,0.059999942779541016,0.9375000598707366,1,0,0,0,0.008849549119871482
CRESY,tb_503_508#0,bo_496#0,496,503,508,2024-11-15 00:00:00,490,2,6.0,3.012896127494636,13,1,3.012896127494636,109,0.37220067455814254,0.06266551124781958,1.680964841727631,0.07832628852817125,0.3282519546728064,6,0,0,0,0.01191654794647747
CRESY,tb_506_509#0,bo_501#0,501,506,509,2024-11-20 00:00:00,490,3,5.0,1.993047151828085,13,2,3.1786300295272576,133,0.4116909894836204,0.028497382864985266,0.7063491530989877,0.13519314176866737,0.2905685868629815,3,0,0,1,0.0036866915631308898
CRF,tb_343_345#0,bo_340#0,340,343,345,2024-04-01 00:00:00,339,2,1.0,0.8845060466831599,77,1,0.9028209547846964,122,0.034603385869586875,0.013210158879137616,1.8534934294966507,0.010914123243053853,0.03803568282023403,0,3,0,0,0.0
CRF,tb_462_475#0,bo_455#0,455,462,475,2024-09-19 00:00:00,449,2,6.0,1.0284260629239832,109,1,1.1544725685262143,27,0.07641310277224662,0.005050550643404445,0.36399853427963813,0.018017973704817614,0.18370440713862798,14,0,0,0,0.005031595957731273
CRF,tb_725_726#0,bo_719#0,719,725,726,2025-10-08 00:00:00,712,2,7.0,0.981224348165538,84,1,1.0662309539183823,156,0.052347982750077085,0.00486026294992457,0.643100076459815,0.011320932479268908,0.007725488490895938,0,2,0,0,0.0
CRGY,tb_506_524#0,bo_499#0,499,506,524,2024-11-20 00:00:00,498,2,1.0,0.8039393647694092,20,4,0.8448389535608917,311,0.3939526525694356,0.021247458284756302,0.7265395860882853,0.03849003697402398,0.15641669758438945,10,3,0,6,0.01644026185726077
CRK,tb_499_506#0,bo_496#0,496,499,506,2024-11-11 00:00:00,491,2,5.0,1.1854556540666243,19,1,2.363409891706755,102,0.4859372848253524,0.06162465902636395,1.8109335132767042,0.07866113381263906,0.5253403715947342,8,0,0,0,0.0
CRK,tb_506#0,bo_499#0,499,506,506,2024-11-20 00:00:00,491,4,1.0,1.092527579962449,19,3,2.363409891706755,268,0.5265285107198138,0.05905769128542897,1.6903156648283395,0.19163179902961436,0.4706666310628256,1,0,0,0,0.02830184304831966
CRK,tb_541_548#0,bo_538#0,538,541,548,2025-01-14 00:00:00,532,2,6.0,1.7696880958866792,12,2,2.1412100738266497,532,0.928612145134618,0.05579399688148034,1.2599448353373992,0.1480398282069293,0.03086161353918307,0,8,0,0,0.0
CRLBF,tb_697#0,bo_693#0,693,697,697,2025-08-28 00:00:00,684,3,8.0,1.268256331577396,70,3,8.438548783617817,136,0.1399552298076596,0.12345681919446162,1.4290287541135533,0.6546184424914903,0.06756758280615438,0,0,0,1,0.0
CRLBF,tb_704_705#0,bo_697#0,697,704,705,2025-09-09 00:00:00,684,4,4.0,2.422944968770814,70,4,8.438548783617817,195,0.1421790673533363,0.28395063999567316,3.235356981234119,0.9812584479811819,0.2680756378258733,0,0,0,2,0.1449275712860756
CRMD,tb_642_643#0,bo_639#0,639,642,643,2025-06-10 00:00:00,639,1,20.0,1.3487663745329093,20,2,1.3487663745329093,95,0.5511365976993317,0.06005222549741711,1.6692777800175127,0.06462037022129641,0.18261907959889334,0,2,0,0,0.0
CRMD,tb_643#0,bo_640#0,640,643,643,2025-06-11 00:00:00,639,2,1.0,1.3256411405356157,20,3,1.3487663745329093,150,0.5939125958782786,0.05266582663131168,1.3638377519487859,0.12924066340912677,0.19465388093804425,0,1,0,0,0.020147762512940093
CRML,tb_651_652#0,bo_646#0,646,651,652,2025-06-24 00:00:00,645,2,1.0,18.678093945973302,131,3,18.678093945973302,43,0.1917179715819352,0.3435754316441932,6.415674070220469,0.8819875431476538,1.3924359123965016,2,0,0,0,0.1955719424093332
CRML,tb_656_658#0,bo_653#0,653,656,658,2025-07-01 00:00:00,645,3,7.0,3.9567333399504996,131,4,18.678093945973302,43,0.346154778566467,0.16363633548777037,1.8199947394381248,1.2732919585782523,1.2256890952300168,3,0,0,0,0.1475410348655896
CRNT,tb_286_288#0,bo_280#0,280,286,288,2024-01-08 00:00:00,276,2,4.0,1.7127424165372405,115,1,1.7127424165372405,61,0.07709356001287467,0.021739110153428578,0.6485619850469243,0.04390251447869553,0.36183054789463703,3,0,0,0,0.023148235531497356
CRON,tb_346#0,bo_341#0,341,346,346,2024-04-04 00:00:00,336,2,5.0,2.416406606789466,16,2,3.488412810500955,133,0.13745198890036756,0.0869565182722324,1.8915695039648974,0.17903934177314285,0.14181821996515453,0,0,0,1,0.04513892683165894
CRSR,tb_642_644#0,bo_637#0,637,642,644,2025-06-10 00:00:00,632,2,5.0,0.5852346132406466,10,1,0.7510597399413115,13,0.46993400753914427,0.02950152228929958,0.6171078432302457,0.10625379920817823,0.06047353813701295,0,0,0,3,0.006586110669982927
CRVO,tb_312#0,bo_309#0,309,312,312,2024-02-14 00:00:00,309,1,85.0,0.5965566714490674,85,2,0.5965566714490674,52,0.7466762765221647,0.05337837511296691,1.0580220460902463,0.0669902492821286,0.7824323527563926,1,0,0,0,0.0
CRVO,tb_313#0,bo_310#0,310,313,313,2024-02-15 00:00:00,309,2,1.0,5.076822916666667,85,4,5.076822916666667,77,0.7661993642055355,0.11337213235135933,2.545030515603977,0.35631068042068703,0.6304078283810641,0,1,0,0,0.0
CRVS,tb_695_714#0,bo_688#0,688,695,714,2025-08-26 00:00:00,686,2,2.0,0.9474655457754215,15,1,0.9474655457754215,16,0.27206865542386055,0.06024094803435164,1.2864396454905742,0.20666662851969408,0.43673387019976406,20,0,0,0,0.020676716158836605
CSAN,tb_710_711#0,bo_707#0,707,710,711,2025-09-17 00:00:00,702,2,5.0,0.7969258750443697,68,1,1.8043964990840626,49,0.2148984272434164,0.02664451643631052,0.744539298410195,0.06551062598060553,-0.007703094032074365,0,2,0,0,0.0
CSBR,tb_525_527#0,bo_522#0,522,525,527,2024-12-18 00:00:00,518,3,2.0,5.506726171501435,60,4,6.228645587541293,195,0.5006747766517307,0.10664819990335131,1.537924450829936,0.37310189596034116,0.6399279002311006,3,0,0,0,0.012638218747278714
CSCCF,tb_696_698#0,bo_693#0,693,696,698,2025-08-27 00:00:00,686,2,7.0,0.3371737647125718,29,2,1.5700894055460346,29,0.2388511463788589,0.01264040410074605,0.3768023604457711,0.05824504451862711,0.3935785113335359,3,0,0,0,0.002144369797140722
CSPI,tb_515#0,bo_508#0,508,515,515,2024-12-04 00:00:00,506,2,2.0,5.493887530562347,86,2,5.493887530562347,68,0.5667546382994485,0.12614060046206324,4.076963015141271,0.3184960119385778,0.2998181809036793,1,0,0,0,0.09951318294132261
CSPI,tb_515#1,bo_509#0,509,515,515,2024-12-04 00:00:00,506,3,1.0,2.610671177058507,86,3,5.493887530562347,89,0.752419803899273,0.12614060046206324,3.0709421615860957,0.4190328846838671,0.2998181809036793,1,0,0,0,0.09951318294132261
CSTE,tb_354_357#0,bo_349#0,349,354,357,2024-04-16 00:00:00,348,2,1.0,6.657987720111214,28,3,6.657987720111214,198,0.2087006718661069,0.1540880500786969,4.695720480009815,0.3436019806144217,0.23242018580904245,1,0,0,3,0.1674797063148358
CSTE,tb_354_358#0,bo_350#0,350,354,358,2024-04-16 00:00:00,348,3,1.0,5.107971960873158,28,3,6.657987720111214,199,0.25736493411301026,0.1540880500786969,3.807822625296589,0.45734606661867416,0.20776025584147204,1,0,0,4,0.1674797063148358
CSTL,tb_373_380#0,bo_367#0,367,373,380,2024-05-13 00:00:00,366,2,1.0,3.6134985247513933,52,1,3.6134985247513933,24,1.018260218500586,0.06599764934554606,1.679334077285935,0.10490460571847704,0.02905080415143138,0,8,0,0,0.025194583161104154
CSTL,tb_704#0,bo_697#0,697,704,704,2025-09-09 00:00:00,696,2,1.0,1.2793957804966418,88,2,1.6524796759402514,88,0.9708149456517136,0.0375909585197926,0.9579583723357975,0.0988289772975488,0.291683596159273,1,0,0,0,0.0417182304720109
CSTM,tb_777_789#0,bo_770#0,770,777,789,2025-12-22 00:00:00,765,2,5.0,2.0683417655068546,29,1,2.0683417655068546,30,0.6678147781185508,0.02177294226854439,0.6289170142014837,0.03058960836551683,0.4373800595352616,7,0,0,0,0.024311224061321208
CTEV,tb_559_564#0,bo_556#0,556,559,564,2025-02-10 00:00:00,552,2,4.0,0.8660807260568427,21,2,1.6222823635543526,132,1.930964421878212,0.055090091655809484,0.681007127401416,0.25181596441524867,0.14621126497918546,0,6,0,0,0.009721028897702428
CTEV,tb_564_568#0,bo_557#0,557,564,568,2025-02-18 00:00:00,552,3,1.0,1.1238744265946803,21,3,1.6222823635543526,163,1.8858954801055217,0.07343538859666303,1.1448144499544126,0.3165859199343095,-0.01407559052790235,0,5,0,0,0.035146161258102084
CTEV,tb_626_630#0,bo_623#0,623,626,630,2025-05-16 00:00:00,623,1,12.0,1.157667876588022,12,1,1.157667876588022,11,1.4618654666047075,0.04967411788066253,0.964520935491376,0.14763875743011123,0.8134474734470267,5,0,0,0,0.0
CTGO,tb_329_337#0,bo_326#0,326,329,337,2024-03-11 00:00:00,323,2,3.0,1.0195512399947513,184,2,1.0195512399947513,46,0.9690519604949646,0.07272729006680576,1.6510986476437148,0.17365625995640466,0.0811383378305586,0,1,0,8,0.01862107818852379
CTMX,tb_619#0,bo_616#0,616,619,619,2025-05-07 00:00:00,616,1,9.0,0.7491643506583332,9,2,0.7491643506583332,39,0.06856425110349765,0.11442304077232951,1.7355977221817795,0.059445119360068244,2.220603483057179,1,0,0,0,0.005175978390786924
CTMX,tb_719#0,bo_716#0,716,719,719,2025-09-30 00:00:00,715,2,1.0,3.883183611060985,80,3,5.116824443238165,54,0.14911881079937572,0.054878069611974487,1.207091619040431,0.34597159022149304,0.4482758002156979,1,0,0,0,0.012383889045456163
CTMX,tb_721#0,bo_718#0,718,721,721,2025-10-02 00:00:00,715,3,2.0,2.2197546752421258,80,4,5.116824443238165,73,0.20265857000651402,0.07890957395316966,1.3569614003494315,0.5308057723513757,0.40853656276147454,1,0,0,0,0.020895503055387555
CTOS,tb_495#0,bo_492#0,492,495,495,2024-11-05 00:00:00,491,2,1.0,1.9419567828694861,74,1,2.1653296486379787,31,0.18580001632466228,0.07305939801378822,1.7222827962631428,0.12672176959912318,0.40459776263615765,1,0,0,0,0.014669912112735958
CTOS,tb_625#0,bo_622#0,622,625,625,2025-05-15 00:00:00,622,1,114.0,0.7458269360682921,114,1,0.7458269360682921,11,0.2977239890219276,0.032978667927951726,0.5206155321255472,0.03464205496776218,0.2891304241912349,0,0,0,1,0.017094001418896262
CTRI,tb_414_416#0,bo_408#0,408,414,416,2025-12-12 00:00:00,406,2,2.0,0.8654579767479412,125,2,1.8347538329682889,217,1.0193870944557621,0.03781821511008523,1.0202217795219264,0.1378999275482593,0.2145233202612593,2,0,0,1,0.0295728179624753
CTRM,tb_285#0,bo_282#0,282,285,285,2024-01-05 00:00:00,276,2,6.0,13.974497978699759,96,2,13.974497978699759,58,0.3018447610422173,0.10615385495699368,2.2859434592735988,0.16428573537035152,-0.004975158999091178,0,1,0,0,0.0
CURI,tb_449#0,bo_446#0,446,449,449,2024-08-30 00:00:00,446,1,98.0,1.8716623141288706,98,2,1.8716623141288706,29,0.0635002759036297,0.09374999474905954,2.040202529713723,0.08264448103519761,0.9703409409022143,1,0,0,0,0.0
CURI,tb_453_456#0,bo_447#0,447,453,456,2024-09-06 00:00:00,446,2,1.0,5.147504059504478,98,3,5.147504059504478,54,0.06883527641603966,0.10734442151668265,2.38396183630418,0.19834714231857498,0.8645995664572976,4,0,0,0,0.02395208887974978
CURI,tb_453_456#1,bo_449#0,449,453,456,2024-09-06 00:00:00,446,3,2.0,1.2812792257959582,98,4,5.147504059504478,98,0.0866736659536036,0.10734442151668265,1.8933163857997053,0.272727220877794,0.8645995664572976,4,0,0,0,0.02395208887974978
CURI,tb_454#0,bo_451#0,451,454,454,2024-09-09 00:00:00,446,4,2.0,1.5944068365272652,98,5,5.147504059504478,359,0.09532146335038712,0.09604499489725644,1.5403340519864481,0.38016513747863345,0.8501979296210274,1,0,0,0,0.02395208887974978
CURV,tb_414_417#0,bo_409#0,409,414,417,2024-07-12 00:00:00,401,2,8.0,0.9569921842171611,14,2,3.328846667259945,117,0.4693444879518535,0.07336339093878046,1.3849094539636992,0.13304725831586284,0.022021950635878113,0,4,0,0,0.03661615644689852
CVE,tb_696_697#0,bo_693#0,693,696,697,2025-08-27 00:00:00,693,1,48.0,1.9760104959280624,48,1,1.9760104959280624,128,0.40068153568129344,0.02754978476363813,1.159219485212758,0.07758055146611897,0.09858362247583752,0,0,0,2,0.0
CVEO,tb_640_644#0,bo_637#0,637,640,644,2025-06-06 00:00:00,634,2,3.0,1.153522662374747,187,1,1.153522662374747,15,0.6377662896364217,0.024789776380946742,0.9015823898729676,0.036619751858411265,0.09761498498972307,0,0,0,5,0.0
CVI,tb_647_656#0,bo_642#0,642,647,656,2025-06-17 00:00:00,642,1,19.0,1.032188817818265,19,1,1.032188817818265,16,0.9274215038678609,0.0419580680746057,1.285912755577001,0.03778333452176219,0.20117409496998695,5,0,0,5,0.005036797413012332
CVI,tb_646_657#0,bo_643#0,643,646,657,2025-06-16 00:00:00,642,2,1.0,0.9816196959928315,19,2,1.032188817818265,194,0.9421022639643443,0.046378919463549884,1.3713642827920476,0.08354316151875563,0.1915021357181589,5,1,0,6,0.005036797413012332
CVKD,tb_251_253#0,bo_248#0,248,251,253,2024-01-22 00:00:00,247,2,1.0,2.343223019502232,11,1,2.656301728391977,12,1.422480374808026,0.19549479046786047,2.562425831889309,0.12149539532751352,0.9736889446818594,3,0,0,0,0.0
CVKD,tb_255#0,bo_250#0,250,255,255,2024-01-26 00:00:00,247,3,2.0,7.807054231144569,11,2,8.29060184485105,94,1.5029550429393048,0.16107383982214465,2.3952814812273187,0.37516691423152904,0.4563757799327641,0,1,0,0,0.028301875475562604
CVLG,tb_655_667#0,bo_650#0,650,655,667,2025-06-30 00:00:00,650,1,25.0,0.9730646072706725,25,1,0.9730646072706725,55,0.6025480535384595,0.030352089571671466,1.232077964713445,0.024945266471035454,0.06481870227388756,0,4,0,9,0.007410473634408383
CVLG,tb_655_667#1,bo_651#0,651,655,667,2025-06-30 00:00:00,650,2,1.0,0.9372553113744323,25,2,0.9730646072706725,55,0.6174857044907041,0.030352089571671466,1.2022726583735663,0.040700224870854784,0.06481870227388756,0,4,0,9,0.007410473634408383
CVM,tb_669#0,bo_662#0,662,669,669,2025-07-21 00:00:00,661,2,1.0,2.9125137538048844,96,1,2.9125137538048844,24,0.311809251722965,0.442877297225171,10.07025958195105,0.5655737064180131,2.0988505374174125,1,0,0,0,0.07591622170706333
CVRX,tb_494_497#0,bo_491#0,491,494,497,2024-11-04 00:00:00,484,3,1.0,4.5155291503646815,75,4,4.5155291503646815,81,0.7133344478967416,0.08053268363340108,1.780371691719436,0.4826132807341905,0.04329655530597892,0,0,0,4,0.06751953303983389
CVRX,tb_545#0,bo_542#0,542,545,545,2025-01-21 00:00:00,541,2,1.0,1.4971214193429807,50,3,1.5984725062051017,178,0.9538052087310398,0.04566038581705781,0.8880221184755085,0.1303191518030753,-0.010869503246587309,0,1,0,0,0.0
CVU,tb_447_448#0,bo_444#0,444,447,448,2024-08-28 00:00:00,444,1,94.0,2.371350217777061,94,1,2.371350217777061,7,0.11744813702241076,0.04193544516826277,1.106870481883702,0.037037001061669184,0.16777579291710787,0,0,0,2,0.006557370898096224
CVV,tb_675_677#0,bo_672#0,672,675,677,2025-07-29 00:00:00,668,2,4.0,1.5605161673094037,30,3,2.1299749947905813,113,0.21119322951219263,0.055421690069412555,1.0890501537607669,0.145348834791591,0.022381060702246398,0,3,0,0,0.05076143268505669
CWBC,tb_770_773#0,bo_764#0,764,770,773,2025-12-11 00:00:00,759,2,5.0,4.25886232481451,108,2,4.25886232481451,421,0.49498553269336654,0.018341087998971755,0.8761594064072517,0.06230249020903589,0.07896300592898575,0,2,0,2,0.009787303037896319
CWBC,tb_773#0,bo_770#0,770,773,773,2025-12-16 00:00:00,759,3,6.0,2.3885019389330218,108,2,4.901823027072861,427,0.47764076228898456,0.01518263547359959,0.7635220424160573,0.07268622401642166,0.07407856799474,0,1,0,0,0.00578515482907737
CWH,tb_463#0,bo_460#0,460,463,463,2024-09-20 00:00:00,458,2,2.0,1.2775585480189742,41,2,1.2775585480189742,32,0.9698484745360283,0.0460993485414766,1.15959103575849,0.1065182086175036,0.05790552379396341,0,1,0,0,0.0069331603462363936
CWH,tb_643_647#0,bo_640#0,640,643,647,2025-06-11 00:00:00,633,2,7.0,0.828084067094913,124,2,1.4264914998832694,50,0.8697242173674605,0.03719014452500323,0.8063372045864814,0.07287925882747515,0.052356379749750645,0,5,0,0,0.0044542244806148774
CWK,tb_416_423#0,bo_413#0,413,416,423,2024-07-16 00:00:00,413,1,38.0,0.9855622934373944,38,1,0.9855622934373944,100,0.33137361016476047,0.039154266411636586,1.5088709078293765,0.06306304371247706,0.08841351545353052,0,0,0,8,0.0
CWK,tb_417_424#0,bo_414#0,414,417,424,2024-07-17 00:00:00,413,2,1.0,0.9032613388856372,38,2,0.9855622934373944,101,0.35913258896402706,0.03984376728767503,1.4200889714659695,0.08018012243803141,0.08107153639042536,0,0,0,8,0.0007886615647598997
CWK,tb_657_665#0,bo_654#0,654,657,665,2025-07-02 00:00:00,651,2,3.0,1.9169282116447477,29,2,1.9169282116447477,62,0.34664675010837603,0.034982921337087164,1.182759818991312,0.022038545780700636,0.4155228990995677,9,0,0,0,0.005390873225495305
CWK,tb_708_714#0,bo_702#0,702,708,714,2025-09-15 00:00:00,686,4,8.0,1.1842090223473738,30,4,2.0112515563153885,206,0.4822376423846765,0.01490757264018216,0.5184166021626684,0.16748769233298866,0.043877648548381165,0,7,0,0,0.025015244824905622
CXDO,tb_298#0,bo_295#0,295,298,298,2024-01-25 00:00:00,295,1,22.0,2.118709822938987,22,1,2.118709822938987,14,0.4581601810731803,0.1487464993477359,2.331062112995208,0.054545489224520516,0.19527563253200908,0,0,0,1,0.0
CXMSF,tb_346#0,bo_342#0,342,346,346,2024-04-04 00:00:00,342,1,68.0,0.0019370311154839504,68,1,0.0019370311154839504,36,0.02164245136205255,0.0,0.0,0.011363623795348499,0.055555508505813256,0,1,0,0,0.0
CXMSF,tb_631_632#0,bo_625#0,625,631,632,2025-05-23 00:00:00,621,2,4.0,29.74254961203049,279,2,29.74254961203049,68,0.008398052463425532,0.0,0.0,0.1333333933688563,0.2096041251844759,0,0,0,0,0.0441177197662005
CYDVF,tb_347#0,bo_344#0,344,347,347,2024-04-05 00:00:00,344,1,18.0,0.3234903459893741,18,1,0.3234903459893741,19,0.04411236315802671,0.07042247017941754,1.1334680061724636,0.0166666501098216,0.029850717057203102,0,1,0,0,0.0
CYH,tb_295_315#0,bo_289#0,289,295,315,2024-01-22 00:00:00,283,3,3.0,0.773905116357403,12,2,1.2433633535221933,90,0.20649956335606517,0.039266978945080154,0.7263930950314372,0.1487341822292001,0.09096728578327674,0,21,0,0,0.04407715724144853
CYPH,tb_491#0,bo_488#0,488,491,491,2024-10-30 00:00:00,488,1,47.0,9.555206535265544,47,2,9.555206535265544,125,0.23841877502924563,0.15240084026870918,3.0618394838407372,0.09422490771244263,0.016786497252640364,0,1,0,0,0.09544469511436386
CYRX,tb_662_665#0,bo_658#0,658,662,665,2025-07-10 00:00:00,651,2,7.0,0.377797742643802,31,2,3.8378625964047597,36,0.45336816513156597,0.04737514574518689,0.8161135121865234,0.1676829137541862,0.3976495222639458,4,0,0,0,0.04830285808479285
CYVNY,tb_440_447#0,bo_437#0,437,440,447,2024-08-19 00:00:00,437,1,95.0,0.5894132129667624,95,1,0.5894132129667624,34,0.13987015591664845,0.05090912905606357,1.0009290687257386,0.04054050135560283,0.9080193490680897,8,0,0,0,0.0
CYVNY,tb_447_449#0,bo_442#0,442,447,449,2024-08-28 00:00:00,437,2,5.0,0.7971297554347826,95,2,1.3612791702679343,46,0.1556365450490602,0.019018993058972443,0.36623738840218006,0.2837837242807304,0.8019786964591636,3,0,0,0,0.023809581734347537
CYVNY,tb_475_484#0,bo_470#0,470,475,484,2024-10-08 00:00:00,459,3,4.0,8.281924371411602,17,4,8.281924371411602,357,0.24189232161051774,0.07393073876936775,1.500667378194598,0.46825392380203,0.07425930431460254,0,10,0,0,0.03043475421480001
CYVNY,tb_482_484#0,bo_478#0,478,482,484,2024-10-17 00:00:00,459,4,8.0,3.2859197577592734,17,6,8.281924371411602,397,0.2582559988748612,0.0877063676923828,1.8508754463683939,0.6285714155962683,0.007533822615203263,0,3,0,0,0.04483431071005978
CYVNY,tb_557_560#0,bo_552#0,552,557,560,2025-02-06 00:00:00,545,2,7.0,0.7654455986878076,14,2,4.723679969054219,73,0.3035751557864307,0.07142861467910601,1.4823356836844592,0.409499306290688,0.011018768311764932,0,4,0,0,0.07553958284466815
CYVNY,tb_557_560#1,bo_553#0,553,557,560,2025-02-06 00:00:00,545,3,1.0,1.1100128921357972,14,2,4.723679969054219,74,0.3176055018016856,0.07142861467910601,1.4168529309145192,0.42747110911589004,0.011018768311764932,0,4,0,0,0.07553958284466815
DAIO,tb_639_659#0,bo_634#0,634,639,659,2025-06-05 00:00:00,632,2,2.0,1.8303094983991461,10,2,1.8303094983991461,41,0.13612876083323727,0.035087687010102085,0.7345979205310765,0.06589150438801084,0.1873213199683607,14,5,0,2,0.02545452117919922
DAKT,tb_517#0,bo_514#0,514,517,517,2024-12-06 00:00:00,514,1,70.0,2.0242070617452934,70,1,2.0242070617452934,69,0.5509731580827945,0.04022117956810491,1.4519749743241237,0.021263299403043945,0.0025640634390025063,0,1,0,0,0.0
DAN,tb_623_630#0,bo_620#0,620,623,630,2025-05-13 00:00:00,620,1,75.0,0.9321469952003714,75,1,0.9321469952003714,31,0.7468087504837693,0.028009607734444966,0.6158306766150782,0.03554326727862911,0.11533050854887547,0,0,0,8,0.0
DAN,tb_696_698#0,bo_693#0,693,696,698,2025-08-27 00:00:00,685,2,8.0,0.9313382049501547,53,2,1.9076652035171124,511,0.5222165340963235,0.02279346273395202,0.8857250512016919,0.11223349695649598,0.05216612657760544,0,3,0,0,0.0
DAO,tb_474#0,bo_471#0,471,474,474,2024-10-07 00:00:00,468,3,1.0,11.41771411867875,148,7,11.41771411867875,327,0.2636988915350416,0.15912895186795972,3.6025931081280107,0.6999999455043249,0.2872302407384457,0,0,0,1,0.1378150791782116
DAO,tb_565_567#0,bo_559#0,559,565,567,2025-02-19 00:00:00,553,3,4.0,8.847795919955386,33,3,8.847795919955386,485,0.6353514493780346,0.1328256967309141,2.471072815464796,0.4249037786682275,0.0453367835867442,0,3,0,0,0.1900901385439576
DAVE,tb_294#0,bo_291#0,291,294,294,2024-01-19 00:00:00,288,2,3.0,1.7623848310855923,21,4,5.36884154460719,249,0.5967340122465001,0.07224021198818187,1.491450749217215,0.15593210183991246,2.576422845229128,1,0,0,0,0.0
DBGI,tb_776#0,bo_773#0,773,776,776,2025-12-19 00:00:00,773,1,145.0,1.0583836121247157,145,1,1.0583836121247157,38,0.8633399875856649,0.0884955737275052,1.1582922306153172,0.12720847500845278,0.6933207719863421,1,0,0,0,0.0
DBVT,tb_724#0,bo_721#0,721,724,724,2025-10-07 00:00:00,721,1,65.0,2.699778343321566,65,3,2.699778343321566,63,0.6275298478504053,0.09048876185549744,2.1831629049231642,0.216484644611882,0.26404496413742495,0,0,0,1,0.0
DBVT,tb_725#0,bo_722#0,722,725,725,2025-10-08 00:00:00,721,2,1.0,7.244435596257217,65,4,7.244435596257217,98,0.7555634355963725,0.06015037818624172,1.270575034363907,0.2810327715462215,0.13350125127714585,0,0,0,1,0.0
DBVT,tb_730_735#0,bo_725#0,725,730,735,2025-10-15 00:00:00,721,3,3.0,4.310421286031042,65,4,7.244435596257217,101,0.9525557214391658,0.10424025629015064,1.8581584932534523,0.5769613302573311,0.4288839242117291,2,0,0,4,0.054820409063187144
DCTH,tb_449#0,bo_446#0,446,449,449,2024-08-30 00:00:00,445,2,1.0,6.437500842034355,67,2,6.437500842034355,41,0.48210147856117064,0.11281394824824764,2.7483836249986036,0.31585513866138415,0.05999998612837354,0,1,0,0,0.0
DCTH,tb_546_566#0,bo_543#0,543,546,566,2025-01-22 00:00:00,543,1,97.0,2.081444579948917,97,1,2.081444579948917,20,0.7368413736979232,0.059987270547603805,1.275716277087043,0.0755310806660654,0.047770963842032096,0,21,0,0,0.0
DDC,tb_386#0,bo_383#0,383,386,386,2025-06-05 00:00:00,369,5,1.0,3.919265794931143,50,6,22.2213208643085,179,0.8331956985630066,0.19920945297088782,3.024498936366979,3.3373983377379393,1.0360705185788444,1,0,0,0,0.1600985807948476
DDI,tb_315_316#0,bo_312#0,312,315,316,2024-02-20 00:00:00,310,2,2.0,6.112780461976306,19,6,6.112780461976306,298,0.5614009093709715,0.0911428587777274,2.2728855646455814,0.3021063513860418,0.21522234696679543,0,2,0,0,0.003003000207918189
DDL,tb_369_371#0,bo_366#0,366,369,371,2024-05-07 00:00:00,365,2,1.0,1.2334111694882273,111,1,1.2334111694882273,21,0.0918240019001224,0.10404628021542014,1.960272510808116,0.06569345479222655,0.3773319022837583,2,0,0,1,0.0
DDL,tb_451_456#0,bo_448#0,448,451,456,2024-09-04 00:00:00,442,2,6.0,1.5231230995586071,61,3,2.7995561348504596,44,0.14885189958299025,0.07051280679708978,1.1084840859624634,0.06930698328024776,0.6707180156671978,6,0,0,0,0.0
DDL,tb_453_457#0,bo_450#0,450,453,457,2024-09-06 00:00:00,442,3,2.0,1.436939129901444,61,3,2.7995561348504596,44,0.14839781658141263,0.07722000613628688,1.3477274388024079,0.09900992553078236,0.6138176325294666,5,0,0,0,0.0
DDL,tb_457_468#0,bo_452#0,452,457,468,2024-09-12 00:00:00,442,4,2.0,5.161169111691117,61,6,5.161169111691117,193,0.14670524294242301,0.07291667701469486,1.4314419439623625,0.1930693606864755,0.6422484257841544,12,0,0,0,0.03088800245451475
DFTX,tb_319_322#0,bo_315#0,315,319,322,2024-02-26 00:00:00,310,2,5.0,2.7943773165672035,25,4,3.0477468475902487,149,0.311151407674989,0.08598131707416636,1.4783800644972895,0.14965994264978733,1.2685005133088678,4,0,0,0,0.08875744987496427
DGXX,tb_644_645#0,bo_641#0,641,644,645,2025-06-12 00:00:00,641,1,94.0,1.1092648012891615,94,1,1.1092648012891615,14,0.17456500753929732,0.15384610446952324,2.2914091580399143,0.15231789438814758,0.8076124125879556,2,0,0,0,0.0
DHC,tb_414_417#0,bo_407#0,407,414,417,2024-07-12 00:00:00,405,2,2.0,0.9325815240631911,16,1,4.043136103900869,17,0.14980936124224797,0.04571431023733954,1.0420195953205196,0.07070703164532488,0.09394025713869525,0,0,0,4,0.02173901989805881
DHC,tb_627_630#0,bo_621#0,621,627,630,2025-05-19 00:00:00,618,2,3.0,0.5838970170489033,46,2,4.6131611487002795,48,0.188905189727243,0.061919519041081963,1.0487926445781022,0.38532110496891114,0.23919876483898816,2,0,0,2,0.026229500434996184
DHC,tb_634_647#0,bo_627#0,627,634,647,2025-05-29 00:00:00,618,3,6.0,0.6251954675583997,46,3,4.6131611487002795,48,0.16982840672589491,0.038690495601346554,0.7582922964728225,0.4587156905271834,0.16676568055716554,0,0,0,14,0.041401166967182226
DHC,tb_647_667#0,bo_644#0,644,647,667,2025-06-17 00:00:00,640,2,4.0,0.897954041911561,13,1,0.897954041911561,16,0.14959570475608983,0.02989130392211234,0.7284117653981094,0.04878046990793106,0.10228111319042445,2,2,0,17,0.0
DHC,tb_708_717#0,bo_703#0,703,708,717,2025-09-15 00:00:00,702,2,1.0,1.8337789549963768,54,4,1.8337789549963768,234,0.1685692616163575,0.03501101055562999,0.942973022610749,0.10282764740604455,0.09586070682190488,0,0,0,10,0.017660107301166718
DHX,tb_560#0,bo_557#0,557,560,560,2025-02-11 00:00:00,548,3,7.0,3.452003487772978,11,3,3.452003487772978,235,0.21788899582652818,0.044586019180546256,0.6425294878849025,0.27659579648751587,0.08852458529432616,0,1,0,0,0.0
DIBS,tb_753#0,bo_750#0,750,753,753,2025-11-17 00:00:00,748,3,1.0,13.952406853413107,11,3,13.952406853413107,254,0.2320119272891684,0.05129725400717003,1.1163211630974514,0.2313432419778969,0.37733889372390106,1,0,0,0,0.04646465210826574
DIBS,tb_760_761#0,bo_755#0,755,760,761,2025-11-26 00:00:00,748,4,5.0,4.089810784400817,11,4,19.730803527197068,307,0.2954193526113321,0.06956523397694463,1.3540077582313674,0.30845777458673806,0.16228426938438567,0,0,0,2,0.07604564219809229
DIDIY,tb_468#0,bo_465#0,465,468,468,2024-09-27 00:00:00,464,2,1.0,2.9225231178988493,98,1,2.9225231178988493,23,0.1252164640007414,0.033195086836297356,1.277789830004465,0.13283207271252762,0.06471815140883974,0,0,0,1,0.026548647359614444
DJT,tb_483_485#0,bo_478#0,478,483,485,2024-10-18 00:00:00,475,2,3.0,4.061344383182602,134,2,4.607657787930682,35,1.9863825200075476,0.1379615473990525,2.3510064762992218,0.374660224343204,0.7285027893320324,3,0,0,0,0.09649419777555392
DJT,tb_483_485#1,bo_479#0,479,483,485,2024-10-18 00:00:00,475,3,1.0,5.212588300086591,134,2,5.212588300086591,36,2.0673551208559204,0.1379615473990525,2.2589240338214625,0.6286025968982922,0.7285027893320324,3,0,0,0,0.09649419777555392
DLNG,tb_364_366#0,bo_358#0,358,364,366,2024-04-30 00:00:00,357,2,1.0,4.342233473442874,191,2,4.342233473442874,288,0.11911180426029325,0.05684749268664842,1.7361808365231266,0.12974681486881234,0.12517486742487174,0,0,0,3,0.042253425528600966
DLO,tb_627_634#0,bo_624#0,624,627,634,2025-05-19 00:00:00,622,3,1.0,1.678368918248636,52,2,1.678368918248636,35,0.35580408485908704,0.08108103983536508,2.687880269678852,0.10640604857096747,0.07000761459724467,0,0,0,8,0.0
DMA,tb_628_635#0,bo_625#0,625,628,635,2025-05-20 00:00:00,623,2,2.0,2.212856970719364,413,1,2.212856970719364,36,0.17249158184702576,0.025219248368688944,1.1882988040366562,0.018867938934017614,0.012681300555773212,0,0,0,8,0.0
DMAC,tb_459_460#0,bo_456#0,456,459,460,2024-09-16 00:00:00,454,2,2.0,1.68604102805942,11,2,2.4531437382216894,290,0.21025013838055337,0.10040399186891466,2.363849766895349,0.08684860704987729,0.0794562977410408,0,0,0,2,0.020547979506018492
DMAC,tb_760_762#0,bo_757#0,757,760,762,2025-11-26 00:00:00,755,2,2.0,1.9799891376501115,52,2,2.1372454719198393,54,0.49032141666715584,0.04658714765193593,0.8769744434666631,0.10579710275128806,0.20735649870673792,0,0,0,3,0.0
DMXCF,tb_664#0,bo_661#0,661,664,664,2025-07-14 00:00:00,661,1,21.0,1.2846980023990626,21,1,1.2846980023990626,10,0.03489030838182495,0.01706216495500159,0.3152731546042646,0.05553566960123746,0.5580891048310457,1,0,0,0,0.0
DNA,tb_722_723#0,bo_719#0,719,722,723,2025-10-03 00:00:00,718,2,1.0,1.7848891078768938,47,2,1.7848891078768938,30,0.9403783746902382,0.0570749141239509,1.0208657110635895,0.2678260803222656,0.13573275221998338,0,2,0,0,0.0
DNLI,tb_426#0,bo_423#0,423,426,426,2024-07-30 00:00:00,416,2,7.0,0.7473550554463169,15,3,2.6677737501610026,144,1.1187574652853236,0.044223131214413416,0.9921726958652939,0.03257609221462476,0.3272202058896658,0,1,0,0,0.006972931999420128
DNN,tb_484#0,bo_481#0,481,484,484,2024-10-21 00:00:00,481,1,16.0,3.211870717582571,16,1,3.211870717582571,9,0.08638626589069875,0.06666669978035689,1.852147261847508,0.12953374404331863,0.07860265054832105,0,0,0,1,0.03781518834465788
DNN,tb_673#0,bo_670#0,670,673,673,2025-07-25 00:00:00,666,2,4.0,0.847996656513169,20,2,1.0702713444637744,122,0.10844003502850888,0.04824556862988683,1.0143845404227896,0.1550802568571319,0.2567567233769952,0,0,0,1,0.022026410897094548
DNN,tb_711_726#0,bo_708#0,708,711,726,2025-09-18 00:00:00,703,3,3.0,1.0980492699745905,31,3,1.0980492699745905,322,0.10948689603408816,0.045976969495118036,1.096020527622965,0.0978723525137537,0.23189189781901387,3,8,0,5,0.031007723283626446
DNTH,tb_298#0,bo_295#0,295,298,298,2024-01-25 00:00:00,283,4,8.0,12.699059157107875,117,5,12.699059157107875,233,1.1732743720392043,0.07111114925808376,1.0909644982876499,0.4323144010238047,0.8918767359142841,1,0,0,0,0.0016777841557565716
DOGZ,tb_448_449#0,bo_445#0,445,448,449,2024-08-29 00:00:00,437,2,8.0,1.8144488567274089,37,2,2.2957332872689586,43,1.858511207575585,0.1268089097926859,1.8605214202661169,0.6827637113178255,1.3528662886268379,2,0,0,0,0.0
DOMH,tb_351_352#0,bo_346#0,346,351,352,2024-04-11 00:00:00,341,2,5.0,7.134550696780394,64,3,7.134550696780394,63,0.10988177517320076,0.10937505816623909,2.470237904098168,0.19574453750511434,0.0765056485487079,0,2,0,0,0.09872611090800823
DOMH,tb_351_352#1,bo_347#0,347,351,352,2024-04-11 00:00:00,341,3,1.0,5.814401622718053,64,5,7.134550696780394,150,0.124744888182469,0.10937505816623909,2.1759138186520057,0.336170221116207,0.0765056485487079,0,2,0,0,0.09872611090800823
DOMO,tb_638_647#0,bo_632#0,632,638,647,2025-06-04 00:00:00,622,3,2.0,3.5746920492721164,114,7,12.291226306530337,325,0.6218188713833754,0.05869568176966568,1.3026308092172754,0.572649667197922,0.23142761505794257,3,0,0,7,0.013291640093900011
DOUG,tb_427#0,bo_424#0,424,427,427,2024-07-31 00:00:00,417,2,7.0,5.6053314035058195,11,4,5.6053314035058195,77,0.10513638246881817,0.11926610170214455,2.4729794155668086,0.2428571708348337,0.21359226671956622,0,1,0,0,0.0
DOYU,tb_361_375#0,bo_358#0,358,361,375,2024-04-25 00:00:00,358,1,183.0,0.6075326014593966,183,1,0.6075326014593966,28,0.07465286193251289,0.028767002595166614,0.611969595015917,0.02853598483069364,0.6327988169970793,15,0,0,0,0.015169231431396587
DQ,tb_473#0,bo_468#0,468,473,473,2024-10-04 00:00:00,467,2,1.0,1.4500677784029874,139,2,1.685474143046729,47,1.0524465687256186,0.08374180046546165,1.9478416272883479,0.15488817073129635,0.26021245744890553,0,1,0,0,0.02059091265350784
DRD,tb_484_495#0,bo_481#0,481,484,495,2024-10-21 00:00:00,481,1,16.0,0.9401154869266203,16,2,0.9401154869266203,65,0.3370639038284971,0.03483773001351983,1.2779528228104595,0.03764491316940077,0.014721810704430729,0,12,0,0,0.0
DRSHF,tb_670_671#0,bo_664#0,664,670,671,2025-07-22 00:00:00,663,2,1.0,3.279913501344136,16,2,3.279913501344136,249,0.17275521740590505,0.13703708053452737,2.1417594764059147,0.25139044908155483,0.26436904112984094,0,0,0,2,0.07839385199175244
DRSHF,tb_724_728#0,bo_719#0,719,724,728,2025-10-07 00:00:00,715,2,4.0,2.830738070161225,34,2,2.830738070161225,37,0.23713785072791685,0.0888382410812712,1.6446124702929312,0.42978724742594165,0.0670858191495114,0,5,0,0,0.1726618742055573
DRTS,tb_545_547#0,bo_540#0,540,545,547,2025-01-21 00:00:00,537,3,2.0,4.370053150072785,12,4,5.919902912621359,298,0.1500870956825273,0.04166662770938177,1.1326745787323347,0.16719241597287104,0.08775017311487672,0,3,0,0,0.03750002384185791
DRTS,tb_544_547#0,bo_541#0,541,544,547,2025-01-17 00:00:00,537,4,1.0,7.294843699645504,12,5,7.294843699645504,314,0.17293801946307744,0.05024508027927698,1.185395347665714,0.26182962262777276,0.09631135027233062,0,4,0,0,0.03750002384185791
DRVN,tb_501_504#0,bo_495#0,495,501,504,2024-11-13 00:00:00,495,1,154.0,0.823977519212278,154,1,0.823977519212278,136,0.48203413295071595,0.012994755861632618,0.4564017476447427,0.023521466740832775,0.05021282153994433,0,1,0,3,0.0
DRVN,tb_501_504#1,bo_496#0,496,501,504,2024-11-13 00:00:00,495,2,1.0,1.8319791564695516,154,1,1.8319791564695516,137,0.47796027993529794,0.012994755861632618,0.46029184837892145,0.09005370891181075,0.05021282153994433,0,1,0,3,0.0
DSGN,tb_687#0,bo_684#0,684,687,687,2025-08-14 00:00:00,684,1,14.0,2.092243008153608,14,1,2.092243008153608,13,0.28228454024696104,0.08302918286905085,1.6118485387403465,0.12616820920137473,0.47093030562675264,1,0,0,0,0.04797052125866709
DSGN,tb_702#0,bo_699#0,699,702,702,2025-09-05 00:00:00,697,2,2.0,1.2007917936438832,11,2,2.1081034900112487,117,0.3792727602725491,0.08910891592507533,1.5424256614859078,0.08317581481916148,0.17674424450140203,0,0,0,1,0.0
DSGN,tb_766_773#0,bo_759#0,759,766,773,2025-12-05 00:00:00,749,4,1.0,1.2548767118520194,30,5,8.438531269097576,711,0.644872209504367,0.059771025622803196,0.9552282861584576,0.2664872227212718,0.15963169292088158,0,0,0,8,0.046858415119281904
DTI,tb_357_371#0,bo_351#0,351,357,371,2024-04-19 00:00:00,344,2,7.0,1.874436090225564,30,5,8.812407771765864,168,0.32515055700449785,0.0789980429463979,1.2609538522378658,0.4875000493600956,0.16029375334116985,0,0,0,15,0.03361351188145909
DTI,tb_364_366#0,bo_357#0,357,364,366,2024-04-30 00:00:00,344,3,6.0,5.173481365548273,30,6,8.812407771765864,200,0.29677616005443125,0.08237232056999243,1.6847714449445528,0.6093750058207661,0.12238274871957455,0,0,0,3,0.02226343015428027
DTI,tb_643#0,bo_640#0,640,643,643,2025-06-11 00:00:00,632,2,8.0,1.098906404147688,87,2,1.098906404147688,50,0.18920419722534612,0.0830904024151037,1.5063095322946112,0.15589347131996867,0.09242426398919235,0,1,0,0,0.0
DTIL,tb_733_737#0,bo_730#0,730,733,737,2025-10-20 00:00:00,719,3,4.0,2.3611920385547416,103,6,2.3611920385547416,163,0.2783044633905127,0.07024796319605416,1.832526229254941,0.27701371417351095,0.27032012956249496,5,0,0,0,0.0
DUOT,tb_300#0,bo_297#0,297,300,300,2024-01-29 00:00:00,292,2,5.0,2.208964808630876,143,2,3.034707614640303,49,0.3023531834876767,0.08375416153822535,1.3163405752762354,0.3130990361795991,0.26431714082555846,0,0,0,1,0.0
DUOT,tb_480#0,bo_474#0,474,480,480,2024-10-15 00:00:00,469,2,5.0,2.0916514451488126,131,2,2.0916514451488126,49,0.2215974867948925,0.09018565408208656,1.5343130424760216,0.21863804367554973,0.708222835491306,1,0,0,0,0.058823541786431094
DUOT,tb_485_491#0,bo_480#0,480,485,491,2024-10-22 00:00:00,469,3,6.0,1.81294964028777,131,3,6.33563796354494,78,0.2527968412397143,0.12211985971758936,2.096546013823715,0.35125449192572833,0.5684867482789988,7,0,0,0,0.07487921564661712
DUOT,tb_485_491#1,bo_481#0,481,485,491,2024-10-22 00:00:00,469,4,1.0,4.2093000866467705,131,4,6.33563796354494,112,0.2611684872625263,0.12211985971758936,2.0293421130689246,0.4838709401759067,0.5684867482789988,7,0,0,0,0.07487921564661712
DUOT,tb_640_647#0,bo_633#0,633,640,647,2025-06-06 00:00:00,626,2,7.0,0.9703339768896061,14,4,3.1956389187305825,97,0.7936523467001338,0.1270766334372396,1.484277662672069,0.21951217621109853,0.059465805787176834,0,0,0,8,0.08656715279194846
DWSN,tb_716#0,bo_713#0,713,716,716,2025-09-25 00:00:00,712,2,1.0,0.5508695976711204,16,2,0.5508695976711204,46,0.09454544050138289,0.12019225478877489,2.6442299011452994,0.08588956202726306,0.27027020234971166,1,0,0,0,0.08415839539101473
DXC,tb_776_777#0,bo_772#0,772,776,777,2025-12-19 00:00:00,768,2,4.0,1.2096563515493914,342,2,1.5569842321577207,101,0.451666927673311,0.02997450624243082,1.0405903957811098,0.0738161869748939,0.013664811950712674,0,2,0,0,0.02140077315650488
DXLG,tb_671#0,bo_668#0,668,671,671,2025-07-23 00:00:00,667,2,1.0,1.837150757832677,33,2,1.837150757832677,34,0.08119868089160008,0.11834321947459318,2.4630947878416287,0.06504058737032836,0.013333320617675781,0,0,0,1,0.05063293717874323
DXYN,tb_697_698#0,bo_694#0,694,697,698,2025-08-28 00:00:00,694,1,88.0,1.5292386906951085,88,1,1.5292386906951085,27,0.02021083295363447,0.08571429057997108,2.9687050762247837,0.05555550036607193,0.15493957833884264,0,1,0,1,0.0
DYAI,tb_351#0,bo_344#0,344,351,351,2024-04-11 00:00:00,336,2,8.0,2.8575478384124735,82,3,2.8575478384124735,62,0.1172868803121392,0.05670103662920382,0.937871431249329,0.10062890771229349,0.4510869716623327,1,0,0,0,0.052356034340015234
EAF,tb_471_472#0,bo_468#0,468,471,472,2024-10-02 00:00:00,464,2,4.0,1.441127189315037,85,2,1.441127189315037,44,1.0651621197990029,0.13815785882545595,1.9715303321072684,0.2797282319785255,0.73287661479593,2,0,0,0,0.0
EAF,tb_472_473#0,bo_469#0,469,472,473,2024-10-03 00:00:00,464,3,1.0,2.1752815690247522,85,3,2.1752815690247522,55,1.081936199603399,0.14285714285714285,2.0796050643510897,0.49490372857499887,0.6473024446064969,1,0,0,1,0.0
EAF,tb_629_630#0,bo_626#0,626,629,630,2025-05-21 00:00:00,622,2,4.0,0.7459553650002763,133,1,0.843426369679744,15,0.9664802709737935,0.13392857370936145,1.5520234039424827,0.16433126807159693,0.663074874412204,2,0,0,0,0.038461503192516594
EBC,tb_418#0,bo_415#0,415,418,418,2024-07-18 00:00:00,413,2,2.0,2.1131203659641096,247,2,5.112902499160393,340,0.3470316015565166,0.027644176763540997,1.2515534037278429,0.07093179938324323,0.057597954748979996,0,1,0,0,0.00850544670009863
EBMT,tb_463#0,bo_460#0,460,463,463,2024-09-20 00:00:00,458,2,2.0,3.021897810218978,291,1,3.021897810218978,165,0.2957340123488657,0.017610101764648087,0.8897253379083512,0.044845972075053586,0.08138802480167717,1,0,0,0,0.0
EBMT,tb_772_783#0,bo_769#0,769,772,783,2025-12-15 00:00:00,768,2,1.0,3.2956622561724185,259,1,3.2956622561724185,202,0.3403377862428865,0.015979354228764064,0.8934853270134029,0.04143322923820403,0.2036389261265533,12,0,0,0,0.0
EBS,tb_323#0,bo_320#0,320,323,323,2024-03-01 00:00:00,317,2,3.0,1.876969719245732,54,2,3.3503632715673253,94,0.31115018738315975,0.11080328769323546,1.2855523575702708,0.21771214238533299,0.10029495682830447,0,1,0,0,0.030303001841675177
EBS,tb_370_374#0,bo_367#0,367,370,374,2024-05-08 00:00:00,366,2,1.0,3.555810610283185,46,2,49.99680475201471,42,0.3739870495635073,0.14401623993285978,1.8984615616386644,1.015544150582214,1.0290365402668584,5,0,0,0,0.0
EBS,tb_378#0,bo_375#0,375,378,378,2024-05-20 00:00:00,366,3,8.0,0.5133373641649329,46,3,49.99680475201471,177,0.5066839282855552,0.10987261690577493,1.3617958231972795,1.958549322968425,1.1965516124412403,1,0,0,0,0.07705780285130247
EBS,tb_414#0,bo_411#0,411,414,414,2024-07-12 00:00:00,407,2,4.0,0.5850645024529102,18,2,0.9623477496957282,235,0.6294183006634416,0.1031963592807362,1.7953086417249633,0.23512752658687996,0.41784046219088644,0,1,0,0,0.0
EBS,tb_417#0,bo_414#0,414,417,417,2024-07-17 00:00:00,407,3,3.0,0.5532957436783414,18,3,0.9623477496957282,266,0.6846653793393774,0.10910513458560604,2.030187930620394,0.508498541763067,0.2562395845598071,0,1,0,0,0.007431808543772353
ECHO,tb_657_669#0,bo_654#0,654,657,669,2025-07-02 00:00:00,653,2,1.0,2.643601284149566,82,2,2.643601284149566,64,1.6702368880200544,0.054863655705007695,0.9759089698341222,0.16971175183124454,1.5173797882677111,13,0,0,0,0.038528244483833116
ECOR,tb_297_317#0,bo_291#0,291,297,317,2024-01-24 00:00:00,291,1,71.0,4.25842050810438,71,3,4.25842050810438,38,0.37063297001850265,0.06455699021837995,1.3760249900497947,0.05024310193619064,0.03602479628496435,0,17,0,4,0.007530077545644412
ECOR,tb_298#0,bo_295#0,295,298,298,2024-01-25 00:00:00,291,2,4.0,5.299322700458816,71,5,5.299322700458816,74,0.41696573588252905,0.04683542798639336,0.8873628063849385,0.17179901615434634,0.07019863835521378,0,0,0,1,0.0
ECOR,tb_566#0,bo_563#0,563,566,566,2025-02-20 00:00:00,563,1,27.0,0.4439472475559347,27,1,0.4439472475559347,15,1.1628260552785126,0.059283582077832235,0.9906886027089767,0.013977854982628823,0.026329647500072495,0,1,0,0,0.01961802021947014
EDN,tb_452_455#0,bo_449#0,449,452,455,2024-09-05 00:00:00,440,3,8.0,2.6619973537364094,171,3,2.6619973537364094,46,0.8323716135931086,0.07247063131893382,1.8501362737246687,0.11625206565073798,0.4625542400150054,4,0,0,0,0.02383415039671865
EDN,tb_458_473#0,bo_453#0,453,458,473,2024-09-13 00:00:00,440,4,4.0,1.1359026369168357,171,4,3.3764610811278826,83,0.9139116016423913,0.07180317147671404,1.9476727108471619,0.23308262382321332,0.596625403245936,16,0,0,0,0.034080643387204956
EDN,tb_457_473#0,bo_454#0,454,457,473,2024-09-12 00:00:00,440,5,1.0,1.7695533477808112,171,6,3.3764610811278826,180,0.9279179594073321,0.059314955915469564,1.530307784107239,0.289762756289617,0.5890346506380657,17,0,0,0,0.034080643387204956
EE,tb_473#0,bo_470#0,470,473,473,2024-10-04 00:00:00,470,1,51.0,1.1267348139198448,51,2,1.1267348139198448,350,0.651589300093516,0.02459711304421831,0.875149914841497,0.018173592153904572,0.38150591902614095,1,0,0,0,0.009845995109640278
EE,tb_731_734#0,bo_724#0,724,731,734,2025-10-16 00:00:00,722,2,2.0,1.1501655354196332,83,1,1.3551794868161415,46,0.8427926037261296,0.03658955785524458,1.248481131835416,0.07140026238340602,0.09778686284018079,0,0,0,4,0.021423314753101906
EFTY,tb_33#0,bo_28#0,28,33,33,2025-09-25 00:00:00,25,2,3.0,,0,1,0.0,16,0.8781129422409907,0.06923073988694411,1.0249246711173927,0.15241642409224854,0.42187503841705554,0,0,0,1,0.03010749755146688
EFXT,tb_325#0,bo_322#0,322,325,325,2024-03-05 00:00:00,322,1,29.0,6.819880579062674,29,1,6.819880579062674,24,0.1655312217277744,0.0344286695694725,1.299254774051747,0.06826568315495307,0.022471853358387417,0,0,0,1,0.003200018605576069
EFXT,tb_497_501#0,bo_494#0,494,497,501,2024-11-07 00:00:00,494,1,22.0,1.0801157719132515,22,1,1.0801157719132515,20,0.1847844773350222,0.029609662890240418,1.1753818551695983,0.02844303670430315,0.43161643337558003,5,0,0,0,0.0
EFXT,tb_698_713#0,bo_693#0,693,698,713,2025-08-29 00:00:00,686,2,7.0,1.5279632595099253,11,2,4.4326609754127055,133,0.28644410627070854,0.01676523603391912,0.5919934465239188,0.03027147875312952,0.2789513030304868,16,0,0,0,0.010131754951308584
EGAN,tb_653_673#0,bo_646#0,646,653,673,2025-06-26 00:00:00,642,2,4.0,1.6371070325277122,112,1,1.6371070325277122,14,0.28139077879930263,0.04545450276251277,1.0661320004081405,0.11129854019476015,0.21695141249725575,11,4,0,6,0.08194232918810625
EGBN,tb_418#0,bo_415#0,415,418,418,2024-07-18 00:00:00,415,1,145.0,1.4110222486307245,145,1,1.4110222486307245,37,0.666187889993496,0.05382677248467613,1.8208751967318608,0.038272908748570256,0.06765229556524854,0,1,0,0,0.007410487860407517
EHTH,tb_479_495#0,bo_476#0,476,479,495,2024-10-14 00:00:00,473,2,3.0,0.49822086217019235,90,1,1.0636776516674222,32,0.20128002016333285,0.035011010555630044,0.7949140909238384,0.10436900900967627,0.6624900581696287,10,7,0,0,0.01538465246746975
EIPAF,tb_591_594#0,bo_588#0,588,591,594,2025-03-27 00:00:00,588,1,102.0,0.0,102,1,0.0,302,0.22506709268124095,0.0,0.0,0.01747373857548551,0.0018172082957972346,0,0,0,0,0.0
ELDN,tb_379#0,bo_376#0,376,379,379,2024-05-21 00:00:00,376,1,13.0,3.614028928521275,13,1,3.614028928521275,9,0.22172603604428037,0.10092566779271807,1.5244040129789107,0.11776440095740526,0.03559874969898691,0,0,0,1,0.009615375798129148
ELE,tb_466_474#0,bo_461#0,461,466,474,2024-09-25 00:00:00,458,2,3.0,1.0209223597313946,80,1,2.228204550574454,39,0.3452468922171433,0.08324543423046861,2.2799352737260654,0.09114248327466412,0.05299766446384963,0,4,0,5,0.038673967705857314
ELMD,tb_320#0,bo_315#0,315,320,320,2024-02-27 00:00:00,312,3,2.0,6.119558553034948,0,3,9.233834323663055,251,0.6212284998840467,0.06600245960096507,1.7062956160901075,0.4783036749095537,0.190000025431315,0,0,0,1,0.03909875060449932
ELTP,tb_651_655#0,bo_646#0,646,651,655,2025-06-24 00:00:00,640,2,6.0,5.674120132017329,14,2,6.600931575149248,142,0.03780662366166371,0.08536584568052041,1.851527221099707,0.3214285828325212,0.060170910847517245,0,5,0,0,0.12987008664193306
ELTP,tb_651_655#1,bo_647#0,647,651,655,2025-06-24 00:00:00,640,3,1.0,3.78571830559103,14,3,6.600931575149248,162,0.040820435065166256,0.08536584568052041,1.7148272118044248,0.37499996008617553,0.060170910847517245,0,5,0,0,0.12987008664193306
ELUT,tb_291_292#0,bo_285#0,285,291,292,2024-01-16 00:00:00,282,3,2.0,0.7618151892781566,20,3,2.485747062504345,138,0.21584016065517278,0.13309255198637987,2.219235243796853,0.5740740556775794,0.23037968125848807,0,0,0,2,0.0536277830291704
ELVA,tb_463_464#0,bo_458#0,458,463,464,2024-09-20 00:00:00,457,2,1.0,0.9907554988842843,172,1,0.9907554988842843,15,0.11395882301471182,0.042918415410722575,0.8775091036141941,0.051401817618486056,0.2124131272547214,0,2,0,0,0.03111108144124349
ELVA,tb_634#0,bo_627#0,627,634,634,2025-05-29 00:00:00,625,2,2.0,2.1534698590179873,111,4,3.2113424088883464,232,0.1509722823410515,0.0813953391663639,1.8546448861204938,0.14137925307901145,0.4843749778810891,1,0,0,0,0.030211452072894718
ELVA,tb_698_710#0,bo_695#0,695,698,710,2025-08-29 00:00:00,694,2,1.0,3.525927985541499,23,2,5.110490451574315,526,0.32494946825599563,0.04354838536011436,0.8308983620610431,0.16101700480181091,0.2741222031177713,3,1,0,9,0.0
EMBC,tb_513#0,bo_510#0,510,513,513,2024-12-02 00:00:00,510,1,89.0,5.131070473374067,89,5,5.131070473374067,201,0.67309227742911,0.07960889762172803,2.361600056184412,0.29771012583689127,0.037418452955184645,0,0,0,1,0.01008163159564646
EMBC,tb_698_715#0,bo_693#0,693,698,715,2025-08-29 00:00:00,683,4,7.0,1.2723753547744296,63,4,3.08551461456446,91,0.5665488288594218,0.02972010667274306,0.747367648881908,0.3880310331549095,0.038524966180442384,0,0,0,18,0.008345030920314564
EMF,tb_643_644#0,bo_640#0,640,643,644,2025-06-11 00:00:00,640,1,,0.2866101069715972,0,1,0.2866101069715972,55,0.15227240486570714,0.009135570270452078,0.7650844097175744,0.0036153234312124027,0.08425576952542069,2,0,0,0,0.0
ENGN,tb_731_734#0,bo_726#0,726,731,734,2025-10-16 00:00:00,720,2,6.0,10.846985889188629,23,2,10.846985889188629,188,0.6059702521102464,0.08682088796055698,1.3317488068217327,0.30161060653407934,0.2404847798714166,0,4,0,0,0.056242967456750226
ENGS,tb_102#0,bo_99#0,99,102,102,2025-08-27 00:00:00,93,3,5.0,0.20916659030191098,15,3,2.328789118746957,57,0.44990044294671305,0.10109835020327843,1.0024434157743334,0.3605441912071554,1.174940843447147,1,0,0,0,0.018561467463607977
ENLT,tb_620_624#0,bo_617#0,617,620,624,2025-06-25 00:00:00,617,1,15.0,1.0538444970923972,15,1,1.0538444970923972,12,0.7206810720753213,0.012584783059705588,0.4121113992275419,0.024878059945455444,0.18982079172864438,4,0,0,1,0.0
ENTA,tb_286#0,bo_283#0,283,286,286,2024-01-08 00:00:00,283,1,28.0,1.4112063898205456,28,1,1.4112063898205456,12,0.5829079187000146,0.08169677920273723,1.7841582323541032,0.04960317497861322,0.2912973259924745,0,0,0,1,0.0
ENTA,tb_780_782#0,bo_777#0,777,780,782,2025-12-26 00:00:00,776,2,1.0,0.6317832695822999,23,2,2.236313419847906,351,0.8562849616640075,0.049912015849452575,0.993827837989334,0.11562280677054959,0.028062241856878927,0,3,0,0,0.030845100219939314
ENVX,tb_665_675#0,bo_659#0,659,665,675,2025-07-15 00:00:00,653,2,6.0,4.513074538853564,10,4,4.513074538853564,92,0.7167460082154266,0.10043125118548243,2.2741656627080733,0.49426597866503763,0.05385854687734503,0,11,0,0,0.0035410900240870308
ENVX,tb_665_666#0,bo_660#0,660,665,666,2025-07-15 00:00:00,653,3,1.0,2.7901455592292055,10,5,4.513074538853564,112,0.8069784035026338,0.10043125118548243,2.019879532948717,0.5412843083504573,0.10959446739880918,0,2,0,0,0.0035410900240870308
ENVX,tb_723_729#0,bo_720#0,720,723,729,2025-10-06 00:00:00,720,1,60.0,1.4121952653822134,60,1,1.4121952653822134,25,0.5623875283973534,0.07395987044135578,1.7070063541565088,0.11434296480597506,0.12401311812863303,0,7,0,0,0.0
EOI,tb_625_628#0,bo_622#0,622,625,628,2025-05-15 00:00:00,622,1,,0.8108192947577691,0,1,0.8108192947577691,33,0.40921974168662295,0.008483037351671139,0.3762244673133345,0.019151188475727388,0.06117077040651775,0,0,0,4,0.0
EOI,tb_626#0,bo_623#0,623,626,626,2025-05-16 00:00:00,622,2,1.0,0.6678562057202834,0,1,0.8108192947577691,34,0.4179011094216581,0.008457715077989186,0.36840882804359437,0.03416154385077719,0.05746628610942017,0,0,0,1,0.0
EOLS,tb_295#0,bo_292#0,292,295,295,2024-01-22 00:00:00,280,3,4.0,5.708531010858296,10,4,5.708531010858296,247,0.3967714447371405,0.07650276844721353,2.469937060515761,0.22955665135713965,0.27650946369900686,1,0,0,0,0.05128200425668879
EOS,tb_625_626#0,bo_622#0,622,625,626,2025-05-15 00:00:00,622,1,,0.7256573954194384,0,1,0.7256573954194384,33,0.5024203524849798,0.012998233884412097,0.5402407731657694,0.03553517873256751,0.07263741808909474,0,0,0,2,0.004693979218032357
EOSE,tb_414_415#0,bo_408#0,408,414,415,2024-07-12 00:00:00,393,4,6.0,1.056650990705864,247,8,7.877249534981524,137,0.14548001798613422,0.09012877468809119,1.4434974717076807,1.234848472875559,0.2902639509138616,0,1,0,1,0.010309329662834354
EOSE,tb_414_415#1,bo_409#0,409,414,415,2024-07-12 00:00:00,393,5,1.0,2.585926470019716,247,8,7.877249534981524,138,0.15187430343748995,0.09012877468809119,1.3827226423027297,1.4242423831923934,0.2902639509138616,0,1,0,1,0.010309329662834354
EOSE,tb_536_538#0,bo_530#0,530,536,538,2025-01-06 00:00:00,523,2,7.0,1.895071514221266,54,5,3.0779341039158075,368,0.35236029745906217,0.08818638762464015,1.5041428152668816,0.5205882150821626,0.23888759373097165,0,2,0,1,0.05447465763508616
EOSE,tb_712_713#0,bo_707#0,707,712,713,2025-09-19 00:00:00,696,3,8.0,1.3981396591849689,28,3,1.4066153782564366,74,0.5223482744563773,0.09699652216426508,1.885714387976802,0.18497105763858657,0.9871446541728184,2,0,0,0,0.0
EP,tb_520#0,bo_517#0,517,520,520,2024-12-11 00:00:00,514,2,3.0,1.0801753531417437,18,1,2.007509025270758,17,0.36747458936866345,0.04801096110617849,0.9524465493896671,0.08424336578900848,0.14851480741208611,0,0,0,1,0.010071898812270646
EPM,tb_508#0,bo_501#0,501,508,508,2024-11-22 00:00:00,501,1,402.0,2.766982824916688,402,1,2.766982824916688,40,0.1251659392055307,0.022623687785906357,0.9304804658995287,0.039927419152432364,4.723566071618279e-08,0,1,0,0,0.0017094507664656968
EPM,tb_508#1,bo_502#0,502,508,508,2024-11-22 00:00:00,501,2,1.0,1.263673656877819,402,2,2.766982824916688,85,0.15033897150281625,0.022623687785906357,0.7746791152188547,0.06170611470298226,4.723566071618279e-08,0,1,0,0,0.0017094507664656968
EPOW,tb_444_448#0,bo_438#0,438,444,448,2024-08-23 00:00:00,435,2,3.0,0.07343215507411631,33,2,0.13992618851065897,25,0.08305482394187307,0.08256883543354941,1.0836219873464388,0.3504736068785854,0.29786865287357384,0,0,0,5,0.004999995231628418
EPRX,tb_435#0,bo_432#0,432,435,435,2025-12-30 00:00:00,431,2,1.0,0.6169396403619287,29,2,1.0165239697504747,66,0.4158366439147871,0.06312501430511475,1.2144194645443565,0.048571450369698566,0.22793142390734555,0,0,0,1,0.018111237534301588
EPSN,tb_645_651#0,bo_640#0,640,645,651,2025-06-13 00:00:00,640,1,28.0,8.318826267898709,28,3,8.318826267898709,56,0.2794094549735352,0.022004926462152876,0.6149313090488076,0.026389017288249272,0.018722282217605968,0,7,0,0,0.014012850382994008
EPSN,tb_644_651#0,bo_641#0,641,644,651,2025-06-12 00:00:00,640,2,1.0,8.916122844692783,28,3,8.916122844692783,57,0.27501040377894975,0.029666284725414827,0.8264874468071413,0.09027781954156366,0.02474463391972702,0,8,0,0,0.014012850382994008
EQ,tb_286_292#0,bo_283#0,283,286,292,2024-01-08 00:00:00,275,2,8.0,1.5678925817994025,14,2,2.684894552896307,8,0.053817607855218386,0.07865167862085833,1.3006894144339998,0.05633806009374043,2.8061350176957527,7,0,0,0,0.0
EQ,tb_310#0,bo_307#0,307,310,310,2024-02-12 00:00:00,306,2,1.0,9.682166732206056,23,3,33.91002703605166,254,0.10459631415496042,0.10404628021542014,1.7209025787517749,0.8499999962747098,0.9345238699225089,1,0,0,0,0.0
EQS,tb_665_680#0,bo_662#0,662,665,680,2025-07-15 00:00:00,657,3,4.0,1.2660287081339714,20,4,2.131026438569207,120,0.054893761603749376,0.013888957875743527,0.3643419498225308,0.051851801486336724,0.7010272765595286,13,0,3,0,0.02112674105382526
EQS,tb_668#0,bo_665#0,665,668,668,2025-07-18 00:00:00,657,4,3.0,1.2638152914458745,20,5,2.131026438569207,162,0.05059459798030415,0.0,0.0,0.059259201698670605,0.7172413294153763,1,0,0,0,0.0
EQX,tb_345_346#0,bo_342#0,342,345,346,2024-04-03 00:00:00,342,1,80.0,2.0195682674620823,80,3,2.0195682674620823,242,0.19877679218803898,0.047692298889160205,1.5561987219823976,0.06927175527099894,0.01699029809850472,0,2,0,0,0.0
ERAS,tb_416_418#0,bo_413#0,413,416,418,2024-07-16 00:00:00,411,2,2.0,1.8368703163062277,29,1,1.8368703163062277,24,0.17826879027638068,0.06969697648390823,1.2901866822392392,0.1957447050275074,0.09733343009038802,0,0,0,3,0.0
ERII,tb_445#0,bo_442#0,442,445,445,2024-08-26 00:00:00,440,2,2.0,0.8460412423625254,12,1,1.1566434914629298,14,0.7199801275091361,0.02505451941880305,0.6389079007120956,0.04123718547863087,0.06048835321301449,0,1,0,0,0.024202449211860058
ERII,tb_737_743#0,bo_730#0,730,737,743,2025-10-24 00:00:00,730,1,10.0,1.0260869565217392,10,1,1.0260869565217392,114,0.39697051209215567,0.028399703199460235,1.3099173227615526,0.03811946570486535,0.013390321649013501,0,7,0,0,0.0005963165538976674
ERII,tb_737_739#0,bo_733#0,733,737,739,2025-10-24 00:00:00,730,2,3.0,1.087568355006045,10,2,1.32639738121514,145,0.414753560928678,0.028399703199460235,1.2537530702586523,0.08195685732438251,0.007303186386631595,0,3,0,0,0.0
ERIXF,tb_742_746#0,bo_738#0,738,742,746,2025-10-31 00:00:00,738,1,109.0,0.0049104620121202674,109,1,0.0049104620121202674,8,0.15943372723091384,0.023762447101764925,1.505062004075603,0.06080356466902126,0.003351669394592949,0,3,0,1,0.0
ERO,tb_762_766#0,bo_759#0,759,762,766,2025-12-01 00:00:00,759,1,29.0,0.9221706533380936,29,1,0.9221706533380936,9,1.1046854833865338,0.048188303827735854,1.1677540213280482,0.022212554408451046,0.5797071703958154,5,0,0,0,0.0
ESLA,tb_414_421#0,bo_410#0,410,414,421,2024-07-12 00:00:00,408,2,2.0,4.642340954863168,148,2,4.642340954863168,57,0.10064321183759471,0.10884359368479475,1.5897752357990758,0.13761465281170415,1.2745906451180904,8,0,0,0,0.0717741822290868
ESLA,tb_416#0,bo_413#0,413,416,416,2024-07-16 00:00:00,408,3,3.0,3.9649876490172913,148,3,4.642340954863168,70,0.10074130313087536,0.09374998370185518,1.4889620393660548,0.24770639693433094,1.2123287223834542,1,0,0,0,0.026666641235351562
ESLA,tb_736_740#0,bo_733#0,733,736,740,2025-10-23 00:00:00,729,2,4.0,5.089370477697382,9,2,7.569543800589123,166,0.17005898277456963,0.15294112697192036,2.2933211767036146,0.32666667302449537,0.3225662603497691,0,2,0,3,0.06030150964487014
ESOA,tb_298#0,bo_295#0,295,298,298,2024-01-25 00:00:00,295,1,22.0,5.985127244684366,22,1,5.985127244684366,11,0.393671321998376,0.044715539972852617,0.8223668792206152,0.10655741101165295,0.22175745654866352,0,0,0,1,0.006925276289037483
ETB,tb_638#0,bo_635#0,635,638,638,2025-06-04 00:00:00,634,2,1.0,0.6946442321870341,0,1,0.6976675813406508,46,0.18900828321008736,0.012014139991305682,0.8093047989971729,0.015976616469302485,0.06053330077125629,1,0,0,0,0.0
ETCG,tb_509_510#0,bo_504#0,504,509,510,2024-11-25 00:00:00,499,2,5.0,3.315300479292122,177,2,3.8556506937638626,69,0.6525622048185443,0.041987430585823646,0.9194531602340754,0.21538465450971556,0.26120443765130497,0,0,0,2,0.01564865180167104
ETCG,tb_513_514#0,bo_508#0,508,513,514,2024-12-02 00:00:00,499,3,4.0,2.106391016895792,177,3,3.8556506937638626,93,0.7940952836382307,0.03732813565232945,0.7177988085850573,0.330769269894331,0.15797494217676378,0,2,0,0,0.05142451025868959
ETCG,tb_513_514#1,bo_509#0,509,513,514,2024-12-02 00:00:00,499,4,1.0,2.933341494766481,177,4,3.8556506937638626,105,0.7573741728762994,0.03732813565232945,0.7526011170064448,0.4399999960874901,0.15797494217676378,0,2,0,0,0.05142451025868959
ETCG,tb_522_524#0,bo_517#0,517,522,524,2024-12-13 00:00:00,499,5,8.0,1.7369605440816123,177,5,3.8556506937638626,135,0.9593636840763163,0.08207216661034178,1.4697240168827836,0.7476924015925481,0.002014580193056522,0,3,0,0,0.097065795017343
ETG,tb_618_638#0,bo_615#0,615,618,638,2025-05-06 00:00:00,615,1,,1.0013100483960027,0,1,1.0013100483960027,25,0.4515311151346477,0.02173930495355098,0.846510353506671,0.010231697336966494,0.08657431693622201,12,0,0,9,0.0005231984183688794
ETH,tb_203_205#0,bo_200#0,200,203,205,2025-05-14 00:00:00,199,2,1.0,2.016614522150758,111,1,2.4747308839890514,33,0.9938817684633048,0.07012783817879462,1.821141632108739,0.3005917182469051,0.23673238642730596,1,0,0,2,0.03195264117370483
ETHA,tb_203_205#0,bo_200#0,200,203,205,2025-05-14 00:00:00,199,2,1.0,1.8196829705316644,111,1,1.9189679423584174,33,0.8040007000402766,0.07037844939779916,1.8159200505026303,0.3009565935736247,0.23731807255643944,1,0,0,2,0.03429695091488254
ETHE,tb_381_392#0,bo_378#0,378,381,392,2024-05-23 00:00:00,378,1,65.0,1.8072133679055227,65,1,1.8072133679055227,30,1.0392376747376229,0.04880181913591047,1.4115031495326478,0.23750013571548645,0.021423254760481514,0,12,0,0,0.0
ETHE,tb_624_626#0,bo_621#0,621,624,626,2025-05-14 00:00:00,620,2,1.0,1.403652074398643,105,1,1.403652074398643,33,0.867868479705662,0.0696396077278461,1.8031076613343175,0.2995979345061124,0.2315436373184676,1,0,0,2,0.033050299628945366
ETHW,tb_203_205#0,bo_200#0,200,203,205,2025-05-14 00:00:00,199,2,1.0,1.4801669848687773,111,1,1.7922634882465989,33,0.7512928044388215,0.06997455606581042,1.8301785826726462,0.300465826954464,0.2355857798072337,1,0,0,2,0.03262554004093836
ETO,tb_628#0,bo_622#0,622,628,628,2025-05-20 00:00:00,622,1,,0.7812105926860026,0,1,0.7812105926860026,34,0.464459293779003,0.013399628262402017,0.6887881923555844,0.020675978640047887,0.08342191608971139,1,0,0,0,0.011822590743326106
ETON,tb_444_457#0,bo_441#0,441,444,457,2024-08-23 00:00:00,437,2,4.0,1.6753223549030702,151,2,2.826872740869999,97,0.1785627864917859,0.08639310701523222,2.2401089455771466,0.09283817145976547,0.9177356556536214,14,0,0,0,0.0
ETON,tb_449#0,bo_443#0,443,449,449,2024-08-30 00:00:00,437,3,2.0,0.6483262680894606,151,2,2.826872740869999,99,0.18233218853338123,0.02991450248306846,0.7678285858997663,0.1273209606105945,0.8826087015112318,1,0,0,0,0.00440528217941891
ETON,tb_461#0,bo_458#0,458,461,461,2024-09-18 00:00:00,455,2,3.0,4.45215667987876,12,2,4.45215667987876,172,0.16329366504271414,0.040404081758145145,1.469746226178115,0.10278372831514138,0.8798646266534389,1,0,0,0,0.0
ETON,tb_462#0,bo_459#0,459,462,462,2024-09-19 00:00:00,455,3,1.0,3.409648298323461,12,2,4.45215667987876,173,0.1830584073411245,0.04983391888461293,1.6388222485505453,0.177730173478869,0.8830507588297511,1,0,0,0,0.001692005465796494
ETON,tb_511_513#0,bo_508#0,508,511,513,2024-11-27 00:00:00,508,1,9.0,2.223560362467115,9,1,2.223560362467115,7,0.6571543787842942,0.048551356069565496,0.9434629962907223,0.044651120208030415,0.37892287639672734,3,0,0,0,0.0
EU,tb_722_729#0,bo_719#0,719,722,729,2025-10-03 00:00:00,714,2,5.0,1.1366394405216036,43,2,2.310246976389552,48,0.19718160150570307,0.07758620099042365,1.3692960137495611,0.10689652847761844,0.21162100566167172,0,8,0,0,0.01812687124373683
EU,tb_724_730#0,bo_721#0,721,724,730,2025-10-07 00:00:00,714,3,2.0,1.188632992181444,43,2,2.310246976389552,50,0.19190659694134002,0.06497175750055428,1.1984998053182627,0.14137925307901145,0.17049787417459392,0,7,0,0,0.01812687124373683
EVCM,tb_377_379#0,bo_374#0,374,377,379,2024-05-17 00:00:00,368,2,6.0,0.9945904173106646,98,2,1.6398648648648648,54,0.3012740195665711,0.02930400115279312,1.0621549620660533,0.09263159099378093,0.11698865769495355,0,3,0,0,0.0
EVER,tb_588_589#0,bo_585#0,585,588,589,2025-03-24 00:00:00,583,2,2.0,1.485723757098865,14,2,2.616307496040018,154,1.61586477136391,0.06606605230564852,1.2253497800840483,0.062382555781165694,0.019616013894810935,0,2,0,0,0.007782144221462402
EVER,tb_766#0,bo_763#0,763,766,766,2025-12-05 00:00:00,762,2,1.0,1.2655582086833184,175,3,1.8464481127701011,146,1.014137457205756,0.028024153975197974,0.7789880059297152,0.028798796758591427,0.03345324930570448,0,1,0,0,0.0
EVGN,tb_289_290#0,bo_284#0,284,289,290,2024-01-11 00:00:00,277,2,7.0,1.902573875892689,13,2,4.477034516819404,12,0.7297816717094948,0.08910896417942749,1.2332463352996543,0.1666667423551078,0.10055989249559072,0,0,0,2,0.0625000372529015
EVI,tb_659_675#0,bo_656#0,656,659,675,2025-07-07 00:00:00,655,2,1.0,1.110512375559412,159,2,1.9777096684313178,160,1.105439714956228,0.05440613239615531,1.2721764368870732,0.0985245657145617,0.2274898758380529,3,1,0,13,0.012009569414879469
EVLV,tb_416_417#0,bo_413#0,413,416,417,2024-07-16 00:00:00,413,1,103.0,1.188906130873493,103,1,1.188906130873493,9,0.15379060853308182,0.06344412138286236,1.3654932518314318,0.1124497872760506,0.27708895190104665,1,0,0,1,0.0
EVTL,tb_340#0,bo_337#0,337,340,340,2024-03-26 00:00:00,334,2,3.0,1.5791623126995236,242,3,4.664095714024179,69,0.6487366836932463,0.16101699504178266,2.9287700541118173,0.4125200904964976,0.1627272692593662,0,1,0,0,0.0
EXFY,tb_501#0,bo_498#0,498,501,501,2024-11-13 00:00:00,498,1,44.0,6.726198888057824,44,1,6.726198888057824,7,0.10212729589691405,0.08848076013736732,2.5947995994438458,0.23737374953670942,0.4697509603347838,1,0,0,0,0.01056337052691263
EXK,tb_344_347#0,bo_341#0,341,344,347,2024-04-02 00:00:00,329,3,8.0,1.5646336007067339,165,3,2.6128308790418724,59,0.12938688718492608,0.052830226364487476,1.0820269963221218,0.21164020062734368,0.5416630670014103,4,0,0,0,0.0
EXK,tb_345_351#0,bo_342#0,342,345,351,2024-04-03 00:00:00,329,4,1.0,1.8484611891516125,165,4,2.6128308790418724,84,0.13157352720115348,0.08185054226228182,1.7480721537688622,0.2751323301966153,0.4877707543644047,7,0,0,0,0.0
EXK,tb_489_491#0,bo_483#0,483,489,491,2024-10-28 00:00:00,483,1,26.0,1.7148310790488044,26,1,1.7148310790488044,10,0.21569261717083252,0.05477030938813198,1.4372301975176802,0.12470593171961175,0.00820210138190717,0,3,0,0,0.01639338424460479
EXK,tb_583_586#0,bo_580#0,580,583,586,2025-03-17 00:00:00,579,2,1.0,2.1359859229746694,23,2,2.1359859229746694,62,0.3104853044550933,0.051124745772165636,0.8051910876708127,0.27472520130813205,0.028916457711006704,0,4,0,0,0.0
EXOD,tb_305_310#0,bo_302#0,302,305,310,2024-02-05 00:00:00,302,1,64.0,0.4375,64,2,0.4375,64,0.0715659410554886,0.0,0.0,1.1956523023616188,0.5151515151515151,0,0,0,0,0.0
EXOD,tb_314_334#0,bo_311#0,311,314,334,2024-02-16 00:00:00,311,1,9.0,1.3897058823529411,9,1,1.3897058823529411,8,0.16443969075472303,0.024390259031121183,0.912189111272233,0.09090909090909083,1.7259670280542403,0,0,0,0,0.024390259031121183
EXOD,tb_502_505#0,bo_499#0,499,502,505,2024-11-14 00:00:00,499,1,18.0,0.3014354066985646,18,2,0.3014354066985646,75,0.9098625696168082,0.0037647091964790724,0.11430307721806203,0.15340257808425983,1.4358988693359296,0,4,0,0,0.0
EYE,tb_622#0,bo_619#0,619,622,622,2025-05-12 00:00:00,619,1,56.0,6.338695818216537,56,3,6.338695818216537,192,0.6336957066722114,0.04538214094010419,1.3492272919541641,0.1710427416369631,0.3531449850304653,1,0,0,0,0.0
EYE,tb_623_635#0,bo_620#0,620,623,635,2025-05-13 00:00:00,619,2,1.0,2.909238033539497,56,4,6.338695818216537,233,0.7527174555338295,0.027997922773440036,0.7041163756055447,0.251312858262819,0.34018646050919965,13,0,0,0,0.0
EYE,tb_628#0,bo_622#0,622,628,628,2025-05-20 00:00:00,619,3,2.0,2.371829897892845,56,5,6.338695818216537,253,0.7783635563388119,0.020266827214078013,0.507475529329296,0.4073518631848658,0.3165634930109644,1,0,0,0,0.012195198416840006
EYE,tb_666_673#0,bo_661#0,661,666,673,2025-07-16 00:00:00,656,2,5.0,0.8919838464280126,30,3,1.4023488558106871,489,0.8151591346149691,0.021359987824066128,0.6685812047623925,0.09734896778951563,0.036730098190072946,0,8,0,0,0.028118775622679455
F,tb_626_628#0,bo_622#0,622,626,628,2025-05-16 00:00:00,618,2,4.0,0.8153503363991935,342,1,1.0369551316110357,31,0.3118582719474416,0.01572618591072864,0.5139348871651195,0.05250143626732151,0.11280883190767166,2,0,0,1,0.0
FA,tb_442_462#0,bo_439#0,439,442,462,2024-08-21 00:00:00,438,2,1.0,0.8723317581880398,158,1,0.8723317581880398,120,0.4747277335266218,0.036920659379653414,1.4597857772262828,0.02547762681217436,0.08534321638986953,2,8,0,11,0.0
FATE,tb_424_425#0,bo_421#0,421,424,425,2024-07-26 00:00:00,416,3,1.0,1.4017418851334813,102,2,3.256252704807519,48,0.3319415588699975,0.09797295882285662,1.7472952940285718,0.43187661219833995,0.059915946691898925,0,2,0,0,0.07001801280132233
FATE,tb_726_727#0,bo_723#0,723,726,727,2025-10-09 00:00:00,719,2,4.0,3.7690348837870253,79,2,5.805082610065284,49,0.09530688855544431,0.1385542311435137,2.413257032724187,0.4099999666213989,0.19394792170537,0,2,0,0,0.014184383971608911
FBIOP,tb_638_647#0,bo_635#0,635,638,647,2025-06-04 00:00:00,634,2,1.0,1.9371467329866607,119,3,1.9371467329866607,190,0.37024912946814303,0.04394297888438228,0.9993268210801224,0.16985048863276808,0.04501479165525285,0,10,0,0,0.004430420737563257
FBP,tb_621_630#0,bo_616#0,616,621,630,2025-05-09 00:00:00,613,2,3.0,0.6978463415401671,117,1,0.9637705868312476,26,0.6348193365292262,0.026712041472703583,0.8371994049738264,0.02991876380044478,0.08499303148238709,2,0,0,8,0.009862054265338956
FBRX,tb_513_516#0,bo_510#0,510,513,516,2024-12-02 00:00:00,510,1,12.0,0.24489261964460918,12,1,0.24489261964460918,97,1.7576009415017666,0.15034287394071108,2.082952513081607,0.03731345673610176,0.21521931820946655,0,4,0,0,0.0
FBRX,tb_514#0,bo_511#0,511,514,514,2024-12-03 00:00:00,510,2,1.0,0.5446409724722798,12,4,0.5446409724722798,184,1.8413437531927677,0.10558084527244084,1.3962624529232366,0.2307214558099464,0.19500001271565748,0,1,0,0,0.0
FBRX,tb_518#0,bo_512#0,512,518,518,2024-12-09 00:00:00,510,3,1.0,0.3168781917300524,12,5,0.5446409724722798,230,2.187247771911769,0.12744074782962614,1.6710501359664645,0.3501243275795378,0.03773581227671219,0,1,0,0,0.0914285523550851
FBRX,tb_518#1,bo_513#0,513,518,518,2024-12-09 00:00:00,510,4,1.0,0.2527336806619675,12,6,0.5446409724722798,310,2.3653015242877697,0.12744074782962614,1.5452578240510317,0.4589551738670461,0.03773581227671219,0,1,0,0,0.0914285523550851
FBRX,tb_639_640#0,bo_632#0,632,639,640,2025-06-05 00:00:00,625,2,7.0,22.51583452211127,108,2,22.51583452211127,44,0.823838055852404,0.29992774401176603,5.038611646306204,0.5171052470596871,0.815358559520307,2,0,0,0,0.16131827404630292
FBRX,tb_760#0,bo_754#0,754,760,760,2025-11-26 00:00:00,754,1,41.0,1.0081800321485979,41,3,1.0081800321485979,39,1.2397158597100297,0.1614330573793891,2.944224273078707,0.24016560367190287,0.8668762617566101,1,0,0,0,0.09995103912283587
FBRX,tb_760#1,bo_756#0,756,760,760,2025-11-26 00:00:00,754,2,2.0,3.271056974192341,41,4,3.271056974192341,106,1.4766938309066657,0.1614330573793891,2.47173885979998,0.4120082406939749,0.8668762617566101,1,0,0,0,0.09995103912283587
FCCO,tb_707#0,bo_704#0,704,707,707,2025-09-12 00:00:00,701,2,3.0,0.6270358306188926,141,1,0.6270358306188926,141,0.46698873773404065,0.02989224504074495,1.802310060443428,0.02796167251758952,0.05838107192578179,0,1,0,0,0.007112493739843923
FDMT,tb_681_685#0,bo_678#0,678,681,685,2025-08-06 00:00:00,671,2,7.0,69.64179672231839,30,3,69.64179672231839,36,0.27264763723055124,0.15321376481322416,3.7594314250399687,0.4266666836208768,0.5950037304846371,5,0,0,0,0.183800668403879
FDMT,tb_721_723#0,bo_715#0,715,721,723,2025-10-02 00:00:00,714,2,1.0,0.7514679687768646,27,2,1.0597373527585756,26,0.5049965253654861,0.05503873259108673,0.9841646736893633,0.14054046913687634,0.4452070932365757,3,0,0,0,0.006872791419071827
FDUS,tb_664_674#0,bo_657#0,657,664,674,2025-07-14 00:00:00,657,1,,0.6741962453446834,0,1,0.6741962453446834,66,0.29574067782385577,0.014897565253435116,0.9632974899263929,0.009823223644597867,0.015488363414515538,0,2,0,9,0.0033604283641053756
FDUS,tb_664_674#1,bo_658#0,658,664,674,2025-07-14 00:00:00,657,2,1.0,0.39381025248661056,0,1,0.6741962453446834,67,0.2930577172850754,0.014897565253435116,0.9721165347770855,0.020628853835878758,0.015488363414515538,0,2,0,9,0.0033604283641053756
FEBO,tb_519#0,bo_516#0,516,519,519,2025-12-26 00:00:00,509,2,7.0,0.19287251853623535,29,4,112.87714636140637,82,0.11497876291437012,0.054794548510341164,0.6957810371896581,0.6071429357034033,0.007142850452539706,0,1,0,0,0.0
FENC,tb_723#0,bo_720#0,720,723,723,2025-10-06 00:00:00,719,2,1.0,1.113145907145815,57,2,1.113145907145815,34,0.401922364117178,0.02973791068801641,0.7339727833804736,0.05500549962671353,0.007186925066066996,0,1,0,0,0.01417007507096331
FET,tb_644_662#0,bo_641#0,641,644,662,2025-06-12 00:00:00,641,1,18.0,0.7250733998825603,18,1,0.7250733998825603,18,0.7900102737838463,0.04640247004627359,1.1265668551190882,0.03571429396120962,0.2653684256359395,13,0,0,6,0.0
FETH,tb_203_205#0,bo_200#0,200,203,205,2025-05-14 00:00:00,199,2,1.0,1.224087960386548,111,1,1.8187741554177759,33,1.054746033113323,0.07014979968658716,1.8203434912446441,0.2997213889747816,0.2372077119468364,1,0,0,2,0.03344480206739298
FFBC,tb_418_419#0,bo_415#0,415,418,419,2024-07-18 00:00:00,415,1,153.0,1.6286854386627023,153,2,1.6286854386627023,246,0.4225273424868848,0.031835219370089284,1.8706039953313864,0.041276509090096614,0.08404070501453909,0,1,0,1,0.008731864620314927
FGBI,tb_509_511#0,bo_506#0,506,509,511,2024-11-25 00:00:00,503,2,3.0,2.465488771466314,64,2,2.678271518544437,204,0.30219049389381814,0.04855072949519051,2.1975876854140317,0.10729621602898476,0.13724185843735834,0,3,0,0,0.0059346378282787255
FGBI,tb_515_516#0,bo_512#0,512,515,516,2024-12-04 00:00:00,503,4,4.0,0.7048684608406411,64,4,2.678271518544437,371,0.37788977382828876,0.03344273232550164,1.3376996228292235,0.22832640122733827,0.013294402850665188,0,2,0,0,0.0006780791839931825
FGBI,tb_611_613#0,bo_604#0,604,611,613,2025-04-25 00:00:00,604,1,92.0,1.1208358208955225,92,1,1.1208358208955225,17,0.49001726047813127,0.04761904761904766,1.0135681237744298,0.11547901260282933,0.007887973264294726,0,3,0,0,0.035569169646171864
FGOVF,tb_605#0,bo_602#0,602,605,605,2025-04-16 00:00:00,602,1,46.0,4.6754515153864045,46,1,4.6754515153864045,18,0.05320065022134955,0.058823541786431094,0.939838361239875,0.1758957272111017,0.14837907692618701,0,0,0,1,0.0
FIBK,tb_662_664#0,bo_656#0,656,662,664,2025-07-10 00:00:00,656,1,34.0,1.0886307161665987,34,1,1.0886307161665987,66,0.6721982790119618,0.019911478284437484,0.8754782503189216,0.04129068614993381,0.08175158324849223,0,3,0,0,0.013174891870328378
FIEE,tb_629#0,bo_622#0,622,629,629,2025-05-21 00:00:00,616,2,6.0,1.5039555863983345,17,2,2.1691227103704724,145,0.16641614629071452,0.159836104818967,2.3435232313508725,1.5157896156786568,2.073170896231742,1,0,0,0,0.18410043427094344
FIGS,tb_757_763#0,bo_750#0,750,757,763,2025-11-21 00:00:00,747,3,1.0,1.8413814991739976,11,3,3.167896688416114,688,0.42840987720228413,0.10888669883206559,2.6026472087890022,0.3324468727630425,0.25402266989680466,5,0,0,2,0.06187632843399832
FINV,tb_427#0,bo_424#0,424,427,427,2024-07-31 00:00:00,423,2,1.0,1.3056546569267595,49,2,1.3056546569267595,101,0.09538022671281252,0.04677844100089174,2.517527867348852,0.06706112801580666,0.0663081825540317,0,1,0,0,0.0
FINV,tb_551_553#0,bo_548#0,548,551,553,2025-01-29 00:00:00,546,2,2.0,1.8455218673329283,122,2,1.8455218673329283,72,0.19251071216596652,0.030729804465625753,1.1296473794117696,0.06094176829021625,0.4367309001831407,3,0,0,0,0.01291985078740741
FIRY,tb_623_643#0,bo_620#0,620,623,643,2025-05-13 00:00:00,613,2,7.0,0.6770560727615942,71,1,0.7393001952245082,31,0.3048252849094252,0.03247864278937842,0.6233080608024856,0.06666675015331047,0.3512389370777107,14,0,0,7,0.0
FLG-PA,tb_418_421#0,bo_413#0,413,418,421,2024-07-18 00:00:00,411,2,2.0,0.7779944184448156,113,2,0.9328203600562891,91,0.30188756519298476,0.02472248002004452,1.404170480103605,0.02235543996678202,0.09571570877059138,2,0,0,2,0.005138579635634993
FLL,tb_668_677#0,bo_664#0,664,668,677,2025-07-18 00:00:00,659,2,5.0,0.5224032586558045,10,2,0.8862767478197271,75,0.2532174748186249,0.016877621850007546,0.31593366043697096,0.11961722979274114,0.015380296694348816,0,10,0,0,0.040598304314021325
FLNA,tb_626_646#0,bo_621#0,621,626,646,2025-05-16 00:00:00,621,1,114.0,0.7446152869645872,114,1,0.7446152869645872,12,0.12925172720660918,0.13362066883607027,2.3984201176979663,0.04117643016432515,0.2506744996503509,4,0,0,17,0.0
FLNC,tb_661_663#0,bo_658#0,658,661,663,2025-07-09 00:00:00,655,2,3.0,1.1888902058027753,146,2,1.8859515797864974,91,0.5158420487099693,0.05929309357143075,1.0080613999267838,0.3697068453237302,0.21899144124046574,0,0,0,3,0.0511295881260855
FLNT,tb_372#0,bo_369#0,369,372,372,2024-05-10 00:00:00,364,2,5.0,1.8668134908032092,76,2,3.253018297075349,45,0.2679826658397445,0.04883721600744487,0.7836329170355897,0.3566667238871257,0.0023640075649142833,0,0,0,1,0.004914000020385666
FLNT,tb_467#0,bo_464#0,464,467,467,2024-09-26 00:00:00,464,1,93.0,4.234772324068598,93,1,4.234772324068598,28,0.17492451790499383,0.07049607997517957,1.5435227957761637,0.13840824997551882,0.024324300813361788,0,1,0,0,0.02887136397581572
FLUX,tb_289#0,bo_282#0,282,289,289,2024-01-11 00:00:00,281,2,1.0,4.228012879484821,125,3,4.228012879484821,70,0.28482316810541536,0.17758623723042463,3.616279590806104,0.3219896018291075,0.220833312637277,0,0,0,1,0.13725489529429735
FLUX,tb_726#0,bo_723#0,723,726,726,2025-10-09 00:00:00,708,5,6.0,3.958462868690009,49,6,58.9730124719783,308,0.45136296338842413,0.1333333651224772,1.7724099131421567,1.7071824587147262,0.27104379090995856,0,1,0,0,0.0061224916784618985
FLXS,tb_300_303#0,bo_293#0,293,300,303,2024-01-29 00:00:00,290,2,3.0,4.723397037204569,100,4,10.695260947810437,103,1.0682407692493865,0.08873840793064787,2.4661068888508724,0.5249721589936642,0.354491254450984,4,0,0,0,0.08038173913904435
FMCCH,tb_383_399#0,bo_378#0,378,383,399,2024-05-28 00:00:00,377,2,1.0,40.246049661399546,88,1,40.246049661399546,83,0.1622963355614684,0.0,0.0,0.10465118213238878,0.13499247161799294,5,7,0,5,0.010526341452256662
FMCCS,tb_381#0,bo_378#0,378,381,381,2024-05-23 00:00:00,378,1,87.0,36.88815789473684,87,1,36.88815789473684,83,0.1505670144080322,0.004392347482620926,0.19924505436425147,0.1294719324870055,0.14264702396821916,0,0,0,0,0.0
FMCCS,tb_481_489#0,bo_478#0,478,481,489,2024-10-16 00:00:00,478,1,64.0,0.84,64,1,0.84,24,0.12353816605865149,0.0,0.0,0.020249238768851097,1.2751509543251665,0,5,0,0,0.0
FMCCS,tb_483_489#0,bo_479#0,479,483,489,2024-10-18 00:00:00,478,2,1.0,0.12753036437246965,64,1,0.84,25,0.1611425895807072,0.0,0.0,0.09345792795985886,1.253643410757068,0,5,0,0,0.0
FMCKJ,tb_294#0,bo_291#0,291,294,294,2024-01-19 00:00:00,290,2,1.0,2.874927012574071,14,1,4.201225994776463,12,0.13838701137947007,0.07272726709755407,2.023311065096886,0.0947712311359088,0.13246759519868312,0,0,0,1,0.0
FMCKJ,tb_382_395#0,bo_377#0,377,382,395,2024-05-24 00:00:00,370,2,7.0,1.9006040753818012,79,2,1.9006040753818012,80,0.13646247648411722,0.01720428431512393,0.5862411834169361,0.05023924563902171,0.17458736562258328,13,1,0,0,0.010869503246587323
FMCKJ,tb_381_395#0,bo_378#0,378,381,395,2024-05-23 00:00:00,370,3,1.0,1.446908781732054,79,2,1.9006040753818012,81,0.13742944926149683,0.025806426472685898,0.8731744629984631,0.10047849127804342,0.17784335908057783,14,1,0,0,0.010869503246587323
FMCKL,tb_389_393#0,bo_384#0,384,389,393,2024-06-05 00:00:00,384,1,55.0,0.1066670413560477,55,1,0.1066670413560477,55,0.090771990533845,0.0,0.0,0.01250004768371582,0.11004792163709994,0,5,0,0,0.0
FMCKM,tb_383_385#0,bo_378#0,378,383,385,2024-05-28 00:00:00,372,2,6.0,278.8604651162791,44,1,278.8604651162791,52,0.08842939146171856,0.035533021033238334,1.5831852124051018,0.12012015151107258,0.07564139690707898,2,1,0,0,0.0
FMCKN,tb_295_296#0,bo_292#0,292,295,296,2024-01-22 00:00:00,292,1,16.0,0.8301727414790725,16,1,0.8301727414790725,9,0.08845704333347651,0.026229483592384896,0.9043929198996726,0.08400001525878897,0.1287620857431504,0,1,0,1,0.0
FMCKN,tb_409_410#0,bo_406#0,406,409,410,2024-07-05 00:00:00,406,1,28.0,0.011719621995684203,28,1,0.011719621995684203,19,0.11479940623772812,0.0,0.0,0.012345607788387003,0.01686739595557074,0,2,0,0,0.0
FMCKN,tb_486_487#0,bo_483#0,483,486,487,2024-10-23 00:00:00,483,1,68.0,0.007503126302626094,68,1,0.007503126302626094,29,0.10259852782161187,0.0,0.0,0.005464475534834312,1.3405062718873533,0,2,0,0,0.0
FMCKN,tb_487#0,bo_484#0,484,487,487,2024-10-24 00:00:00,483,2,1.0,0.005626674605537362,68,1,0.007503126302626094,30,0.09741291664790892,0.0,0.0,0.035519090976423806,1.3443038271130932,0,1,0,0,0.0
FMCKN,tb_522_523#0,bo_519#0,519,522,523,2024-12-13 00:00:00,519,1,23.0,0.07610738255033557,23,1,0.07610738255033557,10,0.2222208042481475,0.0,0.0,0.04117651546702672,0.1119863047629438,2,0,0,0,0.0
FMCKN,tb_633_636#0,bo_630#0,630,633,636,2025-05-28 00:00:00,630,1,111.0,2.353530751708428,111,2,2.353530751708428,61,0.18054120125001694,0.014545440673828125,0.8862234564981015,0.13685350154175646,0.11542056406027201,1,3,0,0,0.0
FMCKO,tb_389_390#0,bo_386#0,386,389,390,2024-06-05 00:00:00,378,2,8.0,1.3084550448881147,87,3,102.86567926455567,81,0.07385646759670263,0.0,0.0,0.1730204983339716,0.05445551215498057,0,2,0,0,0.0
FMST,tb_482#0,bo_479#0,479,482,482,2025-06-05 00:00:00,475,3,3.0,3.262429480482477,10,8,10.501557120915205,364,0.5116861511280195,0.12702555054586182,1.4247006941823341,0.5954198514961586,0.04243542727600014,0,1,0,0,0.0
FNGR,tb_621_622#0,bo_616#0,616,621,622,2025-05-09 00:00:00,611,2,5.0,3.0736871417185987,26,2,12.496730128916589,93,0.22855891026285963,0.08522725964257533,1.3125716777843492,0.4904109356393962,0.48149345615502637,0,2,0,0,0.10210207866639097
FNGR,tb_621_622#1,bo_617#0,617,621,622,2025-05-09 00:00:00,611,3,1.0,10.282265522556305,26,3,12.496730128916589,172,0.23866183706973265,0.08522725964257533,1.2570084769297643,0.8246574447669084,0.48149345615502637,0,2,0,0,0.10210207866639097
FNGU,tb_88_108#0,bo_85#0,85,88,108,2025-06-27 00:00:00,85,1,29.0,0.8332795492395024,29,1,0.8332795492395024,8,0.9826931640106393,0.03518824024382221,0.8751466295355765,0.03947369010730539,0.1742036096543139,9,0,0,12,0.0
FNGU,tb_89#0,bo_86#0,86,89,89,2025-06-30 00:00:00,85,2,1.0,1.0322411169941623,29,1,1.0322411169941623,9,0.9825007624553315,0.02080834183778805,0.5292621417047636,0.07095865508263133,0.09120130628479428,0,0,0,1,0.0
FNLC,tb_424_425#0,bo_421#0,421,424,425,2024-07-26 00:00:00,416,2,5.0,1.7521743285864473,0,2,2.1299969170691604,146,0.7898830346720932,0.025210084033613397,0.852612236670606,0.09122672539192744,0.014406829338326599,0,2,0,0,0.008893831459630692
FNMA,tb_703_705#0,bo_700#0,700,703,705,2025-09-08 00:00:00,700,1,16.0,2.634182682474928,16,2,2.634182682474928,67,0.6127344276710526,0.11826449159515277,2.7581273453277864,0.055653721857339855,0.12694033822971998,0,3,0,0,0.0
FNMAI,tb_380_387#0,bo_377#0,377,380,387,2024-05-22 00:00:00,377,1,86.0,1.0299446881556362,86,2,1.0299446881556362,80,0.07907433959214286,0.0166028244837309,0.8220120149687301,0.051428590502057725,0.12696503309217355,4,3,1,0,0.0
FNMAI,tb_384_387#0,bo_378#0,378,384,387,2024-05-29 00:00:00,377,2,1.0,1.1581458942119514,86,2,1.1581458942119514,81,0.0862833201039328,0.0,0.0,0.09714283261980339,0.1123191700506802,0,3,1,0,0.0
FNMAJ,tb_384_396#0,bo_377#0,377,384,396,2024-05-29 00:00:00,377,1,88.0,0.4471024025479471,88,2,0.4471024025479471,48,0.12155698783365619,0.03373490681165886,1.1517220768679917,0.02754818222587585,0.10976664864472431,0,13,0,0,0.014888381656181969
FNMAJ,tb_384_396#1,bo_378#0,378,384,396,2024-05-29 00:00:00,377,2,1.0,1.1818463444857497,88,3,1.1818463444857497,81,0.13287434380195007,0.03373490681165886,1.0536260235028236,0.11570249670877275,0.10976664864472431,0,13,0,0,0.014888381656181969
FNMAS,tb_384_396#0,bo_381#0,381,384,396,2024-05-29 00:00:00,378,2,3.0,0.6208914272765277,88,2,1.4990349493382449,84,0.1596126429259514,0.03543303760668293,1.1277291387382753,0.05664482427044959,0.17369732230705606,9,4,0,0,0.0
FNMAS,tb_385#0,bo_382#0,382,385,385,2024-05-30 00:00:00,378,3,1.0,0.7937411658313999,88,2,1.4990349493382449,85,0.15535459019070977,0.01953123181010556,0.6436881234716705,0.06753811165011836,0.17514676272835583,1,0,0,0,0.0
FNMAT,tb_294_295#0,bo_291#0,291,294,295,2024-01-19 00:00:00,290,2,1.0,1.357472140213989,13,1,73.89421333739173,13,0.1686902930856565,0.07772019701281277,1.778406728856367,0.05914058326399152,0.10703860003116339,0,0,0,2,0.0
FNMAT,tb_383_385#0,bo_377#0,377,383,385,2024-05-28 00:00:00,377,1,86.0,0.5892090560979877,86,1,0.5892090560979877,48,0.14609806251761417,0.03508768627628134,1.0951537936570455,0.0248138708254122,0.14461779250285925,0,0,0,3,0.017777760823567707
FNMAT,tb_383_385#1,bo_378#0,378,383,385,2024-05-28 00:00:00,377,2,1.0,2.8598710375614376,86,2,2.8598710375614376,81,0.1506910484880793,0.03508768627628134,1.061774066989563,0.11662525204037189,0.14461779250285925,0,0,0,3,0.017777760823567707
FNMAT,tb_633_637#0,bo_630#0,630,633,637,2025-05-28 00:00:00,617,3,8.0,16.927545084121096,121,3,16.927545084121096,86,0.3641007330095853,0.05920582136558171,2.2521257832154595,0.12210337370356172,0.10438085628255318,0,0,0,5,0.011119963592214625
FNMFN,tb_380_389#0,bo_377#0,377,380,389,2024-05-22 00:00:00,377,1,87.0,0.044112030553787394,87,1,0.044112030553787394,48,0.15018592689123111,0.0,0.0,0.056296313250506325,0.08584252914475674,1,9,0,0,0.0
FNMFN,tb_381_393#0,bo_378#0,378,381,393,2024-05-23 00:00:00,377,2,1.0,0.665224858469563,87,2,0.665224858469563,81,0.166601226001923,0.0,0.0,0.12444446705005796,0.07578872940755065,1,12,0,0,0.0
FNMFN,tb_659#0,bo_656#0,656,659,659,2025-07-07 00:00:00,656,1,26.0,0.11539870558065699,26,1,0.11539870558065699,23,0.7954729492157997,0.006530606016820791,0.2011380117574606,0.00375000635782885,0.2122449290995696,1,0,0,0,0.0
FNUC,tb_722_727#0,bo_717#0,717,722,727,2025-10-03 00:00:00,713,3,2.0,1.1547823554440149,46,2,2.40284860981677,29,0.37865611367149504,0.15858206780962278,2.2447806174073555,0.09057971306611035,0.5587994231957845,5,1,0,0,0.06609806801649877
FOA,tb_459_460#0,bo_454#0,454,459,460,2024-09-16 00:00:00,451,3,2.0,2.9644083671557913,31,4,2.9644083671557913,157,0.6313722767365784,0.20697495292543402,4.32391418316161,0.5754119791528483,0.9922032050628857,2,0,0,0,0.18825423130629593
FOCL,tb_704_706#0,bo_699#0,699,704,706,2025-09-09 00:00:00,697,2,2.0,5.709675310525169,78,3,14.183584943352074,108,0.15579876274056387,0.13442618158099975,2.631598866384075,0.7468353895551991,0.040469701027694725,0,1,0,2,0.08363637057217685
FOSL,tb_519#0,bo_513#0,513,519,519,2024-12-10 00:00:00,511,2,2.0,85.27098137123104,16,5,85.27098137123104,305,0.11770623935567705,0.23754785842101306,5.26734936867371,0.6549295603200282,0.04433493371317443,0,0,0,1,0.10212766777719001
FOXX,tb_677#0,bo_674#0,674,677,677,2025-07-31 00:00:00,667,2,7.0,3.1240714715920497,56,3,5.576086956521739,61,0.647196764538276,0.1880630692310625,2.580359123836719,0.4297028747519738,0.13715042630891472,0,1,0,0,0.04695429951593768
FRD,tb_701_702#0,bo_696#0,696,701,702,2025-09-04 00:00:00,694,2,2.0,0.6135729779981407,78,5,2.3028948096247808,280,0.7306608968737187,0.050978521945678965,1.5219443509639996,0.08328574608099659,0.07226790634249614,0,0,0,2,0.032036608645011
FRST,tb_655_667#0,bo_650#0,650,655,667,2025-06-30 00:00:00,650,1,351.0,0.7682673951681916,351,1,0.7682673951681916,63,0.22529684174649578,0.01190477230152525,0.5551447468670905,0.04112338157839135,0.08316273937218531,0,0,0,13,0.015123000510333575
FRST,tb_655_667#1,bo_651#0,651,655,667,2025-06-30 00:00:00,650,2,1.0,0.6492253777692961,351,1,0.7682673951681916,64,0.24012872208925826,0.01190477230152525,0.520855469071387,0.06118358226391374,0.08316273937218531,0,0,0,13,0.015123000510333575
FSI,tb_445_447#0,bo_439#0,439,445,447,2024-08-26 00:00:00,437,2,2.0,3.2205163393086886,91,3,8.925844668714348,221,0.1271418524267138,0.04375003213062835,1.0761073523766616,0.3428571528148241,0.18886090820832893,0,0,0,3,0.04575162825495524
FSI,tb_445_463#0,bo_440#0,440,445,463,2024-08-26 00:00:00,437,3,1.0,2.7534061063690083,91,4,8.925844668714348,258,0.13586061220259046,0.04375003213062835,1.0070489155985598,0.4571428704197653,0.2641928881831181,14,0,0,5,0.04575162825495524
FSI,tb_663_666#0,bo_658#0,658,663,666,2025-07-11 00:00:00,657,2,1.0,0.9716654107008289,94,2,1.0073386469673407,64,0.23416485165816892,0.06770493660137203,1.7637151941761786,0.12830959959662103,0.981775609798134,0,4,0,0,0.06333335240681966
FSI,tb_663_666#1,bo_659#0,659,663,666,2025-07-11 00:00:00,657,3,1.0,1.9470057756611612,94,3,1.9470057756611612,76,0.23101022348404676,0.06770493660137203,1.7878001266902572,0.22199596465616844,0.981775609798134,0,4,0,0,0.06333335240681966
FSLY,tb_466_469#0,bo_459#0,459,466,469,2024-09-25 00:00:00,459,1,149.0,0.867875280072068,149,1,0.867875280072068,18,0.3491863799139235,0.04029066027205166,0.8734599134449793,0.03731343389805564,0.16220583857454257,0,0,0,4,0.042176863510454445
FSLY,tb_711_712#0,bo_708#0,708,711,712,2025-09-18 00:00:00,706,2,2.0,3.5115209706574917,86,3,3.5115209706574917,84,0.3351824227380406,0.04233097499485939,1.1486289338708255,0.19021740081123206,0.4270940020027053,2,0,0,0,0.038812801792733484
FSM,tb_704_718#0,bo_698#0,698,704,718,2025-09-09 00:00:00,696,2,2.0,1.4004466458010025,57,1,1.4004466458010025,59,0.301554783085449,0.05452287447612907,1.4591033041536001,0.021220139021431494,0.19041042564905117,6,0,0,9,0.02056559382190672
FSTR,tb_655#0,bo_652#0,652,655,655,2025-06-30 00:00:00,651,2,1.0,0.5966605323398716,148,2,0.5966605323398716,49,0.5986402734707921,0.031097323670450493,1.1693178590892224,0.03411300389742333,0.1444901566598602,1,0,0,0,0.010854806173356678
FTCI,tb_625_626#0,bo_622#0,622,625,626,2025-05-15 00:00:00,622,1,91.0,0.4548481598283894,91,1,0.4548481598283894,7,0.3084322071099051,0.05952375546063721,0.8105501170710662,0.08902083113426973,0.27433937295553223,0,0,0,2,0.0
FTCO,tb_708#0,bo_702#0,702,708,708,2025-09-15 00:00:00,702,1,52.0,3.3393740722414647,52,1,3.3393740722414647,52,0.1189075832412487,0.05217386436822858,1.9717765871384276,0.10955049112535686,0.08214731388262964,0,1,0,0,0.0227275223266657
FTH,tb_730#0,bo_724#0,724,730,730,2025-10-15 00:00:00,718,2,6.0,2.6828489300542957,12,2,2.6828489300542957,46,0.5679803316181108,0.1391114283388396,3.362792232559777,0.27909083194969275,0.34186472581567395,1,0,0,0,0.028472814440159446
FTHM,tb_627_636#0,bo_624#0,624,627,636,2025-05-19 00:00:00,622,2,2.0,3.0154465245319804,170,2,3.0154465245319804,40,0.08040561969374463,0.1287879314687496,2.1142810283840263,0.5121951467717143,0.38312031896803933,0,0,0,10,0.1572581056067397
FTI,tb_334_343#0,bo_331#0,331,334,343,2024-03-18 00:00:00,331,1,89.0,1.485332992956209,89,1,1.485332992956209,8,0.625261797100373,0.03076310174352084,1.215649126302699,0.040770544882410054,0.08556270855736728,0,0,0,10,0.0
FTK,tb_388_390#0,bo_385#0,385,388,390,2024-06-04 00:00:00,377,2,8.0,1.9497247706422016,184,3,1.9497247706422016,104,0.18147277412057267,0.052511418507769726,1.2674078532610715,0.12430947522883584,0.2534055357710945,1,0,0,2,0.0
FTK,tb_389_391#0,bo_386#0,386,389,391,2024-06-05 00:00:00,377,3,1.0,2.688539852243378,184,4,2.688539852243378,128,0.20422473585614456,0.04395610499304027,0.9793147008557017,0.1767956805401696,0.19477939389103738,0,1,0,2,0.0
FTK,tb_393#0,bo_390#0,390,393,393,2024-06-11 00:00:00,377,4,4.0,1.8433006993006993,184,5,2.688539852243378,147,0.22417045753281378,0.08556149868980281,2.1412278154592452,0.2790055969092522,0.012962906219996295,0,1,0,0,0.01098900043229742
FTK,tb_502#0,bo_499#0,499,502,502,2024-11-14 00:00:00,495,2,4.0,2.784332806227953,35,5,3.6996544013010775,434,0.3585837827246349,0.034482756520732974,0.7529620522014883,0.5119999885559081,0.34067366097853036,1,0,0,0,0.014550282321028854
FTK,tb_623#0,bo_620#0,620,623,623,2025-05-13 00:00:00,620,1,37.0,3.477362043556574,37,2,3.477362043556574,89,0.6820537639157992,0.12845301902474943,2.72705724252387,0.09458128810116961,0.17642961364884835,0,0,0,1,0.0
FTRE,tb_631_638#0,bo_626#0,626,631,638,2025-12-22 00:00:00,618,2,8.0,1.1088116171095526,19,2,1.5881372598427412,206,1.0594531671800953,0.04264629019145232,0.736229510476244,0.2596078012503831,0.06635495054146572,0,7,0,0,0.004358636186300224
FULC,tb_309_319#0,bo_306#0,306,309,319,2024-02-09 00:00:00,303,2,3.0,1.0881517758970272,24,1,1.2982858550327512,20,0.507189677749734,0.07477679391087466,1.321004952755659,0.1495845473583517,0.4630385083283591,11,0,0,0,0.03734944728829608
FULC,tb_622_624#0,bo_616#0,616,622,624,2025-05-12 00:00:00,607,3,1.0,10.399000572794248,77,4,10.399000572794248,80,0.30773440055229273,0.12682930044113253,2.5346539366690193,0.7082066719519742,0.44579409954940674,1,0,0,2,0.06631764627853565
FULC,tb_721_727#0,bo_717#0,717,721,727,2025-10-02 00:00:00,715,2,2.0,0.8984377760035046,55,2,1.3037371152443993,42,0.44334948115965933,0.04707120744640046,1.0150023447921857,0.20272112480113136,0.35573972472206133,1,6,0,0,0.019230777529362166
FULC,tb_726#0,bo_720#0,720,726,726,2025-10-09 00:00:00,715,3,3.0,1.5500604542077585,55,3,1.5500604542077585,266,0.481061512926079,0.043016213138871294,0.8834632979674052,0.26938776119242247,0.267151738606789,0,1,0,0,0.030494211868922833
FULTP,tb_467_468#0,bo_461#0,461,467,468,2024-09-26 00:00:00,461,1,305.0,1.4825206471320285,305,1,1.4825206471320285,387,0.3002532812689699,0.013806739505186029,0.8161673636640014,0.005241232982154953,0.07977391669121503,1,0,0,1,0.007343483947987123
FULTP,tb_467_468#1,bo_462#0,462,467,468,2024-09-26 00:00:00,461,2,1.0,1.68637073388356,305,1,1.68637073388356,388,0.30131197915817826,0.013806739505186029,0.813299656022354,0.028301881404696694,0.07977391669121503,1,0,0,1,0.007343483947987123
FUSE,tb_694_714#0,bo_690#0,690,694,714,2025-08-25 00:00:00,690,1,,0.15766893099749732,0,1,0.15766893099749732,14,0.9106112938686806,0.06666666666666667,1.0981634059814442,1.17028388927188,0.7661224482010822,3,0,1,0,0.0
FWDI,tb_672_678#0,bo_665#0,665,672,678,2025-07-24 00:00:00,658,3,5.0,1.308754231101082,41,3,4.691805811907113,48,0.7608500593396611,0.09765258207554282,1.3668921347730976,0.3362194023461902,3.2051790414637398,7,0,0,0,0.03441498317050853
FWDI,tb_682_683#0,bo_679#0,679,682,683,2025-08-07 00:00:00,678,2,1.0,2.3328329401672745,13,2,2.3328329401672745,604,0.9399137064795011,0.04881552694030615,0.7234709957819001,0.07018995917155557,2.3036571610173113,1,1,0,0,0.018518500803374947
FWRD,tb_658_670#0,bo_653#0,653,658,670,2025-07-03 00:00:00,641,3,7.0,1.4049781785676727,159,3,1.4895289759371761,61,1.3012215989741815,0.02733057159334383,0.5610109321977313,0.29802030688412007,0.18774005092853838,0,0,0,13,0.02425442195845954
FWRG,tb_499#0,bo_496#0,496,499,499,2024-11-11 00:00:00,496,1,14.0,1.9852882350326682,14,1,1.9852882350326682,52,0.6187010780431518,0.05906411317085311,2.101178081862838,0.043453415599058465,-0.055088716198545606,0,1,0,0,0.0
GAIA,tb_350_353#0,bo_344#0,344,350,353,2024-04-10 00:00:00,343,2,1.0,5.91478895588702,34,3,5.91478895588702,246,0.10819099818023895,0.06852791294551143,2.4955863747251117,0.12987016405056462,0.2914365976798863,4,0,0,0,0.10610082158916292
GAIA,tb_350_353#1,bo_345#0,345,350,353,2024-04-10 00:00:00,343,3,1.0,3.9116436342252277,34,4,5.91478895588702,270,0.1340345003538097,0.06852791294551143,2.014406590943355,0.22402599815333968,0.2914365976798863,4,0,0,0,0.10610082158916292
GAIA,tb_375_395#0,bo_371#0,371,375,395,2024-05-15 00:00:00,359,4,8.0,1.744589326522382,14,3,2.5198834735965967,323,0.28442156270809915,0.04444440205891927,0.703180895853511,0.08571426802088422,0.13447018173208358,0,2,0,19,0.031100393048444034
GAIA,tb_696_699#0,bo_693#0,693,696,699,2025-08-27 00:00:00,688,3,2.0,0.766903700132578,180,2,1.0934150076569678,76,0.30218323261878316,0.03466201211893624,0.6618494597860262,0.17827866089276823,0.13151753838432823,0,0,0,4,0.04000000331712806
GALT,tb_678#0,bo_675#0,675,678,678,2025-08-01 00:00:00,675,1,27.0,0.6230027199778855,27,1,0.6230027199778855,7,0.2755476945429488,0.07969156114091071,1.1250327523600503,0.07843137713222958,0.7945205533139854,1,0,0,0,0.0
GANX,tb_286_287#0,bo_281#0,281,286,287,2024-01-08 00:00:00,281,1,174.0,3.9493654180322464,174,1,3.9493654180322464,14,0.23512742314589558,0.16783542675032012,3.0536630969864818,0.11054423175453199,0.3943241137281269,0,0,0,2,0.026206904444201238
GANX,tb_285_287#0,bo_282#0,282,285,287,2024-01-05 00:00:00,281,2,1.0,4.821060949489488,174,2,4.821060949489488,60,0.25833262014962594,0.17017296549473362,2.8180720080636608,0.2329931732814845,0.40332718014817837,0,0,0,3,0.026206904444201238
GAP,tb_625_634#0,bo_622#0,622,625,634,2025-05-15 00:00:00,616,2,6.0,1.2648191483760882,103,3,1.2648191483760882,58,0.979708567256791,0.02699659959860581,0.7077878496622455,0.12573757533298702,0.022598380391396843,0,10,0,0,0.0
GAP,tb_627_634#0,bo_624#0,624,627,634,2025-05-19 00:00:00,616,3,2.0,1.0410081977323167,103,4,1.2648191483760882,106,1.0523049304992445,0.05235040303947686,1.3453752954567542,0.1906490591012282,0.006050631718319668,0,8,0,0,0.0
GAP,tb_632_634#0,bo_626#0,626,632,634,2025-05-27 00:00:00,616,4,2.0,0.785022708977219,103,4,1.2648191483760882,108,1.039917069244327,0.03175143311746729,0.8612949977379046,0.24330454605399843,-0.047656662238445814,0,3,0,0,0.014884027592927744
GAU,tb_694_699#0,bo_687#0,687,694,699,2025-08-25 00:00:00,684,4,1.0,4.2979510588755705,66,4,4.2979510588755705,199,0.0736152941284681,0.04147472323669141,1.2225741084567137,0.2763158431343762,0.4435901322822941,6,0,0,0,0.03827747702939564
GAU,tb_694_699#1,bo_688#0,688,694,699,2025-08-25 00:00:00,684,5,1.0,2.4938598155093623,66,5,4.2979510588755705,272,0.09407134556965714,0.04147472323669141,0.9567222839525357,0.34210525490240373,0.4435901322822941,6,0,0,0,0.03827747702939564
GBNXF,tb_478_490#0,bo_471#0,471,478,490,2024-10-11 00:00:00,465,2,6.0,0.033304226748165106,0,1,2.150463552794057,51,0.2075732066975338,0.010958503408033945,0.7665779451163663,0.012993792235564738,0.10775920722027746,0,13,0,0,0.008293792008704616
GBNXF,tb_478_490#1,bo_472#0,472,478,490,2024-10-11 00:00:00,465,3,1.0,1.4773874328988181,0,1,2.150463552794057,52,0.20005387416696233,0.010958503408033945,0.7953909561311964,0.017868455185313215,0.10775920722027746,0,13,0,0,0.008293792008704616
GBR,tb_650#0,bo_647#0,647,650,650,2025-06-23 00:00:00,644,2,3.0,16.914090996352467,257,5,40.637827057315164,209,0.11738976744876194,0.2415730081232426,3.6630104726597925,0.7959183226620747,-0.10218977022453024,0,1,0,0,0.22159090216371635
GBUG,tb_129_132#0,bo_126#0,126,129,132,2025-08-26 00:00:00,122,2,4.0,1.375568181818182,52,1,3.378851274248764,53,0.7078975007927207,0.022624687009467962,0.9344397975040779,0.022358507975658304,0.41857456934923887,4,0,0,0,0.0
GBUX,tb_524_532#0,bo_521#0,521,524,532,2024-12-17 00:00:00,506,4,6.0,5.554065832831379,120,10,49.897566400068435,230,0.07233563170954484,0.055555610745039265,0.8294675883906525,1.2666666843273027,7.502560845649526,9,0,0,0,0.05759801458093259
GDLC,tb_323_326#0,bo_320#0,320,323,326,2024-03-01 00:00:00,320,1,41.0,1.944134799543782,41,2,1.944134799543782,42,0.9082307469111129,0.05452945398412338,1.3652915576084552,0.08058408813209295,0.20446431676689603,0,1,0,3,0.0
GDLC,tb_381#0,bo_378#0,378,381,381,2024-05-23 00:00:00,378,1,58.0,0.7186586875247222,58,1,0.7186586875247222,18,0.8812787252172674,0.07912801597090666,2.2240421057913062,0.12215634542933884,0.1693825392208792,0,0,0,1,0.002139543971484935
GDLC,tb_389_390#0,bo_382#0,382,389,390,2024-06-05 00:00:00,378,2,4.0,2.509128173985653,58,2,2.509128173985653,41,1.0396974301570927,0.03559630507722907,0.9329630767750676,0.32047486002164116,0.007611973047676135,0,2,0,0,0.027320342851636183
GDLC,tb_484_492#0,bo_481#0,481,484,492,2024-10-21 00:00:00,475,3,3.0,7.287006978349224,93,2,7.287006978349224,56,0.9063376710406279,0.02227634527830627,0.7061379109549873,0.30024217324323255,0.7263777669595756,9,0,0,0,0.0
GDRX,tb_657#0,bo_650#0,650,657,657,2025-07-02 00:00:00,650,1,85.0,1.005001087663515,85,1,1.005001087663515,7,0.19718770157285267,0.025390647919266998,0.6592709048484361,0.01956525096821271,0.07022750368522979,0,1,0,0,0.03155824829032253
GDRX,tb_657#1,bo_651#0,651,657,657,2025-07-02 00:00:00,650,2,1.0,1.657023171007626,85,3,1.657023171007626,65,0.19667429840482456,0.025390647919266998,0.6609918809692775,0.10217397321149524,0.07022750368522979,0,1,0,0,0.03155824829032253
GDRZF,tb_300_301#0,bo_297#0,297,300,301,2024-01-29 00:00:00,293,2,4.0,0.41507326762358054,28,2,4.942810257415073,123,0.14859291615059766,0.021472372223182316,0.4710852647366683,0.14035091535169752,0.04959504174376206,0,2,0,0,0.01846152085524339
GDRZF,tb_586#0,bo_583#0,583,586,586,2025-03-20 00:00:00,580,2,3.0,0.25918339243295346,199,2,0.4323438084386497,73,0.15319183361201336,0.08960573599218193,1.6319407771642138,0.18481006882088002,0.0,0,1,0,0,0.011450371259603628
GDRZF,tb_660_667#0,bo_657#0,657,660,667,2025-07-08 00:00:00,657,1,10.0,8.293958521190262,10,1,8.293958521190262,71,0.17145187336147455,0.051396653402246514,1.0731875461684754,0.507936468890885,0.21617715058142445,0,8,0,0,0.01432663386236526
GDS,tb_412_420#0,bo_407#0,407,412,420,2024-07-10 00:00:00,401,2,6.0,0.9302442014035753,24,2,1.0662748691072617,29,0.41787614355124986,0.04233868021622566,1.2563522149617177,0.15735451410894208,0.5539577468575605,8,1,0,0,0.011861324269018645
GDYN,tb_530#0,bo_527#0,527,530,530,2024-12-26 00:00:00,519,3,1.0,2.542091832954475,44,2,2.542091832954475,26,0.7857229967410726,0.03397834839814673,0.9163550305762457,0.0693792341373416,0.21025156000661904,1,0,0,0,0.003902435302734375
GEG,tb_706_715#0,bo_699#0,699,706,715,2025-09-11 00:00:00,691,3,2.0,302.2642439737034,0,3,302.2642439737034,658,0.1343544171000453,0.2165242143954965,5.656680344921838,0.11304347645808255,0.04132857756650168,0,0,0,10,0.08333333333333333
GEG,tb_706_715#1,bo_700#0,700,706,715,2025-09-11 00:00:00,691,4,1.0,269.6360063391442,0,3,302.2642439737034,658,0.1426148158786135,0.2165242143954965,5.329039523566263,0.34347825140493327,0.04132857756650168,0,0,0,10,0.08333333333333333
GEL,tb_589_595#0,bo_584#0,584,589,595,2025-03-25 00:00:00,583,2,1.0,2.0140767372862043,223,2,2.0140767372862043,166,0.4895980775345335,0.03302751983205068,1.0321541723385137,0.1305659040542273,0.05502510374271404,0,7,0,0,0.010680847477078965
GELYF,tb_471_475#0,bo_468#0,468,471,475,2024-10-02 00:00:00,467,2,1.0,2.232786242071536,16,1,2.232786242071536,292,0.0613937717373881,0.04191612876745096,1.1188013695208991,0.1323529556267189,0.18981968417023926,1,0,0,4,0.012986979177965697
GELYF,tb_630_631#0,bo_625#0,625,630,631,2025-05-22 00:00:00,620,3,3.0,0.4050541516245488,51,3,2.167759011847744,54,0.10545607065067254,0.06296291420753614,1.5818185155676738,0.15813945393607698,-0.014197985190128437,0,2,0,0,0.015872974550846963
GENI,tb_308_310#0,bo_303#0,303,308,310,2024-02-08 00:00:00,299,3,3.0,1.3779477580522939,37,2,1.9270699917124992,105,0.253359769946033,0.038903376604750045,1.1761924907007801,0.08782745635801015,0.017760935649942116,0,3,0,0,0.002758618058829472
GENI,tb_441_449#0,bo_438#0,438,441,449,2024-08-20 00:00:00,433,2,5.0,0.8591465983858944,13,2,1.5738439453040036,12,0.37283070341201574,0.034659818003681744,0.7241892324198855,0.10790274261083566,0.12222256062572301,0,0,0,9,0.0
GEO,tb_336#0,bo_333#0,333,336,336,2024-03-20 00:00:00,332,2,1.0,2.6284891060616715,87,2,2.6284891060616715,322,0.40400747768340933,0.07594036076910143,2.6484650753486747,0.06910564346459802,0.16002837689723348,0,0,0,1,0.021292755976709748
GEOS,tb_294#0,bo_291#0,291,294,294,2024-01-19 00:00:00,285,2,6.0,1.956371722128508,11,3,6.501615761492755,77,0.7455973864030393,0.03163329750538743,0.6571908379159611,0.17122748920368336,0.12582343932897522,0,1,0,0,0.007194222168193845
GERN,tb_394#0,bo_391#0,391,394,394,2024-06-12 00:00:00,389,2,2.0,7.679404467051531,26,2,7.679404467051531,28,0.21203100943446476,0.056179809393727465,1.4148882823084814,0.15037597534261904,0.0,0,0,0,1,0.0
GEVO,tb_447#0,bo_444#0,444,447,447,2024-08-28 00:00:00,439,2,5.0,1.562107650000963,22,3,2.3253382403490046,98,0.0571967481532515,0.12000000476837158,2.098021454766041,0.2424241822175328,2.808988943137302,1,0,0,0,0.04301077543014525
GFAI,tb_519#0,bo_516#0,516,519,519,2024-12-10 00:00:00,508,2,8.0,14.129986168301562,175,2,14.129986168301562,51,0.09957430998339413,0.12138730394895582,2.108978090654046,0.37272723430444477,1.5359478346372337,0,1,0,0,0.09271522290005729
GFI,tb_349_357#0,bo_344#0,344,349,357,2024-04-09 00:00:00,342,2,2.0,1.245367859725235,71,2,1.245367859725235,39,0.5358464340907124,0.0204758681866908,0.6508789283110765,0.03523388799664007,0.037403431009097425,0,6,0,3,0.0047732508166343805
GFI,tb_348_357#0,bo_345#0,345,348,357,2024-04-08 00:00:00,342,3,1.0,1.4955289434167547,71,3,1.4955289434167547,74,0.5346035267065986,0.024915092744017982,0.7758208362769462,0.0736707329877544,0.04268607039571024,0,6,0,4,0.0047732508166343805
GFI,tb_485#0,bo_482#0,482,485,485,2024-10-22 00:00:00,482,1,133.0,1.2319868583497433,133,1,1.2319868583497433,14,0.47797754183234215,0.029008399979880414,1.0979063136543215,0.054434329133678405,-0.037017452864573364,0,1,0,0,0.0
GFR,tb_408_413#0,bo_405#0,405,408,413,2024-07-03 00:00:00,405,1,58.0,2.1803519677432903,58,2,2.1803519677432903,169,0.18017222143219475,0.04685407154791751,1.9425852767447054,0.03846153846153855,0.11262815149706662,0,5,0,1,0.02054795773263284
GGAL,tb_351_352#0,bo_348#0,348,351,352,2024-04-11 00:00:00,347,2,1.0,1.6732999277009055,16,1,1.6732999277009055,9,1.0938176634961105,0.049071521632893154,1.1899457642856317,0.07480634031767153,0.2741757846185715,2,0,0,0,0.0
GGRP,tb_638_640#0,bo_632#0,632,638,640,2025-06-04 00:00:00,625,2,7.0,2.543273350471294,97,2,4.099790316431567,43,0.1052797052044038,0.07386363405457212,1.2348058439110312,0.36206904170629595,0.11048162976821836,0,0,0,3,0.05747127775503971
GH,tb_376_377#0,bo_373#0,373,376,377,2024-05-16 00:00:00,373,1,29.0,2.0594701598891123,29,3,2.0594701598891123,63,1.1502679733218477,0.0787257290580135,1.8691293406364349,0.0728654045424908,0.3213145946078787,2,0,0,0,0.0
GHRS,tb_334_336#0,bo_331#0,331,334,336,2024-03-18 00:00:00,330,2,1.0,1.0587150322778973,32,2,2.887559648724152,87,0.7562741962592889,0.07772017482382143,1.1900440646816781,0.23205748968041062,0.2248331071410301,0,0,0,3,0.012621370100347832
GHRTF,tb_171_173#0,bo_168#0,168,171,173,2025-09-16 00:00:00,158,3,5.0,0.4639775776658504,0,5,2.9132514339016016,98,0.04017718758017138,0.0920189616258795,2.2699447019589076,0.5823999643325806,0.39295530235824816,2,1,0,0,0.0
GILT,tb_548#0,bo_545#0,545,548,548,2025-01-24 00:00:00,545,1,9.0,2.466951181430207,9,1,2.466951181430207,8,0.24335495428474602,0.051930803120737196,1.6025987408763427,0.050974535037307644,0.1042524324909122,0,0,0,1,0.0
GILT,tb_670_671#0,bo_667#0,667,670,671,2025-07-22 00:00:00,661,2,6.0,1.2278487576636339,10,2,3.5981496024777857,92,0.29950112489081515,0.06081876563314771,1.7362220524321603,0.10152990448732946,0.44104939638305607,2,0,0,0,0.00378790524234285
GIPR,tb_735_740#0,bo_730#0,730,735,740,2025-10-22 00:00:00,722,2,8.0,2.526949062246492,158,4,61.606787834072236,103,1.779921579801019,0.2562813831939196,2.8652944521103842,0.7222222271279541,0.040044647581893945,0,6,0,0,0.24193547890908274
GITS,tb_181#0,bo_175#0,175,181,181,2024-04-19 00:00:00,175,1,,2.560204089786721,0,1,2.560204089786721,13,0.05646964861987208,0.10094638825468857,1.1333523769775222,0.231003057410325,0.14285719692031318,0,1,0,0,0.02195604365534714
GLAD,tb_664_674#0,bo_660#0,660,664,674,2025-07-14 00:00:00,658,2,2.0,0.8688352570828961,0,1,0.9193562901193832,68,0.47625249923498864,0.012131728833339385,0.6635710833440255,0.018241606260130938,0.015872232707185227,0,11,0,0,0.0
GLAS,tb_304_324#0,bo_301#0,301,304,324,2024-02-02 00:00:00,301,1,16.0,1.5715295820041437,16,1,1.5715295820041437,10,0.2561838868665716,0.06074071813512732,1.6004123148683813,0.04385965059044983,0.332882861511376,18,0,0,3,0.0
GLAS,tb_305_325#0,bo_302#0,302,305,325,2024-02-05 00:00:00,301,2,1.0,2.1357873683862545,16,1,2.1357873683862545,11,0.26288506505251125,0.05563691342396451,1.4454990600740785,0.08771930118089988,0.34554816741581995,18,0,0,3,0.0
GLAS,tb_345_349#0,bo_340#0,340,345,349,2024-04-03 00:00:00,333,2,7.0,0.9471763292279963,31,1,2.7504378283712785,31,0.28247161792567277,0.028901735378628564,0.8850446704552912,0.1322436647790859,0.25289942045978914,4,1,0,0,0.011764750761144301
GLATF,tb_283_289#0,bo_278#0,278,283,289,2024-01-03 00:00:00,273,2,5.0,0.8544007625870187,21,1,1.744578472084899,23,0.11116415257660862,0.05990788473286133,1.1694427693435487,0.048780558720578515,0.3158774063668161,5,0,0,2,0.041860534230585576
GLBS,tb_766#0,bo_763#0,763,766,766,2025-12-05 00:00:00,760,3,2.0,12.750547711781888,30,5,12.750547711781888,226,0.06739264970731841,0.06486486660641765,1.7806096850253441,0.3252032276060022,0.10555559014096771,0,1,0,0,0.030674817461689024
GLDG,tb_699#0,bo_696#0,696,699,699,2025-09-02 00:00:00,695,2,1.0,2.236966281003801,350,2,3.588801333329714,112,0.023749735727893462,0.07920790501592566,3.3684578315851117,0.09411762478442398,0.8181817525017694,1,0,0,0,0.010752677834782464
GLDG,tb_727#0,bo_724#0,724,727,727,2025-10-10 00:00:00,724,1,19.0,5.396140024192294,19,1,5.396140024192294,20,0.06767755433642988,0.1055555239135828,2.8074291376822864,0.1007751930820906,0.0467835800709957,0,1,0,0,0.0
GLDG,tb_728_730#0,bo_725#0,725,728,730,2025-10-13 00:00:00,724,2,1.0,11.132669336583668,19,2,11.132669336583668,684,0.07498630590482384,0.09999997350904606,2.4004375915834153,0.27131785596264546,0.025779417881896343,0,3,0,0,0.0
GLGI,tb_309#0,bo_306#0,306,309,309,2024-02-09 00:00:00,294,4,6.0,0.717480277596536,99,4,3.1413382218148485,105,0.051767225127162156,0.008064508376086847,0.1931722327919381,0.15887845677677492,0.9105689985295582,1,0,0,0,0.02419352512826054
GLGI,tb_616_617#0,bo_613#0,613,616,617,2025-05-02 00:00:00,606,4,3.0,2.8943943551548412,187,3,2.8943943551548412,120,0.0569388032835208,0.09420289542088611,2.2831529244530673,0.19230774521122518,0.038533366442462524,0,0,0,2,0.0
GLSI,tb_403_418#0,bo_397#0,397,403,418,2024-06-26 00:00:00,386,3,7.0,4.245161290322581,59,3,4.245161290322581,21,1.025109283695,0.17600001017252603,3.219169159057884,0.30052205313210534,0.06267694491199616,0,0,0,16,0.08428900355582708
GLUE,tb_741_742#0,bo_738#0,738,741,742,2025-10-30 00:00:00,730,2,8.0,1.6903957438632127,9,2,1.6903957438632127,217,0.7078049270246441,0.06848899018437073,1.2672987691338071,0.1611687175758587,0.48265533616891143,2,0,0,0,0.0
GMHS,tb_321_322#0,bo_317#0,317,321,322,2024-10-07 00:00:00,317,1,41.0,0.7193509615384615,41,1,0.7193509615384615,84,0.017276704621651567,0.0,0.0,0.002747228274871283,0.17593430305578273,0,0,0,0,0.0
GNLX,tb_503#0,bo_500#0,500,503,503,2025-01-29 00:00:00,497,3,2.0,5.175825112999972,65,4,9.594868925831202,67,0.28310451563340916,0.19780452575539734,3.3097318640192284,0.6097560881055493,0.4424020438549947,1,0,0,0,0.010101000370632515
GNLX,tb_667_668#0,bo_664#0,664,667,668,2025-09-24 00:00:00,661,2,3.0,1.6097755731655679,16,2,2.1955946394629837,126,0.25968533731277443,0.08061009806015586,1.4248026716679747,0.06122443021609958,0.9902025604784525,2,0,0,0,0.012019162435500894
GNSS,tb_407_427#0,bo_404#0,404,407,427,2024-07-02 00:00:00,403,2,1.0,1.5756727894062368,63,1,1.6813291139240507,15,0.16264958782168448,0.18250950501404223,2.9511296370435227,0.15228423754284126,0.31866754171515776,3,0,0,18,0.06607933772149559
GNSS,tb_410#0,bo_407#0,407,410,410,2024-07-08 00:00:00,403,3,3.0,2.3844751507116073,63,2,2.963928884705077,38,0.1794355488646358,0.09712229629683627,1.50471844979948,0.29949233786840956,0.2076923923379601,0,0,0,1,0.04059045460000049
GNSS,tb_668#0,bo_661#0,661,668,668,2025-07-18 00:00:00,661,1,100.0,0.6369458804153896,100,1,0.6369458804153896,21,0.10380339831425522,0.04878044241882981,0.9633586785841814,0.021621600722988132,0.13636362541696156,0,1,0,0,0.04040406168924137
GNSS,tb_713#0,bo_710#0,710,713,713,2025-09-22 00:00:00,707,2,3.0,3.2062536264586425,10,3,3.2062536264586425,99,0.1145777857467011,0.07777779053268095,1.8328163420021313,0.16203698644667708,0.027237421587420707,0,0,0,1,0.003984059960658085
GNTA,tb_627#0,bo_623#0,623,627,627,2025-05-19 00:00:00,618,3,2.0,0.10349075975359343,141,3,0.15446061372983233,35,0.2744015656764719,0.03677130783174021,0.5976643534375332,0.06637909412363596,0.4245809776826668,1,0,0,0,0.06292129100505062
GO,tb_501#0,bo_498#0,498,501,501,2024-11-13 00:00:00,498,1,,1.514372965059109,0,1,1.514372965059109,15,0.9036649029163507,0.024102528889973957,0.5201035382005961,0.035485670974493067,0.13396124459335046,0,1,0,0,0.0
GO,tb_511#0,bo_508#0,508,511,511,2024-11-27 00:00:00,508,1,10.0,1.2390796182507517,10,1,1.2390796182507517,61,0.8964070064481423,0.0332256257877055,0.8032058073791334,0.047721250144840965,0.01458821016199452,0,1,0,0,0.0
GOGO,tb_373_391#0,bo_369#0,369,373,391,2024-05-13 00:00:00,363,2,6.0,2.983181377303589,0,2,2.983181377303589,38,0.3612368508840444,0.049905813435259745,1.4671806923190105,0.09409186262290681,0.02121187025439645,0,13,0,6,0.022999954223632813
GOGO,tb_627_630#0,bo_621#0,621,627,630,2025-05-19 00:00:00,621,1,76.0,7.8776908994165025,76,3,7.8776908994165025,200,0.40955206789408927,0.055813901910527604,1.7580165497801492,0.4531043263617054,0.32508038366534203,3,1,0,0,0.04045307555731888
GOGO,tb_627_630#1,bo_622#0,622,627,630,2025-05-19 00:00:00,621,2,1.0,3.9140651478064394,76,5,7.8776908994165025,315,0.6497269084707984,0.055813901910527604,1.108156833228729,0.6327608159042637,0.32508038366534203,3,1,0,0,0.04045307555731888
GOOS,tb_624#0,bo_621#0,621,624,624,2025-05-14 00:00:00,621,1,153.0,0.7434894748592926,153,1,0.7434894748592926,12,0.33774989382322473,0.02047409330285275,0.5625451964841915,0.018539958898074138,0.5635267732309786,1,0,0,0,0.0065287778761661626
GOTU,tb_311_318#0,bo_306#0,306,311,318,2024-02-13 00:00:00,304,2,2.0,3.2566054015244243,33,1,3.2566054015244243,22,0.30931587286810747,0.07378642862215452,1.228517990096649,0.15342463784871985,0.6462743025732846,8,0,0,0,0.03184715374788941
GOTU,tb_318_319#0,bo_312#0,312,318,319,2024-02-23 00:00:00,304,3,6.0,0.8217469123288713,33,2,3.2566054015244243,40,0.3788841465057588,0.04249550173571306,0.6202427197909491,0.44657536215128024,0.474208760739135,1,0,0,1,0.05303034065949647
GPCR,tb_562#0,bo_559#0,559,562,562,2025-05-02 00:00:00,556,2,3.0,1.4527866227521289,147,1,1.4527866227521289,28,1.7660813055730586,0.057880049851761504,0.9399339895472548,0.11106347283369522,0.02547067294836114,0,0,0,1,0.00878155037644139
GPCR,tb_664_668#0,bo_659#0,659,664,668,2025-09-29 00:00:00,657,2,2.0,1.348383550828091,9,2,1.348383550828091,62,1.2455338303426977,0.05812621338191444,1.2203606363268809,0.1293303091798974,0.5138167237101585,5,0,0,0,0.024970714420784045
GPGI,tb_425_426#0,bo_420#0,420,425,426,2024-07-29 00:00:00,416,2,4.0,1.0870411800388318,47,2,2.235354870651304,72,0.21203439438556176,0.02902062825059619,0.9395439340255116,0.05084740558014578,0.6927854516779344,2,0,0,0,0.009815847483467916
GPRE,tb_660#0,bo_657#0,657,660,660,2025-07-08 00:00:00,655,2,2.0,0.8651670763302997,9,2,1.2133069985865397,80,0.36102228041033896,0.053645098694469706,1.0802653676729335,0.09932662405797577,0.6387726464395493,1,0,0,0,0.0
GPRO,tb_648_653#0,bo_641#0,641,648,653,2025-06-18 00:00:00,638,2,3.0,3.344220271090999,140,3,3.344220271090999,53,0.05422246886038736,0.18627451094972405,3.504082377824374,0.32631579041716896,1.7716011261815385,6,0,0,0,0.05917160973729659
GRAL,tb_122#0,bo_119#0,119,122,122,2024-12-05 00:00:00,115,2,4.0,1.9171367798020902,10,2,1.9171367798020902,81,0.9595835569992469,0.11466086632357764,2.7303519533270353,0.13480766401725663,0.5368138715398558,0,1,0,0,0.0
GRDX,tb_694#0,bo_689#0,689,694,694,2025-08-25 00:00:00,684,2,5.0,0.18829282234001862,211,3,186.49929004040803,45,0.23872845664921674,0.12173912051945397,1.1728805829009208,0.9726027665699275,1.8487806285016277,1,0,0,0,0.10648154127008884
GRNQ,tb_286_291#0,bo_279#0,279,286,291,2024-01-08 00:00:00,277,2,2.0,7.527821372521044,127,3,7.527821372521044,44,1.0265734755280935,0.1714285441807338,2.337874176318122,0.2600000381469727,0.3927692468046781,0,0,0,6,0.08800003051757813
GRO,tb_196_203#0,bo_193#0,193,196,203,2025-09-12 00:00:00,192,2,1.0,0.990306411953849,0,4,0.990306411953849,62,0.17125910314882686,0.18791944268297386,3.269898840313862,0.29569896091159475,0.2422159228749525,0,3,0,5,0.033195086836297356
GROY,tb_679_680#0,bo_673#0,673,679,680,2025-08-04 00:00:00,670,2,3.0,1.4183232085493465,26,3,1.4183232085493465,640,0.10278980698871558,0.0625000206960564,1.7511470449298814,0.11475408394405284,0.4201448409637063,2,0,0,0,0.06296299010801333
GROY,tb_683_684#0,bo_680#0,680,683,684,2025-08-08 00:00:00,670,3,7.0,1.4632808037057887,26,4,1.5143364805365604,668,0.12309733281002654,0.058282226311742825,1.5434945086396143,0.17622943371094024,0.27699990442503053,2,0,0,0,0.0
GRPN,tb_313_323#0,bo_306#0,306,313,323,2024-02-15 00:00:00,300,2,6.0,1.3723692721749274,24,1,1.3723692721749274,16,0.8232452807775602,0.06875687453339203,1.518381008900977,0.14285718298650618,0.07446509486343128,0,11,0,0,0.03600947999530256
GRPN,tb_313_332#0,bo_307#0,307,313,332,2024-02-15 00:00:00,300,3,1.0,1.0458544414906958,24,2,1.3723692721749274,62,0.9008706069657423,0.06875687453339203,1.387546658015821,0.18041242832870608,0.062497855334394115,0,20,0,0,0.03600947999530256
GRPN,tb_313_332#1,bo_308#0,308,313,332,2024-02-15 00:00:00,300,4,1.0,0.7952670905449187,24,3,1.3723692721749274,89,0.8922370412285827,0.06875687453339203,1.4009729951121384,0.21870392710164044,0.062497855334394115,0,20,0,0,0.03600947999530256
GRPN,tb_584_602#0,bo_581#0,581,584,602,2025-03-18 00:00:00,580,2,1.0,3.7438406886725826,16,3,10.768925748387481,142,0.9558269178898972,0.06902758877929457,1.2031462987765984,0.5209824933906566,0.6790444747042156,19,0,0,0,0.0031288634851581298
GRRR,tb_527_528#0,bo_524#0,524,527,528,2024-12-20 00:00:00,524,1,11.0,2.7015050948864165,11,1,2.7015050948864165,178,0.8598031105659022,0.15727211182186504,2.6285090169008076,0.11601302232886024,1.5192860536576862,2,0,0,0,0.0
GRUSF,tb_351_352#0,bo_348#0,348,351,352,2024-04-11 00:00:00,345,2,3.0,3.151736979645332,30,2,3.151736979645332,33,0.04974938535035907,0.11594200519873442,1.6080597327444581,0.15384624201870856,0.36363627332629944,0,0,0,2,0.0
GRWG,tb_695#0,bo_692#0,692,695,695,2025-08-26 00:00:00,684,3,7.0,1.0379467001987588,339,3,7.048364903789526,135,0.10805140919559764,0.06842105098048074,1.2031309558980285,0.5619048192117246,0.14835156809663452,0,0,0,1,0.0
GSAT,tb_665#0,bo_662#0,662,665,665,2025-07-15 00:00:00,658,2,4.0,0.9038869656929793,10,2,3.2947864757459158,102,0.9813877680400773,0.024849157296542877,0.7132764292929998,0.1479612616625665,0.46796969255375354,0,1,0,0,0.005858654358878373
GSBD,tb_665_668#0,bo_660#0,660,665,668,2025-07-15 00:00:00,657,2,3.0,0.8658960048487298,384,2,1.0388045659809333,75,0.15892072665918425,0.015024988178577505,0.9662230019330881,0.029255271967717267,0.010191267881152821,0,4,0,0,0.0008614097115327027
GSIT,tb_480_484#0,bo_473#0,473,480,484,2024-10-15 00:00:00,468,3,1.0,5.020498953244941,46,2,5.020498953244941,50,0.25382528216309785,0.1627907569889354,2.7578036361740477,0.2179487473395696,0.06442272518066913,0,5,0,0,0.08661415450450298
GSIT,tb_668_669#0,bo_665#0,665,668,669,2025-07-18 00:00:00,659,2,6.0,1.5061265409178672,55,2,3.43913634235736,121,0.24763128021557304,0.08981001456865179,2.0998961862727223,0.4067796815643707,0.013976978614570479,0,2,0,0,0.0
GSKRF,tb_350_351#0,bo_345#0,345,350,351,2024-04-10 00:00:00,341,4,1.0,5.744994601099119,306,4,7.130533135023119,122,0.029618369938813414,0.12311827780394383,3.092675290623256,0.41363955441288924,0.3324727567503173,0,0,0,2,0.07878794501525924
GSKRF,tb_396_398#0,bo_393#0,393,396,398,2024-06-14 00:00:00,393,1,17.0,0.6133811524710595,17,1,0.6133811524710595,15,0.07243365385907705,0.04595012195973948,0.651630312825929,0.09477758251427981,0.34221708065914563,0,0,0,3,0.0
GSKRF,tb_560#0,bo_553#0,553,560,560,2025-02-11 00:00:00,550,2,3.0,8.051520704690962,11,2,8.051520704690962,133,0.05838533431205798,0.07036357353163922,1.8429281076560844,0.14102214679558345,0.2694443589007447,1,0,0,0,0.02623748959498347
GSKRF,tb_564#0,bo_558#0,558,564,564,2025-02-18 00:00:00,550,3,5.0,2.705022846359779,11,3,8.051520704690962,512,0.08104960591118758,0.06461790029642829,1.3645963285819913,0.2127630547300039,0.07580032528588787,0,1,0,0,0.02623748959498347
GSKRF,tb_781_790#0,bo_778#0,778,781,790,2025-12-29 00:00:00,778,1,60.0,0.7091895999779494,60,1,0.7091895999779494,23,0.0663989781075802,0.05590064135337639,1.3554430496322132,0.04347830593924007,1.2203922914503649,3,0,0,0,0.0463353917050623
GSOL,tb_384_385#0,bo_381#0,381,384,385,2025-07-16 00:00:00,381,1,42.0,4.834383009886488,42,1,4.834383009886488,21,0.9595957375537477,0.10948141099436108,2.178000662983174,0.13461977009052228,0.20644675751073083,0,1,0,1,0.0
GSOL,tb_385#0,bo_382#0,382,385,385,2025-07-17 00:00:00,381,2,1.0,4.58816199376947,42,3,4.834383009886488,41,1.064981718152936,0.06574128119873814,1.1784249877001276,0.2584183858302833,0.23681375869740195,0,1,0,0,0.0
GSOL,tb_426#0,bo_423#0,423,426,426,2025-09-15 00:00:00,415,2,8.0,1.528873256402226,33,3,1.7492037008948884,37,1.5729613950981178,0.04699738665011971,0.686602943385452,0.14451191177675793,0.024443315176140734,0,1,0,0,0.022128543629734473
GT,tb_514#0,bo_511#0,511,514,514,2024-12-03 00:00:00,511,1,240.0,1.090110373420404,240,1,1.090110373420404,12,0.38083733427239924,0.0324617317762214,0.9452870765397886,0.05049497583615992,0.014897565253434886,0,1,0,0,0.02363638444380327
GTBIF,tb_693_706#0,bo_686#0,686,693,706,2025-08-22 00:00:00,679,3,2.0,2.8927921246038704,338,4,5.446950294651516,152,0.6478748258792407,0.08666663699679905,1.2039358558385749,0.3288889284487124,0.12420288262114018,0,0,0,14,0.1239861132644603
GTBP,tb_654_656#0,bo_651#0,651,654,656,2025-06-27 00:00:00,641,3,8.0,2.1612592663906804,10,3,4.951466859833394,74,0.23398482435391535,0.10389606931354645,1.7095119653735749,0.23880591438193322,0.03185726733306001,0,3,0,0,0.06842105098048074
GTE,tb_340_343#0,bo_337#0,337,340,343,2024-03-26 00:00:00,331,2,6.0,0.9971784131517087,164,2,1.9306963695452903,76,0.22554727304717684,0.028208784456696192,0.8867333370971932,0.15451385956947572,0.3435148974202077,4,0,0,0,0.0030075158856683617
GTE,tb_344#0,bo_339#0,339,344,344,2024-04-02 00:00:00,331,3,2.0,0.9080000308375478,164,2,1.9306963695452903,78,0.21758920950636126,0.07858046844749131,2.8494054781744875,0.1944444168497026,0.20711564652394188,1,0,0,0,0.0
GTE,tb_346_347#0,bo_343#0,343,346,347,2024-04-04 00:00:00,331,4,4.0,0.38288680625718563,164,3,1.9306963695452903,100,0.21538122171958066,0.03489770724541114,1.3464496093842289,0.24999991721577453,0.17506983451211278,2,0,0,0,0.026666699033794983
GTES,tb_662_679#0,bo_658#0,658,662,679,2025-07-10 00:00:00,651,3,4.0,0.5675200555904149,31,2,1.3243558218032716,93,0.5401018749379882,0.02428261799532652,1.1201617281080984,0.07958635233720956,0.06856078672205819,0,0,0,18,0.013744269910880506
GTN,tb_481_483#0,bo_478#0,478,481,483,2024-10-16 00:00:00,473,2,5.0,1.1371450662070464,49,2,1.1371450662070464,12,0.19543241269211808,0.03010030564623834,0.8113968836294085,0.04868917881748969,0.045267620986110334,0,3,0,0,0.0
GTN,tb_585_589#0,bo_582#0,582,585,589,2025-03-19 00:00:00,582,1,27.0,1.1164743831010273,27,2,1.1164743831010273,22,0.23773823056805515,0.05426351574634627,1.079815863047303,0.050847417073415,0.01858055254666615,0,5,0,0,0.0
GTX,tb_618_621#0,bo_615#0,615,618,621,2025-05-06 00:00:00,615,1,274.0,1.4795100468801794,274,2,1.4795100468801794,291,0.3362219995489641,0.03922443110683504,1.2953304188261543,0.10629065732022802,0.062069479097305036,0,3,0,1,0.0
GUTS,tb_324_336#0,bo_318#0,318,324,336,2025-05-20 00:00:00,312,2,6.0,0.8855589444370774,9,3,2.5325647750525984,59,0.1399327988103808,0.10143579008651316,1.565035963924793,0.3464567431721235,0.5852772791805938,13,0,0,0,0.1327683710946161
GUTS,tb_466#0,bo_463#0,463,466,466,2025-12-11 00:00:00,459,2,4.0,2.5163098403511457,46,2,3.469134949765026,93,0.13956751829016648,0.053941954278441034,0.93144963837963,0.42948724414705297,0.06304347127506982,0,1,0,0,0.017094001418896262
GVHGF,tb_378_379#0,bo_373#0,373,378,379,2024-05-20 00:00:00,367,3,5.0,3.89826440121449,94,4,33.06229227101366,198,0.818584999363348,0.17796612635181983,1.9240522209999529,0.8599999745686848,0.050688357916830684,0,2,0,0,0.24518383312068195
GVHGF,tb_378_379#1,bo_374#0,374,378,379,2024-05-20 00:00:00,367,4,1.0,3.3552094584432806,94,5,33.06229227101366,217,0.8865432123321456,0.17796612635181983,1.7765634705600986,1.2839998881022137,0.050688357916830684,0,2,0,0,0.24518383312068195
HAFC,tb_491_495#0,bo_486#0,486,491,495,2024-10-30 00:00:00,481,2,5.0,3.0055486602905743,61,1,3.0055486602905743,59,0.5086338999793193,0.035910451150400445,1.5365715983116426,0.04406774757456722,0.21375753341755915,5,0,0,0,0.04774300788107388
HAFC,tb_491_495#1,bo_487#0,487,491,495,2024-10-30 00:00:00,481,3,1.0,1.6625159819889932,61,2,3.0055486602905743,420,0.571474743953191,0.035910451150400445,1.3676062029273566,0.11573848701691003,0.21375753341755915,5,0,0,0,0.04774300788107388
HAFC,tb_623_626#0,bo_620#0,620,623,626,2025-05-13 00:00:00,617,2,3.0,0.6080085915925131,108,2,0.7217502558853633,31,0.9036805782204567,0.035102022884758506,0.9049052042999151,0.01291985668408091,0.12437655822507965,0,0,0,4,0.007227908887922893
HAPN,tb_491_499#0,bo_487#0,487,491,499,2024-10-30 00:00:00,479,3,7.0,5.850237746159921,54,3,5.850237746159921,53,0.4797322713525464,0.09055756722881304,2.9287183092441964,0.11182617502186631,0.2859690649637463,8,0,0,1,0.016642514277512333
HBAN,tb_426_427#0,bo_419#0,419,426,427,2024-07-30 00:00:00,417,2,2.0,1.701810167812643,93,1,1.701810167812643,350,0.30495581251104437,0.013770596936149508,0.6375760480198557,0.041345507191183684,0.009020724530315882,0,2,0,0,0.009953516309891632
HBM,tb_332_344#0,bo_327#0,327,332,344,2024-03-14 00:00:00,320,3,4.0,1.264745396881332,53,3,1.8422002146303542,285,0.19485050333788312,0.03597120372488444,1.2798913624102402,0.14907061254517862,0.47599597959994827,13,0,0,0,0.014641253901224638
HBM,tb_334#0,bo_331#0,331,334,334,2024-03-18 00:00:00,320,4,4.0,2.6719798408677042,53,3,2.6719798408677042,289,0.19962490703539704,0.02425112985462129,0.8495132945614497,0.23204903617354233,0.4616499630117181,1,0,0,0,0.014641253901224638
HBM,tb_624#0,bo_621#0,621,624,624,2025-05-14 00:00:00,621,1,124.0,1.1640624533985504,124,1,1.1640624533985504,11,0.3435125765649059,0.03632233647977375,0.9310123143955419,0.0118110633100168,0.30787305160855216,1,0,0,0,0.017320874168962982
HBM,tb_629_637#0,bo_622#0,622,629,637,2025-05-21 00:00:00,621,2,1.0,1.5927898472918032,124,1,1.5927898472918032,12,0.33111179423248593,0.06469921316513362,1.7204760780313648,0.09317581826058574,0.24943795357429022,9,0,0,0,0.028708079357901102
HBM,tb_629_640#0,bo_623#0,623,629,640,2025-05-21 00:00:00,621,3,1.0,1.3915310700379824,124,2,1.5927898472918032,34,0.3702816653685274,0.06469921316513362,1.538477257749353,0.1364828208151465,0.22939575702943824,11,0,0,1,0.028708079357901102
HBM,tb_653_656#0,bo_646#0,646,653,656,2025-06-26 00:00:00,641,2,5.0,1.4069440165132099,9,4,1.4069440165132099,237,0.3282443012563182,0.05794391557112218,1.8877427761891243,0.04054056064702549,0.1388490655487311,0,4,0,0,0.016194332374824597
HBM,tb_658#0,bo_653#0,653,658,658,2025-07-03 00:00:00,641,3,7.0,2.0190314234341082,9,5,2.0190314234341082,274,0.29182129420738345,0.0377358511972018,1.4384035259222931,0.11226609164407653,0.11726695534044596,0,1,0,0,0.0130840571412519
HBM,tb_772#0,bo_769#0,769,772,772,2025-12-15 00:00:00,764,2,5.0,1.1102115656446772,64,2,1.1102115656446772,41,0.7561158936855301,0.025906736775402645,0.6608912879371839,0.1100973578477562,0.5246683383014097,1,0,0,0,0.0
HBNB,tb_94_99#0,bo_89#0,89,94,99,2025-10-16 00:00:00,88,2,1.0,0.10896572369405777,26,1,0.5616838100151549,26,0.14602086418642402,0.07676348752964465,2.027107601806792,0.03225811165403902,1.2461585027471613,6,0,0,0,0.013119555515487024
HCHDF,tb_340_346#0,bo_337#0,337,340,346,2024-03-26 00:00:00,331,2,6.0,5.936038514442917,76,3,7.5650782361308675,78,0.04974648194121998,0.0,0.0,0.13669070824186424,0.4041011255480221,7,0,0,0,0.044303838735503906
HCHDF,tb_683#0,bo_680#0,680,683,683,2025-08-08 00:00:00,680,1,41.0,1.1470285125386466,41,1,1.1470285125386466,16,0.18072619870441706,0.05336427427540942,1.272643483470031,0.017811687545480792,0.3039216350839957,1,0,0,0,0.00244504364517161
HCHDF,tb_774#0,bo_771#0,771,774,774,2025-12-17 00:00:00,771,1,9.0,0.7991626570018122,9,1,0.7991626570018122,39,0.25179808103781454,0.027777751205062422,0.7148578241610627,0.020100563921860326,0.6598746022931532,1,0,0,0,0.0
HCM,tb_644#0,bo_641#0,641,644,644,2025-06-12 00:00:00,641,1,71.0,2.211626376963174,71,1,2.211626376963174,33,0.5600805398324077,0.026666641235351562,0.8570187822986278,0.03973939032689722,0.10045150991084006,0,1,0,0,0.0
HDSN,tb_681_686#0,bo_677#0,677,681,686,2025-08-06 00:00:00,673,3,3.0,6.819831735981612,11,3,6.819831735981612,260,0.26305150132041993,0.03777336964121086,1.4445844731296338,0.1340580490518024,0.07461864645680867,0,0,0,6,0.003021217091994514
HEPS,tb_379_381#0,bo_374#0,374,379,381,2024-05-21 00:00:00,372,2,2.0,1.328424453356298,35,1,1.9275203848917493,25,0.07115730750696182,0.029411805954770314,0.7026695258344601,0.03184710232218935,1.103698504016991,3,0,0,0,0.006134963492337804
HFFG,tb_591#0,bo_588#0,588,591,591,2025-03-27 00:00:00,586,2,2.0,6.78797281323877,74,2,7.746902072595679,68,0.2683902506631839,0.11885244059517874,2.161032013170721,0.4215016610776634,0.042283257602251156,0,0,0,1,0.012526084187343049
HG,tb_133_146#0,bo_128#0,128,133,146,2024-05-23 00:00:00,123,2,5.0,1.0859617200635696,0,1,3.2589371835061494,49,0.4875544178331014,0.029437551613099792,0.9679530122834635,0.09907526339005024,0.056941251593535296,0,5,0,9,0.021403121641229376
HGLB,tb_634_654#0,bo_631#0,631,634,654,2025-05-29 00:00:00,624,2,7.0,0.2777408085177175,172,1,1.3636363636363635,36,0.17944369371044402,0.031395400672939174,1.3060713461956566,0.019007907052657425,0.02728100048403543,0,4,0,17,0.008313464419774987
HIHO,tb_782#0,bo_779#0,779,782,782,2025-12-30 00:00:00,779,1,153.0,1.5904159949610386,153,1,1.5904159949610386,16,0.15970845164348682,0.10857146126883378,1.1355922821556486,0.1199999920073005,0.044585943678637996,0,1,0,0,0.05421681852344207
HITI,tb_484#0,bo_481#0,481,484,484,2024-10-21 00:00:00,481,1,26.0,1.3497423808722007,26,1,1.3497423808722007,21,0.11162515069550094,0.09122198591926942,2.3740157557187205,0.059574515142826856,0.24827578155662988,1,0,0,0,0.0
HITI,tb_515#0,bo_512#0,512,515,515,2024-12-04 00:00:00,512,1,28.0,2.0234765838887654,28,1,2.0234765838887654,27,0.1682783483895153,0.06077342462613727,1.3073564858291515,0.1398601783354365,0.03160916508417477,0,1,0,0,0.01416429255567361
HITI,tb_698#0,bo_693#0,693,698,698,2025-08-29 00:00:00,690,2,3.0,9.383525723128392,23,2,9.383525723128392,157,0.14544177072884182,0.03967167771861271,0.996962428330498,0.197986547111751,0.1279554370146201,0,0,0,1,0.022408942633617087
HIVE,tb_398_400#0,bo_395#0,395,398,400,2024-06-18 00:00:00,388,2,7.0,2.244833047689143,112,2,2.3185610768473137,35,0.19962425510708645,0.06268650916616267,1.0519753705066615,0.2325582018581125,0.40957800810191736,2,1,0,0,0.07861635055087811
HIVE,tb_404_408#0,bo_397#0,397,404,408,2024-06-27 00:00:00,388,3,2.0,3.1784883590363844,112,2,3.1784883590363844,37,0.21212499017139086,0.13186813330768368,2.2628169301771575,0.2635659251417388,0.4596872355148035,3,0,0,2,0.08333332742017395
HIVE,tb_726#0,bo_723#0,723,726,726,2025-10-09 00:00:00,721,3,1.0,2.4672027828964707,14,3,2.4672027828964707,222,0.2873986105507259,0.08297567134444617,2.0181027409792733,0.33894239806917614,0.12643679735887026,0,1,0,0,0.0
HIVE,tb_727#0,bo_724#0,724,727,727,2025-10-10 00:00:00,721,4,1.0,2.7018442347719343,14,4,2.7018442347719343,445,0.3490130023233477,0.1632653297061272,3.6674857420425746,0.4903846242018708,0.07866867933783839,0,1,0,0,0.05028734234400266
HL,tb_344#0,bo_341#0,341,344,344,2024-04-02 00:00:00,341,1,84.0,0.8679784225026496,84,1,0.8679784225026496,10,0.1939812627551872,0.031620523561551414,0.8178042029629625,0.06146551327186622,0.2504968752109642,1,0,0,0,0.0
HL,tb_345_348#0,bo_342#0,342,345,348,2024-04-03 00:00:00,341,2,1.0,1.6761462829526252,84,2,1.6761462829526252,52,0.19924705684518104,0.09506398553413725,2.5876226832194895,0.13711580430186632,0.15700699612032437,0,0,0,4,0.0
HL,tb_348_349#0,bo_345#0,345,348,349,2024-04-08 00:00:00,341,3,3.0,2.702617647108687,84,4,2.702617647108687,83,0.20918970423981084,0.04416961249818874,1.1849202766664912,0.290780212802364,0.1407368701812458,0,0,0,2,0.025641242458626493
HL,tb_693_699#0,bo_686#0,686,693,699,2025-08-22 00:00:00,682,2,4.0,0.8971054620508997,43,2,3.280428878913671,201,0.32585112345814654,0.05845768562458145,1.441328401442753,0.27168568815141914,0.8903727987312815,7,0,0,0,0.03999999260750444
HLF,tb_374_383#0,bo_371#0,371,374,383,2024-05-14 00:00:00,367,2,4.0,0.6783563832854212,25,2,1.2161354708838887,28,0.5405366305824877,0.06683802295388645,1.4430099438971524,0.12793174782777283,0.08467982782873566,0,0,0,10,0.0
HLF,tb_635#0,bo_632#0,632,635,635,2025-05-30 00:00:00,632,1,66.0,1.4975042408935955,66,1,1.4975042408935955,15,0.38230815003347407,0.03491280182839095,0.7323952853764472,0.1471471533823363,0.38668373918728993,1,0,0,0,0.013888905612975365
HLF,tb_663#0,bo_656#0,656,663,663,2025-07-11 00:00:00,654,2,2.0,1.2162863100690346,22,2,2.050516854851349,61,0.37137352195755907,0.050189456968292946,1.4271364416391452,0.10911268953990816,0.06385064823620845,0,1,0,0,0.034068057566001335
HLF,tb_663#1,bo_657#0,657,663,663,2025-07-11 00:00:00,654,3,1.0,1.3674927218860826,22,3,2.050516854851349,80,0.3927039901244438,0.050189456968292946,1.349618796787769,0.16666659043370902,0.06385064823620845,0,1,0,0,0.034068057566001335
HLLY,tb_685#0,bo_682#0,682,685,685,2025-08-12 00:00:00,681,2,1.0,1.8290755142088815,10,2,3.5273037542662116,91,0.14122271075889753,0.05747127775503971,1.4162031489762712,0.426470656983444,0.20796450249885878,0,0,0,1,0.0
HLLY,tb_686_692#0,bo_683#0,683,686,692,2025-08-13 00:00:00,681,3,1.0,1.9787629536688507,10,3,3.5273037542662116,103,0.15006395319784588,0.07880433603050825,1.9325091447556921,0.5392157664806847,0.12799354484868022,0,7,0,0,0.0
HLMN,tb_342_344#0,bo_336#0,336,342,344,2024-03-28 00:00:00,336,1,18.0,0.6619698901023185,18,1,0.6619698901023185,269,0.2602542795292758,0.019944356021670523,0.8261157241170569,0.01803610355030605,0.012236797512346223,0,3,0,0,0.00968986732098091
HLMN,tb_342_344#1,bo_337#0,337,342,344,2024-03-28 00:00:00,336,2,1.0,0.9075926345019435,18,2,0.9075926345019435,284,0.260950435117447,0.019944356021670523,0.8239118378596482,0.03406815312455436,0.012236797512346223,0,3,0,0,0.00968986732098091
HLNCF,tb_434_437#0,bo_428#0,428,434,437,2024-08-09 00:00:00,424,2,4.0,0.012535267187051566,329,2,0.4171254882371482,322,0.05303206939231847,0.0029167531761824803,0.2555031515509664,0.030357790227769632,0.1178395185810362,4,0,0,0,0.023804442549302262
HLNCF,tb_450#0,bo_447#0,447,450,450,2024-09-03 00:00:00,447,1,19.0,0.3752938676300655,19,1,0.3752938676300655,348,0.04573520829378116,0.0065006002902942795,0.6969599907976539,0.0165226161498786,0.06926257987546003,0,1,0,0,0.0065006002902942795
HLP,tb_619#0,bo_616#0,616,619,619,2025-09-17 00:00:00,613,2,3.0,0.4056818181818182,83,2,1.6873606805196137,61,0.07254881446707172,0.057692254788774884,0.8270285768318605,0.4629349290425204,0.7029703414366537,1,0,0,0,0.0
HLX,tb_346_352#0,bo_343#0,343,346,352,2024-04-04 00:00:00,343,1,127.0,0.7073727410374352,127,1,0.7073727410374352,66,0.2883552341693601,0.03462836504461488,1.4218567892244451,0.010147569661333122,0.033099551210197156,0,5,0,2,0.019591102787084813
HLX,tb_349_352#0,bo_344#0,344,349,352,2024-04-09 00:00:00,343,2,1.0,1.5121995796399526,127,1,1.5121995796399526,67,0.28561557458583436,0.018440927192043943,0.7702670533559899,0.05258299693733304,0.02895883263122956,0,4,0,0,0.019591102787084813
HNNA,tb_439_440#0,bo_436#0,436,439,440,2024-08-16 00:00:00,434,2,2.0,16.5735503560529,0,2,16.5735503560529,393,0.3125389288245091,0.2126771732675928,7.324072431073077,0.3210021060771975,0.11504212769517697,0,0,0,2,0.14995475971207445
HNRG,tb_471#0,bo_468#0,468,471,471,2024-10-02 00:00:00,465,2,3.0,2.4541367077080687,50,3,2.948145901066362,81,0.5221698022568088,0.04570566822633053,0.8713639159896895,0.3876967277372978,0.46290495783105157,1,0,0,0,0.027835000968913462
HNRG,tb_610_613#0,bo_605#0,605,610,613,2025-04-24 00:00:00,603,2,2.0,2.2500883930149875,17,3,2.2500883930149875,86,1.0509386945737669,0.049934311139811845,0.7231632375950074,0.04640717825536833,0.33509137963233915,3,0,0,1,0.05219206722149673
HNRG,tb_610_613#1,bo_606#0,606,610,613,2025-04-24 00:00:00,603,3,1.0,1.8853130485664131,17,4,2.2500883930149875,97,1.0558716367870036,0.049934311139811845,0.7197846806402542,0.07559882146980779,0.33509137963233915,3,0,0,1,0.05219206722149673
HNRG,tb_626_629#0,bo_623#0,623,626,629,2025-05-16 00:00:00,621,2,2.0,3.945293180441173,15,2,3.945293180441173,393,0.8182677440737182,0.049667239457211375,1.185432552765684,0.22606386840613313,0.027570102701844207,0,4,0,0,0.0
HNST,tb_422_425#0,bo_416#0,416,422,425,2024-07-24 00:00:00,413,2,3.0,1.163351062310919,86,2,1.6093316727161306,44,0.16445966125577144,0.09903151258515237,2.4869329973497276,0.2081910857329594,0.215939909065251,0,2,0,2,0.09823680153491117
HNVR,tb_422#0,bo_416#0,416,422,422,2024-07-24 00:00:00,416,1,,2.2881720430107526,0,1,2.2881720430107526,58,0.2791899170685881,0.019596885190858827,1.2033457195636432,0.013357287232693471,0.19611031527151712,1,0,0,0,0.014245268107727681
HNVR,tb_422#1,bo_417#0,417,422,422,2024-07-24 00:00:00,416,2,1.0,1.0665584415584415,0,1,2.2881720430107526,59,0.2928439234196127,0.019596885190858827,1.1472390744076255,0.03294762129168216,0.19611031527151712,1,0,0,0,0.014245268107727681
HOUR,tb_438_447#0,bo_435#0,435,438,447,2024-08-15 00:00:00,434,2,1.0,5.899993514495104,95,3,85.08060109289617,85,0.09286185649262799,0.049999953167778305,0.7538071699907801,0.5119047864021364,0.19123011631616696,0,0,0,10,0.0314960334281626
HOVR,tb_629_630#0,bo_624#0,624,629,630,2025-10-06 00:00:00,617,2,7.0,3.2784747283487166,66,5,3.9770973623308032,365,0.183504788973805,0.1055573404935743,1.7492723898849962,0.563953495625227,0.4243932699011681,0,2,0,0,0.05576211605081701
HOWL,tb_285_292#0,bo_282#0,282,285,292,2024-01-05 00:00:00,272,5,2.0,0.22213610345558615,29,6,0.3160590770363327,238,0.3102030119023516,0.20572451949487677,3.7072499338898703,0.6223776352027213,0.6347708873593922,8,0,0,0,0.06249999357708551
HPE,tb_395_399#0,bo_392#0,392,395,399,2024-06-13 00:00:00,391,2,1.0,1.4907992626209554,66,1,1.4907992626209554,66,0.6029258425362105,0.050684873166103726,1.7419083029017082,0.051046360767048604,0.04506327449645346,0,5,0,0,0.0014571270971596253
HPE,tb_695#0,bo_692#0,692,695,695,2025-08-26 00:00:00,692,1,76.0,1.152767188410997,76,2,1.152767188410997,125,0.5510486119420432,0.015168221937720138,0.613306313736268,0.03707212406218208,0.1813210673996244,1,0,0,0,0.002659539578160688
HROW,tb_402_403#0,bo_399#0,399,402,403,2024-06-25 00:00:00,399,1,17.0,2.2624040297113903,17,1,2.2624040297113903,16,0.938153163987974,0.03276487554250926,0.7781260860239647,0.12917851195032282,0.9172929924134023,2,0,0,0,0.0
HROW,tb_416_421#0,bo_413#0,413,416,421,2024-07-16 00:00:00,410,3,2.0,0.7434890183595937,11,3,1.1624896143720407,246,0.9163139239087709,0.020286405778189156,0.5565780630139284,0.07323683862667107,0.8329190069423321,5,1,0,0,0.005475954592247182
HRTG,tb_339_346#0,bo_336#0,336,339,346,2024-03-25 00:00:00,330,2,6.0,2.1407779272676155,12,2,4.604474177905207,78,0.5104155573254078,0.07497741161583964,1.626125833732965,0.37622377920852634,0.03544849099708389,0,8,0,0,0.0
HRTG,tb_340_346#0,bo_337#0,337,340,346,2024-03-26 00:00:00,330,3,1.0,1.6714296096513186,12,2,4.604474177905207,79,0.547528712728678,0.0505871256892817,1.0227764369681276,0.4461538482058618,0.03315569622052245,0,7,0,0,0.0
HRTX,tb_381#0,bo_378#0,378,381,381,2024-05-23 00:00:00,376,2,2.0,1.9175704607284612,45,4,1.9175704607284612,323,0.22198865203069937,0.058495767339589284,0.9459934001462028,0.1333333651224773,0.13256485139892282,0,0,0,1,0.0
HRTX,tb_387_396#0,bo_380#0,380,387,396,2024-06-03 00:00:00,376,4,1.0,1.5153402226291346,45,5,1.9175704607284612,338,0.2153371640701902,0.06153846247896873,1.1145313005910766,0.1566666762034099,0.054304615065369474,0,10,0,0,0.04105574820537586
HSAI,tb_460_465#0,bo_457#0,457,460,465,2024-12-09 00:00:00,452,2,5.0,4.067742901258447,38,4,68.74966889793087,226,0.6722515618426417,0.09834640008273478,1.6809185408860745,1.0063157332570931,0.7748894333458445,6,0,0,0,0.009443877765968316
HSAI,tb_470_473#0,bo_466#0,466,470,473,2024-12-23 00:00:00,452,4,5.0,4.439943682112293,38,9,68.74966889793087,348,0.9297635902085927,0.17499997019767682,2.7103658721718635,1.930526331851357,0.4983395705669946,0,0,0,4,0.20977011927368933
HSHP,tb_280_292#0,bo_276#0,276,280,292,2024-05-13 00:00:00,273,2,3.0,1.1941293696339472,52,1,1.1941293696339472,51,0.23420071675411375,0.012542828347766447,0.4045306443845857,0.04773547379370391,0.0937217708728659,0,1,0,12,0.017523403473687343
HSHP,tb_617_619#0,bo_614#0,614,617,619,2025-09-17 00:00:00,614,1,21.0,1.4357114201658197,21,1,1.4357114201658197,238,0.17865422751886598,0.020293081329331185,0.939628377008587,0.03155353541270278,0.02442368594629311,0,3,0,0,0.002290816434701541
HTHIF,tb_467_487#0,bo_462#0,462,467,487,2024-09-26 00:00:00,457,2,5.0,0.18526971864987052,53,1,0.8281229731482682,19,2.777345142332247,0.11413970486980868,1.185396402494592,0.08750006267177124,0.08533179631149176,0,0,0,21,0.08045982310732099
HTT,tb_620_624#0,bo_617#0,617,620,624,2025-05-08 00:00:00,617,1,54.0,2.8594111675126905,54,1,2.8594111675126905,14,0.13492996391331719,0.04006674128359155,0.8893494230545659,0.033088203390680304,0.19234993152916524,0,0,0,5,0.013651863802616761
HTZ,tb_512_513#0,bo_509#0,509,512,513,2024-11-29 00:00:00,500,3,7.0,2.7053259429677343,84,3,3.2442597170850576,81,0.2884036486454951,0.11947323086463271,2.201775989534641,0.3590504686163316,0.054395755901559095,0,2,0,0,0.013100424405900453
HTZ,tb_518#0,bo_512#0,512,518,518,2024-12-09 00:00:00,500,4,3.0,1.2003279762103645,84,4,3.2442597170850576,95,0.31890042877328323,0.12511758319731736,2.085290271985798,0.459940725035876,-0.006437711148821523,0,1,0,0,0.04449143445857815
HUIZ,tb_713_721#0,bo_706#0,706,713,721,2025-09-22 00:00:00,704,2,2.0,57.64768048311831,40,2,57.64768048311831,26,0.16553415227117035,0.2715232230737806,7.430492382485133,0.0599250347716076,0.21119324557002875,0,0,0,9,0.20519480036933208
HUIZ,tb_713_715#0,bo_707#0,707,713,715,2025-09-22 00:00:00,704,3,1.0,259.1756407495154,40,4,259.1756407495154,43,0.1629959896819681,0.2715232230737806,7.546199510135173,0.5767789954487947,0.23435000508345505,0,0,0,3,0.20519480036933208
HUMA,tb_376#0,bo_373#0,373,376,376,2024-05-16 00:00:00,373,1,16.0,2.7649668914734487,16,1,2.7649668914734487,58,0.303798086632119,0.09472933955268463,2.1889537528862117,0.1659574981834533,0.5529595246958565,1,0,0,0,0.007727931301250323
HUT,tb_403#0,bo_397#0,397,403,403,2024-06-26 00:00:00,394,2,3.0,1.7746363095219346,16,3,2.314620662307841,84,0.8539763923191286,0.060116372923269414,1.0890234361750866,0.23262833786000492,0.37715404654229556,0,1,0,0,0.050730194911674804
HUT,tb_403#1,bo_399#0,399,403,403,2024-06-26 00:00:00,394,3,2.0,2.9142058288982633,16,3,2.9142058288982633,84,0.8849081714511376,0.060116372923269414,1.0509568508681508,0.31017118117314424,0.37715404654229556,0,1,0,0,0.050730194911674804
HUYA,tb_642_643#0,bo_639#0,639,642,643,2025-06-10 00:00:00,638,2,1.0,0.38338604960878975,59,1,0.3966224992709356,23,0.070927800999066,0.03171150599814062,1.0138475006408754,0.03937008233065242,0.6813470327966855,0,2,0,0,0.004878091671215689
HWBK,tb_450#0,bo_447#0,447,450,450,2024-09-03 00:00:00,447,1,20.0,1.201271186440678,20,1,1.201271186440678,125,0.47921612187817597,0.036855021118692106,1.7827431261863886,0.027123063994392016,0.20676136636356168,1,0,0,0,0.00968414615636734
HYFT,tb_634_637#0,bo_631#0,631,634,637,2025-05-29 00:00:00,623,2,8.0,0.5090472892225648,87,3,0.5090472892225648,73,0.03211778486824213,0.05008632893858024,0.902926038745866,0.23777776924180372,3.2300980772437713,4,0,0,0,0.04129264394120906
HYLN,tb_417#0,bo_414#0,414,417,417,2024-07-17 00:00:00,412,3,1.0,2.8084627131585647,90,5,2.8084627131585647,239,0.10225096349340669,0.08267718161451057,2.0537707516126615,0.1952662204336284,0.046184742608952334,0,1,0,0,0.0
HYMC,tb_702_706#0,bo_699#0,699,702,706,2025-09-05 00:00:00,693,2,6.0,4.775137870565306,54,5,4.775137870565306,536,0.24523585224741495,0.06481803703909081,1.5250627877278102,0.3557213520207636,0.7006062801948858,5,0,0,0,0.04770637819154996
HYPR,tb_417_434#0,bo_412#0,412,417,434,2024-07-17 00:00:00,408,2,4.0,7.31166169895678,83,2,7.31166169895678,32,0.07225492634529147,0.1359999656677246,2.352780158853956,0.10880837464429449,0.08179966563435664,0,13,0,5,0.02803746647517422
HYPR,tb_419#0,bo_416#0,416,419,419,2024-07-19 00:00:00,408,3,4.0,4.62592804111936,83,3,7.31166169895678,66,0.06585426485244415,0.08372832787412554,1.609615809105698,0.24352339927089628,0.04564310837271601,0,0,0,1,0.028225779316303965
HYPR,tb_688_691#0,bo_684#0,684,688,691,2025-08-15 00:00:00,680,2,4.0,0.23121592142614936,13,2,0.23121592142614936,48,0.09149096609431048,0.11612900199056447,1.9674067859592335,0.10169492381566325,0.6889051862128295,4,0,0,0,0.07692300638503319
IAG,tb_328_342#0,bo_323#0,323,328,342,2024-03-08 00:00:00,319,2,4.0,1.5437209484630858,45,1,1.5437209484630858,33,0.1365657345439926,0.046875029103830027,1.0983728522260565,0.04182505334955433,0.41350650973395087,12,0,0,3,0.0035211235089708773
IAG,tb_327_342#0,bo_324#0,324,327,342,2024-03-07 00:00:00,319,3,1.0,1.3706162281991818,45,2,1.5437209484630858,47,0.13966818684493615,0.03236242958260776,0.7159819776538754,0.07984782912187627,0.4047078109396076,13,0,0,3,0.0035211235089708773
IAG,tb_329#0,bo_326#0,326,329,329,2024-03-11 00:00:00,319,4,2.0,1.633453862832633,45,3,1.7761315928330543,160,0.13976491479708497,0.04658388013498638,1.0732314013513793,0.14068436101103976,0.22500000558793531,0,0,0,1,0.0
IAG,tb_696_704#0,bo_693#0,693,696,704,2025-08-27 00:00:00,692,2,1.0,0.7626619350954728,53,1,0.7626619350954728,88,0.3341076584433346,0.03482042540102837,0.9577741986375071,0.07212715532719183,0.5405679432116396,9,0,0,0,0.0
IART,tb_695_715#0,bo_690#0,690,695,715,2025-08-26 00:00:00,686,2,4.0,0.9131968329675677,301,2,1.02864224423998,48,0.685370714826183,0.06855635837986765,1.5174269039446513,0.06681184401129947,0.09923451612880702,0,15,0,6,0.04067320577816947
IAUX,tb_566_575#0,bo_561#0,561,566,575,2025-02-20 00:00:00,561,1,100.0,0.33528775225500684,100,1,0.33528775225500684,18,0.03709529733065523,0.07407407679948078,1.6174557612887042,0.06291398832262063,0.04412347568391774,0,10,0,0,0.007092191985804456
IAUX,tb_565_575#0,bo_562#0,562,565,575,2025-02-19 00:00:00,561,2,1.0,0.6843011875468065,100,1,0.6843011875468065,19,0.037945630749243245,0.04358971890142828,0.8960182984092382,0.16721856886083475,0.05061093789383893,0,11,0,0,0.007092191985804456
IAUX,tb_696#0,bo_693#0,693,696,696,2025-08-27 00:00:00,688,3,1.0,0.742404438635333,42,3,2.6982343461529763,45,0.0394843128135011,0.06250001396983841,1.2663260003307482,0.18380057214886714,0.5111695269717291,1,0,0,0,0.014473654903533018
IAUX,tb_707_727#0,bo_703#0,703,707,727,2025-09-12 00:00:00,688,5,5.0,0.834559074580025,42,5,2.6982343461529763,136,0.04238971643231745,0.025531903291083152,0.5661747955088474,0.3457943864495807,0.24586972988797826,3,0,0,18,0.018518555567015038
IAUX,tb_770_776#0,bo_766#0,766,770,776,2025-12-11 00:00:00,761,2,5.0,1.06467668796894,31,3,1.06467668796894,299,0.06564304961108754,0.048951004063202935,1.0663723525571,0.16513756150078152,0.485451195321704,7,0,0,0,0.023622025071121953
IAUX,tb_772_792#0,bo_769#0,769,772,792,2025-12-15 00:00:00,761,3,3.0,0.7324316487975393,31,3,1.06467668796894,302,0.06886217293573314,0.052631529414422,1.1617397519639128,0.23853209403797182,0.4819770281308933,12,0,0,0,0.0
IAUX,tb_775#0,bo_772#0,772,775,775,2025-12-18 00:00:00,761,4,3.0,2.0061809854724344,31,4,2.0061809854724344,394,0.07343483584637048,0.06070289146120267,1.2936643422063954,0.35779814105695773,0.5033557014762591,1,0,0,0,0.019736823530408253
IBATF,tb_298_300#0,bo_293#0,293,298,300,2024-01-25 00:00:00,291,2,2.0,0.6684715727295102,81,3,2.718553774693924,64,0.06280128677673949,0.044879210058081265,0.6210069304936651,0.14166665838824422,0.03828687773613345,0,0,0,3,0.0024331311319545274
IBG,tb_257_258#0,bo_252#0,252,257,258,2025-10-07 00:00:00,247,2,5.0,52.14289064819643,50,2,95.96439470444966,36,3.433846922191787,0.4014869661790212,3.145160364390101,1.3794037783489372,0.4637840662848227,0,2,0,0,0.14350803719321015
ICHR,tb_662_665#0,bo_657#0,657,662,665,2025-07-10 00:00:00,656,2,1.0,1.0504885488290336,91,2,1.3198415960210927,46,1.0494616382962614,0.03233833580041859,0.7432388742782372,0.13594705495261938,0.01989417922079806,0,4,0,0,0.03829220766628248
ICL,tb_543_563#0,bo_540#0,540,543,563,2025-01-16 00:00:00,536,2,4.0,1.4869082663696396,22,1,1.4869082663696396,22,0.13148905876068226,0.01727119000665266,0.7379901894762071,0.08695652173913038,0.10796936283373147,1,4,0,16,0.0034904479421056112
IE,tb_638_651#0,bo_632#0,632,638,651,2025-06-04 00:00:00,625,2,7.0,0.9612461896038637,38,1,2.5926706411710634,20,0.35182319580268473,0.0495662495237537,1.1369336169483486,0.08235293045175962,0.6414816560371769,14,0,0,0,0.022929914716610208
IE,tb_641_652#0,bo_636#0,636,641,652,2025-06-09 00:00:00,625,3,4.0,1.091585292257131,38,2,2.5926706411710634,48,0.33746583049761963,0.05231867600519089,1.3038358774624519,0.11029411455339222,0.6107145392640478,12,0,0,0,0.022929914716610208
IE,tb_640_652#0,bo_637#0,637,640,652,2025-06-06 00:00:00,625,4,1.0,1.0867876354351929,38,2,2.5926706411710634,49,0.3376468535040676,0.037128677813168115,0.8885014351069349,0.1544117183008833,0.615341893910085,13,0,0,0,0.022929914716610208
IE,tb_652#0,bo_648#0,648,652,652,2025-06-25 00:00:00,625,6,7.0,0.8163683885377561,38,4,2.5926706411710634,105,0.34377789032626194,0.09179269551404383,2.472527772693686,0.2529412086447209,0.4449291046631034,1,0,0,0,0.07746482262778004
IEP,tb_314_315#0,bo_311#0,311,314,315,2024-02-16 00:00:00,306,2,5.0,1.2508137202133385,146,2,1.2508137202133385,68,0.2933438519196047,0.030654892074457207,1.2059603040611,0.07089142849061614,0.03901246836857475,0,2,0,0,0.0
IGR,tb_442_450#0,bo_439#0,439,442,450,2024-08-21 00:00:00,439,1,,0.9476687690574811,0,1,0.9476687690574811,364,0.09488168938971818,0.020033370641795837,0.9598207311706518,0.01032694264902334,0.07409683751890335,2,0,0,7,0.0
IGR,tb_443_453#0,bo_440#0,440,443,453,2024-08-22 00:00:00,439,2,1.0,1.2471761142812576,0,2,1.2471761142812576,364,0.09400708648068759,0.01818183967710625,0.8880234873845989,0.02237518806947958,0.06367764826861136,1,1,0,9,0.0
IH,tb_575_576#0,bo_570#0,570,575,576,2025-03-05 00:00:00,562,2,8.0,25.368,39,1,25.368,73,0.05967423460237244,0.050000039340388984,1.650434867978088,0.13259676636419693,0.5037562541608871,2,0,0,0,0.009661798461704606
IH,tb_575_576#1,bo_571#0,571,575,576,2025-03-05 00:00:00,562,3,1.0,3.3613795210632853,39,2,25.368,87,0.0707606174752486,0.050000039340388984,1.391853845002276,0.1436464478548145,0.5037562541608871,2,0,0,0,0.009661798461704606
IH,tb_584#0,bo_581#0,581,584,584,2025-03-18 00:00:00,562,5,3.0,5.087554019014694,39,3,25.368,110,0.11081269173479573,0.08490565259699683,2.1815563945434273,0.43093927000484533,-0.028301942769387134,0,1,0,0,0.0
IHRT,tb_634_641#0,bo_628#0,628,634,641,2025-05-29 00:00:00,621,2,7.0,0.8916860123800671,123,1,1.8716363130821632,19,0.1279950996097698,0.09655179331050105,1.0937926946500744,0.13223137320427458,0.4914994955498445,5,0,0,3,0.08759124405160874
IHS,tb_624_627#0,bo_619#0,619,624,627,2025-05-14 00:00:00,618,2,1.0,5.2709942084942085,30,3,7.512698301645882,376,0.2564958543886789,0.035772400588176684,0.8577147086963557,0.19758064748717397,0.036788316498369444,0,3,0,1,0.03872054155856552
IHS,tb_626#0,bo_623#0,623,626,626,2025-05-16 00:00:00,618,3,4.0,1.6789754845790095,30,4,7.512698301645882,398,0.2741604710023536,0.042857138532089396,0.9848246172738586,0.22379034777771767,0.023885288776901437,0,1,0,0,0.0
III,tb_624#0,bo_621#0,621,624,624,2025-05-14 00:00:00,621,1,568.0,5.170895393141669,568,1,5.170895393141669,28,0.1403055396153866,0.034136561374064664,1.1546805757204626,0.16000008005758137,0.07695628783132258,0,0,0,1,0.0
IIIV,tb_424_428#0,bo_421#0,421,424,428,2024-07-26 00:00:00,416,2,5.0,1.0982939268129144,65,3,1.3040042472382742,211,0.7460953994844213,0.023190720447745703,0.7773803780412739,0.043043468309485355,0.01273820648916848,0,5,0,0,0.01000415895822986
IKT,tb_491#0,bo_487#0,487,491,491,2024-10-30 00:00:00,479,5,5.0,1.6980940851890431,182,8,1.7552506336971705,160,0.2516099093365522,0.0795698518591693,0.8823177284118306,0.7142856679458554,0.5162454289477341,0,0,0,1,0.03968250213867144
ILAG,tb_423#0,bo_418#0,418,423,423,2024-07-25 00:00:00,416,3,1.0,0.8713925429974051,55,3,0.8713925429974051,40,0.6725086192609935,0.24411762918430457,3.702554435442591,0.4622640983198598,0.5976331721567272,0,0,0,1,0.18909090215509589
ILAG,tb_423_426#0,bo_419#0,419,423,426,2024-07-25 00:00:00,416,4,1.0,1.7283998514634726,55,4,1.7283998514634726,56,0.7651865941015518,0.24411762918430457,3.2541079395697095,0.5566037175663023,0.6310561223685532,1,0,0,3,0.18909090215509589
ILLMF,tb_537_538#0,bo_534#0,534,537,538,2025-01-07 00:00:00,534,1,72.0,2.867709815078236,72,3,2.867709815078236,235,0.06809207676659869,0.02160491760393744,0.5140093867509635,0.14503821795390248,0.45457089677930673,2,0,0,0,0.00438319941758387
ILLMF,tb_562_563#0,bo_559#0,559,562,563,2025-02-13 00:00:00,556,2,3.0,2.067012537829658,21,3,2.067012537829658,547,0.08266639820332192,0.041484729341810626,1.1491976265443722,0.13708827821751068,-0.003601736317255577,0,2,0,0,0.004444440205891927
ILLMF,tb_665#0,bo_662#0,662,665,665,2025-07-15 00:00:00,658,2,4.0,1.4583740064147261,99,2,1.8134663341645885,42,0.06881031255173058,0.07647058328542757,1.8892516311983956,0.03241374468264935,-0.01775153229781612,0,1,0,0,0.005882347166332156
ILPT,tb_424#0,bo_421#0,421,424,424,2024-07-26 00:00:00,416,4,1.0,1.7042375599143647,145,5,1.7155545808432482,357,0.25016809017895514,0.05094328567307728,1.0213165841263634,0.20585900602822238,0.06031127448092688,0,0,0,1,0.007858594792332113
IMAX,tb_428_433#0,bo_423#0,423,428,433,2024-08-01 00:00:00,419,2,4.0,3.5868206693711535,352,1,3.5868206693711535,102,0.5477238151462284,0.029836889241647103,1.1684744743593196,0.09977325905774381,0.07019316952878651,0,0,0,6,0.009955239493300355
IMDX,tb_737#0,bo_734#0,734,737,737,2025-10-24 00:00:00,724,4,2.0,9.00510928186205,18,6,9.00510928186205,621,0.34361197565300483,0.09230769990409649,1.8160021090457918,1.021341515936574,0.2835595900437553,0,0,0,1,0.03167421335175665
IMMP,tb_444_458#0,bo_439#0,439,444,458,2024-08-23 00:00:00,439,1,61.0,0.47664096827806696,61,1,0.47664096827806696,14,0.1420455285127799,0.056000041961669925,0.9856002252938143,0.04147461336638236,0.06402348730792976,0,15,0,0,0.012931022522848876
IMMX,tb_741_743#0,bo_736#0,736,741,743,2025-10-30 00:00:00,733,2,3.0,2.8201275284789724,97,3,3.651872148066016,397,0.24486050336265192,0.10000002384185791,1.6335835705402002,0.19512202213521368,1.0880346219695243,3,0,0,0,0.06094177190711819
IMNN,tb_591_596#0,bo_588#0,588,591,596,2025-03-27 00:00:00,586,2,2.0,1.329147578800576,53,2,1.329147578800576,40,0.769023973688224,0.11016948312381127,2.2049403738667945,0.15053763525396024,1.3154839188248042,0,6,0,0,0.06542059523287273
IMRN,tb_724_725#0,bo_721#0,721,724,725,2025-10-07 00:00:00,713,2,8.0,1.2893104059563907,193,4,1.2893104059563907,86,0.08238966595787091,0.04615385260303822,1.2744319066322831,0.08421050980480738,0.06715574189257145,0,2,0,0,0.013392844313413567
IMRX,tb_637_639#0,bo_633#0,633,637,639,2025-06-03 00:00:00,627,2,6.0,1.5590938040214721,91,1,1.7328680763578248,21,0.12372807961635961,0.10891090628096048,1.778092970426582,0.24999991721577453,1.3573370354723597,3,0,0,0,0.05833327924763571
IMRX,tb_640_643#0,bo_637#0,637,640,643,2025-06-06 00:00:00,627,3,4.0,2.279745851051508,91,2,2.279745851051508,50,0.14283105646282795,0.16257797799431187,2.737500107525181,0.36111108351636934,1.1837149951237105,4,0,0,0,0.0
IMRX,tb_653#0,bo_648#0,648,653,653,2025-06-26 00:00:00,627,6,2.0,22.89671427398617,91,5,92.80404875754488,98,0.24380018675119622,0.0987654112039807,1.312549992299084,0.9236110214282001,0.561128504622256,1,0,0,0,0.07581228866172467
IMTX,tb_721_724#0,bo_718#0,718,721,724,2025-10-02 00:00:00,711,4,4.0,1.716332829108334,40,3,2.1012662536592006,184,0.3658332531763052,0.07223185670218643,1.8259691142142114,0.31177439008140784,0.2197720315978643,1,0,0,3,0.030000050862630207
IMTX,tb_723_725#0,bo_720#0,720,723,725,2025-10-06 00:00:00,711,5,2.0,2.1358328544899887,40,4,2.1444995849743034,207,0.39525928209635175,0.03773581321978544,0.9107936814738472,0.49253726150136323,0.19678033858866187,0,0,0,3,0.030000050862630207
IMUX,tb_421_422#0,bo_416#0,416,421,422,2024-07-23 00:00:00,413,2,3.0,6.557893375697344,91,3,6.557893375697344,64,0.9326594742399698,0.08917195130818302,1.501083361289116,0.15624999767169356,0.4805886233533684,2,0,0,0,0.06164387319789852
IMVT,tb_668#0,bo_663#0,663,668,668,2025-07-18 00:00:00,661,2,2.0,0.9162502984939906,21,1,1.048142322638299,22,0.7317284536495636,0.06400836031157632,1.6672842326543846,0.0734162117186421,0.054718009524602707,0,1,0,0,0.05917161766760916
IMVT,tb_742_747#0,bo_739#0,739,742,747,2025-10-31 00:00:00,733,3,1.0,1.2730662127002725,70,3,1.731006471977542,172,0.9668882686985529,0.06419565534115558,1.737533032060766,0.25528265305110964,0.16001340859180813,0,0,0,6,0.015013645613228217
INBK,tb_298_299#0,bo_295#0,295,298,299,2024-01-25 00:00:00,289,2,6.0,1.2262844931710488,18,1,2.209323237103644,20,1.118007140602151,0.09458576754608332,2.5354594848037935,0.08945022867448316,0.1634782782700257,0,0,0,2,0.002209235985846233
INBS,tb_456_458#0,bo_453#0,453,456,458,2024-09-11 00:00:00,453,1,144.0,49.17012268722864,144,1,49.17012268722864,12,1.3890766910218522,0.4099999745686849,8.854802126160687,0.22480625255514486,0.2674095752384074,0,0,0,3,0.0
INBX,tb_278#0,bo_275#0,275,278,278,2025-07-10 00:00:00,274,2,1.0,2.712118888411754,16,4,2.712118888411754,199,0.8387167249050415,0.053985723409640134,1.400948856949978,0.16581960916802152,0.36939943608663683,1,0,0,0,0.0
INCR,tb_315_333#0,bo_310#0,310,315,333,2024-02-20 00:00:00,307,2,3.0,1.794233750129172,19,2,1.794233750129172,110,0.09506893147493803,0.06896551116650461,1.472615538250705,0.23448269171607272,0.7023496134367357,19,0,0,0,0.07262569720786531
INCR,tb_320_328#0,bo_315#0,315,320,328,2024-02-27 00:00:00,307,3,5.0,1.4795942798685329,19,3,1.794233750129172,155,0.11049988563077999,0.06862744525137968,1.266969507666965,0.39999993422935964,0.5978188759629909,9,0,0,0,0.06217616996354481
INCR,tb_368#0,bo_365#0,365,368,368,2024-05-06 00:00:00,365,1,29.0,2.929388142116125,29,1,2.929388142116125,20,0.15278379550970517,0.10752690652985541,2.618079319426403,0.013698616715036138,-0.04419885427355441,0,1,0,0,0.0
INDI,tb_641_651#0,bo_638#0,638,641,651,2025-06-09 00:00:00,633,2,5.0,1.302463750161447,13,1,1.9208843992445717,14,0.19860613515725828,0.04590159628667356,0.7049120933486895,0.12307699361496671,0.5778790686202586,11,0,0,0,0.06164385686785928
INDV,tb_617_618#0,bo_611#0,611,617,618,2025-05-05 00:00:00,610,2,1.0,1.0875960029729952,100,2,1.0875960029729952,46,0.557202774186474,0.02936383390136332,0.6460854594221463,0.22328049237449066,0.31497165006681127,2,0,0,0,0.02042551243558843
INDV,tb_644_658#0,bo_638#0,638,644,658,2025-06-12 00:00:00,634,3,3.0,1.712513272102227,23,3,1.9056429024804784,192,0.4784581307681474,0.042094110887458874,1.2435785469327418,0.13538206973466238,0.6961773819180822,15,0,0,0,0.04548680906395949
INDV,tb_644_664#0,bo_640#0,640,644,664,2025-06-12 00:00:00,634,4,2.0,1.7576091373656388,23,4,1.9056429024804784,213,0.5155327392348932,0.042094110887458874,1.1541464231968155,0.1686046295185173,0.676456035196273,21,0,0,0,0.04548680906395949
INDV,tb_693_694#0,bo_688#0,688,693,694,2025-08-22 00:00:00,685,2,3.0,0.5996141182443234,39,3,1.0128227624871686,470,0.7833101566350942,0.0247564414818613,0.7787447894501107,0.05248982148449732,0.05487475982148926,0,0,0,2,0.0041408026107377805
INFU,tb_506_524#0,bo_499#0,499,506,524,2024-11-20 00:00:00,498,2,1.0,4.458868401453429,24,4,4.458868401453429,130,0.3654837105401474,0.10230696393628537,2.790823307162489,0.2343324565766367,0.05615028014103942,0,11,0,8,0.060988423737845666
INFU,tb_688_708#0,bo_685#0,685,688,708,2025-08-15 00:00:00,681,2,4.0,1.97639873828326,35,2,3.4636437686668473,121,0.47156808797062416,0.05257734421754314,1.081498604107422,0.5535420162261318,0.09034033325080507,0,1,0,20,0.011664963604633947
INGN,tb_422_426#0,bo_416#0,416,422,426,2024-07-24 00:00:00,410,2,6.0,1.5026787457252133,37,2,1.5026787457252133,40,0.4342301050837864,0.06256305702375851,1.4278141434699712,0.18181818181818188,0.40940342791111234,5,0,0,0,0.06133057792168589
INMB,tb_547#0,bo_543#0,543,547,547,2025-01-23 00:00:00,540,2,3.0,2.4053070379618267,51,2,5.643357502765147,53,0.4993616372696921,0.07616711747497981,1.2415858891086466,0.22404372866175337,0.3324872902930116,0,0,0,1,0.04017856984468945
INMB,tb_549#0,bo_546#0,546,549,549,2025-01-27 00:00:00,540,3,3.0,2.7296303777014743,51,2,5.643357502765147,56,0.5238292949092858,0.13485188774840204,2.2602774413879816,0.3970856823427107,0.327433653925449,0,0,0,1,0.06501184258331659
INMB,tb_554#0,bo_551#0,551,554,554,2025-02-03 00:00:00,540,4,5.0,1.3826996827801714,51,3,5.643357502765147,126,0.6433166650519223,0.10154740572920298,1.6321669370248901,0.6502733692776499,0.07581964690209264,0,0,0,1,0.03937004178520326
INN,tb_711_713#0,bo_706#0,706,711,713,2025-09-18 00:00:00,701,2,5.0,0.35744799352867296,52,2,0.5403834836519906,35,0.16618971625374176,0.0350583588203733,1.1893686998771555,0.053113530682147525,0.004618704979857872,0,3,0,0,0.011965792425564632
INNV,tb_709_711#0,bo_706#0,706,709,711,2025-09-16 00:00:00,704,2,2.0,1.2884021087075077,80,5,2.9841623480408774,177,0.28997449896763206,0.0790430840860592,1.4242635413868718,0.14640189703086648,0.22723453230103519,0,0,0,3,0.015151449471464185
INSG,tb_449_456#0,bo_446#0,446,449,456,2024-08-30 00:00:00,440,3,1.0,0.6561532792925572,34,3,0.9610155102480831,432,0.969678431661536,0.07482989401823671,1.1343960965601454,0.15075379011672285,0.37629060463967856,4,0,0,4,0.040029126630043904
INSG,tb_695#0,bo_690#0,690,695,695,2025-08-26 00:00:00,686,2,4.0,7.766335000532085,59,2,7.766335000532085,62,0.5291467465333181,0.04712940763831832,1.0394095670778771,0.13641622626756544,0.5652550637882021,1,0,0,0,0.008138344285550466
INSG,tb_695_698#0,bo_692#0,692,695,698,2025-08-26 00:00:00,686,3,2.0,1.3688120192882478,59,3,7.766335000532085,109,0.6498765110137684,0.04712940763831832,0.8463149250876847,0.18612724639924538,0.4932030452716252,4,0,0,0,0.0
INTJ,tb_316_325#0,bo_313#0,313,316,325,2025-06-25 00:00:00,305,2,8.0,0.5268559370803759,108,2,8.256347427435792,40,2.031589473491623,0.12307690191550995,1.2600968351852107,0.2724551225196705,0.5946256363996161,8,2,0,0,0.0
INTR,tb_379_383#0,bo_376#0,376,379,383,2024-05-21 00:00:00,375,2,1.0,1.4872235098374182,50,1,1.645407937847283,27,0.21410907080367222,0.01917405758378179,0.5906458483436031,0.05000002450877461,0.07992449792131535,0,4,0,1,0.0
INUV,tb_284#0,bo_281#0,281,284,284,2024-01-04 00:00:00,281,1,14.0,3.2196815890439945,14,3,3.2196815890439945,162,0.3105282480327916,0.07843139271514356,1.288127884987751,0.194444529068325,0.1176470423239735,0,1,0,0,0.0
INUV,tb_532#0,bo_527#0,527,532,532,2024-12-30 00:00:00,524,2,3.0,2.1067468321110367,106,2,5.3944525564098464,106,0.4381105935119724,0.13793106283217257,1.8260233890304263,0.19999994550432487,0.38596497538934593,0,0,0,1,0.047619004368509764
INUV,tb_626_628#0,bo_623#0,623,626,628,2025-05-16 00:00:00,623,1,90.0,1.757511409895789,90,1,1.757511409895789,16,0.31693254030833934,0.08510630526872616,1.2620970321984586,0.04999995231628418,0.24697107777890204,0,3,0,0,0.0
INVZ,tb_531_532#0,bo_528#0,528,531,532,2024-12-27 00:00:00,521,4,5.0,9.072125867500468,63,5,22.773698087526334,158,0.13366552063204556,0.15789471372673028,2.244407913856289,1.1074379452850716,0.7254831570614403,0,2,0,0,0.0
INVZ,tb_532#0,bo_529#0,529,532,532,2024-12-30 00:00:00,521,5,1.0,5.567357326107339,63,6,22.773698087526334,183,0.1534036953455708,0.12626262504632907,1.6296869474808138,1.3002753882327132,0.70652176518634,0,1,0,0,0.0
INVZ,tb_655_661#0,bo_648#0,648,655,661,2025-06-30 00:00:00,647,2,1.0,7.4889699903009355,25,2,7.985142671700662,24,0.09127869242176402,0.115151479246421,2.081536588333805,0.41479101034214017,0.4035157279555272,0,0,0,7,0.06617649443524906
IONQ,tb_485_487#0,bo_482#0,482,485,487,2024-10-22 00:00:00,478,2,4.0,2.1382633110579934,10,3,2.7579075694600537,154,0.8014065466556771,0.09156308842531903,1.7469281033110662,0.27420993530277604,2.0224657229629166,3,0,0,0,0.0
IONR,tb_726_728#0,bo_723#0,723,726,728,2025-10-09 00:00:00,716,3,6.0,80.6490964837889,12,3,80.6490964837889,178,0.41738725081015865,0.1668711313292676,3.258364154720716,0.48072572239210065,0.20916146601575178,0,3,0,0,0.09035224098487535
IOVA,tb_443_445#0,bo_440#0,440,443,445,2024-08-22 00:00:00,436,2,4.0,0.9934457841602135,20,2,1.0227208857330707,58,0.7497350239403043,0.03171946371340732,0.5068446166079844,0.10901877216654765,0.033942188237791715,0,0,0,3,0.01775148262901972
IOVA,tb_497#0,bo_494#0,494,497,497,2024-11-07 00:00:00,489,2,5.0,1.0194606303655527,49,1,1.0194606303655527,33,0.5977093042447242,0.03277376817832048,0.6859519242890024,0.07216490146050702,-0.11563518788044558,0,1,0,0,0.0
IPI,tb_382_383#0,bo_379#0,379,382,383,2024-05-24 00:00:00,371,2,8.0,0.8198155940925782,100,2,3.6403322878697977,104,0.9752736011655072,0.03662479151857891,1.0458608297658354,0.25723778617924475,-4.849801267525766e-06,0,2,0,0,0.0
IPM,tb_303_304#0,bo_297#0,297,303,304,2024-02-01 00:00:00,289,2,8.0,4.051466753585397,11,2,11.530133525802958,145,0.26183776195972147,0.09677425309100708,1.7186225651115918,0.48262549861933546,0.08996650754081814,0,2,0,0,0.026004759578818645
IPM,tb_303_307#0,bo_298#0,298,303,307,2024-02-01 00:00:00,289,3,1.0,8.243100813870093,11,2,11.530133525802958,146,0.29242078304977415,0.09677425309100708,1.5388792869270804,0.5868726910103397,0.08529361590393134,0,5,0,0,0.026004759578818645
IPSC,tb_283#0,bo_280#0,280,283,283,2024-01-03 00:00:00,279,2,1.0,0.6588334460304375,14,1,0.6588334460304375,8,0.2650095414484512,0.12800000508626302,1.8112556115903262,0.07638881300334877,0.46546553340752705,0,0,0,1,0.0851648824901012
IPSC,tb_289_297#0,bo_282#0,282,289,297,2024-01-11 00:00:00,279,3,2.0,1.312691745799854,14,2,1.312691745799854,134,0.2582786447847174,0.11057687899064574,1.7810214240198468,0.26388887509151804,0.40314195443810724,0,0,0,9,0.0851648824901012
IPSC,tb_295_315#0,bo_288#0,288,295,315,2024-01-22 00:00:00,279,4,6.0,1.0487867745089325,14,3,1.312691745799854,168,0.30292641845855556,0.08653843949532287,1.188407062440076,0.37152773983500764,0.2668277805901204,0,2,0,19,0.051851917697674894
IQST,tb_346_348#0,bo_340#0,340,346,348,2024-04-04 00:00:00,338,2,2.0,2.582557800551656,33,3,2.582557800551656,171,1.9611793501658092,0.06075947906275297,0.9626376703844017,0.3479999286163342,0.03852482915773647,0,1,0,2,0.07692308648803507
IQST,tb_346_347#0,bo_341#0,341,346,347,2024-04-04 00:00:00,338,3,1.0,3.1004566210045663,33,3,3.1004566210045663,172,2.1469836083570906,0.06075947906275297,0.8793290798779164,0.40000001939773533,0.03886832410922214,0,0,0,2,0.07692308648803507
IRDM,tb_643_646#0,bo_640#0,640,643,646,2025-06-11 00:00:00,640,1,158.0,1.3466515384507525,158,1,1.3466515384507525,18,0.8409971073522798,0.0235816995440941,0.7957803931471297,0.047151927138233685,0.15254655979156329,3,1,0,0,0.005874125322918228
IREN,tb_628_639#0,bo_623#0,623,628,639,2025-05-20 00:00:00,620,2,3.0,1.686084179977455,108,2,1.686084179977455,35,0.5126536246841852,0.051605481133599376,0.8777852873708917,0.2359208026482824,1.392658751796236,12,0,0,0,0.027603487576297686
IRIX,tb_287_290#0,bo_284#0,284,287,290,2024-01-09 00:00:00,284,1,44.0,0.15946173976461842,44,1,0.15946173976461842,15,0.15163057921062242,0.05047321198103723,1.055196693593318,0.039568393757721365,0.011294723556516229,0,3,0,1,0.0
IRIX,tb_288#0,bo_285#0,285,288,288,2024-01-10 00:00:00,284,2,1.0,0.6849832952347459,44,1,0.6849832952347459,16,0.15222840111205574,0.031545785692238176,0.6569085815828617,0.053956869392500106,0.012903290807148471,0,1,0,0,0.0
IRS,tb_342#0,bo_339#0,339,342,342,2024-03-28 00:00:00,337,2,2.0,1.9929989181091878,72,2,2.272768435351227,64,0.3334326325948706,0.03441083612673384,0.8737456494035929,0.06071031634372015,0.24679481520939062,1,0,0,0,0.011879155750512299
ISOU,tb_714_715#0,bo_711#0,711,714,715,2025-09-23 00:00:00,704,2,7.0,1.6263513706249821,16,3,1.6263513706249821,163,0.46195366279836486,0.06577689184351158,1.493655394360352,0.10538637266398654,0.158841234697215,0,2,0,0,0.0021185916290627008
ITMSF,tb_308#0,bo_302#0,302,308,308,2024-02-08 00:00:00,296,2,6.0,1.3056834884860362,17,3,38.62532751091703,232,0.045892561113243566,0.0724637856430378,1.089501450955198,0.5227273189085577,0.10769239233796024,0,0,0,1,0.06153840510802654
ITRG,tb_485_491#0,bo_482#0,482,485,491,2024-10-22 00:00:00,482,1,16.0,1.879321538711248,16,2,1.879321538711248,37,0.05427891333781149,0.12499997671693511,2.9477371005130384,0.03960392300071258,0.032850477280242645,0,7,0,0,0.0
ITRG,tb_486_491#0,bo_483#0,483,486,491,2024-10-23 00:00:00,482,2,1.0,4.661738177334277,16,2,4.661738177334277,37,0.05468756681288428,0.07031243451638002,1.645710705638996,0.08910894478060416,0.03568005668437165,0,6,0,0,0.015873000855468576
ITRG,tb_693_697#0,bo_688#0,688,693,697,2025-08-22 00:00:00,688,1,70.0,3.675868411190196,70,1,3.675868411190196,38,0.08201925678858672,0.04060915825051112,0.9753812220165903,0.06547620103540375,0.678124941263181,5,0,0,0,0.041666627861558524
ITRG,tb_692_697#0,bo_689#0,689,692,697,2025-08-21 00:00:00,688,2,1.0,2.3454330062877795,70,2,3.675868411190196,50,0.09401788130368767,0.041025662030301654,0.8509024220290146,0.1428571529939875,0.7013888475408735,6,0,0,0,0.041666627861558524
ITRG,tb_763_775#0,bo_760#0,760,763,775,2025-12-02 00:00:00,760,1,30.0,0.5957127276414828,30,1,0.5957127276414828,11,0.2172929112128273,0.054018486957404556,0.9434277491171658,0.031347931924396555,0.24374571518865473,0,0,0,13,0.01595743163077738
ITRG,tb_768_776#0,bo_761#0,761,768,776,2025-12-09 00:00:00,760,2,1.0,0.5553347489218978,30,1,0.5957127276414828,12,0.21391483454586577,0.06766916799026822,1.262184464671255,0.09717866370499473,0.181153227642597,0,1,0,8,0.016216200542241165
ITRG,tb_768_776#1,bo_762#0,762,768,776,2025-12-09 00:00:00,760,3,1.0,1.5387020769096516,30,2,1.5387020769096516,31,0.21506377629783865,0.06766916799026822,1.2554414582239766,0.17868336144779118,0.181153227642597,0,1,0,8,0.016216200542241165
ITUB,tb_612_616#0,bo_609#0,609,612,616,2025-04-28 00:00:00,609,1,509.0,1.2576422458346874,509,1,1.2576422458346874,169,0.1418474860219253,0.01605144332754477,0.6199204782765404,0.022221707247212397,0.10493959656236038,0,0,0,5,0.0
IVA,tb_570_573#0,bo_567#0,567,570,573,2025-02-26 00:00:00,565,2,2.0,3.762780496035094,86,2,3.762780496035094,57,0.14934904166317842,0.024201075849951494,0.5222669512701766,0.061682229829631785,0.29235434060716026,2,0,0,2,0.0
IVA,tb_688_695#0,bo_685#0,685,688,695,2025-08-15 00:00:00,682,2,3.0,0.5161583978152026,80,1,1.7510749385749387,15,0.2700938805254616,0.11169729634433241,1.8030776040798822,0.048571450369698566,0.45729269422676455,5,0,0,3,0.0
IVA,tb_689_691#0,bo_686#0,686,689,691,2025-08-18 00:00:00,682,3,1.0,4.046701428247563,80,4,4.046701428247563,61,0.2615157530141738,0.07758613513709325,1.3765888002078965,0.1485714231218611,0.44235786247833925,1,0,0,2,0.0
IVA,tb_690#0,bo_687#0,687,690,690,2025-08-19 00:00:00,682,4,1.0,1.7543847089984967,80,5,4.046701428247563,78,0.2685503516213331,0.06465511261424438,1.117107879719766,0.20571422576904297,0.4712360026857185,1,0,0,0,0.030501163108637423
IVBXF,tb_594_597#0,bo_591#0,591,594,597,2025-04-01 00:00:00,591,1,21.0,0.0909785173051099,21,1,0.0909785173051099,20,0.09686156670510063,0.021138229662604764,1.3421227723552018,0.1346154445727219,0.3042682933920839,0,0,0,0,0.0
IVBXF,tb_631_633#0,bo_628#0,628,631,633,2025-05-23 00:00:00,628,1,13.0,0.21897076322884815,13,1,0.21897076322884815,13,0.11845422546388733,0.02029771286569265,1.2663127446910838,0.19114474873451504,0.6475668485335173,0,0,0,0,0.0
IVBXF,tb_677#0,bo_674#0,674,677,677,2025-07-31 00:00:00,674,1,14.0,0.37849232134422994,14,1,0.37849232134422994,14,0.40423674872239207,0.011838959560144633,0.3710687338653742,0.049565190854279795,0.20766767833328204,1,0,0,0,0.0
IVFH,tb_321#0,bo_318#0,318,321,321,2024-02-28 00:00:00,315,2,3.0,1.3165943473671864,47,2,5.198565801434198,44,0.06075536265527488,0.04990470068362557,0.8624742088279812,0.24986535191936898,0.07692312100935417,0,0,0,1,0.0
IVFH,tb_489#0,bo_486#0,486,489,489,2024-10-28 00:00:00,483,3,2.0,2.7370566653077866,89,2,2.7370566653077866,61,0.06812209939199133,0.076487247341312,1.981735613966235,0.2814814729782127,0.3212121807620334,1,0,0,0,0.07514450508575765
IVR,tb_766_767#0,bo_760#0,760,766,767,2025-12-05 00:00:00,759,2,1.0,1.0296376347734881,10,1,1.0296376347734881,343,0.12705670230909905,0.02142849519949847,1.223265893958647,0.043645783245100045,0.19170190158370048,2,0,0,0,0.006104908544707532
IVVD,tb_706#0,bo_703#0,703,706,706,2025-09-11 00:00:00,695,2,8.0,0.5207684607236711,21,2,129.64451853231103,24,0.1303756728957363,0.1620689700531476,1.8024836158893567,1.0714285030048725,0.9105689985295582,1,0,0,0,0.04651158492543967
IVZ,tb_662_665#0,bo_656#0,656,662,665,2025-07-10 00:00:00,656,1,106.0,0.7552380445969794,106,1,0.7552380445969794,66,0.34319129310223356,0.03251577751546159,1.5940231240202585,0.02536460137668084,0.31381540358221277,4,0,0,0,0.001794086764194431
IVZ,tb_673_677#0,bo_668#0,668,673,677,2025-07-25 00:00:00,668,1,12.0,7.013863497201522,12,1,7.013863497201522,116,0.38289017511054835,0.026098886943307958,1.428746625944233,0.15277774742819905,0.07636049738160122,0,0,0,5,0.0004664350311247128
IZEA,tb_672_673#0,bo_669#0,669,672,673,2025-07-24 00:00:00,664,2,5.0,5.290961817303044,39,2,5.290961817303044,295,0.18054479722103087,0.050847465454707516,1.1631464399934017,0.2583892536906476,0.09247242377957199,0,0,0,2,0.0
JBIO,tb_760_763#0,bo_753#0,753,760,763,2025-11-26 00:00:00,752,2,1.0,3.8698222936740003,35,2,4.1618846166968035,95,0.7753128911793992,0.09358876438101546,1.63804770762607,0.3006198094700645,0.4470595684965658,2,0,0,2,0.0786517249526741
JDCMF,tb_335_351#0,bo_329#0,329,335,351,2024-03-19 00:00:00,329,1,296.0,1.1023521059020225,296,1,1.1023521059020225,15,0.4126786698356222,0.016197109269367876,0.5269814014164398,0.04490773501714651,0.32494764053572084,10,7,0,0,0.06464794346616633
JDCMF,tb_335_351#1,bo_331#0,331,335,351,2024-03-19 00:00:00,329,2,2.0,0.24040240518038852,296,2,1.1023521059020225,52,0.4504519345989283,0.016197109269367876,0.4827906532542304,0.13873285169152272,0.32494764053572084,10,7,0,0,0.06464794346616633
JDCMF,tb_472_474#0,bo_469#0,469,472,474,2024-10-03 00:00:00,465,3,2.0,0.17382307294361096,25,4,4.868043844856661,395,0.9806919661074328,0.05405404164053055,1.2878711276679735,0.9204094811447214,0.07530183573992026,1,1,0,0,0.057179748547865145
JF,tb_564_566#0,bo_561#0,561,564,566,2025-02-18 00:00:00,561,1,182.0,1.9552551408987053,182,2,1.9552551408987053,78,0.06636994083127348,0.06086950842960002,1.054693319988827,0.01960782480441492,0.027082101768773237,0,0,0,3,0.0
JF,tb_565_566#0,bo_562#0,562,565,566,2025-02-19 00:00:00,561,2,1.0,2.4972481602869334,182,4,2.4972481602869334,79,0.06520065593734567,0.05217386436822859,0.9202352632341266,0.04901967888289205,0.022605152050669708,0,0,0,2,0.0
JFIN,tb_542#0,bo_539#0,539,542,542,2025-01-15 00:00:00,538,2,1.0,0.7797057714070161,68,2,0.7797057714070161,34,0.3428729373186957,0.04138851164921492,0.8635356206432064,0.023391768474044783,0.6689847168079803,1,0,0,0,0.028378392236308874
JFIN,tb_585#0,bo_582#0,582,585,585,2025-03-19 00:00:00,582,1,25.0,2.365058270292374,25,1,2.365058270292374,15,0.9014074195136189,0.12160227932262113,1.8012732431610774,0.20244154176184836,0.1822156714972405,0,1,0,0,0.0
JFIN,tb_641_648#0,bo_638#0,638,641,648,2025-06-09 00:00:00,634,2,4.0,4.358236336032389,52,2,4.358236336032389,47,1.0103567917812055,0.06238149494533493,1.088059795354965,0.25648844197741183,0.07011905200430191,0,4,0,4,0.027487687541306843
JG,tb_466#0,bo_459#0,459,466,466,2024-09-25 00:00:00,452,2,7.0,2.520800254048904,17,2,2.9340767464742536,173,0.31603362470498964,0.0827921695905455,1.6137515510279996,0.12093022275834975,0.638190967617644,1,0,0,0,0.019704492510603168
JMIA,tb_623#0,bo_620#0,620,623,623,2025-05-13 00:00:00,620,1,147.0,2.6658392908699944,147,1,2.6658392908699944,31,0.15300791999929805,0.058010996234040116,1.3724766647985083,0.19583323813147402,0.36521738349227095,1,0,0,0,0.02816898759880855
JMIA,tb_663#0,bo_656#0,656,663,663,2025-07-11 00:00:00,655,2,1.0,4.59368352268593,35,3,4.59368352268593,103,0.2541924061449529,0.09554136000435734,1.7703117732341889,0.27595627507588527,1.1685913415180469,1,0,0,0,0.05567456630282733
JMSB,tb_652_658#0,bo_649#0,649,652,658,2025-06-25 00:00:00,649,1,150.0,1.4551253849538057,150,1,1.4551253849538057,64,0.444561737030632,0.02091057820435849,0.8631449145298105,0.012943185577369176,0.08508939471069366,2,0,0,5,0.0016121953329577418
JMSB,tb_655_665#0,bo_650#0,650,655,665,2025-06-30 00:00:00,649,2,1.0,0.6707913669064748,150,1,1.4551253849538057,65,0.4350117433227876,0.02580296302385422,1.1119430289445467,0.03601580632522605,0.07744131018838897,2,0,0,9,0.007498547264484795
JOBY,tb_417#0,bo_414#0,414,417,417,2024-07-17 00:00:00,413,2,1.0,2.68787932802355,142,2,4.178753016807541,104,0.28551136127131327,0.10013003578634942,2.6969153784209827,0.2736030945353085,0.06798867180790791,0,1,0,0,0.05361931545871543
JOBY,tb_510_511#0,bo_507#0,507,510,511,2024-11-26 00:00:00,507,1,91.0,2.47552352324839,91,1,2.47552352324839,21,0.41363113240016514,0.09015423503783473,1.837386428027806,0.09677425805289541,0.34848103805758057,2,0,0,0,0.03658533181412236
JOBY,tb_512#0,bo_509#0,509,512,512,2024-11-29 00:00:00,507,2,2.0,3.134035427165489,91,2,3.134035427165489,93,0.4566513184654976,0.12004286117016351,2.4526369250890574,0.32258065508506073,0.19776541848988072,0,0,0,1,0.03658533181412236
JOBY,tb_663_665#0,bo_660#0,660,663,665,2025-07-11 00:00:00,655,2,5.0,1.5913818016145067,13,2,3.6127921788405333,123,0.6762931345727727,0.04648391230621789,0.8650095768257774,0.20656788661215963,0.6335248456871082,3,0,0,0,0.023519867286897877
JPM-PM,tb_442#0,bo_439#0,439,442,442,2024-08-21 00:00:00,439,1,,1.0774162647590912,0,1,1.0774162647590912,393,0.19146290758631762,0.011279726111290482,1.0712637652529562,0.007594755490609062,0.06850648243831281,1,0,0,0,0.0004922339868814163
JPM-PM,tb_446_458#0,bo_440#0,440,446,458,2024-08-27 00:00:00,439,2,1.0,0.9726037934337763,0,1,1.0774162647590912,394,0.1937117054433481,0.004892162339681016,0.4594523748493406,0.020253042282619704,0.04862430256402553,6,5,0,2,0.00788584160917507
JRVR,tb_315#0,bo_312#0,312,315,315,2024-02-20 00:00:00,310,2,2.0,0.8293904633321872,0,2,0.9956047328655695,39,0.42720335251750413,0.04541283512685351,1.1211901016536818,0.0937829510676289,0.06388891831087862,0,1,0,0,0.0
JRVR,tb_772#0,bo_769#0,769,772,772,2025-12-15 00:00:00,769,1,142.0,1.6525388360769766,142,1,1.6525388360769766,136,0.20920305646822226,0.018867872296501068,0.618870904538174,0.017600003805306796,0.045655408746940074,0,0,0,1,0.0
JSDA,tb_404_409#0,bo_401#0,401,404,409,2024-06-27 00:00:00,400,2,1.0,7.528686358139568,25,2,11.179617393067785,25,0.028868502876204023,0.17333337969249965,3.6025433114446552,0.23622039606737633,0.029808158869812362,0,6,0,0,0.007936523892651563
JSPR,tb_316_324#0,bo_311#0,311,316,324,2024-02-21 00:00:00,306,3,4.0,0.9833994491750259,14,3,4.597654950659718,168,1.433965439564599,0.04554653887173573,0.627629923077884,0.3760617727634883,0.5046589716909504,7,0,0,2,0.027263409057884595
JSPR,tb_327#0,bo_324#0,324,327,327,2024-03-07 00:00:00,323,2,1.0,0.9761630003606202,9,2,0.9761630003606202,249,1.4378994986466165,0.08035714285714286,1.564782519305244,0.04847062054802387,0.1614231963590358,0,0,0,1,0.007434901800260605
JVA,tb_466_468#0,bo_461#0,461,466,468,2024-09-25 00:00:00,459,2,2.0,5.943274624473581,39,2,20.448399598105354,40,0.23411611482084,0.13659798681153854,2.2050338900971593,0.5023040564975498,0.11486619949141137,0,0,0,3,0.067846604474686
JWEL,tb_509_511#0,bo_506#0,506,509,511,2024-11-25 00:00:00,502,3,2.0,2.068649119668527,32,3,845.0906877662812,239,0.3172954925572872,0.12129381214466957,1.4182364963866263,0.7031250281337034,0.05582567157852777,0,0,0,3,0.018348606461624742
JYNT,tb_374_378#0,bo_371#0,371,374,378,2024-05-14 00:00:00,367,2,4.0,0.6899116689911668,39,2,2.918195339613287,246,0.6851457819648512,0.028412455713084702,0.7078794369290061,0.28149300017123124,0.022954247156330387,0,5,0,0,0.002427124350106814
KARO,tb_363#0,bo_360#0,360,363,363,2024-04-29 00:00:00,350,5,1.0,2.5711822188158653,91,3,2.572428543651565,294,0.8729842647066329,0.07062496849863044,2.3903573542890735,0.17835604470655086,0.24618024853918619,1,0,0,0,0.05568007096783576
KAVL,tb_545_548#0,bo_540#0,540,545,548,2025-01-21 00:00:00,532,2,8.0,6.706750519855961,68,2,53.233184503531035,47,0.16121756329790918,0.14062496216501957,1.1165033378856868,0.4386792960100945,0.22578869488409814,0,4,0,0,0.10630633242959805
KBGGY,tb_215_216#0,bo_212#0,212,215,216,2024-03-28 00:00:00,209,2,3.0,0.2520477127357442,27,1,0.46320057953154536,18,0.143965874126841,0.007845367414787082,0.3154509285172331,0.043880592063721746,0.15915910943770362,0,2,0,0,0.0
KBGGY,tb_264_268#0,bo_258#0,258,264,268,2024-06-07 00:00:00,258,1,46.0,5.146646233643758,46,1,5.146646233643758,8,0.10882083583875933,0.02078540945635634,1.353541962090024,0.02609757284847869,0.1632432659246006,0,0,0,0,0.024249386424095645
KE,tb_693_695#0,bo_688#0,688,693,695,2025-08-22 00:00:00,687,2,1.0,4.661866585993042,30,3,4.661866585993042,389,0.8091441215291594,0.050727673975834435,1.8093200740772337,0.2312828106952327,0.1618811729725443,1,0,0,2,0.0025687961403383025
KE,tb_695#0,bo_692#0,692,695,695,2025-08-26 00:00:00,687,3,4.0,1.5548108275969152,30,4,4.661866585993042,448,0.928344485989637,0.015454668855454653,0.48257943143385434,0.31807345229840966,0.15604317955758007,0,0,0,1,0.0
KEY,tb_656_676#0,bo_653#0,653,656,676,2025-07-01 00:00:00,651,2,2.0,0.877875081868204,155,1,1.2306240839887206,63,0.357807307409418,0.0350583853555528,1.6892733268032103,0.04002425650409158,0.06629416159080448,0,1,0,20,0.0
KEY-PJ,tb_291#0,bo_286#0,286,291,291,2024-01-16 00:00:00,285,2,1.0,0.5972249426923539,25,1,0.5972249426923539,150,0.4420690933976198,0.022321049951473295,0.9232053960258368,0.04454225135644507,0.0609332044157902,0,0,0,1,0.014671148467946586
KEY-PJ,tb_439_459#0,bo_436#0,436,439,459,2024-08-16 00:00:00,436,1,114.0,1.0913035222252372,114,1,1.0913035222252372,361,0.3256217807422167,0.021107856321650482,1.2921336326032318,0.0018170911870190043,0.05492726218593354,4,0,0,17,0.0
KEY-PJ,tb_442#0,bo_439#0,439,442,442,2024-08-21 00:00:00,436,2,3.0,0.838811052836257,114,1,1.0913035222252372,364,0.2973333323777075,0.013085969094094931,0.8862328969166617,0.01726473253758609,0.04205857578619354,0,0,0,1,0.0
KEY-PK,tb_446_448#0,bo_442#0,442,446,448,2024-08-27 00:00:00,438,2,4.0,0.5187793850901969,143,1,1.4014311028489272,367,0.30526958141152527,0.010092265760883875,0.6631034761831333,0.029491866179355508,0.06488487148981581,0,0,0,3,0.016747490006445237
KGC,tb_413_418#0,bo_409#0,409,413,418,2024-07-11 00:00:00,404,2,5.0,0.9204039222559255,146,1,1.3610970461349554,26,0.27065121746103765,0.03365911165393129,1.128153595297599,0.07623894748717697,0.06501877305727828,0,4,0,2,0.0
KGEI,tb_508_519#0,bo_505#0,505,508,519,2024-11-22 00:00:00,502,2,3.0,8.714657980456026,344,3,8.714657980456026,157,0.1982376092388737,0.06117646834429573,1.3115573349654368,0.0755813913193184,0.8176077863052692,12,0,0,0,0.0
KGEI,tb_509_519#0,bo_506#0,506,509,519,2024-11-25 00:00:00,502,3,1.0,5.18285932429853,344,6,8.714657980456026,225,0.19193493240141163,0.06117646834429573,1.3546256911664956,0.15697673048568217,0.8126989640339018,11,0,0,0,0.0
KGEI,tb_529_533#0,bo_522#0,522,529,533,2024-12-24 00:00:00,519,4,1.0,6.988093791762847,13,5,7.9550196450345485,449,0.20139275062360293,0.07191781940413647,2.0854776301204256,0.20129877234038918,0.8091557780288376,5,0,0,0,0.059459529585983356
KIM,tb_444_464#0,bo_441#0,441,444,464,2024-08-23 00:00:00,441,1,,0.7211412985974771,0,1,0.7211412985974771,170,0.41063973513496427,0.019733980909984555,1.0238419237853016,0.008520094771490738,0.06778390640448204,6,0,0,15,0.0
KIM,tb_445_465#0,bo_442#0,442,445,465,2024-08-26 00:00:00,441,2,1.0,0.8346954424915587,0,1,0.8346954424915587,171,0.4015465516081238,0.010199734981494415,0.5462755895869181,0.02242147934187,0.067450591562448,6,0,0,15,0.0
KINS,tb_382#0,bo_379#0,379,382,382,2024-05-24 00:00:00,378,2,1.0,1.8424284962274085,36,1,2.0059520369835306,16,0.2741249465300991,0.047801147053205734,0.8973879689257404,0.08154509695852585,0.293083061053083,1,0,0,0,0.037698426624947684
KLRS,tb_774#0,bo_771#0,771,774,774,2025-12-17 00:00:00,769,2,2.0,1.0685912386898873,15,2,1.0685912386898873,48,0.7132362795212801,0.24408009683355794,3.757519672583487,0.24578652080449936,0.1401151657828248,0,0,0,1,0.04171362912433236
KLTR,tb_510_515#0,bo_507#0,507,510,515,2024-11-26 00:00:00,495,4,8.0,3.850518693866184,46,5,10.462552926714523,218,0.09626169547268691,0.06521733046028573,1.558250726961413,0.641791039464946,0.25931044813368626,3,0,0,3,0.045454609492592175
KLTR,tb_520_521#0,bo_514#0,514,520,521,2024-12-11 00:00:00,495,5,7.0,3.254892418032787,46,7,10.462552926714523,365,0.11044210715338872,0.053719053860528686,1.1770883206743412,0.7761194441466683,0.21295372146147806,0,0,0,2,0.046218541271055465
KLXE,tb_423_428#0,bo_416#0,416,423,428,2024-07-25 00:00:00,416,1,138.0,0.7946438252195598,138,1,0.7946438252195598,12,0.3262973737247951,0.07111111393681278,1.4710508196683394,0.03171643135435542,0.15913310676081213,0,6,0,0,0.03852331416060166
KNDI,tb_569#0,bo_566#0,566,569,569,2025-02-25 00:00:00,564,2,2.0,1.3953412501631215,16,2,2.1767903831482895,56,0.08028248465977282,0.11602205832956825,2.6157625767019623,0.19008265439868466,0.061349708057911734,0,1,0,0,0.05232559993113584
KOD,tb_484_487#0,bo_481#0,481,484,487,2024-10-21 00:00:00,479,2,2.0,1.3168896321070234,139,2,1.3168896321070234,36,0.16213396676207395,0.0773333231608073,1.7886440925644678,0.05633806009374043,2.2494014347945477,4,0,0,0,0.0
KOD,tb_498_501#0,bo_495#0,495,498,501,2024-11-08 00:00:00,495,1,12.0,3.047705279837021,12,1,3.047705279837021,126,0.2230550092730419,0.03651112263816889,0.8069750548318108,0.12307692495793754,1.230640981633297,4,0,0,0,0.0
KOD,tb_499_503#0,bo_496#0,496,499,503,2024-11-11 00:00:00,495,2,1.0,2.999485034799164,12,2,3.047705279837021,145,0.24355107935805725,0.09647495246888858,2.1350756576284122,0.220512849355041,1.1702337444941138,5,0,0,0,0.0
KODK,tb_394#0,bo_388#0,388,394,394,2024-06-12 00:00:00,386,3,1.0,0.9195611961771658,64,2,0.944967057383415,42,0.22485915803980935,0.04530740141565086,1.2452227225791705,0.032258079109908744,0.010101000370632551,0,1,0,0,0.006756750225933819
KODK,tb_394#1,bo_389#0,389,394,394,2024-06-12 00:00:00,386,4,1.0,1.5828288243524196,64,3,1.5828288243524196,58,0.21808347800866296,0.04530740141565086,1.2839108011660973,0.07969640945237821,0.010101000370632551,0,1,0,0,0.006756750225933819
KOPN,tb_510_524#0,bo_507#0,507,510,524,2024-11-26 00:00:00,501,2,6.0,0.9988838498635667,92,2,4.490407178616655,45,0.08452928940796747,0.12612611161318626,1.656230481474854,0.3561643611917271,0.8926386982219061,15,0,0,0,0.06481486080605124
KOPN,tb_515_516#0,bo_512#0,512,515,516,2024-12-04 00:00:00,501,3,5.0,1.1027768637788855,92,3,4.490407178616655,69,0.09567842012513968,0.11363643136891183,1.5677526360828657,0.6164382420778081,0.8084589122298516,2,0,0,0,0.0325202936851642
KPLT,tb_312_330#0,bo_305#0,305,312,330,2024-02-14 00:00:00,305,1,12.0,1.0359151882302033,12,1,1.0359151882302033,12,0.7799483068741414,0.06599998474121094,1.269314597381283,0.03424654178759057,0.4055112645337175,19,0,0,0,0.03660219266065922
KPLT,tb_313_314#0,bo_310#0,310,313,314,2024-02-15 00:00:00,305,2,5.0,1.164960866947622,12,4,1.411734519329456,104,0.7368674295755968,0.03333333333333333,0.6785481077484697,0.23972595581352674,0.38171715234215986,2,0,0,0,0.03660219266065922
KREF,tb_459_471#0,bo_452#0,452,459,471,2024-09-16 00:00:00,448,2,4.0,2.0942946042346513,187,1,2.0942946042346513,31,0.21807708855010863,0.021542123218664517,1.00827574751596,0.044368349789549066,0.018345108054946765,0,9,0,4,0.00735277948201071
KRKR,tb_616_636#0,bo_613#0,613,616,636,2025-05-02 00:00:00,613,1,62.0,0.1575906955249172,62,3,0.1575906955249172,36,0.25512115941777125,0.09515573888761154,2.1558391784909365,0.1434882787887095,0.08606252180412689,0,5,0,16,0.0
KRMD,tb_506_510#0,bo_501#0,501,506,510,2024-11-20 00:00:00,500,2,1.0,2.1970221606648197,32,3,2.1970221606648197,289,0.18493480816252214,0.11842819226642506,2.3629950498858223,0.10918546213578262,0.2632375794485447,0,0,0,5,0.03750003818422499
KRMD,tb_685_705#0,bo_682#0,682,685,705,2025-08-12 00:00:00,682,1,31.0,1.8640559045099268,31,1,1.8640559045099268,21,0.1833873006139071,0.024104971545112836,0.550746053926381,0.18711653278537033,0.06064212141629595,0,0,0,21,0.0
KRMD,tb_762#0,bo_759#0,759,762,762,2025-12-01 00:00:00,753,2,6.0,3.528127570714421,60,3,3.528127570714421,204,0.24666774825427737,0.07037648048764442,1.7432368366719575,0.21527772948697943,0.13539512143165844,0,0,0,1,0.016891875564834548
KRNT,tb_462_482#0,bo_456#0,456,462,482,2024-09-19 00:00:00,455,2,1.0,1.6984608776576706,14,3,2.646206546748311,248,1.0665936197072432,0.03034562645633701,0.707860188563506,0.24313943315732067,0.33022221862479206,21,0,0,0,0.012608735457710598
KRYXF,tb_723_729#0,bo_720#0,720,723,729,2025-10-06 00:00:00,720,1,9.0,1.2901562187061888,9,2,1.2901562187061888,18,0.0362846813869656,0.04424774559935741,1.3779906672749638,0.08132872609242758,0.29752614556410256,7,0,0,0,0.0
KSCP,tb_493#0,bo_490#0,490,493,493,2024-11-01 00:00:00,483,3,5.0,1.2166944328203833,143,6,22.59649330390561,86,2.1024983638357546,0.12397960499394466,1.1557679886811132,0.8677777184380426,0.5468868547737262,0,0,0,1,0.0
KSS,tb_286_288#0,bo_279#0,279,286,288,2024-01-08 00:00:00,268,3,8.0,0.7392227539018827,33,3,1.4426004131980312,81,1.1454512119930236,0.10016976627690115,2.1946301500683183,0.19107512714600028,0.04819204709724093,0,0,0,3,0.05777464049850066
KTGDF,tb_777_784#0,bo_774#0,774,777,784,2025-12-22 00:00:00,774,1,13.0,0.12234140928426115,13,1,0.12234140928426115,11,0.02683362879647237,0.0481727314887973,1.0807328551919972,0.02348341456945202,0.08008407715179458,0,0,0,7,0.01202754103195915
KULR,tb_350_352#0,bo_345#0,345,350,352,2024-04-10 00:00:00,336,6,1.0,3.7485335182745563,169,7,39.83228532280176,144,0.5807928559042621,0.1882353196919576,2.203884219297878,3.4374999650754026,0.008230419966231676,0,3,0,0,0.15714288025486264
KURA,tb_723_732#0,bo_720#0,720,723,732,2025-10-06 00:00:00,717,2,3.0,1.0982230008759855,11,2,1.833499707311022,164,0.4735841834612552,0.030801661481116398,0.6482483388138772,0.10047849127804342,0.2596851436971977,6,0,0,4,0.006521681215901607
KYNB,tb_531_532#0,bo_528#0,528,531,532,2024-12-27 00:00:00,528,1,70.0,2.1489816347493833,70,2,2.1489816347493833,59,0.9525809289045858,0.1935483870967742,3.1493387165013162,0.19999999999999996,0.5820845648051475,2,0,0,0,0.0
KYNB,tb_690_697#0,bo_685#0,685,690,697,2025-08-19 00:00:00,683,2,2.0,6.1229887992995,117,3,6.1229887992995,72,0.5507559562713636,0.12083688789440358,2.5691959310483443,0.16498739714595545,0.17248441397200426,0,0,0,8,0.06548670430332447
KYTX,tb_329_332#0,bo_323#0,323,329,332,2025-06-04 00:00:00,319,3,2.0,3.6054216867469875,14,2,3.6986172273576066,41,0.2179033139931421,0.04852689960726634,0.6424872680393512,0.24637681493269747,0.46085230483292566,2,0,0,2,0.030418311271305825
KYTX,tb_333_337#0,bo_329#0,329,333,337,2025-06-10 00:00:00,319,4,6.0,0.6828009035172636,14,2,3.6986172273576066,47,0.23213699582679465,0.09162301328509538,1.507729965169857,0.37681159253365126,0.3711871638743296,0,0,0,5,0.0
KZIA,tb_767_768#0,bo_764#0,764,767,768,2025-12-08 00:00:00,757,3,5.0,0.3691065278492538,114,8,2.1202898077434464,212,1.4733488891908162,0.12356319917620076,1.4592603519123588,0.7713903698146269,0.04614106618723213,0,2,0,0,0.0
LAC,tb_268_269#0,bo_262#0,262,268,269,2024-10-24 00:00:00,255,2,7.0,11.034230569173516,0,3,11.034230569173516,65,0.18812346470569466,0.11748635428231352,2.2857332945143534,0.21851848287019937,0.4689849963487772,1,0,0,1,0.04504500311877284
LAKE,tb_542#0,bo_539#0,539,542,542,2025-01-15 00:00:00,532,3,4.0,1.9103407877054548,92,3,1.9103407877054548,141,1.0837539952946893,0.03153153798172729,0.7698481107238029,0.060679725157987585,0.03060073111374506,0,1,0,0,0.015255635155516296
LAR,tb_725_730#0,bo_722#0,722,725,730,2025-10-08 00:00:00,716,2,6.0,2.5957047139988467,32,3,4.278482040620762,244,0.25057917490584874,0.10486890014565857,2.2348223590007126,0.20058140864624963,0.15521959240488584,0,1,0,5,0.04536489374479018
LAUR,tb_343_345#0,bo_340#0,340,343,345,2024-04-01 00:00:00,338,2,2.0,1.0982147264500206,0,1,1.0982147264500206,157,0.23723137750224418,0.008837533249747983,0.5479887011982139,0.020625885718212,0.13569850731008945,0,3,0,0,0.0
LAUR,tb_698#0,bo_695#0,695,698,698,2025-08-29 00:00:00,693,2,2.0,0.9236073395919001,34,1,1.0609773404607596,9,0.599431877226891,0.016470585473522342,0.7590519306563883,0.030740017237798734,0.1550218449725329,1,0,0,0,0.002540823838936969
LAW,tb_698_707#0,bo_693#0,693,698,707,2025-08-29 00:00:00,685,2,8.0,1.0018847920838732,45,2,2.227599581417229,27,0.18535065788759778,0.08193835012500275,2.508759115761438,0.15333334604899096,0.31917680841801327,10,0,0,0,0.015414243318698383
LAW,tb_769_772#0,bo_766#0,766,769,772,2025-12-10 00:00:00,766,1,31.0,0.7048149507652531,31,2,0.7048149507652531,30,0.3225390916204335,0.06147085478010164,1.7362219975536937,0.023319626499796797,0.02078308711737803,0,4,0,0,0.005656130075996191
LBCMF,tb_331_336#0,bo_326#0,326,331,336,2024-03-13 00:00:00,315,3,5.0,0.37524623942396956,24,4,3.2571102101748988,152,0.04451201356998124,0.06044609199859661,0.7975372745294264,0.5539215997419147,0.032777528794876866,0,4,0,2,0.05254000523234497
LBTYK,tb_698#0,bo_693#0,693,698,698,2025-08-29 00:00:00,688,2,5.0,0.816958409487945,0,1,1.5257359588311012,79,0.36669925274613757,0.026490041129573552,0.8726488871406333,0.024305531410156345,0.030962334013780568,0,1,0,0,0.007493767766253397
LCTX,tb_636_641#0,bo_630#0,630,636,641,2025-06-02 00:00:00,630,1,74.0,1.5386954313977277,74,1,1.5386954313977277,19,0.03427202983588646,0.14473686274399084,3.2096148034375553,0.176470656983444,0.7853359906167906,6,0,0,0,0.044117692174795525
LCTX,tb_714#0,bo_711#0,711,714,714,2025-09-23 00:00:00,707,2,4.0,1.58155476616857,18,2,1.58155476616857,343,0.0793301276396575,0.054878069611974487,1.134500045019588,0.20155038616418142,0.314465327229118,0,0,0,1,0.018518500803374947
LCUT,tb_296_302#0,bo_289#0,289,296,302,2024-01-23 00:00:00,282,2,7.0,2.190628853267571,35,4,2.3653603517491875,106,0.38443774986980067,0.06610554297423506,1.3100101232681678,0.14456022304616334,0.3499875912834008,4,0,0,3,0.07380080466039954
LCUT,tb_313_316#0,bo_310#0,310,313,316,2024-02-15 00:00:00,303,2,7.0,1.2674537603274842,14,3,2.185852608929532,237,0.4305254671604546,0.08873374011394838,1.9030017233959744,0.15566640997214987,0.1263640612596275,0,0,0,4,0.020474242589666493
LDI,tb_438_455#0,bo_434#0,434,438,455,2024-08-15 00:00:00,430,2,4.0,0.7617167183557105,150,2,3.2535311115912284,44,0.19008041547238558,0.10592462018038142,1.5519751235855344,0.10599078847328602,0.18803587252031884,0,6,0,12,0.03333339956071379
LDI,tb_439_448#0,bo_436#0,436,439,448,2024-08-16 00:00:00,430,3,2.0,0.7696022727272728,150,3,3.2535311115912284,69,0.1856050721631191,0.15739265137078176,2.6669523617546997,0.11981565959541363,0.13180860341510905,0,6,0,4,0.0
LDI,tb_444_447#0,bo_437#0,437,444,447,2024-08-23 00:00:00,430,4,1.0,1.0979004822826117,150,4,3.2535311115912284,77,0.18727614633905493,0.09062005963724291,1.5218173344655908,0.17050685370988083,0.07779342709555603,0,4,0,0,0.02846972431854284
LDI,tb_444_447#1,bo_439#0,439,444,447,2024-08-23 00:00:00,430,5,2.0,4.984509228477883,150,7,4.984509228477883,116,0.19183504114147074,0.09062005963724291,1.4856518607594336,0.294930803679337,0.07779342709555603,0,4,0,0,0.02846972431854284
LE,tb_352#0,bo_349#0,349,352,352,2024-04-12 00:00:00,342,3,5.0,2.7678385539888333,77,4,6.309811694747275,339,0.7196281186806407,0.058371751318077474,1.0561013517304092,0.2211155652852288,0.16550117586488144,0,0,0,1,0.00464040357312919
LENZ,tb_288_289#0,bo_285#0,285,288,289,2024-01-10 00:00:00,279,3,5.0,1.9480436896073112,174,3,2.398179093200038,106,0.37379339036643977,0.03460206173828926,0.891383167448163,0.1500000655926721,0.37755228119536033,1,0,0,1,0.003623204186813727
LEVI,tb_324_341#0,bo_318#0,318,324,341,2024-03-04 00:00:00,310,2,8.0,0.6347636875881443,0,1,1.1051385538093843,226,0.44436632862854225,0.01277544684619059,0.49395011062643196,0.023072535797762583,0.2308018427391498,18,0,0,0,0.01479470068696995
LEVI,tb_342_343#0,bo_337#0,337,342,343,2024-03-28 00:00:00,331,2,6.0,0.9083020980382612,13,1,0.9083020980382612,283,0.37832244722593517,0.02747258400765384,1.3578437080782655,0.024271736652131004,0.14798170164539137,2,0,0,0,0.01737772105573543
LEVI,tb_661_662#0,bo_656#0,656,661,662,2025-07-09 00:00:00,651,2,5.0,0.7416527134836994,31,1,0.9442065677443889,34,0.48154365101886853,0.02432837181887432,0.9648941322277081,0.04775123089949118,0.17476091091138435,2,0,0,0,0.006240119170906413
LEVI,tb_660_662#0,bo_657#0,657,660,662,2025-07-08 00:00:00,651,3,1.0,0.8064916978106228,31,2,0.9442065677443889,89,0.5017705797362818,0.025342050445638094,0.9645813023569547,0.06774003429002673,0.17563571322624782,3,0,0,0,0.006240119170906413
LFCR,tb_495_499#0,bo_488#0,488,495,499,2024-11-05 00:00:00,488,1,119.0,0.3021257694896904,119,1,0.3021257694896904,14,0.28863813247044895,0.03571425253915793,0.7621993265708722,0.020408188541593875,0.24107129201907912,3,0,0,2,0.042158517240638974
LFCR,tb_495_499#1,bo_489#0,489,495,499,2024-11-05 00:00:00,488,2,1.0,0.9118785165972934,119,1,0.9118785165972934,15,0.27587827540216003,0.03571425253915793,0.7974523904462826,0.042671618695874214,0.24107129201907912,3,0,0,2,0.042158517240638974
LFCR,tb_495_499#2,bo_491#0,491,495,499,2024-11-05 00:00:00,488,3,2.0,0.390769188263248,119,2,0.9118785165972934,29,0.2789970768124138,0.03571425253915793,0.7885379757565317,0.10018552416126858,0.24107129201907912,3,0,0,2,0.042158517240638974
LFCR,tb_499_502#0,bo_496#0,496,499,502,2024-11-11 00:00:00,488,4,5.0,0.7130555259511884,119,3,0.9118785165972934,51,0.273648702944348,0.06122449972588815,1.5348147890887713,0.1892393332453972,0.17073404864694391,0,1,0,3,0.029673563213186403
LFCR,tb_501_502#0,bo_498#0,498,501,502,2024-11-13 00:00:00,488,5,2.0,0.9931133488681758,119,4,2.0885391433212686,72,0.2863603617961007,0.03596130403816438,0.907947689586193,0.25046381040317156,0.16152353778388506,0,1,0,1,0.029673563213186403
LFMD,tb_334_335#0,bo_331#0,331,334,335,2024-03-18 00:00:00,331,1,68.0,1.44393970679331,68,1,1.44393970679331,11,0.5072241751869433,0.09403254271206168,2.0503753817919335,0.06205244594129078,0.1865522511248,0,0,0,2,0.0
LFMD,tb_335_342#0,bo_332#0,332,335,342,2024-03-19 00:00:00,331,2,1.0,2.3795407180142902,68,3,2.3795407180142902,62,0.5188510252660149,0.08589518326368896,1.830970195062037,0.16587116042247096,0.18773692195107666,0,7,0,1,0.0
LFST,tb_776_783#0,bo_771#0,771,776,783,2025-12-19 00:00:00,769,2,2.0,1.808317063357876,10,3,1.808317063357876,155,0.2353740195986236,0.03884182179813947,1.1683536519297295,0.06635799800508413,0.10172579098733098,4,0,0,4,0.005780341244511894
LFVN,tb_383_392#0,bo_380#0,380,383,392,2024-05-28 00:00:00,375,2,5.0,0.741207067371202,140,3,3.5425063392499667,66,0.40054542652147024,0.04713374395593712,0.8836268899976876,0.06714298451054312,0.12525963577793056,0,10,0,0,0.014725622095306479
LIEN,tb_356_374#0,bo_353#0,353,356,374,2024-04-18 00:00:00,353,1,156.0,0.9352804191732971,156,1,0.9352804191732971,33,0.21092808701177343,0.03495861255212634,1.385528607031485,0.025226827223033155,0.1248826269506678,16,0,0,3,0.0
LIEN,tb_358_378#0,bo_355#0,355,358,378,2024-04-22 00:00:00,353,2,2.0,0.7703639514731369,156,1,0.9352804191732971,35,0.20495937081034893,0.03306522783143907,1.3883530996727533,0.049444796580156325,0.12643633665706625,20,0,0,1,0.0
LILA,tb_369#0,bo_366#0,366,369,369,2024-05-07 00:00:00,363,2,3.0,0.6104407250701346,181,1,0.7773475623930827,27,0.18252655184743213,0.01388050632671174,0.42801991934467754,0.04730613560274399,0.1845310561427651,1,0,0,0,0.0
LILA,tb_406#0,bo_403#0,403,406,406,2024-07-01 00:00:00,403,1,37.0,1.3996627234709982,37,1,1.3996627234709982,196,0.18315183954399974,0.020051437853577502,0.7232959945866912,0.012021817178719196,0.1230529263503457,0,0,0,1,0.0
LILA,tb_688_708#0,bo_681#0,681,688,708,2025-08-15 00:00:00,677,2,4.0,0.6107822096744666,10,1,0.9405693022915629,95,0.18056612995382731,0.09654338471484948,3.047476480674603,0.03762674655848475,0.0996071332864363,4,0,0,17,0.041078427662415595
LILA,tb_688_708#1,bo_682#0,682,688,708,2025-08-15 00:00:00,677,3,1.0,2.799777800695765,10,3,2.799777800695765,173,0.17494726410402825,0.09654338471484948,3.1453537559382294,0.13314038920241522,0.0996071332864363,4,0,0,17,0.041078427662415595
LILAK,tb_369#0,bo_366#0,366,369,369,2024-05-07 00:00:00,363,2,3.0,0.6610017213703702,181,1,0.7309448951391914,27,0.18241096431767767,0.015124104997745243,0.46553657642085344,0.04336403449790405,0.18315004690503067,1,0,0,0,0.0
LINC,tb_421_428#0,bo_416#0,416,421,428,2024-07-23 00:00:00,414,2,2.0,1.4591707548662765,135,2,1.6969622215957147,45,0.41939852067609,0.02478749508726019,0.8345270918724146,0.0936729939339418,0.019131860576611842,0,8,0,0,0.012021096622251908
LIND,tb_418_421#0,bo_413#0,413,418,421,2024-07-18 00:00:00,402,3,8.0,0.9645823611759216,23,4,4.638134235556402,93,0.44762052159467164,0.05057680792780034,1.2734015108777361,0.23296160911216335,0.05986858919943955,0,4,0,0,0.011970544986250317
LIND,tb_418#0,bo_415#0,415,418,418,2024-07-18 00:00:00,402,4,2.0,0.7796705353800075,23,5,4.638134235556402,118,0.47162172742147634,0.05057680792780034,1.2085970924514682,0.2936802943225769,0.05219016248904573,0,1,0,0,0.011970544986250317
LIQT,tb_441_452#0,bo_438#0,438,441,452,2024-08-20 00:00:00,433,2,5.0,1.8633093525179858,224,2,1.8633093525179858,34,0.24047888235307407,0.07368414272121439,0.8732567187337026,0.12236295960967758,0.1260942747789389,0,7,0,5,0.04887222189706072
LITB,tb_736#0,bo_733#0,733,736,736,2025-10-23 00:00:00,731,3,1.0,0.9601701298125914,23,3,1.4399835758930608,136,0.1953186595861294,0.13235295148869258,2.303927584989799,0.31155772994363606,0.2752293885678947,0,1,0,0,0.0
LKNCY,tb_558#0,bo_555#0,555,558,558,2025-02-07 00:00:00,552,2,3.0,1.6921275296069147,18,3,1.6921275296069147,274,0.8468573077266008,0.022007330858592453,0.779351894811993,0.06084462502134169,0.2774604700880712,0,1,0,0,0.004723326333715489
LLDTF,tb_572_574#0,bo_569#0,569,572,574,2025-02-28 00:00:00,562,2,7.0,0.06261010977097167,75,2,1.155621301775148,82,0.016878760580072275,0.010869565973796437,0.5515812047437104,0.17948719421942538,0.1420823228393011,0,2,0,1,0.054347899458254474
LMND,tb_418#0,bo_415#0,415,418,418,2024-07-18 00:00:00,411,2,4.0,1.4216759545474336,38,4,2.2440596937352497,86,0.8063396069272153,0.08798370323985123,2.678771858477098,0.23003567014600534,0.04359320644551157,0,1,0,0,0.015604708067349001
LMNR,tb_463_464#0,bo_460#0,460,463,464,2024-09-20 00:00:00,459,2,1.0,1.5816459731034274,92,1,1.5816459731034274,14,0.9002629264089224,0.019361743277023384,0.5845611457016218,0.02542385531697522,0.06611240344161173,0,0,0,2,0.0
LNSR,tb_283#0,bo_278#0,278,283,283,2024-01-03 00:00:00,276,2,2.0,0.8440320962888667,14,2,1.7717159850209265,67,0.214753028880154,0.06763284551201197,1.3038231537401437,0.25378780729241135,0.2850122355003726,0,0,0,1,0.052478152552159624
LOCO,tb_373_383#0,bo_367#0,367,373,383,2024-05-13 00:00:00,367,1,205.0,13.34747830802603,205,1,13.34747830802603,24,0.24988540534610917,0.12593830339506473,6.042770792437348,0.16395346335684025,0.08192874168284331,0,0,0,11,0.010658881776170413
LOCO,tb_441_453#0,bo_438#0,438,441,453,2024-08-20 00:00:00,436,2,2.0,1.2262927847734413,9,2,1.2262927847734413,382,0.39238481599500014,0.04060916759723104,1.4271714826596014,0.11073545461243817,0.04176037374383064,0,0,0,13,0.011834378377890331
LOOP,tb_641#0,bo_638#0,638,641,641,2025-06-09 00:00:00,635,2,3.0,117.427140293025,67,2,117.427140293025,70,0.09697795352606084,0.30131002161800635,7.115018547238637,0.49523821309581084,0.05294112449698951,0,1,0,0,0.01734102373353568
LOVE,tb_386_387#0,bo_383#0,383,386,387,2024-05-31 00:00:00,371,3,7.0,0.9493138546506449,101,2,1.6359125946906692,101,0.9981064347254097,0.03624061737903897,1.046980695232972,0.1772575149496023,0.07900285162468379,0,2,0,0,0.02663352287158924
LPCN,tb_357_358#0,bo_350#0,350,357,358,2024-04-19 00:00:00,343,3,1.0,1.6660042800366859,12,5,3.221400446951155,259,0.41199499003287304,0.2643356421365852,4.58743410043601,0.25192316685908267,1.1921336549855193,2,0,0,0,0.11111107153545749
LPCN,tb_780#0,bo_776#0,776,780,780,2025-12-26 00:00:00,774,2,2.0,1.8221746116764863,148,3,11.55303861890031,150,0.24870721828174894,0.13142858232770646,2.774346727800999,0.3492063083586221,1.3652007343109864,1,0,0,0,0.0
LPL,tb_413_417#0,bo_408#0,408,413,417,2024-07-11 00:00:00,408,1,122.0,0.30647100559537416,122,1,0.30647100559537416,40,0.1490304900220059,0.027196675467537318,0.872305488774291,0.020785255005468795,0.004478421779740049,0,5,0,0,0.028017164082856625
LPL,tb_412_417#0,bo_409#0,409,412,417,2024-07-10 00:00:00,408,2,1.0,0.8611217174555641,122,1,0.8611217174555641,41,0.14981401554987045,0.04393306044549158,1.4017382644487446,0.07159352153387832,0.009039877107764957,0,6,0,0,0.028017164082856625
LPSN,tb_657_658#0,bo_652#0,652,657,658,2025-07-02 00:00:00,652,1,119.0,2.3015368011996324,119,1,2.3015368011996324,11,0.8300115963212995,0.14912281484497217,3.072246462623821,0.09090910592167334,0.3274427062369012,1,1,0,0,0.0412371390793379
LPSN,tb_658_661#0,bo_655#0,655,658,661,2025-07-03 00:00:00,652,2,3.0,1.705491495350876,119,2,4.630965917947572,35,1.1237921243695317,0.07017548164734685,1.067813821539883,0.31168825699961844,0.33373843297151723,1,1,0,2,0.029702958455175985
LQDA,tb_439#0,bo_436#0,436,439,439,2024-08-16 00:00:00,436,1,104.0,4.017376994583158,104,1,4.017376994583158,20,0.6343193276089826,0.03955584322414722,0.8986005470979236,0.0884520819272625,-0.16300491091593494,0,1,0,0,0.0
LRDC,tb_751#0,bo_748#0,748,751,751,2025-11-13 00:00:00,745,2,3.0,12.96733110012935,57,5,12.96733110012935,233,0.02479640348789117,0.32000001271565753,9.6788233686366,0.3529411867828105,0.8039216350839957,1,0,0,0,0.019230751596258297
LRDC,tb_753_755#0,bo_750#0,750,753,755,2025-11-17 00:00:00,745,3,2.0,1.205131304584328,57,7,12.96733110012935,291,0.04969690217971075,0.1999999682108561,3.0182963037760744,0.5294116925203272,0.5176576431931775,2,1,0,0,0.019230751596258297
LRDC,tb_765_766#0,bo_762#0,762,765,766,2025-12-04 00:00:00,762,1,12.0,4.8680582663899905,12,1,4.8680582663899905,14,0.07257939201173981,0.0869565668088043,1.102241844384755,0.013333320617675781,0.0398467728002857,0,0,0,2,0.0
LRE,tb_422_424#0,bo_419#0,419,422,424,2025-06-04 00:00:00,417,2,2.0,30.19620397896181,141,2,30.19620397896181,75,0.10260377194717807,0.05973893524440029,1.1598010071169023,0.30434779604050655,0.139796662837389,0,1,0,2,0.0
LSAK,tb_491_496#0,bo_486#0,486,491,496,2024-10-30 00:00:00,482,2,4.0,10.13356311934511,32,2,10.13356311934511,35,0.14419166459056765,0.019713285845592947,0.7628744270811337,0.04399995803833012,0.01732042408673673,0,6,0,0,0.0
LSPD,tb_506_512#0,bo_500#0,500,506,512,2024-11-20 00:00:00,497,2,3.0,1.828505874866684,30,1,3.4157814378685805,32,0.5696215456694417,0.07733046342007224,2.5631036880053544,0.16751264919465947,0.045738786868303856,0,7,0,0,0.041416905345097565
LSPD,tb_670_676#0,bo_667#0,667,670,676,2025-07-22 00:00:00,667,1,44.0,0.48143377819188293,44,1,0.48143377819188293,24,0.3680090788062494,0.045761414866358964,1.6575668694260683,0.005700378666180894,0.07400603234790491,0,7,0,0,0.0
LTBR,tb_479_480#0,bo_472#0,472,479,480,2024-10-14 00:00:00,466,2,6.0,7.199629854106239,63,1,7.199629854106239,27,0.23175144902831227,0.15789471372673028,2.5889801645178427,0.21052628748493407,2.871049206058365,2,0,0,0,0.03525637792647354
LTCN,tb_331_338#0,bo_327#0,327,331,338,2024-03-13 00:00:00,324,2,3.0,1.5310509209100758,15,2,1.9939019090935428,45,1.7197364150072982,0.05645159925804136,0.8140780216742297,0.2768729572886872,1.2266386820150652,8,0,0,0,0.011059133404959643
LTGHY,tb_464_484#0,bo_459#0,459,464,484,2024-09-23 00:00:00,459,1,19.0,29.315349835236415,19,1,29.315349835236415,12,0.11328508411560387,0.021333312988281273,0.6400526205380722,0.06836243199024139,0.06623580756180532,0,0,0,21,0.031073401406777196
LTGHY,tb_464_484#1,bo_460#0,460,464,484,2024-09-23 00:00:00,459,2,1.0,0.41936979948165326,19,1,29.315349835236415,13,0.12493890687366696,0.021333312988281273,0.5803509632862859,0.1255961426655685,0.06623580756180532,0,0,0,21,0.031073401406777196
LTH,tb_434#0,bo_431#0,431,434,434,2024-08-09 00:00:00,430,2,1.0,2.948134237424201,51,1,2.948134237424201,269,0.9771884461519699,0.051230351386078433,1.2996474352155456,0.07203573492275073,0.07336391186634028,0,0,0,1,0.04883131108730021
LTH,tb_547#0,bo_544#0,544,547,547,2025-01-23 00:00:00,544,1,82.0,2.1360470793503663,82,1,2.1360470793503663,64,0.7954523548345377,0.020055322343566908,0.7291447692385054,0.039053734446208965,0.17704686772043332,1,0,0,0,0.0
LTRN,tb_332#0,bo_327#0,327,332,332,2024-03-14 00:00:00,321,2,6.0,12.389111149765176,74,6,15.528306432185017,294,0.46586781737534855,0.2961418255891798,6.096150123844485,0.4777777989705403,0.6312925070326993,0,0,0,1,0.2357920408906003
LU,tb_321_323#0,bo_318#0,318,321,323,2024-02-28 00:00:00,317,2,1.0,0.7900670736884354,145,1,0.7900670736884354,12,0.06476295762299387,0.04483868369368636,0.960439153465118,0.06923075110321353,0.5822113439980298,2,1,0,0,0.009836048391534364
LUCD,tb_571_572#0,bo_564#0,564,571,572,2025-02-27 00:00:00,552,4,1.0,2.1511271183320857,62,5,8.548237932507476,270,0.09840753494329126,0.14268220314824942,2.3677052797693885,0.7666667505546874,0.20810806826718542,0,0,0,2,0.06289309543558136
LUD,tb_79#0,bo_76#0,76,79,79,2025-06-23 00:00:00,69,3,4.0,1.6026474820143886,0,2,2.8956521739130436,63,0.402423295602747,0.2862499952316284,5.690525342035879,0.32279917846228723,0.5632184268038538,0,1,0,0,0.012798683343598351
LUMN,tb_423_424#0,bo_420#0,420,423,424,2024-07-25 00:00:00,418,2,2.0,1.1765475924479512,90,1,1.7076049871183872,31,0.0775702703639741,0.1190475801897145,2.5783064508604845,0.06716411337870709,3.5990595285762,2,0,0,0,0.0
LUMN,tb_424#0,bo_421#0,421,424,424,2024-07-26 00:00:00,418,3,1.0,1.0095160739193028,90,2,1.7076049871183872,54,0.07631525548003527,0.0508474770330168,1.1793190340841597,0.11194027792666583,3.423728818125416,1,0,0,0,0.0
LUXE,tb_327_336#0,bo_324#0,324,327,336,2024-03-07 00:00:00,321,2,3.0,0.9324572127139364,160,2,3.709571314189262,38,0.24018084582930627,0.08542711370349715,1.4155996203416883,0.15737705789436363,0.2684491477445452,4,0,0,6,0.0
LUXE,tb_330#0,bo_327#0,327,330,330,2024-03-12 00:00:00,321,3,3.0,1.9774872912127812,160,3,3.709571314189262,55,0.23528693010789467,0.04522614720969393,0.7650236529273435,0.25573769953583425,0.17811705745371986,0,0,0,1,0.0
LUXE,tb_546#0,bo_543#0,543,546,546,2025-01-22 00:00:00,543,1,20.0,4.216740517734857,20,2,4.216740517734857,68,0.4852179724473789,0.14325072272134678,3.215050777588167,0.1049869032479871,0.29937631483386884,0,0,0,1,0.010288104806842202
LVWR,tb_641_642#0,bo_638#0,638,641,642,2025-06-09 00:00:00,633,2,5.0,1.2857272106625453,33,2,52.41611242843098,100,0.6210308535940191,0.13405237538385759,1.4008963975368272,1.2187499825377013,0.3599803901865576,0,2,0,0,0.0017605197793822156
LVWR,tb_649_651#0,bo_642#0,642,649,651,2025-06-20 00:00:00,633,3,4.0,0.7041958792988297,33,4,52.41611242843098,183,0.7717402200951915,0.4202898520143008,4.922640659972807,1.921875072759578,0.08048411970017821,0,0,0,3,0.1195499140184153
LVWR,tb_711#0,bo_708#0,708,711,711,2025-09-18 00:00:00,703,2,5.0,0.5202667872960435,61,2,3.259801900903341,37,0.4358553390101548,0.06719853174733684,0.8695539004838889,0.4915254990693594,0.14795007200580912,0,0,0,1,0.0
LWAY,tb_341#0,bo_338#0,338,341,341,2024-03-27 00:00:00,336,2,2.0,4.486994219653179,85,2,4.6048535241225945,48,0.9169533179269884,0.08159104190058677,1.744909310200157,0.5142331727499965,0.48008281030899735,1,0,0,0,0.0
LWAY,tb_345_348#0,bo_339#0,339,345,348,2024-04-03 00:00:00,336,3,1.0,4.650139134834303,85,3,4.650139134834303,82,1.002885147495401,0.06833248908113458,1.3361451766779062,0.6078971236780686,0.470815567990143,2,2,0,0,0.10915678317017921
LX,tb_513_515#0,bo_510#0,510,513,515,2024-12-02 00:00:00,510,1,40.0,4.019142034812006,40,1,4.019142034812006,13,0.22322125778129434,0.09810974190791005,2.142221693338055,0.2558822779570791,0.5800159547360361,3,0,0,0,0.0
LX,tb_514_523#0,bo_511#0,511,514,523,2024-12-03 00:00:00,510,2,1.0,3.198759989910114,40,2,4.019142034812006,40,0.27182937679998803,0.08602150997068213,1.549346696388312,0.44117626138495414,0.49591633855420014,10,0,0,0,0.0
LXRX,tb_309#0,bo_303#0,303,309,309,2024-02-09 00:00:00,297,2,6.0,1.656132416473405,17,2,3.976712391379162,107,0.14794372102283107,0.0491803775260399,0.8111200877470318,0.23749999348074202,0.5606693955450841,1,0,0,0,0.037558759542899
LYG,tb_613#0,bo_608#0,608,613,613,2025-04-29 00:00:00,608,1,,0.8622853175312348,0,1,0.8622853175312348,33,0.11994343678266792,0.012499988079071017,0.39536844614965344,0.040322474922454,0.0804020391078526,0,0,0,1,0.0
MAC,tb_464_466#0,bo_461#0,461,464,466,2024-09-23 00:00:00,459,2,2.0,1.2562856053004734,85,2,1.2562856053004734,84,0.4465566875994809,0.01686346986903947,0.6310820832966744,0.01637380816203149,0.1604238306246469,3,0,0,0,0.00453254453253763
MAC,tb_696_698#0,bo_693#0,693,696,698,2025-08-27 00:00:00,686,2,7.0,1.202915399998331,16,1,1.481085602836814,98,0.4877773578141639,0.01890871837611376,0.6934171349826234,0.03958689649674607,0.027677714719123763,0,0,0,3,0.004415022819610705
MAIA,tb_345_351#0,bo_339#0,339,345,351,2024-04-03 00:00:00,337,2,2.0,12.176681162494697,118,2,12.176681162494697,91,0.18975269455197852,0.25732898339791216,4.163313536697232,0.5454545388865404,1.338444246918799,7,0,0,0,0.11290321340173895
MAMA,tb_510_516#0,bo_507#0,507,510,516,2024-11-26 00:00:00,507,1,98.0,1.294248842177119,98,1,1.294248842177119,7,0.38731347251407916,0.03797464916251698,0.929478787144849,0.0272512449461757,0.03207925997404924,0,7,0,0,0.0
MAMA,tb_511_516#0,bo_508#0,508,511,516,2024-11-27 00:00:00,507,2,1.0,0.9619052076142786,98,2,1.294248842177119,63,0.39679104619802746,0.04460583919725951,1.083694577526278,0.08530809275183748,0.025623230537977586,0,6,0,0,0.0
MANA,tb_57#0,bo_54#0,54,57,57,2024-09-27 00:00:00,54,1,,,0,1,0.0,20,1.3158327138583574,0.011299424374029993,0.12159588808439713,0.057646139329300405,0.2142857142857142,0,1,0,0,0.0
MAPS,tb_510_522#0,bo_504#0,504,510,522,2024-11-26 00:00:00,502,2,2.0,3.9410445069814593,161,2,6.371272262548554,44,0.08450437212933017,0.10791365302292034,1.7750558033680652,0.21495321766550757,0.24686635033316134,0,0,0,13,0.01666674945089223
MAPS,tb_510_522#1,bo_505#0,505,510,522,2024-11-26 00:00:00,502,3,1.0,2.0738564675175586,161,6,6.371272262548554,107,0.08832548922324171,0.10791365302292034,1.6982637455765321,0.4018692044318839,0.24686635033316134,0,0,0,13,0.01666674945089223
MARUF,tb_622_642#0,bo_619#0,619,622,642,2025-05-12 00:00:00,611,3,7.0,0.5326119119076805,40,3,0.5326119119076805,175,0.711956123401956,0.0384615495991239,1.0531640750127844,0.09007449279712176,0.10303120150475505,5,0,0,16,0.021052595162610137
MASS,tb_719_726#0,bo_716#0,716,719,726,2025-09-30 00:00:00,713,2,3.0,2.0417252884190216,65,4,2.0417252884190216,394,0.37804893777095633,0.08191129353281872,1.9045160430129973,0.12602740441864735,0.04986731280478732,0,8,0,0,0.025547449066309947
MATH,tb_543_553#0,bo_536#0,536,543,553,2025-01-16 00:00:00,530,2,6.0,3.2897042151911777,59,5,4.233821376281113,153,0.10106723371788673,0.10776361225430091,1.8403589637050144,0.6161616246756965,0.7374185410198305,11,0,0,0,0.1174698416649258
MATV,tb_686_687#0,bo_683#0,683,686,687,2025-08-13 00:00:00,682,2,1.0,2.3464099487351278,25,2,2.699590188275821,117,0.44999042743724066,0.08576483033072083,2.0751812177361746,0.4952228796993525,0.14477019907360666,0,0,0,2,0.0
MAUTF,tb_277_279#0,bo_274#0,274,277,279,2025-09-24 00:00:00,274,1,18.0,1.5532944231153327,18,1,1.5532944231153327,12,0.19102459457216242,0.03320314064330922,0.8899381604483668,0.054054001807470664,0.0819426604545664,0,0,0,3,0.0003974274673550861
MAUTF,tb_325_326#0,bo_322#0,322,325,326,2025-12-02 00:00:00,322,1,48.0,0.6704779756326148,48,1,0.6704779756326148,29,0.284575683899714,0.048765355392895594,1.103397610775355,0.04059036662266635,0.6738908125114866,2,0,0,0,0.006369496393919111
MAX,tb_314_315#0,bo_308#0,308,314,315,2024-02-16 00:00:00,308,1,32.0,1.5593429376428685,32,1,1.5593429376428685,8,0.5738301513228125,0.05907431562252107,1.6903961299222976,0.08781642614935681,0.42934156749850794,2,0,0,0,0.0034340789350182977
MBFJF,tb_625_629#0,bo_622#0,622,625,629,2025-05-15 00:00:00,622,1,69.0,14.414119954240888,69,1,14.414119954240888,15,0.33647432981433995,0.053900723994350426,2.225888252144059,0.050283925239953176,0.10065587355967183,4,1,0,0,0.0
MBFJF,tb_627_629#0,bo_624#0,624,627,629,2025-05-19 00:00:00,622,2,2.0,0.5458172629339009,69,1,14.414119954240888,17,0.33064809263598594,0.03402776278463371,1.4603986517689909,0.08191409956651863,0.09343753911854284,2,1,0,0,0.0
MBFJF,tb_676#0,bo_673#0,673,676,676,2025-07-30 00:00:00,673,1,49.0,5.6138728749562565,49,1,5.6138728749562565,46,0.41459422345953195,0.0,0.0,0.15814319774978847,0.1278689108665252,0,0,0,0,0.0
MBI,tb_695_699#0,bo_692#0,692,695,699,2025-08-26 00:00:00,691,2,1.0,1.8677529310032779,11,2,6.845056414450056,121,0.4250283255605726,0.05018815922963216,0.9411128493676543,0.13914370836697554,0.028505211718352408,0,1,0,4,0.0
MBI,tb_696_699#0,bo_693#0,693,696,699,2025-08-27 00:00:00,691,3,1.0,1.2257292925307623,11,3,6.845056414450056,131,0.4218120247663116,0.04842616032488658,0.9482899298307961,0.1743119072071968,0.024239105497037172,0,1,0,3,0.0
MBRFY,tb_442_462#0,bo_437#0,437,442,462,2024-08-21 00:00:00,437,1,23.0,2.567252325409715,23,2,2.567252325409715,30,0.0696311883351107,0.022556498953729937,0.7384738456690294,0.022421475713659822,0.07278432985144423,0,1,0,20,0.04511278745940501
MBRFY,tb_593_597#0,bo_586#0,586,593,597,2025-03-31 00:00:00,584,2,2.0,3.666728452270621,92,2,9.440287769784172,37,0.16775635780742654,0.12000002179827009,2.50363134836343,0.4056224845762808,0.4134194498592034,5,0,0,0,0.07999999182564872
MBRFY,tb_610_611#0,bo_607#0,607,610,611,2025-04-24 00:00:00,607,1,21.0,0.9458323324525583,21,1,0.9458323324525583,21,0.18889040440038177,0.026315764707211,0.5294070122302424,0.005698000279445559,0.3179122905700469,2,0,0,0,0.0
MBRFY,tb_611#0,bo_608#0,608,611,611,2025-04-25 00:00:00,607,2,1.0,1.7687366167023555,21,1,1.7687366167023555,22,0.21111251837178308,0.028423746343324244,0.5210486613688541,0.031339001536950795,0.29350653050178743,1,0,0,0,0.0
MBRFY,tb_752_753#0,bo_749#0,749,752,753,2025-11-14 00:00:00,749,1,40.0,0.45413858923561906,40,1,0.45413858923561906,10,0.20979220120815104,0.05111111534966363,1.0963230174856955,0.06628242569946141,0.05626877437709943,0,2,0,0,0.0
MCHX,tb_440_443#0,bo_437#0,437,440,443,2024-08-19 00:00:00,428,3,8.0,1.0366911274182788,38,3,1.9266352614101474,230,0.12450952950280257,0.0511628505279696,0.8834675864061338,0.18390800660282447,0.007263656831004273,0,0,0,4,0.019417457749564656
MCS,tb_426_427#0,bo_423#0,423,426,427,2024-07-30 00:00:00,423,1,325.0,0.6405843888335443,325,1,0.6405843888335443,21,0.38964701364171084,0.01496059710526052,0.47066577049121544,0.03445294966458157,0.21863181964386225,2,0,0,0,0.0
MD,tb_434_439#0,bo_431#0,431,434,439,2024-08-09 00:00:00,426,2,5.0,0.993331076249839,90,1,0.993331076249839,30,0.35513184874985654,0.05339807578155229,1.5487211092752926,0.09257006398910694,0.21051788625719148,5,0,0,1,0.0
MD,tb_440_460#0,bo_435#0,435,440,460,2024-08-19 00:00:00,426,3,4.0,0.670055518860346,90,3,0.993331076249839,164,0.459746747467462,0.03952208645706226,0.9352981995945799,0.23386115315138256,0.3074980078083765,13,0,0,8,0.01681504273659071
MD,tb_746_747#0,bo_743#0,743,746,747,2025-11-06 00:00:00,739,2,4.0,3.7272445030661014,17,1,3.7272445030661014,177,0.49590676409185663,0.038873948369485316,1.7543598814950143,0.20871555494164595,0.14240721149570523,2,0,0,0,0.0
MDAI,tb_638_639#0,bo_633#0,633,638,639,2025-06-04 00:00:00,631,2,2.0,2.4808327447966434,99,1,2.4808327447966434,9,0.08565812462589131,0.051136382878565693,1.050688814069569,0.2408759428954439,0.8348249489180551,2,0,0,0,0.036144544569876716
MDAI,tb_662_667#0,bo_656#0,656,662,667,2025-07-10 00:00:00,655,2,1.0,4.3239703892980605,15,2,5.887041787867342,110,0.16691683821131573,0.07165109543308845,1.377931798482234,0.27358499690280746,0.03918571943357849,0,6,0,0,0.06296299010801333
MDCX,tb_63_69#0,bo_60#0,60,63,69,2025-02-19 00:00:00,58,2,2.0,,0,2,0.0,25,0.3290506201771353,0.11865177246385279,1.5833427336098005,0.06206890428250733,0.2346137687619827,0,7,0,0,0.0
MDCX,tb_64#0,bo_61#0,61,64,64,2025-02-20 00:00:00,58,3,1.0,,0,3,0.0,49,0.34840414049538054,0.08904573271446216,1.122259320599354,0.2689654985307661,0.23209865089234483,0,1,0,0,0.0
MDWD,tb_627_647#0,bo_622#0,622,627,647,2025-05-19 00:00:00,622,1,81.0,1.8088680109990833,81,1,1.8088680109990833,9,0.7899517573711836,0.04183600103743711,1.1076625779172156,0.06419400995652325,0.04969847999934944,0,7,0,14,0.024598381990032954
MDWD,tb_626_646#0,bo_623#0,623,626,646,2025-05-16 00:00:00,622,2,1.0,5.532119476268412,81,2,5.532119476268412,38,0.8210266590925082,0.04900795988576519,1.24843878639928,0.1366619406502747,0.0508559439725275,0,7,0,14,0.024598381990032954
MDWD,tb_633_646#0,bo_628#0,628,633,646,2025-05-28 00:00:00,622,3,5.0,0.9668656475618118,81,4,5.532119476268412,182,0.8774789573827094,0.04023254749386809,0.9857783640740885,0.19087025925902146,0.028227158969324293,0,7,0,7,0.04695742262466333
MDXH,tb_629#0,bo_626#0,626,629,629,2025-05-21 00:00:00,625,2,1.0,0.965238673219651,16,2,2.0173235078576663,62,0.11883517013445825,0.09170307495422154,1.767153931865156,0.1741572740237194,0.1961722979274123,0,0,0,1,0.03240748559250933
MDXH,tb_714#0,bo_711#0,711,714,714,2025-09-23 00:00:00,706,2,5.0,0.9080745865676679,12,2,3.3638663000161757,385,0.17895017333553656,0.1054852371611086,2.7940738512864476,0.12068967643447492,0.18444442749023438,0,1,0,0,0.038461503192516594
MDXH,tb_719_726#0,bo_713#0,713,719,726,2025-09-30 00:00:00,706,3,2.0,5.312259615384615,12,4,5.312259615384615,426,0.19557439344501848,0.03375524370001509,0.8181022300196467,0.34482752950806717,0.14472405630060658,0,8,0,0,0.038461503192516594
MEC,tb_627_629#0,bo_622#0,622,627,629,2025-05-19 00:00:00,621,2,1.0,1.4906973631374647,159,1,1.610958033064858,35,0.6955821106237318,0.033565530984902774,0.7619513568224723,0.050835690345661044,0.1024080141808561,0,0,0,3,0.01667737179840096
MEC,tb_627_629#1,bo_623#0,623,627,629,2025-05-19 00:00:00,621,3,1.0,0.790029197080292,159,2,1.610958033064858,44,0.6988262581131848,0.033565530984902774,0.7584141649201602,0.07520891013419106,0.1024080141808561,0,0,0,3,0.01667737179840096
METC,tb_668#0,bo_665#0,665,668,668,2025-07-18 00:00:00,654,3,3.0,6.060720599890264,9,6,8.122585988693707,377,1.4775738397878757,0.11393938160905934,1.9085338538675436,0.9078261333963145,0.2667261160520402,0,0,0,1,0.025068419827766596
MG,tb_285_305#0,bo_279#0,279,285,305,2024-01-05 00:00:00,275,2,4.0,1.0173674588665447,223,1,1.9583290088220031,28,0.29653383741630507,0.06431270656805618,1.7198703408970053,0.051428590502057725,0.21493837132109825,18,0,0,3,0.00813007342129105
MGNI,tb_395_398#0,bo_388#0,388,395,398,2024-06-13 00:00:00,382,2,6.0,1.5520817269502822,68,2,2.4317844200057595,59,0.6756907729837864,0.024964363055773757,0.517988990620899,0.20776876731173077,0.16255839312664538,0,4,0,0,0.047864478805746936
MGNI,tb_421#0,bo_414#0,414,421,421,2024-07-23 00:00:00,414,1,26.0,0.7065706121505636,26,1,0.7065706121505636,20,0.4984509148651921,0.05464823375563773,1.7454073402480899,0.012820534591513333,-0.0175666562198894,0,1,0,0,0.06628789019066503
MGNI,tb_421#1,bo_415#0,415,421,421,2024-07-23 00:00:00,414,2,1.0,1.7251341751826093,26,2,1.7251341751826093,240,0.49284728353867446,0.05464823375563773,1.765252471947148,0.09045587330586113,-0.0175666562198894,0,1,0,0,0.06628789019066503
MGNI,tb_421#2,bo_416#0,416,421,421,2024-07-23 00:00:00,414,3,1.0,1.6666635336418507,26,3,1.7251341751826093,253,0.54407248029641,0.05464823375563773,1.599051444552217,0.12820514213856837,-0.0175666562198894,0,1,0,0,0.06628789019066503
MGNI,tb_623_626#0,bo_620#0,620,623,626,2025-05-13 00:00:00,620,1,63.0,2.208220843871076,63,2,2.208220843871076,31,0.72376193041346,0.042796867487443574,0.980985609095762,0.19790828461385024,0.572499766805914,4,0,0,0,0.0
MGTX,tb_662_674#0,bo_659#0,659,662,674,2025-07-10 00:00:00,658,2,1.0,1.321706833241886,77,2,1.321706833241886,43,0.40720756543082776,0.06971424647739956,1.4980066886327694,0.11849706441959684,0.030807936747573813,0,0,0,13,0.0
MGTX,tb_740#0,bo_734#0,734,740,740,2025-10-29 00:00:00,726,2,8.0,2.6787285491419657,62,2,2.6787285491419657,69,0.5057092924133223,0.07233856373049044,1.358486646953669,0.12106537194798239,0.08958557779632681,0,0,0,1,0.05615555560590553
MH,tb_87_107#0,bo_80#0,80,87,107,2025-11-25 00:00:00,78,2,2.0,2.8235816309110566,0,2,2.986505610027292,46,0.7741069225556061,0.06477779812282985,1.5062523434896433,0.38346523311885305,0.03181537965290631,0,19,0,2,0.029243426437332135
MH,tb_87_92#0,bo_82#0,82,87,92,2025-11-25 00:00:00,78,3,2.0,1.2420373992927134,0,3,2.986505610027292,61,0.8557860458721324,0.06477779812282985,1.3624905101399094,0.4283201349671444,0.02626593412285146,0,4,0,2,0.01539373820470267
MHH,tb_509_524#0,bo_504#0,504,509,524,2024-11-25 00:00:00,496,4,5.0,8.152941176470588,57,7,8.152941176470588,463,0.840617062567447,0.11020151054083363,2.0818040436332312,0.39476232096754194,0.07490287103450868,0,0,0,16,0.04957038957879174
MI,tb_325#0,bo_322#0,322,325,325,2024-03-05 00:00:00,320,2,2.0,4.8422041210168105,40,2,4.8422041210168105,41,1.3230004502983217,0.2514970401833796,3.1746026707643225,0.11682243198898234,0.018867924528301883,0,1,0,0,0.0
MI,tb_671#0,bo_668#0,668,671,671,2025-07-23 00:00:00,667,2,1.0,1.7191011235955056,47,2,2.0680502728625765,36,0.25207767821674826,0.08045977334564519,1.0829995096694376,0.0692307974459867,0.3190184672742342,0,0,0,1,0.0
MIR,tb_480#0,bo_475#0,475,480,480,2024-10-15 00:00:00,474,2,1.0,3.7664525466951546,205,2,3.7664525466951546,59,0.37349754225616355,0.03092779800356938,1.164664868514819,0.1467391205757913,0.3624088449187013,1,0,0,0,0.014559427684339214
MIRA,tb_495#0,bo_488#0,488,495,495,2025-07-25 00:00:00,486,2,2.0,1.2279452343554438,39,2,6.1761605244507445,40,0.13838129171366856,0.1770334453368347,2.6737710060162376,0.46093753637978896,0.02312136497804751,0,0,0,1,0.10891090628096048
MIST,tb_699#0,bo_696#0,696,699,699,2025-09-02 00:00:00,696,1,34.0,0.8878355367524486,34,1,0.8878355367524486,7,0.09628129455140473,0.05511812107634038,1.0905547080843065,0.04733723135940626,0.2445651740821646,1,0,0,0,0.0
MITK,tb_427#0,bo_424#0,424,427,427,2024-07-31 00:00:00,424,1,81.0,1.1914094402986175,81,1,1.1914094402986175,35,0.40512219459087495,0.030612249862944075,1.0367244300650948,0.030564214941445345,0.009015768728468432,0,1,0,0,0.010408876701395776
MITQ,tb_711_713#0,bo_707#0,707,711,713,2025-09-18 00:00:00,703,2,4.0,0.4404260504180995,54,2,1.1218857637935042,58,0.09078988143065793,0.10791365302292034,1.6521662303602271,0.6000000635782878,0.2548571787250102,0,3,0,0,0.0
MITT,tb_415_416#0,bo_412#0,412,415,416,2024-07-15 00:00:00,412,1,266.0,0.8168486324038499,266,1,0.8168486324038499,36,0.103052508062384,0.02567568307727492,1.4729998304440035,0.0329835950449755,0.05584934082520909,0,2,0,0,0.0
MKTW,tb_630_635#0,bo_623#0,623,630,635,2025-05-22 00:00:00,621,2,2.0,0.6630393521447552,48,1,2.0214780233280822,20,0.9504619819548645,0.05645835786901831,0.974015041249401,0.13955189746280738,0.190372811709101,1,0,0,5,0.02113528495238105
MLCO,tb_623_638#0,bo_620#0,620,623,638,2025-05-13 00:00:00,620,1,146.0,1.3161599048265051,146,1,1.3161599048265051,35,0.26241477825818277,0.023547896085129433,0.571614511816292,0.037234050198272195,0.4471200927642104,16,0,0,0,0.0
MLCO,tb_625_627#0,bo_622#0,622,625,627,2025-05-15 00:00:00,620,2,2.0,0.9238942602933405,146,1,1.3161599048265051,37,0.26754135604312484,0.021638310823105716,0.5232830862344482,0.10815605460191402,0.40419323838884363,3,0,0,0,0.004709534303007038
MLCO,tb_653_655#0,bo_650#0,650,653,655,2025-06-26 00:00:00,650,1,26.0,0.5901101991563033,26,1,0.5901101991563033,23,0.22819025453036218,0.023909996216823687,0.7449927107703266,0.03749996367842012,0.32554694090120934,3,0,0,0,0.0
MLCO,tb_659_669#0,bo_656#0,656,659,669,2025-07-07 00:00:00,650,2,6.0,5.298689634277604,26,3,5.298689634277604,159,0.23256386398383277,0.026406486211632264,0.9889777885984624,0.2593750467989586,0.14876391721246546,3,0,0,8,0.0
MLCO,tb_697_701#0,bo_694#0,694,697,701,2025-08-28 00:00:00,694,1,24.0,0.9604238804582743,24,1,0.9604238804582743,382,0.26766930011126516,0.015873000855468576,0.5977519549145173,0.032679654366830846,0.010398364483318457,0,5,0,0,0.0
MLP,tb_711#0,bo_708#0,708,711,711,2025-09-18 00:00:00,706,2,2.0,1.215837299870186,64,2,1.5590798187521786,116,0.7223615972354197,0.053588994317151376,1.5089397841184744,0.14402816175701205,0.008040193491417158,0,1,0,0,0.012794267568398066
MLSS,tb_424_425#0,bo_421#0,421,424,425,2024-07-26 00:00:00,413,2,8.0,8.013161141729045,34,3,8.013161141729045,154,0.0734745521277829,0.08181821038900267,1.2249143515986047,0.3375000456348054,0.09585648955050052,0,0,0,2,0.10280380235279019
MLTX,tb_755_756#0,bo_749#0,749,755,756,2025-11-19 00:00:00,749,1,50.0,0.4726679400600702,50,1,0.4726679400600702,21,1.3001636329480235,0.04720594732061161,0.5022443801547188,0.08595197147931999,0.41731615850513626,2,0,0,0,0.01644479488012083
MNKD,tb_328#0,bo_325#0,325,328,328,2024-03-08 00:00:00,323,2,2.0,2.2259783662796,142,3,2.573868208610221,116,0.22164383268063648,0.03888889526634048,0.9474661920756388,0.1557177240133909,-0.001897486163352835,0,1,0,0,0.0
MNKD,tb_704_707#0,bo_699#0,699,704,707,2025-09-09 00:00:00,696,2,3.0,8.482215771480533,237,3,8.482215771480533,113,0.1997910647483443,0.11612900199056447,3.6037637173542176,0.41031929459970806,0.11566154540759677,0,0,0,4,0.0400696082591522
MNOV,tb_457#0,bo_451#0,451,457,457,2024-09-12 00:00:00,450,2,1.0,15.48842105263158,289,3,15.48842105263158,169,0.09312812756715795,0.11162796190714451,2.5770960397862637,0.17999998728434252,0.060606002223795086,0,1,0,0,0.09047616506649948
MOB,tb_697#0,bo_694#0,694,697,697,2025-08-28 00:00:00,693,2,1.0,2.489297475301866,26,2,2.489297475301866,157,0.45299496369768455,0.10606057869391844,1.5452706218877432,0.20967737682439647,0.7218750458676362,1,0,0,0,0.0
MOMO,tb_652_657#0,bo_646#0,646,652,657,2025-06-25 00:00:00,641,2,5.0,1.602371320477759,78,3,5.487378686689821,450,0.24900475191510116,0.026345924158264332,0.8817595248843351,0.12037036853503391,0.08407715339409083,0,0,0,6,0.03608851998776532
MOS,tb_615#0,bo_612#0,612,615,615,2025-05-01 00:00:00,610,2,2.0,0.9261926598728887,551,3,1.0393529627718872,165,1.094252879952997,0.017475696273306193,0.4739297530939315,0.056887235113857404,0.23695432560698104,1,0,0,0,0.0
MPAA,tb_520_524#0,bo_513#0,513,520,524,2024-12-11 00:00:00,512,2,1.0,1.6157882780554294,43,2,1.6157882780554294,44,0.4020378352093895,0.030712587996661905,0.6218332080784209,0.11095100498239852,0.1419277304966194,0,5,0,0,0.023346281121664474
MPB,tb_423_424#0,bo_416#0,416,423,424,2024-07-25 00:00:00,414,2,2.0,1.5049318929074684,149,3,1.5049318929074684,277,0.7177158891667912,0.0481756544476088,1.7792499642599042,0.09991522106164075,0.10610760825954313,0,0,0,2,0.02711987368241369
MPNGF,tb_464_466#0,bo_461#0,461,464,466,2024-09-23 00:00:00,459,2,2.0,0.567174515235457,83,2,0.6167832167832168,46,0.6247661854129485,0.023595510915499524,0.6722516136438147,0.11003409922822027,0.6024199512356584,3,0,0,0,0.0
MPU,tb_667_670#0,bo_660#0,660,667,670,2025-07-17 00:00:00,655,4,2.0,20.22129650321114,52,4,53.21295202079886,143,0.1858374031632853,0.23595509229924086,3.390060901181292,2.0625000139698386,0.9754606430247935,3,1,0,0,0.1183673290648299
MPU,tb_681_684#0,bo_674#0,674,681,684,2025-08-06 00:00:00,673,2,1.0,7.773522857408153,13,4,7.773522857408153,360,0.28573154070362117,0.14414416591355395,2.2398650961953948,0.5180722718523314,0.06775499705057064,0,4,0,0,0.11645570445415998
MRAI,tb_503#0,bo_500#0,500,503,503,2024-11-15 00:00:00,500,1,11.0,2.241960840360154,11,2,2.241960840360154,91,0.13665865807855473,0.25925923200519224,3.0733505142662056,0.3636363354877703,0.04999995157122683,0,1,0,0,0.0
MRAI,tb_623_624#0,bo_620#0,620,623,624,2025-05-13 00:00:00,619,2,1.0,2.1205794631444395,31,1,2.1205794631444395,14,0.05016419940505718,0.03703708936484497,0.9967281870052748,0.05714291877487354,0.18367003170402452,0,0,0,2,0.014925358528601555
MREO,tb_397#0,bo_394#0,394,397,397,2024-06-17 00:00:00,394,1,9.0,4.5586400896939265,9,1,4.5586400896939265,9,0.22814846783397416,0.0755555894639757,1.4902583208900269,0.08806816603957612,0.04000001795151653,0,0,0,1,0.0
MREO,tb_647_649#0,bo_644#0,644,647,649,2025-06-17 00:00:00,640,2,4.0,0.7221157413132188,196,2,1.6206158297944186,49,0.16379215353318918,0.03684211318842949,0.6410564658227672,0.13008127165877692,0.07405965642604902,0,3,0,0,0.007194237817389377
MRKR,tb_768_771#0,bo_765#0,765,768,771,2025-12-09 00:00:00,760,2,5.0,1.913740357275683,37,2,2.364364481795107,70,0.0884656847622026,0.04697990067386051,0.7912678530692306,0.29090902391544193,0.6883555619128969,4,0,0,0,0.07042247017941754
MRRDF,tb_618_621#0,bo_615#0,615,618,621,2025-05-06 00:00:00,615,1,30.0,1.29927935032467,30,3,1.29927935032467,518,0.01766617315848514,0.0,0.0,0.052476268369881396,0.2627101601352424,0,4,0,0,0.0
MRRDF,tb_709#0,bo_706#0,706,709,709,2025-09-16 00:00:00,706,1,70.0,2.0552945038684105,70,1,2.0552945038684105,60,0.014807356415406158,0.026512253050173684,1.391201799129685,0.056644673353448916,0.2644737333306981,1,0,0,0,0.014267233201966042
MRT,tb_293_296#0,bo_290#0,290,293,296,2024-01-18 00:00:00,289,2,1.0,4.550598950024654,130,2,7.547267379851976,27,0.06265795823973185,0.11111107431811953,1.5959658923868743,0.31288342492671695,0.08689083451344809,0,0,0,4,0.01285044101518129
MRVI,tb_374_383#0,bo_371#0,371,374,383,2024-05-14 00:00:00,367,2,4.0,1.8774379987160292,49,3,1.8774379987160292,48,0.4017242808277524,0.03457689921337053,0.9459226951826963,0.12045448215539922,0.023332551224731223,0,10,0,0,0.0
MRVI,tb_375_383#0,bo_372#0,372,375,383,2024-05-15 00:00:00,367,3,1.0,1.3673517908726713,49,4,1.8774379987160292,154,0.4766011724071596,0.04367207781914238,1.0281148120505956,0.188636342208248,0.01704654693556203,0,9,0,0,0.0
MSB,tb_466#0,bo_459#0,459,466,466,2024-09-25 00:00:00,456,2,3.0,1.335164835164835,226,2,14.768545994065281,318,0.5861076409126174,0.056781021880748635,1.8257577259481697,0.2547732567241132,0.18114018515877306,1,0,0,0,0.009034669460194758
MTA,tb_490#0,bo_483#0,483,490,490,2024-10-29 00:00:00,477,2,6.0,2.434980610723781,132,6,2.489294923278522,212,0.14197630191626118,0.0723038831842438,2.0778104084536557,0.2169810705398838,0.005221927238881152,0,1,0,0,0.04081634763179803
MTA,tb_704_709#0,bo_698#0,698,704,709,2025-09-09 00:00:00,693,2,5.0,2.374854847315068,30,2,5.720230529289515,582,0.21536119377187785,0.05326459340825903,1.4394419781490886,0.27803727150671964,0.3777018304318689,6,0,0,0,0.02867380817199773
MTA,tb_724_729#0,bo_717#0,717,724,729,2025-10-07 00:00:00,713,2,4.0,0.8760275387458156,15,2,0.9810960097822878,705,0.25339954593989567,0.05359662993832458,1.4996085057352508,0.05831906638718398,0.11989653149529966,0,0,0,6,0.021520749360904784
MTLS,tb_502#0,bo_499#0,499,502,502,2024-11-14 00:00:00,498,2,1.0,2.376906474820144,71,2,2.376906474820144,72,0.2821962973098397,0.062169284887434575,1.6655065806041045,0.12202852423281163,0.18715086328838626,0,0,0,1,0.024523201830223107
MTLS,tb_562_565#0,bo_556#0,556,562,565,2025-02-13 00:00:00,551,2,5.0,1.3106899405019898,34,1,1.342050062928262,35,0.4053777601303447,0.06118142950555807,1.4307640446766545,0.0484633387190756,-0.04164971903156059,0,4,0,0,0.030401708122851062
MTNB,tb_322_323#0,bo_319#0,319,322,323,2024-02-29 00:00:00,314,3,4.0,2.327503175644551,88,3,5.005626121772746,40,0.8958384791721746,0.08620689655172414,1.3953408221034427,0.22272725538773974,0.5066887482921295,2,0,0,0,0.0037174863527076234
MTNB,tb_625#0,bo_619#0,619,625,625,2025-05-15 00:00:00,611,2,8.0,0.7897979033826867,196,3,0.8034150315703714,23,0.05222861245238907,0.19047615668670825,3.063454285086605,0.1899159163828017,0.5454546580489186,1,0,0,0,0.10496454284462287
MTNB,tb_631_636#0,bo_625#0,625,631,636,2025-05-23 00:00:00,611,3,6.0,2.276926939492845,196,4,6.729390369468997,58,0.07285230308815745,0.14686822648889636,1.866790366587067,0.294117552775653,0.44027910754076577,0,0,0,6,0.1282932930780097
MTNOY,tb_638_654#0,bo_633#0,633,638,654,2025-06-04 00:00:00,631,2,2.0,0.15059967852285375,43,1,0.19985992089650625,17,0.20886953855352605,0.026666641235351615,0.9355401581207005,0.04334832419867363,0.2916659683498959,17,0,0,0,0.03194447428840126
MTRX,tb_546#0,bo_543#0,543,546,546,2025-01-22 00:00:00,543,1,34.0,2.257600584854291,34,3,2.257600584854291,234,0.5224525063703814,0.027831673579931087,0.8230400778221668,0.06775873616781714,0.04720744946461397,0,1,0,0,0.014416793167042367
MTW,tb_624_628#0,bo_621#0,621,624,628,2025-05-14 00:00:00,621,1,57.0,1.8401191395710552,57,1,1.8401191395710552,35,0.5320432429926237,0.031979247650680546,0.6954319793216728,0.026476602541940286,0.18207685625386366,0,0,0,5,0.007023698094351125
MTW,tb_662_664#0,bo_657#0,657,662,664,2025-07-10 00:00:00,653,2,4.0,0.6786799603919828,32,2,1.4245578369587315,92,0.4172378162323436,0.041850198209514966,1.366126637252861,0.09153128202793748,0.0253029859552422,0,3,0,0,0.00854034593943176
MUFG,tb_509#0,bo_502#0,502,509,509,2024-11-25 00:00:00,499,2,3.0,1.8276320681863685,345,1,1.8276320681863685,75,0.19839360831650674,0.024772842037694538,1.4830447086279732,0.04683428060020001,0.06350548559640856,0,0,0,1,0.032311451212145674
MUR,tb_722_726#0,bo_715#0,715,722,726,2025-10-03 00:00:00,709,2,6.0,1.4013666446696478,47,2,1.9279413947232253,120,1.0207687649927981,0.03867585369792143,1.1106452004999354,0.10860427971783548,0.10509052498775304,0,0,0,5,0.03563096835627094
MUX,tb_346#0,bo_343#0,343,346,346,2024-04-04 00:00:00,341,2,2.0,1.7059252434851278,10,3,2.4287709195414715,242,0.4779984264090742,0.04916597038954371,1.1715528518025855,0.16868806374035494,0.14155253129989642,0,0,0,1,0.011732862394951655
MVBF,tb_657_674#0,bo_654#0,654,657,674,2025-07-02 00:00:00,654,1,233.0,2.4257548295831306,233,1,2.4257548295831306,158,0.5737442674074558,0.018290085225829585,0.7302982442499728,0.015475764308584772,0.05808702741981946,0,1,0,17,0.0
MVBF,tb_671#0,bo_668#0,668,671,671,2025-07-23 00:00:00,668,1,14.0,2.044881187488055,14,1,2.044881187488055,244,0.602414875744486,0.019303519508253094,0.7845075373885172,0.03631764555051209,0.010020856398404998,0,1,0,0,0.0
MVBF,tb_724_727#0,bo_721#0,721,724,727,2025-10-07 00:00:00,720,2,1.0,1.210400478182905,49,2,1.210400478182905,651,0.48952338116606503,0.019838318214570258,1.082621008864948,0.034716777975526414,0.03219831037518339,0,0,0,4,0.0
MVIS,tb_536_537#0,bo_531#0,531,536,537,2025-01-06 00:00:00,528,4,1.0,5.318912624840842,54,4,5.318912624840842,115,1.6660947889093045,0.21511625585973743,3.3311425460335355,0.5252524603833424,0.3978674075159728,0,0,0,2,0.2012195400886297
MWA,tb_372_380#0,bo_369#0,369,372,380,2024-05-10 00:00:00,369,1,252.0,4.914938643263515,252,1,4.914938643263515,55,0.32312509337025613,0.02574665283396935,1.510221717673406,0.08821739944888041,0.047260628023300284,0,9,0,0,0.0
MXCT,tb_546_547#0,bo_540#0,540,546,547,2025-01-22 00:00:00,538,2,2.0,2.2362530811555943,18,1,2.2362530811555943,15,0.2625785154403086,0.042307653511768246,0.8378438343393806,0.12100450208295088,0.020140633328763147,0,2,0,0,0.05498981452490702
MXL,tb_654_667#0,bo_651#0,651,654,667,2025-06-27 00:00:00,648,2,3.0,0.4962847819376461,26,2,1.0166595435714874,63,0.5795694938957666,0.02710217748561221,0.6729138566304423,0.06583073178059817,0.3625475456423807,14,0,0,0,0.012569787383900806
MYE,tb_643_649#0,bo_640#0,640,643,649,2025-06-11 00:00:00,637,2,3.0,1.1795493573398552,117,2,1.1795493573398552,63,0.44285560348448144,0.03646184649243933,1.1756803257710067,0.13022505239115723,0.14484777633635826,3,0,0,4,0.0
MYGN,tb_711_717#0,bo_706#0,706,711,717,2025-09-18 00:00:00,699,2,7.0,1.3181186163162408,17,2,1.3181186163162408,15,0.35869877655541144,0.039743642568743714,0.8642360662437628,0.2056514860776273,0.11007272086076074,0,6,0,1,0.057291675397815996
MYO,tb_519#0,bo_516#0,516,519,519,2024-12-10 00:00:00,512,2,4.0,13.001907388931276,15,3,13.001907388931276,244,0.3211423282537231,0.04461537874661959,0.9030262794380339,0.13984675256982815,0.15458937717388976,0,0,0,1,0.01584784556884142
MYPS,tb_623#0,bo_620#0,620,623,623,2025-05-13 00:00:00,620,1,113.0,1.3096929210783408,113,1,1.3096929210783408,21,0.08649439899467459,0.07100591757714816,1.38737312662014,0.05882356034843128,0.0,0,1,0,0,0.036144544569876716
MYSE,tb_500_503#0,bo_496#0,496,500,503,2024-11-12 00:00:00,488,2,8.0,263.16163141993957,73,3,263.16163141993957,79,0.20898557534168566,0.43611110412044274,7.5124798956860595,0.5033557014762591,3.0091183952402214,4,0,0,0,0.10267857950636923
MYSE,tb_726_727#0,bo_723#0,723,726,727,2025-10-09 00:00:00,720,2,3.0,4.711321042206308,78,3,18.93267689972168,54,0.22210876125207232,0.10588238924019788,1.6208281541214773,0.43362832885349034,0.10777257899429848,0,2,0,0,0.1296296527955866
MZHOF,tb_517_521#0,bo_513#0,513,517,521,2024-12-06 00:00:00,500,3,8.0,0.00823529411764706,333,2,1.1985731272294888,64,0.3276395091961583,0.023722630119992764,1.8990985165296461,0.23095235158437455,0.08672899872196549,0,0,0,0,0.0
NABL,tb_626#0,bo_623#0,623,626,626,2025-05-16 00:00:00,620,2,3.0,1.792231891559639,496,2,1.9112839700669555,38,0.3033068180248012,0.026331457260092967,0.7253358654684214,0.1470587862089876,0.017469819368343575,0,0,0,1,0.01343097219940248
NAGE,tb_468#0,bo_465#0,465,468,468,2024-09-27 00:00:00,462,2,3.0,0.7234547820429408,18,2,1.6503325036222463,71,0.22808361172979413,0.04113112635369193,0.7014975105718565,0.06478873863742374,1.0657894745097596,1,0,0,0,0.0
NAGE,tb_626_628#0,bo_623#0,623,626,628,2025-05-16 00:00:00,620,2,3.0,1.220071445479782,45,1,2.1041854350978793,48,0.511157824876069,0.05550497446599878,1.1933685194492356,0.15147926175900217,0.35026710249967596,3,0,0,0,0.0
NAMS,tb_297#0,bo_294#0,294,297,297,2024-01-24 00:00:00,288,2,6.0,2.1543244143443987,12,4,7.6221606178043055,245,1.3293108348052673,0.05086764725735569,0.8974566782066157,0.5827922469991771,0.13822897691877412,0,0,0,1,0.0
NATL,tb_151_171#0,bo_148#0,148,151,171,2024-05-17 00:00:00,148,1,,2.578682346586794,0,2,2.578682346586794,96,0.7438642207794993,0.03031361728592139,1.169569411903855,0.13392463680443734,0.2665172897778728,20,0,0,1,0.0
NATL,tb_152#0,bo_149#0,149,152,152,2024-05-20 00:00:00,148,2,1.0,1.607413828414119,0,2,2.578682346586794,97,0.9185882431565078,0.01613463419541257,0.5062117396473848,0.1725056065901731,0.1859243545250946,1,0,0,0,0.0
NAUT,tb_722_726#0,bo_719#0,719,722,726,2025-10-03 00:00:00,716,2,3.0,0.5810125892419206,93,2,3.4889221670036465,42,0.060670045570948954,0.06521739271277513,0.988955947198365,0.17361110421242554,1.8768370559225993,5,0,0,0,0.011834378377890331
NAUT,tb_761#0,bo_754#0,754,761,761,2025-11-28 00:00:00,751,2,3.0,1.6428480385908837,21,2,1.6428480385908837,209,0.1854640111975787,0.13779524011379513,1.887158065721474,0.2774566553649831,0.02222220102945971,0,0,0,1,0.12240666630194891
NB,tb_467_468#0,bo_464#0,464,467,468,2025-01-30 00:00:00,460,2,4.0,2.7197181811384086,28,2,2.7197181811384086,30,0.12250524646378083,0.10917030749542216,2.04072892562943,0.14197531999783664,0.2597675560787692,0,1,0,1,0.0
NB,tb_469#0,bo_466#0,466,469,469,2025-02-03 00:00:00,460,3,2.0,2.7062653762873397,28,3,2.7197181811384086,67,0.14812952395558318,0.08230454411082087,1.3501700561981558,0.3148148815872791,0.2478633262388521,0,1,0,0,0.020920580979166107
NB,tb_471_472#0,bo_468#0,468,471,472,2025-02-05 00:00:00,460,4,2.0,1.7175547445255475,28,5,2.7197181811384086,111,0.16614229772626715,0.1198630595569595,2.106628762458799,0.47530870238849054,0.06788357440305315,0,2,0,0,0.020920580979166107
NB,tb_527_528#0,bo_520#0,520,527,528,2025-04-28 00:00:00,518,3,1.0,35.936643841823475,48,3,35.936643841823475,50,0.287738809851796,0.3709328056136454,5.348601648639399,0.839805857828914,0.15475853898580327,0,0,0,2,0.25065964571124605
NBTX,tb_677_678#0,bo_672#0,672,677,678,2025-07-31 00:00:00,671,2,1.0,4.538400476284977,27,5,4.538400476284977,258,0.28139986487757523,0.05486969786838745,1.4214651294927032,0.27701371417351095,1.5891069790313133,2,0,0,0,0.03785262135533208
NCEW,tb_255_256#0,bo_250#0,250,255,256,2025-12-26 00:00:00,243,2,7.0,3.100948398325648,157,2,16.78200261682429,71,0.803254374030744,0.13085620925555552,1.0083977989624229,0.1477045383854847,0.8555548883569919,2,0,0,0,0.0904347792915676
NCLH,tb_662_676#0,bo_656#0,656,662,676,2025-07-10 00:00:00,654,2,2.0,1.2328147383921029,12,2,1.2328147383921029,68,0.7621195831932387,0.042598957868687254,1.2990084403422886,0.07810896861637051,0.16029083838447042,8,0,0,7,0.024112774810501697
NCLH,tb_662_676#1,bo_657#0,657,662,676,2025-07-10 00:00:00,654,3,1.0,1.1778304768433843,12,2,1.2328147383921029,69,0.784825321801297,0.042598957868687254,1.261426897957318,0.09815014617779472,0.16029083838447042,8,0,0,7,0.024112774810501697
NCLTY,tb_443_463#0,bo_440#0,440,443,463,2024-08-22 00:00:00,440,1,10.0,0.34316638370118846,10,1,0.34316638370118846,18,0.90372227255715,0.059096996291408396,0.9761766681160221,0.034693073885750936,0.07160953457492854,0,9,0,12,0.0
NCLTY,tb_445_465#0,bo_442#0,442,445,465,2024-08-26 00:00:00,440,2,2.0,0.12389506122779985,10,2,0.34316638370118846,80,1.0019778781658817,0.046628845397253406,0.7320596963601331,0.09187954244545549,0.06077720911112304,0,11,0,10,0.0
NCMI,tb_442_446#0,bo_439#0,439,442,446,2024-08-21 00:00:00,439,1,13.0,0.583386097417575,13,2,0.583386097417575,339,0.3018608119095415,0.03004285667898123,0.6656067568953027,0.025000027255370094,0.048928069019574624,0,0,0,5,0.0
NCMI,tb_443_444#0,bo_440#0,440,443,444,2024-08-22 00:00:00,439,2,1.0,0.8143237466037335,13,2,0.8143237466037335,340,0.3008014512531048,0.028612229671253188,0.6361433727871496,0.05468758882330471,0.0530276844871751,0,0,0,2,0.01152731833259988
NCTY,tb_508_509#0,bo_501#0,501,508,509,2024-11-22 00:00:00,500,2,1.0,4.5331868004743034,24,4,4.639737789677777,225,0.5070351427792813,0.10980724108182638,2.583648171675072,0.13243550228774814,0.85830925046037,2,0,0,0,0.10682230676688408
NCTY,tb_508_509#1,bo_502#0,502,508,509,2024-11-22 00:00:00,500,3,1.0,5.16958985063298,24,4,5.16958985063298,226,0.5272469155702632,0.10980724108182638,2.484605183891537,0.26823797803059723,0.85830925046037,2,0,0,0,0.10682230676688408
NCTY,tb_513_516#0,bo_510#0,510,513,516,2024-12-02 00:00:00,500,4,8.0,5.994030600417278,24,5,5.994030600417278,226,0.7633532667883082,0.12437498569488525,2.6069185234390666,0.4915825128451692,0.3711841342103758,1,0,0,3,0.005423723641088453
NDLS,tb_547#0,bo_544#0,544,547,547,2025-01-23 00:00:00,544,1,173.0,3.324201961877891,173,2,3.324201961877891,26,0.6563342236295325,0.10084033529263976,1.4626694808601723,0.1944444168497026,0.5963302350949293,0,0,0,1,0.0
NDLS,tb_554_567#0,bo_548#0,548,554,567,2025-02-03 00:00:00,544,2,4.0,2.890178835877305,173,3,3.324201961877891,52,0.819213875434078,0.14545455333615148,2.343710395867736,0.9305554589739591,0.08145225154478353,0,9,0,5,0.027027000903735277
NDLS,tb_554_567#1,bo_549#0,549,554,567,2025-02-03 00:00:00,544,3,1.0,2.0333341504669917,173,4,3.324201961877891,63,0.9664128925059952,0.14545455333615148,1.986728541374498,1.0555555003660717,0.08145225154478353,0,9,0,5,0.027027000903735277
NEO,tb_731_738#0,bo_728#0,728,731,738,2025-10-16 00:00:00,722,2,6.0,3.18017657551202,24,1,3.18017657551202,30,0.42426455988863826,0.03942306369719372,0.9663777891788249,0.040089156871149445,0.20847398883087523,6,0,0,2,0.0
NEON,tb_466#0,bo_460#0,460,466,466,2024-09-25 00:00:00,459,2,1.0,4.219860857709967,17,3,4.219860857709967,397,0.7408837465175473,0.2313333511352539,4.68359615572512,0.46437341198295234,0.048676318784574235,0,1,0,0,0.1321397525617498
NEON,tb_611#0,bo_608#0,608,611,611,2025-04-25 00:00:00,606,2,2.0,0.9888074102663064,44,1,1.8222263797942002,19,0.5941287514877931,0.0933333502875434,1.7672940218858209,0.09764704984777106,1.0470588641437018,1,0,0,0,0.0
NEON,tb_648#0,bo_645#0,645,648,648,2025-06-18 00:00:00,645,1,34.0,48.86981759221727,34,2,48.86981759221727,184,0.5852947440836219,0.16622458396908105,6.424114118381079,0.6826826677755637,0.537274984353858,1,0,0,0,0.0
NEOV,tb_497_499#0,bo_494#0,494,497,499,2024-11-07 00:00:00,494,1,38.0,2.4160280717641065,38,1,2.4160280717641065,27,0.26291017126907607,0.07142850655276464,1.1410730609987303,0.0660919591416329,0.35457641066414713,1,0,0,2,0.0
NEOV,tb_499#0,bo_496#0,496,499,499,2024-11-11 00:00:00,494,2,2.0,2.440413676566527,38,2,2.440413676566527,39,0.2568460105950522,0.1016260146842582,1.9466917116665228,0.12931035782106792,0.24166668928089474,0,0,0,1,0.0
NESR,tb_287_298#0,bo_281#0,281,287,298,2025-08-29 00:00:00,280,2,1.0,1.8353724099272075,17,2,2.7414873037824297,104,0.42138733958338737,0.029333292643229168,0.6526053174785864,0.17009599144126364,0.4422291098936433,12,0,0,0,0.004624273250525734
NEUP,tb_705_707#0,bo_700#0,700,705,707,2025-09-10 00:00:00,696,2,4.0,1.142967542503864,25,3,14.391840268934956,152,1.005184542730148,0.10832234518713528,1.6315415464591247,0.5719467086360221,0.5706362728420146,2,1,0,0,0.08307691720815805
NEWP,tb_343#0,bo_337#0,337,343,343,2024-04-01 00:00:00,337,1,59.0,1.5197008131623242,59,1,1.5197008131623242,12,0.08829827116590959,0.09999998410542806,1.6987872375926478,0.05504581737815473,0.697986547111751,1,0,0,0,0.008264454667762735
NEWP,tb_343#1,bo_338#0,338,343,343,2024-04-01 00:00:00,337,2,1.0,1.631595866551329,59,1,1.631595866551329,13,0.08984839567585282,0.09999998410542806,1.6694786259656642,0.11926604701898591,0.697986547111751,1,0,0,0,0.008264454667762735
NEWP,tb_486_491#0,bo_483#0,483,486,491,2024-10-23 00:00:00,482,2,1.0,2.7418139775458665,17,2,2.7418139775458665,67,0.08672063748615226,0.06030150964487014,1.383753720532018,0.1481481535989615,0.04630092333980027,0,6,0,0,0.04301077543014525
NEWP,tb_638_648#0,bo_632#0,632,638,648,2025-06-04 00:00:00,629,2,3.0,2.08877545566305,46,2,5.104317775525773,48,0.08146430073805468,0.06493500461665078,1.2275303872565506,0.20689656589884575,0.21617851009532843,1,0,0,10,0.007142850452539758
NEWP,tb_643_645#0,bo_638#0,638,643,645,2025-06-11 00:00:00,629,3,6.0,0.8790303486870427,46,2,5.104317775525773,54,0.07497095631674607,0.07228916095257991,1.6006199022109513,0.3275862122120672,0.19888155161494234,0,0,0,3,0.019480501384995234
NEWP,tb_709_712#0,bo_704#0,704,709,712,2025-09-16 00:00:00,699,2,5.0,0.9955678670360112,36,2,5.0333920123225875,213,0.11809810715967675,0.05932197996132164,1.1854539403947115,0.17714282444545204,0.2726175300848148,1,0,0,3,0.02843599325241489
NEWP,tb_709_712#1,bo_705#0,705,709,712,2025-09-16 00:00:00,699,3,1.0,1.1890808875936456,36,2,5.0333920123225875,214,0.1153768083415609,0.05932197996132164,1.2134142770801981,0.20571422576904297,0.2726175300848148,1,0,0,3,0.02843599325241489
NEWP,tb_718_726#0,bo_713#0,713,718,726,2025-09-29 00:00:00,699,4,8.0,2.440020366598778,36,3,5.0333920123225875,335,0.13027137821181797,0.07666667302449544,1.7655452965233245,0.5200000490461076,0.10205212675053948,0,8,0,1,0.03396232050905334
NEWP,tb_771_779#0,bo_768#0,768,771,779,2025-12-12 00:00:00,761,2,7.0,2.7542669708068366,44,4,2.7542669708068366,667,0.18851323904959427,0.08918923185723238,1.750541043103169,0.26530605889717296,0.3229840725807204,2,0,0,7,0.014204531985004014
NEWT,tb_374_394#0,bo_371#0,371,374,394,2024-05-14 00:00:00,370,2,1.0,1.2107310991207894,24,1,1.5805448735308454,22,0.4009900266152912,0.06671401872802445,2.032602614789255,0.059205228718524294,0.14660341053300957,15,4,0,2,0.0214395033766323
NEXA,tb_471_474#0,bo_465#0,465,471,474,2024-10-02 00:00:00,465,1,85.0,1.2079646017699115,85,1,1.2079646017699115,25,0.2517988282934995,0.021880664886631887,0.6468370442144568,0.04017856685410037,0.07661442737925744,0,0,0,4,0.03369271978124868
NEXA,tb_471_474#1,bo_467#0,467,471,474,2024-10-02 00:00:00,465,2,2.0,1.4454641722555595,85,1,1.4454641722555595,27,0.2543581899257742,0.021880664886631887,0.6403285456527255,0.10416670631208191,0.07661442737925744,0,0,0,4,0.03369271978124868
NEXN,tb_445_446#0,bo_442#0,442,445,446,2024-08-26 00:00:00,438,2,4.0,1.4693792043946836,87,1,2.2908830418666,15,0.2553672922648687,0.04830563510163416,1.5742011046380235,0.04231307580271393,0.09033874644234308,0,0,0,2,0.0025031265956738276
NEXN,tb_613#0,bo_610#0,610,613,613,2025-04-29 00:00:00,604,2,6.0,0.9265305066549391,68,1,1.227479613123459,15,0.4931423910135683,0.031999969482421876,0.6488991833910589,0.05448348687561255,0.2765957981321703,1,0,0,0,0.0
NEXN,tb_617_622#0,bo_614#0,614,617,622,2025-05-05 00:00:00,604,3,4.0,0.6618973742549713,68,2,1.227479613123459,38,0.45928874069697806,0.045330916781927535,1.0886397938718069,0.12712824429216196,0.12685543942415786,0,3,0,3,0.0
NEXN,tb_618_622#0,bo_615#0,615,618,622,2025-05-06 00:00:00,604,4,1.0,1.4854170452480466,68,2,1.4854170452480466,39,0.46362529191602764,0.03884366425976608,0.927471729862716,0.14301920717301608,0.1197541988199227,0,3,0,2,0.0
NEXN,tb_623_625#0,bo_620#0,620,623,625,2025-05-13 00:00:00,604,5,5.0,1.3219140900218298,68,3,1.5683467886831326,56,0.4474042135718193,0.038025835470034526,1.0505026530758093,0.2690124600087358,0.036654639852159,0,3,0,0,0.0
NFE,tb_519_522#0,bo_516#0,516,519,522,2024-12-10 00:00:00,511,2,5.0,1.7848917020188428,261,2,1.7848917020188428,46,0.6614599187913983,0.04947525036452663,0.997792653284334,0.19123506808655222,0.2748816408706314,0,0,0,4,0.0
NFE,tb_520#0,bo_517#0,517,520,520,2024-12-11 00:00:00,511,3,1.0,1.172618896812203,261,3,1.7848917020188428,57,0.6820699109680939,0.06171926672323313,1.2315441355876906,0.23605576639082626,0.25735847904997056,0,0,0,1,0.0
NG,tb_426_428#0,bo_421#0,421,426,428,2024-07-30 00:00:00,415,3,5.0,0.7899922941812014,38,3,1.2033384701569156,210,0.22228602323468596,0.045082020874914086,0.9897170493555318,0.1277641176890294,0.015508561720831185,0,3,0,0,0.021505355393904912
NG,tb_426_428#1,bo_422#0,422,426,428,2024-07-30 00:00:00,415,4,1.0,1.8484117000650364,38,3,1.8484117000650364,211,0.2199798828050983,0.045082020874914086,1.0000926640356853,0.1425061177501863,0.015508561720831185,0,3,0,0,0.021505355393904912
NG,tb_700_712#0,bo_694#0,694,700,712,2025-09-03 00:00:00,694,1,25.0,0.7738500450122175,25,1,0.7738500450122175,24,0.23610125781350305,0.05179851317367316,1.5247680593112751,0.05090310919742902,0.5689033892634922,13,0,0,0,0.021929838014795894
NGEN,tb_404_407#0,bo_401#0,401,404,407,2024-06-27 00:00:00,394,2,7.0,0.48224165625557736,90,2,2.54334713187463,33,0.10782087441917235,0.12946426813319636,2.6896457983228945,0.05882347166332158,0.18932339909128143,0,0,0,4,0.06190470567906269
NGEN,tb_728#0,bo_725#0,725,728,728,2025-10-13 00:00:00,722,2,3.0,1.8680005196829934,14,3,16.11303028534749,81,0.19728295849046565,0.07713504159254674,1.4192822935686134,0.31708277560524056,0.3930052484591475,0,1,0,0,0.013917728295314267
NGNE,tb_628#0,bo_625#0,625,628,628,2025-05-20 00:00:00,622,2,3.0,1.9573239727944127,128,2,1.9573239727944127,45,1.9693782208458985,0.11574295113520455,1.1983471118052933,0.31500349227387825,0.3579515671208864,0,0,0,1,0.07124424410555938
NGS,tb_325_327#0,bo_322#0,322,325,327,2024-03-05 00:00:00,320,2,2.0,0.5955814351772564,69,1,0.9311300420814945,41,0.6574499732262675,0.025000018659536924,0.6748533986508758,0.04562497185138259,0.4044067052643132,3,0,0,0,0.0
NGS,tb_504_508#0,bo_498#0,498,504,508,2024-11-18 00:00:00,496,2,2.0,0.8664326204586447,56,2,1.7966096094111426,80,0.909051682970523,0.026953145459992486,0.7483765865975261,0.15854247570838886,0.11953389170867972,0,0,0,5,0.00741046743757127
NGS,tb_508_516#0,bo_505#0,505,508,516,2024-11-22 00:00:00,496,3,7.0,2.0990055472872413,56,3,2.969600614976065,129,0.8415848450178016,0.02861177962637662,0.948956152129026,0.26440163717929743,0.08165248581889467,0,1,0,8,0.0
NGS,tb_624_644#0,bo_621#0,621,624,644,2025-05-14 00:00:00,621,1,76.0,0.5728592679503027,76,1,0.5728592679503027,9,1.1256955879193153,0.06792449951171872,1.5765607623600157,0.01740403739960472,0.1274112529370808,0,0,0,21,0.017989797867652205
NGVC,tb_460_462#0,bo_457#0,457,460,462,2024-09-17 00:00:00,457,1,70.0,0.760016694490818,70,1,0.760016694490818,30,0.9367512204159968,0.027236027981715424,0.8371068379698443,0.024202281628034283,0.18675473867673067,0,3,0,0,0.0
NGXXF,tb_196_216#0,bo_193#0,193,196,216,2025-05-29 00:00:00,191,2,2.0,2.2395194900710957,121,2,4.4533210640789695,41,0.40437342180701336,0.016829015148385897,0.46986169252730414,0.25605539186774307,0.39510990724974526,21,0,0,0,0.024885206602718823
NGXXF,tb_201_206#0,bo_195#0,195,201,206,2025-06-05 00:00:00,191,3,2.0,2.634776536312849,121,3,4.4533210640789695,103,0.41651590410279316,0.019516281105969525,0.5618037719296854,0.28143016827126677,0.342001885772868,6,0,0,0,0.027996556426479805
NHTC,tb_302#0,bo_298#0,298,302,302,2024-01-31 00:00:00,291,2,7.0,1.6111782758300008,23,1,2.1607910576096305,236,0.06987393226526221,0.011023574153623508,0.7077203253226768,0.021241610205307904,0.11718460386496288,1,0,0,0,0.0080000518382883
NICH,tb_435_451#0,bo_432#0,432,435,451,2024-08-12 00:00:00,432,1,150.0,0.5618935607174361,150,1,0.5618935607174361,7,0.7986162015279826,0.0,0.0,0.2857142857142858,0.017366948915796793,0,0,0,0,0.0
NIO,tb_460#0,bo_454#0,454,460,460,2024-09-17 00:00:00,452,2,2.0,2.970000710191778,87,2,2.970000710191778,46,0.2442623159586233,0.05263153051515313,1.228186643200924,0.3136793566836604,0.42513867940958927,1,0,0,0,0.05714280362031807
NIU,tb_590#0,bo_584#0,584,590,590,2025-03-26 00:00:00,583,2,1.0,9.801717448657596,20,3,15.703705849351156,110,0.23290284200067402,0.1255318509987304,2.533243779605854,0.4338235493916951,0.12903224034349847,0,1,0,0,0.050000011920928955
NL,tb_344_350#0,bo_341#0,341,344,350,2024-04-02 00:00:00,336,2,5.0,0.9285187914517318,0,2,3.4512094039635297,301,0.19764804385096335,0.04642850087613152,1.5829376962415007,0.07079653776052064,0.08199330214920313,0,7,0,0,0.004913937453945984
NL,tb_467_487#0,bo_462#0,462,467,487,2024-09-26 00:00:00,460,2,2.0,0.38377440697111503,21,1,0.9728053821836752,14,0.25752766825699025,0.024657575407222125,0.6117903118558055,0.02928255024049853,0.16145351588906665,9,0,0,12,0.012875384956505712
NL,tb_469#0,bo_466#0,466,469,469,2024-09-30 00:00:00,460,3,4.0,0.5739313244569025,21,2,1.6238297872340426,84,0.23778259478724537,0.010738359015201428,0.2944878939585721,0.06442170624351529,0.16958275938349,0,0,0,1,0.0
NMAD,tb_669_678#0,bo_662#0,662,669,678,2025-07-21 00:00:00,657,2,5.0,1.017166034279733,102,5,159.03344823014717,304,0.43010853534419907,0.14157301191578606,1.464746277397575,2.5762711676055408,0.5273715548884448,0,0,0,10,0.16876576107443783
NMR,tb_328#0,bo_325#0,325,328,328,2024-03-08 00:00:00,325,1,,0.554108169294268,0,1,0.554108169294268,23,0.09176853780521606,0.017377588442371188,1.1052813818842007,0.030664444756110187,0.05919992680267794,0,1,0,0,0.0
NMRA,tb_103_105#0,bo_100#0,100,103,105,2024-02-12 00:00:00,100,1,30.0,0.7355711335408244,30,1,0.7355711335408244,10,1.0763587312069782,0.03893993089600514,0.6689213293667611,0.052729431133299975,0.17001319435237003,0,3,0,0,0.019544006995682577
NMRA,tb_276#0,bo_270#0,270,276,276,2024-10-18 00:00:00,263,3,6.0,2.1589211505554498,58,2,2.1589211505554498,128,0.8192903471935867,0.04404491519084917,0.9239703263628877,0.16578346510667408,-0.021588780949739372,0,1,0,0,0.027712225160718872
NMRK,tb_673_675#0,bo_670#0,670,673,675,2025-07-25 00:00:00,670,1,107.0,1.0344840044801105,107,1,1.0344840044801105,80,0.39449595179696156,0.023119235257489972,0.787823595481387,0.027450995256926847,0.4308194779286762,3,0,0,0,0.0
NMRK,tb_681_684#0,bo_676#0,676,681,684,2025-08-06 00:00:00,670,2,6.0,2.9147763618223794,107,2,2.9147763618223794,103,0.40924874325590554,0.03043482690574623,1.1813291258493348,0.1686274123319902,0.23288196000567585,4,0,0,0,0.003296125995851409
NMRK,tb_688_694#0,bo_683#0,683,688,694,2025-08-15 00:00:00,670,3,7.0,0.9479899325912847,107,3,2.9147763618223794,166,0.47513973471537474,0.019461911364197306,0.707240508065373,0.2737255431146597,0.12778483006326286,4,0,0,3,0.006157732075713815
NN,tb_341#0,bo_338#0,338,341,341,2024-03-27 00:00:00,329,3,7.0,2.096376467068747,123,4,4.516821597718405,131,0.48187353785049336,0.05982906553948608,0.8861247033424955,0.5912596118999183,0.374819133108647,1,0,0,0,0.0028860002051844793
NN,tb_768_772#0,bo_765#0,765,768,772,2025-12-09 00:00:00,759,3,4.0,0.9351732968559224,104,2,0.940208233327264,38,0.8388984184458248,0.03567116527232647,0.7033045876463393,0.19521602820403472,0.08414653387963966,0,2,0,3,0.0
NOA,tb_536_537#0,bo_533#0,533,536,537,2025-01-06 00:00:00,528,2,5.0,0.8224496194738192,423,1,0.9146813162172768,36,0.541808025903274,0.0163117632682155,0.6496496313619528,0.06610753879476516,0.007138733001436248,0,2,0,0,0.0013780029226780678
NOAH,tb_472_473#0,bo_469#0,469,472,473,2024-10-03 00:00:00,460,5,4.0,2.513924100258749,82,4,2.8300898713979845,197,0.3690584993701212,0.08528787176885401,2.554661874635084,0.4353899528265095,0.13795979404960246,0,0,0,2,0.051244534496274405
NOAH,tb_474#0,bo_471#0,471,474,474,2024-10-07 00:00:00,460,6,2.0,2.93845416137477,82,6,2.93845416137477,332,0.44789652881042835,0.08456371191047088,2.210242160456832,0.5902211377481752,-0.03419398396640494,0,1,0,0,0.051244534496274405
NOV,tb_749#0,bo_746#0,746,749,749,2025-11-11 00:00:00,739,2,7.0,1.5119663077404089,65,3,3.673281804888239,156,0.5013026282570628,0.031249999999999972,0.979392561635874,0.10179210236821468,0.142285927710607,0,0,0,1,0.0
NPB,tb_96_98#0,bo_93#0,93,96,98,2025-07-08 00:00:00,93,1,,1.1072967607611486,0,1,1.1072967607611486,46,0.43564063401192643,0.04983815621975598,1.7549474419280182,0.015647225687663857,0.22264015245705293,3,0,0,0,0.0
NPB,tb_97_98#0,bo_94#0,94,97,98,2025-07-09 00:00:00,93,2,1.0,1.078002857863327,0,1,1.1072967607611486,47,0.4414023260587728,0.03129030043079005,1.0909601115549437,0.04765296738270708,0.23677980615032168,2,0,0,0,0.00459615420999855
NPCE,tb_508_512#0,bo_501#0,501,508,512,2024-11-22 00:00:00,496,2,5.0,6.750756341633698,80,4,6.750756341633698,56,0.574289311510781,0.14510557321042833,2.6328194755109164,0.3090128638253993,0.47123416255798417,3,0,0,2,0.07231412612303029
NPCE,tb_508_513#0,bo_502#0,502,508,513,2024-11-22 00:00:00,496,3,1.0,4.010227219046719,80,5,6.750756341633698,80,0.7011257824480516,0.14510557321042833,2.1565318545896837,0.38483556826029885,0.44908721854339456,3,0,0,3,0.07231412612303029
NPCE,tb_514_521#0,bo_509#0,509,514,521,2024-12-03 00:00:00,496,4,7.0,2.3846102464765213,80,6,6.750756341633698,80,0.7724334696667376,0.10787544281298869,1.7360713329136963,0.5250357934857084,0.3421640088961454,0,0,0,8,0.04315197417743352
NPIFF,tb_645_664#0,bo_642#0,642,645,664,2025-06-13 00:00:00,642,1,70.0,0.013419959527106187,70,1,0.013419959527106187,148,0.3148320970146151,0.022346405754959605,1.111482079338964,0.008502179124551423,0.06848857293541606,9,7,0,4,0.0
NPKI,tb_623_624#0,bo_620#0,620,623,624,2025-05-13 00:00:00,616,2,4.0,1.1897150013979907,240,3,2.792916940364216,75,0.39362079913932485,0.024249427465027902,0.5335084899124999,0.33443716399361545,0.04232389622557986,0,0,0,2,0.0
NPWR,tb_341_343#0,bo_338#0,338,341,343,2024-03-27 00:00:00,331,2,7.0,1.7970895324709726,123,2,2.3820976894262507,59,0.5131226093375192,0.05245346036942536,1.2082879886340414,0.2155555089314778,0.05840600140266742,0,0,0,3,0.0027422060440463305
NPWR,tb_347_349#0,bo_340#0,340,347,349,2024-04-05 00:00:00,331,3,2.0,1.8114295017909476,123,2,2.3820976894262507,61,0.49570270456717963,0.09644665136054312,2.2997643126515164,0.24666669633653426,0.1158069020428436,0,0,0,3,0.0743362954344573
NPWR,tb_507#0,bo_501#0,501,507,507,2024-11-21 00:00:00,500,2,1.0,4.199302536016999,9,4,5.064979229969687,160,0.7078239921052177,0.12102533281751117,2.44128442447308,0.41254124720035223,0.12509957537556726,0,1,0,0,0.03282444982093491
NRC,tb_642_662#0,bo_639#0,639,642,662,2025-06-10 00:00:00,639,1,17.0,0.6439202026599113,17,1,0.6439202026599113,13,0.6098324865081983,0.03725366691890496,0.9515764517840853,0.01987232940236372,0.03842626331045474,0,21,0,0,0.0
NRC,tb_648_652#0,bo_642#0,642,648,652,2025-06-18 00:00:00,639,2,3.0,0.8495724394655055,17,2,1.1996300863131937,57,0.6080758078235752,0.035087724999034495,0.9464393699275517,0.15046128753207277,0.027214246763792672,0,5,0,0,0.008636586872782959
NRC,tb_779#0,bo_774#0,774,779,779,2025-12-24 00:00:00,773,2,1.0,0.9598832968636032,14,2,1.0656665585468699,210,0.7622768801038993,0.03636836594537448,0.9015425695196829,0.035555557488083034,0.22198406920379243,1,0,0,0,0.031087958931127355
NRDE,tb_703#0,bo_696#0,696,703,703,2025-09-08 00:00:00,687,3,8.0,2.572377321362686,20,5,2.572377321362686,228,0.23702844313587268,0.09302327386619773,0.8437807928775412,0.2424242314775673,0.18571434410251175,0,0,0,1,0.07499998807907104
NRDS,tb_744_746#0,bo_738#0,738,744,746,2025-11-04 00:00:00,734,2,4.0,1.5000677292635571,21,2,1.5000677292635571,115,0.3948960590514636,0.04170067819268807,1.2914772470318714,0.07288886176215281,0.35296398005294066,3,0,0,0,0.01940932392460549
NRGV,tb_700#0,bo_697#0,697,700,700,2025-09-03 00:00:00,695,2,2.0,2.42361991793324,24,1,2.42361991793324,15,0.14947902895024404,0.10085832737798493,1.5721261821552763,0.18749996740371033,1.1209301118659925,1,0,0,0,0.0
NRGV,tb_713#0,bo_710#0,710,713,713,2025-09-22 00:00:00,710,1,13.0,1.2720536708025887,13,1,1.2720536708025887,10,0.17494892245740262,0.11320758677892533,2.057744217327539,0.04424774559935751,0.595394725490805,1,0,0,0,0.022508017879094178
NRIX,tb_322_325#0,bo_319#0,319,322,325,2024-02-29 00:00:00,319,1,45.0,0.963640763483469,45,1,0.963640763483469,38,0.6088232111596008,0.04461110004619654,0.9280191195522409,0.0931372379440838,0.37700541194463716,4,0,0,0,0.0
NRIX,tb_323_325#0,bo_320#0,320,323,325,2024-03-01 00:00:00,319,2,1.0,1.059693210511083,45,3,1.059693210511083,177,0.6474786688289347,0.1088680779625666,2.3321235147605788,0.16470591535205314,0.34693838247035197,3,0,0,0,0.0
NRIX,tb_758_766#0,bo_755#0,755,758,766,2025-11-24 00:00:00,755,1,14.0,1.230240033541805,14,1,1.230240033541805,14,0.8107390762772406,0.0509914809054946,1.110097742744682,0.1301261497491264,0.30580657596322874,2,0,0,7,0.0
NROM,tb_548_550#0,bo_545#0,545,548,550,2025-01-24 00:00:00,538,2,7.0,6.814027630180659,18,5,6.814027630180659,140,0.03295233157461912,0.0,0.0,0.5312500640284283,-0.00653594160147164,0,3,0,0,0.0
NRSN,tb_627#0,bo_622#0,622,627,627,2025-05-19 00:00:00,622,1,95.0,1.4981831700384953,95,1,1.4981831700384953,19,0.0730170531340507,0.050359664721725636,0.9586792432486453,0.053639839743439666,0.89781014276139,1,0,0,0,0.03333328287437441
NRSN,tb_626_627#0,bo_623#0,623,626,627,2025-05-16 00:00:00,622,2,1.0,6.3054286624880485,95,3,6.3054286624880485,59,0.07323011899622335,0.10071941520553097,1.9117814857313749,0.20689650841253315,0.933753480970793,2,0,0,0,0.03333328287437441
NRT,tb_644_647#0,bo_637#0,637,644,647,2025-06-12 00:00:00,633,2,4.0,0.9322610294117648,10,3,3.105720421710269,98,0.18509701630334843,0.06642731964364909,1.6769481733120102,0.09812127040301966,0.07286784865376639,0,0,0,4,0.026217434570572264
NRXS,tb_131_133#0,bo_128#0,128,131,133,2024-02-15 00:00:00,128,1,,3.4167394151025756,0,1,3.4167394151025756,17,0.2760166940628798,0.11948047042154264,1.6665651376275097,0.23800001144409189,0.06526926298979426,0,0,0,3,0.011842062747378885
NRXS,tb_598_599#0,bo_595#0,595,598,599,2025-12-26 00:00:00,593,2,2.0,1.4134431890467392,45,2,39.2527961736571,40,0.23368278747945,0.13647057028377757,2.4819967699035588,0.46014500859904994,0.42066330885731784,2,0,0,0,0.13647646702257096
NTGR,tb_341_343#0,bo_336#0,336,341,343,2024-03-27 00:00:00,336,1,23.0,0.7040479041916168,23,1,0.7040479041916168,23,0.4202715557688685,0.012554975461894456,0.47588460411878325,0.03238869809682132,0.00654923521961126,0,3,0,0,0.0038709948139805947
NTGR,tb_341_343#1,bo_337#0,337,341,343,2024-03-27 00:00:00,336,2,1.0,1.1959413334436606,23,2,1.1959413334436606,66,0.43596640104598056,0.012554975461894456,0.4587526985098088,0.04588396215779045,0.00654923521961126,0,3,0,0,0.0038709948139805947
NTGR,tb_497_517#0,bo_494#0,494,497,517,2024-11-07 00:00:00,493,2,1.0,1.742708962381443,35,2,1.9108601967841088,474,0.83467406654743,0.04303275629000986,1.2579751535875483,0.057025547246774444,0.2917996642147225,21,0,0,0,0.003452737308702276
NTHI,tb_115_116#0,bo_112#0,112,115,116,2025-09-10 00:00:00,105,2,7.0,0.8484320692953059,0,2,0.8484320692953059,40,0.5839616634499555,0.19196866119725264,3.3563847780136706,0.39085423874080094,0.31954980236650754,0,0,0,2,0.0
NTHI,tb_118#0,bo_115#0,115,118,118,2025-09-15 00:00:00,105,3,3.0,1.4897255582446687,0,3,1.4897255582446687,77,0.6651697857089711,0.08733060582240705,1.434219562951622,0.7135461905854326,0.30290866832537766,0,0,0,1,0.04957097382604871
NTPIF,tb_524_529#0,bo_521#0,521,524,529,2024-12-19 00:00:00,521,1,386.0,7.505991703794746,386,1,7.505991703794746,44,0.23426586219924386,0.14634144355823805,2.5611922240819984,1.0333333015441895,0.5097433002295527,6,0,0,0,0.0
NTPIF,tb_533_540#0,bo_529#0,529,533,540,2025-01-03 00:00:00,521,2,8.0,0.7005890839144026,386,3,7.505991703794746,126,0.32400558867202534,0.06363634629683061,1.0802279863970363,2.0,0.13807230510830476,0,0,0,8,0.0
NTPIF,tb_537_550#0,bo_531#0,531,537,550,2025-01-10 00:00:00,521,3,2.0,1.0637075718015665,386,4,7.505991703794746,151,0.3446783086275735,0.02586208455769491,0.4351886719088768,2.1666666666666665,0.10402406993822375,0,0,0,14,0.0545454892245206
NTPIF,tb_537_550#1,bo_532#0,532,537,550,2025-01-10 00:00:00,521,4,1.0,0.8152642779087824,386,8,7.505991703794746,310,0.3379155722970325,0.02586208455769491,0.4438981439884027,2.6000000635782876,0.10402406993822375,0,0,0,14,0.0545454892245206
NTWK,tb_665#0,bo_660#0,660,665,665,2025-07-15 00:00:00,655,3,2.0,5.986917887115354,177,3,5.986917887115354,182,0.12123693256612635,0.05343512330274639,1.732145755439929,0.20408159624317213,0.22340423305847357,0,0,0,1,0.01917812872120769
NUS,tb_687_707#0,bo_684#0,684,687,707,2025-08-14 00:00:00,684,1,13.0,2.3628722821121872,13,3,2.3628722821121872,239,0.4339843346448765,0.06605346964362607,1.770352464510678,0.1847702622393057,0.23875845649815616,11,0,0,10,0.008665503312635874
NUTX,tb_437_438#0,bo_434#0,434,437,438,2024-08-14 00:00:00,434,1,9.0,1.9285371772330315,9,1,1.9285371772330315,8,0.721485300932555,0.16040264770719406,3.312609954158798,0.2784810455119333,1.0561410176940238,2,0,0,0,0.0
NUVB,tb_500_501#0,bo_497#0,497,500,501,2024-11-12 00:00:00,497,1,75.0,1.8172799640468889,75,1,1.8172799640468889,15,0.16519458599326084,0.06168825438581824,1.1501576620049219,0.03149603342816265,0.17518361517561176,0,0,0,2,0.026578047827083954
NVAX,tb_381_388#0,bo_376#0,376,381,388,2024-05-23 00:00:00,372,3,3.0,2.015985670441774,52,8,24.9474593880061,334,1.2135271817893916,0.1471264093141755,2.1095526366105513,2.2214765759335475,0.5044788526455358,5,1,0,2,0.0965277379493644
NVAX,tb_689#0,bo_686#0,686,689,689,2025-08-18 00:00:00,682,2,4.0,0.9188443490457601,11,2,2.115236297507575,59,0.519597707838438,0.09210530679405986,1.8860754794079322,0.16754623621984632,0.019567412938914952,0,1,0,0,0.0
NVCR,tb_377#0,bo_374#0,374,377,377,2024-05-17 00:00:00,371,3,2.0,2.1210548721411584,44,2,2.1210548721411584,46,0.8837494188546596,0.03792016065843284,0.95728353081635,0.26762313315137165,0.12482950740357457,0,1,0,0,0.008119093574936561
NVCT,tb_488#0,bo_485#0,485,488,488,2024-10-25 00:00:00,483,3,1.0,2.3340224453632605,150,2,4.365739570164349,50,0.42771238508978904,0.05827609367985261,1.2297984375125381,0.19378689668462745,0.3470319500483696,0,1,0,0,0.0
NVNXF,tb_478_481#0,bo_471#0,471,478,481,2024-10-11 00:00:00,468,2,3.0,2.1623376623376624,91,2,2.1623376623376624,45,0.04905431737039275,0.07166673454973163,0.8765801817978249,0.21428572949098124,0.2377932074964526,0,4,0,0,0.02333333002196431
NVRI,tb_421_426#0,bo_415#0,415,421,426,2024-07-23 00:00:00,415,1,26.0,1.0154425914633032,26,1,1.0154425914633032,26,0.35773517377935254,0.05132900767869549,1.565402305918581,0.02953593883607475,0.17072335083778836,1,0,0,5,0.028901752160628152
NVRI,tb_421_426#1,bo_416#0,416,421,426,2024-07-23 00:00:00,415,2,1.0,1.0235972370782647,26,2,1.0235972370782647,239,0.36361127094208573,0.05132900767869549,1.5401048061339575,0.09493677380413468,0.17072335083778836,1,0,0,5,0.028901752160628152
NVRI,tb_764#0,bo_757#0,757,764,764,2025-12-03 00:00:00,757,1,24.0,10.491086167051833,24,1,10.491086167051833,7,0.601180694922073,0.027748157103240183,0.8649653293192923,0.28224023653934704,0.05686161597158801,0,0,0,1,0.005434803453420628
NVTS,tb_519_520#0,bo_516#0,516,519,520,2024-12-10 00:00:00,513,2,3.0,4.609909143912156,24,2,4.609909143912156,72,0.277314514073371,0.13445015228883878,2.2573644571489213,0.3709090839732776,0.08058661215329799,0,0,0,2,0.0
NWGL,tb_114_116#0,bo_111#0,111,114,116,2024-02-26 00:00:00,103,2,8.0,0.9661016949152542,67,2,2.184919966301601,72,0.9470367805960228,0.07958667889668851,1.3906538965363728,0.579545376960898,0.3804471882772153,3,0,0,0,0.0
NWGL,tb_355#0,bo_352#0,352,355,355,2025-02-11 00:00:00,352,1,196.0,0.7340756084930088,196,1,0.7340756084930088,14,0.075424469341495,0.03773588725110657,0.7954986294589858,0.07340178160970368,0.22727274838417233,0,1,0,0,0.0
NXDR,tb_327_329#0,bo_324#0,324,327,329,2024-03-07 00:00:00,322,2,2.0,2.4245116048216304,50,2,2.4245116048216304,125,0.12180326245920593,0.0711297359130289,1.3956939482707316,0.13397128367876454,0.03019268386199932,0,0,0,3,0.07172989286253206
NXDR,tb_668_669#0,bo_665#0,665,668,669,2025-07-18 00:00:00,665,1,168.0,1.6641729822321907,168,1,1.6641729822321907,77,0.07129007027341197,0.07142856273984786,1.9638076545296803,0.03488368708227374,0.2746497304518071,1,1,0,0,0.0
NXDR,tb_669#0,bo_666#0,666,669,669,2025-07-21 00:00:00,665,2,1.0,1.68323342215529,168,1,1.68323342215529,78,0.07262648769454765,0.11971152038616475,3.4285005536437625,0.05813954777818142,0.2195122234882314,0,1,0,0,0.0
NXDT,tb_416_418#0,bo_413#0,413,416,418,2024-07-16 00:00:00,413,1,151.0,2.7934165936869357,151,1,2.7934165936869357,26,0.15794929415212494,0.03062791419238943,0.9552790463825314,0.14666651577679968,0.030592517455095242,0,2,0,1,0.0
NXDT,tb_417#0,bo_414#0,414,417,417,2024-07-17 00:00:00,413,2,1.0,1.276840426424914,151,2,2.7934165936869357,37,0.18923840349281335,0.04918031621907223,1.315593933013721,0.18476179285574212,0.010573854828410889,0,1,0,0,0.0
NXDT,tb_775#0,bo_772#0,772,775,775,2025-12-18 00:00:00,770,2,2.0,2.8300967339005547,99,2,4.846918947803065,35,0.21994862380697672,0.09684680693626227,1.837814593136887,0.21333342125532817,0.272277224666968,0,0,0,1,0.051643214849004936
NXDT,tb_780#0,bo_774#0,774,780,780,2025-12-26 00:00:00,770,3,2.0,3.4090625649553106,99,3,4.846918947803065,62,0.266676770873804,0.13738743476036439,2.1503020311209635,0.4200000727047266,0.3247422425680342,0,0,0,1,0.06930693380086674
NXE,tb_478_480#0,bo_471#0,471,478,480,2024-10-11 00:00:00,466,2,5.0,0.9441840282902465,123,1,1.8674911195895276,26,0.25886617795279204,0.030154298616690743,0.8305455517139786,0.02567977027685231,0.24061042284509693,3,0,0,0,0.021707615317307187
NXE,tb_623#0,bo_618#0,618,623,623,2025-05-13 00:00:00,612,2,6.0,1.023532979316084,105,1,1.105132113709276,30,0.2603528889508956,0.05872481583765007,1.3443288685710757,0.05686273868154523,0.27192986712304723,1,0,0,0,0.008928520490927705
NXG,tb_345_352#0,bo_342#0,342,345,352,2024-04-03 00:00:00,342,1,11.0,1.3001492634174834,11,1,1.3001492634174834,135,0.44673976980525915,0.02872708808143316,1.8797331705347848,0.009085733761885928,0.07415035883491841,0,8,0,0,0.0
NXGL,tb_426_428#0,bo_421#0,421,426,428,2024-07-30 00:00:00,420,2,1.0,10.415569497216577,96,2,15.734362934362935,40,0.20013907794820024,0.0962963071979231,1.5589161269163812,0.3188406314568102,0.009141189611774828,0,0,0,3,0.05830387501811307
NXGL,tb_427#0,bo_424#0,424,427,427,2024-07-31 00:00:00,420,3,3.0,11.536817518248176,96,3,15.734362934362935,85,0.24667513144800007,0.046296325594418354,0.6080876271836594,0.5169083121588065,0.0031847102322188903,0,0,0,1,0.04777072941276519
NXL,tb_349_352#0,bo_344#0,344,349,352,2024-04-09 00:00:00,341,3,2.0,16.481036694603468,15,7,35.4743926285706,332,0.215365142800789,0.3323529655133145,5.246903467039505,3.629032037880866,0.07621646831520923,0,4,0,0,0.16376299962816668
NXPL,tb_459#0,bo_454#0,454,459,459,2024-09-16 00:00:00,453,2,1.0,0.641440556470026,33,2,0.8046181886408106,36,0.7613227750860799,0.033557047838993145,0.6567516648158422,0.06504066490482452,0.013605429378242606,0,1,0,0,0.014598526426976982
NXPL,tb_458_459#0,bo_455#0,455,458,459,2024-09-13 00:00:00,453,3,1.0,0.5471258005851191,33,2,0.8046181886408106,37,0.7926569170756066,0.05442178238877514,1.0092641261320832,0.11382110543257085,0.024163826260144794,0,2,0,0,0.014598526426976982
NXTC,tb_645#0,bo_642#0,642,645,645,2025-06-13 00:00:00,642,1,226.0,1.1202723446556753,226,1,1.1202723446556753,13,0.5613829582181481,0.15775400132043946,2.5223421349807613,0.03969751938765942,0.1145374300250801,0,1,0,0,0.0
NZAUF,tb_439_440#0,bo_436#0,436,439,440,2025-12-16 00:00:00,431,3,2.0,1.7067314641917828,37,2,1.7067314641917828,41,0.057633188705522156,0.11621106299357703,2.1978666353025287,0.1806369192675994,0.13733965844527585,0,0,0,2,0.023176546794533247
OBE,tb_643_650#0,bo_640#0,640,643,650,2025-06-11 00:00:00,637,2,3.0,0.7212317767600277,275,2,0.7212317767600277,34,0.2297824129803156,0.05451442948260649,1.3926204824545543,0.05811632304448011,0.1233324026342573,0,0,0,8,0.0
OBIO,tb_391#0,bo_388#0,388,391,391,2024-06-07 00:00:00,383,2,5.0,3.5974661852010525,117,2,7.5040715312150725,64,0.5292918259908314,0.041717753578502145,0.6423671386087532,0.490566002087647,0.11152880505743767,0,0,0,1,0.001251533458214144
OBIO,tb_738_749#0,bo_731#0,731,738,749,2025-10-27 00:00:00,727,3,2.0,1.4191199824094207,87,3,3.698067025798485,87,0.21793191882953292,0.08536583238382647,1.60600570358094,0.2822300395459181,0.40519801242357717,6,0,0,6,0.0978261214629908
OCC,tb_536_545#0,bo_530#0,530,536,545,2025-01-06 00:00:00,528,2,2.0,1.3693543715540433,0,3,4613.345422116528,333,0.48887616013346724,0.1,1.0227539012405429,0.838095271614405,0.3331842592867901,0,3,0,7,0.06718346205472711
OCS,tb_301#0,bo_298#0,298,301,301,2024-01-30 00:00:00,298,1,33.0,9.293688278231,33,1,9.293688278231,30,0.5402024026626996,0.0736260299221,1.9714842599887503,0.0729253866977384,0.03358214744403187,0,0,0,1,0.004457683465575935
OCUL,tb_415_429#0,bo_412#0,412,415,429,2024-07-15 00:00:00,403,3,8.0,0.6564549857053952,86,2,3.0049315190488737,29,0.39169738890849404,0.045818604175723206,0.9931134339415256,0.09146340089422966,0.15821730532581976,0,0,0,15,0.0
OCUL,tb_482_493#0,bo_479#0,479,482,493,2024-10-17 00:00:00,473,2,6.0,2.4401477535689287,31,2,4.111683732856492,142,0.48280332391199704,0.04835919426873027,1.15989148832881,0.13326116542933542,0.05063785477545681,0,12,0,0,0.03312991330377303
OCUL,tb_662_671#0,bo_658#0,658,662,671,2025-07-10 00:00:00,653,2,5.0,0.5407000384392339,13,1,2.037636729220461,16,0.5423137171140339,0.056888919406467016,1.1801293663169121,0.04679002446242175,0.22139826810346963,0,0,0,10,0.001039524844158016
OCUL,tb_671_677#0,bo_667#0,667,671,677,2025-07-23 00:00:00,653,4,6.0,1.2265400853385025,13,3,2.2863345233095336,168,0.5262827980683076,0.03302679402205683,0.7505479168490773,0.23830257171418445,0.16619310170647467,2,0,0,5,0.004393689827069014
OESX,tb_707_710#0,bo_704#0,704,707,710,2025-09-12 00:00:00,704,1,304.0,0.5986349806759313,304,2,0.5986349806759313,23,0.4895709448193438,0.03630362136045783,0.6740594538914635,0.07181568086077772,0.35178294556118545,3,0,0,1,0.0
OESX,tb_708_710#0,bo_705#0,705,708,710,2025-09-15 00:00:00,704,2,1.0,1.3217908487192584,304,4,1.3217908487192584,96,0.508887322252379,0.05084741139541855,0.9432334452974952,0.18834692706885625,0.41816474171935814,3,0,0,0,0.0
OFIX,tb_500_501#0,bo_495#0,495,500,501,2024-11-12 00:00:00,495,1,64.0,1.2997374776856032,64,1,1.2997374776856032,64,0.5594720680279744,0.07670044320784213,2.8419652087231424,0.021927245380237492,0.049097520097991065,0,0,0,2,0.03846156044742092
OFIX,tb_500_501#1,bo_496#0,496,500,501,2024-11-12 00:00:00,495,2,1.0,2.450084916296793,64,1,2.450084916296793,65,0.556652531055622,0.07670044320784213,2.8563602317098136,0.06174262547806153,0.049097520097991065,0,0,0,2,0.03846156044742092
OGC,tb_461_462#0,bo_458#0,458,461,462,2024-09-18 00:00:00,457,2,1.0,1.1755045539080453,44,2,4.702341653433493,40,0.28908693640650707,0.05519483133278462,1.743955172082051,0.09803908463208533,0.097773468229161,0,0,0,2,0.0034247982129993657
OGG,tb_705_708#0,bo_702#0,702,705,708,2025-09-10 00:00:00,695,2,7.0,2.614956536440356,31,4,3.6935086432736677,210,0.1374351529189946,0.03769471964500737,0.880415591851755,0.13409967705699755,0.24802068036226194,1,0,0,3,0.023648625790768367
OGI,tb_439_441#0,bo_436#0,436,439,441,2024-08-16 00:00:00,436,1,100.0,5.162673239322801,100,1,5.162673239322801,15,0.09231496751711968,0.07211537579812914,1.624871677827594,0.2569443547615333,0.03432530129103547,0,0,0,3,0.0
OGI,tb_440#0,bo_437#0,437,440,440,2024-08-19 00:00:00,436,2,1.0,2.5491680147908484,100,1,5.162673239322801,16,0.11429246813433556,0.05288456688971031,0.9624422054350509,0.31944437545758975,0.03266334518038039,0,0,0,1,0.03864730738456077
OGN,tb_369_374#0,bo_366#0,366,369,374,2024-05-07 00:00:00,363,2,3.0,1.9654339604136402,50,1,1.9654339604136402,53,0.4656537242311803,0.028612231462448925,1.1941663890728305,0.05121308035017402,0.07140192129805685,0,0,0,6,0.013539529413005754
OI,tb_622_635#0,bo_615#0,615,622,635,2025-05-12 00:00:00,614,2,1.0,1.0108234179406352,152,2,1.455204512423005,59,0.547082119495302,0.04951185708452321,1.2977942667948401,0.05432105529286124,0.19393489628808672,13,0,0,1,0.021292755976709748
OI,tb_622_635#1,bo_617#0,617,622,635,2025-05-12 00:00:00,614,3,2.0,0.7385390330867472,152,2,1.455204512423005,61,0.5466676902279176,0.04951185708452321,1.2987781257951394,0.09053501366305294,0.19393489628808672,13,0,0,1,0.021292755976709748
OI,tb_653_654#0,bo_650#0,650,653,654,2025-06-26 00:00:00,650,1,28.0,3.1970477147981087,28,1,3.1970477147981087,28,0.3917123125130879,0.021194600524992516,0.8424548148330893,0.02639086116107725,0.04962230915400356,0,2,0,0,0.0
OI,tb_658_664#0,bo_652#0,652,658,664,2025-07-03 00:00:00,650,2,2.0,1.6322961031874745,28,1,3.1970477147981087,30,0.42555806071012503,0.01712114457363563,0.6344620927004049,0.0834521458215598,0.011984370069845365,0,7,0,0,0.02901352692614232
OI,tb_769_789#0,bo_766#0,766,769,789,2025-12-10 00:00:00,764,2,2.0,1.214847513270413,104,1,2.0404912822037993,21,0.49561525242049076,0.05365527826438692,1.6141557121735344,0.08339591447655348,0.12683884819891011,3,1,0,11,0.020110954252335875
OKLO,tb_490#0,bo_484#0,484,490,490,2024-10-29 00:00:00,473,4,3.0,9.742708422990203,102,5,14.47549685656784,113,1.665225473031186,0.14561575152016626,2.2189185516711225,1.370882022073355,0.13204511539843078,0,0,0,1,0.12145946691848919
OKYO,tb_646#0,bo_643#0,643,646,646,2025-06-16 00:00:00,641,2,2.0,9.850173166691764,13,2,9.850173166691764,369,0.15760817241921424,0.1961414519845281,3.8703570108872047,0.22631576470721093,0.3082031452999221,0,0,0,1,0.14950167744500828
OLN,tb_703_712#0,bo_698#0,698,703,712,2025-09-08 00:00:00,693,3,2.0,0.7034637150888735,71,4,1.2097741432763456,89,0.8761765693233156,0.04704499604650417,1.3473747664272941,0.13480441843112057,0.04934616392978697,0,10,0,0,0.011062699650929247
OLN,tb_707#0,bo_704#0,704,707,707,2025-09-12 00:00:00,693,4,6.0,1.2661607382432891,71,5,1.3993460761592362,119,0.9447727908614701,0.028044288493866743,0.7848416367233988,0.21682121324014103,0.016679315093705016,0,1,0,0,0.020423324947326117
OM,tb_625_634#0,bo_622#0,622,625,634,2025-05-15 00:00:00,620,2,2.0,2.95748994262451,57,2,6.373689572159227,56,1.3337273912284604,0.1253164750111254,1.8557018456298406,0.3875639891921241,0.16420275844663415,0,0,0,10,0.0
OM,tb_626_627#0,bo_623#0,623,626,627,2025-05-16 00:00:00,620,3,1.0,4.701348990528475,57,2,6.373689572159227,57,1.377175394385342,0.06673415350607406,0.9584847417071316,0.46848382514714126,0.12487674992887154,0,0,0,2,0.0025575058318040396
OMDA,tb_57_77#0,bo_51#0,51,57,77,2025-08-28 00:00:00,47,2,4.0,,0,2,0.0,15,1.2897673235903053,0.03937650194908662,0.7443195892111157,0.0716774775072424,0.16424328063987848,0,2,0,19,0.014778349808356881
OMER,tb_423_428#0,bo_416#0,416,423,428,2024-07-25 00:00:00,415,2,1.0,1.4579393471581041,41,2,1.4579393471581041,93,0.22740928678027053,0.07394359368838842,1.8468885127923687,0.19437937410153316,0.05023272130651687,0,6,0,0,0.06153840510802654
OMER,tb_423_428#1,bo_417#0,417,423,428,2024-07-25 00:00:00,415,3,1.0,1.8428277180382608,41,3,1.8428277180382608,103,0.2604514846688554,0.07394359368838842,1.6125828577663328,0.2177985556189228,0.05023272130651687,0,6,0,0,0.06153840510802654
OMER,tb_511#0,bo_508#0,508,511,511,2024-11-27 00:00:00,496,3,6.0,7.530069975264831,79,4,58.58365799450908,371,0.5609370123545694,0.09767808932836129,2.1749310287682144,1.47954536612369,0.14189761173043447,0,1,0,0,0.019753068201922765
OMEX,tb_389#0,bo_386#0,386,389,389,2024-06-05 00:00:00,383,2,3.0,1.7258326563769293,105,2,6.811940298507462,68,0.24663916981210635,0.05394994349158171,1.1352625376644685,0.2252474891100542,0.11440000534057626,0,1,0,0,0.02723732881754308
ONDS,tb_532#0,bo_529#0,529,532,532,2024-12-30 00:00:00,522,5,1.0,3.5476007531853244,67,6,9.666243445185229,247,0.2639703935374163,0.18789813148936058,2.2350997196367834,0.9803921751955851,0.21863804367554973,0,1,0,0,0.0
ONDS,tb_696_706#0,bo_693#0,693,696,706,2025-08-27 00:00:00,693,1,10.0,2.459004999253377,10,1,2.459004999253377,8,0.43562202890025487,0.08991823347298035,1.1363059090669243,0.18157890196322013,1.1003013231387875,11,0,0,0,0.0
ONEI,tb_326#0,bo_320#0,320,326,326,2024-03-06 00:00:00,312,2,8.0,3.388893804090382,10,3,6.166376628893243,74,0.0712657210211097,0.09090912374911526,1.2628797139643344,0.333333300219643,0.5444444694636787,1,0,0,0,0.09090912374911526
ONEI,tb_332#0,bo_327#0,327,332,332,2024-03-14 00:00:00,312,3,7.0,4.841307637444952,10,4,6.166376628893243,96,0.0930329195355054,0.133823558157084,1.9562972108871257,0.949999850988394,0.022058802260453536,0,1,0,0,0.008264454667762735
ONL,tb_416_429#0,bo_413#0,413,416,429,2024-07-16 00:00:00,413,1,257.0,0.9254105772877104,257,1,0.9254105772877104,39,0.10898869495255858,0.04076740364116054,1.4056447671702208,0.11143679565921283,0.07376581966896519,0,4,0,10,0.0
ONL,tb_699_708#0,bo_696#0,696,699,708,2025-09-02 00:00:00,693,2,3.0,0.5679581480961147,27,1,0.5679581480961147,24,0.10913786964067093,0.028903535620796738,0.7709820565439401,0.05860815419760512,0.015713591474315558,0,10,0,0,0.006920500523133986
ONT,tb_647#0,bo_644#0,644,647,647,2025-06-17 00:00:00,642,2,2.0,0.6629338127707594,71,1,1.1265967080039303,24,1.0181003418698698,0.036250034968058266,0.8545334909086978,0.05967448665205222,0.37693633025627005,1,0,0,0,0.020477877075451994
OPEN,tb_703#0,bo_700#0,700,703,703,2025-09-08 00:00:00,693,2,7.0,1.1979985370252328,24,1,3.4825552833440225,31,0.6896608731484665,0.1830601258420133,1.9429841604185405,0.42500006953875413,0.7996688665912253,0,0,0,1,0.09172934207013722
OPFI,tb_418#0,bo_415#0,415,418,418,2024-07-18 00:00:00,413,2,2.0,1.2996984708162824,31,3,1.2996984708162824,102,0.149968473313804,0.026764021883460318,0.7110163153994029,0.09798266031855074,0.19607848609208034,0,1,0,0,0.0
OPFI,tb_542_545#0,bo_539#0,539,542,545,2025-01-15 00:00:00,535,2,4.0,8.601717943423498,38,2,8.601717943423498,27,0.6181517415482167,0.1035953441875185,1.9429545040960026,0.1497524631921412,0.5397199250896105,4,0,0,0,0.0
OPHC,tb_622_625#0,bo_619#0,619,622,625,2025-05-12 00:00:00,619,1,121.0,0.2861295303842311,121,1,0.2861295303842311,32,0.14569313381590923,0.027196675467537318,0.89228717260746,0.006696475375139288,0.008075362193002533,0,0,0,4,0.0
OPHC,tb_623_625#0,bo_620#0,620,623,625,2025-05-13 00:00:00,619,2,1.0,0.3232397269687114,121,1,0.3232397269687114,33,0.14100076166520534,0.01673648473467754,0.5673756623610816,0.026785688626827175,0.010767149590670044,0,0,0,3,0.010460290489583053
OPRA,tb_564_565#0,bo_558#0,558,564,565,2025-02-18 00:00:00,558,1,50.0,1.1784569141571763,50,1,1.1784569141571763,49,0.804110646960346,0.03777779473198778,0.9875216933841908,0.044898013605686016,0.0034849203866333944,0,2,0,0,0.021636961053066762
OPRT,tb_512_519#0,bo_509#0,509,512,519,2024-11-29 00:00:00,509,1,10.0,2.72561669829222,10,2,2.72561669829222,75,0.19138880621760374,0.06419758435484406,1.3584923487438598,0.0949366911923426,0.319317959330359,5,0,0,3,0.0
OPRT,tb_557#0,bo_554#0,554,557,557,2025-02-06 00:00:00,553,2,1.0,1.3276222019903934,43,3,1.8675619486430297,181,0.2236545039945015,0.050762332206771656,1.265344481404063,0.12682926659070604,0.7152133793255611,1,0,0,0,0.012820544170753114
OPRX,tb_642_644#0,bo_639#0,639,642,644,2025-06-10 00:00:00,637,2,2.0,1.7541034126994761,10,2,1.7541034126994761,264,0.9257540028510237,0.07165706189114408,1.2098245128941854,0.14817812689721332,0.1422674751392734,0,0,0,3,0.0
OPTU,tb_385_391#0,bo_382#0,382,385,391,2024-05-30 00:00:00,382,1,62.0,0.46747917941484557,62,1,0.46747917941484557,16,0.15461489827441607,0.08243728394918248,1.4875669915409706,0.030973421919550104,0.04165815301600224,0,7,0,0,0.0
OPTU,tb_467_487#0,bo_461#0,461,467,487,2024-09-26 00:00:00,453,2,8.0,1.1790634516557223,70,2,1.274039047952056,26,0.1655331231182764,0.08171207922250678,1.2686285028098205,0.08411206519388603,0.1763265544937108,2,0,0,19,0.039473647060816505
OPXS,tb_315#0,bo_312#0,312,315,315,2024-02-20 00:00:00,312,1,115.0,1.3845184770436731,115,1,1.3845184770436731,7,0.35051713322415384,0.032258102857967486,0.6276448315241686,0.0878378334839558,0.14331862560265463,0,0,0,1,0.0
OPXS,tb_655_664#0,bo_648#0,648,655,664,2025-06-30 00:00:00,642,2,6.0,5.361635532591415,19,3,8.862359361315098,162,0.7172304657304417,0.05541560502668847,0.9202060968505464,0.12255966179110178,0.21329903248888674,0,0,0,10,0.041284387615952364
OPXS,tb_657_662#0,bo_654#0,654,657,662,2025-07-02 00:00:00,642,3,6.0,2.27593085106383,19,4,8.862359361315098,162,0.7995665572865788,0.054999987284342446,0.8254470392707455,0.2462038436383771,0.20176557886295277,0,0,0,6,0.006814303685325812
OPXS,tb_730_733#0,bo_725#0,725,730,733,2025-10-15 00:00:00,723,2,2.0,2.0845588235294117,69,3,2.0845588235294117,59,0.6778161308610798,0.17736489479780332,4.647278854521965,0.20784310733570766,0.13207306656157997,0,2,0,2,0.07896441955275575
OR,tb_636_650#0,bo_629#0,629,636,650,2025-06-02 00:00:00,621,2,8.0,1.5015865400342387,231,1,1.5015865400342387,22,0.8021169095343507,0.04900515672868199,1.6485298499077876,0.053563835799721904,0.15570714646310793,10,0,0,5,0.021645025567059627
ORGO,tb_507_511#0,bo_501#0,501,507,511,2024-11-21 00:00:00,499,2,2.0,5.367966460741807,19,2,5.367966460741807,191,0.16099785825156046,0.13566741809383048,3.8509836758754012,0.3506097155426453,0.023578599931101295,0,5,0,0,0.09593673371700608
ORIC,tb_416#0,bo_413#0,413,416,416,2024-07-16 00:00:00,413,1,90.0,1.9179514811594558,90,1,1.9179514811594558,24,0.5930033151173346,0.05364330433259725,1.0117993713930713,0.028938956052683817,0.09963605912954443,0,1,0,0,0.0
ORIC,tb_420_428#0,bo_415#0,415,420,428,2024-07-22 00:00:00,413,2,2.0,1.0281843159085604,90,2,1.9179514811594558,46,0.6131763529376989,0.15217388704174295,2.968150493907155,0.15219722271229075,0.14039217853848263,0,6,0,3,0.07006365060288011
ORIC,tb_557_558#0,bo_550#0,550,557,558,2025-02-06 00:00:00,542,2,8.0,2.2401674118014574,80,3,2.7206872533085678,49,0.7622645212583119,0.07067673087045868,1.2331684183672968,0.17860751614702486,0.18370374780458065,0,2,0,0,0.04537676993130279
ORIO,tb_630_641#0,bo_623#0,623,630,641,2025-05-22 00:00:00,616,2,7.0,1774.1134653507556,117,4,1774.1134653507556,87,0.1140796946125775,0.512820500504347,12.272122404540426,0.5612244302160996,1.7334990050130694,12,0,0,0,0.1437908710615159
ORKA,tb_455_457#0,bo_448#0,448,455,457,2024-09-10 00:00:00,442,3,4.0,19.43050759106014,66,4,19.43050759106014,71,2.086458724497649,0.18545457088586056,2.93320005201967,0.266587143133582,0.11896829228623851,0,0,0,3,0.13147553895205946
ORKT,tb_239_243#0,bo_236#0,236,239,243,2025-07-10 00:00:00,236,1,18.0,1.5482112537606862,18,1,1.5482112537606862,18,0.21551296096046466,0.12592592320051924,1.8931575648735675,0.06260575159588666,0.16877199800109505,0,2,0,3,0.0
OSCR,tb_371_373#0,bo_368#0,368,371,373,2024-05-09 00:00:00,359,3,8.0,1.520461901268477,60,2,1.520461901268477,55,0.9122456744117268,0.06641251316541023,1.6234650757592937,0.17243504051642233,0.06928961120982564,0,3,0,0,0.0
OSCR,tb_461_463#0,bo_458#0,458,461,463,2024-09-18 00:00:00,456,2,2.0,0.9139622451356405,88,2,3.242018990184128,65,1.186045888486777,0.050627435975482936,0.9864711708471046,0.2405281581921226,0.027326343197933367,0,3,0,0,0.0
OSPN,tb_519#0,bo_514#0,514,519,519,2024-12-10 00:00:00,509,2,5.0,1.3523875448856864,13,2,1.5676246442016344,412,0.5977162343004238,0.02776326256726927,0.8327942083718558,0.0531320115062246,0.07807478803642165,0,0,0,1,0.020180505598158427
OSS,tb_315#0,bo_312#0,312,315,315,2024-02-20 00:00:00,312,1,166.0,6.078671702415734,166,2,6.078671702415734,62,0.11845167476285882,0.08012820806729029,2.11056534658967,0.162790646096578,0.49999996091498633,1,0,0,0,0.0
OSS,tb_536_537#0,bo_530#0,530,536,537,2025-01-06 00:00:00,527,2,3.0,3.9879678656198645,10,3,3.9879678656198645,161,0.21793994156231244,0.09610386875954835,1.6977148975388399,0.1724137874335654,0.36908215069377026,0,0,0,2,0.06878306678072914
OSS,tb_535_537#0,bo_532#0,532,535,537,2025-01-03 00:00:00,527,3,2.0,2.8985816198069663,10,4,3.9879678656198645,183,0.24894311756822882,0.10389606931354645,1.6067921895419464,0.21724132941537633,0.3430565441465414,0,0,0,3,0.05099152074109951
OSS,tb_643_645#0,bo_640#0,640,643,645,2025-06-11 00:00:00,638,2,2.0,1.9501025290498977,79,2,7.702350724875092,56,0.24000913928268156,0.12339331777095428,1.9999239216809352,0.17328520663488778,0.7559138257821235,3,0,0,0,0.015384600712702824
OSS,tb_667_668#0,bo_664#0,664,667,668,2025-07-17 00:00:00,663,2,1.0,2.7119227820904546,17,2,3.945381961276341,105,0.38550230616681036,0.10468751036096349,1.7379923947952471,0.15227274131183743,0.10119391655101972,0,0,0,2,0.0
OSS,tb_769#0,bo_766#0,766,769,769,2025-12-10 00:00:00,760,2,6.0,1.3225360579659982,49,2,6.217361896828258,36,0.44886410075460187,0.06565656261582266,1.1584797716108788,0.5140997433664558,0.6494178484527622,1,0,0,0,0.0
OSUR,tb_671_675#0,bo_665#0,665,671,675,2025-07-23 00:00:00,658,2,7.0,1.539246464282497,384,2,4.509531634387971,56,0.17791840336986628,0.05982907085970004,1.180316561802847,0.01633985400367921,0.06636980711304089,0,5,0,0,0.04347828791136966
OSUR,tb_671_675#1,bo_666#0,666,671,675,2025-07-23 00:00:00,658,3,1.0,0.7797333971902937,384,2,4.509531634387971,57,0.17306709838019044,0.05982907085970004,1.2134024324233406,0.042483698324135455,0.06636980711304089,0,5,0,0,0.04347828791136966
OSW,tb_623_626#0,bo_620#0,620,623,626,2025-05-13 00:00:00,616,2,4.0,0.4924072298224105,52,2,0.5649827034524152,31,0.8577873979715763,0.014322188758252662,0.3228608030374651,0.05546231178905381,0.131659566100418,0,0,0,4,0.0053078392190535634
OTLK,tb_417#0,bo_414#0,414,417,417,2024-07-17 00:00:00,413,2,1.0,0.815641852697069,71,2,1.8571473990093281,34,0.49079244280406403,0.04540541365339949,0.8557590534490347,0.15374501694213039,0.01664806380134598,0,1,0,0,0.037585413865881885
OTLK,tb_755_756#0,bo_752#0,752,755,756,2025-11-19 00:00:00,752,1,27.0,1.7450762415698486,27,1,1.7450762415698486,22,0.13038322061815702,0.08457709347823174,1.303848426804252,0.06802722577930842,0.3224490243579107,0,2,0,0,0.0
OTLY,tb_669#0,bo_666#0,666,669,669,2025-07-21 00:00:00,666,1,26.0,1.4417056870128246,26,1,1.4417056870128246,20,0.6818362813384188,0.03487918890219631,0.7831797916067081,0.05202756855802115,0.2501659279434807,0,0,0,1,0.0
OUST,tb_346#0,bo_343#0,343,346,346,2024-04-04 00:00:00,341,2,2.0,7.917507312123202,63,3,13.283324747734918,64,0.5342645244982529,0.130701738682186,2.7888802321611688,0.9799196021914209,0.41841845855296955,0,1,0,0,0.0010000228881835937
OUST,tb_638_641#0,bo_635#0,635,638,641,2025-06-04 00:00:00,633,2,2.0,2.90089423316719,109,2,2.90089423316719,47,0.7827501077763058,0.08729598882827067,1.5713833619326103,0.12927051047025206,1.2131850627348388,4,0,0,0,0.0
OUST,tb_648#0,bo_642#0,642,648,648,2025-06-18 00:00:00,633,3,7.0,2.875602435658164,109,3,2.90089423316719,106,0.9271187368948347,0.09569378165092252,2.1572209905912674,0.480147811594813,0.7635200915827411,1,0,0,0,0.07238192405266554
OUST,tb_648_649#0,bo_643#0,643,648,649,2025-06-18 00:00:00,633,4,1.0,10.60884618286716,109,5,10.60884618286716,589,1.016610277486331,0.09569378165092252,1.967322231824369,0.8799631351598678,0.7236086023147552,2,0,0,0,0.07238192405266554
OUT,tb_328_348#0,bo_323#0,323,328,348,2024-03-08 00:00:00,323,1,272.0,1.0929182687601748,272,1,1.0929182687601748,147,0.49905719545607957,0.035344349470098554,1.0096697770760397,0.028531731444703556,0.04469552311097408,0,8,0,13,0.007448746302031178
OUT,tb_662_682#0,bo_657#0,657,662,682,2025-07-10 00:00:00,656,2,1.0,0.8898819211614205,151,1,1.2126242984135223,69,0.44324778703570594,0.03613774267270073,1.3746422325772174,0.05024506065489831,0.11173536864112311,1,0,0,20,0.022740465180393056
OVID,tb_499#0,bo_496#0,496,499,499,2024-11-11 00:00:00,495,2,1.0,2.669836637154274,12,1,2.669836637154274,10,0.07058242024921153,0.10884359368479475,2.2668546256385396,0.10169492381566325,0.022058802260453536,0,1,0,0,0.0
OWL,tb_478_481#0,bo_472#0,472,478,481,2024-10-11 00:00:00,472,1,135.0,1.102962185541721,135,1,1.102962185541721,51,0.44928969885936393,0.029877104985493345,1.2781310737253018,0.021319840496426323,0.15788293438960432,4,0,0,0,0.01785710045723617
OWL,tb_478_481#1,bo_473#0,473,478,481,2024-10-11 00:00:00,472,2,1.0,1.02889292160447,135,1,1.102962185541721,52,0.4449038325119186,0.029877104985493345,1.2907309023944014,0.05989842369426124,0.15788293438960432,4,0,0,0,0.01785710045723617
OWLT,tb_650_653#0,bo_644#0,644,650,653,2025-06-23 00:00:00,636,2,8.0,2.3784420221049034,11,5,5.299530360334151,325,0.31568313600105735,0.0927835368289101,2.280768862567296,0.19593345151138863,0.383268817440773,3,0,0,1,0.059322045313539296
OXBR,tb_380#0,bo_377#0,377,380,380,2024-05-22 00:00:00,369,3,7.0,4.116822429906542,234,5,22.951026287360463,194,0.13655795758266012,0.08577412264710052,1.5011952855295512,0.584000015258789,0.5696203410291232,1,0,0,0,0.0
OXBR,tb_668_671#0,bo_664#0,664,668,671,2025-07-18 00:00:00,657,2,7.0,1.2433333333333334,94,2,17.873727498135345,21,0.2520637511456389,0.12632816794126628,1.2734868036542097,0.376404543293801,0.19953527409753297,0,0,0,4,0.09795918565946335
PACB,tb_495#0,bo_492#0,492,495,495,2024-11-05 00:00:00,491,2,1.0,0.9979935425442092,34,2,1.6187808041709644,30,0.17861365106491753,0.09433961924644257,1.3996690539019156,0.05339812454848025,0.06666669783249457,0,1,0,0,0.0
PACK,tb_511#0,bo_508#0,508,511,511,2024-11-27 00:00:00,508,1,80.0,1.186615064571764,80,1,1.186615064571764,8,0.3069355275710407,0.04390239817694683,1.1728836330096184,0.020491750684785703,0.09821661078357824,0,1,0,0,0.0012722937292578116
PAHC,tb_319_320#0,bo_316#0,316,319,320,2024-02-26 00:00:00,310,2,6.0,0.8164690939881456,0,2,0.9508551634552934,73,0.5294051281474976,0.03837473516521564,0.9169187389029044,0.0829731421239126,0.051397870749758656,0,0,0,2,0.0
PAHC,tb_480_486#0,bo_477#0,477,480,486,2024-10-15 00:00:00,477,1,17.0,1.1691544507989757,17,2,1.1691544507989757,28,0.7727067299140816,0.023563025118606664,0.7277192991673803,0.032010694863845446,0.07588085441376455,0,0,0,7,0.005763594554889507
PALL,tb_490#0,bo_487#0,487,490,490,2024-10-29 00:00:00,487,1,27.0,5.204842105263158,27,1,5.204842105263158,27,0.5639481877453011,0.032566738365248885,1.3157247349274186,0.09022865692973014,-0.04189190419886468,0,1,0,0,0.006266758670197226
PANL,tb_757_777#0,bo_750#0,750,757,777,2025-11-21 00:00:00,747,2,3.0,1.491348537232976,36,2,6.1692150776833055,250,0.24726385837048875,0.07714291642329246,2.142408455495949,0.3083164588187899,0.2905960366874341,21,0,0,0,0.018045212804837046
PANL,tb_759_779#0,bo_753#0,753,759,779,2025-11-25 00:00:00,747,3,3.0,3.2433999779078757,36,2,6.1692150776833055,253,0.25447725267223537,0.04179931484604296,1.1641980311463473,0.3488845073322058,0.29107609821976926,21,0,0,0,0.018045212804837046
PANL,tb_773#0,bo_767#0,767,773,773,2025-12-16 00:00:00,747,6,2.0,1.327711179258433,36,4,6.1692150776833055,348,0.24826638454107236,0.02225218647361852,0.6566577393534856,0.470922889532122,0.2510231999612367,1,0,0,0,0.03150681046350263
PANL,tb_773#1,bo_769#0,769,773,773,2025-12-16 00:00:00,747,7,2.0,1.6116201911683388,36,4,6.1692150776833055,352,0.23512772461282078,0.02225218647361852,0.6933509993287896,0.4913524398388802,0.2510231999612367,1,0,0,0,0.03150681046350263
PARR,tb_622_625#0,bo_619#0,619,622,625,2025-05-12 00:00:00,619,1,312.0,1.9453909843606256,312,1,1.9453909843606256,28,0.772727635715307,0.054068179556305634,1.3329389705900896,0.10642577984740575,0.8184830061333825,4,0,0,0,0.0
PARR,tb_625_642#0,bo_622#0,622,625,642,2025-05-15 00:00:00,619,2,3.0,0.8767872531972831,312,2,1.9453909843606256,65,0.9177669701719238,0.08994200110751654,2.0266589132131565,0.2302543291165906,0.6574882700508081,18,0,0,0,0.0
PARR,tb_626_629#0,bo_623#0,623,626,629,2025-05-16 00:00:00,619,3,1.0,0.8709501692767705,312,3,1.9453909843606256,83,0.9343550164832345,0.03759039453713291,0.8348011974948322,0.2791165426432547,0.7498685742613946,4,0,0,0,0.0
PARXF,tb_639_642#0,bo_636#0,636,639,642,2025-06-05 00:00:00,633,2,3.0,1.5232515018912705,10,1,1.5639366550013847,46,0.21833251295564943,0.014925358528601529,0.6776118128983503,0.028659054697424136,0.13412598246575186,4,0,0,0,0.0
PARXF,tb_644#0,bo_639#0,639,644,644,2025-06-12 00:00:00,633,3,3.0,2.967946396233249,10,3,2.967946396233249,135,0.22741077238732818,0.016201446813322282,0.7514441088628465,0.09723624055748337,0.0945453887302028,0,0,0,1,0.009900843284613778
PARXF,tb_644#1,bo_640#0,640,644,644,2025-06-12 00:00:00,633,4,1.0,1.3818446425322903,10,4,2.967946396233249,136,0.22833927800782036,0.016201446813322282,0.7483884800430821,0.10440103062343375,0.0945453887302028,0,0,0,1,0.009900843284613778
PARXF,tb_700_702#0,bo_693#0,693,700,702,2025-09-03 00:00:00,693,1,16.0,2.52554792494989,16,1,2.52554792494989,255,0.2634086860838943,0.015552073657990296,0.7208403243835839,0.036134575791315626,0.15109872838500701,3,0,0,0,0.015552073657990296
PAYS,tb_346_347#0,bo_343#0,343,346,347,2024-04-04 00:00:00,336,3,2.0,3.51552296350998,37,5,94.71035475788256,269,0.2584953966406554,0.08510630526872616,1.5474148620384471,0.2646154256967397,0.14686764697664823,0,0,0,2,0.0
PAYS,tb_376_380#0,bo_371#0,371,376,380,2024-05-16 00:00:00,367,2,4.0,0.6836177067175755,24,1,0.8468477402279434,25,0.2516771004581128,0.030120500962435477,0.5960021594908532,0.06724510494606317,0.07492987840781233,0,5,0,0,0.020661235189477743
PAYS,tb_623#0,bo_620#0,620,623,623,2025-05-13 00:00:00,617,2,3.0,1.885678566467565,201,2,1.885678566467565,30,0.13736538609467644,0.06148861620695474,1.3831710025619277,0.1630901832118934,1.8377482612417122,1,0,0,0,0.0
PAYS,tb_640_648#0,bo_633#0,633,640,648,2025-06-06 00:00:00,617,5,8.0,5.325170742526142,201,9,5.325170742526142,152,0.2389791776269526,0.06800003051757812,1.4227187320839816,0.8669528099011863,0.7775077237139584,9,0,0,0,0.018140572896618242
PAYS,tb_642#0,bo_639#0,639,642,642,2025-06-10 00:00:00,617,6,6.0,3.807717867305846,201,10,5.325170742526142,176,0.25666165431749693,0.03543303760668293,0.7013117281475897,1.0214593100309353,0.779559222795531,1,0,0,0,0.0
PAYS,tb_647_649#0,bo_644#0,644,647,649,2025-06-17 00:00:00,617,7,5.0,1.1329316395937508,201,11,5.325170742526142,199,0.27270491965022214,0.02884608154465901,0.5500436835634155,1.1673821270785392,0.7027767189991159,3,0,0,0,0.037623772285998794
PAYS,tb_655_656#0,bo_650#0,650,655,656,2025-06-30 00:00:00,617,8,6.0,5.804521556748861,201,13,5.804521556748861,229,0.27667343492796653,0.06482755726781385,1.6987528647772687,1.5321889650464025,0.21829270563429937,0,2,0,0,0.0015600237570543632
PBI,tb_564_566#0,bo_561#0,561,564,566,2025-02-18 00:00:00,561,1,12.0,4.594022991431305,12,1,4.594022991431305,12,0.35965833678266224,0.047178538281632765,1.3484524530259052,0.11670476768134352,0.03511762275270295,0,3,0,0,0.0
PBI-PB,tb_308_325#0,bo_303#0,303,308,325,2024-02-08 00:00:00,302,2,1.0,8.919449387626923,36,2,10.592480106906397,141,0.41736283235039584,0.03813777045202009,1.4954788143143625,0.19119438275463496,0.047267026148139886,0,16,0,2,0.033129525904419324
PBK,tb_208#0,bo_205#0,205,208,208,2025-02-05 00:00:00,205,1,175.0,1.6716944962921858,175,1,1.6716944962921858,17,0.19727135202868043,0.197575771447384,4.131365496506405,0.011152405483875416,0.7616437425575846,1,0,0,0,0.0
PBK,tb_340#0,bo_337#0,337,340,340,2025-08-15 00:00:00,337,1,126.0,0.6381676856491805,126,1,0.6381676856491805,19,0.09644728797038352,0.11286352222844871,2.3743549079685313,0.046979820667626404,0.34210525490240373,1,0,0,0,0.0
PBT,tb_508_509#0,bo_502#0,502,508,509,2024-11-22 00:00:00,501,2,1.0,1.6635848454211675,166,1,1.6668916547422987,107,0.44240542288106627,0.039971994344296755,1.2461700634581974,0.035627316255783414,0.03285622427682322,0,2,0,0,0.004665567139244688
PBT,tb_702_722#0,bo_699#0,699,702,722,2025-09-05 00:00:00,698,2,1.0,1.1734243025089381,17,1,1.1734243025089381,14,0.6150621010266294,0.03497264570111747,1.0224210493464272,0.06733419987018352,0.10959283474564308,0,0,0,21,0.021480799924065482
PBYI,tb_297_300#0,bo_290#0,290,297,300,2024-01-24 00:00:00,285,2,5.0,1.3704352941176472,28,3,2.293910764774843,253,0.3040980870879477,0.130511505819768,2.4334261850891155,0.15384611964589112,0.5617735244347493,4,0,0,0,0.08455882965229368
PBYI,tb_297_300#1,bo_291#0,291,297,300,2024-01-24 00:00:00,285,3,1.0,4.22185124753947,28,4,4.22185124753947,272,0.31309106860585306,0.130511505819768,2.3635303659425064,0.2680652926790934,0.5617735244347493,4,0,0,0,0.08455882965229368
PCN,tb_708_726#0,bo_705#0,705,708,726,2025-09-15 00:00:00,703,2,2.0,1.0910731472569777,377,1,1.604201715153256,111,0.06375365520075423,0.006010584136606279,1.1344785299275235,0.014492623073479649,0.008193574701643386,0,19,0,0,0.0015035523784741151
PCRX,tb_485_491#0,bo_480#0,480,485,491,2024-10-22 00:00:00,472,3,7.0,0.5988382895460155,186,2,0.7132137180206616,24,0.7532755256846653,0.03391748803594312,0.7965218051182211,0.07469419324094839,0.1910465902952231,3,0,0,4,0.009148076015205136
PDEX,tb_288_294#0,bo_285#0,285,288,294,2024-01-10 00:00:00,285,1,43.0,2.030232558139535,43,1,2.030232558139535,43,0.49392879295932035,0.0767816127031699,3.3810543141012745,0.0431267481030877,0.10104657933418267,1,6,0,0,0.0
PDEX,tb_459#0,bo_454#0,454,459,459,2024-09-16 00:00:00,442,3,6.0,4.342730256806333,142,2,4.906952430737062,159,1.16601041742762,0.09236413734258571,2.3756223927009805,0.3278194866201649,0.7590700845494949,1,0,0,0,0.04918645658369606
PDI,tb_681#0,bo_678#0,678,681,681,2025-08-06 00:00:00,671,2,7.0,1.2994227241269458,0,1,1.2994227241269458,90,0.07260260842316682,0.004127963218285932,0.9384896804648304,0.01051508950135882,0.0555298163006126,1,0,0,0,0.0
PDM,tb_416_417#0,bo_413#0,413,416,417,2024-07-16 00:00:00,411,2,2.0,0.9806369643757054,24,2,1.0824530370222731,251,0.19529053170738048,0.028537428712560164,1.1756658253548413,0.08367075800598678,0.19360209460261035,2,0,0,0,0.0
PDM,tb_637_651#0,bo_634#0,634,637,651,2025-06-03 00:00:00,626,2,8.0,1.9368325988990291,167,2,1.9368325988990291,25,0.2652851903824506,0.03191486326155476,0.9046858996243492,0.05072462315870885,0.05528479795854078,0,0,0,15,0.017931050267712825
PDSB,tb_414_425#0,bo_411#0,411,414,425,2024-07-12 00:00:00,411,1,91.0,1.1101751847449743,91,1,1.1101751847449743,8,0.2304982239076064,0.07728335484311889,1.4316809826627248,0.043343611659096615,0.0643419621894799,0,6,0,6,0.0
PDYN,tb_513#0,bo_510#0,510,513,513,2024-12-02 00:00:00,508,2,2.0,16.185099463367976,33,5,97.38168904800094,471,0.5797789756813297,0.29003780122143674,3.9670284890804304,2.6050000190734863,1.5253377730738436,0,1,0,0,0.26074897427103105
PENG,tb_340#0,bo_337#0,337,340,340,2024-03-26 00:00:00,336,2,1.0,2.1960512126287774,10,2,2.1960512126287774,112,0.9193555724782961,0.026558509940726557,0.7831585974534598,0.14746942188113343,0.011895899604540627,0,1,0,0,0.0076045194445858635
PENN,tb_399_419#0,bo_394#0,394,399,419,2024-06-20 00:00:00,386,2,8.0,2.0618291739073293,106,2,4.051931105301628,11,0.9139844527111161,0.0938896904343667,2.06786820502494,0.26794252166480104,0.08863470067011008,0,2,0,19,0.08661415667252655
PEPG,tb_722_726#0,bo_716#0,716,722,726,2025-10-03 00:00:00,703,3,7.0,129.23774620727653,314,6,129.23774620727653,185,0.2522809637210921,0.22082019900204153,5.549368746328377,3.200000153269089,0.3498552658075193,0,0,0,5,0.1377550896283541
PESI,tb_337_344#0,bo_334#0,334,337,344,2024-03-21 00:00:00,326,2,8.0,1.1332093887985126,36,2,3.995276381909548,93,0.5563172141850953,0.0990359447460652,2.031215439012012,0.10785464303566727,0.23320199079454595,0,0,0,8,0.0
PESI,tb_342_343#0,bo_336#0,336,342,343,2024-03-28 00:00:00,326,3,2.0,3.4289390906491275,36,2,3.995276381909548,95,0.5434061244149512,0.041666666666666664,0.9201221288006578,0.2344665958510359,0.20195246799560462,0,0,0,2,0.008340236005366028
PESI,tb_342_343#1,bo_337#0,337,342,343,2024-03-28 00:00:00,326,4,1.0,1.8604026845637585,36,3,3.995276381909548,107,0.5910199753958099,0.041666666666666664,0.8459950946076684,0.3235639291070018,0.20195246799560462,0,0,0,2,0.008340236005366028
PESI,tb_480_492#0,bo_474#0,474,480,492,2024-10-15 00:00:00,468,2,6.0,1.1710244637030693,47,1,1.1710244637030693,36,0.491541339412103,0.07600280934600828,2.197170079321842,0.10356539004106557,0.13758980066311655,0,13,0,0,0.03675917283740933
PESI,tb_480_492#1,bo_476#0,476,480,492,2024-10-15 00:00:00,468,3,2.0,0.7042730705511858,47,2,1.1710244637030693,52,0.5046963463321029,0.07600280934600828,2.139900420430996,0.13157896654246493,0.13758980066311655,0,13,0,0,0.03675917283740933
PESI,tb_487_489#0,bo_480#0,480,487,489,2024-10-24 00:00:00,468,4,4.0,0.9858012170385395,47,4,1.1710244637030693,114,0.5309434574702883,0.053333346048990884,1.5067521399482195,0.17572162100350353,0.11893474798562383,0,3,0,0,0.015482073640972158
PESI,tb_487_489#1,bo_484#0,484,487,489,2024-10-24 00:00:00,468,5,4.0,1.1405412831432888,47,5,1.1710244637030693,138,0.555821915759659,0.053333346048990884,1.4393102683644243,0.23174877400630245,0.11893474798562383,0,3,0,0,0.00964854177218318
PESI,tb_632_635#0,bo_627#0,627,632,635,2025-05-27 00:00:00,615,3,4.0,0.9303549301512399,9,2,2.9664961636828644,57,0.6308828836174156,0.0697263872173635,1.2522133384301872,0.25731715358913587,0.16338587200372845,0,0,0,4,0.009756134777534299
PESI,tb_671_675#0,bo_667#0,667,671,675,2025-07-23 00:00:00,662,2,5.0,1.2278870701306501,35,2,1.7190559249972746,122,0.3634027493780307,0.03879649775758173,1.3483656135150492,0.04545447977449757,0.020663691868560007,0,5,0,0,0.029837974548520968
PESI,tb_735#0,bo_732#0,732,735,735,2025-10-22 00:00:00,731,2,1.0,0.9849718492854049,64,2,1.7819875593723806,39,0.668011296284846,0.045070380158093684,0.9580667171465556,0.05944629574792493,0.18110233962860778,0,1,0,0,0.00992199809035331
PETV,tb_537_547#0,bo_534#0,534,537,547,2025-01-07 00:00:00,533,2,1.0,2.3579317269076303,84,2,5.370725604670558,59,0.06366661025307987,0.172826126322065,2.4973850259752965,0.5,0.04147659406014585,0,11,0,0,0.01466663678487142
PETV,tb_540#0,bo_537#0,537,540,540,2025-01-13 00:00:00,533,3,3.0,3.6940850277264325,84,4,5.370725604670558,159,0.06710915731079566,0.045918383483139674,0.6705495716612361,0.8300000429153442,0.031578980390385425,0,1,0,0,0.0
PFD,tb_444_448#0,bo_438#0,438,444,448,2024-08-23 00:00:00,438,1,,0.9222150676110754,0,1,0.9222150676110754,362,0.11960825405001842,0.012444474962022462,1.0257057637291729,0.0036699675028613044,0.060573692707884465,2,0,0,3,0.00720728889870134
PFD,tb_444_448#1,bo_440#0,440,444,448,2024-08-23 00:00:00,438,2,2.0,1.2538109756097562,0,1,1.2538109756097562,364,0.11571766665006614,0.012444474962022462,1.0601914048239838,0.018348733432627107,0.060573692707884465,2,0,0,3,0.00720728889870134
PFN,tb_659_663#0,bo_656#0,656,659,663,2025-07-07 00:00:00,654,2,2.0,2.043576718281413,0,2,2.043576718281413,68,0.04820580995766793,0.004010723226183401,0.5420661371066576,0.012245029899961457,0.03528317724833561,5,0,0,0,0.0013441902622289453
PGEN,tb_394_395#0,bo_388#0,388,394,395,2024-06-12 00:00:00,387,2,1.0,2.672648101525972,67,2,5.827426322885997,51,0.09739490612247685,0.10928964098006189,2.0534959747505694,0.178571431612482,0.14549133799673608,0,2,0,0,0.052631597292903495
PGEN,tb_565#0,bo_562#0,562,565,565,2025-02-19 00:00:00,556,2,6.0,1.3495854782795014,23,2,3.305653650356232,146,0.1531682181469798,0.09677420772520118,1.3710418563820934,0.4887217708153977,0.04926115490666039,0,1,0,0,0.010101000370632515
PGNY,tb_759_763#0,bo_753#0,753,759,763,2025-11-25 00:00:00,748,2,5.0,2.5445265989049104,214,2,2.7007891554763575,70,1.0214859676039854,0.04870956530131428,1.3118145477132863,0.19892707593404446,0.10620273340555113,0,0,0,5,0.03616701433228147
PGY,tb_634#0,bo_631#0,631,634,634,2025-05-29 00:00:00,631,1,11.0,0.7016068005246695,11,1,0.7016068005246695,7,0.9581066506668419,0.0378440267890607,0.6888584344475114,0.02946953475933567,1.0017514650008188,1,0,0,0,0.0
PGY,tb_661_666#0,bo_654#0,654,661,666,2025-07-09 00:00:00,651,2,3.0,2.604645746364224,20,3,2.604645746364224,381,0.9750510511647503,0.062417913941301154,1.5117147165543074,0.14140873270523824,0.7697736170235698,6,0,0,0,0.020080355466464625
PHAT,tb_317#0,bo_314#0,314,317,317,2024-02-22 00:00:00,314,1,131.0,9.063828031295046,131,1,9.063828031295046,18,0.4897505403396244,0.10054839762223006,2.246040253539282,0.3463767874568886,0.17191978460623947,0,0,0,1,0.0
PHAT,tb_318#0,bo_315#0,315,318,318,2024-02-23 00:00:00,314,2,1.0,2.843594763244831,131,2,9.063828031295046,33,0.7490540990579541,0.12773403317284684,1.9491249563724942,0.47391303416386155,0.1575471713391008,0,1,0,0,0.0
PHAT,tb_447_451#0,bo_444#0,444,447,451,2024-08-28 00:00:00,438,2,6.0,1.2795711332049151,41,1,2.435931301343945,28,0.7850018313966106,0.08111302435714783,1.7452174977061854,0.11254024271932117,0.19825987504678025,0,0,0,5,0.0
PHAT,tb_453_456#0,bo_446#0,446,453,456,2024-09-06 00:00:00,438,3,2.0,1.696978300547556,41,2,2.9725001984618045,238,0.805129088093271,0.06297094085566453,1.4531832144641201,0.26366565894566096,0.09667545897413199,0,0,0,4,0.01694919363721445
PHAT,tb_643#0,bo_640#0,640,643,643,2025-06-11 00:00:00,636,2,4.0,32.73740424263791,184,6,32.73740424263791,106,0.43142229949613276,0.3011363741920861,8.599462852244681,1.0988235473632812,0.2477875863462955,0,0,0,1,0.010089703118621902
PHG,tb_445_449#0,bo_442#0,442,445,449,2024-08-26 00:00:00,442,1,156.0,1.0293578636709826,156,1,1.0293578636709826,79,0.4540060290891854,0.004970206329614072,0.30572193358613226,0.013614716058924392,0.08561477413526966,5,0,0,0,0.002983141013894907
PIII,tb_702_708#0,bo_697#0,697,702,708,2025-09-05 00:00:00,695,2,2.0,2.2904411764705883,268,1,2.2904411764705883,21,0.4918655333903922,0.017469219708613527,0.3171601316599769,0.12516911104324557,0.298385585136856,3,0,1,3,0.007202817105872047
PKOH,tb_423_428#0,bo_417#0,417,423,428,2024-07-25 00:00:00,416,2,1.0,2.467564259485924,174,3,2.467564259485924,174,0.9322399833641839,0.07668233816699441,2.511218320024577,0.10022890585496458,0.030477507375297752,0,0,0,6,0.027429199191371854
PL,tb_552_558#0,bo_547#0,547,552,558,2025-01-30 00:00:00,547,1,39.0,1.5554448703998458,39,1,1.5554448703998458,17,0.3300622636054012,0.12,2.272298540909985,0.06756750225933827,0.09244363469392233,0,7,0,0,0.05330881595637361
PL,tb_551_558#0,bo_548#0,548,551,558,2025-01-29 00:00:00,547,2,1.0,3.2633954795800495,39,4,3.2633954795800495,508,0.3464863835464112,0.1712000274658203,3.088144938653996,0.2252252223226372,0.10701430214877689,0,8,0,0,0.05330881595637361
PLAY,tb_641_642#0,bo_638#0,638,641,642,2025-06-09 00:00:00,632,2,6.0,1.288304787686776,10,1,1.288304787686776,15,1.1829747760065847,0.067525939831553,1.4835474063876681,0.15392107850574255,0.38146216681385514,2,0,0,0,0.0443225462532033
PLBY,tb_662_664#0,bo_659#0,659,662,664,2025-07-10 00:00:00,659,1,101.0,2.2238018294162925,101,1,2.2238018294162925,21,0.09687528989315959,0.042209468050140454,0.8361262250201085,0.07361963504258728,0.1183010701579037,0,0,0,3,0.021164001140624767
PLCE,tb_465_468#0,bo_460#0,460,465,468,2024-09-24 00:00:00,456,3,3.0,4.128193560430963,78,3,131.2813974885417,82,1.333842598219378,0.1296858913690541,1.9192665381656508,2.5510202611997124,0.04607635331317919,0,1,0,3,0.1298850186640645
PLG,tb_489_490#0,bo_486#0,486,489,490,2024-10-28 00:00:00,478,3,4.0,6.005960453685548,11,2,6.005960453685548,67,0.11859709859737681,0.1145374416951036,2.1922963844665895,0.201298746537512,0.03407601150123685,0,2,0,0,0.06392698687043072
PLNH,tb_439#0,bo_436#0,436,439,439,2024-08-16 00:00:00,435,2,1.0,2.2465157405717977,234,2,2.4489244622311155,32,0.05848977806472988,0.06666669021418023,0.7693654887782204,0.21874998253770128,0.06153849680748347,0,0,0,1,0.0
PLTK,tb_369#0,bo_366#0,366,369,369,2024-05-07 00:00:00,366,1,205.0,1.1356334850281082,205,1,1.1356334850281082,43,0.1938988548008589,0.018867876997363003,0.6738086124022373,0.018617111114734852,0.16327839045047732,1,0,0,0,0.0
PLUG,tb_644#0,bo_641#0,641,644,644,2025-06-12 00:00:00,641,1,105.0,1.319875149323016,105,2,1.319875149323016,29,0.09327800025283149,0.1568627542644592,2.5729540608312718,0.2577319511610616,0.5615384968074835,0,0,0,1,0.05797104579113893
PLX,tb_537_540#0,bo_534#0,534,537,540,2025-01-07 00:00:00,534,1,15.0,2.572491859202977,15,1,2.572491859202977,256,0.08780011751145433,0.06779654852722472,1.8223192855207275,0.047872358301528806,0.22960158609062448,0,0,0,4,0.0
PLX,tb_714_718#0,bo_707#0,707,714,718,2025-09-23 00:00:00,704,2,3.0,1.1104925227568272,11,2,1.1104925227568272,78,0.0780783454272427,0.07547163021186416,2.049221798138707,0.14556955292217055,0.29501408175950783,4,1,0,0,0.041025662030301654
PMT-PA,tb_282_283#0,bo_279#0,279,282,283,2024-01-02 00:00:00,277,2,2.0,1.4813689022340737,0,1,1.4813689022340737,205,0.28589391375044404,0.014826888052121751,1.0194822521514255,0.020102659036513204,0.01312663246545176,0,0,0,2,0.00041930837528228
PMTS,tb_425#0,bo_420#0,420,425,425,2024-07-29 00:00:00,416,2,4.0,0.5211518324607329,46,2,1.0844343843764805,239,1.271355825045487,0.044838689988659274,1.0933205026206614,0.025212939063038897,0.011381286262812873,0,1,0,0,0.05627845006888234
PMTS,tb_425#1,bo_421#0,421,425,425,2024-07-29 00:00:00,416,3,1.0,0.8106862952764246,46,2,1.0844343843764805,240,1.2862589477019757,0.044838689988659274,1.0806528437619842,0.04735943344402882,0.011381286262812873,0,1,0,0,0.05627845006888234
PNBK,tb_612_614#0,bo_607#0,607,612,614,2025-04-28 00:00:00,605,3,1.0,0.7146163901199143,142,4,1.182781239046931,232,0.30300846930945236,0.16859123139398996,2.4091736469846388,1.5833335625819753,0.8731607409821655,3,0,0,0,0.22580652031592413
PNDRY,tb_626_646#0,bo_623#0,623,626,646,2025-05-16 00:00:00,623,1,571.0,1.1365979381443299,571,1,1.1365979381443299,37,0.7634412261702632,0.029294266635478617,0.8232717389061899,0.028901782621824967,0.03630271861801342,0,19,0,2,0.0
PNNT,tb_665_677#0,bo_662#0,662,665,677,2025-07-15 00:00:00,660,2,2.0,1.465536121828658,521,1,1.465536121828658,71,0.09034312986224081,0.012465329413582141,0.8079373159330506,0.020057259244110837,0.033722460333139345,0,1,0,12,0.004189944019391743
POET,tb_304_306#0,bo_301#0,301,304,306,2024-02-02 00:00:00,301,1,11.0,0.7233972750781581,11,1,0.7233972750781581,11,0.10899732551263133,0.08783783348395588,1.1926897712418014,0.08333325054910778,0.11074271501456745,0,0,0,3,0.0
POET,tb_416_421#0,bo_409#0,409,416,421,2024-07-16 00:00:00,406,2,3.0,3.4067900160798303,47,3,13.047979678251133,185,0.26920933013720927,0.16455698418246661,2.4144783356362236,0.7004831374135314,0.10298925025510323,0,1,0,5,0.08806816603957612
POET,tb_664#0,bo_661#0,661,664,664,2025-07-14 00:00:00,653,2,8.0,3.909510580929815,27,2,4.895328831561465,115,0.40133930053070965,0.09210523921697064,1.7441596383396651,0.20315575899352933,0.02284947244442037,0,1,0,0,0.0
POLA,tb_347#0,bo_341#0,341,347,347,2024-04-05 00:00:00,334,2,7.0,2.1822311738385376,138,2,2.1822311738385376,19,0.31548559574059915,0.23809523552080133,3.3282025122301393,0.3478261223684087,0.1458333407247825,0,0,0,1,0.10714287452030426
POLA,tb_726#0,bo_723#0,723,726,726,2025-10-09 00:00:00,721,2,2.0,0.15689084727156297,20,4,0.15689084727156297,311,0.3524950404867474,0.15921293721445218,2.5248591926110087,0.3865545943494795,0.19791661906573688,0,1,0,0,0.10505050524511261
POSC,tb_552_559#0,bo_549#0,549,552,559,2025-01-30 00:00:00,548,2,1.0,10.491465149359886,34,9,17.873388042203985,276,0.09623860580168733,0.10891090628096048,2.2859852008202335,0.5478260941676698,0.5891334822106875,8,0,0,0,0.033816469015791356
POWW,tb_546_549#0,bo_543#0,543,546,549,2025-01-22 00:00:00,539,2,4.0,1.3347507722101914,199,2,1.3347507722101914,44,0.08613090883148052,0.09497204508801775,1.9737392695724283,0.09230769936149663,0.18229961669732786,0,0,0,4,0.02976187730795046
POWW,tb_617#0,bo_614#0,614,617,617,2025-05-05 00:00:00,607,2,7.0,2.1780341503612424,43,2,2.1780341503612424,50,0.10426291426527035,0.07042257620103633,1.4386716161203275,0.37762244816042134,0.029999971389770508,0,1,0,0,0.0430621616580701
POWW,tb_694_698#0,bo_691#0,691,694,698,2025-08-25 00:00:00,689,2,2.0,1.0552502628051459,73,2,1.0699934881945456,32,0.0684173710857472,0.040540581902419145,0.8769711702841189,0.061068737717347554,0.1325010362185909,0,0,0,5,0.033783831676485326
PPTA,tb_337_344#0,bo_331#0,331,337,344,2024-03-21 00:00:00,325,3,4.0,5.131655741171495,54,4,5.131655741171495,122,0.2004712609527613,0.0571095309411743,1.2221197412272145,0.18857138497488846,0.6456661403877857,8,0,0,0,0.050480722940178024
PPTA,tb_355#0,bo_348#0,348,355,355,2024-04-17 00:00:00,343,2,5.0,7.877333333333333,12,2,7.877333333333333,230,0.25053502920922865,0.1230101191609874,3.3927387611842104,0.512019277059822,0.16123782890600902,0,0,0,1,0.05355715939533848
PR,tb_322_336#0,bo_319#0,319,322,336,2024-02-29 00:00:00,318,2,1.0,1.337970914138769,86,1,1.337970914138769,76,0.3862753119480103,0.030778918864448734,1.1408839699477675,0.011983962834190898,0.14049600670192924,8,0,0,7,0.0
PR,tb_327_337#0,bo_321#0,321,327,337,2024-03-07 00:00:00,318,3,2.0,2.007586284972114,86,2,2.007586284972114,89,0.37369649598954474,0.038945146784932654,1.5282596435798939,0.033288887624412844,0.1162015014088909,4,0,0,7,0.029906509578392942
PR,tb_337_357#0,bo_334#0,334,337,357,2024-03-21 00:00:00,331,2,3.0,0.9432933208780944,10,1,1.7778221138334822,11,0.3708484909844799,0.020196213676317094,0.8568347295991695,0.03179527245531344,0.032549479033399734,0,16,0,5,0.0
PR,tb_648#0,bo_645#0,645,648,648,2025-06-18 00:00:00,643,2,2.0,1.5480274390627176,23,2,1.5480274390627176,55,0.4384905857681533,0.020749678196971454,0.6799145052495839,0.06414843617638089,0.018379893295994876,0,0,0,1,0.008119114155493778
PRCH,tb_337_353#0,bo_331#0,331,337,353,2024-03-21 00:00:00,322,3,2.0,1.7830086339789257,10,3,8.497880508998444,274,0.3389302220683644,0.12790701542756655,1.6227534605159075,0.31372550852891834,0.10754697196111038,0,17,0,0,0.07957558457137082
PRE,tb_529_537#0,bo_522#0,522,529,537,2024-12-24 00:00:00,516,2,6.0,2.1550579498143354,103,2,2.1550579498143354,41,0.2676051802986875,0.05050508212877766,1.1210552441474342,0.3503068494148529,0.04777681918328707,0,7,0,2,0.03292895283336723
PRE,tb_713_719#0,bo_710#0,710,713,719,2025-09-22 00:00:00,703,2,7.0,1.8281572444014167,74,2,3.917558161579503,61,0.7862663169425002,0.04289117992917813,0.6867901501273616,0.3250927150600378,0.39801302204947764,3,0,0,4,0.0
PRE,tb_719_730#0,bo_713#0,713,719,730,2025-09-30 00:00:00,703,3,3.0,4.790721237168378,74,3,4.790721237168378,83,0.8915732925385826,0.07570297039642254,1.1776936338516721,0.5315204091015187,0.2555489216291574,0,0,0,12,0.10145981087593874
PRE,tb_719_730#1,bo_715#0,715,719,730,2025-09-30 00:00:00,703,4,2.0,5.433036043340458,74,4,5.433036043340458,544,0.8478872158025348,0.07570297039642254,1.238372475920664,0.6934486465841014,0.2555489216291574,0,0,0,12,0.10145981087593874
PRE,tb_776_781#0,bo_773#0,773,776,781,2025-12-19 00:00:00,770,2,3.0,1.3458545108005082,34,1,1.8864844536149536,14,1.1868824871628683,0.07141226790516737,1.0523371629671825,0.15944053864058194,0.3329816149968828,1,0,0,5,0.036188201702694045
PRFX,tb_513_514#0,bo_507#0,507,513,514,2024-12-02 00:00:00,505,2,2.0,0.1327712971794667,182,3,473.4230161908477,66,0.9169029995062009,0.2948717948717949,6.271110469806151,4.981308517835894,4.548873043635142,2,0,0,0,0.07187497615814209
PRM,tb_328_338#0,bo_323#0,323,328,338,2024-03-08 00:00:00,317,2,6.0,0.974817345186522,14,1,1.3650816881446277,115,0.2618249739392846,0.025522035260429052,0.6301918391149719,0.1044247196092063,0.28594497010709313,11,0,0,0,0.027508026566157414
PRM,tb_642_656#0,bo_639#0,639,642,656,2025-06-10 00:00:00,637,2,2.0,0.7357436142510216,17,2,0.8975312618970921,73,0.3511381676045118,0.020239914143576166,0.7689293921126068,0.04286887874554002,0.41207434723220315,15,0,0,0,0.0
PRMB,tb_482_489#0,bo_479#0,479,482,489,2024-10-17 00:00:00,476,2,3.0,0.5528452466342603,0,1,1.662943219892798,82,0.5513688018399941,0.01571638507248755,0.7326590474174111,0.03263855063186383,0.21308021046339468,0,8,0,0,0.0
PRME,tb_655#0,bo_650#0,650,655,655,2025-06-30 00:00:00,649,2,1.0,2.0348075230406732,9,3,2.9114038627217904,56,0.19643410952122925,0.13309348538378316,1.8835826754370018,0.2000000794728618,1.0931174155503545,1,0,0,0,0.08679245690426891
PRME,tb_654#0,bo_651#0,651,654,654,2025-06-27 00:00:00,649,3,1.0,2.666189050280652,9,4,2.9114038627217904,65,0.20097452958851694,0.16187052241542035,2.239089941422246,0.3666667240637336,1.1363636005381559,1,0,0,0,0.08679245690426891
PRME,tb_662#0,bo_659#0,659,662,662,2025-07-10 00:00:00,649,4,8.0,6.19637541520766,9,7,6.19637541520766,123,0.30422935894972475,0.12836436756780664,2.037935745910505,1.1111111405455043,0.10234541859642521,0,0,0,1,0.0
PRME,tb_670_674#0,bo_664#0,664,670,674,2025-07-22 00:00:00,649,5,5.0,1.553365939440567,9,8,6.19637541520766,165,0.4210324769451142,0.14216636802088417,1.7457088793894133,1.6694444197931402,0.2020110667686768,0,0,0,5,0.10717999685416474
PROF,tb_423_429#0,bo_416#0,416,423,429,2024-07-25 00:00:00,413,2,3.0,7.091777486420678,19,3,7.091777486420678,115,0.4127868251929872,0.05282331037219009,1.4050834191108004,0.08258925981781617,0.014965843017096898,0,7,0,0,0.03792791722213121
PRPL,tb_324_325#0,bo_321#0,321,324,325,2024-03-04 00:00:00,309,3,8.0,0.8883322142451321,184,3,1.2549358723936779,83,0.13189556629643975,0.137339031639886,2.4261614110938887,0.34883725658201636,0.1307246165730369,0,0,0,2,0.0
PRTH,tb_501_505#0,bo_498#0,498,501,505,2024-11-13 00:00:00,498,1,33.0,1.5048001843270782,33,1,1.5048001843270782,17,0.4252986297739785,0.06629204766314421,1.3872586404219656,0.054298589813463805,0.4818568878232183,5,0,0,0,0.014035074021298726
PRTH,tb_506_507#0,bo_500#0,500,506,507,2024-11-20 00:00:00,498,2,2.0,5.2698197877341695,33,2,5.30001018796801,33,0.43579322311997704,0.08648650710647171,1.8357334357047068,0.2895927666896958,0.4709542164007454,2,0,0,0,0.04677050601664449
PRZO,tb_494_495#0,bo_489#0,489,494,495,2025-07-17 00:00:00,486,2,3.0,2.4460653015444613,19,1,5.870280555652966,17,0.10645065866594663,0.08249998092651367,1.550013536044099,0.2781954833304636,0.12315980873578991,0,2,0,0,0.05294119462009894
PSFE,tb_300_301#0,bo_297#0,297,300,301,2024-01-29 00:00:00,294,2,3.0,1.851725132148006,108,1,1.851725132148006,46,0.6081052317041024,0.0413324590043569,1.101781546496616,0.06312052238084176,0.009933725420154471,0,2,0,0,0.0
PSIX,tb_395_397#0,bo_392#0,392,395,397,2024-06-13 00:00:00,392,1,18.0,1.909421544856252,18,1,1.909421544856252,9,0.2662546473975052,0.07207208677851748,1.5023215529840162,0.040339714582085184,1.6836073298301892,3,0,0,0,0.01904760088239397
PSLV,tb_384_387#0,bo_377#0,377,384,387,2024-05-29 00:00:00,375,2,2.0,2.4629028333307983,0,1,2.4629028333307983,25,0.2250125269877429,0.022977940934777882,1.1110492528872324,0.09222801849792228,0.03489200001513504,0,2,0,2,0.039033463509283876
PSLV,tb_764#0,bo_761#0,761,764,764,2025-12-03 00:00:00,761,1,278.0,0.32674303375360453,278,1,0.32674303375360453,30,0.5076242660163189,0.0182462600788345,0.709183400210731,0.05546120758375639,0.9444161081763296,1,0,0,0,0.0
PSNL,tb_536_537#0,bo_530#0,530,536,537,2025-01-06 00:00:00,526,3,2.0,1.1193077930086877,90,3,10.642518981125898,68,0.5812861621133053,0.08739256903259647,1.0493973076818264,0.7584270588482696,0.0610263534648694,0,2,0,0,0.06230037205484511
PTLO,tb_557_566#0,bo_550#0,550,557,566,2025-02-06 00:00:00,542,2,8.0,2.087246147991357,82,2,2.1483433807935355,55,0.6098881332698307,0.05143795073966792,1.2904016543304995,0.24505583832768663,0.0507035893056851,0,10,0,0,0.03627969632392517
PTN,tb_763_765#0,bo_757#0,757,763,765,2025-12-02 00:00:00,753,4,1.0,70.14973262032085,82,4,70.14973262032085,85,1.3316119582898727,0.22623888758349395,4.182901458264272,1.1129628973896786,0.6006042405162685,1,0,0,2,0.12357579897180367
PTY,tb_696_698#0,bo_693#0,693,696,698,2025-08-27 00:00:00,687,2,6.0,1.3175969753366843,0,1,1.3175969753366843,98,0.05247358460451766,0.002123123335330517,0.5111475504749405,0.009318881966614123,0.04806063843064723,3,0,0,0,0.0
PULM,tb_637_643#0,bo_632#0,632,637,643,2025-06-03 00:00:00,632,1,68.0,4.465940557504154,68,2,4.465940557504154,21,0.4320695238774734,0.0811099507112202,1.758976708334924,0.13656385259219816,0.0587281921152555,0,7,0,0,0.09790982710482947
PULM,tb_637_643#1,bo_633#0,633,637,643,2025-06-03 00:00:00,632,2,1.0,4.267669574505964,68,3,4.465940557504154,51,0.5153502757141585,0.0811099507112202,1.4747255695723616,0.3348017957365437,0.0587281921152555,0,7,0,0,0.09790982710482947
PVLA,tb_565#0,bo_562#0,562,565,565,2025-02-19 00:00:00,559,3,2.0,2.988408418283459,111,3,2.988408418283459,117,1.1847065331183384,0.05830833866986542,1.0677744692761635,0.2861736176644276,0.395803596384642,1,0,0,0,0.022500038146972656
PW,tb_687#0,bo_684#0,684,687,687,2025-08-14 00:00:00,680,3,2.0,11.672705216336434,167,3,11.672705216336434,131,0.5497636096257728,0.08823529411764706,2.728445414968551,0.23931625951972801,0.18787881099816528,0,1,0,0,0.0
PWP,tb_415_428#0,bo_412#0,412,415,428,2024-07-15 00:00:00,412,1,149.0,1.376878612716763,149,1,1.376878612716763,33,0.5014901496538121,0.0313344093211333,1.1253201857372797,0.050063140971232434,0.12303495037486072,0,0,0,14,0.0
PWP,tb_481#0,bo_478#0,478,481,481,2024-10-16 00:00:00,476,2,2.0,0.6769266810491019,36,1,1.7915725190839695,33,0.6548566933329084,0.020891222468030067,0.6950499258966455,0.06874060475631794,0.21055054287858455,1,0,0,0,0.0
PWP,tb_662#0,bo_657#0,657,662,662,2025-07-10 00:00:00,654,2,3.0,1.52588826960937,176,1,3.75824095894795,33,0.7640050676133835,0.03632086762341946,0.9936078531875825,0.04341171059320725,0.10602422410849766,0,0,0,1,0.02083342120978551
PXLW,tb_306#0,bo_303#0,303,306,306,2024-02-06 00:00:00,297,2,6.0,2.5645942678158176,243,3,420.49130027459216,170,1.8837903881364058,0.12328765930225444,1.7199364597689808,0.48951047163307937,0.4259258864075288,1,0,0,0,0.04694831301502052
PYXS,tb_314_315#0,bo_309#0,309,314,315,2024-02-16 00:00:00,309,1,9.0,4.020079660678408,9,1,4.020079660678408,9,0.3343879572324971,0.07625650930241533,1.3158370321169512,0.20754716253617733,0.3259964003298508,0,1,0,1,0.025044783452812743
PZG,tb_376#0,bo_373#0,373,376,376,2024-05-16 00:00:00,373,1,30.0,9.803657305705634,30,1,9.803657305705634,21,0.024708972807465392,0.10144926534683554,2.832978667016596,0.25279643460213674,0.08452956152844182,0,1,0,0,0.007911478807201711
PZG,tb_635_655#0,bo_632#0,632,635,655,2025-05-30 00:00:00,627,2,5.0,0.9669730589837107,14,2,1.811014108660067,169,0.028658858360030605,0.043478220306857156,0.8723297991872763,0.07083335428809168,0.3528984194921502,13,0,0,8,0.008944535053927807
PZG,tb_659_664#0,bo_656#0,656,659,664,2025-07-07 00:00:00,656,1,23.0,1.0614648271791656,23,1,1.0614648271791656,11,0.036727960270935514,0.06721531831252621,1.3341324927772622,0.06035889387387705,0.7100208416868629,6,0,0,0,0.045833403699925064
PZG,tb_662#0,bo_657#0,657,662,662,2025-07-10 00:00:00,656,2,1.0,1.0432930476351367,23,1,1.0614648271791656,12,0.03824739368968243,0.08974358386541943,1.8301898794825788,0.10603588938738762,0.6597511262846016,1,0,0,0,0.045833403699925064
PZG,tb_661_662#0,bo_658#0,658,661,662,2025-07-09 00:00:00,656,3,1.0,0.6466213008387403,23,2,1.0614648271791656,282,0.03822972608376788,0.11538458599376382,2.3541882977856274,0.17455147989198827,0.6749460447973757,2,0,0,0,0.045833403699925064
QFIN,tb_377#0,bo_371#0,371,377,377,2024-05-17 00:00:00,366,2,5.0,0.8288683923895158,30,2,1.8003029449062986,298,0.5790980812279071,0.018776021558964313,0.6173864085472677,0.1254711262468251,0.0018780319818396674,0,0,0,1,0.01286948032287498
QMMM,tb_158_159#0,bo_155#0,155,158,159,2025-03-07 00:00:00,155,1,81.0,3.322592012106145,81,1,3.322592012106145,8,0.1384264521479411,0.1772152424011436,2.0227354400430224,0.21348321379141666,0.4638465620977833,0,2,0,0,0.0
QNRX,tb_630#0,bo_627#0,627,630,630,2025-05-22 00:00:00,625,2,2.0,0.0780111978656228,171,1,0.551948983770738,15,1.0015172007804032,0.09375356668745091,0.8377296977530989,0.04444440150486062,0.16883108694435656,0,0,0,1,0.0
QNRX,tb_638_640#0,bo_632#0,632,638,640,2025-06-04 00:00:00,625,3,5.0,0.17705444848479748,171,2,0.551948983770738,15,0.9148584136660316,0.11111105759403181,1.2023712209056254,0.2888888279423829,0.11322762922006158,0,0,0,3,0.05953693274776817
QS,tb_417#0,bo_414#0,414,417,417,2024-07-17 00:00:00,413,2,1.0,9.11662001914583,129,4,14.83793614939603,104,0.35847088857624254,0.09243698236624218,2.454871908667563,0.5249538322901088,0.04428245523664498,0,1,0,0,0.024070050193108608
QTEX,tb_666_681#0,bo_659#0,659,666,681,2025-07-16 00:00:00,652,4,1.0,5.8621560259833085,13,6,27.34632260661972,189,0.09988655826870715,0.19393935628283177,3.2036335898365684,0.8554216780948403,0.13438456901457044,0,0,0,16,0.12408755948391254
QTI,tb_610_625#0,bo_605#0,605,610,625,2025-04-24 00:00:00,605,1,34.0,0.23005018099054492,34,1,0.23005018099054492,23,0.8230752458708652,0.05263153051515313,0.728972752862435,0.0444444534149262,1.2625376747827968,14,2,0,0,0.049999963669549854
QTI,tb_609_625#0,bo_606#0,606,609,625,2025-04-23 00:00:00,605,2,1.0,0.3666436633200507,34,2,0.3666436633200507,103,0.8349984262456722,0.1066666497124566,1.4371282286849176,0.11111113353731539,1.2414536737394348,15,2,0,0,0.049999963669549854
QTRX,tb_761#0,bo_758#0,758,761,761,2025-11-28 00:00:00,757,2,1.0,3.551941403481137,35,3,3.551941403481137,84,0.3868339795877739,0.03866666158040365,0.7496755123788845,0.18781728632369665,0.20798900568552758,0,0,0,1,0.0162601468425821
QTRX,tb_766_774#0,bo_759#0,759,766,774,2025-12-05 00:00:00,757,3,1.0,1.4407636008322948,35,5,3.551941403481137,116,0.4038458381886472,0.044388125721000746,0.8666682886706685,0.22335028861961526,0.17277177409431949,0,6,0,3,0.03994496274759079
QTTB,tb_350_351#0,bo_343#0,343,350,351,2024-04-10 00:00:00,342,2,1.0,1.1271202211273788,28,1,1.312197949772634,20,1.1053589616295454,0.07985965463181896,1.6465253961389734,0.11317253649175485,0.4558293982587086,2,0,0,0,0.03139211287894237
QTTB,tb_350_351#1,bo_344#0,344,350,351,2024-04-10 00:00:00,342,3,1.0,4.673012179458915,28,2,4.673012179458915,101,1.1628333106140143,0.07985965463181896,1.5651440198353372,0.359307324584379,0.4558293982587086,2,0,0,0,0.03139211287894237
QUBT,tb_715#0,bo_712#0,712,715,715,2025-09-24 00:00:00,710,2,2.0,5.06002988716077,68,4,5.06002988716077,66,1.11604974949636,0.16597162711476687,3.5661488603284788,0.37937162419377213,0.2069126733651634,0,1,0,0,0.13149984155974068
QUIK,tb_328#0,bo_323#0,323,328,328,2024-03-08 00:00:00,321,2,2.0,2.932029472619861,43,2,7.423001669756912,25,0.9491118373632534,0.07284776716537375,1.3907756180135467,0.27222659541796634,0.22058823529411775,0,1,0,0,0.04394297888438228
QUIK,tb_531#0,bo_528#0,528,531,531,2024-12-27 00:00:00,524,2,4.0,3.8375963760323963,201,4,3.8375963760323963,49,0.4717081356109424,0.1136581187877388,2.5227475301361166,0.1631643596943526,0.35496958639646414,1,0,0,0,0.031434247436695886
QXL,tb_326_346#0,bo_323#0,323,326,346,2024-03-06 00:00:00,323,1,136.0,4.973684210526316,136,2,4.973684210526316,64,0.1721828643106113,0.009433981494022772,0.18584930026559798,4.709923980188963,0.0,0,0,0,0,0.0
QXL,tb_443_444#0,bo_436#0,436,443,444,2024-08-22 00:00:00,423,3,8.0,0.29149797570850206,100,6,2.6561264822134385,429,0.6701753533025313,0.11999998092651368,0.8952879297572671,0.6666666666666667,0.3636363340803421,1,0,0,1,0.1119999885559082
QXO,tb_510#0,bo_507#0,507,510,510,2024-11-26 00:00:00,500,2,7.0,1.2006990831782451,110,2,3.39352731720451,43,0.9680994215643529,0.03850389170456534,0.7230670190963663,0.030978935496161153,0.004446910768419743,0,1,0,0,0.0
QXO,tb_635#0,bo_628#0,628,635,635,2025-05-30 00:00:00,623,3,2.0,2.325137978806173,28,5,2.325137978806173,118,0.807292002279806,0.11514198114352267,2.712773727316782,0.26989623693309417,0.45235297259162444,1,0,0,0,0.0702997759515045
RAIL,tb_347#0,bo_340#0,340,347,347,2024-04-05 00:00:00,337,2,3.0,0.9510574687188572,35,1,3.5249561659848045,266,0.17800738369154753,0.019999980926513672,0.44941913108884923,0.05135136615454994,0.0730479088618865,0,0,0,1,0.012499988079071045
RAIL,tb_548#0,bo_542#0,542,548,548,2025-01-24 00:00:00,542,1,44.0,0.43898479286837966,44,1,0.43898479286837966,20,0.7326022812523451,0.06671559957341953,1.242148467693586,0.03261886266555991,0.023574177080572856,0,1,0,0,0.019388533321423665
RAIL,tb_548#1,bo_543#0,543,548,548,2025-01-24 00:00:00,542,2,1.0,0.7657253573120404,44,2,0.7657253573120404,29,0.710273552326745,0.06671559957341953,1.281197642943913,0.13699909876440075,0.023574177080572856,0,1,0,0,0.019388533321423665
RAIL,tb_642_659#0,bo_637#0,637,642,659,2025-06-10 00:00:00,623,4,3.0,0.7841578977966397,80,5,0.9347038828987474,56,0.46722938159656735,0.035502981953434286,0.6420833161427777,0.20000005488773187,0.3861163670862033,17,1,0,0,0.03549571103364988
RAMP,tb_500_501#0,bo_497#0,497,500,501,2024-11-12 00:00:00,496,2,1.0,2.0068254039296427,220,1,2.0068254039296427,54,0.6425191459851154,0.0385525668384764,1.7742652445019074,0.13005554226596194,0.13829931405740603,2,0,0,0,0.012478357212875112
RAMP,tb_624_626#0,bo_621#0,621,624,626,2025-05-14 00:00:00,621,1,108.0,0.5497685185185185,108,1,0.5497685185185185,32,0.8875048756740399,0.012044118780664985,0.40563011299461177,0.007508079977714743,0.18975985433985096,3,0,0,0,0.0
RAPP,tb_318_327#0,bo_312#0,312,318,327,2025-09-16 00:00:00,306,3,5.0,77.48520379676158,35,6,77.48520379676158,222,1.5714892406974674,0.422035067706385,11.35165309435201,1.102204325451261,0.1582311622296141,0,0,0,10,0.2008562586585154
RBB,tb_418#0,bo_415#0,415,418,418,2024-07-18 00:00:00,413,2,2.0,2.182122905027933,163,2,3.3361609231249023,136,0.45119960973605855,0.02158271345216815,0.9919841121925717,0.08272253304993482,0.11170386232583973,0,1,0,0,0.015370768703960863
RBKB,tb_476_477#0,bo_473#0,473,476,477,2024-10-09 00:00:00,466,3,6.0,3.789578397925314,165,2,6.499561403508771,172,0.18624628210606048,0.019484571269246857,0.7264045453373433,0.15366141936928468,0.0766481628122535,0,0,0,2,0.011446405445364157
RCAT,tb_417#0,bo_414#0,414,417,417,2024-07-17 00:00:00,406,2,8.0,2.8882771914325036,46,2,3.029117391418864,50,0.12328256757392476,0.1954545715623645,3.4879227065039693,0.5217391619835556,0.7031250281337034,1,0,0,0,0.0
RCS,tb_714_719#0,bo_709#0,709,714,719,2025-09-23 00:00:00,708,2,1.0,1.3006171485855704,442,1,1.3006171485855704,175,0.051588551806962465,0.007905130642070374,1.0797869855425348,0.019125693603978977,0.05892090541458469,6,0,0,0,0.004021474485107236
RCUS,tb_707#0,bo_700#0,700,707,707,2025-09-12 00:00:00,699,2,1.0,1.2703517733213117,11,2,1.2703517733213117,62,0.5031498293055866,0.06535949392928629,1.5899840249155395,0.09915015822528317,0.9192708100502698,1,0,0,0,0.06152584297106408
RCUS,tb_741#0,bo_738#0,738,741,741,2025-10-30 00:00:00,738,1,15.0,2.1769522365428355,15,1,2.1769522365428355,221,1.0323185990101198,0.09995481369578074,2.1408129175822634,0.07452345206973776,0.3075779554337943,0,0,0,1,0.004928554803228185
RDCM,tb_331#0,bo_328#0,328,331,331,2024-03-13 00:00:00,326,2,2.0,2.62338575068084,288,4,2.7232517801716267,302,0.41656355264419387,0.08347109066447453,2.424600574079806,0.1347992201022874,0.010554079750826784,0,1,0,0,0.07245153032591961
RDNW,tb_481_482#0,bo_478#0,478,481,482,2024-10-16 00:00:00,473,2,5.0,0.749645390070922,153,3,1.4044251371935481,64,0.34755446237261234,0.0711443387609209,1.2343400073945792,0.08210523504959899,0.28392043976501846,0,0,0,2,0.01727114081026081
RDNW,tb_751_752#0,bo_748#0,748,751,752,2025-11-13 00:00:00,745,2,3.0,0.11156283790893276,34,2,0.18871868635609,33,0.35572286815309134,0.07848990574700537,1.256596262769665,0.4670659345169792,0.21769244609207283,0,0,0,2,0.0
RDVT,tb_405_408#0,bo_402#0,402,405,408,2024-06-28 00:00:00,394,2,8.0,0.741619810982175,21,4,1.433428775948461,273,0.818988562119461,0.04636543299810468,1.4289174342402962,0.09777573989756538,0.15611456496567822,1,1,0,2,0.0
RDW,tb_375_377#0,bo_372#0,372,375,377,2024-05-15 00:00:00,372,1,34.0,1.7873078829945463,34,1,1.7873078829945463,23,0.24621212097461817,0.04392156496088299,0.9097845233009808,0.0686499310277402,0.6726306855038561,3,0,0,0,0.0039999961853027345
RDW,tb_393_394#0,bo_390#0,390,393,394,2024-06-11 00:00:00,383,2,7.0,0.8639442837570406,10,2,2.6449090542989464,44,0.24992270589278545,0.07716531944523188,1.9606052574045412,0.06759436611707148,0.38219652410323834,2,0,0,0,0.0650794145771991
RDW,tb_639_640#0,bo_632#0,632,639,640,2025-06-05 00:00:00,625,2,7.0,3.162838473342904,80,2,3.162838473342904,36,1.136507655090672,0.09700300816056935,1.5406859339566255,0.37564770381082657,0.23222307546255938,0,0,0,2,0.0684312124987117
RDWR,tb_648#0,bo_645#0,645,648,648,2025-06-18 00:00:00,641,2,4.0,5.539876028979213,28,3,5.539876028979213,161,0.6022617703895431,0.04547041728304693,2.1585285684324726,0.09555187929217257,0.13397986788048222,1,0,0,0,0.0
REAL,tb_506_508#0,bo_501#0,501,506,508,2024-11-20 00:00:00,495,2,6.0,2.122021184137287,127,4,3.9559154022765095,83,0.21759482341313338,0.046275379604909725,0.9421176500914934,0.35737702662635273,1.5021906081323955,3,0,0,0,0.03623185067302572
REAL,tb_513_515#0,bo_508#0,508,513,515,2024-12-02 00:00:00,495,3,7.0,1.10299874154366,127,6,3.9559154022765095,133,0.2589339603260752,0.056280629785970905,1.3323870943554497,0.5540983099092938,0.8869458984581517,3,0,0,0,0.007504683381911678
REBN,tb_372#0,bo_369#0,369,372,372,2024-05-10 00:00:00,369,1,13.0,4.983431320149653,13,1,4.983431320149653,13,0.16858051849612474,0.32964602120005354,8.838506506141721,0.2536232065588606,1.5958701824239658,1,0,0,0,0.0
REEAF,tb_313_316#0,bo_310#0,310,313,316,2024-02-15 00:00:00,304,2,6.0,2.8561189303334085,45,2,2.8561189303334085,33,0.5019782681291435,0.14873749017715454,2.370421185466762,0.22895624922784896,0.07763186330574812,0,4,0,0,0.05547947934609297
REEAF,tb_467#0,bo_460#0,460,467,467,2024-09-26 00:00:00,459,2,1.0,7.334287039834089,85,3,527.739737129925,81,0.39755066122968025,0.10962959572120949,1.8613974099030308,0.8785835861387856,0.37774291601612275,0,0,0,1,0.06472485916521552
REEAF,tb_471_473#0,bo_468#0,468,471,473,2024-10-02 00:00:00,459,4,1.0,0.8438387718266069,85,5,527.739737129925,126,0.5593309173396339,0.06962027646776663,0.9833180567790697,1.5430017470895847,0.13240462251272186,0,0,0,3,0.06366048030529721
REEMF,tb_560#0,bo_555#0,555,560,560,2025-02-11 00:00:00,547,4,1.0,11.503231953216758,77,6,11.503231953216758,394,0.05710194494478867,0.2608695291616508,5.253760666232145,1.2666666843273027,0.045454570084564105,0,1,0,0,0.1764705985475166
REFR,tb_626#0,bo_621#0,621,626,626,2025-05-16 00:00:00,621,1,188.0,6.896584282143849,188,1,6.896584282143849,14,0.07064739145015285,0.0625000084665689,1.5570286750463842,0.3361344175835097,0.25149698675313514,0,0,0,1,0.04651165208409023
REFR,tb_626#1,bo_622#0,622,626,626,2025-05-16 00:00:00,621,2,1.0,3.7270866141732286,188,2,6.896584282143849,64,0.10202971995108885,0.0625000084665689,1.0781173795032144,0.445378105802547,0.25149698675313514,0,0,0,1,0.04651165208409023
REI,tb_344_363#0,bo_339#0,339,344,363,2024-04-02 00:00:00,332,3,6.0,1.3816189329258572,158,2,2.0645908907698507,108,0.0827706498866324,0.04411760580993364,1.0873409148361255,0.15882351373718717,0.03612970768613049,0,16,0,4,0.035533021033238334
REI,tb_349_353#0,bo_345#0,345,349,353,2024-04-09 00:00:00,332,4,6.0,1.564985349518627,158,3,2.0645908907698507,129,0.08433065089350043,0.028571402621105857,0.7114844026914223,0.2294116797331731,0.0404785843638106,0,5,0,0,0.0430621616580701
RELL,tb_484_495#0,bo_478#0,478,484,495,2024-10-21 00:00:00,474,2,4.0,1.7261433080384123,91,2,1.8169930212073988,62,0.38681182229643574,0.03347580258588375,1.1673309494686281,0.1074917405577216,0.11852202079663282,2,0,0,10,0.03382344665356295
REPX,tb_342_345#0,bo_339#0,339,342,345,2024-03-28 00:00:00,333,2,6.0,1.0362562261091162,242,4,1.4180742614777886,123,0.9606292574264412,0.028787901907256105,0.8674908990166285,0.1326317620522086,0.0025336996320583782,0,4,0,0,0.02881033016873189
REZI,tb_331_332#0,bo_327#0,327,331,332,2024-03-13 00:00:00,323,2,4.0,1.292752119339899,11,1,1.292752119339899,13,0.4658315275421817,0.025463914513557676,0.8813847841940171,0.03000449977280195,0.01824693853621151,0,2,0,0,0.03043480644226015
REZI,tb_501_502#0,bo_498#0,498,501,502,2024-11-13 00:00:00,498,1,171.0,2.314316618551421,171,1,2.314316618551421,71,0.4210567798166186,0.03091969215259007,1.3056554906323556,0.10390801900657243,0.11514194270976152,0,2,0,0,0.0
REZI,tb_696#0,bo_693#0,693,696,696,2025-08-27 00:00:00,685,2,8.0,1.5212184068433752,9,3,3.568162790759536,176,0.8673422299605841,0.01693456527278519,0.4733745917877307,0.23771387338085215,0.2668588164856014,1,0,0,0,0.0
RFIL,tb_660_667#0,bo_655#0,655,660,667,2025-07-08 00:00:00,650,2,5.0,10.018169462427124,97,2,13.021155066638459,95,0.3032163009674851,0.057065226722135265,1.3851500560947194,0.3312756404212296,0.28675669138823134,2,0,0,6,0.03566125516718244
RFL,tb_468_474#0,bo_465#0,465,468,474,2024-09-27 00:00:00,458,2,7.0,8.372365070246765,148,2,8.372365070246765,112,0.08396749309657035,0.04923872500858419,1.1392628336631363,0.24182971990466573,0.26849154921083007,6,0,0,1,0.025380864525842043
RGS,tb_708#0,bo_705#0,705,708,708,2025-09-15 00:00:00,703,2,2.0,2.496880733944954,71,3,2.965284098296711,176,1.2502425488858973,0.04225819240531453,1.0238018917098353,0.13239556279844744,0.06454882857596278,0,0,0,1,0.0
RGTI,tb_626_629#0,bo_622#0,622,626,629,2025-05-16 00:00:00,616,2,6.0,1.8051136032020332,99,2,1.8051136032020332,39,0.8782508879606755,0.07987220155250861,1.13862680209983,0.2636761221976036,0.4728911476733919,3,0,0,1,0.1458874798087334
RGTI,tb_633#0,bo_630#0,630,633,633,2025-05-28 00:00:00,616,3,8.0,3.338161761146991,99,3,3.338161761146991,63,1.0810518584790945,0.09803921446408521,1.3875375063970692,0.5164112840326858,0.22810731476290558,0,0,0,1,0.002114146149282765
RIG,tb_334_344#0,bo_331#0,331,334,344,2024-03-18 00:00:00,329,2,2.0,1.1537181527988478,169,1,1.2561420592804142,21,0.24069603971621242,0.03225807496220317,0.7893775794752358,0.07047616867792028,0.11797829913922536,0,6,0,5,0.005172449796859156
RILYG,tb_663_683#0,bo_660#0,660,663,683,2025-07-11 00:00:00,657,3,1.0,0.46389918458117124,15,3,1.0588235294117647,87,0.9280934593702173,0.051632096114974255,0.8683764723145913,0.16162410397533566,0.20027774828168918,0,0,0,21,0.0
RILYG,tb_664_684#0,bo_661#0,661,664,684,2025-07-14 00:00:00,657,4,1.0,0.27206393328700484,15,3,1.0588235294117647,88,0.9607231531557786,0.03857550606370723,0.6267486089602033,0.21337571160263735,0.19268663406095854,0,0,0,21,0.005970029265644729
RILYL,tb_365_371#0,bo_362#0,362,365,371,2024-05-01 00:00:00,360,2,2.0,1.3541341653666148,74,4,2.219483956334767,71,0.7852703500912954,0.02569879055883954,0.6778008652163062,0.1430083903405437,0.06962701989347611,0,0,0,7,0.02224274285956596
RILYN,tb_346_352#0,bo_343#0,343,346,352,2024-04-04 00:00:00,342,2,1.0,0.5458593669094549,170,2,0.7469673086148996,40,0.5413682123214435,0.020512800950270426,0.5780478820237979,0.084735877094406,0.1252068150856744,0,0,0,7,0.0
RILYN,tb_661_667#0,bo_658#0,658,661,667,2025-07-09 00:00:00,654,2,4.0,0.5630372492836676,24,2,5.027893302739137,68,0.7603313374688364,0.04383733103029659,0.8252579490567027,0.07738986215244115,0.26729882751286344,3,0,0,4,0.0
RILYN,tb_665_685#0,bo_662#0,662,665,685,2025-07-15 00:00:00,654,3,4.0,1.5626110124333925,24,3,5.027893302739137,91,0.7368812263051453,0.05700997202666386,1.2393414480214477,0.2738998150511036,0.15463571377328747,0,0,0,21,0.0023823691937714616
RILYP,tb_363#0,bo_360#0,360,363,363,2024-04-29 00:00:00,359,2,1.0,2.0551234614513327,192,1,2.0551234614513327,36,0.44615912845397965,0.038582234442988375,1.5917049559221657,0.12167307308832753,0.04010144468922805,0,1,0,0,0.005649761935760928
RILYP,tb_367_370#0,bo_362#0,362,367,370,2024-05-03 00:00:00,359,3,2.0,1.0224660004508226,192,2,2.0551234614513327,57,0.5225906325351962,0.033674989837247926,1.230511483959614,0.15272492052092224,0.009736824064602578,0,4,0,0,0.02284271605979718
RILYP,tb_366_370#0,bo_363#0,363,366,370,2024-05-02 00:00:00,359,4,1.0,3.2421654537353337,192,4,3.2421654537353337,119,0.5451744210603726,0.03903157199171581,1.3504824982857064,0.24841575217766998,0.010761210343402805,0,5,0,0,0.02284271605979718
RILYT,tb_668_676#0,bo_662#0,662,668,676,2025-07-18 00:00:00,658,2,4.0,1.0605589199399967,14,2,2.7378724381422583,72,0.6635035566873394,0.06500001575987192,1.0578961980956083,0.3159548415274789,0.3677408536327886,1,0,0,8,0.03961808542831381
RILYZ,tb_348_349#0,bo_345#0,345,348,349,2024-04-08 00:00:00,344,2,1.0,0.4835683901182217,169,2,0.49619928564886895,43,0.46492222988186793,0.025324636318767513,0.6299186481232838,0.024458471787923042,0.18016878219214472,2,0,0,0,0.0
RILYZ,tb_779#0,bo_776#0,776,779,779,2025-12-24 00:00:00,773,2,3.0,3.947115789473684,64,2,8.134391643828533,34,0.63715159844456,0.02694140307816603,0.5028782483054349,0.28435512067544955,0.47370751963497004,1,0,0,0,0.0016181114511413118
RIOFF,tb_778_779#0,bo_771#0,771,778,779,2025-12-23 00:00:00,771,1,11.0,1.4024888029755176,11,1,1.4024888029755176,9,0.09783290758615833,0.05887442482806511,1.3901244615901658,0.07608097279477,0.30030669451096037,1,0,0,1,0.028846127394387442
RJET,tb_536_556#0,bo_530#0,530,536,556,2025-01-06 00:00:00,523,2,7.0,2.84650753447735,125,2,2.84650753447735,55,1.1401847394866644,0.09489045878279781,1.710248162476505,0.24299076082655113,0.04110281130950871,0,20,0,1,0.07200002034505208
RJET,tb_545_547#0,bo_538#0,538,545,547,2025-01-21 00:00:00,523,3,8.0,0.9674151022499651,125,3,4.634267677999087,80,1.4668038412097093,0.056737535566641725,0.818104522143296,0.2616823029649349,0.012256763128963325,0,3,0,0,0.022388097233784668
RKLB,tb_469_480#0,bo_466#0,466,469,480,2024-09-30 00:00:00,458,3,2.0,2.6310657910384125,18,3,2.6310657910384125,299,0.42006801313028314,0.07482988405674335,1.8330353181415455,0.2565597256254022,1.8872490773811395,12,0,0,0,0.005112494079759354
RKTO,tb_710_713#0,bo_705#0,705,710,713,2025-09-17 00:00:00,703,2,2.0,1.9255965068544092,65,2,2.396850296442688,42,0.09540406147919674,0.0952380682065101,1.8867115797492788,0.21052628748493407,0.14470077761210914,0,4,0,0,0.046448107187779315
RLAY,tb_720#0,bo_717#0,717,720,720,2025-10-01 00:00:00,711,2,6.0,2.140624973899564,11,4,2.140624973899564,171,0.2350130820553829,0.03601111228718225,0.8297417741852492,0.2640586512014431,0.5714284561886604,1,0,0,0,0.0
RLAY,tb_739_745#0,bo_733#0,733,739,745,2025-10-28 00:00:00,711,5,7.0,1.200312000059713,11,7,2.140624973899564,254,0.3785357474536867,0.04422215892007116,0.8876307401029112,0.7457211736209497,0.2767191890074119,1,0,0,6,0.07954544684857372
RMAX,tb_708_718#0,bo_702#0,702,708,718,2025-09-15 00:00:00,686,4,8.0,1.1412466225659181,37,4,2.132496417625966,114,0.34029977823478,0.026052032778877125,0.7640301047394175,0.1265970030257284,0.01963495009013516,0,11,0,0,0.03814431884892098
RMT,tb_642_643#0,bo_639#0,639,642,643,2025-06-10 00:00:00,639,1,11.0,0.5497273793912624,11,1,0.5497273793912624,49,0.14895834058239185,0.010857804674868007,0.6125206867733078,0.00449947155988073,0.08961093900088224,2,0,0,0,0.0
RMTI,tb_441_449#0,bo_438#0,438,441,449,2024-08-20 00:00:00,435,2,3.0,3.3431666301950953,22,3,3.3431666301950953,213,1.5572446995698086,0.11764703798198495,2.4402068847049554,0.1797234784060895,0.5219748410788251,9,0,0,0,0.0
RNAZ,tb_667_670#0,bo_660#0,660,667,670,2025-07-17 00:00:00,653,2,7.0,0.28569758969479936,106,1,0.28569758969479936,21,0.8429911721701051,0.11310679031840963,1.3819835845421462,0.20757182562151932,0.7638135956582808,4,0,0,0,0.04281003340791395
RNGR,tb_499#0,bo_496#0,496,499,499,2024-11-11 00:00:00,494,2,2.0,4.51914381270903,68,3,4.51914381270903,279,0.3904411408151324,0.027357592205297706,1.0560519931661345,0.11474157693068343,0.1315788578765864,0,0,0,1,0.003931824414067142
RNWWW,tb_287#0,bo_281#0,281,287,287,2024-01-09 00:00:00,265,4,4.0,0.06341417382278003,69,5,2.594439983942192,239,0.08248536632512586,0.026315764707211,0.36370052927354485,0.3620071311935955,-0.11711711131194114,0,1,0,0,0.026785688626827134
RNXT,tb_628_630#0,bo_625#0,625,628,630,2025-05-20 00:00:00,619,2,6.0,2.082089552238806,75,2,2.082089552238806,36,0.06160107589316634,0.08461530702353649,1.785681394373632,0.07766994673543626,0.1812164206151472,0,0,0,3,0.016129016752173694
ROMA,tb_188_195#0,bo_183#0,183,188,195,2024-10-08 00:00:00,180,2,3.0,3.4672340425531916,0,3,4.6980740099545555,52,0.057189903692511423,0.0904255093169352,1.4862759517718505,0.43499994536241116,0.18955034147074162,0,8,0,0,0.04819272609316896
ROMA,tb_190_203#0,bo_187#0,187,190,203,2024-10-10 00:00:00,180,3,4.0,1.1570240902350681,0,4,4.6980740099545555,96,0.07384414996096063,0.08307695185644316,1.0969051723604843,0.5166666501098216,0.08048443472260128,0,14,0,0,0.032967066076724796
RPAY,tb_337_339#0,bo_330#0,330,337,339,2024-03-21 00:00:00,323,2,7.0,1.8230962365039234,53,4,3.7347940494136975,276,0.4396628673773755,0.026737984277633797,0.6823414324807293,0.2531646569817687,0.03229131805140062,0,0,0,3,0.012149543622267243
RPC,tb_417_419#0,bo_414#0,414,417,419,2024-07-17 00:00:00,414,1,234.0,1.0460934035626603,234,2,1.0460934035626603,104,0.227597481288104,0.04316203980475483,1.8997036253549107,0.018319131693528945,0.07725716067436823,0,3,0,0,0.01678179318310203
RPID,tb_553_554#0,bo_550#0,550,553,554,2025-01-31 00:00:00,545,3,3.0,7.51831715210356,48,5,7.51831715210356,499,0.14102533228441197,0.17821783054670798,2.552732962749465,0.3658535947124575,1.0528966852531598,2,0,0,0,0.06282722872536994
RR,tb_472#0,bo_469#0,469,472,472,2025-10-08 00:00:00,469,1,9.0,3.786805564952951,9,1,3.786805564952951,8,0.5142884106163506,0.1184387157382386,1.7111014353777123,0.197674420753728,0.05433184855623718,0,1,0,0,0.03541076515952128
RRGB,tb_480_482#0,bo_477#0,477,480,482,2024-10-15 00:00:00,473,2,4.0,3.9083314184420446,84,1,3.9083314184420446,12,0.32251345806202897,0.056603761239207365,1.023212878274946,0.2087911581189854,0.13599419351566736,0,0,0,3,0.018181800842285156
RSI,tb_297_317#0,bo_294#0,294,297,317,2024-01-24 00:00:00,293,2,1.0,2.3249199282879762,91,2,2.9132313149457696,43,0.2867881420486501,0.04220183983905477,0.8019858053770913,0.10840713496084597,0.3173213609387468,17,0,0,4,0.0
RSKD,tb_409_410#0,bo_402#0,402,409,410,2024-07-05 00:00:00,400,2,2.0,0.6345486883059138,18,3,1.1785457379211126,322,0.19173450386032265,0.021820915175728307,0.7562539762386494,0.039087989116308064,0.00923076042762172,0,2,0,0,0.019938667917364705
RSSS,tb_518_538#0,bo_513#0,513,518,538,2024-12-09 00:00:00,505,3,4.0,3.799534008423694,185,4,5.871217891019871,186,0.15370063992661748,0.040506350354226624,1.0409851638033427,0.29020985754155926,0.057037227160645444,0,15,0,6,0.019073615859993336
RSSS,tb_706_710#0,bo_699#0,699,706,710,2025-09-11 00:00:00,691,2,8.0,0.43927948866937827,70,2,3.021097302212792,41,0.1265519344911836,0.03244841596177876,0.8692094194898901,0.11971836720542273,0.20204016437864042,3,1,0,1,0.04819272609316896
RSSS,tb_706_710#1,bo_700#0,700,706,710,2025-09-11 00:00:00,691,3,1.0,1.3112632337453578,70,3,3.021097302212792,78,0.13322679835682974,0.03244841596177876,0.8256607144441316,0.15492960229513142,0.20204016437864042,3,1,0,1,0.04819272609316896
RUM,tb_624#0,bo_621#0,621,624,624,2025-05-14 00:00:00,621,1,93.0,4.291074476363613,93,2,4.291074476363613,32,0.4640490905254572,0.05355493331412482,1.2498676013981684,0.19537274292232398,0.04057971602067756,0,1,0,0,0.019886366458553146
RUN,tb_444_449#0,bo_440#0,440,444,449,2024-08-23 00:00:00,432,2,8.0,0.685691416890392,18,2,1.9945693346158102,119,1.385792769795046,0.08394832422533317,1.3133274573898883,0.22862343905951632,0.05157922599323831,0,6,0,0,0.05774926273821264
RUN,tb_695_715#0,bo_688#0,688,695,715,2025-08-26 00:00:00,682,2,6.0,3.3159849347802086,24,2,3.3159849347802086,65,0.9310806165746294,0.03846151675752531,0.6981131461221582,0.5347299387713731,0.36908595649694886,17,0,0,4,0.04718813725339706
RVLGF,tb_700#0,bo_697#0,697,700,700,2025-09-03 00:00:00,694,3,1.0,2.7732814893015925,61,4,2.7732814893015925,528,0.030232835899648276,0.07368420392192293,1.3892178639104842,0.295739432985032,0.11731847916029592,0,0,0,1,0.011605496585645473
RVLGF,tb_705#0,bo_700#0,700,705,705,2025-09-10 00:00:00,694,4,3.0,1.1501075891748738,61,5,3.704713145610601,582,0.03588102929627658,0.09171073853942963,1.449233402485433,0.3458646998428021,0.14942530048105063,0,0,0,1,0.01675978273718514
RVLV,tb_438_451#0,bo_432#0,432,438,451,2024-08-15 00:00:00,425,2,7.0,4.196186529952946,104,3,4.196186529952946,108,0.9315958750091965,0.053719053860528686,1.3954560977380308,0.26273026121378473,0.13909328897328258,1,0,0,13,0.035126679244934185
RVLV,tb_640_641#0,bo_637#0,637,640,641,2025-06-06 00:00:00,637,1,141.0,1.020410825695623,141,2,1.020410825695623,28,0.9815660273142951,0.05053996093189678,1.191972871652081,0.06571849890629133,0.02653478236893425,0,1,0,1,0.012848870717761413
RVLV,tb_769_780#0,bo_763#0,763,769,780,2025-12-10 00:00:00,759,2,4.0,1.0929146235938851,57,3,1.0929146235938851,183,1.1231419222346062,0.041787493063373614,1.090690639552001,0.12901821261054036,0.09862249079277957,0,4,0,8,0.020377393038767688
RVSB,tb_509_510#0,bo_506#0,506,509,510,2024-11-25 00:00:00,501,2,5.0,2.3462757527733755,19,1,10.768512013488829,120,0.10596438210249604,0.03208561513224406,1.6557025471542575,0.06404956046321941,0.057505184689507494,0,0,0,2,0.0
RYAM,tb_688_689#0,bo_685#0,685,688,689,2025-08-15 00:00:00,683,2,2.0,1.5674607096965505,21,3,1.806671241578004,69,0.2351173592093672,0.02884608154465901,0.6379776424619581,0.08466816824910417,0.5335291249032331,2,0,0,0,0.0
RYZ,tb_570#0,bo_567#0,567,570,570,2025-02-26 00:00:00,559,2,8.0,1.6632887087311323,80,2,1.6632887087311323,16,0.9099082534680806,0.08537034464033944,2.47273571106893,0.08919769395595711,-0.005991476152633957,0,1,0,0,0.0
RYZ,tb_776_788#0,bo_770#0,770,776,788,2025-12-19 00:00:00,765,2,5.0,1.1594917375724685,43,3,1.3276759688275213,185,0.8411618879765396,0.04698747926471368,1.464277715934554,0.0636770474346493,0.19422658359505066,4,0,0,4,0.05672348612517373
RZLT,tb_317_327#0,bo_314#0,314,317,327,2024-02-22 00:00:00,312,2,2.0,4.798427550623452,164,2,4.798427550623452,25,0.12117870192075562,0.08024691040060576,1.0727957402666473,0.23853209403797182,1.1363377945282147,11,0,0,0,0.0
RZLT,tb_324_340#0,bo_318#0,318,324,340,2024-03-04 00:00:00,312,3,4.0,2.078275924132434,164,3,4.798427550623452,111,0.13247407913123904,0.08717952417277008,1.283270488904702,0.5779816293022111,0.9529738860646674,17,0,0,0,0.04651165208409023
RZLV,tb_613_615#0,bo_610#0,610,613,615,2025-04-29 00:00:00,610,1,179.0,2.743694192852563,179,1,2.743694192852563,27,0.17092265191792003,0.1692606825209769,2.545010493918825,0.3221476617458032,0.4194675382695073,0,0,0,3,0.0
SA,tb_345_347#0,bo_342#0,342,345,347,2024-04-03 00:00:00,342,1,13.0,2.673510190110906,13,1,2.673510190110906,14,0.4872977822465864,0.03832342920710265,1.3133679657774673,0.09406658606669382,0.026907095863822377,0,0,0,3,0.0
SA,tb_641_661#0,bo_638#0,638,641,661,2025-06-09 00:00:00,638,1,33.0,1.2567072949760216,33,1,1.2567072949760216,33,0.48664706485931675,0.02762802177873368,0.8424993738134122,0.025326165039821102,0.17519350875845063,14,0,0,7,0.0
SA,tb_645_650#0,bo_639#0,639,645,650,2025-06-13 00:00:00,638,2,1.0,2.22583159771498,33,2,2.22583159771498,83,0.48474370580843507,0.03143814535285344,0.9695850846479007,0.06293174714528971,0.16214492312917272,4,0,0,2,0.018467818481725688
SAN,tb_624_644#0,bo_621#0,621,624,644,2025-05-14 00:00:00,621,1,10.0,0.5822069692665263,10,1,0.5822069692665263,9,0.19068485932524867,0.010389600738664143,0.41443043549176445,0.008174409678945116,0.13416009201532733,21,0,0,0,0.0
SAN,tb_628_648#0,bo_623#0,623,628,648,2025-05-20 00:00:00,621,2,2.0,1.0398148553632915,10,1,1.0398148553632915,11,0.17792396336634578,0.011292305912164772,0.49967173485380756,0.03133518229833898,0.14197034516982396,21,0,0,0,0.0
SANA,tb_286#0,bo_283#0,283,286,286,2024-01-08 00:00:00,278,2,5.0,2.6572140360615077,27,1,2.6572140360615077,29,0.33061623459179135,0.12274365216984148,2.0567647840349164,0.07551485866087981,1.3622047598862048,1,0,0,0,0.00392156496088299
SBGI,tb_416_417#0,bo_413#0,413,416,417,2024-07-16 00:00:00,413,1,42.0,1.0636416422713086,42,1,1.0636416422713086,26,0.5787283411035385,0.03757962800991306,0.8906870601952048,0.03278675132324871,0.023152925120909718,0,2,0,0,0.0
SBGI,tb_481#0,bo_478#0,478,481,481,2024-10-16 00:00:00,471,4,5.0,1.1472834315937999,58,4,1.1908651138133262,180,0.5686201665296714,0.035834337912963345,1.0011215958603763,0.1631579129284324,0.06704259853665495,0,0,0,1,0.018099514033500116
SBSW,tb_631_639#0,bo_628#0,628,631,639,2025-05-23 00:00:00,628,1,23.0,1.8444912851692512,23,2,1.8444912851692512,138,0.2162231749317225,0.04213942069154844,1.1685493402178238,0.14462806482190205,0.5928859546178181,9,0,0,0,0.0
SBSW,tb_641_643#0,bo_636#0,636,641,643,2025-06-09 00:00:00,628,3,6.0,1.1729538428684088,23,5,2.0080599067270812,406,0.24541547152771812,0.03943658263833195,1.1087439130081898,0.3057851063721937,0.43755260489885156,3,0,0,0,0.02373418298894295
SBSW,tb_663_667#0,bo_659#0,659,663,667,2025-07-11 00:00:00,653,2,6.0,0.9591978145741707,9,2,1.1546642868961627,484,0.2937417466123432,0.02891563440999321,0.7940004615344795,0.13285709288833636,0.1595931956787419,0,2,0,3,0.05800757954700426
SBSW,tb_718_719#0,bo_712#0,712,718,719,2025-09-29 00:00:00,712,1,53.0,1.03818261606055,53,1,1.03818261606055,9,0.377270030836753,0.02775366021120954,0.8242763235053042,0.09278357121081449,0.16637012368152249,0,0,0,2,0.01163924498963537
SBSW,tb_718_724#0,bo_713#0,713,718,724,2025-09-29 00:00:00,712,2,1.0,1.117721296028702,53,2,1.117721296028702,42,0.40654760756566377,0.02775366021120954,0.7649159611316227,0.15349381332695433,0.17177817527528869,0,0,0,7,0.01163924498963537
SCHL,tb_680_681#0,bo_673#0,673,680,681,2025-08-05 00:00:00,671,2,2.0,4.512209828157975,20,1,4.512209828157975,20,0.7487200667150686,0.07695155533401289,2.708714983621858,0.22308761701065305,0.15372752597656936,0,0,0,2,0.041289740039186854
SCKT,tb_754#0,bo_751#0,751,754,754,2025-11-18 00:00:00,746,3,4.0,5.459152798789712,138,2,5.459152798789712,54,0.049029987289823704,0.085937513096724,2.243525246190417,0.16190484191825694,0.10569105139490365,0,0,0,1,0.0314960334281626
SCLX,tb_680_684#0,bo_674#0,674,680,684,2025-08-05 00:00:00,667,3,1.0,5.477918882187138,29,3,5.477918882187138,96,0.6141768764240082,0.23029275482053277,4.1465245952496925,1.2171429471634858,1.2507511006228438,5,0,0,0,0.1887147419708583
SCLX,tb_712_713#0,bo_707#0,707,712,713,2025-09-19 00:00:00,702,2,5.0,1.6650367399405013,16,2,1.6650367399405013,194,1.278257888727639,0.1184663533163036,1.760939338360453,0.2894994851325736,0.16040326901086688,0,2,0,0,0.12217896393216902
SCOR,tb_288_308#0,bo_282#0,282,288,308,2024-01-10 00:00:00,281,2,1.0,1.6968639874701883,9,2,2.123811288500505,108,1.3647746142071695,0.06191183590567174,0.9159021474957278,0.1725490398961853,0.0685640903624381,0,7,0,14,0.02445806223766667
SCOR,tb_689_692#0,bo_682#0,682,689,692,2025-08-18 00:00:00,681,2,1.0,1.5724680599035452,125,3,2.9087093389296954,33,0.494466366661122,0.08713694505932401,1.2741010449203773,0.4620123311854447,0.5491488287565792,4,0,0,0,0.10586549289683153
SCTSF,tb_689#0,bo_686#0,686,689,689,2025-08-18 00:00:00,682,2,4.0,3.295657664659025,116,2,5.155959447391921,178,0.040362075242874544,0.06627225087163854,1.3874423836144312,0.07793917224190539,0.7624999320134531,1,0,0,0,0.03921569343577541
SCWO,tb_703_708#0,bo_696#0,696,703,708,2025-09-08 00:00:00,696,1,63.0,0.9944860141105137,63,1,0.9944860141105137,25,0.3400182755584654,0.14285712663819117,1.7646107511341684,0.11111109148818321,1.8020942043589159,6,0,0,0,0.05555550404536735
SCYX,tb_282#0,bo_279#0,279,282,282,2024-01-02 00:00:00,274,2,5.0,1.2384345536657457,78,2,1.274026246572276,36,0.8601355068795332,0.07594929832503396,1.6741532179425123,0.17058820806985153,-0.018099529937821268,0,1,0,0,0.00896860123562833
SCZM,tb_558_559#0,bo_552#0,552,558,559,2025-02-07 00:00:00,551,2,1.0,0.5559650109583195,68,2,0.8460560660605296,38,0.08004606101190836,0.04928569687568419,0.6896027117132818,0.221861928700257,0.6177345138383669,2,0,0,0,0.06404300320393616
SCZM,tb_584_586#0,bo_581#0,581,584,586,2025-03-18 00:00:00,577,3,2.0,2.5098606773961087,25,5,4.82407247970118,191,0.11886523251482985,0.06049062330503284,0.8547499447622978,0.23591309214157508,0.08139941105359168,0,2,0,1,0.018401562587863032
SCZM,tb_699_700#0,bo_693#0,693,699,700,2025-09-02 00:00:00,693,1,34.0,2.617576283800546,34,1,2.617576283800546,22,0.3018203760439691,0.0819209431946692,1.5373389668017088,0.11512198367053661,0.4941432423174781,2,0,0,0,0.02439022026387315
SD,tb_645_647#0,bo_642#0,642,645,647,2025-06-13 00:00:00,642,1,472.0,0.9693333394681991,472,1,0.9693333394681991,19,0.28232652426416827,0.04278525382697817,1.722781052101337,0.02147525955908902,0.06940312127361947,0,3,0,0,0.0
SD,tb_648_649#0,bo_645#0,645,648,649,2025-06-18 00:00:00,642,2,3.0,2.0306381854798774,472,2,2.0306381854798774,59,0.2941713478711611,0.05221525183225809,2.139712906582161,0.11017753227320526,0.01132911117047486,0,2,0,0,0.012615650895561175
SDRL,tb_647_649#0,bo_641#0,641,647,649,2025-06-17 00:00:00,641,1,307.0,2.6792354657481012,307,2,2.6792354657481012,51,1.1254945525269737,0.032981955742507285,0.8618427438645867,0.07429482850874658,0.1194368655310863,0,0,0,3,0.018556732249089766
SEED,tb_379#0,bo_376#0,376,379,379,2024-05-21 00:00:00,370,3,5.0,0.5930429021036939,54,4,1.418921706332446,235,0.515762417073699,0.0956113044784575,1.1827153614165713,0.7988338064748786,0.0369127162388494,0,1,0,0,0.035656444782566896
SEER,tb_502_503#0,bo_497#0,497,502,503,2024-11-14 00:00:00,496,2,1.0,2.362789335905208,129,2,2.362789335905208,75,0.0745004675147108,0.0880000114440918,2.953001987092074,0.09359608861983482,0.11053718705841664,0,0,0,2,0.05882357066065184
SEER,tb_502_503#1,bo_498#0,498,502,503,2024-11-14 00:00:00,496,3,1.0,1.5265376455136337,129,3,2.362789335905208,128,0.08667901440492154,0.0880000114440918,2.5381002555301104,0.17241386600194475,0.11053718705841664,0,0,0,2,0.05882357066065184
SENS,tb_528_529#0,bo_521#0,521,528,529,2024-12-23 00:00:00,520,2,1.0,4.090924888348379,248,2,4.090924888348379,30,0.5633959683919979,0.1287879314687496,2.4139338700508866,0.39935066543555986,1.950503592017861,2,0,0,0,0.04761905791679462
SERA,tb_310_330#0,bo_304#0,304,310,330,2024-02-12 00:00:00,300,2,4.0,0.1910429876882999,35,2,0.28871504948617643,29,0.6318829329694143,0.06873623145991671,0.9811957356085276,0.15187965978350437,0.2832004811534463,1,0,0,20,0.04693144688682733
SFHG,tb_188#0,bo_182#0,182,188,188,2025-07-18 00:00:00,182,1,39.0,0.8945558739255014,39,1,0.8945558739255014,19,0.25387659411092817,0.02564102564102564,0.49236519986313837,0.06746981362331783,0.013684222572728277,0,1,0,0,0.0329436207193603
SFIX,tb_512#0,bo_509#0,509,512,512,2024-11-29 00:00:00,507,2,2.0,0.8600142202593586,47,2,0.8710002484945852,48,0.20930862252771512,0.04540759540114407,1.0510784865660259,0.16752579283392421,0.46743693227830785,1,0,0,0,0.0
SFIX,tb_706#0,bo_702#0,702,706,706,2025-09-11 00:00:00,696,2,6.0,0.7400026795560182,26,2,1.697185127171795,140,0.2691583177858273,0.03050852580784093,0.6687525269756285,0.08030594163713789,0.024137907220975086,0,1,0,0,0.020583171034211555
SG,tb_327_331#0,bo_324#0,324,327,331,2024-03-07 00:00:00,322,2,2.0,3.5211519566381604,13,2,5.992660797325824,151,0.8698221402965461,0.043072127866590516,0.9542179777386272,0.47258070892151594,0.3614907845381345,4,0,0,1,0.02354875683383891
SGHC,tb_509#0,bo_504#0,504,509,509,2024-11-25 00:00:00,496,2,8.0,1.9278129589944861,20,2,5.282902024950776,14,0.17010075837662794,0.03044865181930193,1.0715889110912746,0.39856791830477123,0.3276695160689609,1,0,0,0,0.0016834808348940333
SGHC,tb_705#0,bo_702#0,702,705,705,2025-09-10 00:00:00,695,2,7.0,2.407047086708883,53,2,2.839535756370842,40,0.4666690816674805,0.04567395203482157,1.3069493458033172,0.06302528444199251,0.10700544615784313,0,1,0,0,0.012167340586521613
SGHT,tb_639_640#0,bo_636#0,636,639,640,2025-06-05 00:00:00,635,2,1.0,0.8037587693891999,9,2,1.0525447792230143,102,0.26596669317257254,0.026744242524247168,0.4323858998416179,0.10511367215413214,0.06095239371128969,0,0,0,2,0.00943395377648302
SGML,tb_371#0,bo_368#0,368,371,371,2024-05-09 00:00:00,368,1,93.0,0.6412915372765728,93,1,0.6412915372765728,19,0.8673688166024458,0.04788411730746929,0.9915029068852331,0.011264099520154947,0.07442640521795907,0,1,0,0,0.0
SGMT,tb_479#0,bo_476#0,476,479,479,2025-06-11 00:00:00,475,2,1.0,3.4135390545665554,103,3,7.3378845688333545,84,0.40213842420379003,0.13469986626218589,2.2877696358299766,0.3627451094972407,0.8432955964358464,1,0,0,0,0.04136691033102877
SGRP,tb_348#0,bo_345#0,345,348,348,2024-04-08 00:00:00,343,3,1.0,10.270335558678848,64,4,773.9016751638748,240,0.09001622863818315,0.0761421187714206,1.666365925649489,0.6804123166542746,0.599999902187252,1,0,0,0,0.0
SGRP,tb_381_386#0,bo_378#0,378,381,386,2024-05-23 00:00:00,378,1,33.0,3.2530972633136095,33,1,3.2530972633136095,30,0.1202099290682475,0.10204081434053666,2.0796950962184333,0.13612571424933617,0.27229704123665843,0,0,0,6,0.0
SHC,tb_445_446#0,bo_442#0,442,445,446,2024-08-26 00:00:00,439,2,3.0,0.82780076343212,119,1,0.82780076343212,108,0.555928102572166,0.02409639209958561,0.6835418333463175,0.04135590892727081,0.09277074795034379,0,0,0,2,0.011067713547769741
SHC,tb_687_707#0,bo_684#0,684,687,707,2025-08-14 00:00:00,683,2,1.0,2.6459019238658237,64,2,3.7568163631213785,114,0.5689193653158454,0.022026455249058736,0.615202088041805,0.25311943716557117,0.06656844391838343,0,0,0,21,0.0
SHC,tb_688#0,bo_685#0,685,688,688,2025-08-15 00:00:00,683,3,1.0,2.1932026140459087,64,2,3.7568163631213785,115,0.5461394106504279,0.016551320490799565,0.48156291809819773,0.32442061524231613,0.0571791379680775,0,0,0,1,0.0012690645604826172
SHEN,tb_643_644#0,bo_640#0,640,643,644,2025-06-11 00:00:00,640,1,58.0,0.657242644287545,58,1,0.657242644287545,35,0.5280007407924796,0.021830948599035706,0.5813837646823742,0.020408182578363965,0.13875441112713305,0,1,0,1,0.0
SHIM,tb_444#0,bo_438#0,438,444,444,2025-08-25 00:00:00,438,1,21.0,3.112338277059009,21,1,3.112338277059009,21,0.17460375127708616,0.07034397218060795,1.3000866042815733,0.13270152783378864,0.09374998370185517,0,0,0,1,0.014388475634778753
SHIM,tb_445#0,bo_442#0,442,445,445,2025-08-26 00:00:00,438,2,4.0,1.2033482142857141,21,2,3.112338277059009,144,0.21102366758291596,0.13218391828326567,2.179850456661352,0.4075830219296517,0.04790421854561089,0,0,0,1,0.0
SHIP,tb_473_474#0,bo_469#0,469,473,474,2024-10-04 00:00:00,465,2,4.0,1.623129585442544,26,2,2.7313868842417723,81,0.4289799226490872,0.053754993230512374,1.4206422895722373,0.0886095642155178,0.013553706617519978,0,2,0,0,0.04186795849856927
SHLS,tb_624#0,bo_621#0,621,624,624,2025-05-14 00:00:00,613,3,1.0,1.5251710383799626,13,2,2.603132496986882,54,0.3101683728375252,0.0983733167389568,2.047274344045736,0.364611293983913,0.042553149977613725,0,1,0,0,0.0
SHNY,tb_279_280#0,bo_276#0,276,279,280,2024-04-03 00:00:00,276,1,83.0,0.9062240663900415,83,1,0.9062240663900415,14,0.06833486688211958,0.03267603904665073,1.697521958411066,0.036969045892640384,0.18254783275011877,2,0,0,0,0.0
SHNY,tb_643_644#0,bo_637#0,637,643,644,2025-09-16 00:00:00,633,3,3.0,1.1235668789808917,98,3,2.0076337833337603,95,0.2273964017407883,0.014833573822439305,0.60467011884328,0.1592306045724834,0.6370136291192554,2,0,0,0,0.007110578756548573
SIBN,tb_621_641#0,bo_618#0,618,621,641,2025-05-09 00:00:00,618,1,49.0,3.2943849583913205,49,1,3.2943849583913205,29,0.7068005497272224,0.06187202991723257,1.6553468680032675,0.15438601845189148,0.0363917910301082,0,9,0,12,0.0
SIDU,tb_672_673#0,bo_667#0,667,672,673,2025-07-24 00:00:00,662,2,5.0,2.9378217298388005,9,3,2.9378217298388005,85,0.12035985830375366,0.09360732308634258,1.7032260240618022,0.16477270649114906,-0.04519023547081208,0,2,0,0,0.03980101656463498
SIEB,tb_345#0,bo_340#0,340,345,345,2024-04-03 00:00:00,332,2,8.0,1.993393602225313,78,2,7.815876923076923,47,0.0901773591631632,0.03669732095175381,0.8871424364943399,0.07853402030340195,0.18139527869134597,0,0,0,1,0.0
SIEB,tb_773#0,bo_770#0,770,773,773,2025-12-16 00:00:00,769,2,1.0,1.7867503788698853,44,2,2.4118129614438066,34,0.19350176480781248,0.07901238434344707,1.653732574373178,0.2715231584177784,0.02475245187544539,0,1,0,0,0.015624985448084446
SIFY,tb_559_563#0,bo_556#0,556,559,563,2025-02-10 00:00:00,556,1,106.0,1.3857269983749902,106,1,1.3857269983749902,10,0.19878289022241333,0.09535454531888163,1.9619400063446768,0.01744184354113676,0.3904573725041951,4,0,0,1,0.0
SIFY,tb_704_716#0,bo_700#0,700,704,716,2025-09-09 00:00:00,696,2,4.0,1.8778470355380936,29,2,2.5531047124417627,317,0.6270698880028187,0.06639339988573105,1.291721196376028,0.1150923360723426,0.48693191664589325,13,0,0,0,0.0029211962325501753
SIFY,tb_705_706#0,bo_702#0,702,705,706,2025-09-10 00:00:00,696,3,2.0,1.4218562874251497,29,3,2.5531047124417627,412,0.6546673117614911,0.05707395997557551,1.0845203745343566,0.2128121639553564,0.4925291651715932,2,0,0,0,0.0
SIFY,tb_724#0,bo_717#0,717,724,724,2025-10-07 00:00:00,696,7,7.0,1.213665410453875,29,5,2.8921147732521804,499,0.674369104547189,0.07003890521157655,1.601496741804668,0.39956572094826903,0.19638071650087952,0,1,0,0,0.06442167820431083
SIFY,tb_726_729#0,bo_723#0,723,726,729,2025-10-09 00:00:00,696,8,6.0,1.6174982956919493,29,6,2.8921147732521804,528,0.7917059194951198,0.05982903494791529,1.237832783745365,0.592833877907943,0.07569159731655306,0,4,0,0,0.037700902277265774
SIGA,tb_339_342#0,bo_334#0,334,339,342,2024-03-25 00:00:00,332,3,1.0,4.035029889560606,69,4,6.008158846671772,294,0.25608824293316507,0.06067672375804228,1.6265292123142725,0.23255826856626305,0.28449833808318553,3,0,0,1,0.017937268563477486
SIGA,tb_685#0,bo_682#0,682,685,685,2025-08-12 00:00:00,681,2,1.0,3.2760462909102044,10,2,3.3511511566844474,220,0.257278328839378,0.05197505730165867,1.719179857717316,0.2954545361736687,0.016129055174933127,0,0,0,1,0.018987279154113388
SION,tb_137_140#0,bo_133#0,133,137,140,2025-08-26 00:00:00,127,2,6.0,2.303147498066282,28,2,2.3354495584104535,34,1.423120085718623,0.057277328269219156,1.025914186107078,0.13679479167192388,0.7163725532186087,4,0,0,0,0.013530132511857
SITKF,tb_670_679#0,bo_667#0,667,670,679,2025-07-22 00:00:00,665,2,2.0,2.4953951611737955,59,1,2.4953951611737955,23,0.024061620272527232,0.09788743894168468,2.0759202023063126,0.04390358094300084,0.5144452833377302,9,0,0,1,0.010895609460084403
SJ,tb_439_440#0,bo_436#0,436,439,440,2024-08-16 00:00:00,428,3,3.0,0.9592192635320947,38,2,0.9592192635320947,21,0.07848889491785183,0.022727250560256557,0.31851609306396284,0.13611994728470833,0.03678447548868391,0,2,0,0,0.01886790755296604
SKE,tb_411_418#0,bo_408#0,408,411,418,2024-07-09 00:00:00,408,1,30.0,1.4700429643852002,30,1,1.4700429643852002,30,0.3168034837946387,0.04043542130418007,0.8206972629543973,0.03942657169118591,0.2790262221170349,6,1,0,1,0.0
SKE,tb_710#0,bo_705#0,705,710,710,2025-09-17 00:00:00,699,2,6.0,1.0042482388739908,49,1,1.3962016152272776,36,0.6051525081175521,0.055871698291191256,1.7846739610575366,0.06567166456535678,0.13435287075769864,0,1,0,0,0.021848811689770875
SKIL,tb_534_536#0,bo_531#0,531,534,536,2025-01-02 00:00:00,520,3,8.0,1.8471664069548102,52,5,8.939518592432696,304,1.1391000820236956,0.06061823517187654,1.3256080415684008,0.4687500303692138,0.33611440626723704,1,0,0,2,0.0
SKIN,tb_337_351#0,bo_331#0,331,337,351,2024-03-21 00:00:00,312,5,8.0,6.889894132829963,208,4,6.889894132829963,44,0.26969254890538247,0.17214697356901817,3.3000535984323345,0.462994850897287,0.03552664631953626,0,15,0,0,0.10117648629581227
SKYE,tb_659_661#0,bo_653#0,653,659,661,2025-07-07 00:00:00,650,2,3.0,2.104446571069031,10,2,19.437528892055894,49,0.316279930913784,0.2608695652173913,4.742634145853823,0.9675925144074906,0.021845988426643908,0,0,0,3,0.10526311886877794
SKYT,tb_328#0,bo_321#0,321,328,328,2024-03-08 00:00:00,319,2,2.0,3.4911727361489526,10,4,6.62523515165092,227,0.7780091240254172,0.08172709312206715,1.3624524274628809,0.2586750766499417,-0.010806327292312456,0,1,0,0,0.03425228389855997
SKYT,tb_439_445#0,bo_436#0,436,439,445,2024-08-16 00:00:00,433,2,3.0,1.84768661081118,112,3,5.335195500845224,58,0.5959590517363681,0.1074095226469494,1.8924118771366005,0.6520979293512372,0.03739198047594182,0,0,0,7,0.024338576389263827
SKYT,tb_720_721#0,bo_717#0,717,720,721,2025-10-01 00:00:00,711,3,4.0,3.6684063899302948,29,3,3.6684063899302948,181,0.9870293688569538,0.09058888114665149,1.8236551020702674,0.46515394652684794,0.23956385308843398,0,2,0,0,0.0
SKYX,tb_548_553#0,bo_545#0,545,548,553,2025-01-24 00:00:00,535,3,8.0,4.167994542974079,47,3,4.167994542974079,39,0.10861160173564444,0.10526312157057613,1.8414232483304753,0.4017857551498678,0.28649384372863557,0,2,0,4,0.044586019180546256
SKYX,tb_766_773#0,bo_761#0,761,766,773,2025-12-05 00:00:00,758,2,3.0,0.9314775012930291,21,2,4.168264462809917,204,0.16230510398845124,0.09922174422027429,1.5711143380955124,0.194444529068325,0.4394682935373636,4,0,0,4,0.028688594270410827
SLDP,tb_416_417#0,bo_413#0,413,416,417,2024-07-16 00:00:00,413,1,71.0,4.1013454713381305,71,1,4.1013454713381305,19,0.08766504961281263,0.059867060767447695,1.5399549704025384,0.10674160689570833,0.05864442374830969,0,2,0,0,0.0
SLDP,tb_417#0,bo_414#0,414,417,417,2024-07-17 00:00:00,413,2,1.0,2.6642407988667958,71,3,4.1013454713381305,71,0.10068897327807699,0.052863386153026916,1.191787756417709,0.20786524153074915,0.06818175168076968,0,1,0,0,0.01785712575121809
SLDP,tb_623_626#0,bo_620#0,620,623,626,2025-05-13 00:00:00,620,1,90.0,0.9327084144916244,90,1,0.9327084144916244,11,0.0676421773409115,0.0608108325802206,1.3305312885628688,0.058333275384375494,1.1546547946222625,4,0,0,0,0.0
SLDP,tb_673_674#0,bo_670#0,670,673,674,2025-07-25 00:00:00,665,4,2.0,3.029723686899856,19,4,4.653925397748137,617,0.3167529846404183,0.14675048470947172,2.209923325773188,0.5131085567086164,0.34579926684164297,0,0,0,2,0.014851471125267248
SLI,tb_374_375#0,bo_371#0,371,374,375,2024-05-14 00:00:00,371,1,141.0,2.023993911394771,141,1,2.023993911394771,48,0.0876646014085839,0.09873420258130662,2.2243876013676083,0.17293224995695478,0.07398065697037415,0,2,0,0,0.026737942346945313
SLI,tb_379#0,bo_372#0,372,379,379,2024-05-21 00:00:00,371,2,1.0,6.4183954502402765,141,2,6.4183954502402765,66,0.09997427205534626,0.07848099722462669,1.5503985995913203,0.3383457999655637,0.0,0,1,0,0,0.05464482049003094
SLN,tb_325#0,bo_320#0,320,325,325,2024-03-05 00:00:00,315,2,5.0,2.1241674828599413,13,1,3.276641279033172,18,1.6038421151917093,0.04356765213726833,0.7263801075827574,0.15200725429121187,0.07234038314464608,0,0,0,1,0.015238080705915178
SLN,tb_634_654#0,bo_627#0,627,634,654,2025-05-29 00:00:00,626,2,1.0,0.8006451569636043,306,2,1.1678886934524397,49,0.37243087155649046,0.1358333428700765,2.188325725561769,0.2369076695863528,0.20136170272505055,0,0,0,21,0.05836570460902089
SLN,tb_735_742#0,bo_730#0,730,735,742,2025-10-22 00:00:00,729,2,1.0,2.2290478461953254,68,3,2.6007575435161936,44,0.41177642272621495,0.08443270091389177,1.554241163805349,0.1600000208074397,0.04452349014947987,0,0,0,8,0.027027065341188258
SLN,tb_734_742#0,bo_731#0,731,734,742,2025-10-21 00:00:00,729,3,1.0,2.540209400757407,68,4,2.6007575435161936,57,0.4316495394758038,0.0868984082499968,1.5058514742232627,0.19818184592507104,0.04520706624649248,0,0,0,9,0.01365707898391286
SLND,tb_387#0,bo_384#0,384,387,387,2024-06-03 00:00:00,383,2,1.0,3.6607239330091845,43,2,3.953691402543177,34,0.3119467642216058,0.05852841195923537,1.1219860077917967,0.09090909947605397,-0.010309268214748757,0,1,0,0,0.011884498541760696
SLNHP,tb_393_401#0,bo_388#0,388,393,401,2024-06-11 00:00:00,381,2,7.0,0.6338582677165354,115,2,1.852941176470588,44,0.2777920595516253,0.048593363951318955,0.6839650403511591,0.21212118201785746,1.1790522398424435,9,0,0,0,0.031007723283626446
SLNHP,tb_396#0,bo_391#0,391,396,396,2024-06-14 00:00:00,381,3,3.0,1.2636986301369864,115,2,1.852941176470588,47,0.2703058298545335,0.11363636117336184,1.84975662666646,0.31818177302678596,1.1589743257431047,1,0,0,0,0.06249994268783946
SLQT,tb_375#0,bo_369#0,369,375,375,2024-05-15 00:00:00,368,2,1.0,1.439584550551322,46,6,1.4776444035355383,242,0.14685828558929326,0.1045751435381162,2.1789709171582996,0.19117652558675524,0.3027210371305302,0,0,0,1,0.0
SLQT,tb_382_391#0,bo_376#0,376,382,391,2024-05-24 00:00:00,368,3,7.0,1.5576550903454107,46,7,2.87231162015235,302,0.19582550330646445,0.08452953930153471,1.3532461320395688,0.4950980437988963,0.47161449221486684,10,0,0,0,0.0557376526338179
SLS,tb_332#0,bo_329#0,329,332,332,2024-03-14 00:00:00,327,2,2.0,1.2371033911040092,164,2,1.4059147391361935,69,0.11161060294562683,0.11627909555636291,1.791944872667246,0.13333330021964307,0.10967747195082245,0,1,0,0,0.0
SLS,tb_552#0,bo_549#0,549,552,552,2025-01-30 00:00:00,545,2,4.0,11.215308918168224,45,2,22.06068046299544,48,0.1088779156248473,0.21250001769512866,3.1227639822763913,0.3301887195617057,0.38345862707293077,0,0,0,1,0.1702127767505018
SLS,tb_780#0,bo_777#0,777,780,780,2025-12-26 00:00:00,773,2,4.0,1.9661507345711957,44,2,2.0045262862868025,44,0.16962820993738456,0.0764119667116969,1.3559066570258982,0.2941177226817884,0.8048780609374653,1,0,0,0,0.0
SLSN,tb_361#0,bo_358#0,358,361,361,2024-04-25 00:00:00,351,2,7.0,5.170152091254753,40,3,5.170152091254753,44,0.06417562038034695,0.04201686480785667,0.7791131777026916,0.22222223039844224,0.5304348060449269,1,0,0,0,0.00862068168189925
SLSN,tb_388_389#0,bo_382#0,382,388,389,2024-06-04 00:00:00,378,2,4.0,1.9299268262433338,10,2,1.9299268262433338,244,0.10409807360492787,0.09523807834335413,1.537011791674738,0.10714284193759038,0.03842940609750278,0,2,0,0,0.031250044237821635
SLSR,tb_618_619#0,bo_611#0,611,618,619,2025-05-06 00:00:00,609,2,2.0,0.9390309042350248,51,3,1.604721473381875,232,0.2734721073410213,0.0714285566840702,1.2067041385487365,0.20943137599066053,0.26746306007552345,1,0,0,1,0.06292129100505062
SLSR,tb_618_619#1,bo_612#0,612,618,619,2025-05-06 00:00:00,609,3,1.0,0.9295817645263051,51,4,1.604721473381875,249,0.276795540506761,0.0714285566840702,1.1922154638108924,0.24549230162615365,0.26746306007552345,1,0,0,1,0.06292129100505062
SMDRF,tb_702_703#0,bo_699#0,699,702,703,2025-09-05 00:00:00,699,1,29.0,4.264149624422124,29,1,4.264149624422124,27,0.02751548381779288,0.09088606527191298,2.6094396155442197,0.06475376721261616,0.4990861467417326,2,0,0,0,0.0
SMDRF,tb_703#0,bo_700#0,700,703,703,2025-09-08 00:00:00,699,2,1.0,2.7671289700968127,29,1,4.264149624422124,28,0.030048663273977403,0.07158532437683889,1.9534967310118185,0.12406330889000805,0.4358846314826843,1,0,0,0,0.0
SMERY,tb_365_369#0,bo_362#0,362,365,369,2024-05-01 00:00:00,362,1,74.0,1.6388384754990926,74,1,1.6388384754990926,13,0.07462057204838309,0.021418407797433363,1.2009664670202698,0.05337523026061075,0.38285898203089697,5,0,0,0,0.0
SMERY,tb_366_369#0,bo_363#0,363,366,369,2024-05-02 00:00:00,362,2,1.0,0.5845779784647447,74,1,1.6388384754990926,14,0.08493787709991354,0.02094251140128169,1.0316434630482507,0.07116684838596421,0.3736369917569608,4,0,0,0,0.0
SMFG,tb_499_500#0,bo_496#0,496,499,500,2024-11-11 00:00:00,496,1,322.0,0.8738084803652604,322,1,0.8738084803652604,56,0.23461161536594766,0.01135556037469042,0.6711524688591284,0.05841658017040041,0.11302773904728292,2,0,0,0,0.0
SMFG,tb_509_512#0,bo_502#0,502,509,512,2024-11-25 00:00:00,496,2,6.0,1.0732424410225194,322,2,1.0732424410225194,75,0.24010386796373925,0.013698682035193165,0.8197541744833288,0.09838578787205043,0.08171917857970212,3,0,0,1,0.02309303610727757
SMMT,tb_292_295#0,bo_286#0,286,292,295,2024-01-17 00:00:00,280,2,6.0,1.9687419661548131,16,2,1.9687419661548131,136,0.20816860089770792,0.08856406076099738,1.4843737908899564,0.07608697060601255,0.4914617187811774,2,0,0,2,0.03179194575191844
SMMT,tb_673_676#0,bo_666#0,666,673,676,2025-07-25 00:00:00,658,2,8.0,1.2412636402967614,48,2,2.5477382816854792,32,1.6642974452562684,0.061586130488106024,1.0755294497563321,0.24977893054409606,0.1324434627691557,0,4,0,0,0.051755281985592094
SMR,tb_384_387#0,bo_379#0,379,384,387,2024-05-29 00:00:00,374,2,5.0,0.6193248245452748,40,2,1.9763354201056496,33,0.7760328874730006,0.11366007666785602,1.404579844724446,0.1598746022931532,1.0002808184214642,4,0,0,0,0.09004090781469105
SMR,tb_409_413#0,bo_403#0,403,409,413,2024-07-05 00:00:00,400,2,3.0,1.6361744319263871,18,2,1.6586248613311299,69,1.008314395225831,0.1317771110834552,1.7355697868501168,0.211356485857642,0.29756218892859704,0,5,0,0,0.06501277181248624
SMRT,tb_770_784#0,bo_764#0,764,770,784,2025-12-11 00:00:00,764,1,54.0,1.836333257515772,54,2,1.836333257515772,74,0.08158910877792501,0.07009349907211727,1.8384818465870547,0.06432749231065249,0.02918313781824511,0,12,0,2,0.04060915825051112
SMRT,tb_770_784#1,bo_765#0,765,770,784,2025-12-11 00:00:00,764,2,1.0,2.3017548235738268,54,3,2.3017548235738268,229,0.09040416698707712,0.07009349907211727,1.6592166087750524,0.09941517736389915,0.02918313781824511,0,12,0,2,0.04060915825051112
SMRT,tb_770_784#2,bo_766#0,766,770,784,2025-12-11 00:00:00,764,3,1.0,2.692329788875502,54,4,2.692329788875502,245,0.0918038618519877,0.07009349907211727,1.6339192310806248,0.15204677465680283,0.02918313781824511,0,12,0,2,0.04060915825051112
SMRT,tb_771_772#0,bo_768#0,768,771,772,2025-12-12 00:00:00,764,4,2.0,1.4725092248026732,54,5,2.692329788875502,256,0.11154007612665025,0.05827505879324407,1.120673432731626,0.1812865122011751,0.06237662811073008,0,1,0,1,0.009900980750178165
SMSI,tb_536_539#0,bo_530#0,530,536,539,2025-01-06 00:00:00,524,3,2.0,4.740065398759257,340,5,6.265589600951078,68,0.6750614097603054,0.24064175241065397,3.3330308092060363,0.8409091377061251,0.11956797505054928,0,1,0,3,0.10493831375789342
SMTOY,tb_636_644#0,bo_630#0,630,636,644,2025-06-02 00:00:00,630,1,128.0,0.9948459260883868,128,1,0.9948459260883868,7,0.06927832042198141,0.010823507869944854,0.41499191384003165,0.033664386023766646,0.2831154684827285,9,0,0,0,0.00990102749433508
SMTOY,tb_636#0,bo_631#0,631,636,636,2025-06-02 00:00:00,630,2,1.0,2.381279403017358,128,2,2.381279403017358,43,0.07638342676792108,0.010823507869944854,0.3763898007206872,0.08443701481426658,0.163294085334329,1,0,0,0,0.00990102749433508
SMTOY,tb_768_770#0,bo_763#0,763,768,770,2025-12-09 00:00:00,763,1,38.0,2.928633342964461,38,2,2.928633342964461,17,0.2180184612828815,0.006775986301442965,0.17773802930889487,0.03323559802560516,0.22956343709846805,2,0,0,1,0.02590907703746449
SMTOY,tb_768_770#1,bo_764#0,764,768,770,2025-12-09 00:00:00,763,2,1.0,0.7271358675197591,38,2,2.928633342964461,18,0.21628502701051328,0.006775986301442965,0.1791625254738201,0.07526886531955279,0.22956343709846805,2,0,0,1,0.02590907703746449
SMWB,tb_436_456#0,bo_433#0,433,436,456,2024-08-13 00:00:00,432,2,1.0,2.3409745873722816,110,1,2.5073659853451598,15,0.42769501710231156,0.0526441619039178,1.0264315348746114,0.2591415142013327,0.09506095600791326,0,0,0,21,0.015151500555948771
SMWB,tb_443_457#0,bo_438#0,438,443,457,2024-08-22 00:00:00,432,3,5.0,2.1772605384532877,110,2,2.5073659853451598,39,0.4163475443667486,0.04580153465644117,1.0087727956526131,0.31637516425865164,0.05357809792289114,0,0,0,15,0.01449274026921029
SMWB,tb_447_457#0,bo_441#0,441,447,457,2024-08-28 00:00:00,432,4,3.0,2.488350296066778,110,3,2.5886381322957197,61,0.4018460639962481,0.05388596110313143,1.2940266203384052,0.35453108258107036,0.04433506434156229,0,0,0,11,0.03266590868482781
SMWB,tb_548#0,bo_541#0,541,548,548,2025-01-24 00:00:00,537,2,4.0,2.1108653153616626,39,1,2.1108653153616626,13,0.6342383167683889,0.055788860283109115,1.4663262697756538,0.017496651069235147,0.05818832087073034,0,1,0,0,0.01866827895193861
SMWB,tb_698#0,bo_695#0,695,698,698,2025-08-29 00:00:00,695,1,37.0,1.169578352817549,37,2,1.169578352817549,33,0.4433422713987922,0.049302300741506176,1.1954640176741678,0.019629258852583265,-0.003849851831692508,0,0,0,1,0.0009614688052202667
SMXT,tb_197#0,bo_194#0,194,197,197,2024-12-06 00:00:00,191,2,3.0,9.563144675559023,11,2,9.563144675559023,60,0.16929260708833213,0.22962967149187596,3.6622988720007275,0.8677685282756544,-0.008620681681899223,0,1,0,0,0.0
SNAL,tb_653_662#0,bo_647#0,647,653,662,2025-06-26 00:00:00,643,2,4.0,6.34078622438764,83,2,6.34078622438764,42,0.6144731714359034,0.23497264570111742,3.4989316352187445,0.3454545627940784,0.4344694502613125,3,7,0,0,0.05923347448598949
SNBRQ,tb_518_522#0,bo_515#0,515,518,522,2024-12-09 00:00:00,515,1,57.0,0.8300209601252557,57,1,0.8300209601252557,17,1.2489221365898402,0.07942775402034644,1.2891120776733453,0.031002936041327755,0.02870191102856299,0,5,0,0,0.0
SNBRQ,tb_519_522#0,bo_516#0,516,519,522,2024-12-10 00:00:00,515,2,1.0,0.998891555373804,57,2,0.998891555373804,34,1.2325705881022568,0.07597438977548239,1.2494220861609444,0.12887530903104616,0.024925740936416918,0,4,0,0,0.007552946690279629
SNDL,tb_687#0,bo_684#0,684,687,687,2025-08-14 00:00:00,677,2,7.0,7.441172234080166,13,4,7.82414041633103,147,0.08961233536715962,0.055045926744472055,1.3391027416705152,0.3958332712451642,0.3696683642597651,1,0,0,0,0.01401878894285987
SNDX,tb_693_694#0,bo_687#0,687,693,694,2025-08-22 00:00:00,680,2,7.0,1.3290716227025081,123,3,4.042019824384485,100,0.7244739457873346,0.03479845972856727,0.7867760386199207,0.41907508476262745,0.08123517455227758,0,0,0,2,0.029930650990592396
SNEJF,tb_571_573#0,bo_564#0,564,571,573,2025-02-27 00:00:00,564,1,53.0,0.03821961109869409,53,1,0.03821961109869409,43,0.9057651408590849,0.0,0.0,0.022916589701839962,0.009121288799664562,0,3,0,0,0.04242416065137211
SNFCA,tb_476_490#0,bo_473#0,473,476,490,2024-10-09 00:00:00,468,2,5.0,1.4721318996184987,44,1,1.4721318996184987,28,0.1836598718490305,0.011714497215176947,0.5432457961754379,0.038159445262482494,0.4010369986814718,15,0,0,0,0.0
SNFCA,tb_478_494#0,bo_475#0,475,478,494,2024-10-11 00:00:00,468,3,2.0,0.25256754365855183,44,2,1.4721318996184987,200,0.17899936758494261,0.022610521024250985,1.1147906088000592,0.04601575652043399,0.389762635596095,17,0,0,0,0.0
SNFCA,tb_479_491#0,bo_476#0,476,479,491,2024-10-14 00:00:00,468,4,1.0,0.5942633488429478,44,2,1.4721318996184987,201,0.17398825585785826,0.02414482260519231,1.251157166119584,0.05387206777838527,0.39133091871321235,13,0,0,0,0.0
SOC,tb_420_427#0,bo_414#0,414,420,427,2024-07-22 00:00:00,408,2,6.0,0.6888159912096897,32,1,2.1584831510683684,27,0.7771359386829558,0.036144600462750344,0.7720661876563988,0.021059344103341093,0.7066526075962873,3,5,0,0,0.0504252136207412
SOFI,tb_485_486#0,bo_478#0,478,485,486,2024-10-22 00:00:00,476,2,2.0,1.0126394843021058,28,1,1.0914993106179447,17,0.32964220363797525,0.0282486058349962,0.9100782224606596,0.07134368517906164,0.6372379493015392,2,0,0,0,0.01693227857966738
SOFI,tb_485_487#0,bo_479#0,479,485,487,2024-10-22 00:00:00,476,3,1.0,2.7677907107999444,28,3,2.7677907107999444,179,0.33752487340549847,0.0282486058349962,0.8888239486114747,0.19381690178537814,0.6157371645571348,3,0,0,0,0.01693227857966738
SOFI,tb_489#0,bo_485#0,485,489,489,2024-10-28 00:00:00,476,4,6.0,0.8350353474571135,28,4,2.7677907107999444,206,0.3889452945713135,0.028218667594214444,0.8227370257221264,0.2580261730874691,0.5361931348230482,1,0,0,0,0.015122859032693002
SOFI,tb_499_505#0,bo_496#0,496,499,505,2024-11-11 00:00:00,496,1,9.0,1.3680988530690619,9,1,1.3680988530690619,321,0.5232792637449001,0.06024930130475727,1.6625919386387324,0.03415064279485702,0.2526744006814607,4,0,0,3,0.0
SOFI,tb_509_516#0,bo_506#0,506,509,516,2024-11-25 00:00:00,496,3,8.0,0.8981475746352499,9,2,2.2051973400969898,323,0.6650422242771367,0.03542571096449249,0.85708797729915,0.28458843942973955,0.1563692844249051,0,0,0,8,0.0
SOFI,tb_659#0,bo_654#0,654,659,659,2025-07-07 00:00:00,654,1,11.0,1.433083551173681,11,1,1.433083551173681,90,0.6662866927525036,0.04613796032952338,1.3357632782974804,0.02444841003103848,0.3827962504539122,1,0,0,0,0.03130146751683516
SOFI,tb_659#1,bo_655#0,655,659,659,2025-07-07 00:00:00,654,2,1.0,2.2958355238615344,11,1,2.2958355238615344,91,0.6722662146987534,0.04613796032952338,1.3238822322729478,0.08586753651770684,0.3827962504539122,1,0,0,0,0.03130146751683516
SONO,tb_703_720#0,bo_700#0,700,703,720,2025-09-08 00:00:00,696,3,3.0,0.7995260663507109,11,2,1.1521279444340764,130,0.4981010754677044,0.02140466213423639,0.6424392770558608,0.031524878348845764,0.18114942207732335,18,0,0,0,0.0
SONO,tb_704#0,bo_701#0,701,704,704,2025-09-09 00:00:00,696,4,1.0,1.0294556141235998,11,2,1.1521279444340764,130,0.49895094687769115,0.02189780559978332,0.6613875086741708,0.053519026676101866,0.20480318490326543,1,0,0,0,0.0
SONO,tb_723_726#0,bo_720#0,720,723,726,2025-10-06 00:00:00,720,1,19.0,1.0231441419715432,19,2,1.0231441419715432,218,0.43943670838494003,0.05378156701990193,2.1846172008469136,0.03734172099944333,0.0741979247101116,0,0,0,4,0.0
SOPH,tb_288_289#0,bo_285#0,285,288,289,2024-01-10 00:00:00,279,2,6.0,2.480694026160831,14,3,2.480694026160831,172,0.26974047339537144,0.08219178194041364,1.7794883097499703,0.07983185280077709,0.3399999791925603,0,2,0,0,0.0
SOTK,tb_722#0,bo_719#0,719,722,722,2025-10-03 00:00:00,713,2,6.0,2.8662420382165603,259,2,2.8662420382165603,103,0.16191174909112935,0.04893617625687685,1.4205270486210029,0.062350059301617744,0.1393805568803963,0,1,0,0,0.0
SOUN,tb_500#0,bo_497#0,497,500,500,2024-11-12 00:00:00,489,2,8.0,3.9504436980000857,75,3,3.9504436980000857,83,0.3588317886194655,0.0676020662618741,1.4770157678822737,0.3416988493403492,2.304232768691276,1,0,0,0,0.0270270320028922
SPFI,tb_418#0,bo_415#0,415,418,418,2024-07-18 00:00:00,414,2,1.0,1.6348891692196794,248,1,1.6348891692196794,115,0.761681574397804,0.04167981343998434,1.668892119283757,0.04011155331476224,0.13339094345701596,0,0,0,1,0.014331145205471848
SPIR,tb_320_326#0,bo_313#0,313,320,326,2024-02-27 00:00:00,309,3,3.0,1.6112790218436597,30,6,5.668184624884224,300,0.6363590604404502,0.09821429124347368,1.9014423041442703,0.46012272092305384,0.6044231117535418,7,0,0,0,0.07003254685488222
SPIR,tb_416_428#0,bo_413#0,413,416,428,2024-07-16 00:00:00,413,1,78.0,1.0630513846693153,78,1,1.0630513846693153,16,0.7128915511527399,0.12279508100732336,2.5389548564794016,0.06394806142935372,0.035723063711346,0,13,0,0,0.0
SPIR,tb_547_548#0,bo_544#0,544,547,548,2025-01-23 00:00:00,543,2,1.0,3.2008980659760278,36,2,5.706974912629006,35,1.0685347026012686,0.08536585365853659,1.6377568231895085,0.30101302020795906,0.09879496758503259,0,2,0,0,0.0
SPOK,tb_654_674#0,bo_651#0,651,654,674,2025-06-27 00:00:00,650,2,1.0,0.9119169208623231,86,1,1.1075021459227468,24,0.3052977550418473,0.0160091875534431,0.8324532450631364,0.02872535053275338,0.09170010314220287,7,0,0,14,0.0017452257657007669
SPPL,tb_505#0,bo_500#0,500,505,505,2025-09-18 00:00:00,499,2,1.0,2.3208225572446857,43,3,2.527433628318584,95,0.2573595328635513,0.058505366352514014,1.1346006517912988,0.33219812628094636,0.4492753852113742,1,0,0,0,0.05117276013372995
SPPL,tb_505#1,bo_501#0,501,505,505,2025-09-18 00:00:00,499,3,1.0,1.252851826999329,43,4,2.527433628318584,118,0.2858338617539477,0.058505366352514014,1.0215734830712604,0.45201239304195684,0.4492753852113742,1,0,0,0,0.05117276013372995
SPRO,tb_326#0,bo_323#0,323,326,326,2024-03-06 00:00:00,320,3,2.0,0.820134843538813,23,3,5.282671352034413,146,0.0839276517437391,0.046242798863198174,0.9532024458352862,0.1266667048136394,0.09883718270750075,0,1,0,0,0.011834378377890331
SPRY,tb_415#0,bo_412#0,412,415,415,2024-07-15 00:00:00,410,2,2.0,1.7316958538529128,70,2,1.7316958538529128,44,0.48042900492723584,0.0394957418841111,0.9782908786401785,0.14945050545784655,0.415094358141189,0,1,0,0,0.0
SPWH,tb_644_649#0,bo_641#0,641,644,649,2025-06-12 00:00:00,637,4,1.0,0.7483812844481971,179,6,1.2818350268021441,179,0.22166434685129716,0.14563104885891245,2.706794814571946,0.6073171477740484,0.04130357155664851,0,0,0,6,0.0
SRAD,tb_501_508#0,bo_498#0,498,501,508,2024-11-13 00:00:00,497,2,1.0,3.613070459943305,31,3,5.182983023930123,335,0.4644620258237198,0.033639971535644936,1.2595197280879205,0.2537549513791941,0.19832978248140895,7,0,0,1,0.0
SRAD,tb_543_556#0,bo_538#0,538,543,556,2025-01-16 00:00:00,536,2,2.0,1.54914493538652,38,1,1.771188876513491,29,0.6692398118850711,0.05736839362638909,1.7915840982770632,0.04563377272914826,0.12377599750771295,0,0,0,14,0.01552631980494449
SRI,tb_648_655#0,bo_642#0,642,648,655,2025-06-18 00:00:00,640,2,2.0,0.8772537025112686,14,2,0.9101080391141114,69,0.3490592681611968,0.058461556067833535,1.0886406667919575,0.20265144930042656,0.44146284349584813,8,0,0,0,0.06270629010379548
SRPT,tb_726#0,bo_723#0,723,726,726,2025-10-09 00:00:00,721,2,2.0,0.5004409985396147,210,2,1.2791728348774203,56,1.3892266268512408,0.08965246781688127,1.6340029869055661,0.20393377827604908,0.06139213695703738,0,1,0,0,0.010692900298282253
SRTA,tb_712_714#0,bo_709#0,709,712,714,2025-09-19 00:00:00,709,1,43.0,1.2912863916789885,43,1,1.2912863916789885,12,0.26560565985191636,0.05315617486299842,1.204794249639813,0.08167767514843782,0.047140701827473874,0,3,0,0,0.020583171034211555
SRTS,tb_505#0,bo_502#0,502,505,505,2024-11-19 00:00:00,502,1,12.0,5.044684072528527,12,1,5.044684072528527,61,0.3438751961097906,0.07019559103941177,1.7738983898172427,0.05959300008608026,0.11524216715853375,0,1,0,0,0.005350782058312706
SRV,tb_345#0,bo_342#0,342,345,345,2024-04-03 00:00:00,342,1,,1.018916107065166,0,1,1.018916107065166,135,0.30400904809616713,0.03396926710150189,3.345691586385556,0.0105393283655153,0.06841575173684422,1,0,0,0,0.0
SRZN,tb_322_323#0,bo_315#0,315,322,323,2024-02-29 00:00:00,312,2,3.0,1.7378303198887344,31,2,1.9216523595799382,133,0.9963676090210815,0.09772742629187373,1.39406372345797,0.341346184706548,0.23363574461251801,0,2,0,0,0.06715329117535906
SRZN,tb_768#0,bo_765#0,765,768,768,2025-12-09 00:00:00,759,2,6.0,3.8249265207968413,39,5,5.842127720096714,694,0.9472866359357438,0.07712648562406403,1.8473817043468834,0.39160297796808563,0.15248863681968183,0,0,0,1,0.0
SRZN,tb_769_773#0,bo_766#0,766,769,773,2025-12-10 00:00:00,759,3,1.0,3.3089944416371906,39,5,5.842127720096714,694,1.0881947388184725,0.11084285703103741,2.53171519994472,0.5618319457008436,0.10410539790949072,0,4,0,1,0.0
SSHT,tb_390_394#0,bo_387#0,387,390,394,2024-06-06 00:00:00,387,1,69.0,71.517578125,69,1,71.517578125,43,0.013145899939718706,0.0,0.0,0.14285717934978304,0.15853658093362255,0,0,0,0,0.0
SSHT,tb_401_404#0,bo_395#0,395,401,404,2024-06-24 00:00:00,387,2,8.0,1.5485456780008193,69,2,71.517578125,43,0.019577067958698215,0.0,0.0,0.35428575710374566,-0.03947367843168256,0,0,0,0,0.0
SSII,tb_132_141#0,bo_129#0,129,132,141,2025-02-18 00:00:00,129,1,15.0,1.638728323699422,15,1,1.638728323699422,7,0.5300679003367679,0.0,0.0,0.05434782721369835,0.5445361057662198,6,1,0,0,0.0
SSRM,tb_521#0,bo_518#0,518,521,521,2024-12-12 00:00:00,518,1,33.0,2.2265127738371726,33,1,2.2265127738371726,28,0.25028789817851643,0.08283315439897963,2.7542275838411117,0.12440948882708636,0.25326372428466826,1,0,0,0,0.056650265705446665
SSRM,tb_700_701#0,bo_694#0,694,700,701,2025-09-03 00:00:00,694,1,10.0,1.2255898662607372,10,2,1.2255898662607372,646,0.6035945792712504,0.034684861176788484,1.1751760470902306,0.023962540976664837,0.27446836747096826,2,0,0,0,0.007592279712124508
SSRM,tb_700_701#1,bo_695#0,695,700,701,2025-09-03 00:00:00,694,2,1.0,1.4685313909635436,10,2,1.4685313909635436,647,0.5975883719790153,0.034684861176788484,1.1869874398057856,0.07071881374403555,0.27446836747096826,2,0,0,0,0.007592279712124508
SSTI,tb_577#0,bo_570#0,570,577,577,2025-03-07 00:00:00,564,2,6.0,2.4915847358773537,46,3,5.414604462474645,126,0.6965338516364257,0.08609659394590476,2.1248077066657345,0.24705009764963592,0.19790389196739255,0,0,0,1,0.04077906657633364
SSTI,tb_590_591#0,bo_585#0,585,590,591,2025-03-26 00:00:00,585,1,15.0,1.7745058814115389,15,1,1.7745058814115389,14,0.8884372480996333,0.04065882157072857,0.889202830269842,0.03007076983563972,0.00042935877142114,0,2,0,0,0.03559879839099616
SSYS,tb_508_528#0,bo_501#0,501,508,528,2024-11-22 00:00:00,499,2,2.0,5.803495871325133,31,3,5.803495871325133,111,0.4169514522196711,0.1235849407993194,3.1418535962467993,0.31812249753748123,0.2482126501693498,12,1,0,8,0.049455985853547504
SSYS,tb_557#0,bo_554#0,554,557,557,2025-02-06 00:00:00,554,1,33.0,7.375207498533092,33,1,7.375207498533092,32,0.49297918181043304,0.043478293062189706,1.135951456530345,0.21482276153134072,-0.0015564558108895898,0,1,0,0,0.0
ST,tb_654_674#0,bo_651#0,651,654,674,2025-06-27 00:00:00,644,2,7.0,0.7759989630936602,280,1,1.422217006488541,28,0.9221624967418831,0.03119871064488432,1.0135445769360738,0.011502207846292523,0.06914165540067056,0,1,0,20,0.0016660541435942285
STEX,tb_629#0,bo_624#0,624,629,629,2025-05-21 00:00:00,610,7,1.0,2.8381716974760622,116,7,8.406085066749457,240,0.24342474488796667,0.1362318904678802,1.930781641885016,3.2500001396983897,3.27575753350341,1,0,0,0,0.06250002739184014
STI,tb_670_671#0,bo_667#0,667,670,671,2025-07-22 00:00:00,653,3,7.0,0.40479463232706564,122,2,0.773126648369956,14,0.3283381236584836,0.08814590313495924,1.501501028952597,0.22164938951326962,0.5648496634173364,0,2,0,0,0.021097027312509432
STIM,tb_532_539#0,bo_525#0,525,532,539,2024-12-30 00:00:00,517,2,8.0,1.5431488115321939,26,2,1.5431488115321939,21,0.13600620687217238,0.10126587435748646,1.176417529099,0.1512604528510253,2.6362510335433416,8,0,0,0,0.05839419170576572
STIM,tb_543_549#0,bo_540#0,540,543,549,2025-01-16 00:00:00,517,4,7.0,24.97986577181208,26,4,24.97986577181208,124,0.15727311753541254,0.22857138478026023,4.06935321506226,0.9663863879426722,1.4855610241867938,7,0,0,0,0.07692300638503319
STK,tb_662_663#0,bo_656#0,656,662,663,2025-07-10 00:00:00,654,2,2.0,0.5168202271266338,0,1,1.4086860372258738,66,0.3998901353600425,0.009624614575753872,0.6918779952588141,0.014661813209911001,0.06864135996434129,1,0,0,1,0.00969319623957978
STKE,tb_418_429#0,bo_415#0,415,418,429,2024-07-18 00:00:00,415,1,38.0,2.4944941661590363,38,1,2.4944941661590363,21,0.08412673560337966,0.09230765351176826,1.1411349250918135,0.09999997764825852,0.34927153542113426,0,12,0,0,0.0
STKE,tb_420_421#0,bo_417#0,417,420,421,2024-07-22 00:00:00,415,2,2.0,10.774284010864044,38,3,10.774284010864044,129,0.0778439698980115,0.07692306369719372,1.0276966014902977,0.19999995529651704,0.29166670547177476,0,2,0,0,0.0
STLN,tb_550_551#0,bo_545#0,545,550,551,2025-01-28 00:00:00,541,4,2.0,0.5003426181328264,58,4,1.4360898904682757,109,0.06674969081679413,0.09895231135911145,1.2734147095942316,0.9166665950264701,0.7550256444294793,0,0,0,2,0.0738636171214343
STLN,tb_549_551#0,bo_546#0,546,549,551,2025-01-27 00:00:00,541,5,1.0,0.6544098342171301,58,5,1.4360898904682757,128,0.07226756960138861,0.21885915880848722,2.6014438343780744,1.2564101976285569,0.7783610868997931,0,0,0,3,0.0738636171214343
STLN,tb_604_607#0,bo_601#0,601,604,607,2025-04-15 00:00:00,588,3,6.0,0.6653989912090004,42,3,3.1562080452985724,252,0.23318719935353677,0.21702123061732964,2.187083479143951,0.6967872198544269,0.682758583137116,0,0,0,4,0.02564106169380135
STLN,tb_609#0,bo_606#0,606,609,609,2025-04-23 00:00:00,588,5,3.0,1.089757992310036,42,6,3.1562080452985724,283,0.2525036397602975,0.1108108325802206,1.2989914481071334,1.1686748026209526,0.21527772948697943,0,0,0,1,0.0
STLN,tb_610#0,bo_607#0,607,610,610,2025-04-24 00:00:00,588,6,1.0,1.3071992073299377,42,6,3.1562080452985724,283,0.25946766719469466,0.1714285441807338,2.3124264811860016,1.399598518429595,0.08049535260926621,0,0,0,1,0.0
STLRF,tb_704_707#0,bo_699#0,699,704,707,2025-09-09 00:00:00,697,2,2.0,3.81010350888614,90,2,3.81010350888614,81,0.02665999331104121,0.034482794057458056,1.1252827652432607,0.23529406608594794,0.4852962813154107,4,0,0,0,0.0487805143982653
STMEF,tb_641#0,bo_638#0,638,641,641,2025-06-09 00:00:00,638,1,72.0,6.360433443865467,72,2,6.360433443865467,138,0.267404467123471,9.936822118240488e-08,1.044451555561261e-05,0.11102423721327326,0.1737497630552296,0,0,0,0,0.0
STNE,tb_705_711#0,bo_702#0,702,705,711,2025-09-10 00:00:00,697,2,5.0,1.024051870368306,46,3,1.207222357444737,334,0.4404759187593084,0.030853949508353216,1.0502838802480539,0.08668342537522378,0.07745946318483532,0,3,0,4,0.01288511163494486
STOHF,tb_649#0,bo_646#0,646,649,649,2025-06-20 00:00:00,646,1,,5.2554809226466,0,1,5.2554809226466,53,0.22412853214421372,0.022639007434785793,2.715133381769122,0.12219457733757921,0.017372532883996872,0,0,0,0,0.0
STOK,tb_611#0,bo_608#0,608,611,611,2025-04-25 00:00:00,608,1,53.0,1.3195928696939891,53,1,1.3195928696939891,25,0.677998087866084,0.03795683415559582,0.5545744318266818,0.0708479250493923,0.25512292138577464,0,0,0,1,0.012145737264080234
STOK,tb_693_694#0,bo_688#0,688,693,694,2025-08-22 00:00:00,686,2,2.0,2.892125769255004,18,3,4.102026684933139,293,1.0162661996627782,0.03917632810765149,0.7675161162541182,0.3458979633308341,1.0143366121011574,2,0,0,0,0.006097603525028329
STRT,tb_388_390#0,bo_385#0,385,388,390,2024-06-04 00:00:00,383,2,2.0,2.4094202898550727,106,1,3.2130406714009037,62,1.0002733503433083,0.024516543747176187,0.7098050590160923,0.04384613037109375,0.01037326279130868,0,3,0,0,0.006215414486102568
STRW,tb_285_290#0,bo_282#0,282,285,290,2024-04-11 00:00:00,279,2,3.0,2.4259927797833933,216,1,2.4259927797833933,11,0.1215157731506806,0.023809502184254865,1.473668215670979,0.025157190151969377,0.351623155672893,6,0,0,0,0.0012268448152067857
STTK,tb_288#0,bo_285#0,285,288,288,2024-01-10 00:00:00,282,2,3.0,0.46081220061336625,12,1,0.5106913629367481,14,0.7536442591168016,0.11444655576847722,1.6188012477644709,0.15918656531057218,0.10109013762777241,0,0,0,1,0.0
STTK,tb_368_369#0,bo_362#0,362,368,369,2024-05-06 00:00:00,356,2,6.0,1.1704961623875014,71,1,1.3380805716397683,25,0.6330999547758968,0.0697073557590152,1.2794179810502506,0.05688619448939969,0.0729159278135576,0,2,0,0,0.04466733936782261
STTK,tb_704_708#0,bo_701#0,701,704,708,2025-09-09 00:00:00,700,2,1.0,0.8561602685868268,20,4,8.31121523503672,103,0.12056599134706414,0.1470588029049668,2.488263472679432,0.495049509624911,0.4355348503308038,2,0,0,3,0.0
STXS,tb_310_314#0,bo_305#0,305,310,314,2024-02-12 00:00:00,305,1,16.0,0.9607248300333162,16,1,0.9607248300333162,8,0.1284011157442879,0.06859207889124515,1.4797383661279548,0.05529948448850974,0.1902047121102879,0,0,0,5,0.012500086923436843
STXS,tb_309_314#0,bo_306#0,306,309,314,2024-02-09 00:00:00,305,2,1.0,1.0998173374404325,16,3,1.0998173374404325,179,0.13851533743005967,0.06463880946639568,1.2273014631306312,0.10599078847328602,0.20354897636482816,0,0,0,6,0.012500086923436843
STXS,tb_445_446#0,bo_442#0,442,445,446,2024-08-26 00:00:00,442,1,26.0,1.9987617144626124,26,1,1.9987617144626124,25,0.10233255621375537,0.056910610867157436,1.368089590293614,0.10500001907348633,0.012784259656486219,0,0,0,2,0.0
SUIG,tb_626_646#0,bo_623#0,623,626,646,2025-05-16 00:00:00,623,1,86.0,0.170311222281014,86,1,0.170311222281014,9,0.07933189611529101,0.07978722156308363,1.8907902559161194,0.03007041051470205,2.201153034465985,14,0,0,7,0.0
SUIG,tb_628_632#0,bo_625#0,625,628,632,2025-05-20 00:00:00,623,2,2.0,0.12257178101150303,86,1,0.170311222281014,11,0.08217903615925685,0.04989383475984801,1.1438438107015885,0.11324379390932804,0.045068483348316854,0,0,0,5,0.0
SUPV,tb_741#0,bo_738#0,738,741,741,2025-10-30 00:00:00,736,2,2.0,7.110847075986948,128,3,7.110847075986948,36,0.6019879878011517,0.0631399921443928,1.22926161283623,0.6490066392469509,0.2196220170530021,0,0,0,1,0.03559034590229673
SUPX,tb_58_60#0,bo_55#0,55,58,60,2024-07-11 00:00:00,55,1,,,0,1,0.0,39,0.1936174164134801,0.1239868751780225,3.7135081956441187,0.1368909884967182,0.05399404427777451,0,3,0,0,0.0
SUPX,tb_231#0,bo_228#0,228,231,231,2025-03-20 00:00:00,222,2,6.0,5.000899482797391,96,2,5.700437821645288,92,0.4513662707829801,0.11644011397863625,2.0116700142336907,0.5853658905347008,0.6183324750182149,1,0,0,0,0.0
SVC,tb_648_652#0,bo_642#0,642,648,652,2025-06-18 00:00:00,634,2,8.0,0.5695678295224694,0,2,0.5695678295224694,20,0.5690150967910363,0.042801569992790646,0.942369553459899,0.06437771879975118,0.2736491346620366,5,0,0,0,0.02892561215146043
SVIX,tb_777_794#0,bo_770#0,770,777,794,2025-12-22 00:00:00,763,4,1.0,0.4996287685630825,103,3,0.7548932620329518,52,0.8603108682468662,0.019230810633532384,0.5346915967232577,0.0834156226537659,0.042713621805376585,0,5,0,2,0.016423385451576535
SVM,tb_468#0,bo_465#0,465,468,468,2024-09-27 00:00:00,458,2,7.0,1.7751935047676777,10,2,11.624402289585545,82,0.19896436793303154,0.03205120171628774,0.747853136966638,0.19571045783708874,0.14655177964000599,0,1,0,0,0.0
SVM,tb_583_584#0,bo_580#0,580,583,584,2025-03-17 00:00:00,579,2,1.0,1.6293527543597972,114,1,1.6293527543597972,17,0.19505292078174735,0.03791465766988651,0.816965823841213,0.10555557587402586,0.022856964255860923,0,2,0,0,0.0
SVRA,tb_701_721#0,bo_695#0,695,701,721,2025-09-04 00:00:00,687,2,8.0,2.101713110621399,13,2,2.216412325975198,13,0.18557539767611142,0.06740024379693559,1.3202174891021137,0.22592588308253325,0.32956804769835635,17,0,0,4,0.006079021628696031
SVRA,tb_703_706#0,bo_700#0,700,703,706,2025-09-08 00:00:00,687,3,5.0,3.8531925499614808,13,2,3.8531925499614808,13,0.17620280167876626,0.06636386765585209,1.4925983522303168,0.26666667255354515,0.19514108175343292,1,0,0,3,0.0
SVRA,tb_766_768#0,bo_761#0,761,766,768,2025-12-05 00:00:00,755,5,1.0,3.9951207635183836,18,7,3.9951207635183836,436,0.2677334879631474,0.04466314541136464,1.1018422780737502,0.5083932486263203,0.08214275832548908,0,0,0,3,0.07154210047603358
SVV,tb_564#0,bo_561#0,561,564,564,2025-09-29 00:00:00,555,2,6.0,4.5434725372650675,11,1,5.3877723189104785,305,0.4790046951184864,0.03815699593558984,1.1064624043286404,0.036920682162588925,0.019838388286160358,0,1,0,0,0.007293973828700477
SWAG,tb_643_658#0,bo_640#0,640,643,658,2025-06-11 00:00:00,640,1,14.0,4.8243459690336365,14,3,4.8243459690336365,200,0.09191973333266377,0.0666666825612386,1.0879059394129333,0.13333330021964307,0.20838170133088976,0,0,0,16,0.0
SWAG,tb_644_653#0,bo_641#0,641,644,653,2025-06-12 00:00:00,640,2,1.0,3.5072257421513493,14,3,4.8243459690336365,201,0.096782607139002,0.036842101960961465,0.5786163023850481,0.15833327538437536,0.18238307845681662,0,0,0,10,0.0
SWAG,tb_651_653#0,bo_644#0,644,651,653,2025-06-24 00:00:00,640,4,1.0,1.391566265060241,14,5,4.8243459690336365,274,0.09510254566497753,0.06875000791624176,1.1566463708828287,0.23333330021964316,0.17987016529232802,0,0,0,3,0.033783831676485326
SWIM,tb_435_437#0,bo_432#0,432,435,437,2024-08-12 00:00:00,424,3,6.0,43.56865755899288,87,4,43.56865755899288,90,0.2724871747679272,0.04963234891296468,0.9908722535527338,0.345565786248337,0.2750350766919745,0,0,0,3,0.0
SWIM,tb_436#0,bo_433#0,433,436,436,2024-08-13 00:00:00,424,4,1.0,5.624101648738786,87,6,43.56865755899288,269,0.3787380901747365,0.057591609530119006,0.8713143258281846,0.5443425749819144,0.2599999687888406,0,0,0,1,0.0
SXC,tb_499_501#0,bo_496#0,496,499,501,2024-11-11 00:00:00,492,2,4.0,1.2475346620450607,188,2,1.738357578846933,69,0.36412400782362403,0.02810309122240708,0.8838778525302535,0.41415300813902567,0.02951196167752153,0,3,0,0,0.0
SXGCF,tb_449#0,bo_446#0,446,449,449,2024-08-30 00:00:00,438,3,7.0,5.2660899971767465,75,3,48.02587465334293,30,0.1234158157176259,0.06849310276856323,1.2861401039797615,0.35416621520819835,0.2463770971106245,0,0,0,1,0.02816901557432773
SXGCF,tb_778#0,bo_775#0,775,778,778,2025-12-23 00:00:00,775,1,56.0,0.9176281637098709,56,1,0.9176281637098709,33,0.28337192880826817,0.04993596278398904,1.3762826407179976,0.06467659252336766,0.09603079159181616,0,0,0,1,0.0
SYRE,tb_733_734#0,bo_730#0,730,733,734,2025-10-20 00:00:00,725,3,4.0,3.668305200309586,88,6,9.16041291253985,153,1.3648222625961641,0.055248665808454375,0.9525058170844299,0.38514356429395846,0.510951328807836,2,0,0,0,0.0
TAL,tb_563_567#0,bo_558#0,558,563,567,2025-02-14 00:00:00,550,2,8.0,1.422403090744827,240,2,1.5823288595838076,53,0.5663143096093982,0.04924491283929955,1.3243529031030394,0.09559439715137552,0.04014824807417794,0,5,0,0,0.019607840608587362
TAL,tb_563_565#0,bo_559#0,559,563,565,2025-02-14 00:00:00,550,3,1.0,1.6885850413536592,240,3,1.6885850413536592,88,0.5701489936058042,0.04924491283929955,1.315445626338408,0.1321695916775545,0.05324252950566296,0,3,0,0,0.019607840608587362
TAL,tb_563#0,bo_560#0,560,563,563,2025-02-14 00:00:00,550,4,1.0,1.1699359196478898,240,4,1.6885850413536592,187,0.5858526341948915,0.04924491283929955,1.2801854190357753,0.16375729931477356,0.05517242694723201,0,1,0,0,0.019607840608587362
TAL,tb_737_738#0,bo_734#0,734,737,738,2025-10-24 00:00:00,733,2,1.0,1.0867692484928146,51,2,1.0867692484928146,125,0.42226093045404783,0.02805920957271971,0.852552606015779,0.1316501368853702,0.06364963089370368,0,1,0,1,0.023107566330327397
TARA,tb_310_313#0,bo_304#0,304,310,313,2024-02-12 00:00:00,299,3,3.0,2.0034970766624776,25,2,2.4545898835220332,118,0.22014433340502926,0.06457682945149527,0.9357501347371934,0.20425533555438014,0.6565039729535364,4,0,0,0,0.04240278755977314
TARA,tb_315_318#0,bo_312#0,312,315,318,2024-02-20 00:00:00,299,5,3.0,2.240014881347825,25,4,2.4545898835220332,172,0.22779149380818514,0.12556562379577044,2.436438944575109,0.4148936947312738,0.2785242492992123,0,3,0,1,0.017241363110678955
TARA,tb_317#0,bo_314#0,314,317,317,2024-02-22 00:00:00,299,6,2.0,3.710346038995257,25,5,3.710346038995257,191,0.2483508121555122,0.10746609385794914,1.912617635225256,0.7276596202306391,0.28431369340772616,0,1,0,0,0.017241363110678955
TARA,tb_319_324#0,bo_316#0,316,319,324,2024-02-26 00:00:00,299,7,2.0,1.0441824826122834,25,6,3.710346038995257,231,0.29556778865904487,0.09574464415467623,1.5224927293556958,0.7531915118112569,0.14226308820087286,0,6,0,0,0.009708728874782328
TARS,tb_298#0,bo_295#0,295,298,298,2024-01-25 00:00:00,288,2,7.0,1.3180652692280832,13,2,1.6307615498457642,125,0.9533669757347429,0.031053610953046786,0.8810879482588722,0.23925779922137713,0.5390476771763393,1,0,0,0,0.006810454146704336
TARS,tb_302_307#0,bo_297#0,297,302,307,2024-01-31 00:00:00,288,3,2.0,1.508777969018933,13,2,1.6307615498457642,127,1.0632093992097897,0.06101345893825575,1.664771266205125,0.29052738749669604,0.40832248868341886,6,0,0,0,0.01751250104127058
TASK,tb_421_426#0,bo_415#0,415,421,426,2024-07-23 00:00:00,414,2,1.0,0.7668696730446248,38,3,0.8551567576030373,313,0.3795750515662357,0.032314318630627024,0.9529134770430133,0.05989232057877536,0.06997717557548011,0,6,0,0,0.0030865307123806827
TBCH,tb_642_644#0,bo_639#0,639,642,644,2025-06-10 00:00:00,639,1,74.0,1.566340494586674,74,1,1.566340494586674,13,0.6281303125618062,0.025978744473277613,0.5651686204865287,0.04590167445670068,0.21536914613105185,3,0,0,0,0.0
TBI,tb_645_662#0,bo_640#0,640,645,662,2025-06-13 00:00:00,632,2,8.0,0.591566985645933,9,2,0.9837009826600293,9,0.35473791732256776,0.04845813898367866,0.930264027586263,0.13066202611605648,0.16674899840593346,1,5,0,12,0.05392910893312201
TBLA,tb_633_653#0,bo_628#0,628,633,653,2025-05-28 00:00:00,620,2,8.0,0.648717957013948,100,2,1.8614032659839468,29,0.13619259046660626,0.04651164914491225,1.2482329303783122,0.14052290026077996,0.049990389724519205,0,12,0,9,0.037249316356928595
TBLA,tb_782_783#0,bo_779#0,779,782,783,2025-12-30 00:00:00,779,1,30.0,0.8084201268882074,30,2,0.8084201268882074,259,0.1254420159476266,0.021551704204748126,0.7971803057941877,0.03846161781683777,0.01492777006627033,0,2,0,0,0.004385960784535167
TBPH,tb_688#0,bo_685#0,685,688,688,2025-08-15 00:00:00,685,1,49.0,2.257884554547003,49,2,2.257884554547003,401,0.32820312667130735,0.03509435113870873,1.4168059801989161,0.04561407676877738,0.15209125916488286,1,0,0,0,0.0
TCX,tb_663_665#0,bo_660#0,660,663,665,2025-07-11 00:00:00,657,2,3.0,1.1862835425544167,37,2,1.9205525763581255,96,0.6445452383732746,0.04405469701749564,1.5980240299291035,0.06801009347737708,0.026846035416393743,0,3,0,0,0.0
TDAY,tb_369#0,bo_366#0,366,369,369,2024-05-07 00:00:00,357,3,7.0,6.370897218645763,177,7,6.370897218645763,167,0.13260776143221023,0.03374229920785793,0.82951324950959,0.2239999771118164,0.5202492387688511,1,0,0,0,0.0
TDGGF,tb_72_74#0,bo_69#0,69,72,74,2025-09-05 00:00:00,69,1,14.0,4.8067386509949905,14,1,4.8067386509949905,14,0.03120175501582938,0.015111102398530706,0.4358726549676864,0.5010308530837722,0.38212984573638503,2,1,0,0,0.002745239943348036
TDOC,tb_512_513#0,bo_509#0,509,512,513,2024-11-29 00:00:00,507,2,2.0,2.570334962501525,26,3,2.570334962501525,108,0.6307732001775601,0.07183214839880088,1.4109672748814033,0.3355556064181857,0.017042205953926637,0,1,0,1,0.05407658464644708
TDRRF,tb_464_466#0,bo_457#0,457,464,466,2024-09-23 00:00:00,453,2,4.0,5.66417157275021,105,2,5.66417157275021,89,0.05561755956663713,0.09289621437555863,1.5282949990844432,0.16666660043928627,0.01820201533885883,0,3,0,0,0.03266334518038043
TDTH,tb_182_184#0,bo_179#0,179,182,184,2025-06-03 00:00:00,179,1,,0.601632884510379,0,1,0.601632884510379,24,1.1382529464799578,0.1860464875582462,2.108494096986317,0.07692305982294556,6.359357303126082,0,3,0,0,0.0
TDUP,tb_508#0,bo_505#0,505,508,508,2024-11-22 00:00:00,495,3,8.0,0.9078467654764304,37,2,17.165638274291247,18,0.1081354329037545,0.1772152424011436,2.589346369457576,1.1212121417371366,0.5806452406804867,0,0,0,1,0.0
TDUP,tb_602_609#0,bo_599#0,599,602,609,2025-04-11 00:00:00,599,1,43.0,1.6998291160788899,43,1,1.6998291160788899,11,0.2204188196733972,0.07058823611909541,1.0888362885363425,0.049822102403921154,1.321843692750952,8,0,0,0,0.0
TDUP,tb_603_604#0,bo_600#0,600,603,604,2025-04-14 00:00:00,599,2,1.0,2.754143312101911,43,2,2.754143312101911,36,0.2225317611252974,0.07496466717677674,1.1908417187916174,0.12099649804674928,1.2958257613733384,2,0,0,0,0.0
TDUP,tb_611_617#0,bo_608#0,608,611,617,2025-04-25 00:00:00,599,3,8.0,2.085263666572754,43,3,2.754143312101911,365,0.2252409362144289,0.061754370310055685,1.172077968604767,0.3701067555269415,1.0065470582073246,7,0,0,0,0.0
TDUP,tb_614#0,bo_611#0,611,614,614,2025-04-30 00:00:00,599,4,3.0,1.7500817877544856,43,5,2.754143312101911,412,0.2576838236962262,0.06153850507050797,1.086603752583365,0.4946618842670376,0.9476615437290494,1,0,0,0,0.0
TE,tb_769#0,bo_766#0,766,769,769,2025-12-10 00:00:00,763,2,3.0,2.0962165525474714,37,2,2.0962165525474714,35,0.5383254617919899,0.1264204362653626,1.6532747002583605,0.30425060343371846,0.5902438343599548,0,0,0,1,0.08618126627968462
TEAD,tb_520_523#0,bo_515#0,515,520,523,2024-12-11 00:00:00,514,2,1.0,3.4085408628551384,70,2,4.122891863169405,316,0.20282685665998426,0.08633092389912018,2.958187660712007,0.13711152262653425,0.158566618759859,0,2,0,2,0.02211688280773775
TENX,tb_720_726#0,bo_717#0,717,720,726,2025-10-01 00:00:00,716,2,1.0,4.308298615020831,89,2,15.11144945188794,126,0.22062320291583865,0.06297610686189625,2.2481761053439313,0.11692311213566708,0.27379423973658273,0,7,0,0,0.0
TENX,tb_760_761#0,bo_757#0,757,760,761,2025-11-26 00:00:00,757,1,40.0,2.7470628127348373,40,1,2.7470628127348373,18,0.45148732232378563,0.0625772586818038,1.344443946185759,0.057754665701563956,0.9449821091458498,2,0,0,0,0.0
TENX,tb_761#0,bo_758#0,758,761,761,2025-11-28 00:00:00,757,2,1.0,1.9315061193314031,40,2,2.7470628127348373,32,0.46066675979129357,0.0435051484158142,0.916063341593471,0.16807269164398098,0.9490984693477151,1,0,0,0,0.004223860689032192
TEO,tb_746#0,bo_743#0,743,746,746,2025-11-06 00:00:00,738,2,5.0,3.083960126437657,52,3,8.409893992932862,116,0.6810848064105127,0.04603173858304285,0.8515825316421304,0.5214646558909497,0.10711369326651332,0,0,0,1,0.014504456679209162
TETH,tb_203_205#0,bo_200#0,200,203,205,2025-05-14 00:00:00,199,2,1.0,1.4782125521270824,111,1,2.1231200747963137,33,0.5192646878105543,0.06939371023453988,1.8238597479225056,0.29955467756868415,0.23556955762700418,1,0,0,2,0.033060902635313034
TETH,tb_265_268#0,bo_262#0,262,265,268,2025-08-13 00:00:00,262,1,9.0,1.5408779139435553,9,1,1.5408779139435553,9,0.7860026489967338,0.02863159179687493,0.8624656086294213,0.05012922150101806,0.07942140824700289,0,1,0,3,0.0
TETOF,tb_707_710#0,bo_702#0,702,707,710,2025-09-12 00:00:00,699,2,3.0,1.6550565822402168,34,1,2.9350390862706552,22,0.054592631699312215,0.06963456161699154,1.326551572457641,0.2501388291462727,0.07413758498262435,0,4,0,0,0.06045144871450511
TETOF,tb_707_710#1,bo_703#0,703,707,710,2025-09-12 00:00:00,699,3,1.0,0.6227143293354069,34,2,2.9350390862706552,37,0.05744315838116197,0.06963456161699154,1.2607235302903024,0.2916666252745539,0.07413758498262435,0,4,0,0,0.06045144871450511
TFC-PR,tb_301#0,bo_298#0,298,301,301,2024-01-30 00:00:00,290,2,8.0,0.5197756899960936,0,1,1.4003009909504693,190,0.24040345052701378,0.009708695914032282,0.7405066382827302,0.028351645428845273,0.02622395238437969,0,0,0,1,0.0
TG,tb_463_480#0,bo_460#0,460,463,480,2024-09-20 00:00:00,458,2,2.0,1.0766488100465443,121,2,1.1953743795543352,85,0.2060062597205092,0.03910610879026677,1.3591807033003265,0.1011608018993142,0.28808920708604435,18,0,0,0,0.0
TG,tb_465#0,bo_462#0,462,465,465,2024-09-24 00:00:00,458,3,2.0,1.1449718168887952,121,3,1.1953743795543352,120,0.22803604430064892,0.03001361425395736,0.9647588426924153,0.1691542198070557,0.27877950322430545,1,0,0,0,0.0
TG,tb_469_480#0,bo_465#0,465,469,480,2024-09-30 00:00:00,458,4,3.0,0.9544306841409163,121,4,2.443052094044652,293,0.2451695480587698,0.03489929646995843,1.0604895840585917,0.19568819026228979,0.2840877277240024,12,0,0,0,0.03467406361682239
TGB,tb_333_336#0,bo_327#0,327,333,336,2024-03-15 00:00:00,326,2,1.0,2.292752630980924,26,2,2.292752630980924,120,0.069342505192058,0.04081634763179803,1.1536941547434443,0.0933333237965901,0.4098310645861064,4,0,0,0,0.04444440323629388
TGB,tb_332_336#0,bo_329#0,329,332,336,2024-03-14 00:00:00,326,3,2.0,2.62291444380447,26,3,3.568117015053593,225,0.07295348258116387,0.06217616996354481,1.6448838427263077,0.1999999682108562,0.4192627029919576,5,0,0,0,0.04444440323629388
TGB,tb_334_340#0,bo_331#0,331,334,340,2024-03-18 00:00:00,326,4,2.0,3.91932673543351,26,5,3.91932673543351,289,0.07872009601263841,0.035533021033238334,0.8892272240223003,0.2733333110809326,0.46853949090395736,7,0,0,0,0.02617798596338677
TGB,tb_662_665#0,bo_656#0,656,662,665,2025-07-10 00:00:00,653,2,3.0,0.8679429009633665,13,2,1.179850720787308,278,0.14250978579377202,0.07065217003986839,1.824436048479552,0.12328763208552229,0.016953051346529135,0,1,0,3,0.017492763857245523
TGB,tb_717_724#0,bo_712#0,712,717,724,2025-09-26 00:00:00,708,2,4.0,0.6770861207295754,52,2,0.7880619664291222,52,0.1281978384607671,0.04750589250663438,1.5600872188367159,0.05915494111766195,0.22659458019914872,6,0,0,2,0.013192599688533488
TGS,tb_348_352#0,bo_345#0,345,348,352,2024-04-08 00:00:00,338,2,7.0,5.119961365099806,66,3,5.119961365099806,72,0.6603452465410575,0.10776949592267197,3.255874918674421,0.1769972185813582,0.1778157278515678,0,0,0,5,0.02533689124986556
TGTX,tb_413_420#0,bo_410#0,410,413,420,2024-07-11 00:00:00,402,2,8.0,1.3384394134181683,81,3,1.3384394134181683,83,0.8719633310840377,0.04915019165480232,1.2271154722687472,0.06192283536649179,0.20546292463190388,0,5,0,3,0.0
TH,tb_417_418#0,bo_414#0,414,417,418,2024-07-17 00:00:00,414,1,44.0,0.7494082953544483,44,1,0.7494082953544483,9,0.38735078121288186,0.022128560928535122,0.5421443516634086,0.004479278889816252,0.09946516722550958,0,0,0,2,0.0
TH,tb_770#0,bo_767#0,767,770,770,2025-12-11 00:00:00,766,2,1.0,0.844587666617841,106,1,1.2535358660493436,21,0.41558053017053476,0.030167542999257838,0.649692380869143,0.08622903489079481,0.014857155936104816,0,1,0,0,0.0
THM,tb_677_681#0,bo_671#0,671,677,681,2025-07-31 00:00:00,664,2,7.0,1.7528896377422072,27,2,1.7528896377422072,34,0.07090238735829407,0.07500002483526767,1.26935124093636,0.08256872606723209,0.4645332777061145,5,0,0,0,0.05932197996132164
THMG,tb_766_776#0,bo_761#0,761,766,776,2025-12-05 00:00:00,753,2,8.0,0.3291502330584439,29,2,1.1209031318281137,35,0.08404403186335577,0.03333330242722041,0.35695540450208774,0.24605680961909915,0.08468324827590243,0,0,0,11,0.12499995565130459
THSGF,tb_441#0,bo_438#0,438,441,441,2024-08-20 00:00:00,438,1,60.0,0.5073451327433628,60,1,0.5073451327433628,23,0.019508505449474117,0.06879997253417969,2.2041659185645837,0.09771307761825798,0.2925169916319337,1,0,0,0,0.0
THSGF,tb_700#0,bo_697#0,697,700,700,2025-09-03 00:00:00,694,2,3.0,0.8757714688767413,60,3,1.8321241619983468,59,0.04175098694995265,0.045454609492592175,1.197578193433112,0.15262515155881795,0.3925233051364383,1,0,0,0,0.007421055081882299
THSGF,tb_765#0,bo_762#0,762,765,765,2025-12-04 00:00:00,761,2,1.0,2.477443788109756,30,2,2.477443788109756,31,0.07634488326530764,0.1132596299374711,2.6851822275194963,0.20613031740822008,0.5246913711974903,1,0,0,0,0.0
TIGO,tb_375_377#0,bo_370#0,370,375,377,2024-05-15 00:00:00,367,2,3.0,5.447821005176157,34,1,5.447821005176157,310,0.2799030318131461,0.021603675295246885,1.5557893831827094,0.08788606901778118,0.08034576061883951,2,0,0,1,0.008333180994553465
TII,tb_607_612#0,bo_604#0,604,607,612,2025-04-21 00:00:00,603,2,1.0,1.297658522271225,14,11,1.297658522271225,465,0.024859627051865008,0.09090909090909091,2.413551991709566,0.423357565786993,0.14121468421151973,0,0,0,6,0.02758612688819986
TII,tb_654#0,bo_651#0,651,654,654,2025-06-27 00:00:00,651,1,47.0,0.8564901570619942,47,2,0.8564901570619942,38,0.03571995642053839,0.06226413524121174,1.3857796457849685,0.07812501524486382,1.5098039124022073,1,0,0,0,0.028571476147016613
TII,tb_658#0,bo_653#0,653,658,658,2025-07-03 00:00:00,651,2,2.0,0.8160719999239705,47,4,0.8564901570619942,548,0.03630190318940707,0.026415128573214035,0.5784828290402968,0.17187505127817815,1.4288424958731039,1,0,0,0,0.028571476147016613
TIL,tb_298_318#0,bo_295#0,295,298,318,2024-01-25 00:00:00,292,2,3.0,2.0742426620624705,240,4,8.438788336665777,90,0.5091747681859914,0.0780370268072243,1.9050438624140285,0.46908605122500036,0.10852189360213259,0,0,0,21,0.022872826442796645
TISI,tb_346_347#0,bo_343#0,343,346,347,2024-04-04 00:00:00,341,2,2.0,2.4509138381201043,157,2,4.2399608227228205,81,0.5668777716558876,0.08700326349180204,1.4288801927276744,0.13024603693797387,0.03329727319761355,0,1,0,1,0.014332978921168247
TISI,tb_603_607#0,bo_600#0,600,603,607,2025-04-14 00:00:00,597,2,3.0,4.030194472876151,50,4,9.904465414923632,82,1.6846068418564217,0.09234042877846575,1.2881344313564729,0.10192839781555518,0.03864541665767716,0,3,0,2,0.0
TITN,tb_624_626#0,bo_621#0,621,624,626,2025-05-14 00:00:00,620,2,1.0,0.5692013605824643,68,1,0.8251359984729997,32,0.924830580230899,0.05182789484498666,1.2110335267609469,0.09564236144655824,0.11025732615294921,0,0,0,3,0.032501113593349666
TK,tb_295_302#0,bo_290#0,290,295,302,2024-01-22 00:00:00,285,2,5.0,1.115890192091216,44,1,1.8698110601770945,13,0.17404425957347566,0.021226339766286684,0.7313361844057495,0.06307488642495818,0.0722621819007718,0,8,0,0,0.004756301678777249
TK,tb_623_643#0,bo_617#0,617,623,643,2025-05-13 00:00:00,611,2,6.0,1.6824074900853068,147,2,1.817193577341179,77,0.20644675816958863,0.03170728757223937,1.0242954249738927,0.15271664052627676,0.11613378449179798,0,0,0,21,0.03299496880109079
TK,tb_628_630#0,bo_622#0,622,628,630,2025-05-20 00:00:00,611,3,5.0,1.4043707355662602,147,2,2.1612268973653164,82,0.21240571490773674,0.01988311702226702,0.6509457519146753,0.17180615602308857,0.11998478681416162,0,0,0,3,0.004914000666810573
TKC,tb_363_376#0,bo_360#0,360,363,376,2024-04-29 00:00:00,359,2,1.0,1.143325927366923,60,1,1.143325927366923,12,0.13753582315047314,0.021207196087103863,0.8677018559358891,0.017123329706214108,0.3049332199245457,14,0,0,0,0.0
TKNO,tb_484_502#0,bo_479#0,479,484,502,2024-10-21 00:00:00,478,2,1.0,0.9641380137054723,39,2,0.9641380137054723,33,0.3958870391445918,0.13217620846073397,2.500712762047715,0.29192543885802347,0.40128920518047734,6,0,0,13,0.09190673248284073
TKNO,tb_489_499#0,bo_483#0,483,489,499,2024-10-28 00:00:00,478,3,4.0,0.8306886285291467,39,4,1.3860177865612648,436,0.5065902653963531,0.1094792683420607,1.6186645319421131,0.5093167861293499,0.3920242099466908,3,0,0,8,0.09190673248284073
TKPHF,tb_581_596#0,bo_575#0,575,581,596,2025-03-13 00:00:00,575,1,,0.3647522000926355,0,1,0.3647522000926355,80,0.37436290067397665,0.0,0.0,0.044147159821366966,0.04119305712849937,0,0,0,0,0.0
TLF,tb_286#0,bo_283#0,283,286,286,2024-01-08 00:00:00,282,2,1.0,2.5917038052793964,0,2,4.796248620816477,190,0.0721774376480557,0.012244886043219863,0.454345026074598,0.13849760955551127,-0.004123678356588778,0,1,0,0,0.008180025868000406
TLK,tb_465#0,bo_462#0,462,465,465,2024-09-24 00:00:00,459,2,3.0,0.5958379656452093,0,1,0.5958379656452093,44,0.26651770739024444,0.011921855806010836,0.8037623695172148,0.011280160129867989,0.010100901830514042,0,1,0,0,0.003833312552669384
TLK,tb_760_774#0,bo_754#0,754,760,774,2025-11-26 00:00:00,749,2,5.0,1.5809541387166988,107,1,1.9055379177679423,67,0.4511676781050266,0.009379146502779495,0.42960051556472056,0.02848867556661072,0.08577975413705866,2,1,0,12,0.010777890261657043
TLS,tb_498#0,bo_495#0,495,498,498,2024-11-08 00:00:00,495,1,112.0,1.0954669371711152,112,2,1.0954669371711152,47,0.1866236259813498,0.06431533853507913,1.6610969867798024,0.07853402030340195,-0.0042918415410722055,0,1,0,0,0.0
TLS,tb_690_691#0,bo_685#0,685,690,691,2025-08-19 00:00:00,684,2,1.0,12.861956981115288,29,6,21.28355809981444,420,0.24148566048560044,0.06506851104661834,1.5735928737001632,1.201680470233542,0.2845305420838079,1,0,0,1,0.02333933760044078
TLS,tb_690_692#0,bo_686#0,686,690,692,2025-08-19 00:00:00,684,3,1.0,3.728999793044771,29,8,21.28355809981444,663,0.33066527387629485,0.06506851104661834,1.1491987349814052,1.3403360940467084,0.26309648316350825,1,0,0,2,0.02333933760044078
TLSA,tb_360_361#0,bo_357#0,357,360,361,2024-04-24 00:00:00,354,2,3.0,6.5345687076700925,125,4,22.687812326485282,105,0.06956687598842347,0.16853930176305185,2.156198248475372,0.3400000333786011,0.2895569049255745,0,0,0,2,0.0
TLSA,tb_361#0,bo_358#0,358,361,361,2024-04-25 00:00:00,354,3,1.0,5.449446506069564,125,5,22.687812326485282,119,0.07245495729675855,0.15730335724171665,1.932234741668235,0.5,0.2499999822605219,0,0,0,1,0.0
TLSA,tb_440_447#0,bo_435#0,435,440,447,2024-08-19 00:00:00,427,3,3.0,5.684761558544565,41,5,6.365661740457547,330,0.12847857306452132,0.3505747189435481,4.747873515055119,0.4215687007823401,0.08529831206931943,0,4,0,4,0.19852939565185873
TLSA,tb_582#0,bo_576#0,576,582,582,2025-03-14 00:00:00,569,4,4.0,5.448457521189464,78,8,7.6775432400569565,133,0.1357432910013565,0.2146596721394966,3.0204068547100555,0.6483516008464383,0.13375790568267631,0,1,0,0,0.11612900199056447
TLSI,tb_762#0,bo_759#0,759,762,762,2025-12-01 00:00:00,758,2,1.0,2.1085748155953636,25,6,2.7273787657366566,322,0.38022914816554143,0.09289621437555863,1.7883960460593822,0.24063111417841854,0.13571425846644813,0,1,0,0,0.0
TMQ,tb_417_429#0,bo_414#0,414,417,429,2024-07-17 00:00:00,414,1,70.0,0.6355102476769163,70,1,0.6355102476769163,8,0.03194795121685745,0.07352942852206691,1.5650459580815395,0.05769236941309597,0.04942218144015991,0,11,0,2,0.04477616454795883
TMQ,tb_667#0,bo_664#0,664,667,667,2025-07-17 00:00:00,660,2,4.0,4.293232457598936,73,2,4.293232457598936,52,0.10054081556000827,0.09268289874665095,1.8897791603626595,0.358208960535054,0.1368421647026936,0,1,0,0,0.020618597877583123
TMQ,tb_706_719#0,bo_701#0,701,706,719,2025-09-11 00:00:00,701,1,37.0,4.031303375565052,37,1,4.031303375565052,12,0.10005051974753429,0.0787037358975692,1.699142360508676,0.07975459853492506,4.367058745483156,14,0,0,0,0.04020102639796853
TNEYF,tb_326_328#0,bo_323#0,323,326,328,2024-03-06 00:00:00,320,2,3.0,0.7203790471176625,78,1,0.8648320776401481,45,0.06366307877802548,0.03663000144099137,1.4827292000623602,0.04426038451844061,0.1723741091672261,3,0,0,0,0.0
TNEYF,tb_345_352#0,bo_342#0,342,345,352,2024-04-03 00:00:00,335,2,7.0,0.6197847118135986,12,1,2.9881635734328484,81,0.05867766098132581,0.042483620409565756,2.0982097175167844,0.02874119499597838,0.008323861324570248,0,8,0,0,0.0
TNEYF,tb_625_626#0,bo_622#0,622,625,626,2025-05-15 00:00:00,622,1,86.0,1.0737237119849894,86,1,1.0737237119849894,16,0.09672938708311905,0.02539677919177857,0.8152813188653706,0.04609938749479392,0.20062147376616835,2,0,0,0,0.015872978091971766
TNEYF,tb_633_635#0,bo_629#0,629,633,635,2025-05-28 00:00:00,622,3,5.0,1.1592312461252325,86,2,3.5454757644129775,39,0.091838114343437,0.015197535029475137,0.5366891539629322,0.1312056719340604,0.19868136624705182,3,0,0,0,0.018808717773247732
TNEYF,tb_642_647#0,bo_637#0,637,642,647,2025-06-10 00:00:00,622,5,5.0,0.12899008337855838,86,3,4.330113942002054,71,0.08606422846294792,0.014492739601512079,0.5742955538698332,0.18415063017296562,0.15053046891029742,5,0,0,1,0.018018019975535225
TNEYF,tb_754_755#0,bo_748#0,748,754,755,2025-11-18 00:00:00,748,1,101.0,0.27838262304682304,101,1,0.27838262304682304,36,0.09378758915260281,0.03838767904045361,2.118203968420269,0.05482466644678419,0.1760614799596386,2,0,0,0,0.024048103518420696
TNGX,tb_644_656#0,bo_639#0,639,644,656,2025-06-12 00:00:00,637,2,2.0,1.571920682749651,10,2,7.00016622135175,82,0.40795376856990534,0.13163065937302568,1.6423431474665657,0.3818897807788064,0.45677210283946906,0,0,0,13,0.023474266689411574
TNGX,tb_643_656#0,bo_640#0,640,643,656,2025-06-11 00:00:00,637,3,1.0,4.811494961718368,10,4,7.00016622135175,133,0.41667137151550854,0.14415844287840426,1.7471806651465283,0.6771654696301659,0.46121605084240264,0,0,0,14,0.023474266689411574
TOMZ,tb_545#0,bo_538#0,538,545,545,2025-01-21 00:00:00,531,2,7.0,1.4502912356041384,141,2,2.2810068818603013,100,0.25500464069238044,0.149606283937884,2.2352531769427895,0.13131308509383777,0.25000003311369245,0,1,0,0,0.04545450276251277
TONX,tb_638_644#0,bo_635#0,635,638,644,2025-06-04 00:00:00,628,2,7.0,4.0815755488592345,241,4,4.0815755488592345,100,0.5236941618922383,0.1278006415171227,2.1348338627224024,0.2800632805143142,2.239950193187228,6,0,0,1,0.06427688147325586
TOPS,tb_645#0,bo_642#0,642,645,645,2025-06-13 00:00:00,638,2,4.0,2.5544027303754264,372,3,514.3291293734743,133,0.6866859455307066,0.10369612449856215,1.470832824605512,0.5748175336503025,-0.09979210494462298,0,1,0,0,0.0
TOST,tb_321_326#0,bo_314#0,314,321,326,2024-02-28 00:00:00,310,2,4.0,3.5156187971660926,32,1,3.5156187971660926,26,0.935578035506599,0.044047109264706716,1.0795467513673924,0.1628630330819123,0.08340557017988508,0,0,0,6,0.04729112278114191
TOST,tb_325_332#0,bo_322#0,322,325,332,2024-03-05 00:00:00,310,3,8.0,1.1625427700610664,32,3,3.5156187971660926,121,1.0314153800501624,0.04827864991888426,1.148906142823613,0.1929460156052374,0.06838009403670739,0,0,0,8,0.025010197550961167
TOST,tb_327_332#0,bo_324#0,324,327,332,2024-03-07 00:00:00,310,4,2.0,1.118914892271168,32,3,3.5156187971660926,123,1.0015112180622254,0.042528220090923156,1.088353505763262,0.26504141706501194,0.07318327592267922,0,0,0,6,0.025010197550961167
TPC,tb_416_417#0,bo_413#0,413,416,417,2024-07-16 00:00:00,413,1,51.0,1.2969307166442425,51,1,1.2969307166442425,27,0.7860576870170656,0.04676972994590213,1.497432316115143,0.07414204688504045,0.09927809484480365,0,2,0,0,0.0
TPC,tb_472_473#0,bo_469#0,469,472,473,2024-10-03 00:00:00,458,3,8.0,1.1129953329275009,45,2,2.7858668816603873,47,1.1130641626927806,0.027272727272727174,0.6721413691806426,0.1641662528428447,0.26231274373414415,2,0,0,0,0.023195825483586636
TPCS,tb_623_624#0,bo_620#0,620,623,624,2025-05-13 00:00:00,616,2,4.0,3.6788691554911197,190,2,3.6788691554911197,44,0.17857052982815982,0.0813953391663639,1.5680077315065215,0.2178989088499772,0.2244562807551771,0,0,0,2,0.0
TPST,tb_689#0,bo_686#0,686,689,689,2025-08-18 00:00:00,685,2,1.0,1.603015759135103,12,1,1.603015759135103,12,0.5264220711753407,0.08651374979679737,1.7913379613382898,0.16604243267190477,0.19005903394292156,0,0,0,1,0.03513769182733694
TRAK,tb_512_516#0,bo_505#0,505,512,516,2024-11-29 00:00:00,503,2,2.0,1.1801403547549316,45,1,1.9087139270501283,38,0.8671809474703558,0.0537502089811224,1.4723375368931133,0.10258854130868422,0.08899714652217217,0,0,0,5,0.045875376123239706
TRAW,tb_327_331#0,bo_324#0,324,327,331,2024-03-07 00:00:00,320,2,4.0,1.2790296657318176,58,2,1.2790296657318176,97,1.1636896167797575,0.06315789473684211,1.2890035095018755,0.24,0.1729943283875889,0,5,0,0,0.03225806451612903
TRDA,tb_384_386#0,bo_379#0,379,384,386,2024-05-29 00:00:00,376,2,3.0,0.8903398926654741,131,2,1.3284887227113737,69,0.7141686380328555,0.06747723762130795,1.5542556074837002,0.08350587006624921,0.17255869507262092,0,0,0,3,0.06183633709962209
TRDA,tb_384_386#1,bo_380#0,380,384,386,2024-05-29 00:00:00,376,3,1.0,0.756832515767344,131,2,1.3284887227113737,70,0.704585158438084,0.06747723762130795,1.575395957547841,0.10489996423556724,0.17255869507262092,0,0,0,3,0.06183633709962209
TRDA,tb_756_758#0,bo_751#0,751,756,758,2025-11-20 00:00:00,749,2,2.0,2.444982467857739,11,3,2.444982467857739,111,0.5049319062846543,0.05489776436770931,1.0100376358358394,0.2093663162767505,0.23194561530844338,0,0,0,3,0.031999969482421876
TRIN,tb_684_704#0,bo_681#0,681,684,704,2025-08-11 00:00:00,681,1,524.0,1.7257801325570619,524,1,1.7257801325570619,93,0.196207805129833,0.015437926107486651,1.0743840974481436,0.013888810492405979,0.030062798185457953,0,10,0,11,0.004424707148829944
TRIP,tb_622_626#0,bo_619#0,619,622,626,2025-05-12 00:00:00,619,1,60.0,2.541955077232924,60,1,2.541955077232924,7,0.6043837346768536,0.04978215633185161,1.3236610966843494,0.1253918024369518,0.19470392992250626,0,5,0,0,0.0
TRLV,tb_298_300#0,bo_295#0,295,298,300,2024-01-25 00:00:00,291,2,4.0,2.585458364941355,26,2,2.8253015650628757,79,0.4660678140540275,0.07566939276148994,1.3946470358326062,0.20935953802701857,0.4175813650821952,2,0,0,1,0.004752185811242144
TRLV,tb_300_302#0,bo_297#0,297,300,302,2024-01-29 00:00:00,291,3,2.0,2.4573259434699497,26,4,2.8253015650628757,265,0.4834462140921582,0.07608693736712699,1.4479373069031778,0.3464695572758929,0.3490913725542519,0,0,0,3,0.0
TRLV,tb_342_351#0,bo_337#0,337,342,351,2024-03-28 00:00:00,333,2,4.0,0.7819567520644001,36,2,1.312698933235595,30,0.8187994613336743,0.10280371332847485,1.612115978525659,0.2295081678881059,0.1765411498561453,0,0,0,10,0.047257417855647674
TRLV,tb_349_351#0,bo_342#0,342,349,351,2024-04-09 00:00:00,333,3,5.0,0.7339526774730541,36,2,1.312698933235595,35,0.906279147937109,0.13890907981178977,2.1075182539063047,0.270491734399364,0.19012599608939063,0,0,0,3,0.11494252705566688
TRLV,tb_466_484#0,bo_459#0,459,466,484,2024-09-25 00:00:00,454,2,5.0,0.884069621969261,33,2,2.3338906537368334,38,0.5171148104325294,0.035947678808094075,0.8508740641469401,0.165808408893116,0.14904778303839541,6,13,0,0,0.01953821159474839
TRMD,tb_296_302#0,bo_293#0,293,296,302,2024-01-23 00:00:00,285,2,8.0,1.5330479912428945,32,2,1.6602222640798645,31,0.8094746188678765,0.029321483897126722,0.9354859593779595,0.07043560766526213,0.024224144909636314,0,0,0,7,0.0
TRMD,tb_702_704#0,bo_699#0,699,702,704,2025-09-05 00:00:00,697,2,2.0,0.7472060717891585,17,1,0.754408986826456,159,0.6023648639941533,0.017795214343261204,0.6313629983192481,0.03060267646234216,0.018496987119681913,0,3,0,0,0.0
TRMD,tb_709_713#0,bo_702#0,702,709,713,2025-09-16 00:00:00,697,4,1.0,0.7127900666503607,17,2,2.050709653988765,196,0.5908047453080918,0.025370026767706066,0.9420222226142251,0.08380421969946927,0.034556752651712944,0,5,0,0,0.02174875518068168
TRMK,tb_367_380#0,bo_362#0,362,367,380,2024-05-03 00:00:00,360,2,2.0,1.0920719117721116,90,2,2.674113981789077,293,0.7592046814796447,0.022493597174231106,0.870359626042016,0.09074403933975983,0.0675007037777782,0,13,0,1,0.010695240252402078
TROX,tb_329_340#0,bo_324#0,324,329,340,2024-03-11 00:00:00,316,3,7.0,1.603482331672423,38,4,1.603482331672423,144,0.517876042742954,0.03015373644184397,0.842229969156891,0.07096244756431447,0.1881498947133017,9,0,0,3,0.023300868271437247
TROX,tb_336_352#0,bo_331#0,331,336,352,2024-03-20 00:00:00,316,4,7.0,1.002828366539947,38,5,1.603482331672423,258,0.5207213614253611,0.03895349107992959,1.1453322163413369,0.1361211647266809,0.18755337394679997,12,0,0,5,0.019411833770083153
TROX,tb_337_346#0,bo_334#0,334,337,346,2024-03-21 00:00:00,316,5,3.0,1.5534010607741848,38,6,1.603482331672423,281,0.4889446318612248,0.024277462128102854,0.7646308043926456,0.17840546500803356,0.15894346480143456,6,0,0,4,0.019411833770083153
TROX,tb_643#0,bo_640#0,640,643,643,2025-06-11 00:00:00,640,1,253.0,0.5751156237424598,253,2,0.5751156237424598,31,0.3375363643941708,0.04166660818544213,0.7316202002800187,0.02622376149333494,-0.00665567644652254,0,1,0,0,0.01797377967243335
TRTX,tb_328_348#0,bo_322#0,322,328,348,2024-03-08 00:00:00,317,3,2.0,1.3680318486937137,46,4,3.8328331406699196,147,0.2152859285805364,0.02301107611710402,0.6087895152753613,0.1596899185015892,0.1831472469896416,21,0,0,0,0.03576152797231988
TRTX,tb_368_383#0,bo_365#0,365,368,383,2024-05-06 00:00:00,359,2,6.0,1.92885919294319,37,1,1.92885919294319,299,0.18372412809440122,0.02426343669855687,0.8837777602903703,0.08935608386494409,0.10046728667137796,6,0,0,10,0.019300308488323894
TRTX,tb_415_421#0,bo_412#0,412,415,421,2024-07-15 00:00:00,412,1,47.0,0.590494793669348,47,1,0.590494793669348,35,0.16099992635010155,0.03315512374000239,1.53150591956304,0.01607343861653132,0.02345586953380374,0,7,0,0,0.0
TRVI,tb_321_331#0,bo_314#0,314,321,331,2024-02-28 00:00:00,310,3,1.0,3.227279703483152,11,4,3.227279703483152,138,0.14235059627122007,0.1863354464969092,4.214946468562516,0.6646341724916276,0.3628105634562107,0,0,0,11,0.042307653511768246
TRVI,tb_524#0,bo_521#0,521,524,524,2024-12-17 00:00:00,521,1,62.0,121.30531540523671,62,2,121.30531540523671,37,0.20591920801138913,0.09347822548986985,2.0881967859687975,0.4457830886925729,0.039999961853027344,0,0,0,1,0.0
TRVI,tb_736_739#0,bo_729#0,729,736,739,2025-10-23 00:00:00,723,2,6.0,1.1573761573618413,18,1,1.1573761573618413,23,0.5480672968885812,0.054005350705371366,1.0947550258912573,0.031376463800772525,0.36434849991934176,4,0,0,0,0.025399854643169257
TRX,tb_719_724#0,bo_713#0,713,719,724,2025-09-30 00:00:00,707,2,6.0,3.404731875666441,37,3,3.8080456867582213,595,0.027932896866720798,0.06249994179233778,1.4320019167322107,0.3260869635638757,0.3637139789848918,6,0,0,0,0.06666669978035689
TSAT,tb_655_662#0,bo_651#0,651,655,662,2025-06-30 00:00:00,647,2,4.0,2.4502377717391304,65,2,6.418381395348837,69,1.474158496914582,0.07786723448638547,1.3770559838346204,0.46745898094043836,0.18000390545818648,0,0,0,8,0.09178561666426868
TSEOQ,tb_474#0,bo_471#0,471,474,474,2024-10-07 00:00:00,465,3,4.0,2.3056767324633722,20,3,2.3056767324633722,161,0.4879101744417374,0.11347525296507828,1.6230890260134778,0.4798206428168186,0.066482376113008,0,1,0,0,0.05596472609938478
TSHA,tb_389_397#0,bo_386#0,386,389,397,2024-06-05 00:00:00,386,1,11.0,1.0351397364800978,11,1,1.0351397364800978,36,0.23278354013322283,0.08125001192092896,1.3961470278255805,0.09584662662859689,0.06972541420381909,0,9,0,0,0.0
TSHA,tb_390_393#0,bo_387#0,387,390,393,2024-06-06 00:00:00,386,2,1.0,3.3682691525251887,11,3,3.3682691525251887,64,0.24258470766364135,0.06716417467849967,1.1130131966145422,0.15654944191773223,0.11672071503026415,0,4,0,0,0.03258148223814455
TSHA,tb_392#0,bo_389#0,389,392,392,2024-06-10 00:00:00,386,3,2.0,0.7538676971549367,11,4,3.3682691525251887,189,0.2576112986073477,0.04477613622170128,0.698727376207047,0.2747603398249201,0.10204083866896263,0,1,0,0,0.03258148223814455
TSKFF,tb_693_694#0,bo_686#0,686,693,694,2025-08-22 00:00:00,672,4,7.0,2.301185503524334,84,3,2.3521977177412627,80,0.023326592084444004,0.09326427842206086,2.160625028703926,0.19256070111469126,1.6046809045954527,2,0,0,0,0.03111110875635965
TSKFF,tb_695#0,bo_692#0,692,695,695,2025-08-26 00:00:00,672,5,6.0,1.214346929193909,84,3,2.3521977177412627,86,0.023059453307801396,0.0639672288341136,1.5243202448518915,0.23076920756592867,1.4612580133473112,1,0,0,0,0.0
TSKFF,tb_696_702#0,bo_693#0,693,696,702,2025-08-27 00:00:00,672,6,1.0,1.7426323054169535,84,4,2.3521977177412627,104,0.024701636079505852,0.05896271645326866,1.3116544957593974,0.3087043893269079,1.4041511627141234,7,0,0,0,0.0
TSNDF,tb_297_299#0,bo_290#0,290,297,299,2024-01-24 00:00:00,283,3,6.0,2.1380895336503194,86,3,2.8005496193629877,60,0.12790308296180855,0.10648154127008884,1.7982376417889252,0.22360249137046928,0.19360794635289472,0,1,0,2,0.04347822080763087
TSNDF,tb_440#0,bo_437#0,437,440,440,2024-08-19 00:00:00,436,2,1.0,3.322240073445031,95,2,3.322240073445031,33,0.12606463722010317,0.06285715103149414,0.8725683643785028,0.1398601783354365,0.0023866041192499576,0,1,0,0,0.025581412111635893
TSNDF,tb_693_694#0,bo_686#0,686,693,694,2025-08-22 00:00:00,673,4,6.0,2.080263223907554,116,6,5.719867835081167,168,0.06999217677384535,0.10476186637705241,1.5716035672943196,1.2249999310821305,0.20370368070808553,0,0,0,2,0.11921890838226928
TSSI,tb_442#0,bo_439#0,439,442,442,2024-08-21 00:00:00,439,1,29.0,3.3257700632104004,29,1,3.3257700632104004,25,0.34246138469086385,0.09482760126752364,1.2848165571065544,0.16923075455885672,0.6167401352999191,1,0,0,0,0.00219785240936898
TSSI,tb_495_500#0,bo_491#0,491,495,500,2024-11-05 00:00:00,489,2,2.0,1.2552667800952035,27,1,1.8355157986145374,24,0.5757913969600702,0.06343716100288259,0.9552073782946856,0.09957924638864402,0.6406289454696734,6,0,0,0,0.00510203585134164
TSSI,tb_632_636#0,bo_626#0,626,632,636,2025-05-27 00:00:00,623,2,3.0,28.41891791541225,77,2,28.41891791541225,37,0.7424334836910742,0.23170727594206453,5.118302609640546,0.876063236838019,1.406133936394738,5,0,0,0,0.16189113343167474
TTMI,tb_498#0,bo_495#0,495,498,498,2024-11-08 00:00:00,492,2,3.0,1.0608743667614786,120,2,2.1875975014167555,79,0.8197733907037753,0.020400175066022024,0.6343221964270536,0.16125762758126805,0.10759490662479965,0,0,0,1,0.0
TUNGF,tb_199_201#0,bo_194#0,194,199,201,2025-10-06 00:00:00,189,4,3.0,5.3611966381993605,29,3,5.3611966381993605,111,0.13848894965521769,0.1582278438035428,1.8051981809552344,0.6984239121328544,1.3322675360966054,3,0,0,0,0.14127423502557138
TUYA,tb_549_552#0,bo_546#0,546,549,552,2025-01-27 00:00:00,545,2,1.0,2.2963373987245195,29,3,5.114699224194185,225,0.08995626018757377,0.06250003725290142,1.6004867312345699,0.12299469218533754,0.9147356323129624,4,0,0,0,0.0
TV,tb_318#0,bo_315#0,315,318,318,2024-02-23 00:00:00,314,2,1.0,1.5230553363978665,53,2,1.5230553363978665,37,0.12437945826043227,0.13535906747640974,3.6367909769124918,0.13968244092325666,0.07763973650289291,0,0,0,1,0.0
TV,tb_467_469#0,bo_461#0,461,467,469,2024-09-26 00:00:00,461,1,146.0,2.504227563850908,146,1,2.504227563850908,19,0.09383683594724637,0.03292187651311181,0.8135596992318312,0.054726372488069774,0.08892729461940589,0,3,0,0,0.06060599505612557
TV,tb_467_470#0,bo_462#0,462,467,470,2024-09-26 00:00:00,461,2,1.0,2.746989867931905,146,1,2.746989867931905,20,0.10281152970916729,0.03292187651311181,0.7425418943387373,0.1492537600993209,0.07627402925234023,0,4,0,0,0.06060599505612557
TVTX,tb_413_419#0,bo_410#0,410,413,419,2024-07-11 00:00:00,403,2,7.0,1.1457240115078764,16,3,3.089901983191182,73,0.410733735077384,0.06163029953998962,1.5094957786133336,0.0954774152311133,0.3369625819247222,4,2,0,1,0.0
TVTX,tb_414_419#0,bo_411#0,411,414,419,2024-07-12 00:00:00,403,3,1.0,2.059059080739771,16,4,3.089901983191182,83,0.4456813322409588,0.051757787579844616,1.1891898866534658,0.19221102080890984,0.3570317644787453,4,2,0,0,0.0
TVTX,tb_423_425#0,bo_416#0,416,423,425,2024-07-25 00:00:00,403,5,3.0,1.0482673157102562,16,5,3.089901983191182,118,0.48876133417729195,0.07816790247914152,1.6672767284795074,0.28391962538331184,0.5407894093667319,2,1,0,0,0.046647186007364144
TVTX,tb_689#0,bo_686#0,686,689,689,2025-08-18 00:00:00,685,2,1.0,1.0434947448238094,63,1,1.1551185388275138,22,0.7897402558061914,0.032494803024767045,0.7850693119353302,0.04456009952650741,0.5286467092495533,1,0,0,0,0.00265670764459669
TWI,tb_648_649#0,bo_641#0,641,648,649,2025-06-18 00:00:00,640,2,1.0,1.7437704638707627,17,2,1.7437704638707627,55,0.3509968311285068,0.0570221696543258,1.5384753193265235,0.21038960073866408,0.19767233557237063,2,0,0,0,0.027502749813356812
TWIN,tb_697#0,bo_694#0,694,697,697,2025-08-28 00:00:00,692,2,2.0,1.1644382705330787,41,2,4.244310863031344,138,0.5785039205432684,0.03523889951514203,0.772326310413413,0.4431555677434329,0.2954725467163448,1,0,0,0,0.005529208708680115
TYGO,tb_643_644#0,bo_640#0,640,643,644,2025-06-11 00:00:00,637,2,3.0,1.6492146596858637,18,2,1.931238475722188,85,0.06909389857592617,0.055118058499284556,1.0131130922635094,0.10679613335978311,0.41138210278980747,2,0,0,0,0.0
TYGO,tb_648_651#0,bo_642#0,642,648,651,2025-06-18 00:00:00,637,3,2.0,3.306775407779172,18,3,3.306775407779172,97,0.0738768897058643,0.06153840510802654,1.0828815888780488,0.1553398934708723,0.3429970975610479,2,0,0,2,0.048780537445866384
TYGO,tb_715_722#0,bo_712#0,712,715,722,2025-09-24 00:00:00,706,3,1.0,1.1777489259241773,64,4,1.1777489259241773,300,0.11621283451840285,0.06666669978035689,1.3767849867335584,0.17816088567842892,0.6987943318217891,0,8,0,0,0.02127657631718154
TYGO,tb_719_725#0,bo_713#0,713,719,725,2025-09-30 00:00:00,706,4,1.0,1.9489074113005949,64,5,1.9489074113005949,400,0.13384049171608475,0.06201544656725289,1.1954517303441798,0.24712647379334518,0.7818772935983217,0,7,0,0,0.02127657631718154
TYGO,tb_719_731#0,bo_714#0,714,719,731,2025-09-30 00:00:00,706,5,1.0,0.9238873031451751,64,6,1.9489074113005949,435,0.14928046681144638,0.06201544656725289,1.0718069874084897,0.3505746504324625,0.7983740819050134,0,13,0,0,0.02127657631718154
TYRA,tb_759#0,bo_756#0,756,759,759,2025-11-25 00:00:00,755,2,1.0,8.088911150181952,13,2,8.088911150181952,214,1.034546029969692,0.04431221581094441,0.9714416169038673,0.3092268579405868,0.44109589112679637,1,0,0,0,0.01617253399146286
TZOO,tb_439_449#0,bo_436#0,436,439,449,2024-08-16 00:00:00,436,1,96.0,1.898819417076472,96,1,1.898819417076472,96,0.5291264846784626,0.0346534719686238,0.7937612054122923,0.040145946975534086,0.29374891176938345,8,0,0,3,0.0008417700997898144
TZOO,tb_493_507#0,bo_488#0,488,493,507,2024-11-01 00:00:00,488,1,34.0,1.484131648545401,34,1,1.484131648545401,30,0.656983185137712,0.051042724087563426,1.4155589044980033,0.025282775861087625,0.2360690183901826,8,0,0,7,0.040252954580751815
U,tb_636_643#0,bo_633#0,633,636,643,2025-06-02 00:00:00,626,2,7.0,4.056644284597788,60,2,4.056644284597788,44,1.3320634693181208,0.08095921272791028,1.6853543270231512,0.15645625398693852,0.5428823433273958,8,0,0,0,0.03137736059644826
UAVS,tb_646_648#0,bo_641#0,641,646,648,2025-06-16 00:00:00,636,2,5.0,18.478691925368434,127,4,73.42969977365088,53,0.1714914503149135,0.21951220575930613,2.09923009948332,0.8607594793451427,1.6743353390274869,3,0,0,0,0.1499999446528289
UAVS,tb_723#0,bo_720#0,720,723,723,2025-10-06 00:00:00,720,1,52.0,0.3629666904109947,52,1,0.3629666904109947,25,0.19821441458293668,0.08650518717136496,1.26126044125512,0.07960203312926994,0.010380612560830782,0,1,0,0,0.0
UCL,tb_387#0,bo_384#0,384,387,387,2024-06-03 00:00:00,384,1,135.0,1.0833120368004088,135,1,1.0833120368004088,21,0.13562522311000352,0.06499999761581421,0.9585237336434642,0.036585403970846864,0.0051546341073744895,0,0,0,1,0.0
UCL,tb_634_635#0,bo_631#0,631,634,635,2025-05-29 00:00:00,624,2,7.0,6.922795858989106,99,2,6.922795858989106,41,0.09837566054978931,0.09999996862913393,1.9313714078189876,0.13281256257323681,0.7345137631599945,2,0,0,0,0.0
UE,tb_672#0,bo_669#0,669,672,672,2025-07-24 00:00:00,669,1,406.0,0.7774940188450232,406,1,0.7774940188450232,74,0.3880476184502461,0.013554239795660913,0.6699978658801569,0.005708283903786526,0.08371150941200245,0,0,0,1,0.0
UEC,tb_484#0,bo_481#0,481,484,484,2024-10-21 00:00:00,478,2,3.0,2.799685850593664,14,3,2.799685850593664,136,0.3409089942822813,0.041522451385159684,1.0559992922309267,0.1586608691041027,0.05931197887300366,0,0,0,1,0.0035460677111016146
UEC,tb_681_682#0,bo_674#0,674,681,682,2025-08-06 00:00:00,666,3,2.0,0.8959484316709108,35,4,2.706430199916249,157,0.45921130900249,0.04679552815027346,1.0017175734330148,0.28796557973526804,0.5359833936168307,2,0,0,0,0.02669630447480125
UEC,tb_682_683#0,bo_679#0,679,682,683,2025-08-07 00:00:00,666,4,5.0,0.7983214055685944,35,4,2.706430199916249,162,0.4876346520133807,0.03329969008952413,0.6767359996741976,0.3194842425472504,0.504152653359109,2,0,0,0,0.0
UFCS,tb_505_506#0,bo_499#0,499,505,506,2024-11-19 00:00:00,496,2,3.0,1.0301931019086952,184,2,3.1349915792201064,186,0.8544747183827353,0.03900339607743479,1.2254966096779505,0.27847463684896634,0.15847284925078908,2,0,0,0,0.016116187366201382
UFCS,tb_507_508#0,bo_504#0,504,507,508,2024-11-21 00:00:00,496,3,5.0,1.3872417632262588,184,3,3.1349915792201064,387,0.8092898975919464,0.06953307568003025,2.4800024436002666,0.3763171248413202,0.06873555500589257,0,2,0,0,0.0
UG,tb_314#0,bo_309#0,309,314,314,2024-02-16 00:00:00,304,3,3.0,2.1123470522803114,45,3,4.332378223495701,139,0.34920482883428666,0.07618031342094142,1.7325501989250642,0.21375024617010663,0.03252056232259992,0,0,0,1,0.05939525288300348
UG,tb_417#0,bo_414#0,414,417,417,2024-07-17 00:00:00,408,2,6.0,13.286084701815039,32,3,13.286084701815039,334,0.288620957867422,0.04983657418986374,1.800981162765019,0.1707839315145503,0.30739330131256004,1,0,0,0,0.0
UG,tb_443_459#0,bo_440#0,440,443,459,2024-08-22 00:00:00,440,1,26.0,1.5473957047642557,26,1,1.5473957047642557,20,0.4612754387536103,0.04758416001398529,1.235418214395886,0.033772618584886116,0.1565172662184486,2,8,0,7,0.008327032585966706
ULCC,tb_309_321#0,bo_306#0,306,309,321,2024-02-09 00:00:00,306,1,36.0,2.6510113364370445,36,2,2.6510113364370445,26,0.354030705138319,0.0448549018482913,0.9603691082530633,0.20776692718641177,0.12049598228445838,0,0,0,13,0.0
UNCY,tb_316#0,bo_313#0,313,316,316,2024-02-21 00:00:00,306,2,7.0,2.1235850243942163,19,2,3.6917455403588013,18,0.9782478100886272,0.16363635207667496,2.760036650652479,0.31000003814697275,0.10853662975908218,0,1,0,0,0.0
UNCY,tb_766_772#0,bo_760#0,760,766,772,2025-12-05 00:00:00,752,2,8.0,1.1302746888577953,15,3,1.8774024058625616,90,0.3723212213010873,0.07388058203741564,1.329496835633732,0.18198879566856507,0.1499418173394049,0,0,0,7,0.07264293747028519
UNIT,tb_417#0,bo_414#0,414,417,417,2024-07-17 00:00:00,413,2,1.0,0.9069807968181883,90,1,0.9069807968181883,22,0.29036642314403516,0.06107638296843455,1.3958772216787085,0.1331167986922177,0.4054404542921002,1,0,0,0,0.010256363074295977
UNIT,tb_673#0,bo_670#0,670,673,673,2025-07-25 00:00:00,669,2,1.0,1.7948948691370255,161,2,1.9176908145965716,75,0.34267410000151177,0.03154306994533358,0.8967971337619185,0.13152388599216058,0.0,0,1,0,0,0.0
UPWK,tb_694#0,bo_691#0,691,694,694,2025-08-25 00:00:00,686,2,5.0,1.163143273578912,68,1,1.5820699361859485,21,0.5184839807391951,0.015262080085862332,0.44360009331131334,0.039502557340103994,0.37759900239653055,1,0,0,0,0.0006702566240415158
URG,tb_484#0,bo_481#0,481,484,484,2024-10-21 00:00:00,481,1,17.0,2.5308607196239588,17,1,2.5308607196239588,36,0.057973362514736664,0.05882356034843122,1.3799448478602299,0.06779664955205078,0.07692309808448994,0,0,0,1,0.022556458369204422
URG,tb_670_674#0,bo_665#0,665,670,674,2025-07-22 00:00:00,663,2,2.0,1.868229260463997,17,2,1.868229260463997,117,0.07482326520308483,0.04316542690433626,0.8018888592564032,0.1517856753222191,0.21141372101638276,0,0,0,5,0.007462679264300777
URG,tb_669_674#0,bo_666#0,666,669,674,2025-07-21 00:00:00,663,3,1.0,1.225246255534457,17,2,1.868229260463997,118,0.07733589013894411,0.05755398830119471,1.034449112457536,0.19642859613712949,0.2080408444411591,0,0,0,6,0.007462679264300777
URGN,tb_649_651#0,bo_646#0,646,649,651,2025-06-20 00:00:00,645,2,1.0,3.708863766576767,59,6,9.477724864247758,167,1.4431814710870836,0.08263933313420825,0.8938584562628347,0.2942238493979543,0.4759938956798744,1,0,0,2,0.07670853345641096
URGN,tb_751#0,bo_746#0,746,751,751,2025-11-13 00:00:00,738,2,8.0,3.9040677625046114,35,2,3.9040677625046114,43,1.1474279887978012,0.06153239823530503,1.35084829683575,0.24090678795943155,0.254180598006422,0,0,0,1,0.04852821571096915
UROY,tb_672#0,bo_669#0,669,672,672,2025-07-24 00:00:00,667,2,2.0,1.0536533211491232,21,3,1.3616187319654984,121,0.12500554381718657,0.09711689355142518,2.5598878408893517,0.05078129583853408,0.23606558684154555,0,1,0,0,0.012944971833043103
USAR,tb_559#0,bo_556#0,556,559,559,2025-10-07 00:00:00,556,1,36.0,3.991270707806643,36,2,3.991270707806643,138,1.554746919134013,0.13486416772330614,2.6821085959228763,0.2335686731504778,0.55571272833702,1,0,0,0,0.0
USAS,tb_485_493#0,bo_480#0,480,485,493,2024-10-22 00:00:00,476,2,4.0,2.828372736786434,11,3,7.507201243036142,271,0.07966316488216206,0.03703708936484497,0.627643548929219,0.34375003958120876,0.0317057279380026,0,5,0,4,0.045454609492592175
USAS,tb_772#0,bo_769#0,769,772,772,2025-12-15 00:00:00,762,2,7.0,1.379626319541582,59,2,1.7609379818022526,38,0.3056799810930845,0.045378149509530896,0.8832766213901797,0.16666661296878926,0.8103447680524376,1,0,0,0,0.0
USIO,tb_544_549#0,bo_539#0,539,544,549,2025-01-17 00:00:00,536,3,2.0,4.668533725732187,212,9,66.07799105478941,533,0.20858911316462805,0.1781818216497248,2.3491159346845336,0.5962732362782148,0.019544010542031958,0,6,0,0,0.1439688308054624
UTI,tb_418_424#0,bo_415#0,415,418,424,2024-07-18 00:00:00,410,2,5.0,1.2530136474882814,41,1,1.5700280386659087,31,0.5270365137020508,0.02702702702702703,0.9487008717628711,0.033536655926975634,0.05484022053882102,0,7,0,0,0.0
UTI,tb_419_428#0,bo_416#0,416,419,428,2024-07-19 00:00:00,410,3,1.0,2.4400180816963917,41,2,2.4400180816963917,46,0.5401052687570941,0.021012898753800437,0.7220803280551501,0.10060973517742933,0.03221014169661919,0,10,0,0,0.0032768687980567752
UTI,tb_510_513#0,bo_507#0,507,510,513,2024-11-26 00:00:00,507,1,9.0,5.512449273854295,9,1,5.512449273854295,8,0.6180547060537641,0.029085279217089203,1.2296618957660546,0.18702872472882848,0.05782833600489856,0,0,0,4,0.0
UTI,tb_557_560#0,bo_552#0,552,557,560,2025-02-06 00:00:00,547,2,5.0,1.6739486269447479,40,1,1.6739486269447479,39,0.9356863482321305,0.062499996099172395,2.041282157232314,0.04560870912761561,0.021067847691960573,0,3,0,1,0.019343742954504695
UURAF,tb_284_285#0,bo_278#0,278,284,285,2024-01-04 00:00:00,273,3,2.0,1.2182921414829067,135,3,4.203438395415473,95,0.03798813170189381,0.10666664441426595,2.1059204474304605,0.2631579607807706,0.08276798625712634,0,0,0,2,0.05633797614353404
UURAF,tb_520#0,bo_515#0,515,520,520,2024-12-11 00:00:00,514,2,1.0,3.1494968854815526,236,4,4.722838517840805,152,0.03025747946592236,0.11764703304297398,2.643973811526497,0.39534886944545367,-0.015624985448084439,0,1,0,0,0.01639342660450326
UURAF,tb_588_589#0,bo_585#0,585,588,589,2025-03-24 00:00:00,582,3,2.0,1.0249176276771006,67,4,3.65468020861927,297,0.043685224504464264,0.1333333421636513,2.7469243005975303,0.23728822291976504,0.9336939885813916,1,1,0,0,0.0
UURAF,tb_589#0,bo_586#0,586,589,589,2025-03-25 00:00:00,582,4,1.0,2.345597897503285,67,5,3.65468020861927,309,0.04342199571540768,0.12087913311531134,2.5332786412229042,0.2881356343151835,1.0246913344044999,1,0,0,0,0.0898876231421935
UURAF,tb_594_602#0,bo_588#0,588,594,602,2025-04-01 00:00:00,582,5,2.0,6.2377877760897515,67,6,6.2377877760897515,418,0.04223630805841857,0.19780219996152554,4.261736298153542,0.5084746190783163,1.1423379204692017,9,0,0,0,0.18518515520571144
UUUU,tb_665#0,bo_662#0,662,665,665,2025-07-15 00:00:00,657,2,5.0,3.1449393745852197,26,1,3.1449393745852197,16,0.36583079496252296,0.11923080544029614,2.542159703288658,0.1321739528490149,0.7345360362297912,1,0,0,0,0.0
UUUU,tb_668_671#0,bo_665#0,665,668,671,2025-07-18 00:00:00,657,3,3.0,2.214363887448081,26,2,3.1449393745852197,153,0.43989073482060004,0.07037815589048133,1.5231056788845312,0.34956525719684106,0.5398743338384973,4,0,0,0,0.0
UUUU,tb_669#0,bo_666#0,666,669,669,2025-07-21 00:00:00,657,4,1.0,2.0861800449254457,26,3,3.1449393745852197,363,0.47489856127454155,0.061974802964083746,1.2423708991756834,0.4330434384553328,0.5646036685914457,1,0,0,0,0.016025600858143894
UUUU,tb_673_675#0,bo_667#0,667,673,675,2025-07-25 00:00:00,657,5,1.0,2.580235719992604,26,5,3.1449393745852197,452,0.49312009397446616,0.057768916923283266,1.176183917048181,0.5930434517238452,0.73461548272891,3,0,0,0,0.016025600858143894
UVSP,tb_424_427#0,bo_421#0,421,424,427,2024-07-26 00:00:00,417,2,4.0,1.6377461493468513,47,2,2.063825550134422,355,0.8231042403938614,0.039335361315559765,1.324051100008152,0.04934094621130103,0.04507122570785849,0,1,0,3,0.015075223821300604
UVSP,tb_621_629#0,bo_616#0,616,621,629,2025-05-09 00:00:00,613,2,3.0,0.6863044846678571,117,1,1.1624160724509447,26,1.0941592914640361,0.022027998157431703,0.6015375240126697,0.03703700705805035,0.07025821570248825,0,0,0,9,0.01636666241482039
UWMC,tb_417_418#0,bo_414#0,414,417,418,2024-07-17 00:00:00,414,1,77.0,1.2320919992189763,77,1,1.2320919992189763,43,0.19434135867450292,0.02791259162410442,0.9890344439959263,0.026809569041891246,0.21069406758737907,2,0,0,0,0.01587293956933953
UZX,tb_257_261#0,bo_253#0,253,257,261,2024-12-27 00:00:00,251,2,2.0,2.64425214137741,109,2,2.64425214137741,29,0.3430336764259515,0.1255318509987304,1.719946804925702,0.7619048646247892,0.5795055497689795,0,5,0,0,0.1108108325802206
VALN,tb_566_586#0,bo_561#0,561,566,586,2025-02-20 00:00:00,548,3,5.0,2.611439354100288,108,3,5.6440677966101696,113,0.42389400781789593,0.0792161861862202,1.5735072481096064,0.7573840350082994,0.10395679546366321,0,1,0,20,0.14377405533294313
VATE,tb_551_567#0,bo_546#0,546,551,567,2025-01-29 00:00:00,545,2,1.0,3.1644968963675684,60,8,613.3858511837656,221,0.7847163436095264,0.15624999044797325,2.484974124911885,1.0313111239200827,0.107473610318834,0,17,0,0,0.04851751628936552
VATE,tb_552_567#0,bo_549#0,549,552,567,2025-01-30 00:00:00,545,3,3.0,0.8897855378671166,60,10,613.3858511837656,254,0.9123075012571945,0.13221151274454335,1.8086002978781948,1.178082157267236,0.09883388879792276,0,16,0,0,0.04851751628936552
VATE,tb_562_566#0,bo_557#0,557,562,566,2025-02-13 00:00:00,545,4,8.0,0.3208147676639084,60,12,613.3858511837656,277,0.9636792793142968,0.08740743001302083,1.2244740864568626,1.5675145876240513,0.024398816164251658,0,5,0,0,0.09451217850108419
VECO,tb_711_717#0,bo_708#0,708,711,717,2025-09-18 00:00:00,706,2,2.0,1.4520153665717226,13,3,1.4520153665717226,141,0.8070489005721432,0.03658540475598366,1.3010378226955017,0.03487915513601436,0.1806608467231319,7,0,0,0,0.0
VELO,tb_499_500#0,bo_496#0,496,499,500,2024-11-11 00:00:00,495,2,1.0,0.7021265060567562,167,2,0.7021265060567562,34,2.248387752041505,0.164102538019164,2.1348627400688396,0.18269232767808563,0.17310606840556653,0,2,0,0,0.0
VELO,tb_776#0,bo_770#0,770,776,776,2025-12-19 00:00:00,765,3,1.0,6.339526241452366,36,4,6.339526241452366,149,0.9120430359194804,0.3087333043416341,5.077610795477154,1.3229165942304695,1.2012927350446168,1,0,0,0,0.1854026865773381
VENU,tb_180_182#0,bo_173#0,173,180,182,2025-08-20 00:00:00,170,2,3.0,0.8184788215739095,33,1,0.9415077060966818,35,0.7470444061850624,0.05444441901312934,1.3118357277325716,0.09806727697725792,-0.03198001800758706,0,3,0,0,0.00062854990432087
VEON,tb_312_314#0,bo_307#0,307,312,314,2024-02-14 00:00:00,306,2,1.0,2.630933680701889,87,3,3.4255378044922495,203,0.597914016918857,0.047477780075831456,1.8731804365532942,0.08337437535980396,0.1255576606843869,1,0,0,2,0.016349931312689973
VERI,tb_314#0,bo_311#0,311,314,314,2024-02-16 00:00:00,311,1,136.0,2.588937363664693,136,2,2.588937363664693,33,0.1464853030115448,0.12000002179827009,2.1503867674399606,0.105527656854564,2.0916335690701002,0,1,0,0,0.03275531299030275
VERI,tb_336_337#0,bo_333#0,333,336,337,2024-03-20 00:00:00,332,2,1.0,12.058284006329485,19,4,29.122846025569764,135,0.3646353767046654,0.18120799605814597,2.221396375966606,0.7880184230534277,1.0370187169103366,2,0,0,0,0.11082475620472045
VERI,tb_341#0,bo_338#0,338,341,341,2024-03-27 00:00:00,332,3,5.0,5.07327027200343,19,5,29.122846025569764,163,0.5617251259125107,0.20171672297301907,2.5101242269011808,1.2442394996945607,0.3472222084248513,0,0,0,1,0.06493500461665078
VERI,tb_482#0,bo_475#0,475,482,482,2024-10-17 00:00:00,473,2,2.0,1.9113745910002462,35,2,2.124095055208833,36,0.3525113662515796,0.26885541824075104,4.29773473528661,0.1606648695232824,0.07673853452506796,0,1,0,0,0.10606055914628394
VERI,tb_482#1,bo_477#0,477,482,482,2024-10-17 00:00:00,473,3,2.0,1.4028559280635413,35,3,2.7810934649291807,107,0.37884904762183474,0.26885541824075104,3.9989551322167234,0.2797783988402158,0.07673853452506796,0,1,0,0,0.10606055914628394
VERI,tb_711#0,bo_704#0,704,711,711,2025-09-18 00:00:00,699,2,5.0,7.485087687148381,30,4,7.485087687148381,142,0.2594614933587589,0.06511632497404564,1.0791590157896445,0.25901638498488233,1.2535886275473858,1,0,0,0,0.052083284826948156
VERU,tb_347#0,bo_344#0,344,347,347,2024-04-05 00:00:00,343,2,1.0,0.5927099066738369,26,2,1.2303064815845586,64,0.6095751380868387,0.10752687951514789,1.6404868530867514,0.09999997275216232,1.0645161687273381,1,0,0,0,0.0
VERU,tb_548#0,bo_545#0,545,548,548,2025-01-24 00:00:00,544,2,1.0,4.811430522693424,65,2,4.811430522693424,66,0.9265851540582565,0.17605634039296353,2.6980790584119583,0.2976190611348406,-0.39669421813289496,0,1,0,0,0.05468748428393179
VFC,tb_438#0,bo_432#0,432,438,438,2024-08-15 00:00:00,427,2,5.0,2.0709021366573244,10,3,2.0709021366573244,132,0.7671614021241281,0.08801699829260375,2.0739320613782257,0.061519952724461646,0.23834885240454873,0,0,0,1,0.054494311677160845
VFC,tb_546_550#0,bo_543#0,543,546,550,2025-01-22 00:00:00,541,2,2.0,0.6662779394105324,51,1,1.0456639396220584,52,0.8432021118916111,0.02776671483585914,0.8031620509063213,0.027813901124369433,0.11953153461196427,0,5,0,0,0.0
VFF,tb_339#0,bo_336#0,336,339,339,2024-03-25 00:00:00,335,2,1.0,3.328961460961751,81,2,3.328961460961751,44,0.0645674915511648,0.06542060656134582,1.084137710330867,0.1476743862073191,0.528301973791049,1,0,0,0,0.03748733627745256
VFF,tb_345_348#0,bo_341#0,341,345,348,2024-04-03 00:00:00,335,4,1.0,4.191774492868198,81,4,5.8163158354441435,287,0.08186901130472754,0.10828029975440609,2.0764886931537747,0.5290698085429535,0.173486094253258,0,0,0,4,0.057034254311931265
VGAS,tb_315_316#0,bo_312#0,312,315,316,2024-02-20 00:00:00,311,2,1.0,2.80885603231461,11,2,22.327598279483844,72,0.3503795274562527,0.0854545073075728,1.3414019751777109,0.5392857200637156,0.052869061677358165,0,2,0,0,0.013084055340562898
VGZ,tb_445_446#0,bo_442#0,442,445,446,2024-08-26 00:00:00,440,2,2.0,2.1958150188819414,109,2,2.4582134379387854,96,0.032168751442728204,0.030303090509739804,0.6217226231725411,0.14285711244661004,0.2672493902009304,0,0,0,2,0.0
VGZ,tb_610_614#0,bo_607#0,607,610,614,2025-04-24 00:00:00,607,1,14.0,3.40041755015495,14,1,3.40041755015495,14,0.04735410916521399,0.07692306369719372,1.6893989713033588,0.12820516347415012,0.30052037808368703,0,0,0,5,0.0
VHC,tb_669_673#0,bo_664#0,664,669,673,2025-07-21 00:00:00,661,2,3.0,1.4912790697674418,21,2,4.891781936533768,560,1.3359648601117011,0.08546215020463024,1.3772818488908807,0.2928623618505577,0.04814255400803922,0,5,0,0,0.01878201078189354
VIP,tb_481#0,bo_478#0,478,481,481,2024-10-16 00:00:00,478,1,83.0,1.6395348837209303,83,1,1.6395348837209303,10,0.13664490776890625,0.0760000228881836,1.3904656991813182,0.12698419606484457,0.5933609034896465,1,0,0,0,0.0
VIP,tb_497_502#0,bo_490#0,490,497,502,2024-11-07 00:00:00,478,4,7.0,7.353626276728636,83,3,7.353626276728636,39,0.1982257428467971,0.16312058476469735,2.320586779197964,0.44444446546901073,0.5517063879133871,4,2,0,0,0.10256409136758818
VIP,tb_726#0,bo_723#0,723,726,726,2025-10-09 00:00:00,721,2,2.0,2.436554015745771,55,2,3.304480555048384,55,0.16180485850979046,0.10256411040166298,1.4832682513190498,0.1578947764684624,0.07555558946397567,0,1,0,0,0.03636370926848955
VIPRF,tb_706_710#0,bo_703#0,703,706,710,2025-09-11 00:00:00,702,2,1.0,11.731260226964075,41,2,11.731260226964075,34,0.030870224654318917,0.07857511277082549,1.4933490418308544,0.38485921881083307,0.6366928522503386,5,0,0,0,0.07704683183851127
VIPRF,tb_779_782#0,bo_776#0,776,779,782,2025-12-24 00:00:00,766,4,4.0,0.8996017667008288,46,6,1.840053558080533,641,0.09016774657979727,0.10113092011622055,1.884265127335343,0.5077023682833746,0.15106000394085833,0,1,0,3,0.024223623593635824
VIPRF,tb_781#0,bo_778#0,778,781,781,2025-12-29 00:00:00,766,6,1.0,0.8786353706418492,46,9,1.840053558080533,733,0.10824667359548744,0.16313557556239885,2.845352732775221,0.7589861180373825,0.05000001986821556,0,1,0,0,0.024223623593635824
VIRC,tb_395_396#0,bo_392#0,392,395,396,2024-06-13 00:00:00,391,2,1.0,6.15972894482091,20,3,6.15972894482091,93,0.7146460480335569,0.06478871090311399,1.5675607409901158,0.4438304513700988,0.02668849783095717,0,2,0,0,0.0
VISL,tb_381#0,bo_376#0,376,381,381,2024-05-23 00:00:00,374,3,1.0,6.110887096774194,117,3,12.108611739651272,175,0.3255348985396522,0.14423071338815127,2.76467937099115,0.1947115318485968,0.32181817835027515,0,0,0,1,0.06143346848330228
VISN,tb_442#0,bo_439#0,439,442,442,2024-08-21 00:00:00,436,2,3.0,1.2329999502384335,9,3,1.2568588818726176,235,0.1426756966820821,0.1196867723765982,1.82976082660238,0.35616440533710203,0.6584766325074738,1,0,0,0,0.07289287917178727
VISN,tb_653_654#0,bo_650#0,650,653,654,2025-06-26 00:00:00,644,2,6.0,0.652345664937582,12,1,1.125617110604232,16,0.17374593599835975,0.06972592265144624,1.6429799869307287,0.04193551895222436,0.9725416843521327,2,0,0,0,0.0
VISN,tb_654_659#0,bo_651#0,651,654,659,2025-06-27 00:00:00,644,3,1.0,1.8772498629944032,12,4,1.8772498629944032,155,0.17388324576312164,0.05661507781121404,1.3329904218812847,0.1822580896831174,0.9869861839488562,6,0,0,0,0.0
VITL,tb_326_328#0,bo_323#0,323,326,328,2024-03-06 00:00:00,316,2,7.0,1.5409241066210622,36,4,4.095750145086084,279,0.6482303237802564,0.027024189735025003,0.7990981446641615,0.13486638009415586,0.44923852377844825,3,0,0,0,0.0
VITL,tb_328_331#0,bo_325#0,325,328,331,2024-03-08 00:00:00,316,3,2.0,1.5752784874185268,36,4,4.095750145086084,281,0.6248771727717986,0.05009409795823086,1.7043357966391086,0.1640770270113281,0.5347352018087658,4,0,0,0,0.0
VLN,tb_384#0,bo_381#0,381,384,384,2024-05-29 00:00:00,376,2,5.0,1.7366615853658536,63,1,1.745258352749135,33,0.07957967949428232,0.050359664721725636,1.7592413964880882,0.05668010723237438,0.2463235548700633,1,0,0,0,0.0
VLN,tb_385#0,bo_382#0,382,385,385,2024-05-30 00:00:00,376,3,1.0,1.5422000454934834,63,2,1.745258352749135,68,0.07818114390169931,0.03750000745058072,1.343035082800881,0.10121457372640807,0.2417582715089801,1,0,0,0,0.0
VLN,tb_537_541#0,bo_532#0,532,537,541,2025-01-07 00:00:00,531,2,1.0,5.588682111659704,24,2,6.912382418265991,100,0.17380997254521915,0.06135992529393293,1.0643818561676008,0.3743842370317614,0.13708698476193368,0,5,0,0,0.06810037986318362
VLN,tb_543_545#0,bo_538#0,538,543,545,2025-01-16 00:00:00,531,3,6.0,1.9303225327500941,24,3,6.912382418265991,120,0.21718424834280842,0.0437143189566476,0.7044715144662234,0.5418719992877978,0.010276213404073697,0,3,0,0,0.015974501248155495
VLRS,tb_489#0,bo_483#0,483,489,489,2024-10-28 00:00:00,481,2,2.0,1.711506320892212,121,1,1.711506320892212,22,0.23490128244539193,0.06044678450413354,1.9582695903497673,0.07357361248975436,0.21169916675029032,1,0,0,0,0.018181833945029813
VLY,tb_490_493#0,bo_487#0,487,490,493,2024-10-29 00:00:00,482,2,5.0,1.9182622685688826,38,1,1.9182622685688826,25,0.2643063352835327,0.04170922209201045,1.4426686612632522,0.020191309953814685,0.16366034030235233,4,0,0,0,0.03437498397745393
VLY,tb_662#0,bo_657#0,657,662,662,2025-07-10 00:00:00,657,1,148.0,1.4278788301807774,148,1,1.4278788301807774,68,0.23035467100409296,0.01745383327108088,0.7116257446426433,0.01632212705187519,0.12930144974619528,1,0,0,0,0.013457716656123017
VMD,tb_483_491#0,bo_477#0,477,483,491,2024-10-18 00:00:00,471,2,6.0,1.0280684041143433,162,2,2.7411161491010705,112,0.26438339086372237,0.02566852566852567,0.9077753485512634,0.15074029451850968,0.07039352380274339,0,3,0,6,0.005701275726912927
VMD,tb_483_491#1,bo_478#0,478,483,491,2024-10-18 00:00:00,471,3,1.0,1.7167234630148092,162,2,2.7411161491010705,113,0.2747845663314643,0.02566852566852567,0.8734141367422174,0.1803500215860272,0.07039352380274339,0,3,0,6,0.005701275726912927
VNCE,tb_286#0,bo_279#0,279,286,286,2024-01-08 00:00:00,277,3,1.0,45.638637392485286,0,6,45.638637392485286,109,0.15904996185410442,0.15789476514664566,3.9610202171492084,1.607692484037417,0.35530086136055306,0,0,0,1,0.11560696270444393
VNDA,tb_774_782#0,bo_769#0,769,774,782,2025-12-17 00:00:00,767,2,2.0,2.985875953482556,29,5,3.6633016774531426,595,0.3396927326942172,0.0653409148635697,1.3541650847180562,0.2523191404828653,0.38778324188591096,8,0,0,1,0.05606058953112674
VNDA,tb_777_782#0,bo_774#0,774,777,782,2025-12-22 00:00:00,767,3,5.0,1.527532368004922,29,6,3.6633016774531426,600,0.4028329969796797,0.06944444628409402,1.241209145598422,0.2653061856396992,0.3701536406255456,5,0,0,1,0.02199414832725599
VNET,tb_394_396#0,bo_389#0,389,394,396,2024-06-12 00:00:00,387,2,2.0,0.8175369568185485,19,2,1.2678377877292564,55,0.1362013758301723,0.04166672461562456,0.7342080242701536,0.17525768254690033,0.066685943205867,0,3,0,0,0.021097027312509432
VNET,tb_452#0,bo_449#0,449,452,452,2024-09-05 00:00:00,448,2,1.0,4.815297745636223,37,2,4.815297745636223,56,0.16764664254486727,0.048951004063202935,0.8350889964773827,0.17796614193361715,0.6129032478592746,1,0,0,0,0.025179832360862818
VNET,tb_471#0,bo_468#0,468,471,471,2024-10-02 00:00:00,462,3,5.0,2.7636421786548118,13,4,4.697067236758905,270,0.22211208376534428,0.08888891008165148,1.8008929932421933,0.32441472425296647,0.018604632594767967,0,0,0,1,0.0
VNO,tb_416_417#0,bo_413#0,413,416,417,2024-07-16 00:00:00,413,1,64.0,1.2781686715735545,64,1,1.2781686715735545,46,0.7739776687306045,0.02336444849738348,0.8701864900843419,0.07640443732075064,0.20645798120166037,1,1,0,0,0.0
VNO-PN,tb_704_705#0,bo_701#0,701,704,705,2025-09-09 00:00:00,692,3,5.0,1.486968173617558,450,1,3.1609010096796446,114,0.1945497582545819,0.01666663761207333,1.4778282766050361,0.01883561563436853,0.048109365375632485,1,1,0,0,0.0
VNO-PO,tb_708_712#0,bo_705#0,705,708,712,2025-09-15 00:00:00,705,1,654.0,0.30615057460192796,654,1,0.30615057460192796,119,0.2028508603894647,0.008652619716184636,0.6517678684475874,0.016139374872847778,0.001735483052261766,0,5,0,0,0.0
VOXR,tb_766_772#0,bo_763#0,763,766,772,2025-12-05 00:00:00,761,2,2.0,0.9089898181617505,31,1,1.3454519544315258,32,0.2049106989366963,0.053930459007650484,1.4267696915079173,0.051948103343414376,0.10808725786677975,0,0,0,7,0.0
VRDN,tb_644_646#0,bo_640#0,640,644,646,2025-06-12 00:00:00,637,2,3.0,0.4549080067274858,138,2,1.1900538406765688,31,0.7760332738702711,0.05463482179112321,1.1468597120306612,0.050823194314653986,0.19395572850992834,0,0,0,3,0.026103174164755563
VRDN,tb_733_734#0,bo_730#0,730,733,734,2025-10-20 00:00:00,718,3,8.0,1.3041935594929737,15,2,2.0705641084890676,193,0.9461246462080142,0.03919998168945313,1.0358038406081922,0.1030212911682391,0.41509343365734686,2,0,0,0,0.00495658556062186
VRNO,tb_692_696#0,bo_686#0,686,692,696,2025-08-21 00:00:00,680,3,2.0,2.8366049416534267,69,3,7.027994531092405,130,0.582284446635627,0.18612713614787443,2.764971082397341,1.1522693958228785,0.11601768330051439,0,0,0,5,0.19333330790201822
VRNO,tb_696_697#0,bo_691#0,691,696,697,2025-08-27 00:00:00,680,4,5.0,0.8698941230627589,69,5,7.027994531092405,172,0.8579894040083632,0.09401707636806896,0.9615501140350855,1.2547583880753566,0.09279183591564644,0,0,0,2,0.09883724927515211
VRNO,tb_695_697#0,bo_692#0,692,695,697,2025-08-26 00:00:00,680,5,1.0,1.0179156638566225,69,5,7.027994531092405,173,0.9217044465791944,0.11680907841474651,1.1120697337790306,1.5183017503763732,0.09127298864964661,0,0,0,3,0.09883724927515211
VSAT,tb_687_690#0,bo_681#0,681,687,690,2025-08-14 00:00:00,679,2,2.0,4.888294149294583,31,3,4.888294149294583,248,1.2632409978323085,0.06435817218494623,1.4565709597339598,0.6779252004125302,0.37489013320648185,3,0,0,1,0.057512595220027954
VSTS,tb_238_256#0,bo_233#0,233,238,256,2024-09-09 00:00:00,228,2,5.0,0.929913482392701,184,1,1.3602063451122002,37,0.4910494361575701,0.08526143212383817,2.719652493988444,0.06590899234855363,0.0660730911038322,0,9,0,10,0.05624586704581225
VSTS,tb_542_545#0,bo_539#0,539,542,545,2025-11-24 00:00:00,532,2,7.0,0.8996578132638097,11,1,1.3431018777616726,16,0.2435420176651597,0.03241495682807617,0.8212147046316693,0.03773581171086837,0.2183223189319765,2,2,0,0,0.0016446960806181066
VSXY,tb_441#0,bo_438#0,438,441,441,2024-08-20 00:00:00,437,2,1.0,2.6002112768627983,50,2,3.9000221969209226,51,1.2631080874370768,0.03959999084472656,0.7837807238863729,0.2779235044166073,0.1620123052575535,0,0,0,1,0.011489564095325477
VTGN,tb_674_677#0,bo_671#0,671,674,677,2025-07-28 00:00:00,667,2,4.0,2.8308152546587597,39,3,2.8308152546587597,43,0.16044796805062364,0.09365557345575708,1.932090175686934,0.10526315281443477,0.28786139918150033,0,0,0,4,0.00732600028819828
VTGN,tb_681#0,bo_674#0,674,681,681,2025-08-06 00:00:00,667,4,1.0,4.476283344692854,39,5,5.376509696899315,111,0.19703868079706519,0.15315315379817274,2.588324223447872,0.2914979839151439,0.30639733234498,0,0,0,1,0.04075238624108079
VTS,tb_461#0,bo_458#0,458,461,461,2024-11-08 00:00:00,458,1,112.0,1.7966390381637671,112,1,1.7966390381637671,77,0.4584486241780249,0.025134810189746035,1.29606724388593,0.04621510391800476,0.04200292812134654,0,1,0,0,0.013034189894247919
VUZI,tb_480#0,bo_477#0,477,480,480,2024-10-15 00:00:00,476,2,1.0,2.2047600653415307,102,2,2.2047600653415307,27,0.09754157781006605,0.08666666348775227,1.3327649413747,0.14876028253980023,1.3884891851873453,0,1,0,0,0.054421796842397376
VUZI,tb_512#0,bo_509#0,509,512,512,2024-11-29 00:00:00,508,2,1.0,7.025301518622662,31,7,7.025301518622662,196,0.1416755378629467,0.20152098355365142,3.74094369291231,0.73076929425347,1.5064935520674192,1,0,0,0,0.12444443172878689
VUZI,tb_719#0,bo_713#0,713,719,719,2025-09-30 00:00:00,712,2,1.0,7.81608144471027,10,3,7.81608144471027,58,0.15680960284656761,0.2609755995442367,6.823561273155912,0.37959185659463346,0.370606966453517,1,0,0,0,0.07006370103829769
VUZI,tb_723_724#0,bo_720#0,720,723,724,2025-10-06 00:00:00,712,3,7.0,2.819410087389797,10,4,7.81608144471027,79,0.2685106512109401,0.07263926935156383,1.1172748245997335,0.4204081434053666,0.0946281851822739,0,2,0,0,0.005141444423067812
VXRT,tb_304#0,bo_301#0,301,304,304,2024-02-02 00:00:00,301,1,50.0,6.192757909026435,50,1,6.192757909026435,50,0.06329034750145278,0.15384610446952324,3.1600384003237685,0.11363639134513459,0.28333325054910774,0,0,0,1,0.0
VXRT,tb_444_445#0,bo_439#0,439,444,445,2024-08-23 00:00:00,439,1,123.0,1.1194083336131964,123,2,1.1194083336131964,25,0.056607039021017956,0.14285712663819117,2.6498467108030104,0.06756758280615438,0.1711125079610376,0,0,0,2,0.07446807768615783
VYGR,tb_711_712#0,bo_706#0,706,711,712,2025-09-18 00:00:00,702,2,4.0,1.8052149558517037,13,2,1.9247263514490418,129,0.2696569572118173,0.052631529414422,0.8900188357819474,0.1288659755805308,0.26792307105047375,0,0,0,2,0.04566216458371573
VZLA,tb_631_636#0,bo_628#0,628,631,636,2025-05-23 00:00:00,628,1,10.0,0.9021848143705122,10,2,0.9021848143705122,65,0.13397864191987446,0.03533565629981095,0.7463869106269416,0.04938266759770915,0.2671982785712697,5,0,0,1,0.0
VZLA,tb_706_717#0,bo_699#0,699,706,717,2025-09-11 00:00:00,693,2,6.0,1.6478330521570241,65,2,1.6478330521570241,58,0.15148681152428972,0.05987258546516498,1.5512894669259363,0.1014492463174177,0.2856071665158253,8,0,0,4,0.03978782390618678
WATT,tb_665#0,bo_662#0,662,665,665,2025-07-15 00:00:00,661,2,1.0,6.029868629909393,129,3,6.029868629909393,79,0.5517930911734512,0.10321103894068073,2.4465699246048844,0.2982456296899443,0.4854369838459449,1,0,0,0,0.03512886402800899
WAVE,tb_473_476#0,bo_469#0,469,473,476,2024-10-04 00:00:00,467,2,2.0,7.040338983050847,21,3,7.040338983050847,460,0.3228369336255045,0.24196484952628947,4.943672883477898,0.46172834505960236,1.3153742624124916,4,0,0,0,0.21452702104043933
WBD,tb_671_677#0,bo_666#0,666,671,677,2025-07-23 00:00:00,664,2,2.0,2.1838123106807417,10,3,2.1838123106807417,95,0.41250715271012706,0.0403285995524497,1.3090681174987788,0.07246380346470782,0.49287729334357866,0,7,0,0,0.007009357594886879
WBD,tb_670_677#0,bo_667#0,667,670,677,2025-07-22 00:00:00,664,3,1.0,2.537145426844309,10,5,2.537145426844309,396,0.42732806219933817,0.02070548350300667,0.6318319061466346,0.09462921173651995,0.4969291083256029,0,8,0,0,0.007009357594886879
WBD,tb_713_724#0,bo_707#0,707,713,724,2025-09-22 00:00:00,706,2,1.0,4.408028888413216,34,4,4.890922260518957,638,0.7440668519365558,0.04416247743858386,1.169250903959878,0.504784760497319,0.2529128792487545,10,0,0,2,0.06217878424455465
WBD,tb_742_762#0,bo_736#0,736,742,762,2025-10-31 00:00:00,734,2,2.0,0.5527400578212425,27,1,1.2050312123307427,20,0.9358655429234671,0.026152489652252968,0.6304326054625771,0.15993451713886042,0.3085084369872555,21,0,0,0,0.005200884396544191
WBX,tb_730_731#0,bo_725#0,725,730,731,2025-10-15 00:00:00,722,2,3.0,8.654526913832035,64,3,8.654526913832035,53,0.35779347608918294,0.10600254556748494,2.319773777818046,0.47161569506408973,0.03810940695141707,0,2,0,0,0.07981923849822432
WCUFD,tb_379_382#0,bo_376#0,376,379,382,2024-05-21 00:00:00,366,6,3.0,6.662476974753495,22,9,9.982700039639843,334,0.281607026934848,0.09087305289126996,1.6263805207226973,1.1264922928072298,0.033251321014808766,0,4,0,0,0.04094044193739304
WETH,tb_413_415#0,bo_410#0,410,413,415,2025-10-14 00:00:00,409,2,1.0,2.143445275886176,16,3,3.012910035725885,157,0.15713327195897395,0.09770114644401243,1.0475386084454499,0.18705038201502378,1.1076327781507145,3,0,0,0,0.048484830395916965
WEXPF,tb_294_301#0,bo_287#0,287,294,301,2024-01-19 00:00:00,280,2,7.0,1.0122208050307004,181,2,1.5572737569258084,11,0.02078655533090812,0.027346178153063547,0.8467011308248188,0.2674796521923697,0.26298584812771353,1,7,0,0,0.029345729111229377
WEXPF,tb_340_347#0,bo_337#0,337,340,347,2024-03-26 00:00:00,337,1,38.0,9.680801013662405,38,1,9.680801013662405,10,0.030031888759945113,0.03669991528593054,1.0538799948307178,0.16622605016688552,0.29103071115571844,8,0,0,0,0.03401165728216963
WEXPF,tb_715_718#0,bo_708#0,708,715,718,2025-09-24 00:00:00,699,3,2.0,1.5970090125779937,71,3,7.140101002062255,170,0.044100198790314564,0.15364238065531635,2.6303735548606237,0.5248958362243139,0.08805863976764927,0,0,0,4,0.0671532900067027
WGS,tb_315#0,bo_312#0,312,315,315,2024-02-20 00:00:00,310,2,2.0,0.4394112268581834,23,1,0.4646609879690366,12,0.3846678627161399,0.11969943135315528,1.7391630900730388,0.13333332518227103,1.3358779209462197,1,0,0,0,0.0
WGS,tb_320#0,bo_317#0,317,320,320,2024-02-27 00:00:00,310,5,2.0,1.389739607348266,23,4,1.928463321096778,150,0.595283373335202,0.09431822529016354,1.394294612821048,1.103846082837861,0.5595532308200546,1,0,0,0,0.039609971028292223
WGS,tb_329_332#0,bo_323#0,323,329,332,2024-03-11 00:00:00,310,6,6.0,0.3615096005296844,23,4,1.928463321096778,156,0.6965343773217774,0.1831831797430788,2.627293042940006,1.1846154485698737,1.1237816977877964,4,0,0,0,0.07789225511543064
WGS,tb_368#0,bo_365#0,365,368,368,2024-05-06 00:00:00,364,2,1.0,8.016083926968594,34,4,37.40094028306268,302,1.4563866860554717,0.111469289313611,1.661645352924586,0.9018181887539951,0.6060450638463444,1,0,0,0,0.0678776324624901
WIMI,tb_714#0,bo_711#0,711,714,714,2025-09-23 00:00:00,706,2,5.0,0.828207540343006,45,2,2.1631194487436045,39,0.3130671353667635,0.1327433605912578,2.395652290750232,0.15061719208624602,0.10663988575096339,0,1,0,0,0.031189146331374863
WKEY,tb_627#0,bo_622#0,622,627,627,2025-05-19 00:00:00,620,2,2.0,1.367387451258419,97,1,1.367387451258419,20,0.4125890743868668,0.13484846656753752,2.1571096321641363,0.19621747516867694,0.23816785046037725,0,0,0,1,0.05471697196539494
WKEY,tb_628_640#0,bo_625#0,625,628,640,2025-05-20 00:00:00,620,3,3.0,0.9544078269824924,97,2,2.131978611800106,42,0.4648470314798933,0.14285714285714285,2.1512453178766924,0.2884160247495393,0.23226683817233046,0,0,0,13,0.04580155450365039
WKSP,tb_402_408#0,bo_399#0,399,402,408,2024-06-25 00:00:00,399,1,35.0,0.6861388332881884,35,1,0.6861388332881884,12,0.6688175929140431,0.08974362422885346,1.0466236138502107,0.09999998410542799,0.10888845774659613,0,2,0,5,0.0
WLDN,tb_333_349#0,bo_330#0,330,333,349,2024-03-15 00:00:00,328,2,2.0,1.5899643705463185,49,3,7.733636681834091,150,1.197077341492457,0.03392859867640904,0.7936001543183827,0.3168765182518847,0.2273408967635668,16,0,0,1,0.0
WNC,tb_347_349#0,bo_341#0,341,347,349,2024-04-05 00:00:00,334,2,7.0,0.7265624399603451,13,2,1.0271953874687525,268,0.909060163313433,0.0501647455047648,1.5595015921822484,0.04882413405933472,0.0008937756259625637,0,3,0,0,0.03312617002937626
WNC,tb_347_349#1,bo_342#0,342,347,349,2024-04-05 00:00:00,334,3,1.0,1.59971769174505,13,3,1.59971769174505,287,0.9226699446737668,0.0501647455047648,1.5364982681624144,0.0669993626609584,0.0008937756259625637,0,3,0,0,0.03312617002937626
WOOF,tb_383#0,bo_380#0,380,383,383,2024-05-28 00:00:00,375,2,5.0,6.165814232800181,121,3,6.562250302079852,67,0.18958364544711,0.07567566696791175,1.4769204945364593,0.41176478838013275,0.2807017592781076,0,0,0,1,0.04469269576030488
WOOF,tb_388_389#0,bo_385#0,385,388,389,2024-06-04 00:00:00,375,4,3.0,3.3570638128023162,121,5,6.562250302079852,114,0.27361216976040087,0.06603767643538114,1.02334531836206,0.926470656983444,0.05146189172209581,0,0,0,2,0.03398055106173815
WOOF,tb_462#0,bo_456#0,456,462,462,2024-09-19 00:00:00,456,1,69.0,6.06509064919335,69,2,6.06509064919335,38,0.24412852651901812,0.07563854957569925,1.5770390882683005,0.3289902320604965,0.20486820771801106,0,0,0,1,0.05487804405277463
WOOF,tb_462#1,bo_457#0,457,462,462,2024-09-19 00:00:00,456,2,1.0,4.223818421387163,69,3,6.06509064919335,68,0.31669077394360656,0.07563854957569925,1.2156976475430676,0.4788273812949204,0.20486820771801106,0,0,0,1,0.05487804405277463
WRBY,tb_374_381#0,bo_371#0,371,374,381,2024-05-14 00:00:00,371,1,89.0,3.5863848795960886,89,1,3.5863848795960886,27,0.5390031590750664,0.04413586867834639,1.3265248899267206,0.18006437301852873,0.09543637788992818,0,0,0,8,0.0
WRBY,tb_376_396#0,bo_373#0,373,376,396,2024-05-16 00:00:00,371,2,2.0,2.823716420098038,89,3,3.5863848795960886,91,0.7012323128136817,0.04840686131284492,1.1265880756167197,0.2459807494239814,0.046874462618654605,0,6,0,15,0.0
WRLGF,tb_464#0,bo_458#0,458,464,464,2024-09-23 00:00:00,458,1,105.0,3.3544874859820397,105,1,3.3544874859820397,16,0.03265383829274973,0.06633280717768512,1.3183746040779356,0.049486606659851606,0.0491802798135097,0,1,0,0,0.026181321441838656
WRLGF,tb_706_708#0,bo_703#0,703,706,708,2025-09-11 00:00:00,698,2,5.0,1.1013619995319919,62,4,2.0655438989970922,597,0.03397340923615463,0.0922353101552147,2.3076876178667423,0.12656005483776678,0.033541730117486436,0,3,0,0,0.01750301415409413
WSTRF,tb_150#0,bo_147#0,147,150,150,2025-03-24 00:00:00,147,1,38.0,0.1199691892932794,38,1,0.1199691892932794,10,0.046710647961254695,0.11836734122904288,2.483373742928143,0.07915567427556369,0.01123594452133525,0,1,0,0,0.09183676696627935
WTER,tb_453#0,bo_450#0,450,453,453,2024-09-06 00:00:00,442,3,6.0,2.642989967457973,313,4,46.65287901660557,97,0.24183893942416337,0.2777777851363761,2.0674917000154625,112.6363642521141,0.13342231749069122,0,1,0,0,0.05663941732839451
WTF,tb_113_116#0,bo_110#0,110,113,116,2025-09-12 00:00:00,109,2,1.0,3.430158846350926,0,2,4.315727919161677,30,0.47688041867804515,0.09859152375599396,1.4678728290115126,0.3303371528169934,0.11976113537052391,0,0,0,4,0.02816898759880855
WTI,tb_643_644#0,bo_640#0,640,643,644,2025-06-11 00:00:00,637,2,3.0,0.7953350887624225,165,2,1.3148316404713796,50,0.0796442759210332,0.052631592156154205,1.2349135330329528,0.0700636632890217,0.30752800709029504,2,0,0,0,0.0
WTI,tb_644#0,bo_641#0,641,644,644,2025-06-12 00:00:00,637,3,1.0,0.6718086536487196,165,2,1.3148316404713796,51,0.0795756146898442,0.05641026236680196,1.3595767188500156,0.09554140815799528,0.2835052179671482,1,0,0,0,0.0
WTIU,tb_271_272#0,bo_266#0,266,271,272,2024-03-15 00:00:00,265,2,1.0,0.5361702127659574,14,1,0.5361702127659574,44,0.5355570959298138,0.016525041379918986,0.6535258035598785,0.04100072299788193,0.29592257311429315,2,0,0,0,0.0003160996081510293
WTIU,tb_271_272#1,bo_267#0,267,271,272,2024-03-15 00:00:00,265,3,1.0,0.1052924791086351,14,2,0.5361702127659574,86,0.5139458606230944,0.016525041379918986,0.6810063243731457,0.07206184087842082,0.29592257311429315,2,0,0,0,0.0003160996081510293
WTIU,tb_272_276#0,bo_269#0,269,272,276,2024-03-18 00:00:00,265,4,2.0,1.3259170174383643,14,2,1.3259170174383643,88,0.4919839042183525,0.004579797954328097,0.1971611697834364,0.13073917269739388,0.2574444486029253,5,0,0,0,0.0
WTIU,tb_281#0,bo_277#0,277,281,281,2024-04-01 00:00:00,265,5,8.0,2.5967025998731765,14,3,6.397523219814241,107,0.4830905854553445,0.04663902620435808,2.3266869261320053,0.26396338132063013,0.1387647673758725,0,1,0,0,0.020910611730436703
WTIU,tb_284_289#0,bo_281#0,281,284,289,2024-04-04 00:00:00,265,7,1.0,2.584423305588585,14,5,6.397523219814241,136,0.5403788443817408,0.017840020834847176,0.8605076927463869,0.352402976958859,0.04171044967655402,0,6,0,0,0.0
WULF,tb_398_400#0,bo_395#0,395,398,400,2024-06-18 00:00:00,388,4,5.0,2.0416485435828617,74,5,3.2015872982707143,227,0.3362440340086203,0.0929203712535975,1.2490930211810918,0.9853659835760997,0.4714701489974349,0,2,0,1,0.03685505873239349
WULF,tb_499#0,bo_496#0,496,499,499,2024-11-11 00:00:00,484,4,7.0,2.1498236405785187,19,3,4.539803676546428,72,0.5574306527093286,0.08771932026025689,1.435156439364346,0.4637405365109859,0.05442182681619823,0,1,0,0,0.0
WVE,tb_427#0,bo_424#0,424,427,427,2024-07-31 00:00:00,421,2,3.0,0.4752111477426322,41,2,1.0314634561296183,29,0.3600991502048273,0.06559770806764664,1.2496566177574457,0.05663436750674111,0.5007564108806879,0,1,0,0,0.0030627841169856037
WWR,tb_724_725#0,bo_721#0,721,724,725,2025-10-07 00:00:00,715,2,6.0,2.5669478565136536,48,3,10.918036208289996,161,0.09374712337309231,0.12500002793967682,2.1333993032272676,0.4814815359896156,1.509736760782072,2,0,0,0,0.0
WWW,tb_322_323#0,bo_317#0,317,322,323,2024-02-29 00:00:00,316,2,1.0,1.2156816347434853,45,2,1.655266769066513,45,0.4638781759103066,0.048449720414474644,1.0143383212151975,0.11038274933331027,0.12612619892427113,0,0,0,2,0.027558912569321446
WWW,tb_373_377#0,bo_370#0,370,373,377,2024-05-13 00:00:00,368,2,2.0,2.5653494936078363,31,1,2.5653494936078363,28,0.44418254883635466,0.04184398132097001,1.26117012914662,0.18511656597977444,0.03215809997350392,0,0,0,5,0.0
WWW,tb_468_480#0,bo_465#0,465,468,480,2024-09-27 00:00:00,463,2,2.0,1.405586383772441,36,1,5.647745132629823,38,0.5535255658113659,0.03642569156315756,1.1059845786619933,0.05924958126547719,0.4193588213432732,13,0,0,0,0.00062149514381788
WWW,tb_672_677#0,bo_669#0,669,672,677,2025-07-24 00:00:00,667,2,2.0,1.0665159930271213,26,1,1.117611096121071,12,0.7157437098505263,0.019658080853487938,0.6290856676004181,0.07241896352009802,0.4141731229509647,6,0,0,0,0.005565232681730285
WYY,tb_405#0,bo_402#0,402,405,405,2024-06-28 00:00:00,387,3,8.0,18.12669351885756,96,4,18.12669351885756,101,0.17187264464731491,0.13443389754568302,3.3164073084106325,0.43866163689152526,0.0859188851069419,0,1,0,0,0.09302323145774914
WYY,tb_695_702#0,bo_690#0,690,695,702,2025-08-26 00:00:00,682,2,8.0,1.7820922117454896,61,2,2.4186927513287344,53,0.2973980595626657,0.07575755699184691,1.1768735315464247,0.20648968319235572,0.48399190282725313,7,0,0,1,0.04810127972830664
WYY,tb_737_740#0,bo_734#0,734,737,740,2025-10-24 00:00:00,726,2,8.0,2.1077970830170876,36,4,2.1077970830170876,216,0.3130271125146667,0.05637977010505416,1.213951195955766,0.11578953444462603,0.06622478812855981,0,3,0,1,0.0031446510230593496
XERS,tb_289_293#0,bo_284#0,284,289,293,2024-01-11 00:00:00,278,3,5.0,4.0576151929595685,32,2,4.0576151929595685,85,0.14118524575574617,0.096026478041254,2.0540387226773977,0.2105263518134357,0.21475433687751289,0,0,0,5,0.031620523561551435
XERS,tb_445_446#0,bo_442#0,442,445,446,2024-08-26 00:00:00,439,2,3.0,1.0936810990235748,15,1,1.3413931253559224,17,0.1599848526903906,0.037415010671258575,0.6875659268023403,0.08396948023655493,0.07959762233608614,0,0,0,2,0.01408449403588351
XERS,tb_685_693#0,bo_682#0,682,685,693,2025-08-12 00:00:00,679,2,3.0,4.750628791460589,18,2,4.750628791460589,92,0.2527604669201728,0.0670171116864765,2.017721501689206,0.22676575543501287,0.19112583648018072,0,0,0,9,0.0
XGN,tb_509#0,bo_506#0,506,509,509,2024-11-25 00:00:00,504,3,1.0,26.618794520547944,70,5,26.618794520547944,382,0.24893883554882754,0.16770185415614433,3.253811085738229,0.4093959001285381,0.5358023450026173,1,0,0,0,0.06666660611591367
XGN,tb_523#0,bo_520#0,520,523,523,2024-12-16 00:00:00,520,1,14.0,9.092804902154576,14,1,9.092804902154576,13,0.37015653221561884,0.06028939110116039,1.0130849177654382,0.20921979859435624,0.019999980926513672,0,1,0,0,0.0
XGN,tb_611_615#0,bo_608#0,608,611,615,2025-04-25 00:00:00,608,1,18.0,0.8248703974478266,18,1,0.8248703974478266,13,0.47600884266906635,0.08475118399890641,1.1092228349563806,0.0925508668480084,0.24041535725277274,0,0,0,5,0.0
XGN,tb_612_615#0,bo_609#0,609,612,615,2025-04-28 00:00:00,608,2,1.0,1.7263762024088594,18,2,1.7263762024088594,53,0.47665107772944765,0.1326378332974462,1.8671936518535879,0.2911963909345825,0.23047089703176132,0,0,0,4,0.0
XGN,tb_613_614#0,bo_610#0,610,613,614,2025-04-29 00:00:00,608,3,1.0,1.0270603684985475,18,2,1.7263762024088594,54,0.50889028455571,0.12714283806937082,1.7489032380773706,0.3205417903653702,0.215803320721207,0,0,0,2,0.0
XGN,tb_686#0,bo_683#0,683,686,686,2025-08-13 00:00:00,675,2,8.0,0.5075050709939147,28,2,7.517604306864065,27,0.4574382680904558,0.032820481520432696,0.6995472769692732,0.24492557178357677,0.16597720057634668,0,0,0,1,0.0
XIFR,tb_695_703#0,bo_689#0,689,695,703,2025-08-26 00:00:00,683,2,6.0,0.9927035552024822,61,3,2.500947522969107,100,0.43042529573771826,0.040592185281335284,0.9873959429044319,0.13033717424787783,0.11119338427243203,0,0,0,9,0.025590574093173984
XLO,tb_494#0,bo_491#0,491,494,494,2024-11-04 00:00:00,485,2,6.0,22.985879306212404,143,5,22.985879306212404,120,1.294037200400506,0.14285714285714285,2.3801478989574574,0.693448697105431,0.006944414221630613,0,1,0,0,0.07299267967959726
XMAX,tb_612_622#0,bo_609#0,609,612,622,2025-04-28 00:00:00,607,2,2.0,0.11691439541580617,269,2,0.2697592092811328,26,0.07844995136615128,0.13888891648363075,1.9120475303125202,0.23880591438193322,0.9670749166730302,11,0,0,0,0.02803746647517422
XMAX,tb_630_631#0,bo_627#0,627,630,631,2025-05-22 00:00:00,624,2,3.0,0.03161505364693672,15,2,0.052153657749828004,128,0.10016394270496666,0.07784431052236156,1.2978721855482864,0.11926604701898591,1.3784222098002703,0,2,0,0,0.031446585204987866
XMAX,tb_706_726#0,bo_703#0,703,706,726,2025-09-11 00:00:00,702,2,1.0,8.288880886749727,39,4,69.42820157681653,365,0.4421534425902095,0.20404722987757185,2.7366066202234864,0.782771570362232,0.1569897408411466,0,0,0,21,0.0
XMTR,tb_440_455#0,bo_435#0,435,440,455,2024-08-19 00:00:00,435,1,172.0,1.4419070472084676,172,1,1.4419070472084676,13,1.2885051168999897,0.046965765760687846,0.6907239135676244,0.013092211501644524,0.16248507631774395,3,0,0,13,0.05863012026434075
XMTR,tb_439_455#0,bo_436#0,436,439,455,2024-08-16 00:00:00,435,2,1.0,1.391664233391309,172,1,1.4419070472084676,14,1.2864689853505276,0.05387301158528936,0.7812089366782512,0.13778048368646245,0.16119066768115653,3,0,0,14,0.05863012026434075
XNCR,tb_713_716#0,bo_710#0,710,713,716,2025-09-22 00:00:00,710,1,39.0,2.206701485104264,39,2,2.206701485104264,17,0.4395241843594513,0.0690454020568077,1.6950145454335384,0.07308586111426107,0.5835512742535085,4,0,0,0,0.0
XNCR,tb_719_725#0,bo_712#0,712,719,725,2025-09-30 00:00:00,710,2,2.0,5.785137417096988,39,4,5.785137417096988,70,0.5120132280002975,0.04842103656969572,1.1230174882606796,0.19373551026278601,0.503574230265223,7,0,0,0,0.01337157017690157
XNCR,tb_719_725#1,bo_715#0,715,719,725,2025-09-30 00:00:00,710,3,3.0,1.4199886460403066,39,4,5.785137417096988,73,0.5181162691993257,0.04842103656969572,1.1097891408693195,0.21461721647688137,0.503574230265223,7,0,0,0,0.01337157017690157
XNCR,tb_727_728#0,bo_720#0,720,727,728,2025-10-10 00:00:00,710,4,5.0,1.0060505039899201,39,5,5.785137417096988,104,0.5566316255261001,0.05479453943809714,1.293495076475938,0.3723898005526223,0.3866037574072061,2,0,0,0,0.004230054006045424
XNET,tb_721_726#0,bo_718#0,718,721,726,2025-10-02 00:00:00,718,1,29.0,1.736748200706678,29,1,1.736748200706678,29,0.48829393231721463,0.055697482524714965,1.161186636926661,0.09144887139101665,0.04328304716912688,0,6,0,0,0.0
XP,tb_623_637#0,bo_620#0,620,623,637,2025-05-13 00:00:00,611,3,8.0,1.6507784398984902,337,2,1.6507784398984902,27,0.49774518896911946,0.027280034084356246,1.0014369670970884,0.13046271812478882,0.09013626247872307,0,6,0,9,0.0
XPEV,tb_550_557#0,bo_545#0,545,550,557,2025-01-28 00:00:00,543,2,2.0,1.3430803144338346,44,2,1.3430803144338346,27,0.7159008180092882,0.042098422033385645,0.9079464671345581,0.14942527055666877,0.7149091803401801,8,0,0,0,0.03133335113525391
XPOF,tb_418#0,bo_415#0,415,418,418,2024-07-18 00:00:00,410,2,5.0,0.6335018297981714,13,2,0.8995419588328433,73,0.9151533679493884,0.04010555136061892,0.8304621449241795,0.08318034686679798,0.01766308530855354,0,1,0,0,0.0005431954896643667
XPOF,tb_557_565#0,bo_551#0,551,557,565,2025-02-06 00:00:00,546,2,5.0,0.7672488379054994,48,3,1.9695681900446422,52,0.8155771046170418,0.028169014084507043,0.6130628203875064,0.06089135560401293,0.05388847858883134,0,9,0,0,0.0340646745371596
XPOF,tb_557_565#1,bo_552#0,552,557,565,2025-02-06 00:00:00,546,3,1.0,0.9317495279020525,48,3,1.9695681900446422,53,0.8180359101065192,0.028169014084507043,0.6112201112722464,0.08725670828749554,0.05388847858883134,0,9,0,0,0.0340646745371596
XPRO,tb_379_380#0,bo_376#0,376,379,380,2024-05-21 00:00:00,374,2,2.0,1.3783544144140751,58,2,2.219519855792866,76,0.6885802533409869,0.023809572957859237,0.798746611946215,0.07135780536575531,0.07375586980550675,0,1,0,1,0.0
XTNT,tb_626_646#0,bo_623#0,623,626,646,2025-05-16 00:00:00,623,1,207.0,3.540848927430397,207,2,3.540848927430397,36,0.0494402706158567,0.11267603623727451,1.61811378283681,0.15384624201870856,0.1462691354379342,0,0,0,21,0.0
XTNT,tb_734_739#0,bo_727#0,727,734,739,2025-10-21 00:00:00,723,2,4.0,4.485608665749656,96,3,5.756811989100817,41,0.04515876481269735,0.1190475801897145,2.2144087565720136,0.10769239233796024,0.17144386017977878,0,5,0,1,0.07792208294861243
XTNT,tb_734_739#1,bo_728#0,728,734,739,2025-10-21 00:00:00,723,3,1.0,7.75362484301861,96,4,7.75362484301861,73,0.04621885321066081,0.1190475801897145,2.163618464989244,0.23076929425347004,0.17144386017977878,0,5,0,1,0.07792208294861243
XTRAF,tb_713_726#0,bo_706#0,706,713,726,2025-09-22 00:00:00,706,1,25.0,0.8673544751105,25,1,0.8673544751105,19,0.030063160097380918,0.11964285961371295,2.2286413488104015,0.05365857310695099,0.3546493970373644,8,0,0,6,0.08383232891771168
XTRAF,tb_713_726#1,bo_707#0,707,713,726,2025-09-22 00:00:00,706,2,1.0,4.5881187598725806,25,1,4.5881187598725806,20,0.029701506230458315,0.11964285961371295,2.255777910691373,0.20000004361315504,0.3546493970373644,8,0,0,6,0.08383232891771168
YALA,tb_608#0,bo_602#0,602,608,608,2025-04-22 00:00:00,602,1,18.0,3.2084697981827404,18,1,3.2084697981827404,11,0.33817028782449476,0.08391606945870046,1.7742537598216175,0.09107802243403551,0.17090396203190816,0,0,0,1,0.018292665641127553
YALA,tb_608_610#0,bo_603#0,603,608,610,2025-04-22 00:00:00,602,2,1.0,5.902336748841771,18,1,5.902336748841771,12,0.3536581121469325,0.08391606945870046,1.6965534905736575,0.128252796011727,0.1242543734323988,0,0,0,3,0.018292665641127553
YALA,tb_609_612#0,bo_606#0,606,609,612,2025-04-23 00:00:00,602,3,3.0,2.4316660891238624,18,2,5.902336748841771,352,0.3760411225671575,0.05692109393722837,1.1700849476691981,0.21933081844576252,0.07563417520397109,0,0,0,4,0.018292665641127553
YARIY,tb_628_643#0,bo_625#0,625,628,643,2025-05-20 00:00:00,625,1,13.0,0.6216101694915254,13,1,0.6216101694915254,12,0.32887357050607596,0.005599125310878657,0.28802867822387196,0.02318665885579696,0.11719298092563175,16,0,0,0,0.0
YBGJ,tb_397_399#0,bo_394#0,394,397,399,2024-06-17 00:00:00,394,1,57.0,3.244711861604431,57,1,3.244711861604431,14,0.09980702213796544,0.05454550971669479,0.6011607270066746,0.08836209000609929,0.2495378190406429,0,3,0,0,0.0
YCBD,tb_780#0,bo_774#0,774,780,780,2025-12-26 00:00:00,771,2,3.0,14.940019196850669,53,4,76.29841603429438,163,0.18497602363707408,0.38281246944097735,5.2979833850627704,2.597464412672722,0.06428574013466815,0,1,0,0,0.21761656398917037
YEXT,tb_459_464#0,bo_454#0,454,459,464,2024-09-16 00:00:00,453,2,1.0,1.8909271075019334,29,3,3.2264312030657325,117,0.2727884794700169,0.016654070128198806,0.40324332511444927,0.1474820467806417,0.24594518693286374,6,0,0,0,0.007633616683796404
YOU,tb_438_439#0,bo_435#0,435,438,439,2024-08-15 00:00:00,431,2,4.0,1.1753141589946914,171,3,4.617573896136831,335,1.083252681494476,0.04387187531358851,1.1113833828814832,0.3430920190927018,0.22601171220339433,2,0,0,0,0.0
YOU,tb_439#0,bo_436#0,436,439,439,2024-08-16 00:00:00,431,3,1.0,1.4122240542790054,171,5,4.617573896136831,336,1.0679838930433792,0.03760422200903806,0.9662274649940981,0.37442232068295733,0.24177909853554835,1,0,0,0,0.0031732476960484543
YQ,tb_475_480#0,bo_468#0,468,475,480,2024-10-08 00:00:00,468,1,51.0,4.634281748785566,51,1,4.634281748785566,51,0.12631973687952994,0.07210031816547743,1.8207765845240431,0.07172999346109354,0.024882265214364502,0,6,0,0,0.09228191060647446
YQ,tb_709#0,bo_704#0,704,709,709,2025-09-16 00:00:00,701,2,3.0,1.6735498599149112,115,4,3.874775820234202,84,0.15563136239311978,0.08814588608374652,1.863377389966534,0.30731713614387357,1.0873786370311591,1,0,0,0,0.0190298943974749
YQ,tb_713_719#0,bo_710#0,710,713,719,2025-09-22 00:00:00,701,4,2.0,1.1141275167785236,115,7,3.874775820234202,381,0.17920880494214492,0.12325585727887454,2.9574451432754816,0.7317073340929388,0.5959834264193619,7,0,0,0,0.0
YQ,tb_714_715#0,bo_711#0,711,714,715,2025-09-23 00:00:00,701,5,1.0,1.2893267196226021,115,8,3.874775820234202,420,0.1992653215996326,0.11627912005583652,2.5092185353916645,0.8243902909904641,0.5656168976194736,2,0,0,0,0.0
YSG,tb_369_379#0,bo_362#0,362,369,379,2024-05-07 00:00:00,353,3,2.0,1.3837208667244567,191,4,1.8678524876417204,111,0.3236720457523371,0.10860659782362928,1.6374605615892077,0.6079734777151895,0.04643964418486312,0,11,0,0,0.07231412612303029
YSG,tb_503#0,bo_499#0,499,503,503,2024-11-15 00:00:00,493,2,6.0,0.9442286180729813,15,2,1.9664404009676297,59,0.19038005267409167,0.03631963467578191,0.7878981713710008,0.052631592156154205,0.3024937036094548,1,0,0,0,0.02499997615814209
YSG,tb_509_517#0,bo_506#0,506,509,517,2024-11-25 00:00:00,493,3,7.0,2.4359253758276536,15,3,2.4359253758276536,80,0.17845237877025508,0.07051280679708978,1.849232416962659,0.1578947764684624,0.08221174641154742,0,9,0,0,0.0
YSG,tb_651_671#0,bo_644#0,644,651,671,2025-06-24 00:00:00,638,5,1.0,4.145892794307386,15,8,9.416665966227631,608,0.6293282818215857,0.048780537445866384,0.7627187745659338,0.6167247566219725,0.10933886971268725,0,0,0,21,0.030000050862630207
YSXT,tb_79_83#0,bo_76#0,76,79,83,2025-04-15 00:00:00,75,2,1.0,4.2933832316497895,0,1,4.2933832316497895,14,0.39595930771752164,0.20027036526434222,2.245180653810108,0.10714291243473673,1.2423381062761876,5,0,0,0,0.07627540356387941
YSXT,tb_81_99#0,bo_78#0,78,81,99,2025-04-17 00:00:00,75,3,2.0,1.1856510524472184,0,2,4.2933832316497895,37,0.4615516500634376,0.12761508509198619,1.3216291902121102,0.3110390281934621,1.1131036943047383,19,0,0,0,0.07627540356387941
YTRA,tb_690_710#0,bo_687#0,687,690,710,2025-08-19 00:00:00,684,2,3.0,1.190690077582687,58,2,15.438949843260188,142,0.06968917821370194,0.048275896655250526,1.0044608681915028,0.3898117377717738,0.365066432506806,21,0,0,0,0.01408449403588351
YTRA,tb_694_695#0,bo_688#0,688,694,695,2025-08-25 00:00:00,684,3,1.0,2.2036015605481136,58,2,15.438949843260188,143,0.07113994506767404,0.04081636790548634,0.8434088883784444,0.43964557744755606,0.3653308167021737,2,0,0,0,0.01408449403588351
ZCSH,tb_327_328#0,bo_324#0,324,327,328,2024-03-07 00:00:00,312,4,7.0,4.137931034482759,67,5,4.137931034482759,75,0.4868033033517489,0.09154931043637383,1.3352417514261645,1.1969696819180196,0.5156386509877915,0,0,0,2,0.08620689371678274
ZDGE,tb_649_651#0,bo_646#0,646,649,651,2025-06-20 00:00:00,643,2,3.0,11.537199874382619,32,4,81.40277214583257,118,0.19908509060761653,0.11556061538837568,2.4778286206278257,0.40684422255681074,0.22050799215867886,0,0,0,3,0.0
ZDGE,tb_650_651#0,bo_647#0,647,650,651,2025-06-23 00:00:00,643,3,1.0,1.6001938923897236,32,5,81.40277214583257,175,0.2525450652474517,0.09267734141781481,1.5665160050791578,0.4752852416758728,0.2179800256779182,0,0,0,2,0.0
ZDGE,tb_651#0,bo_648#0,648,651,651,2025-06-24 00:00:00,643,4,1.0,3.5599711068218687,32,6,81.40277214583257,201,0.25962461166017603,0.08695653875927555,1.4297382661394114,0.4866921245976028,0.2103961262356362,0,0,0,1,0.0
ZENA,tb_175_176#0,bo_172#0,172,175,176,2025-06-13 00:00:00,168,3,3.0,2.2453297019150398,129,3,83.78356328022328,62,0.6104624214448633,0.22698416855269632,2.342487031046412,0.6225165981173775,0.4072753768301419,0,2,0,0,0.015841662875575344
ZETA,tb_301#0,bo_295#0,295,301,301,2024-01-30 00:00:00,289,3,5.0,1.0106537615331581,15,3,1.541809554973822,116,0.39475030573118014,0.02758618162507237,0.7093084638720143,0.07338445431497931,0.1619718992271304,0,0,0,1,0.01003012826393113
ZETA,tb_321_324#0,bo_314#0,314,321,324,2024-02-28 00:00:00,310,3,2.0,0.8408193062345541,15,2,0.9807137862373948,131,0.37073781236149017,0.0539304590076504,1.5914190008174616,0.03403405008785443,0.23037404361903602,4,0,0,0,0.016634057911171493
ZETA,tb_418_421#0,bo_415#0,415,418,421,2024-07-18 00:00:00,415,1,53.0,2.4140324796807926,53,2,2.4140324796807926,35,0.680985659098208,0.06174366560788674,1.9031230829350507,0.0843714486971816,0.33490988790208187,4,0,0,0,0.0
ZGN,tb_324#0,bo_321#0,321,324,324,2024-03-04 00:00:00,316,2,5.0,0.7805043221925666,143,2,1.599165740464637,102,0.3733457278143368,0.027891146444348508,1.0580361700399084,0.08721808450781365,0.05168847960692813,0,1,0,0,0.011065030396659846
ZH,tb_566_567#0,bo_563#0,563,566,567,2025-02-20 00:00:00,559,3,1.0,12.779089300176981,86,4,12.779089300176981,240,0.2401609554088239,0.0954471356237282,2.4441936958038486,0.4736843009022196,0.08331435822388211,0,2,0,0,0.009398531789755334
ZIM,tb_290_293#0,bo_283#0,283,290,293,2024-01-12 00:00:00,283,1,11.0,3.4017580378191306,11,1,3.4017580378191306,74,0.5101985532506219,0.14118413093371418,2.54422924698081,0.09562113883259005,0.15000170030873589,0,2,0,2,0.0630569595798359
ZIM,tb_374#0,bo_371#0,371,374,374,2024-05-14 00:00:00,362,3,2.0,2.4151984894315413,79,3,2.620447324330078,68,0.4258341717096806,0.05757572896844616,1.6014000111718494,0.4258119240596867,0.2646102293984769,0,0,0,1,0.0
ZIM,tb_625_626#0,bo_622#0,622,625,626,2025-05-15 00:00:00,622,1,54.0,2.465373178235662,54,1,2.465373178235662,34,0.8106095236159627,0.05288209910321832,1.1427657907113928,0.1394533227510777,0.14419223729716057,0,0,0,2,0.013676175045849321
ZIM,tb_627_628#0,bo_624#0,624,627,628,2025-05-19 00:00:00,622,2,2.0,1.7617586627459627,54,1,2.465373178235662,36,0.9658090516814352,0.11009611020073942,2.196406586831699,0.28100902832052,0.04338504770163154,0,0,0,2,0.013676175045849321
ZIP,tb_461#0,bo_458#0,458,461,461,2024-09-18 00:00:00,445,3,7.0,1.2927403828906932,175,2,1.4553828144563483,24,0.4422849094206555,0.037142889840262275,0.8817853266429808,0.05037516300880274,0.10402359796533256,0,0,0,1,0.0
ZLAB,tb_470_482#0,bo_467#0,467,470,482,2024-10-01 00:00:00,456,3,4.0,2.333326894686737,210,4,2.333326894686737,94,0.9794199094051244,0.046572018253208676,1.1894785852232703,0.113300553243874,0.44293107022535566,13,0,0,0,0.0
ZLAB,tb_471_474#0,bo_468#0,468,471,474,2024-10-02 00:00:00,456,4,1.0,1.7383667329807364,210,5,2.333326894686737,148,1.0901756792080088,0.055112082289009795,1.3300598089330116,0.16403941127380262,0.4232967043637061,4,0,0,0,0.0
ZNTL,tb_462#0,bo_459#0,459,462,462,2024-09-19 00:00:00,459,1,177.0,30.15972042676222,177,1,30.15972042676222,10,0.28037520435915303,0.2261029423043699,4.386978591366053,0.13580248639671155,0.018348605792718242,0,1,0,0,0.0
ZTEK,tb_617#0,bo_612#0,612,617,617,2025-05-05 00:00:00,611,2,1.0,7.391061452513967,67,4,7.391061452513967,302,0.09651333589365808,0.07065217003986839,1.3469640648922048,0.2148760184019729,-0.005714280264718208,0,1,0,0,0.0568181956725673
ZTEK,tb_616_617#0,bo_613#0,613,616,617,2025-05-02 00:00:00,611,3,1.0,10.442215192616025,67,8,10.442215192616025,474,0.10890523911029062,0.10326089879008404,1.7446365186163535,0.45454540080723405,0.013996810135399718,0,2,0,0,0.0568181956725673
ZUMZ,tb_445_448#0,bo_438#0,438,445,448,2024-08-26 00:00:00,436,2,2.0,1.0007894925715926,20,1,1.2923975194323223,11,0.9440154605807003,0.03435374972744053,1.0698979741926535,0.0808678187854801,0.1133767693841618,0,4,0,0,0.021298551227543608
ZUMZ,tb_761_765#0,bo_758#0,758,761,765,2025-11-28 00:00:00,757,2,1.0,0.9239431332989255,20,1,0.9568234232427555,21,0.9403587212588752,0.02495200144211669,0.6912251716665181,0.09662711395990509,0.18648341432878093,2,0,0,3,0.0
ZUMZ,tb_765#0,bo_759#0,759,765,765,2025-12-04 00:00:00,757,3,1.0,1.167683235729194,20,2,1.167683235729194,250,0.9417616043455739,0.052142824445452006,1.5502852077805862,0.14402916000420407,0.16287602702781556,0,0,0,1,0.01765764940966357
ZVIA,tb_504#0,bo_499#0,499,504,504,2024-11-18 00:00:00,498,2,1.0,5.610441707400419,62,5,19.34024009051336,189,0.12273747924699682,0.24193549162391315,4.888482536246474,0.5999999006589294,1.3761904751092127,1,0,0,0,0.11961717275480131
ZVIA,tb_509#0,bo_505#0,505,509,509,2024-11-25 00:00:00,498,3,6.0,3.579478963499582,62,6,19.34024009051336,226,0.2167428417476378,0.1408395308289063,1.6563405955204324,0.8499999503294646,1.1508620321998686,1,0,0,0,0.0900901104082059
ZVIA,tb_516#0,bo_513#0,513,516,516,2024-12-05 00:00:00,498,4,8.0,5.162079089192431,62,7,19.34024009051336,226,0.23223560336773533,0.08983054258329516,1.1410830254332633,1.391666476262948,0.7821428057490554,1,0,0,0,0.05574907797633625
ZVIA,tb_521#0,bo_518#0,518,521,521,2024-12-12 00:00:00,498,5,5.0,2.6961331406270306,62,8,19.34024009051336,313,0.2803644850887352,0.14399998982747395,1.926064072209851,1.6083333250549106,0.47633124324421927,0,0,0,1,0.005882347166332156
ZVRA,tb_414_415#0,bo_411#0,411,414,415,2024-07-12 00:00:00,411,1,130.0,4.149695101960527,130,3,4.149695101960527,42,0.22493633087163728,0.07704655178233387,2.1339372666632688,0.21937643290104347,0.3987350377557496,2,0,0,0,0.04255322801970001
ZVRA,tb_643_644#0,bo_640#0,640,643,644,2025-06-11 00:00:00,638,2,2.0,2.4726971902133332,131,1,2.4726971902133332,13,0.35504267059191863,0.03534305162500851,0.9576318024564499,0.04396847219329714,0.4037337163598267,2,0,0,0,0.007559465093770076
